Date,Ticker,Open,High,Low,Close,Volume
2018-01-02,ACWI,72.51000213623047,72.7699966430664,72.33000183105469,72.7699966430664,2086500
2018-01-03,ACWI,72.86000061035156,73.20999908447266,72.8499984741211,73.13999938964844,3217400
2018-01-04,ACWI,73.56999969482422,73.79000091552734,73.54000091552734,73.6500015258789,2044200
2018-01-05,ACWI,73.93000030517578,74.18000030517578,73.79000091552734,74.12999725341797,1595400
2018-01-08,ACWI,74.12000274658203,74.25,74.02999877929688,74.19999694824219,1507800
2018-01-09,ACWI,74.31999969482422,74.44000244140625,74.1500015258789,74.29000091552734,1268200
2018-01-10,ACWI,74.12999725341797,74.26000213623047,73.9800033569336,74.12000274658203,1193300
2018-01-11,ACWI,74.2699966430664,74.63999938964844,74.2699966430664,74.62999725341797,1258800
2018-01-12,ACWI,74.77999877929688,75.25,74.76000213623047,75.19999694824219,1382000
2018-01-16,ACWI,75.62999725341797,75.72000122070312,74.91000366210938,75.06999969482422,2941000
2018-01-17,ACWI,75.33999633789062,75.80999755859375,75.1500015258789,75.66000366210938,2516000
2018-01-18,ACWI,75.62999725341797,75.72000122070312,75.43000030517578,75.55999755859375,4191900
2018-01-19,ACWI,75.80000305175781,75.94000244140625,75.62999725341797,75.91999816894531,1318800
2018-01-22,ACWI,75.91999816894531,76.47000122070312,75.91999816894531,76.47000122070312,1120900
2018-01-23,ACWI,76.5,76.72000122070312,76.41000366210938,76.70999908447266,1329200
2018-01-24,ACWI,77.0,77.12999725341797,76.44999694824219,76.77999877929688,1696000
2018-01-25,ACWI,77.02999877929688,77.06999969482422,76.55000305175781,76.70999908447266,2584800
2018-01-26,ACWI,77.05000305175781,77.54000091552734,76.94999694824219,77.54000091552734,1264300
2018-01-29,ACWI,77.12000274658203,77.19999694824219,76.83000183105469,76.87000274658203,1684500
2018-01-30,ACWI,76.41999816894531,76.51000213623047,76.01000213623047,76.12000274658203,2366700
2018-01-31,ACWI,76.47000122070312,76.55999755859375,75.91000366210938,76.19999694824219,2062100
2018-02-01,ACWI,75.95999908447266,76.41000366210938,75.91000366210938,76.1500015258789,3227600
2018-02-02,ACWI,75.5,75.58999633789062,74.45999908447266,74.48999786376953,7605600
2018-02-05,ACWI,73.77999877929688,74.37999725341797,71.3499984741211,71.52999877929688,11025900
2018-02-06,ACWI,70.91000366210938,73.1500015258789,70.55000305175781,73.05000305175781,12874700
2018-02-07,ACWI,72.4800033569336,73.36000061035156,72.19999694824219,72.19999694824219,7564700
2018-02-08,ACWI,72.36000061035156,72.36000061035156,69.83000183105469,69.83000183105469,6235400
2018-02-09,ACWI,70.4800033569336,71.05999755859375,68.5199966430664,70.63999938964844,8534600
2018-02-12,ACWI,71.16999816894531,71.98999786376953,70.80999755859375,71.62000274658203,3611200
2018-02-13,ACWI,71.36000061035156,71.87000274658203,71.20999908447266,71.75,1918000
2018-02-14,ACWI,71.30000305175781,73.0,71.30000305175781,72.97000122070312,2926300
2018-02-15,ACWI,73.5,73.79000091552734,72.80999755859375,73.79000091552734,3154100
2018-02-16,ACWI,73.58000183105469,74.36000061035156,73.58000183105469,73.87000274658203,2834200
2018-02-20,ACWI,73.29000091552734,73.75,73.01000213623047,73.25,1669700
2018-02-21,ACWI,73.44000244140625,74.12000274658203,72.91999816894531,72.93000030517578,1340900
2018-02-22,ACWI,73.16000366210938,73.69000244140625,72.94999694824219,73.08000183105469,1917500
2018-02-23,ACWI,73.5199966430664,74.01000213623047,73.37000274658203,73.98999786376953,7204000
2018-02-26,ACWI,74.30999755859375,74.79000091552734,74.08999633789062,74.77999877929688,1966200
2018-02-27,ACWI,74.48999786376953,74.69000244140625,73.63999938964844,73.63999938964844,1935800
2018-02-28,ACWI,73.9000015258789,73.91999816894531,72.79000091552734,72.79000091552734,1634100
2018-03-01,ACWI,72.70999908447266,73.08000183105469,71.4000015258789,71.87999725341797,6922700
2018-03-02,ACWI,71.41000366210938,72.31999969482422,71.16000366210938,72.20999908447266,2206600
2018-03-05,ACWI,71.80000305175781,72.91000366210938,71.70999908447266,72.77999877929688,1765600
2018-03-06,ACWI,73.26000213623047,73.30000305175781,72.79000091552734,73.16000366210938,1507900
2018-03-07,ACWI,72.6500015258789,73.16999816894531,72.4800033569336,73.11000061035156,1446000
2018-03-08,ACWI,73.31999969482422,73.4000015258789,72.98999786376953,73.37999725341797,1305800
2018-03-09,ACWI,73.68000030517578,74.33999633789062,73.5999984741211,74.33000183105469,799300
2018-03-12,ACWI,74.4000015258789,74.5999984741211,74.19999694824219,74.36000061035156,2316500
2018-03-13,ACWI,74.66000366210938,74.76000213623047,73.69000244140625,73.86000061035156,1172700
2018-03-14,ACWI,74.33000183105469,74.33000183105469,73.56999969482422,73.70999908447266,1010500
2018-03-15,ACWI,73.86000061035156,74.06999969482422,73.54000091552734,73.68000030517578,3228800
2018-03-16,ACWI,73.69000244140625,73.9000015258789,73.62999725341797,73.6500015258789,1073900
2018-03-19,ACWI,73.41000366210938,73.41000366210938,72.38999938964844,72.87000274658203,2320600
2018-03-20,ACWI,72.94000244140625,73.13999938964844,72.83999633789062,72.97000122070312,1032500
2018-03-21,ACWI,72.97000122070312,73.55999755859375,72.87000274658203,73.04000091552734,1674100
2018-03-22,ACWI,72.27999877929688,72.44999694824219,71.2699966430664,71.30999755859375,3784500
2018-03-23,ACWI,71.41999816894531,71.61000061035156,70.05000305175781,70.08999633789062,1654800
2018-03-26,ACWI,71.18000030517578,71.80999755859375,70.48999786376953,71.7300033569336,3064200
2018-03-27,ACWI,72.0199966430664,72.13999938964844,70.4000015258789,70.69999694824219,2931100
2018-03-28,ACWI,70.88999938964844,71.33000183105469,70.41999816894531,70.75,3097300
2018-03-29,ACWI,71.08999633789062,72.01000213623047,70.97000122070312,71.69999694824219,3126800
2018-04-02,ACWI,71.38999938964844,71.52999877929688,69.66999816894531,70.26000213623047,3336500
2018-04-03,ACWI,70.73999786376953,71.08000183105469,70.22000122070312,71.01000213623047,4289400
2018-04-04,ACWI,69.91999816894531,71.5999984741211,69.83000183105469,71.51000213623047,2327400
2018-04-05,ACWI,71.79000091552734,72.2300033569336,71.73999786376953,72.0199966430664,1838000
2018-04-06,ACWI,71.61000061035156,71.94999694824219,70.44000244140625,70.81999969482422,2829000
2018-04-09,ACWI,71.37999725341797,72.01000213623047,71.1500015258789,71.19000244140625,1103200
2018-04-10,ACWI,72.04000091552734,72.45999908447266,71.81999969482422,72.30000305175781,2217900
2018-04-11,ACWI,71.91000366210938,72.41999816894531,71.91000366210938,71.9800033569336,1176700
2018-04-12,ACWI,72.25,72.61000061035156,72.19000244140625,72.37999725341797,903000
2018-04-13,ACWI,72.66000366210938,72.7300033569336,71.9800033569336,72.22000122070312,1387300
2018-04-16,ACWI,72.45999908447266,72.69999694824219,72.31999969482422,72.56999969482422,1998600
2018-04-17,ACWI,72.83000183105469,73.30000305175781,72.7699966430664,73.0999984741211,865600
2018-04-18,ACWI,73.37000274658203,73.52999877929688,73.19000244140625,73.33999633789062,1449400
2018-04-19,ACWI,73.23999786376953,73.30000305175781,72.75,73.02999877929688,2655800
2018-04-20,ACWI,72.91000366210938,72.91000366210938,72.26000213623047,72.45999908447266,1393100
2018-04-23,ACWI,72.47000122070312,72.62000274658203,72.0999984741211,72.36000061035156,1485700
2018-04-24,ACWI,72.61000061035156,72.69000244140625,71.33999633789062,71.66999816894531,2147300
2018-04-25,ACWI,71.55999755859375,71.77999877929688,71.0999984741211,71.68000030517578,1268500
2018-04-26,ACWI,71.9800033569336,72.44999694824219,71.88999938964844,72.26000213623047,2000200
2018-04-27,ACWI,72.44999694824219,72.51000213623047,72.12000274658203,72.41000366210938,715700
2018-04-30,ACWI,72.5199966430664,72.66000366210938,71.97000122070312,71.98999786376953,2476500
2018-05-01,ACWI,71.88999938964844,71.94000244140625,71.36000061035156,71.91000366210938,2009500
2018-05-02,ACWI,72.08000183105469,72.22000122070312,71.5199966430664,71.61000061035156,1076500
2018-05-03,ACWI,71.44000244140625,71.79000091552734,70.73999786376953,71.62000274658203,3695400
2018-05-04,ACWI,71.18000030517578,72.41000366210938,71.1500015258789,72.22000122070312,1295400
2018-05-07,ACWI,72.2699966430664,72.55000305175781,72.16000366210938,72.33999633789062,1525700
2018-05-08,ACWI,72.22000122070312,72.38999938964844,72.01000213623047,72.37000274658203,1379300
2018-05-09,ACWI,72.45999908447266,72.9000015258789,72.37999725341797,72.79000091552734,1380200
2018-05-10,ACWI,73.08000183105469,73.5999984741211,73.08000183105469,73.52999877929688,1432300
2018-05-11,ACWI,73.66999816894531,73.81999969482422,73.51000213623047,73.69000244140625,1153400
2018-05-14,ACWI,73.87999725341797,74.0999984741211,73.70999908447266,73.80000305175781,1010400
2018-05-15,ACWI,73.2699966430664,73.30999755859375,72.93000030517578,73.16000366210938,1918900
2018-05-16,ACWI,73.27999877929688,73.5999984741211,73.23999786376953,73.48999786376953,800100
2018-05-17,ACWI,73.3499984741211,73.6500015258789,73.19999694824219,73.4000015258789,834200
2018-05-18,ACWI,73.22000122070312,73.2699966430664,73.05000305175781,73.1500015258789,1103900
2018-05-21,ACWI,73.52999877929688,73.7300033569336,73.47000122070312,73.62000274658203,1113500
2018-05-22,ACWI,73.7699966430664,73.91000366210938,73.45999908447266,73.54000091552734,1004600
2018-05-23,ACWI,72.94000244140625,73.38999938964844,72.83000183105469,73.38999938964844,1499400
2018-05-24,ACWI,73.18000030517578,73.29000091552734,72.63999938964844,73.12000274658203,1613500
2018-05-25,ACWI,72.9000015258789,73.05000305175781,72.79000091552734,72.91000366210938,1009100
2018-05-29,ACWI,72.26000213623047,72.37999725341797,71.47000122070312,71.80000305175781,2512500
2018-05-30,ACWI,72.18000030517578,72.79000091552734,72.11000061035156,72.73999786376953,2082800
2018-05-31,ACWI,72.56999969482422,72.61000061035156,72.16999816894531,72.33000183105469,2328100
2018-06-01,ACWI,72.81999969482422,73.0999984741211,72.7300033569336,73.08000183105469,2917200
2018-06-04,ACWI,73.43000030517578,73.58999633789062,73.3499984741211,73.51000213623047,2303500
2018-06-05,ACWI,73.47000122070312,73.52999877929688,73.19999694824219,73.43000030517578,3769900
2018-06-06,ACWI,73.68000030517578,74.12999725341797,73.5199966430664,74.12999725341797,3887300
2018-06-07,ACWI,74.19000244140625,74.20999908447266,73.5999984741211,73.80000305175781,1508700
2018-06-08,ACWI,73.6500015258789,74.01000213623047,73.55999755859375,73.94999694824219,1019100
2018-06-11,ACWI,74.08000183105469,74.3499984741211,74.05000305175781,74.19000244140625,1544500
2018-06-12,ACWI,74.13999938964844,74.25,73.91999816894531,74.08999633789062,1069300
2018-06-13,ACWI,74.11000061035156,74.25,73.76000213623047,73.94000244140625,2879700
2018-06-14,ACWI,74.04000091552734,74.16000366210938,73.81999969482422,73.91999816894531,2136900
2018-06-15,ACWI,73.55999755859375,73.69999694824219,73.27999877929688,73.62999725341797,1418200
2018-06-18,ACWI,73.04000091552734,73.33000183105469,72.88999938964844,73.30999755859375,3441800
2018-06-19,ACWI,71.62999725341797,72.05000305175781,71.48999786376953,72.01000213623047,3575900
2018-06-20,ACWI,72.2699966430664,72.36000061035156,72.05000305175781,72.18000030517578,1678600
2018-06-21,ACWI,72.01000213623047,72.02999877929688,71.51000213623047,71.63999938964844,2327700
2018-06-22,ACWI,72.22000122070312,72.29000091552734,71.94000244140625,72.0199966430664,1135400
2018-06-25,ACWI,71.63999938964844,71.63999938964844,70.66000366210938,71.0,4242400
2018-06-26,ACWI,71.2300033569336,71.33999633789062,70.9000015258789,71.0999984741211,1539200
2018-06-27,ACWI,71.20999908447266,71.51000213623047,70.38999938964844,70.41000366210938,2887000
2018-06-28,ACWI,70.44999694824219,70.93000030517578,70.20999908447266,70.77999877929688,2791200
2018-06-29,ACWI,71.27999877929688,71.58000183105469,71.12000274658203,71.12000274658203,1957800
2018-07-02,ACWI,70.33999633789062,70.94000244140625,70.33999633789062,70.91000366210938,3574200
2018-07-03,ACWI,71.33000183105469,71.33000183105469,70.77999877929688,70.8499984741211,1373600
2018-07-05,ACWI,71.27999877929688,71.37999725341797,70.97000122070312,71.36000061035156,2242300
2018-07-06,ACWI,71.43000030517578,72.0,71.36000061035156,71.87999725341797,6346100
2018-07-09,ACWI,72.31999969482422,72.62999725341797,72.27999877929688,72.58000183105469,2888800
2018-07-10,ACWI,72.5999984741211,72.7699966430664,72.54000091552734,72.7300033569336,1961000
2018-07-11,ACWI,72.05999755859375,72.33000183105469,71.73999786376953,71.87000274658203,2244400
2018-07-12,ACWI,72.31999969482422,72.55999755859375,72.1500015258789,72.55000305175781,1555900
2018-07-13,ACWI,72.51000213623047,72.68000030517578,72.36000061035156,72.66000366210938,1245500
2018-07-16,ACWI,72.6500015258789,72.66000366210938,72.43000030517578,72.55999755859375,776100
2018-07-17,ACWI,72.31999969482422,72.88999938964844,72.30999755859375,72.83999633789062,1153500
2018-07-18,ACWI,72.7699966430664,72.91999816894531,72.62000274658203,72.87999725341797,1080500
2018-07-19,ACWI,72.48999786376953,72.73999786376953,72.36000061035156,72.54000091552734,2698700
2018-07-20,ACWI,72.6500015258789,72.91000366210938,72.61000061035156,72.79000091552734,1718900
2018-07-23,ACWI,72.66000366210938,72.81999969482422,72.55000305175781,72.79000091552734,1973300
2018-07-24,ACWI,73.25,73.4800033569336,72.98999786376953,73.16000366210938,2234800
2018-07-25,ACWI,73.29000091552734,73.94000244140625,73.11000061035156,73.87999725341797,2238100
2018-07-26,ACWI,73.51000213623047,73.76000213623047,73.51000213623047,73.56999969482422,977300
2018-07-27,ACWI,73.75,73.80000305175781,73.12999725341797,73.3499984741211,2899500
2018-07-30,ACWI,73.5,73.5,73.01000213623047,73.11000061035156,1703700
2018-07-31,ACWI,73.3499984741211,73.5199966430664,73.16000366210938,73.30000305175781,1961400
2018-08-01,ACWI,73.2699966430664,73.41000366210938,72.97000122070312,73.13999938964844,2460800
2018-08-02,ACWI,72.51000213623047,73.13999938964844,72.44000244140625,73.0999984741211,2475500
2018-08-03,ACWI,73.0999984741211,73.38999938964844,73.05000305175781,73.37000274658203,912700
2018-08-06,ACWI,73.12999725341797,73.45999908447266,73.05999755859375,73.36000061035156,1036000
2018-08-07,ACWI,73.12999725341797,73.9000015258789,73.12999725341797,73.69999694824219,1652900
2018-08-08,ACWI,73.68000030517578,73.80000305175781,73.52999877929688,73.70999908447266,1906800
2018-08-09,ACWI,73.73999786376953,73.83000183105469,73.51000213623047,73.5199966430664,657100
2018-08-10,ACWI,72.72000122070312,72.81999969482422,72.44000244140625,72.6500015258789,2170800
2018-08-13,ACWI,72.5199966430664,72.70999908447266,72.12000274658203,72.22000122070312,1455300
2018-08-14,ACWI,72.44999694824219,72.63999938964844,72.2699966430664,72.55000305175781,1365400
2018-08-15,ACWI,71.83999633789062,71.8499984741211,71.22000122070312,71.69000244140625,2889300
2018-08-16,ACWI,72.12999725341797,72.51000213623047,72.12000274658203,72.2300033569336,1599400
2018-08-17,ACWI,72.18000030517578,72.73999786376953,72.05999755859375,72.55999755859375,1409900
2018-08-20,ACWI,72.73999786376953,72.88999938964844,72.68000030517578,72.83000183105469,1200100
2018-08-21,ACWI,73.11000061035156,73.41000366210938,73.11000061035156,73.16999816894531,1486500
2018-08-22,ACWI,73.2300033569336,73.43000030517578,73.18000030517578,73.27999877929688,1492800
2018-08-23,ACWI,73.16000366210938,73.31999969482422,72.9000015258789,72.93000030517578,2118200
2018-08-24,ACWI,73.22000122070312,73.55999755859375,73.22000122070312,73.48999786376953,1384900
2018-08-27,ACWI,73.9000015258789,74.29000091552734,73.88999938964844,74.19999694824219,3820400
2018-08-28,ACWI,74.43000030517578,74.44000244140625,74.16999816894531,74.23999786376953,4793400
2018-08-29,ACWI,74.25,74.69999694824219,74.19000244140625,74.68000030517578,1853200
2018-08-30,ACWI,74.23999786376953,74.33000183105469,73.87000274658203,74.04000091552734,1809400
2018-08-31,ACWI,73.80999755859375,74.08999633789062,73.56999969482422,73.80999755859375,2993500
2018-09-04,ACWI,73.4000015258789,73.47000122070312,73.12000274658203,73.4000015258789,2286900
2018-09-05,ACWI,73.08999633789062,73.16000366210938,72.70999908447266,73.0,1389000
2018-09-06,ACWI,72.97000122070312,73.08000183105469,72.44999694824219,72.73999786376953,1799900
2018-09-07,ACWI,72.38999938964844,72.72000122070312,72.26000213623047,72.44000244140625,1790900
2018-09-10,ACWI,72.77999877929688,72.83999633789062,72.54000091552734,72.55999755859375,1797800
2018-09-11,ACWI,72.30000305175781,72.80999755859375,72.18000030517578,72.77999877929688,1518600
2018-09-12,ACWI,72.76000213623047,73.08999633789062,72.5999984741211,72.91999816894531,1767300
2018-09-13,ACWI,73.41999816894531,73.58000183105469,73.23999786376953,73.41999816894531,2042800
2018-09-14,ACWI,73.51000213623047,73.66000366210938,73.27999877929688,73.4800033569336,3032400
2018-09-17,ACWI,73.5,73.55999755859375,73.19000244140625,73.23999786376953,1796000
2018-09-18,ACWI,73.48999786376953,73.87999725341797,73.45999908447266,73.76000213623047,2069900
2018-09-19,ACWI,73.80000305175781,74.06999969482422,73.80000305175781,73.94999694824219,1594500
2018-09-20,ACWI,74.44000244140625,74.77999877929688,74.38999938964844,74.6500015258789,1827300
2018-09-21,ACWI,74.80000305175781,74.88999938964844,74.66999816894531,74.69000244140625,1295800
2018-09-24,ACWI,74.48999786376953,74.55000305175781,74.27999877929688,74.33999633789062,931800
2018-09-25,ACWI,74.66000366210938,74.66000366210938,74.44000244140625,74.48999786376953,1031100
2018-09-26,ACWI,74.55000305175781,74.94999694824219,74.3499984741211,74.44000244140625,2505900
2018-09-27,ACWI,74.43000030517578,74.81999969482422,74.41999816894531,74.44000244140625,2164600
2018-09-28,ACWI,74.16000366210938,74.4800033569336,74.0999984741211,74.26000213623047,4742900
2018-10-01,ACWI,74.62999725341797,74.75,74.33000183105469,74.47000122070312,1648500
2018-10-02,ACWI,74.12000274658203,74.37000274658203,74.04000091552734,74.22000122070312,1416800
2018-10-03,ACWI,74.5,74.55000305175781,74.04000091552734,74.16999816894531,1080500
2018-10-04,ACWI,73.83000183105469,73.83999633789062,72.95999908447266,73.37999725341797,2369900
2018-10-05,ACWI,73.30000305175781,73.41999816894531,72.52999877929688,72.94999694824219,2577500
2018-10-08,ACWI,72.55999755859375,72.87999725341797,72.19999694824219,72.83000183105469,2684300
2018-10-09,ACWI,72.43000030517578,72.9000015258789,72.30000305175781,72.69000244140625,1526800
2018-10-10,ACWI,72.44000244140625,72.44000244140625,70.48999786376953,70.58000183105469,8818400
2018-10-11,ACWI,70.3499984741211,70.72000122070312,68.91000366210938,69.38999938964844,14971000
2018-10-12,ACWI,70.48999786376953,70.48999786376953,69.33999633789062,70.2300033569336,5689200
2018-10-15,ACWI,70.01000213623047,70.37000274658203,69.76000213623047,69.8499984741211,3722100
2018-10-16,ACWI,70.52999877929688,71.38999938964844,70.43000030517578,71.26000213623047,8686000
2018-10-17,ACWI,71.1500015258789,71.26000213623047,70.5,71.06999969482422,4446300
2018-10-18,ACWI,70.66000366210938,70.83000183105469,69.61000061035156,69.93000030517578,3787500
2018-10-19,ACWI,70.23999786376953,70.70999908447266,69.91000366210938,70.06999969482422,3358200
2018-10-22,ACWI,70.2699966430664,70.36000061035156,69.69999694824219,69.88999938964844,2020000
2018-10-23,ACWI,68.69999694824219,69.66999816894531,68.2300033569336,69.3499984741211,4222700
2018-10-24,ACWI,69.19000244140625,69.23999786376953,67.20999908447266,67.43000030517578,4995800
2018-10-25,ACWI,67.77999877929688,68.76000213623047,67.58000183105469,68.38999938964844,4275400
2018-10-26,ACWI,67.36000061035156,68.1500015258789,66.62999725341797,67.47000122070312,9071100
2018-10-29,ACWI,68.16000366210938,68.4800033569336,66.2300033569336,67.02999877929688,6536500
2018-10-30,ACWI,67.0199966430664,68.05000305175781,66.97000122070312,67.98999786376953,5115500
2018-10-31,ACWI,68.72000122070312,69.19000244140625,68.58000183105469,68.73999786376953,3397900
2018-11-01,ACWI,69.1500015258789,69.73999786376953,68.8499984741211,69.69999694824219,4500200
2018-11-02,ACWI,70.19000244140625,70.30999755859375,69.0199966430664,69.56999969482422,4146100
2018-11-05,ACWI,69.55999755859375,69.9000015258789,69.4000015258789,69.77999877929688,2073300
2018-11-06,ACWI,69.70999908447266,70.12000274658203,69.68000030517578,70.08000183105469,2304500
2018-11-07,ACWI,70.69000244140625,71.37000274658203,70.54000091552734,71.36000061035156,1902000
2018-11-08,ACWI,71.05000305175781,71.18000030517578,70.58000183105469,70.77999877929688,1668200
2018-11-09,ACWI,70.3499984741211,70.37000274658203,69.75,70.18000030517578,2925900
2018-11-12,ACWI,69.8499984741211,69.88999938964844,68.76000213623047,68.88999938964844,3088100
2018-11-13,ACWI,69.0199966430664,69.66999816894531,68.80000305175781,68.98999786376953,3785800
2018-11-14,ACWI,69.41000366210938,69.61000061035156,68.3499984741211,68.73999786376953,3351800
2018-11-15,ACWI,68.44999694824219,69.55999755859375,68.12999725341797,69.4000015258789,6045200
2018-11-16,ACWI,69.0199966430664,69.7300033569336,68.91999816894531,69.58000183105469,4191300
2018-11-19,ACWI,69.37999725341797,69.41000366210938,68.31999969482422,68.52999877929688,11799700
2018-11-20,ACWI,67.55999755859375,67.87999725341797,67.02999877929688,67.27999877929688,5946700
2018-11-21,ACWI,67.91999816894531,68.30000305175781,67.80000305175781,67.9000015258789,3029500
2018-11-23,ACWI,67.37000274658203,67.70999908447266,67.2699966430664,67.44999694824219,1215300
2018-11-26,ACWI,68.1500015258789,68.44999694824219,68.05000305175781,68.44000244140625,4068100
2018-11-27,ACWI,68.12999725341797,68.5199966430664,67.94000244140625,68.5199966430664,3520700
2018-11-28,ACWI,68.76000213623047,69.91000366210938,68.47000122070312,69.91000366210938,3695100
2018-11-29,ACWI,69.58999633789062,69.98999786376953,69.31999969482422,69.62000274658203,2948500
2018-11-30,ACWI,69.5,69.9000015258789,69.37999725341797,69.83000183105469,3109800
2018-12-03,ACWI,70.9800033569336,71.02999877929688,70.4000015258789,70.7300033569336,3838500
2018-12-04,ACWI,70.54000091552734,70.62000274658203,68.66999816894531,68.75,4112400
2018-12-06,ACWI,67.5,68.44999694824219,66.7699966430664,68.44999694824219,9554700
2018-12-07,ACWI,68.33000183105469,68.76000213623047,66.94999694824219,67.13999938964844,9034900
2018-12-10,ACWI,66.95999908447266,67.2300033569336,65.91000366210938,66.94000244140625,7898900
2018-12-11,ACWI,67.69000244140625,67.8499984741211,66.68000030517578,67.02999877929688,12914300
2018-12-12,ACWI,67.9000015258789,68.44000244140625,67.72000122070312,67.73999786376953,5630900
2018-12-13,ACWI,67.95999908447266,68.13999938964844,67.45999908447266,67.68000030517578,5521400
2018-12-14,ACWI,67.0,67.25,66.48999786376953,66.58999633789062,5837000
2018-12-17,ACWI,66.43000030517578,66.62999725341797,65.19999694824219,65.58000183105469,9241500
2018-12-18,ACWI,65.31999969482422,65.56999969482422,64.6500015258789,64.94999694824219,8860000
2018-12-19,ACWI,65.12000274658203,65.9800033569336,63.72999954223633,64.05000305175781,6191300
2018-12-20,ACWI,64.05999755859375,64.36000061035156,63.0099983215332,63.4900016784668,14400300
2018-12-21,ACWI,63.439998626708984,64.05999755859375,62.150001525878906,62.290000915527344,13965000
2018-12-24,ACWI,62.150001525878906,62.369998931884766,61.13999938964844,61.18000030517578,7077900
2018-12-26,ACWI,61.54999923706055,63.45000076293945,61.0099983215332,63.439998626708984,15493100
2018-12-27,ACWI,62.709999084472656,63.75,61.939998626708984,63.7400016784668,13249900
2018-12-28,ACWI,64.08000183105469,64.47000122070312,63.58000183105469,63.849998474121094,13396000
2018-12-31,ACWI,64.13999938964844,64.4000015258789,63.77000045776367,64.16000366210938,8905900
2019-01-02,ACWI,63.279998779296875,64.30000305175781,63.16999816894531,64.13999938964844,6642200
2019-01-03,ACWI,63.75,63.79999923706055,62.90999984741211,63.04999923706055,5111900
2019-01-04,ACWI,63.91999816894531,65.2300033569336,63.849998474121094,65.05999755859375,6289000
2019-01-07,ACWI,65.11000061035156,65.77999877929688,64.93000030517578,65.45999908447266,3630900
2019-01-08,ACWI,65.94999694824219,66.0999984741211,65.45999908447266,65.94000244140625,4535800
2019-01-09,ACWI,66.33000183105469,66.7699966430664,66.12999725341797,66.55000305175781,3461600
2019-01-10,ACWI,66.22000122070312,66.86000061035156,66.08000183105469,66.86000061035156,3110900
2019-01-11,ACWI,66.41000366210938,66.66000366210938,66.27999877929688,66.62000274658203,15803900
2019-01-14,ACWI,66.1500015258789,66.47000122070312,66.0199966430664,66.23999786376953,4467500
2019-01-15,ACWI,66.43000030517578,66.91999816894531,66.43000030517578,66.83999633789062,4393300
2019-01-16,ACWI,67.0,67.26000213623047,66.94000244140625,67.02999877929688,4148500
2019-01-17,ACWI,66.80000305175781,67.69999694824219,66.73999786376953,67.5199966430664,3570900
2019-01-18,ACWI,68.0199966430664,68.36000061035156,67.81999969482422,68.2300033569336,5224300
2019-01-22,ACWI,67.66999816894531,67.76000213623047,66.94000244140625,67.33000183105469,7538200
2019-01-23,ACWI,67.69999694824219,67.80000305175781,66.95999908447266,67.5,4049500
2019-01-24,ACWI,67.5,67.73999786376953,67.30999755859375,67.62000274658203,4520900
2019-01-25,ACWI,68.22000122070312,68.5,68.1500015258789,68.37000274658203,5303400
2019-01-28,ACWI,67.83000183105469,67.9000015258789,67.44000244140625,67.9000015258789,9778000
2019-01-29,ACWI,68.08000183105469,68.18000030517578,67.7699966430664,67.91000366210938,3944000
2019-01-30,ACWI,68.26000213623047,69.11000061035156,68.06999969482422,68.87000274658203,4186000
2019-01-31,ACWI,68.91000366210938,69.41999816894531,68.80000305175781,69.31999969482422,5528500
2019-02-01,ACWI,69.30999755859375,69.45999908447266,69.08000183105469,69.23999786376953,4794400
2019-02-04,ACWI,69.22000122070312,69.63999938964844,69.04000091552734,69.63999938964844,2342900
2019-02-05,ACWI,69.86000061035156,70.11000061035156,69.80999755859375,70.05000305175781,4445100
2019-02-06,ACWI,69.97000122070312,70.0199966430664,69.69000244140625,69.77999877929688,4517600
2019-02-07,ACWI,69.4000015258789,69.44999694824219,68.69000244140625,69.05000305175781,3067000
2019-02-08,ACWI,68.73999786376953,69.02999877929688,68.43000030517578,69.02999877929688,3991200
2019-02-11,ACWI,69.12000274658203,69.18000030517578,68.81999969482422,68.94000244140625,2323100
2019-02-12,ACWI,69.44999694824219,69.87000274658203,69.44999694824219,69.79000091552734,2141700
2019-02-13,ACWI,69.95999908447266,70.16000366210938,69.81999969482422,69.83000183105469,2355700
2019-02-14,ACWI,69.63999938964844,70.06999969482422,69.45999908447266,69.79000091552734,5637300
2019-02-15,ACWI,70.2699966430664,70.51000213623047,70.19000244140625,70.51000213623047,2482800
2019-02-19,ACWI,70.33000183105469,70.88999938964844,70.30000305175781,70.75,939000
2019-02-20,ACWI,70.79000091552734,71.13999938964844,70.76000213623047,70.94000244140625,1790300
2019-02-21,ACWI,70.87999725341797,70.87999725341797,70.5199966430664,70.7699966430664,2037700
2019-02-22,ACWI,71.0,71.2699966430664,70.93000030517578,71.19999694824219,1467400
2019-02-25,ACWI,71.62999725341797,71.75,71.37000274658203,71.37999725341797,1959700
2019-02-26,ACWI,71.29000091552734,71.63999938964844,71.27999877929688,71.43000030517578,1988300
2019-02-27,ACWI,71.29000091552734,71.41999816894531,70.98999786376953,71.27999877929688,1956700
2019-02-28,ACWI,71.16999816894531,71.26000213623047,70.95999908447266,71.02999877929688,7012700
2019-03-01,ACWI,71.48999786376953,71.58000183105469,71.12000274658203,71.41000366210938,4186600
2019-03-04,ACWI,71.69000244140625,71.70999908447266,70.66999816894531,71.19999694824219,3677900
2019-03-05,ACWI,71.26000213623047,71.38999938964844,71.05000305175781,71.20999908447266,2561500
2019-03-06,ACWI,71.29000091552734,71.29000091552734,70.83000183105469,70.86000061035156,2935400
2019-03-07,ACWI,70.70999908447266,70.70999908447266,69.95999908447266,70.12000274658203,3671300
2019-03-08,ACWI,69.56999969482422,69.9800033569336,69.5,69.94000244140625,3024800
2019-03-11,ACWI,70.16000366210938,70.91000366210938,70.16000366210938,70.87000274658203,1635700
2019-03-12,ACWI,71.0,71.22000122070312,70.97000122070312,71.13999938964844,6770500
2019-03-13,ACWI,71.3499984741211,71.72000122070312,71.30999755859375,71.55000305175781,3341200
2019-03-14,ACWI,71.5199966430664,71.61000061035156,71.37000274658203,71.4800033569336,1564200
2019-03-15,ACWI,71.80999755859375,72.19000244140625,71.77999877929688,72.05999755859375,3079900
2019-03-18,ACWI,72.16000366210938,72.45999908447266,72.12000274658203,72.45999908447266,1392000
2019-03-19,ACWI,72.72000122070312,72.87999725341797,72.29000091552734,72.5199966430664,4977800
2019-03-20,ACWI,72.36000061035156,72.83000183105469,71.94999694824219,72.33999633789062,4063800
2019-03-21,ACWI,72.08000183105469,72.88999938964844,72.04000091552734,72.8499984741211,2173200
2019-03-22,ACWI,72.23999786376953,72.3499984741211,71.33000183105469,71.33999633789062,4214500
2019-03-25,ACWI,71.27999877929688,71.55999755859375,71.0199966430664,71.33000183105469,4008400
2019-03-26,ACWI,71.79000091552734,72.06999969482422,71.51000213623047,71.81999969482422,2033200
2019-03-27,ACWI,71.81999969482422,71.94000244140625,71.08999633789062,71.48999786376953,2407800
2019-03-28,ACWI,71.55000305175781,71.76000213623047,71.30000305175781,71.69999694824219,1878100
2019-03-29,ACWI,72.11000061035156,72.16000366210938,71.7699966430664,72.1500015258789,3205800
2019-04-01,ACWI,72.76000213623047,73.06999969482422,72.68000030517578,73.02999877929688,2565200
2019-04-02,ACWI,73.02999877929688,73.05999755859375,72.7699966430664,73.0,1889700
2019-04-03,ACWI,73.41000366210938,73.63999938964844,73.18000030517578,73.33999633789062,3175500
2019-04-04,ACWI,73.30000305175781,73.47000122070312,73.19999694824219,73.44999694824219,1991000
2019-04-05,ACWI,73.56999969482422,73.75,73.48999786376953,73.7300033569336,1064000
2019-04-08,ACWI,73.66000366210938,73.81999969482422,73.4800033569336,73.81999969482422,1006600
2019-04-09,ACWI,73.61000061035156,73.61000061035156,73.33000183105469,73.43000030517578,1170200
2019-04-10,ACWI,73.55000305175781,73.73999786376953,73.45999908447266,73.73999786376953,1573000
2019-04-11,ACWI,73.68000030517578,73.69999694824219,73.41000366210938,73.51000213623047,1257600
2019-04-12,ACWI,74.01000213623047,74.13999938964844,73.9000015258789,74.02999877929688,1460400
2019-04-15,ACWI,74.08999633789062,74.08999633789062,73.77999877929688,74.0,1522800
2019-04-16,ACWI,74.25,74.2699966430664,73.98999786376953,74.08000183105469,1637000
2019-04-17,ACWI,74.43000030517578,74.44999694824219,73.9800033569336,74.11000061035156,2266500
2019-04-18,ACWI,74.0999984741211,74.19999694824219,73.8499984741211,74.12999725341797,2703600
2019-04-22,ACWI,73.83999633789062,74.12000274658203,73.83999633789062,74.12000274658203,1286500
2019-04-23,ACWI,74.11000061035156,74.56999969482422,74.02999877929688,74.5199966430664,685800
2019-04-24,ACWI,74.33999633789062,74.36000061035156,74.05999755859375,74.11000061035156,3025400
2019-04-25,ACWI,74.02999877929688,74.16999816894531,73.73999786376953,74.08999633789062,2909700
2019-04-26,ACWI,74.12999725341797,74.38999938964844,73.95999908447266,74.37000274658203,1497000
2019-04-29,ACWI,74.41000366210938,74.68000030517578,74.37999725341797,74.55000305175781,1511900
2019-04-30,ACWI,74.4800033569336,74.66999816894531,74.16000366210938,74.62000274658203,1468800
2019-05-01,ACWI,74.69999694824219,74.87000274658203,74.08000183105469,74.11000061035156,2759800
2019-05-02,ACWI,74.08999633789062,74.27999877929688,73.63999938964844,73.94000244140625,2356200
2019-05-03,ACWI,74.33999633789062,74.75,74.33000183105469,74.72000122070312,1628500
2019-05-06,ACWI,73.23999786376953,74.20999908447266,73.20999908447266,74.0999984741211,2460600
2019-05-07,ACWI,73.47000122070312,73.52999877929688,72.44999694824219,72.83999633789062,2985700
2019-05-08,ACWI,72.79000091552734,73.2300033569336,72.68000030517578,72.80000305175781,3831500
2019-05-09,ACWI,72.05000305175781,72.58000183105469,71.63999938964844,72.43000030517578,2799700
2019-05-10,ACWI,72.33999633789062,73.0,71.61000061035156,72.87999725341797,2358700
2019-05-13,ACWI,71.41999816894531,71.56999969482422,70.80000305175781,71.05000305175781,2583300
2019-05-14,ACWI,71.37000274658203,72.0,71.33999633789062,71.70999908447266,2538700
2019-05-15,ACWI,71.2699966430664,72.18000030517578,71.16999816894531,72.0,1995100
2019-05-16,ACWI,72.19000244140625,72.93000030517578,72.19000244140625,72.54000091552734,1074000
2019-05-17,ACWI,71.95999908447266,72.55999755859375,71.94000244140625,71.98999786376953,2023600
2019-05-20,ACWI,71.62000274658203,71.9000015258789,71.41000366210938,71.55000305175781,956500
2019-05-21,ACWI,72.04000091552734,72.29000091552734,71.94000244140625,72.19999694824219,742800
2019-05-22,ACWI,71.94000244140625,72.18000030517578,71.8499984741211,71.91000366210938,1598900
2019-05-23,ACWI,71.27999877929688,71.27999877929688,70.80000305175781,71.0999984741211,2381100
2019-05-24,ACWI,71.58000183105469,71.69999694824219,71.27999877929688,71.48999786376953,890300
2019-05-28,ACWI,71.55999755859375,71.7699966430664,70.87999725341797,70.87999725341797,9210400
2019-05-29,ACWI,70.55000305175781,70.68000030517578,70.13999938964844,70.47000122070312,7753600
2019-05-30,ACWI,70.63999938964844,70.87999725341797,70.5,70.77999877929688,4759900
2019-05-31,ACWI,70.01000213623047,70.3499984741211,69.86000061035156,70.08999633789062,2542200
2019-06-03,ACWI,70.18000030517578,71.77999877929688,69.88999938964844,70.22000122070312,6591200
2019-06-04,ACWI,70.66999816894531,71.36000061035156,70.5199966430664,71.36000061035156,4660300
2019-06-05,ACWI,71.66999816894531,71.68000030517578,71.19000244140625,71.61000061035156,2512200
2019-06-06,ACWI,71.69999694824219,72.11000061035156,71.52999877929688,71.98999786376953,2228900
2019-06-07,ACWI,72.29000091552734,72.98999786376953,72.29000091552734,72.75,1991900
2019-06-10,ACWI,73.06999969482422,73.44000244140625,73.05000305175781,73.05999755859375,2629300
2019-06-11,ACWI,73.61000061035156,73.73999786376953,73.08000183105469,73.2699966430664,2006600
2019-06-12,ACWI,73.0199966430664,73.13999938964844,72.83000183105469,72.8499984741211,853100
2019-06-13,ACWI,73.12000274658203,73.22000122070312,72.87999725341797,73.0999984741211,1056200
2019-06-14,ACWI,72.8499984741211,72.87999725341797,72.6500015258789,72.77999877929688,2140700
2019-06-17,ACWI,71.94999694824219,72.08999633789062,71.8499984741211,71.94000244140625,1088000
2019-06-18,ACWI,72.44000244140625,73.02999877929688,72.44000244140625,72.87000274658203,7473400
2019-06-19,ACWI,72.97000122070312,73.26000213623047,72.76000213623047,73.11000061035156,5488500
2019-06-20,ACWI,73.97000122070312,74.06999969482422,73.4800033569336,73.94000244140625,1740500
2019-06-21,ACWI,73.69999694824219,74.0,73.66000366210938,73.73999786376953,1718300
2019-06-24,ACWI,73.83000183105469,73.88999938964844,73.66000366210938,73.66000366210938,1265800
2019-06-25,ACWI,73.66999816894531,73.69999694824219,73.0199966430664,73.06999969482422,3736200
2019-06-26,ACWI,73.31999969482422,73.44000244140625,73.08000183105469,73.12000274658203,2500700
2019-06-27,ACWI,73.30999755859375,73.47000122070312,73.23999786376953,73.4000015258789,1761300
2019-06-28,ACWI,73.61000061035156,73.77999877929688,73.5,73.70999908447266,2653100
2019-07-01,ACWI,74.5,74.63999938964844,74.04000091552734,74.29000091552734,2812100
2019-07-02,ACWI,74.29000091552734,74.47000122070312,74.1500015258789,74.47000122070312,3807100
2019-07-03,ACWI,74.66000366210938,74.94000244140625,74.58000183105469,74.94000244140625,863400
2019-07-05,ACWI,74.51000213623047,74.68000030517578,74.12000274658203,74.58999633789062,2026200
2019-07-08,ACWI,74.2300033569336,74.33999633789062,74.12999725341797,74.19999694824219,2741600
2019-07-09,ACWI,73.80999755859375,74.23999786376953,73.80000305175781,74.16000366210938,1650600
2019-07-10,ACWI,74.5199966430664,74.76000213623047,74.33000183105469,74.54000091552734,3731800
2019-07-11,ACWI,74.70999908447266,74.7300033569336,74.38999938964844,74.62999725341797,2890000
2019-07-12,ACWI,74.69999694824219,74.8499984741211,74.58000183105469,74.8499984741211,792200
2019-07-15,ACWI,74.98999786376953,74.98999786376953,74.80999755859375,74.91000366210938,1982800
2019-07-16,ACWI,74.86000061035156,74.93000030517578,74.58000183105469,74.62999725341797,1942500
2019-07-17,ACWI,74.6500015258789,74.72000122070312,74.30000305175781,74.30000305175781,1337900
2019-07-18,ACWI,74.16000366210938,74.6500015258789,74.05000305175781,74.6500015258789,1258100
2019-07-19,ACWI,74.7699966430664,74.80999755859375,74.22000122070312,74.22000122070312,2375600
2019-07-22,ACWI,74.38999938964844,74.4800033569336,74.23999786376953,74.4000015258789,1644700
2019-07-23,ACWI,74.73999786376953,74.83999633789062,74.51000213623047,74.80999755859375,1554300
2019-07-24,ACWI,74.62999725341797,75.05999755859375,74.62999725341797,75.05000305175781,1270300
2019-07-25,ACWI,74.94999694824219,74.94999694824219,74.4000015258789,74.48999786376953,2079000
2019-07-26,ACWI,74.77999877929688,74.94999694824219,74.72000122070312,74.86000061035156,1554300
2019-07-29,ACWI,74.91999816894531,74.94000244140625,74.66999816894531,74.80999755859375,1187600
2019-07-30,ACWI,74.31999969482422,74.5,74.19000244140625,74.44999694824219,1605000
2019-07-31,ACWI,74.47000122070312,74.5199966430664,73.12999725341797,73.76000213623047,3977300
2019-08-01,ACWI,73.7300033569336,74.47000122070312,72.9000015258789,73.16000366210938,4611300
2019-08-02,ACWI,72.87000274658203,72.88999938964844,72.13999938964844,72.51000213623047,3615500
2019-08-05,ACWI,71.31999969482422,71.31999969482422,69.91999816894531,70.37000274658203,6066100
2019-08-06,ACWI,70.95999908447266,71.2300033569336,70.5,71.16999816894531,13946200
2019-08-07,ACWI,70.54000091552734,71.52999877929688,70.1500015258789,71.41999816894531,4399700
2019-08-08,ACWI,71.75,72.55000305175781,71.6500015258789,72.47000122070312,4058700
2019-08-09,ACWI,72.2699966430664,72.38999938964844,71.66999816894531,71.9800033569336,2800800
2019-08-12,ACWI,71.61000061035156,71.73999786376953,71.02999877929688,71.16999816894531,2750800
2019-08-13,ACWI,71.05999755859375,72.47000122070312,70.9800033569336,72.20999908447266,2796600
2019-08-14,ACWI,70.97000122070312,71.06999969482422,70.04000091552734,70.1500015258789,4146700
2019-08-15,ACWI,70.33000183105469,70.47000122070312,69.81999969482422,70.27999877929688,3528000
2019-08-16,ACWI,70.68000030517578,71.31999969482422,70.68000030517578,71.23999786376953,2233300
2019-08-19,ACWI,71.95999908447266,72.05999755859375,71.7699966430664,71.83999633789062,1769200
2019-08-20,ACWI,71.77999877929688,71.91000366210938,71.45999908447266,71.45999908447266,1591000
2019-08-21,ACWI,72.12000274658203,72.22000122070312,71.93000030517578,72.05000305175781,1109900
2019-08-22,ACWI,72.13999938964844,72.2699966430664,71.55999755859375,71.94000244140625,1921100
2019-08-23,ACWI,71.5999984741211,72.0999984741211,70.25,70.44000244140625,3962000
2019-08-26,ACWI,71.05999755859375,71.13999938964844,70.68000030517578,71.08999633789062,2992200
2019-08-27,ACWI,71.44000244140625,71.56999969482422,70.80000305175781,70.9000015258789,2974100
2019-08-28,ACWI,70.7300033569336,71.27999877929688,70.58000183105469,71.19000244140625,10657100
2019-08-29,ACWI,71.87999725341797,72.12999725341797,71.62000274658203,71.98999786376953,3962800
2019-08-30,ACWI,72.47000122070312,72.47000122070312,71.87000274658203,72.12999725341797,3108500
2019-09-03,ACWI,71.6500015258789,71.86000061035156,71.44000244140625,71.73999786376953,2548800
2019-09-04,ACWI,72.47000122070312,72.69999694824219,72.33000183105469,72.69999694824219,1090700
2019-09-05,ACWI,73.33000183105469,73.69999694824219,73.33000183105469,73.48999786376953,1436300
2019-09-06,ACWI,73.66000366210938,73.76000213623047,73.51000213623047,73.58999633789062,1332700
2019-09-09,ACWI,73.86000061035156,73.86000061035156,73.4800033569336,73.68000030517578,3275500
2019-09-10,ACWI,73.5,73.72000122070312,73.2699966430664,73.69000244140625,2504900
2019-09-11,ACWI,73.8499984741211,74.26000213623047,73.76000213623047,74.26000213623047,1433500
2019-09-12,ACWI,74.45999908447266,74.76000213623047,74.23999786376953,74.58000183105469,1732400
2019-09-13,ACWI,74.80999755859375,74.91999816894531,74.5999984741211,74.66000366210938,2169800
2019-09-16,ACWI,74.30999755859375,74.45999908447266,74.22000122070312,74.3499984741211,1620300
2019-09-17,ACWI,74.19000244140625,74.52999877929688,74.12999725341797,74.47000122070312,1054000
2019-09-18,ACWI,74.37999725341797,74.48999786376953,73.8499984741211,74.43000030517578,1051100
2019-09-19,ACWI,74.63999938964844,74.83999633789062,74.43000030517578,74.51000213623047,1109300
2019-09-20,ACWI,74.63999938964844,74.73999786376953,74.06999969482422,74.2300033569336,1625400
2019-09-23,ACWI,74.01000213623047,74.30000305175781,73.94000244140625,74.12999725341797,928500
2019-09-24,ACWI,74.37000274658203,74.44000244140625,73.47000122070312,73.69000244140625,4060600
2019-09-25,ACWI,73.45999908447266,73.9800033569336,73.16000366210938,73.88999938964844,6669400
2019-09-26,ACWI,74.0199966430664,74.0199966430664,73.55999755859375,73.80999755859375,6084300
2019-09-27,ACWI,73.97000122070312,73.98999786376953,73.0999984741211,73.4000015258789,1993900
2019-09-30,ACWI,73.56999969482422,73.87000274658203,73.54000091552734,73.75,1487900
2019-10-01,ACWI,73.81999969482422,73.87000274658203,72.87000274658203,72.9000015258789,2298600
2019-10-02,ACWI,72.36000061035156,72.37000274658203,71.37999725341797,71.68000030517578,2518000
2019-10-03,ACWI,71.69000244140625,72.27999877929688,71.12000274658203,72.27999877929688,7861100
2019-10-04,ACWI,72.37999725341797,73.06999969482422,72.36000061035156,73.04000091552734,2933400
2019-10-07,ACWI,72.83999633789062,73.19999694824219,72.72000122070312,72.75,2268500
2019-10-08,ACWI,72.3499984741211,72.44999694824219,71.79000091552734,71.79000091552734,2588000
2019-10-09,ACWI,72.37999725341797,72.6500015258789,72.19999694824219,72.41000366210938,1536500
2019-10-10,ACWI,72.44000244140625,73.12999725341797,72.41999816894531,72.9800033569336,2962500
2019-10-11,ACWI,73.87999725341797,74.44999694824219,73.8499984741211,73.97000122070312,4277500
2019-10-14,ACWI,73.75,73.94000244140625,73.72000122070312,73.7699966430664,1201900
2019-10-15,ACWI,74.05000305175781,74.69999694824219,74.02999877929688,74.51000213623047,2847400
2019-10-16,ACWI,74.41000366210938,74.63999938964844,74.31999969482422,74.52999877929688,2983200
2019-10-17,ACWI,74.87000274658203,74.95999908447266,74.56999969482422,74.70999908447266,1954200
2019-10-18,ACWI,74.62999725341797,74.73999786376953,74.2300033569336,74.45999908447266,1509800
2019-10-21,ACWI,74.91999816894531,75.0,74.80000305175781,75.0,860600
2019-10-22,ACWI,75.06999969482422,75.19999694824219,74.76000213623047,74.76000213623047,1683500
2019-10-23,ACWI,74.75,75.02999877929688,74.69000244140625,75.02999877929688,2133100
2019-10-24,ACWI,75.30999755859375,75.3499984741211,74.9800033569336,75.19999694824219,1295200
2019-10-25,ACWI,75.02999877929688,75.52999877929688,75.0199966430664,75.41000366210938,1268100
2019-10-28,ACWI,75.69000244140625,75.91000366210938,75.68000030517578,75.86000061035156,1142600
2019-10-29,ACWI,75.6500015258789,75.91999816894531,75.56999969482422,75.7699966430664,1343600
2019-10-30,ACWI,75.69999694824219,76.04000091552734,75.38999938964844,75.94999694824219,2386700
2019-10-31,ACWI,75.86000061035156,75.93000030517578,75.4000015258789,75.7699966430664,3823800
2019-11-01,ACWI,76.20999908447266,76.54000091552734,76.19000244140625,76.54000091552734,1985900
2019-11-04,ACWI,77.0,77.05999755859375,76.80000305175781,76.87000274658203,1415500
2019-11-05,ACWI,76.98999786376953,77.02999877929688,76.73999786376953,76.88999938964844,3875100
2019-11-06,ACWI,76.8499984741211,76.94000244140625,76.62000274658203,76.8499984741211,1388600
2019-11-07,ACWI,77.20999908447266,77.37999725341797,77.02999877929688,77.16999816894531,1212000
2019-11-08,ACWI,76.94000244140625,77.16999816894531,76.72000122070312,77.16999816894531,1846200
2019-11-11,ACWI,76.69000244140625,76.98999786376953,76.5999984741211,76.98999786376953,1012200
2019-11-12,ACWI,76.97000122070312,77.19000244140625,76.80999755859375,76.94000244140625,1860600
2019-11-13,ACWI,76.56999969482422,76.94000244140625,76.45999908447266,76.87000274658203,936400
2019-11-14,ACWI,76.66000366210938,76.87999725341797,76.55000305175781,76.87999725341797,1583300
2019-11-15,ACWI,77.19000244140625,77.38999938964844,77.08000183105469,77.38999938964844,2037800
2019-11-18,ACWI,77.3499984741211,77.5,77.22000122070312,77.45999908447266,1281100
2019-11-19,ACWI,77.6500015258789,77.75,77.25,77.37000274658203,2816200
2019-11-20,ACWI,77.16000366210938,77.31999969482422,76.70999908447266,77.04000091552734,1767200
2019-11-21,ACWI,77.06999969482422,77.06999969482422,76.73999786376953,77.01000213623047,955200
2019-11-22,ACWI,77.1500015258789,77.19000244140625,76.87000274658203,77.08000183105469,905500
2019-11-25,ACWI,77.38999938964844,77.69999694824219,77.37999725341797,77.66999816894531,1427800
2019-11-26,ACWI,77.62000274658203,77.81999969482422,77.54000091552734,77.7300033569336,1372300
2019-11-27,ACWI,77.87000274658203,78.05999755859375,77.80999755859375,78.0199966430664,639400
2019-11-29,ACWI,77.70999908447266,77.77999877929688,77.54000091552734,77.54000091552734,4851300
2019-12-02,ACWI,77.63999938964844,77.63999938964844,76.86000061035156,77.04000091552734,3269300
2019-12-03,ACWI,76.3499984741211,76.6500015258789,76.0199966430664,76.6500015258789,3252100
2019-12-04,ACWI,76.9800033569336,77.26000213623047,76.93000030517578,77.18000030517578,2282800
2019-12-05,ACWI,77.30000305175781,77.33000183105469,76.97000122070312,77.26000213623047,1986600
2019-12-06,ACWI,77.81999969482422,77.97000122070312,77.76000213623047,77.87000274658203,1684300
2019-12-09,ACWI,77.77999877929688,77.95999908447266,77.62000274658203,77.62000274658203,2160500
2019-12-10,ACWI,77.62000274658203,77.80000305175781,77.43000030517578,77.56999969482422,2081800
2019-12-11,ACWI,77.73999786376953,78.05999755859375,77.69999694824219,77.94000244140625,1249100
2019-12-12,ACWI,77.97000122070312,78.80999755859375,77.94000244140625,78.62999725341797,3291200
2019-12-13,ACWI,78.80000305175781,79.2300033569336,78.55999755859375,78.87999725341797,3235600
2019-12-16,ACWI,78.5199966430664,78.68000030517578,78.47000122070312,78.51000213623047,1588000
2019-12-17,ACWI,78.61000061035156,78.62999725341797,78.4800033569336,78.5,1671200
2019-12-18,ACWI,78.58999633789062,78.63999938964844,78.48999786376953,78.55000305175781,2486200
2019-12-19,ACWI,78.51000213623047,78.7300033569336,78.44000244140625,78.7300033569336,2847200
2019-12-20,ACWI,79.01000213623047,79.08000183105469,78.87000274658203,78.87000274658203,2071800
2019-12-23,ACWI,79.08000183105469,79.12000274658203,79.01000213623047,79.05000305175781,1385500
2019-12-24,ACWI,79.12000274658203,79.12999725341797,78.94999694824219,79.06999969482422,1295900
2019-12-26,ACWI,79.18000030517578,79.5,79.16999816894531,79.5,764600
2019-12-27,ACWI,79.91999816894531,79.91999816894531,79.41000366210938,79.55000305175781,1247200
2019-12-30,ACWI,79.62999725341797,79.62999725341797,78.97000122070312,79.06999969482422,1798500
2019-12-31,ACWI,78.95999908447266,79.30999755859375,78.88999938964844,79.25,2046800
2020-01-02,ACWI,79.7699966430664,80.0999984741211,79.6500015258789,80.06999969482422,2341600
2020-01-03,ACWI,79.12999725341797,79.69000244140625,79.04000091552734,79.37999725341797,1686700
2020-01-06,ACWI,78.93000030517578,79.58000183105469,78.91000366210938,79.55999755859375,2298000
2020-01-07,ACWI,79.45999908447266,79.55999755859375,79.29000091552734,79.36000061035156,2312900
2020-01-08,ACWI,79.37000274658203,80.02999877929688,79.31999969482422,79.75,2932900
2020-01-09,ACWI,80.11000061035156,80.19999694824219,79.94000244140625,80.19999694824219,1694600
2020-01-10,ACWI,80.27999877929688,80.37000274658203,79.88999938964844,80.0199966430664,3321300
2020-01-13,ACWI,80.19000244140625,80.62000274658203,80.05999755859375,80.62000274658203,2383400
2020-01-14,ACWI,80.44000244140625,80.70999908447266,80.36000061035156,80.55000305175781,1863000
2020-01-15,ACWI,80.44000244140625,80.72000122070312,80.37999725341797,80.5,1618600
2020-01-16,ACWI,80.8499984741211,81.0999984741211,80.80999755859375,81.08999633789062,1401800
2020-01-17,ACWI,81.33999633789062,81.38999938964844,81.13999938964844,81.30999755859375,1912400
2020-01-21,ACWI,80.88999938964844,81.11000061035156,80.80000305175781,80.87000274658203,2564500
2020-01-22,ACWI,81.16000366210938,81.29000091552734,80.91000366210938,80.93000030517578,2105700
2020-01-23,ACWI,80.68000030517578,80.95999908447266,80.3499984741211,80.94000244140625,2980400
2020-01-24,ACWI,81.12999725341797,81.13999938964844,80.02999877929688,80.2699966430664,2580200
2020-01-27,ACWI,78.7300033569336,79.12999725341797,78.55000305175781,78.77999877929688,1887200
2020-01-28,ACWI,79.08000183105469,79.69999694824219,79.0,79.5199966430664,1828200
2020-01-29,ACWI,79.83000183105469,79.94000244140625,79.47000122070312,79.51000213623047,1050700
2020-01-30,ACWI,78.9000015258789,79.61000061035156,78.63999938964844,79.51000213623047,4115400
2020-01-31,ACWI,79.11000061035156,79.12000274658203,77.9000015258789,78.11000061035156,5488400
2020-02-03,ACWI,78.45999908447266,79.04000091552734,78.44000244140625,78.63999938964844,3539600
2020-02-04,ACWI,79.76000213623047,80.16999816894531,79.70999908447266,79.98999786376953,2279400
2020-02-05,ACWI,80.81999969482422,80.83000183105469,80.36000061035156,80.75,2399200
2020-02-06,ACWI,81.0,81.04000091552734,80.76000213623047,80.91000366210938,3090100
2020-02-07,ACWI,80.55999755859375,80.6500015258789,80.22000122070312,80.37999725341797,2062200
2020-02-10,ACWI,80.1500015258789,80.80000305175781,80.1500015258789,80.77999877929688,1832600
2020-02-11,ACWI,81.22000122070312,81.48999786376953,81.04000091552734,81.19000244140625,2964000
2020-02-12,ACWI,81.58000183105469,81.75,81.4800033569336,81.7300033569336,2056700
2020-02-13,ACWI,81.16999816894531,81.5999984741211,81.08999633789062,81.36000061035156,3010300
2020-02-14,ACWI,81.51000213623047,81.5199966430664,81.1500015258789,81.44000244140625,1032800
2020-02-18,ACWI,81.06999969482422,81.20999908447266,80.83000183105469,81.12000274658203,2040300
2020-02-19,ACWI,81.4000015258789,81.61000061035156,81.36000061035156,81.45999908447266,2220900
2020-02-20,ACWI,81.19999694824219,81.41999816894531,80.38999938964844,80.98999786376953,2419300
2020-02-21,ACWI,80.76000213623047,80.76000213623047,80.18000030517578,80.36000061035156,2489600
2020-02-24,ACWI,77.47000122070312,78.22000122070312,77.43000030517578,77.5999984741211,8362400
2020-02-25,ACWI,77.95999908447266,78.13999938964844,75.61000061035156,75.61000061035156,7897800
2020-02-26,ACWI,76.26000213623047,77.0199966430664,75.55000305175781,75.68000030517578,7015500
2020-02-27,ACWI,74.37999725341797,75.2300033569336,72.83999633789062,73.02999877929688,10056300
2020-02-28,ACWI,70.80999755859375,72.37000274658203,70.16999816894531,72.26000213623047,7472500
2020-03-02,ACWI,72.62000274658203,74.70999908447266,71.98999786376953,74.6500015258789,7880100
2020-03-03,ACWI,74.8499984741211,75.93000030517578,72.66000366210938,72.87000274658203,6983500
2020-03-04,ACWI,74.5199966430664,75.86000061035156,73.9800033569336,75.86000061035156,3885200
2020-03-05,ACWI,73.98999786376953,74.79000091552734,73.12000274658203,73.54000091552734,3210100
2020-03-06,ACWI,71.5,72.5999984741211,71.06999969482422,72.2300033569336,4586200
2020-03-09,ACWI,67.29000091552734,68.9000015258789,66.55000305175781,66.79000091552734,15532800
2020-03-10,ACWI,69.20999908447266,69.86000061035156,66.80999755859375,69.86000061035156,6150500
2020-03-11,ACWI,67.91999816894531,68.12000274658203,65.62999725341797,66.25,7040200
2020-03-12,ACWI,61.310001373291016,63.0,59.5,59.7400016784668,10362200
2020-03-13,ACWI,63.290000915527344,64.83999633789062,59.849998474121094,64.0199966430664,10082700
2020-03-16,ACWI,53.79999923706055,60.34000015258789,53.79999923706055,56.84000015258789,6968800
2020-03-17,ACWI,58.09000015258789,60.439998626708984,56.599998474121094,60.38999938964844,8580800
2020-03-18,ACWI,56.099998474121094,58.0,54.16999816894531,56.7599983215332,9230200
2020-03-19,ACWI,56.189998626708984,58.349998474121094,55.13999938964844,57.119998931884766,9173800
2020-03-20,ACWI,58.099998474121094,58.75,55.29999923706055,55.310001373291016,6484800
2020-03-23,ACWI,55.18000030517578,55.52000045776367,53.310001373291016,54.33000183105469,8156700
2020-03-24,ACWI,57.63999938964844,59.11000061035156,57.18000030517578,58.75,5105700
2020-03-25,ACWI,59.41999816894531,62.130001068115234,58.529998779296875,60.36000061035156,14629400
2020-03-26,ACWI,60.9900016784668,63.7599983215332,60.88999938964844,63.540000915527344,13227500
2020-03-27,ACWI,61.189998626708984,62.86000061035156,60.84000015258789,61.68000030517578,5637900
2020-03-30,ACWI,61.79999923706055,63.119998931884766,61.29999923706055,63.040000915527344,6088900
2020-03-31,ACWI,62.61000061035156,63.38999938964844,61.88999938964844,62.56999969482422,9648300
2020-04-01,ACWI,60.119998931884766,60.91999816894531,59.29999923706055,59.70000076293945,4057600
2020-04-02,ACWI,59.59000015258789,61.209999084472656,59.4900016784668,60.900001525878906,4061900
2020-04-03,ACWI,60.59000015258789,60.970001220703125,59.36000061035156,59.9900016784668,3180200
2020-04-06,ACWI,62.119998931884766,63.97999954223633,61.970001220703125,63.689998626708984,4577700
2020-04-07,ACWI,65.87999725341797,65.98999786376953,63.75,63.7599983215332,3946300
2020-04-08,ACWI,64.33999633789062,65.54000091552734,63.7400016784668,65.30000305175781,6039200
2020-04-09,ACWI,66.16999816894531,66.93000030517578,65.72000122070312,66.25,5729500
2020-04-13,ACWI,65.98999786376953,66.16999816894531,64.91999816894531,65.72000122070312,5530800
2020-04-14,ACWI,66.91999816894531,67.62999725341797,66.79000091552734,67.41000366210938,3172500
2020-04-15,ACWI,65.73999786376953,66.18000030517578,65.37000274658203,65.7300033569336,4626000
2020-04-16,ACWI,66.05999755859375,66.2300033569336,65.33000183105469,66.01000213623047,2940900
2020-04-17,ACWI,67.58999633789062,67.87999725341797,66.9000015258789,67.80999755859375,5653600
2020-04-20,ACWI,66.80999755859375,67.75,66.66999816894531,66.81999969482422,5004300
2020-04-21,ACWI,65.5999984741211,65.93000030517578,64.66999816894531,64.7699966430664,6007700
2020-04-22,ACWI,66.08000183105469,66.55000305175781,65.8499984741211,66.29000091552734,4314200
2020-04-23,ACWI,66.58000183105469,67.37000274658203,66.11000061035156,66.22000122070312,3718600
2020-04-24,ACWI,66.62000274658203,67.05999755859375,66.02999877929688,66.9000015258789,4069900
2020-04-27,ACWI,67.5199966430664,68.1500015258789,67.36000061035156,67.98999786376953,10858600
2020-04-28,ACWI,68.97000122070312,69.08999633789062,67.88999938964844,68.0,2974300
2020-04-29,ACWI,69.30000305175781,70.06999969482422,69.12000274658203,69.80000305175781,5434000
2020-04-30,ACWI,69.26000213623047,69.33000183105469,68.37000274658203,68.72000122070312,20850300
2020-05-01,ACWI,67.55999755859375,67.66999816894531,66.66999816894531,66.91000366210938,3467500
2020-05-04,ACWI,66.55999755859375,67.22000122070312,66.23999786376953,67.12999725341797,2017200
2020-05-05,ACWI,67.81999969482422,68.2699966430664,67.54000091552734,67.5999984741211,2558800
2020-05-06,ACWI,68.16000366210938,68.18000030517578,67.23999786376953,67.23999786376953,2618000
2020-05-07,ACWI,68.08999633789062,68.52999877929688,67.94000244140625,68.12999725341797,3227300
2020-05-08,ACWI,68.94000244140625,69.33999633789062,68.7300033569336,69.26000213623047,3530900
2020-05-11,ACWI,68.76000213623047,69.56999969482422,68.70999908447266,69.33000183105469,9407000
2020-05-12,ACWI,69.62000274658203,69.69999694824219,68.16000366210938,68.16000366210938,3864600
2020-05-13,ACWI,68.2699966430664,68.44999694824219,66.7699966430664,67.26000213623047,13590400
2020-05-14,ACWI,66.37000274658203,67.68000030517578,65.7699966430664,67.68000030517578,3847900
2020-05-15,ACWI,67.08999633789062,67.73999786376953,66.91000366210938,67.73999786376953,2617100
2020-05-18,ACWI,69.30999755859375,70.33000183105469,69.30999755859375,70.04000091552734,2832900
2020-05-19,ACWI,69.80000305175781,70.16999816894531,69.29000091552734,69.33000183105469,3166400
2020-05-20,ACWI,70.31999969482422,70.76000213623047,70.2300033569336,70.48999786376953,5505300
2020-05-21,ACWI,70.27999877929688,70.54000091552734,69.5999984741211,69.87000274658203,6890400
2020-05-22,ACWI,69.58999633789062,69.79000091552734,69.27999877929688,69.79000091552734,4058400
2020-05-26,ACWI,71.5199966430664,71.62000274658203,70.97000122070312,71.0999984741211,6089400
2020-05-27,ACWI,71.7300033569336,71.98999786376953,70.66999816894531,71.98999786376953,6271700
2020-05-28,ACWI,72.3499984741211,72.87999725341797,71.88999938964844,72.05000305175781,4204600
2020-05-29,ACWI,71.88999938964844,72.36000061035156,71.25,72.22000122070312,7392600
2020-06-01,ACWI,72.45999908447266,73.16000366210938,72.31999969482422,73.13999938964844,2545000
2020-06-02,ACWI,73.45999908447266,73.94000244140625,73.30000305175781,73.94000244140625,4202900
2020-06-03,ACWI,74.62999725341797,75.37000274658203,74.52999877929688,75.1500015258789,4526100
2020-06-04,ACWI,74.79000091552734,75.20999908447266,74.37000274658203,74.73999786376953,4406400
2020-06-05,ACWI,76.16999816894531,76.94999694824219,76.16999816894531,76.44999694824219,4274700
2020-06-08,ACWI,76.76000213623047,77.37999725341797,76.44000244140625,77.33999633789062,1745700
2020-06-09,ACWI,76.41999816894531,76.91999816894531,76.2699966430664,76.66000366210938,5235700
2020-06-10,ACWI,76.80999755859375,77.11000061035156,76.19999694824219,76.44999694824219,3593800
2020-06-11,ACWI,74.54000091552734,74.66000366210938,72.04000091552734,72.1500015258789,3414800
2020-06-12,ACWI,73.95999908447266,74.22000122070312,72.01000213623047,73.19000244140625,4234400
2020-06-15,ACWI,71.11000061035156,73.31999969482422,70.87000274658203,73.06999969482422,3099900
2020-06-16,ACWI,74.94000244140625,74.94000244140625,73.19999694824219,74.27999877929688,2931700
2020-06-17,ACWI,74.63999938964844,74.72000122070312,74.05000305175781,74.23999786376953,3125200
2020-06-18,ACWI,73.86000061035156,74.31999969482422,73.70999908447266,74.1500015258789,884300
2020-06-19,ACWI,75.02999877929688,75.02999877929688,73.56999969482422,73.7300033569336,1516600
2020-06-22,ACWI,73.94999694824219,74.52999877929688,73.6500015258789,74.47000122070312,1953200
2020-06-23,ACWI,75.16000366210938,75.3499984741211,74.73999786376953,74.81999969482422,1623700
2020-06-24,ACWI,74.23999786376953,74.38999938964844,72.63999938964844,73.05999755859375,2167300
2020-06-25,ACWI,72.95999908447266,73.87000274658203,72.51000213623047,73.83999633789062,1579100
2020-06-26,ACWI,73.63999938964844,73.6500015258789,72.29000091552734,72.41000366210938,1669500
2020-06-29,ACWI,72.69000244140625,73.23999786376953,72.16999816894531,73.23999786376953,1806700
2020-06-30,ACWI,73.0,74.08000183105469,72.94000244140625,73.72000122070312,2966800
2020-07-01,ACWI,73.94999694824219,74.51000213623047,73.88999938964844,74.2699966430664,2135500
2020-07-02,ACWI,75.26000213623047,75.62999725341797,74.81999969482422,74.95999908447266,1674500
2020-07-06,ACWI,76.20999908447266,76.44000244140625,76.0,76.4000015258789,2516900
2020-07-07,ACWI,75.86000061035156,76.31999969482422,75.45999908447266,75.51000213623047,2450200
2020-07-08,ACWI,75.7300033569336,76.30999755859375,75.4800033569336,76.29000091552734,1859800
2020-07-09,ACWI,76.48999786376953,76.51000213623047,75.06999969482422,75.81999969482422,7607400
2020-07-10,ACWI,75.86000061035156,76.47000122070312,75.5,76.43000030517578,4924700
2020-07-13,ACWI,76.9800033569336,77.51000213623047,75.6500015258789,75.76000213623047,3757400
2020-07-14,ACWI,75.52999877929688,76.80999755859375,75.30999755859375,76.69999694824219,2962200
2020-07-15,ACWI,77.61000061035156,77.77999877929688,76.94999694824219,77.45999908447266,4154700
2020-07-16,ACWI,76.80000305175781,77.08000183105469,76.66999816894531,76.98999786376953,4876700
2020-07-17,ACWI,77.27999877929688,77.37999725341797,76.83999633789062,77.26000213623047,4161900
2020-07-20,ACWI,77.33000183105469,78.06999969482422,77.12999725341797,77.94000244140625,2587600
2020-07-21,ACWI,78.55999755859375,78.6500015258789,78.04000091552734,78.18000030517578,2770400
2020-07-22,ACWI,78.08999633789062,78.55999755859375,78.0199966430664,78.43000030517578,2292700
2020-07-23,ACWI,78.33000183105469,78.5999984741211,77.33000183105469,77.62000274658203,1694200
2020-07-24,ACWI,77.05999755859375,77.38999938964844,76.80000305175781,77.16000366210938,1128700
2020-07-27,ACWI,77.56999969482422,78.05000305175781,77.41999816894531,78.0199966430664,1298500
2020-07-28,ACWI,77.7300033569336,78.0199966430664,77.41999816894531,77.48999786376953,1605600
2020-07-29,ACWI,77.83000183105469,78.58000183105469,77.80999755859375,78.41000366210938,911500
2020-07-30,ACWI,77.33999633789062,77.97000122070312,76.80000305175781,77.9000015258789,1933100
2020-07-31,ACWI,78.0199966430664,78.02999877929688,76.75,77.66999816894531,4089200
2020-08-03,ACWI,78.19000244140625,78.5999984741211,78.06999969482422,78.48999786376953,5849300
2020-08-04,ACWI,78.29000091552734,78.91000366210938,78.29000091552734,78.9000015258789,1868800
2020-08-05,ACWI,79.41999816894531,79.62999725341797,79.27999877929688,79.44000244140625,2652800
2020-08-06,ACWI,79.20999908447266,79.76000213623047,79.06999969482422,79.72000122070312,4961400
2020-08-07,ACWI,79.19000244140625,79.45999908447266,78.87000274658203,79.36000061035156,4791100
2020-08-10,ACWI,79.48999786376953,79.62000274658203,79.01000213623047,79.55999755859375,1113700
2020-08-11,ACWI,80.16000366210938,80.25,79.12000274658203,79.27999877929688,3092900
2020-08-12,ACWI,80.13999938964844,80.7300033569336,80.13999938964844,80.52999877929688,1063700
2020-08-13,ACWI,80.44999694824219,80.66999816894531,80.0999984741211,80.36000061035156,2716000
2020-08-14,ACWI,80.11000061035156,80.30999755859375,79.95999908447266,80.18000030517578,976100
2020-08-17,ACWI,80.55999755859375,80.77999877929688,80.51000213623047,80.76000213623047,3984200
2020-08-18,ACWI,80.91999816894531,81.06999969482422,80.44999694824219,80.8499984741211,930600
2020-08-19,ACWI,80.93000030517578,81.05000305175781,80.33000183105469,80.41000366210938,1854600
2020-08-20,ACWI,79.69000244140625,80.61000061035156,79.68000030517578,80.48999786376953,2487300
2020-08-21,ACWI,80.16999816894531,80.68000030517578,80.11000061035156,80.62000274658203,8077800
2020-08-24,ACWI,81.47000122070312,81.5199966430664,81.12999725341797,81.4800033569336,4682900
2020-08-25,ACWI,81.62999725341797,81.80000305175781,81.33000183105469,81.80000305175781,1400200
2020-08-26,ACWI,81.81999969482422,82.48999786376953,81.79000091552734,82.47000122070312,4648200
2020-08-27,ACWI,82.5999984741211,82.66000366210938,81.86000061035156,82.22000122070312,2263500
2020-08-28,ACWI,82.5999984741211,82.87999725341797,82.36000061035156,82.8499984741211,2744400
2020-08-31,ACWI,82.55999755859375,82.76000213623047,82.25,82.3499984741211,2273800
2020-09-01,ACWI,82.61000061035156,83.08999633789062,82.41999816894531,83.05999755859375,3436600
2020-09-02,ACWI,83.55000305175781,84.12000274658203,83.0999984741211,84.01000213623047,1787800
2020-09-03,ACWI,83.55000305175781,83.58999633789062,80.95999908447266,81.44999694824219,3526500
2020-09-04,ACWI,81.66999816894531,81.9800033569336,79.33000183105469,81.05000305175781,3416800
2020-09-08,ACWI,79.63999938964844,80.12000274658203,79.12999725341797,79.1500015258789,2485700
2020-09-09,ACWI,80.30000305175781,81.16000366210938,80.08000183105469,80.69999694824219,3072700
2020-09-10,ACWI,81.12000274658203,81.30000305175781,79.3499984741211,79.51000213623047,2213000
2020-09-11,ACWI,80.16999816894531,80.4000015258789,79.22000122070312,79.80000305175781,3274900
2020-09-14,ACWI,80.62000274658203,81.11000061035156,80.4800033569336,80.77999877929688,2086900
2020-09-15,ACWI,81.56999969482422,81.69000244140625,81.0999984741211,81.31999969482422,2183600
2020-09-16,ACWI,81.66000366210938,81.94000244140625,81.05000305175781,81.0999984741211,1910300
2020-09-17,ACWI,80.01000213623047,80.88999938964844,79.97000122070312,80.66000366210938,1413500
2020-09-18,ACWI,80.77999877929688,80.77999877929688,79.41999816894531,79.9000015258789,2222700
2020-09-21,ACWI,78.44999694824219,78.80000305175781,77.56999969482422,78.80000305175781,2157800
2020-09-22,ACWI,78.87999725341797,79.29000091552734,78.27999877929688,79.16999816894531,2444500
2020-09-23,ACWI,79.37000274658203,79.37999725341797,77.61000061035156,77.69999694824219,10125100
2020-09-24,ACWI,77.25,78.43000030517578,76.94000244140625,77.73999786376953,3658200
2020-09-25,ACWI,77.37000274658203,78.69999694824219,77.12000274658203,78.58999633789062,6358600
2020-09-28,ACWI,79.69000244140625,79.93000030517578,79.44999694824219,79.83999633789062,2842900
2020-09-29,ACWI,79.7300033569336,79.94000244140625,79.3499984741211,79.55999755859375,2188400
2020-09-30,ACWI,79.62999725341797,80.5199966430664,79.52999877929688,79.91999816894531,11550500
2020-10-01,ACWI,80.52999877929688,80.66000366210938,80.06999969482422,80.5199966430664,3440100
2020-10-02,ACWI,79.36000061035156,80.30999755859375,79.26000213623047,79.91000366210938,2635700
2020-10-05,ACWI,80.38999938964844,81.25,80.38999938964844,81.2300033569336,3072500
2020-10-06,ACWI,81.33000183105469,81.68000030517578,80.16999816894531,80.36000061035156,3956000
2020-10-07,ACWI,81.05000305175781,81.6500015258789,81.0199966430664,81.45999908447266,3935300
2020-10-08,ACWI,81.94999694824219,82.13999938964844,81.76000213623047,82.12000274658203,4290700
2020-10-09,ACWI,82.54000091552734,82.88999938964844,82.41000366210938,82.81999969482422,1629200
2020-10-12,ACWI,83.26000213623047,84.02999877929688,83.19000244140625,83.79000091552734,1542600
2020-10-13,ACWI,83.51000213623047,83.52999877929688,83.0,83.2300033569336,4126700
2020-10-14,ACWI,83.4000015258789,83.5999984741211,82.68000030517578,82.83000183105469,2160300
2020-10-15,ACWI,81.5999984741211,82.48999786376953,81.55000305175781,82.4000015258789,7075900
2020-10-16,ACWI,82.72000122070312,83.11000061035156,82.44999694824219,82.44999694824219,3083400
2020-10-19,ACWI,82.83000183105469,82.9800033569336,81.47000122070312,81.63999938964844,1936400
2020-10-20,ACWI,82.08000183105469,82.69000244140625,81.9000015258789,82.02999877929688,3062900
2020-10-21,ACWI,82.0,82.48999786376953,81.81999969482422,81.83000183105469,1718100
2020-10-22,ACWI,81.91000366210938,82.22000122070312,81.3499984741211,82.08999633789062,3429900
2020-10-23,ACWI,82.43000030517578,82.44999694824219,81.88999938964844,82.44000244140625,1409500
2020-10-26,ACWI,81.51000213623047,81.75,80.27999877929688,81.05000305175781,4996000
2020-10-27,ACWI,81.08000183105469,81.1500015258789,80.69000244140625,80.77999877929688,3414200
2020-10-28,ACWI,79.25,79.37000274658203,78.12000274658203,78.19999694824219,6290500
2020-10-29,ACWI,78.30999755859375,79.41999816894531,77.91000366210938,78.81999969482422,7900400
2020-10-30,ACWI,78.38999938964844,78.62999725341797,77.33999633789062,78.13999938964844,11588400
2020-11-02,ACWI,78.94000244140625,79.30000305175781,78.36000061035156,79.0,6132900
2020-11-03,ACWI,79.94999694824219,80.83999633789062,79.80999755859375,80.44999694824219,3304100
2020-11-04,ACWI,81.3499984741211,82.93000030517578,81.1500015258789,82.1500015258789,7627400
2020-11-05,ACWI,83.6500015258789,84.11000061035156,83.41000366210938,83.81999969482422,3062400
2020-11-06,ACWI,83.9000015258789,84.2300033569336,83.43000030517578,83.93000030517578,2643200
2020-11-09,ACWI,87.44000244140625,87.4800033569336,85.08999633789062,85.1500015258789,9397600
2020-11-10,ACWI,85.16999816894531,85.43000030517578,84.44000244140625,85.08000183105469,14894200
2020-11-11,ACWI,85.55000305175781,85.87999725341797,85.4000015258789,85.79000091552734,4449400
2020-11-12,ACWI,85.47000122070312,85.68000030517578,84.52999877929688,84.86000061035156,4812400
2020-11-13,ACWI,85.5,86.12999725341797,85.30999755859375,86.0,1692600
2020-11-16,ACWI,86.83000183105469,87.05999755859375,86.5,87.05999755859375,3428400
2020-11-17,ACWI,86.55000305175781,87.08000183105469,86.30999755859375,86.8499984741211,2094300
2020-11-18,ACWI,86.98999786376953,87.13999938964844,86.12000274658203,86.12000274658203,3746700
2020-11-19,ACWI,86.01000213623047,86.62000274658203,85.7300033569336,86.55999755859375,1777900
2020-11-20,ACWI,86.61000061035156,86.70999908447266,86.3499984741211,86.3499984741211,5055600
2020-11-23,ACWI,86.91000366210938,87.0999984741211,86.25,86.66999816894531,4984800
2020-11-24,ACWI,87.47000122070312,88.08000183105469,87.16999816894531,87.95999908447266,3358800
2020-11-25,ACWI,87.73999786376953,88.0199966430664,87.45999908447266,87.87000274658203,1404000
2020-11-27,ACWI,88.26000213623047,88.45999908447266,88.16000366210938,88.41000366210938,1755400
2020-11-30,ACWI,88.1500015258789,88.1500015258789,87.0999984741211,87.33000183105469,10556400
2020-12-01,ACWI,88.4000015258789,88.86000061035156,88.27999877929688,88.56999969482422,4099800
2020-12-02,ACWI,88.2300033569336,88.75,88.0999984741211,88.75,2767100
2020-12-03,ACWI,88.91000366210938,89.25,88.69999694824219,88.9000015258789,1967200
2020-12-04,ACWI,89.29000091552734,89.69000244140625,89.2300033569336,89.68000030517578,1982500
2020-12-07,ACWI,89.44999694824219,89.63999938964844,89.20999908447266,89.47000122070312,915600
2020-12-08,ACWI,89.19000244140625,89.86000061035156,89.19000244140625,89.77999877929688,898100
2020-12-09,ACWI,90.0999984741211,90.0999984741211,88.7699966430664,89.1500015258789,1321200
2020-12-10,ACWI,88.72000122070312,89.5199966430664,88.63999938964844,89.38999938964844,2972900
2020-12-11,ACWI,88.91000366210938,89.19000244140625,88.52999877929688,89.16000366210938,1448100
2020-12-14,ACWI,89.02999877929688,89.16000366210938,88.20999908447266,88.20999908447266,1317200
2020-12-15,ACWI,88.83000183105469,89.33000183105469,88.58000183105469,89.33000183105469,1538100
2020-12-16,ACWI,89.45999908447266,89.7300033569336,89.2300033569336,89.55000305175781,2613900
2020-12-17,ACWI,90.12999725341797,90.19999694824219,89.95999908447266,90.19000244140625,3016300
2020-12-18,ACWI,90.20999908447266,90.20999908447266,89.44000244140625,89.77999877929688,3019900
2020-12-21,ACWI,88.30999755859375,89.41999816894531,87.94000244140625,89.20999908447266,5624100
2020-12-22,ACWI,89.19999694824219,89.25,88.75,89.05999755859375,2627300
2020-12-23,ACWI,89.56999969482422,89.80000305175781,89.43000030517578,89.4800033569336,4822800
2020-12-24,ACWI,89.55999755859375,89.62999725341797,89.30999755859375,89.58999633789062,584200
2020-12-28,ACWI,90.33000183105469,90.33000183105469,90.05999755859375,90.18000030517578,2035300
2020-12-29,ACWI,90.7699966430664,90.88999938964844,90.20999908447266,90.36000061035156,2479800
2020-12-30,ACWI,90.80000305175781,90.98999786376953,90.63999938964844,90.66000366210938,946400
2020-12-31,ACWI,90.62999725341797,90.81999969482422,90.31999969482422,90.72000122070312,4451900
2021-01-04,ACWI,91.5999984741211,91.62999725341797,89.44000244140625,90.22000122070312,5006200
2021-01-05,ACWI,90.31999969482422,91.30999755859375,90.2699966430664,91.1500015258789,1805800
2021-01-06,ACWI,90.83000183105469,92.41999816894531,90.72000122070312,91.66000366210938,9674400
2021-01-07,ACWI,92.08999633789062,92.77999877929688,92.01000213623047,92.62000274658203,4807800
2021-01-08,ACWI,93.30000305175781,93.48999786376953,92.5,93.44000244140625,3654600
2021-01-11,ACWI,92.37000274658203,93.02999877929688,92.31999969482422,92.62000274658203,3317200
2021-01-12,ACWI,92.66999816894531,93.04000091552734,92.30999755859375,92.94999694824219,9483200
2021-01-13,ACWI,92.87999725341797,93.29000091552734,92.66999816894531,93.01000213623047,2172700
2021-01-14,ACWI,93.4000015258789,93.62999725341797,93.06999969482422,93.1500015258789,4452800
2021-01-15,ACWI,92.45999908447266,92.68000030517578,91.7300033569336,92.16999816894531,6946900
2021-01-19,ACWI,93.0199966430664,93.12999725341797,92.68000030517578,93.02999877929688,4114200
2021-01-20,ACWI,93.69000244140625,94.30000305175781,93.55999755859375,94.19000244140625,2434800
2021-01-21,ACWI,94.33000183105469,94.37999725341797,93.93000030517578,94.20999908447266,4978200
2021-01-22,ACWI,93.5199966430664,94.0199966430664,93.51000213623047,93.7699966430664,4028400
2021-01-25,ACWI,93.95999908447266,94.13999938964844,92.79000091552734,94.08000183105469,5147600
2021-01-26,ACWI,94.22000122070312,94.29000091552734,93.72000122070312,93.79000091552734,1123200
2021-01-27,ACWI,92.56999969482422,92.63999938964844,91.13999938964844,91.4800033569336,5122000
2021-01-28,ACWI,91.87000274658203,93.08000183105469,91.75,92.25,5900200
2021-01-29,ACWI,91.44000244140625,91.75,89.97000122070312,90.44000244140625,5009100
2021-02-01,ACWI,91.48999786376953,92.12000274658203,91.0199966430664,91.9800033569336,5182200
2021-02-02,ACWI,92.79000091552734,93.4000015258789,92.76000213623047,93.1500015258789,2432600
2021-02-03,ACWI,93.37000274658203,93.66000366210938,93.01000213623047,93.30999755859375,2321800
2021-02-04,ACWI,93.47000122070312,94.0,93.33000183105469,93.94999694824219,2253100
2021-02-05,ACWI,94.44999694824219,94.62999725341797,94.12999725341797,94.48999786376953,3502100
2021-02-08,ACWI,94.94999694824219,95.19999694824219,94.76000213623047,95.19999694824219,4352900
2021-02-09,ACWI,95.0999984741211,95.58999633789062,95.04000091552734,95.38999938964844,4538000
2021-02-10,ACWI,95.9800033569336,95.9800033569336,94.83999633789062,95.41000366210938,1697500
2021-02-11,ACWI,95.86000061035156,95.98999786376953,95.30999755859375,95.87999725341797,3749900
2021-02-12,ACWI,95.58999633789062,96.36000061035156,95.58999633789062,96.33999633789062,3231800
2021-02-16,ACWI,96.87000274658203,96.94000244140625,96.26000213623047,96.5199966430664,2324400
2021-02-17,ACWI,96.01000213623047,96.33999633789062,95.55999755859375,96.33000183105469,3662600
2021-02-18,ACWI,95.37999725341797,95.81999969482422,94.91999816894531,95.66000366210938,2689800
2021-02-19,ACWI,96.12999725341797,96.30000305175781,95.69999694824219,95.83000183105469,2532400
2021-02-22,ACWI,94.91000366210938,95.47000122070312,94.80000305175781,94.83999633789062,1454900
2021-02-23,ACWI,94.30000305175781,95.22000122070312,93.16000366210938,94.91000366210938,8551800
2021-02-24,ACWI,94.33000183105469,95.55999755859375,94.04000091552734,95.44999694824219,5469700
2021-02-25,ACWI,95.31999969482422,95.62999725341797,93.05000305175781,93.33999633789062,3548400
2021-02-26,ACWI,93.41999816894531,93.5,92.0999984741211,92.51000213623047,6675200
2021-03-01,ACWI,93.83999633789062,94.93000030517578,93.83000183105469,94.63999938964844,2072400
2021-03-02,ACWI,94.69000244140625,94.70999908447266,94.0199966430664,94.02999877929688,2412900
2021-03-03,ACWI,93.94999694824219,94.20999908447266,93.0,93.0,4099000
2021-03-04,ACWI,92.95999908447266,93.5,90.8499984741211,91.66999816894531,6803700
2021-03-05,ACWI,92.56999969482422,93.19999694824219,90.75,92.95999908447266,4522900
2021-03-08,ACWI,92.7699966430664,93.41999816894531,92.13999938964844,92.13999938964844,5031100
2021-03-09,ACWI,93.26000213623047,94.20999908447266,93.22000122070312,93.70999908447266,4650400
2021-03-10,ACWI,94.29000091552734,94.44999694824219,93.75,94.12999725341797,2851400
2021-03-11,ACWI,94.95999908447266,95.63999938964844,94.76000213623047,95.3499984741211,1440300
2021-03-12,ACWI,94.66000366210938,95.22000122070312,94.44999694824219,95.16999816894531,2681700
2021-03-15,ACWI,95.13999938964844,95.69999694824219,94.66999816894531,95.68000030517578,866800
2021-03-16,ACWI,95.81999969482422,96.02999877929688,95.41999816894531,95.66999816894531,2422400
2021-03-17,ACWI,95.19999694824219,96.2300033569336,94.91999816894531,95.94999694824219,1891400
2021-03-18,ACWI,95.30999755859375,95.83999633789062,94.5199966430664,94.66000366210938,1612700
2021-03-19,ACWI,94.62000274658203,95.08999633789062,94.05999755859375,94.7300033569336,5386000
2021-03-22,ACWI,94.75,95.5,94.73999786376953,95.20999908447266,6435500
2021-03-23,ACWI,94.7300033569336,95.02999877929688,94.0,94.12999725341797,3479600
2021-03-24,ACWI,94.18000030517578,94.4800033569336,93.3499984741211,93.3499984741211,5616000
2021-03-25,ACWI,93.08000183105469,93.98999786376953,92.69999694824219,93.7699966430664,4317700
2021-03-26,ACWI,94.19999694824219,95.43000030517578,94.05000305175781,95.33000183105469,2965100
2021-03-29,ACWI,94.94000244140625,95.29000091552734,94.48999786376953,95.11000061035156,8201800
2021-03-30,ACWI,94.77999877929688,95.05999755859375,94.5199966430664,94.95999908447266,2982400
2021-03-31,ACWI,94.87000274658203,95.5999984741211,94.87000274658203,95.1500015258789,2264700
2021-04-01,ACWI,95.8499984741211,96.4000015258789,95.83999633789062,96.38999938964844,2815600
2021-04-05,ACWI,96.94000244140625,97.5999984741211,96.87000274658203,97.45999908447266,2846500
2021-04-06,ACWI,97.1500015258789,97.58000183105469,97.06999969482422,97.3499984741211,2061800
2021-04-07,ACWI,97.11000061035156,97.33999633789062,96.94999694824219,97.19000244140625,4297700
2021-04-08,ACWI,97.73999786376953,97.87000274658203,97.48999786376953,97.79000091552734,1939800
2021-04-09,ACWI,97.66000366210938,98.2300033569336,97.5999984741211,98.2300033569336,1636300
2021-04-12,ACWI,97.91000366210938,98.0,97.69000244140625,97.95999908447266,2863600
2021-04-13,ACWI,98.04000091552734,98.5199966430664,97.9800033569336,98.41999816894531,1240400
2021-04-14,ACWI,98.51000213623047,98.77999877929688,98.16999816894531,98.36000061035156,2972900
2021-04-15,ACWI,98.94999694824219,99.30999755859375,98.88999938964844,99.29000091552734,1906100
2021-04-16,ACWI,99.55999755859375,99.72000122070312,99.25,99.68000030517578,2934300
2021-04-19,ACWI,99.41000366210938,99.55000305175781,98.87000274658203,99.2699966430664,2254100
2021-04-20,ACWI,98.7300033569336,98.83000183105469,97.83999633789062,98.20999908447266,2495400
2021-04-21,ACWI,97.94999694824219,99.16000366210938,97.9000015258789,99.08000183105469,6945000
2021-04-22,ACWI,99.18000030517578,99.33000183105469,98.20999908447266,98.4800033569336,2419400
2021-04-23,ACWI,98.73999786376953,99.8499984741211,98.73999786376953,99.55000305175781,1241100
2021-04-26,ACWI,99.62000274658203,99.87999725341797,99.56999969482422,99.76000213623047,2320700
2021-04-27,ACWI,99.72000122070312,99.79000091552734,99.45999908447266,99.72000122070312,3614200
2021-04-28,ACWI,99.73999786376953,100.18000030517578,99.58999633789062,99.87999725341797,1898300
2021-04-29,ACWI,100.47000122070312,100.48999786376953,99.37000274658203,100.12000274658203,4661200
2021-04-30,ACWI,99.38999938964844,99.6500015258789,98.93000030517578,99.19000244140625,2139000
2021-05-03,ACWI,99.83000183105469,99.86000061035156,99.44000244140625,99.58000183105469,1676400
2021-05-04,ACWI,98.94000244140625,99.0,97.80000305175781,98.63999938964844,2401100
2021-05-05,ACWI,99.25,99.37999725341797,98.76000213623047,99.0,1640800
2021-05-06,ACWI,99.12999725341797,99.76000213623047,98.62000274658203,99.70999908447266,3563700
2021-05-07,ACWI,99.95999908447266,100.77999877929688,99.9000015258789,100.61000061035156,3491400
2021-05-10,ACWI,100.6500015258789,100.69000244140625,99.55999755859375,99.62000274658203,2500000
2021-05-11,ACWI,98.08999633789062,98.93000030517578,97.77999877929688,98.80000305175781,2581000
2021-05-12,ACWI,97.94000244140625,98.2699966430664,96.52999877929688,96.76000213623047,4579500
2021-05-13,ACWI,97.01000213623047,97.91999816894531,96.93000030517578,97.54000091552734,5864100
2021-05-14,ACWI,98.38999938964844,99.26000213623047,98.37999725341797,99.08000183105469,16310500
2021-05-17,ACWI,98.66999816894531,98.93000030517578,98.41999816894531,98.93000030517578,1907800
2021-05-18,ACWI,99.25,99.43000030517578,98.6500015258789,98.66000366210938,1210400
2021-05-19,ACWI,97.47000122070312,98.26000213623047,97.0999984741211,98.19999694824219,4550700
2021-05-20,ACWI,98.56999969482422,99.55999755859375,98.52999877929688,99.33000183105469,1548000
2021-05-21,ACWI,99.63999938964844,99.80000305175781,99.0,99.22000122070312,2376100
2021-05-24,ACWI,99.61000061035156,100.27999877929688,99.58999633789062,100.0,1764200
2021-05-25,ACWI,100.51000213623047,100.5199966430664,99.88999938964844,100.0,2236800
2021-05-26,ACWI,100.11000061035156,100.3499984741211,99.98999786376953,100.23999786376953,1606700
2021-05-27,ACWI,100.47000122070312,100.61000061035156,100.30000305175781,100.3499984741211,2723700
2021-05-28,ACWI,100.69999694824219,100.93000030517578,100.5999984741211,100.6500015258789,1943200
2021-06-01,ACWI,101.56999969482422,101.58000183105469,100.83000183105469,100.9800033569336,3465900
2021-06-02,ACWI,101.0,101.27999877929688,100.9000015258789,101.08999633789062,1081700
2021-06-03,ACWI,100.54000091552734,100.83999633789062,100.12000274658203,100.55999755859375,1478000
2021-06-04,ACWI,101.13999938964844,101.55000305175781,101.12000274658203,101.48999786376953,1121600
2021-06-07,ACWI,101.52999877929688,101.55000305175781,101.2699966430664,101.5199966430664,2279500
2021-06-08,ACWI,101.68000030517578,101.69000244140625,101.06999969482422,101.47000122070312,1453300
2021-06-09,ACWI,101.5199966430664,101.61000061035156,101.18000030517578,101.20999908447266,1382300
2021-06-10,ACWI,100.83000183105469,101.1500015258789,100.56999969482422,100.98999786376953,2076400
2021-06-11,ACWI,101.13999938964844,101.18000030517578,100.81999969482422,101.18000030517578,3325000
2021-06-14,ACWI,101.19000244140625,101.44000244140625,101.02999877929688,101.44000244140625,1013900
2021-06-15,ACWI,101.37000274658203,101.41000366210938,101.0199966430664,101.23999786376953,3848000
2021-06-16,ACWI,101.29000091552734,101.29000091552734,100.08000183105469,100.58999633789062,3501000
2021-06-17,ACWI,100.37000274658203,100.66000366210938,99.87999725341797,100.4000015258789,3225800
2021-06-18,ACWI,99.43000030517578,99.58000183105469,99.02999877929688,99.06999969482422,3506400
2021-06-21,ACWI,99.45999908447266,100.31999969482422,99.19999694824219,100.23999786376953,2354700
2021-06-22,ACWI,100.11000061035156,100.80000305175781,99.91000366210938,100.6500015258789,1620100
2021-06-23,ACWI,100.6500015258789,100.9000015258789,100.38999938964844,100.45999908447266,2294700
2021-06-24,ACWI,101.0999984741211,101.23999786376953,101.02999877929688,101.16999816894531,2866200
2021-06-25,ACWI,101.51000213623047,101.63999938964844,101.36000061035156,101.58000183105469,3247400
2021-06-28,ACWI,101.52999877929688,101.5999984741211,101.2300033569336,101.55000305175781,3817400
2021-06-29,ACWI,101.62999725341797,101.62999725341797,101.38999938964844,101.58999633789062,1806900
2021-06-30,ACWI,101.18000030517578,101.37000274658203,101.08999633789062,101.19000244140625,2264300
2021-07-01,ACWI,101.27999877929688,101.61000061035156,101.1500015258789,101.61000061035156,3398100
2021-07-02,ACWI,101.76000213623047,102.13999938964844,101.58000183105469,102.08000183105469,2150500
2021-07-06,ACWI,102.05999755859375,102.05999755859375,101.05999755859375,101.6500015258789,1564800
2021-07-07,ACWI,101.9800033569336,102.05000305175781,101.33000183105469,101.87000274658203,4506600
2021-07-08,ACWI,100.30000305175781,100.94000244140625,100.05999755859375,100.75,4030900
2021-07-09,ACWI,101.36000061035156,102.13999938964844,101.30000305175781,102.08000183105469,3636800
2021-07-12,ACWI,102.05999755859375,102.44999694824219,101.9800033569336,102.37999725341797,3517100
2021-07-13,ACWI,102.22000122070312,102.52999877929688,101.97000122070312,102.02999877929688,3193800
2021-07-14,ACWI,102.56999969482422,102.5999984741211,101.98999786376953,102.16999816894531,2846100
2021-07-15,ACWI,101.83000183105469,102.05999755859375,101.31999969482422,101.73999786376953,9559900
2021-07-16,ACWI,101.94999694824219,101.97000122070312,100.87000274658203,100.97000122070312,2193400
2021-07-19,ACWI,99.61000061035156,99.70999908447266,98.81999969482422,99.44000244140625,5313800
2021-07-20,ACWI,99.41000366210938,100.8499984741211,99.26000213623047,100.54000091552734,2012700
2021-07-21,ACWI,100.91000366210938,101.61000061035156,100.83000183105469,101.5999984741211,2447700
2021-07-22,ACWI,101.70999908447266,101.87000274658203,101.4000015258789,101.7699966430664,1328600
2021-07-23,ACWI,102.1500015258789,102.5199966430664,101.87999725341797,102.41000366210938,2398300
2021-07-26,ACWI,102.04000091552734,102.3499984741211,102.01000213623047,102.3499984741211,4286300
2021-07-27,ACWI,101.81999969482422,101.81999969482422,100.91999816894531,101.66000366210938,2535900
2021-07-28,ACWI,101.91999816894531,102.4000015258789,101.62000274658203,102.12999725341797,3241300
2021-07-29,ACWI,102.6500015258789,102.9000015258789,102.61000061035156,102.69000244140625,3545800
2021-07-30,ACWI,102.02999877929688,102.4800033569336,101.87999725341797,102.11000061035156,3702800
2021-08-02,ACWI,102.69999694824219,102.7699966430664,102.08000183105469,102.16000366210938,3627300
2021-08-03,ACWI,102.4000015258789,102.94000244140625,101.9000015258789,102.88999938964844,2426300
2021-08-04,ACWI,102.81999969482422,103.0199966430664,102.56999969482422,102.68000030517578,2425600
2021-08-05,ACWI,102.91999816894531,103.16999816894531,102.86000061035156,103.12000274658203,2043200
2021-08-06,ACWI,103.06999969482422,103.19999694824219,102.8499984741211,102.94999694824219,3360000
2021-08-09,ACWI,103.05999755859375,103.1500015258789,102.79000091552734,103.0,805700
2021-08-10,ACWI,103.12999725341797,103.2699966430664,102.94999694824219,103.12999725341797,1176000
2021-08-11,ACWI,103.48999786376953,103.52999877929688,103.16000366210938,103.44999694824219,4213500
2021-08-12,ACWI,103.30000305175781,103.5199966430664,103.04000091552734,103.5,2602800
2021-08-13,ACWI,103.63999938964844,103.7699966430664,103.47000122070312,103.76000213623047,1848500
2021-08-16,ACWI,103.2699966430664,103.62000274658203,102.80999755859375,103.62000274658203,2426100
2021-08-17,ACWI,102.76000213623047,102.91999816894531,102.05000305175781,102.66000366210938,3818900
2021-08-18,ACWI,102.66999816894531,102.94000244140625,101.88999938964844,101.95999908447266,3195200
2021-08-19,ACWI,100.88999938964844,101.76000213623047,100.83999633789062,101.41999816894531,3991600
2021-08-20,ACWI,101.33000183105469,102.12000274658203,101.20999908447266,102.0199966430664,2399900
2021-08-23,ACWI,102.58999633789062,103.25,102.58999633789062,103.05000305175781,3127300
2021-08-24,ACWI,103.4000015258789,103.66999816894531,103.30000305175781,103.5199966430664,3243200
2021-08-25,ACWI,103.47000122070312,103.75,103.38999938964844,103.6500015258789,10848000
2021-08-26,ACWI,103.41000366210938,103.52999877929688,102.94999694824219,102.98999786376953,3598100
2021-08-27,ACWI,103.16999816894531,104.04000091552734,103.16999816894531,103.9800033569336,2517600
2021-08-30,ACWI,104.1500015258789,104.44999694824219,103.97000122070312,104.26000213623047,1856600
2021-08-31,ACWI,104.5,104.5,104.22000122070312,104.33000183105469,5907800
2021-09-01,ACWI,104.69999694824219,105.08999633789062,104.69000244140625,104.76000213623047,2981600
2021-09-02,ACWI,105.1500015258789,105.26000213623047,104.86000061035156,105.05000305175781,1206700
2021-09-03,ACWI,104.9800033569336,105.41000366210938,104.93000030517578,105.29000091552734,1299600
2021-09-07,ACWI,105.33000183105469,105.33999633789062,105.02999877929688,105.12999725341797,3807200
2021-09-08,ACWI,104.80999755859375,104.91000366210938,104.2300033569336,104.56999969482422,2538000
2021-09-09,ACWI,104.45999908447266,104.9000015258789,104.1500015258789,104.29000091552734,2336800
2021-09-10,ACWI,104.87000274658203,104.9000015258789,103.68000030517578,103.68000030517578,1700500
2021-09-13,ACWI,104.41999816894531,104.44999694824219,103.58999633789062,104.05999755859375,2490400
2021-09-14,ACWI,104.29000091552734,104.3499984741211,103.30999755859375,103.44000244140625,1780800
2021-09-15,ACWI,103.47000122070312,104.16999816894531,103.25,104.05999755859375,3472100
2021-09-16,ACWI,103.80000305175781,104.01000213623047,103.22000122070312,103.79000091552734,1936500
2021-09-17,ACWI,103.52999877929688,103.69000244140625,102.66000366210938,102.76000213623047,3500400
2021-09-20,ACWI,100.83999633789062,101.3499984741211,99.81999969482422,100.94999694824219,3431700
2021-09-21,ACWI,101.7300033569336,101.97000122070312,101.05000305175781,101.19000244140625,2911300
2021-09-22,ACWI,101.80000305175781,102.75,101.7300033569336,102.12000274658203,4614000
2021-09-23,ACWI,102.6500015258789,103.56999969482422,102.6500015258789,103.23999786376953,1882600
2021-09-24,ACWI,102.55999755859375,103.05999755859375,102.55999755859375,102.94999694824219,1413700
2021-09-27,ACWI,102.72000122070312,103.05999755859375,102.5,102.83999633789062,6260400
2021-09-28,ACWI,101.9000015258789,102.01000213623047,100.56999969482422,100.80999755859375,6237800
2021-09-29,ACWI,101.05999755859375,101.30999755859375,100.56999969482422,100.63999938964844,2917400
2021-09-30,ACWI,101.01000213623047,101.25,99.91999816894531,99.91999816894531,2935600
2021-10-01,ACWI,100.38999938964844,101.06999969482422,99.44999694824219,100.76000213623047,3101500
2021-10-04,ACWI,100.44000244140625,100.54000091552734,99.01000213623047,99.5199966430664,6345700
2021-10-05,ACWI,99.81999969482422,100.8499984741211,99.66999816894531,100.37999725341797,3388900
2021-10-06,ACWI,99.30999755859375,100.5,98.94000244140625,100.45999908447266,6572800
2021-10-07,ACWI,101.2699966430664,102.05000305175781,101.25,101.55999755859375,5346200
2021-10-08,ACWI,101.80999755859375,101.83000183105469,101.29000091552734,101.44999694824219,2709600
2021-10-11,ACWI,101.44999694824219,101.9800033569336,100.8499984741211,100.8499984741211,1972800
2021-10-12,ACWI,101.05999755859375,101.22000122070312,100.58999633789062,100.72000122070312,2454200
2021-10-13,ACWI,101.16000366210938,101.61000061035156,100.66000366210938,101.4800033569336,3185600
2021-10-14,ACWI,102.36000061035156,102.86000061035156,102.19000244140625,102.79000091552734,3027500
2021-10-15,ACWI,103.3499984741211,103.68000030517578,103.20999908447266,103.62999725341797,2024600
2021-10-18,ACWI,103.08999633789062,103.73999786376953,102.94999694824219,103.69000244140625,4443100
2021-10-19,ACWI,104.1500015258789,104.56999969482422,104.08000183105469,104.56999969482422,2740100
2021-10-20,ACWI,104.66000366210938,104.95999908447266,104.61000061035156,104.87999725341797,1264700
2021-10-21,ACWI,104.54000091552734,104.91000366210938,104.47000122070312,104.9000015258789,1157100
2021-10-22,ACWI,104.94000244140625,105.29000091552734,104.44999694824219,104.91000366210938,3291500
2021-10-25,ACWI,105.01000213623047,105.36000061035156,104.6500015258789,105.2699966430664,1513400
2021-10-26,ACWI,105.66999816894531,105.83999633789062,105.12000274658203,105.20999908447266,6043500
2021-10-27,ACWI,105.2300033569336,105.38999938964844,104.63999938964844,104.69000244140625,4294300
2021-10-28,ACWI,104.87000274658203,105.5999984741211,104.87000274658203,105.5999984741211,2209200
2021-10-29,ACWI,104.80999755859375,105.4000015258789,104.7699966430664,105.30999755859375,2908600
2021-11-01,ACWI,105.63999938964844,105.87000274658203,105.33999633789062,105.83999633789062,1700000
2021-11-02,ACWI,105.7300033569336,105.9800033569336,105.62000274658203,105.9000015258789,2185600
2021-11-03,ACWI,105.75,106.66999816894531,105.6500015258789,106.58000183105469,1696500
2021-11-04,ACWI,106.61000061035156,106.87000274658203,106.41999816894531,106.80999755859375,2515300
2021-11-05,ACWI,107.2300033569336,107.36000061035156,106.66000366210938,107.0199966430664,1733500
2021-11-08,ACWI,107.36000061035156,107.38999938964844,107.0999984741211,107.22000122070312,2516600
2021-11-09,ACWI,107.37999725341797,107.37999725341797,106.6500015258789,106.94999694824219,2839400
2021-11-10,ACWI,106.6500015258789,106.97000122070312,105.69999694824219,105.9800033569336,2624400
2021-11-11,ACWI,106.44999694824219,106.58999633789062,106.30999755859375,106.33000183105469,3283100
2021-11-12,ACWI,106.5999984741211,107.11000061035156,106.43000030517578,107.06999969482422,3337800
2021-11-15,ACWI,107.29000091552734,107.30000305175781,106.83999633789062,107.01000213623047,2585500
2021-11-16,ACWI,106.94999694824219,107.45999908447266,106.93000030517578,107.2300033569336,2595900
2021-11-17,ACWI,107.11000061035156,107.11000061035156,106.7699966430664,106.93000030517578,3437700
2021-11-18,ACWI,106.95999908447266,107.06999969482422,106.33000183105469,106.95999908447266,1730900
2021-11-19,ACWI,106.83000183105469,107.05999755859375,106.54000091552734,106.58000183105469,1969900
2021-11-22,ACWI,106.7699966430664,107.16000366210938,105.9000015258789,105.94000244140625,5876700
2021-11-23,ACWI,105.80999755859375,106.2300033569336,105.19999694824219,105.91000366210938,2681400
2021-11-24,ACWI,105.20999908447266,105.98999786376953,105.02999877929688,105.94999694824219,2439700
2021-11-26,ACWI,104.16999816894531,104.41999816894531,103.16999816894531,103.37000274658203,4094700
2021-11-29,ACWI,104.5,104.75,103.76000213623047,104.30000305175781,4160000
2021-11-30,ACWI,103.87000274658203,104.33999633789062,102.5,102.87999725341797,7431500
2021-12-01,ACWI,104.1500015258789,104.73999786376953,101.73999786376953,101.73999786376953,5985000
2021-12-02,ACWI,102.0999984741211,103.58000183105469,102.0199966430664,103.20999908447266,8715500
2021-12-03,ACWI,103.54000091552734,103.76000213623047,101.4800033569336,102.33000183105469,7075400
2021-12-06,ACWI,102.80999755859375,103.69000244140625,102.25,103.36000061035156,6256200
2021-12-07,ACWI,104.69000244140625,105.63999938964844,104.69000244140625,105.5999984741211,6047800
2021-12-08,ACWI,105.69999694824219,105.9800033569336,105.37000274658203,105.9000015258789,4336700
2021-12-09,ACWI,105.47000122070312,105.68000030517578,105.02999877929688,105.05999755859375,6138700
2021-12-10,ACWI,105.55999755859375,105.73999786376953,104.97000122070312,105.62999725341797,3963500
2021-12-13,ACWI,104.43000030517578,104.43000030517578,103.56999969482422,103.56999969482422,3633400
2021-12-14,ACWI,102.94000244140625,103.44999694824219,102.41999816894531,103.01000213623047,5586700
2021-12-15,ACWI,102.94000244140625,104.37999725341797,102.41999816894531,104.29000091552734,3676900
2021-12-16,ACWI,104.88999938964844,104.9800033569336,103.37999725341797,103.79000091552734,4886500
2021-12-17,ACWI,103.01000213623047,103.62000274658203,102.41000366210938,102.7699966430664,4335900
2021-12-20,ACWI,101.58000183105469,101.86000061035156,101.02999877929688,101.80000305175781,4003800
2021-12-21,ACWI,102.54000091552734,103.54000091552734,102.22000122070312,103.45999908447266,3683100
2021-12-22,ACWI,103.36000061035156,104.47000122070312,103.33999633789062,104.43000030517578,5294100
2021-12-23,ACWI,104.66000366210938,105.4000015258789,104.61000061035156,105.0999984741211,3693300
2021-12-27,ACWI,105.29000091552734,106.25,105.25,106.25,2712200
2021-12-28,ACWI,106.36000061035156,106.54000091552734,106.04000091552734,106.13999938964844,7115000
2021-12-29,ACWI,106.12999725341797,106.31999969482422,105.77999877929688,106.1500015258789,7856400
2021-12-30,ACWI,106.12000274658203,106.4000015258789,105.87999725341797,105.94999694824219,2156000
2021-12-31,ACWI,105.94999694824219,106.20999908447266,105.72000122070312,105.77999877929688,5529600
2022-01-03,ACWI,106.12000274658203,106.36000061035156,105.55000305175781,106.33999633789062,12987500
2022-01-04,ACWI,106.7300033569336,106.77999877929688,105.88999938964844,106.25,9016100
2022-01-05,ACWI,106.30999755859375,106.44000244140625,104.47000122070312,104.5199966430664,6835700
2022-01-06,ACWI,104.31999969482422,104.94999694824219,103.80000305175781,104.30000305175781,6908700
2022-01-07,ACWI,104.44000244140625,104.72000122070312,103.7699966430664,104.27999877929688,4589400
2022-01-10,ACWI,103.55000305175781,103.9800033569336,102.30999755859375,103.9800033569336,12844900
2022-01-11,ACWI,104.08999633789062,105.22000122070312,103.58000183105469,105.22000122070312,7804600
2022-01-12,ACWI,105.79000091552734,106.08000183105469,105.30000305175781,105.86000061035156,4580800
2022-01-13,ACWI,106.04000091552734,106.12000274658203,104.29000091552734,104.44000244140625,5320100
2022-01-14,ACWI,103.9000015258789,104.51000213623047,103.51000213623047,104.47000122070312,6341200
2022-01-18,ACWI,103.26000213623047,103.37000274658203,102.44999694824219,102.66000366210938,8446000
2022-01-19,ACWI,103.11000061035156,103.41000366210938,102.0,102.04000091552734,6159500
2022-01-20,ACWI,102.63999938964844,103.58000183105469,101.19000244140625,101.23999786376953,10613600
2022-01-21,ACWI,100.93000030517578,101.31999969482422,99.44000244140625,99.5199966430664,8781100
2022-01-24,ACWI,97.87000274658203,99.4000015258789,95.5999984741211,99.36000061035156,11927600
2022-01-25,ACWI,98.02999877929688,99.37999725341797,96.91999816894531,98.36000061035156,17991900
2022-01-26,ACWI,99.69000244140625,100.16999816894531,97.16000366210938,97.87000274658203,5429500
2022-01-27,ACWI,98.61000061035156,99.2300033569336,97.02999877929688,97.37000274658203,6188700
2022-01-28,ACWI,97.37000274658203,98.95999908447266,96.44000244140625,98.93000030517578,10745600
2022-01-31,ACWI,99.0,101.05000305175781,98.87999725341797,100.97000122070312,3866600
2022-02-01,ACWI,101.19000244140625,101.83000183105469,100.4800033569336,101.75,3796400
2022-02-02,ACWI,102.37999725341797,102.61000061035156,101.68000030517578,102.4000015258789,2463300
2022-02-03,ACWI,101.11000061035156,101.58999633789062,100.2699966430664,100.44000244140625,21242100
2022-02-04,ACWI,100.36000061035156,101.56999969482422,99.91999816894531,100.88999938964844,5877900
2022-02-07,ACWI,100.93000030517578,101.41999816894531,100.5,100.69000244140625,3938700
2022-02-08,ACWI,100.55000305175781,101.63999938964844,100.33999633789062,101.47000122070312,2720600
2022-02-09,ACWI,102.5199966430664,103.06999969482422,102.5,103.06999969482422,5696300
2022-02-10,ACWI,101.83999633789062,103.2699966430664,101.16000366210938,101.58000183105469,3485200
2022-02-11,ACWI,101.56999969482422,102.01000213623047,99.4000015258789,99.6500015258789,3832900
2022-02-14,ACWI,99.5199966430664,99.76000213623047,98.5199966430664,99.27999877929688,5372100
2022-02-15,ACWI,100.41999816894531,101.05999755859375,100.33999633789062,101.0199966430664,2600300
2022-02-16,ACWI,100.58000183105469,101.47000122070312,100.31999969482422,101.25,2676200
2022-02-17,ACWI,100.54000091552734,100.5999984741211,99.16999816894531,99.29000091552734,3720400
2022-02-18,ACWI,99.31999969482422,99.5199966430664,98.1500015258789,98.55000305175781,4274300
2022-02-22,ACWI,97.8499984741211,98.55999755859375,96.66999816894531,97.41000366210938,6770900
2022-02-23,ACWI,98.27999877929688,98.27999877929688,95.86000061035156,96.02999877929688,3629200
2022-02-24,ACWI,93.08999633789062,96.51000213623047,92.83999633789062,96.43000030517578,5552400
2022-02-25,ACWI,96.86000061035156,98.58999633789062,96.54000091552734,98.56999969482422,5519800
2022-02-28,ACWI,96.95999908447266,98.37999725341797,96.79000091552734,97.87999725341797,5390800
2022-03-01,ACWI,97.5999984741211,97.9000015258789,95.69999694824219,96.22000122070312,4681800
2022-03-02,ACWI,96.77999877929688,97.91999816894531,96.41000366210938,97.5999984741211,5907300
2022-03-03,ACWI,97.86000061035156,97.94000244140625,96.2699966430664,96.61000061035156,5472700
2022-03-04,ACWI,95.23999786376953,95.41999816894531,94.3499984741211,95.18000030517578,3623000
2022-03-07,ACWI,94.80999755859375,94.87000274658203,92.19000244140625,92.22000122070312,5164500
2022-03-08,ACWI,92.56999969482422,94.12000274658203,91.52999877929688,92.11000061035156,5333100
2022-03-09,ACWI,94.11000061035156,95.26000213623047,93.69999694824219,94.9000015258789,3841700
2022-03-10,ACWI,93.75,94.31999969482422,93.20999908447266,94.1500015258789,5228600
2022-03-11,ACWI,94.72000122070312,94.83999633789062,92.76000213623047,92.8499984741211,2969100
2022-03-14,ACWI,93.18000030517578,93.77999877929688,92.01000213623047,92.25,1827000
2022-03-15,ACWI,92.56999969482422,93.9000015258789,92.2300033569336,93.69000244140625,5022900
2022-03-16,ACWI,95.12000274658203,96.86000061035156,94.36000061035156,96.86000061035156,2966000
2022-03-17,ACWI,96.38999938964844,97.8499984741211,96.20999908447266,97.8499984741211,3482600
2022-03-18,ACWI,97.13999938964844,99.02999877929688,97.13999938964844,98.93000030517578,3076400
2022-03-21,ACWI,98.73999786376953,99.05999755859375,97.87999725341797,98.58000183105469,4104200
2022-03-22,ACWI,99.11000061035156,99.97000122070312,99.11000061035156,99.7699966430664,2323700
2022-03-23,ACWI,99.13999938964844,99.56999969482422,98.62000274658203,98.6500015258789,2655100
2022-03-24,ACWI,99.05000305175781,99.83000183105469,98.77999877929688,99.79000091552734,4969100
2022-03-25,ACWI,99.72000122070312,100.08000183105469,99.16000366210938,99.9800033569336,3842000
2022-03-28,ACWI,99.83999633789062,100.41999816894531,99.29000091552734,100.37000274658203,3846100
2022-03-29,ACWI,101.76000213623047,102.02999877929688,101.12000274658203,101.9800033569336,4242600
2022-03-30,ACWI,101.7300033569336,101.94000244140625,100.98999786376953,101.41000366210938,3106600
2022-03-31,ACWI,101.11000061035156,101.29000091552734,99.77999877929688,99.77999877929688,5912300
2022-04-01,ACWI,100.48999786376953,100.52999877929688,99.66000366210938,100.43000030517578,3450700
2022-04-04,ACWI,100.62999725341797,101.4000015258789,100.45999908447266,101.4000015258789,5179000
2022-04-05,ACWI,100.97000122070312,101.3499984741211,99.68000030517578,99.94999694824219,4349400
2022-04-06,ACWI,98.9800033569336,99.31999969482422,98.16999816894531,98.80000305175781,3269700
2022-04-07,ACWI,98.6500015258789,99.44000244140625,98.05000305175781,99.01000213623047,4303700
2022-04-08,ACWI,98.87000274658203,99.44999694824219,98.5,98.91999816894531,2272700
2022-04-11,ACWI,98.30000305175781,98.33999633789062,97.33000183105469,97.51000213623047,3761400
2022-04-12,ACWI,98.05000305175781,98.47000122070312,96.70999908447266,96.97000122070312,2964600
2022-04-13,ACWI,97.01000213623047,98.2699966430664,96.97000122070312,98.13999938964844,2449700
2022-04-14,ACWI,98.2300033569336,98.33999633789062,97.0999984741211,97.11000061035156,2237300
2022-04-18,ACWI,96.91999816894531,97.38999938964844,96.54000091552734,96.94999694824219,1674800
2022-04-19,ACWI,96.63999938964844,98.12000274658203,96.62000274658203,97.9800033569336,5598500
2022-04-20,ACWI,98.55000305175781,98.56999969482422,97.77999877929688,98.06999969482422,1896400
2022-04-21,ACWI,98.8499984741211,99.06999969482422,96.37000274658203,96.55000305175781,8192900
2022-04-22,ACWI,96.4000015258789,96.43000030517578,94.27999877929688,94.37999725341797,2339700
2022-04-25,ACWI,93.62000274658203,94.56999969482422,92.76000213623047,94.52999877929688,3617900
2022-04-26,ACWI,93.91000366210938,93.91999816894531,91.88999938964844,91.91999816894531,3346500
2022-04-27,ACWI,92.19999694824219,93.20999908447266,91.72000122070312,92.2699966430664,5464900
2022-04-28,ACWI,93.16000366210938,94.55000305175781,92.19999694824219,94.19999694824219,4315300
2022-04-29,ACWI,93.98999786376953,94.48999786376953,91.6500015258789,91.7300033569336,3367900
2022-05-02,ACWI,91.69000244140625,92.31999969482422,90.30999755859375,92.02999877929688,4936500
2022-05-03,ACWI,92.33000183105469,92.97000122070312,92.0,92.58999633789062,3695000
2022-05-04,ACWI,92.47000122070312,94.97000122070312,91.7300033569336,94.7699966430664,4135800
2022-05-05,ACWI,93.66000366210938,93.66000366210938,90.6500015258789,91.54000091552734,4187400
2022-05-06,ACWI,90.87000274658203,91.41000366210938,89.69999694824219,90.62999725341797,4590200
2022-05-09,ACWI,89.25,89.44999694824219,87.45999908447266,87.76000213623047,5784400
2022-05-10,ACWI,89.16000366210938,89.41999816894531,87.18000030517578,88.06999969482422,6017700
2022-05-11,ACWI,88.16000366210938,89.25,86.81999969482422,86.97000122070312,6309300
2022-05-12,ACWI,86.30999755859375,87.58000183105469,85.5199966430664,86.8499984741211,5135400
2022-05-13,ACWI,87.88999938964844,89.31999969482422,87.77999877929688,89.13999938964844,2751700
2022-05-16,ACWI,88.7699966430664,89.54000091552734,88.30000305175781,88.8499984741211,2073300
2022-05-17,ACWI,90.33999633789062,90.66999816894531,89.58999633789062,90.6500015258789,2507700
2022-05-18,ACWI,89.7699966430664,89.8499984741211,87.3499984741211,87.62000274658203,3497500
2022-05-19,ACWI,87.16999816894531,88.48999786376953,86.95999908447266,87.69999694824219,5937500
2022-05-20,ACWI,88.63999938964844,88.72000122070312,86.19999694824219,87.94999694824219,2268400
2022-05-23,ACWI,88.61000061035156,89.5199966430664,88.18000030517578,89.37000274658203,1945400
2022-05-24,ACWI,88.41999816894531,88.86000061035156,87.41999816894531,88.62999725341797,1764600
2022-05-25,ACWI,88.16000366210938,89.62000274658203,88.12999725341797,89.23999786376953,2054600
2022-05-26,ACWI,89.37999725341797,91.05000305175781,89.37999725341797,90.70999908447266,1657800
2022-05-27,ACWI,91.37999725341797,92.56999969482422,91.30000305175781,92.55999755859375,1606100
2022-05-31,ACWI,92.55000305175781,92.93000030517578,91.81999969482422,92.13999938964844,4431600
2022-06-01,ACWI,92.77999877929688,92.88999938964844,90.94999694824219,91.45999908447266,3117700
2022-06-02,ACWI,91.69000244140625,93.30999755859375,91.30000305175781,93.30000305175781,2553600
2022-06-03,ACWI,92.19000244140625,92.4800033569336,91.56999969482422,91.75,2106100
2022-06-06,ACWI,92.9000015258789,93.08999633789062,91.87999725341797,92.08000183105469,3043500
2022-06-07,ACWI,91.33000183105469,92.86000061035156,91.19999694824219,92.77999877929688,3557800
2022-06-08,ACWI,92.43000030517578,92.75,91.73999786376953,91.91000366210938,3324900
2022-06-09,ACWI,90.58999633789062,90.94999694824219,88.94000244140625,88.94000244140625,3580400
2022-06-10,ACWI,87.43000030517578,87.69999694824219,86.5199966430664,86.62999725341797,3574600
2022-06-13,ACWI,84.3499984741211,84.75,83.12000274658203,83.41999816894531,4217100
2022-06-14,ACWI,83.6500015258789,84.02999877929688,82.47000122070312,83.16999816894531,6172000
2022-06-15,ACWI,83.94000244140625,85.33999633789062,82.91000366210938,84.44000244140625,3660600
2022-06-16,ACWI,82.37999725341797,82.61000061035156,81.45999908447266,81.97000122070312,3653500
2022-06-17,ACWI,82.0999984741211,82.69000244140625,81.26000213623047,81.93000030517578,4877700
2022-06-21,ACWI,83.33999633789062,84.08000183105469,83.25,83.76000213623047,4832300
2022-06-22,ACWI,82.7699966430664,84.13999938964844,82.55999755859375,83.27999877929688,3650800
2022-06-23,ACWI,83.62000274658203,83.91000366210938,82.7699966430664,83.76000213623047,3691000
2022-06-24,ACWI,84.61000061035156,86.33999633789062,84.61000061035156,86.30999755859375,3355000
2022-06-27,ACWI,86.54000091552734,86.61000061035156,85.87999725341797,86.05999755859375,4133600
2022-06-28,ACWI,86.58000183105469,87.04000091552734,84.76000213623047,84.79000091552734,3202000
2022-06-29,ACWI,84.87000274658203,85.02999877929688,84.26000213623047,84.55999755859375,3589900
2022-06-30,ACWI,83.45999908447266,84.43000030517578,82.77999877929688,83.88999938964844,5459500
2022-07-01,ACWI,83.5,84.55000305175781,82.93000030517578,84.4800033569336,3230800
2022-07-05,ACWI,82.94999694824219,84.06999969482422,82.4000015258789,84.05000305175781,5108900
2022-07-06,ACWI,83.98999786376953,84.58999633789062,83.41999816894531,84.16999816894531,3530200
2022-07-07,ACWI,84.69999694824219,85.6500015258789,84.69999694824219,85.51000213623047,3197700
2022-07-08,ACWI,85.12999725341797,85.9000015258789,84.81999969482422,85.44999694824219,2727300
2022-07-11,ACWI,84.68000030517578,84.7699966430664,84.08999633789062,84.23999786376953,4357500
2022-07-12,ACWI,84.02999877929688,84.52999877929688,83.37000274658203,83.72000122070312,2987400
2022-07-13,ACWI,82.5,83.94999694824219,82.44000244140625,83.37999725341797,2961000
2022-07-14,ACWI,82.01000213623047,82.9000015258789,81.47000122070312,82.80999755859375,2258200
2022-07-15,ACWI,83.69999694824219,84.22000122070312,83.1500015258789,84.22000122070312,4734000
2022-07-18,ACWI,85.08000183105469,85.31999969482422,83.75,83.98999786376953,2886400
2022-07-19,ACWI,84.91000366210938,86.20999908447266,84.91000366210938,86.12000274658203,2193700
2022-07-20,ACWI,86.06999969482422,86.70999908447266,85.79000091552734,86.38999938964844,1837500
2022-07-21,ACWI,86.23999786376953,87.30000305175781,85.94999694824219,87.2699966430664,3553400
2022-07-22,ACWI,87.36000061035156,87.70999908447266,86.11000061035156,86.52999877929688,1732700
2022-07-25,ACWI,86.87000274658203,86.95999908447266,86.38999938964844,86.80000305175781,7341200
2022-07-26,ACWI,86.36000061035156,86.44999694824219,85.62000274658203,85.75,3320400
2022-07-27,ACWI,86.5199966430664,88.12999725341797,86.45999908447266,87.8499984741211,2584100
2022-07-28,ACWI,87.93000030517578,88.80999755859375,87.19000244140625,88.69000244140625,2597300
2022-07-29,ACWI,88.7699966430664,89.88999938964844,88.62000274658203,89.81999969482422,1623700
2022-08-01,ACWI,89.2300033569336,90.05999755859375,89.05000305175781,89.52999877929688,3610700
2022-08-02,ACWI,89.08000183105469,89.8499984741211,88.62999725341797,88.83000183105469,3810700
2022-08-03,ACWI,89.23999786376953,90.13999938964844,89.08000183105469,89.97000122070312,2494100
2022-08-04,ACWI,89.9800033569336,90.29000091552734,89.73999786376953,90.11000061035156,2889600
2022-08-05,ACWI,89.0999984741211,89.98999786376953,89.02999877929688,89.83000183105469,1493400
2022-08-08,ACWI,90.2300033569336,90.80000305175781,89.69000244140625,89.87000274658203,2580300
2022-08-09,ACWI,89.80000305175781,89.88999938964844,89.25,89.44000244140625,3657200
2022-08-10,ACWI,91.08000183105469,91.41000366210938,90.73999786376953,91.30999755859375,12379800
2022-08-11,ACWI,91.93000030517578,92.41999816894531,91.2300033569336,91.38999938964844,2771500
2022-08-12,ACWI,91.76000213623047,92.66000366210938,91.5,92.6500015258789,1186400
2022-08-15,ACWI,92.05000305175781,92.7300033569336,92.01000213623047,92.62999725341797,7124300
2022-08-16,ACWI,92.2699966430664,93.05999755859375,92.22000122070312,92.69999694824219,7095000
2022-08-17,ACWI,91.9000015258789,92.5999984741211,91.58999633789062,92.02999877929688,2873100
2022-08-18,ACWI,92.04000091552734,92.18000030517578,91.68000030517578,92.0,2668600
2022-08-19,ACWI,91.33999633789062,91.38999938964844,90.56999969482422,90.7699966430664,3602900
2022-08-22,ACWI,89.79000091552734,89.79000091552734,88.91999816894531,89.05999755859375,3564400
2022-08-23,ACWI,88.98999786376953,89.69000244140625,88.93000030517578,89.05000305175781,2482700
2022-08-24,ACWI,88.83000183105469,89.5999984741211,88.75,89.27999877929688,2083000
2022-08-25,ACWI,89.63999938964844,90.5999984741211,89.51000213623047,90.5999984741211,3801500
2022-08-26,ACWI,90.70999908447266,90.73999786376953,87.87999725341797,87.9000015258789,4202100
2022-08-29,ACWI,87.33000183105469,87.9800033569336,87.1500015258789,87.36000061035156,7073600
2022-08-30,ACWI,87.7300033569336,87.7699966430664,86.06999969482422,86.45999908447266,5699500
2022-08-31,ACWI,86.93000030517578,87.0999984741211,85.9000015258789,85.9000015258789,2580900
2022-09-01,ACWI,85.20999908447266,85.7300033569336,84.4800033569336,85.69000244140625,3659900
2022-09-02,ACWI,86.43000030517578,86.72000122070312,84.58999633789062,84.94999694824219,5335900
2022-09-06,ACWI,85.08999633789062,85.2699966430664,84.1500015258789,84.4800033569336,16409700
2022-09-07,ACWI,84.2300033569336,85.87000274658203,84.19999694824219,85.73999786376953,4054700
2022-09-08,ACWI,85.19999694824219,86.20999908447266,84.87999725341797,86.13999938964844,4237600
2022-09-09,ACWI,87.02999877929688,87.87999725341797,86.98999786376953,87.7300033569336,6148900
2022-09-12,ACWI,88.33000183105469,88.98999786376953,88.31999969482422,88.80999755859375,5561400
2022-09-13,ACWI,86.9800033569336,87.16000366210938,85.08000183105469,85.30000305175781,4328300
2022-09-14,ACWI,85.5999984741211,85.94999694824219,84.98999786376953,85.63999938964844,2181200
2022-09-15,ACWI,85.16000366210938,85.83000183105469,84.48999786376953,84.75,6209600
2022-09-16,ACWI,83.8499984741211,84.18000030517578,83.38999938964844,83.98999786376953,4167400
2022-09-19,ACWI,83.23999786376953,84.55000305175781,83.2300033569336,84.54000091552734,5578300
2022-09-20,ACWI,83.77999877929688,83.91999816894531,82.94999694824219,83.5,2801600
2022-09-21,ACWI,83.7300033569336,84.37000274658203,82.11000061035156,82.12999725341797,4704500
2022-09-22,ACWI,82.18000030517578,82.26000213623047,81.30000305175781,81.5199966430664,2728200
2022-09-23,ACWI,80.4000015258789,80.41000366210938,78.91999816894531,79.80999755859375,9135300
2022-09-26,ACWI,79.31999969482422,80.06999969482422,78.55999755859375,78.86000061035156,7065600
2022-09-27,ACWI,79.55000305175781,80.0,78.11000061035156,78.5999984741211,4203500
2022-09-28,ACWI,78.66999816894531,80.47000122070312,78.37000274658203,80.20999908447266,7182400
2022-09-29,ACWI,79.13999938964844,79.27999877929688,78.02999877929688,78.69999694824219,5311400
2022-09-30,ACWI,78.41000366210938,79.33000183105469,77.7699966430664,77.83000183105469,4633100
2022-10-03,ACWI,78.66000366210938,80.05000305175781,78.26000213623047,79.68000030517578,2645600
2022-10-04,ACWI,81.19999694824219,82.41000366210938,81.19999694824219,82.4000015258789,3585800
2022-10-05,ACWI,81.33000183105469,82.48999786376953,80.83000183105469,82.02999877929688,2050400
2022-10-06,ACWI,81.58000183105469,82.12999725341797,80.95999908447266,81.08000183105469,2955500
2022-10-07,ACWI,80.33000183105469,80.3499984741211,78.69000244140625,79.0199966430664,7158700
2022-10-10,ACWI,79.20999908447266,79.20999908447266,77.91000366210938,78.38999938964844,2846600
2022-10-11,ACWI,77.97000122070312,78.87000274658203,77.3499984741211,77.7300033569336,13744800
2022-10-12,ACWI,77.77999877929688,78.05999755859375,77.37999725341797,77.5199966430664,2764200
2022-10-13,ACWI,75.86000061035156,79.55999755859375,75.70999908447266,79.2699966430664,9384300
2022-10-14,ACWI,79.80000305175781,80.05000305175781,77.5,77.58999633789062,4166700
2022-10-17,ACWI,79.06999969482422,79.8499984741211,79.06999969482422,79.5999984741211,5449900
2022-10-18,ACWI,81.13999938964844,81.22000122070312,79.62999725341797,80.3499984741211,3955700
2022-10-19,ACWI,79.70999908447266,80.22000122070312,78.98999786376953,79.52999877929688,2844000
2022-10-20,ACWI,79.58999633789062,80.58000183105469,78.9800033569336,79.1500015258789,6200900
2022-10-21,ACWI,78.93000030517578,80.91999816894531,78.56999969482422,80.83000183105469,4754500
2022-10-24,ACWI,80.6500015258789,81.30999755859375,80.0199966430664,81.06999969482422,2362600
2022-10-25,ACWI,81.26000213623047,82.58999633789062,81.22000122070312,82.5,5343900
2022-10-26,ACWI,82.08999633789062,83.44000244140625,82.05999755859375,82.51000213623047,6723700
2022-10-27,ACWI,82.55000305175781,83.02999877929688,81.9000015258789,82.01000213623047,3342300
2022-10-28,ACWI,81.8499984741211,83.41999816894531,81.7699966430664,83.31999969482422,5587800
2022-10-31,ACWI,82.6500015258789,83.08000183105469,82.5199966430664,82.7699966430664,6739400
2022-11-01,ACWI,83.9800033569336,83.98999786376953,82.58999633789062,82.8499984741211,2923000
2022-11-02,ACWI,82.83999633789062,83.83999633789062,81.08999633789062,81.1500015258789,10681700
2022-11-03,ACWI,80.23999786376953,80.97000122070312,79.8499984741211,80.44000244140625,7749200
2022-11-04,ACWI,82.2699966430664,82.66999816894531,81.06999969482422,82.33000183105469,6669600
2022-11-07,ACWI,82.66999816894531,83.04000091552734,82.16999816894531,82.8499984741211,7741200
2022-11-08,ACWI,83.1500015258789,84.06999969482422,82.66999816894531,83.43000030517578,5007300
2022-11-09,ACWI,82.94999694824219,83.23999786376953,81.80999755859375,81.88999938964844,8720600
2022-11-10,ACWI,84.98999786376953,86.3499984741211,84.5,86.27999877929688,6217200
2022-11-11,ACWI,86.77999877929688,87.7300033569336,86.47000122070312,87.58999633789062,8577000
2022-11-14,ACWI,87.12999725341797,87.7300033569336,86.75,86.80000305175781,5329600
2022-11-15,ACWI,88.29000091552734,88.47000122070312,86.86000061035156,87.63999938964844,5437000
2022-11-16,ACWI,87.3499984741211,87.4800033569336,86.83000183105469,86.9800033569336,4502500
2022-11-17,ACWI,85.58999633789062,86.8499984741211,85.58000183105469,86.7699966430664,4756300
2022-11-18,ACWI,87.30999755859375,87.4000015258789,86.44999694824219,86.94000244140625,4623400
2022-11-21,ACWI,86.4000015258789,86.6500015258789,86.04000091552734,86.45999908447266,5248600
2022-11-22,ACWI,86.86000061035156,87.58000183105469,86.5999984741211,87.54000091552734,4189400
2022-11-23,ACWI,87.51000213623047,88.33999633789062,87.51000213623047,88.22000122070312,1666700
2022-11-25,ACWI,88.19000244140625,88.4000015258789,88.08000183105469,88.29000091552734,1664600
2022-11-28,ACWI,87.69999694824219,88.05000305175781,86.87000274658203,87.01000213623047,10513600
2022-11-29,ACWI,87.30999755859375,87.62000274658203,86.87000274658203,87.19000244140625,3482400
2022-11-30,ACWI,87.63999938964844,89.66999816894531,87.06999969482422,89.66999816894531,6897400
2022-12-01,ACWI,90.08999633789062,90.37000274658203,89.30999755859375,89.80000305175781,5332300
2022-12-02,ACWI,88.79000091552734,89.94999694824219,88.76000213623047,89.72000122070312,4086400
2022-12-05,ACWI,89.19999694824219,89.38999938964844,87.91000366210938,88.19000244140625,16178500
2022-12-06,ACWI,88.25,88.3499984741211,86.83999633789062,87.25,4401400
2022-12-07,ACWI,87.05000305175781,87.54000091552734,86.87999725341797,87.08999633789062,4579300
2022-12-08,ACWI,87.47000122070312,87.95999908447266,87.16000366210938,87.76000213623047,2221000
2022-12-09,ACWI,87.76000213623047,88.19999694824219,87.30999755859375,87.33999633789062,7892800
2022-12-12,ACWI,87.5,88.12999725341797,87.22000122070312,88.12000274658203,7170700
2022-12-13,ACWI,89.91999816894531,89.91999816894531,87.80000305175781,88.25,9199600
2022-12-14,ACWI,88.30000305175781,89.0,87.25,87.91000366210938,6056000
2022-12-15,ACWI,86.87000274658203,87.02999877929688,85.41999816894531,85.75,3598200
2022-12-16,ACWI,85.1500015258789,85.5199966430664,84.54000091552734,84.91999816894531,4681100
2022-12-19,ACWI,85.11000061035156,85.13999938964844,84.0999984741211,84.4000015258789,5020400
2022-12-20,ACWI,84.4000015258789,84.95999908447266,84.0999984741211,84.58999633789062,9583300
2022-12-21,ACWI,85.12000274658203,85.94000244140625,84.9800033569336,85.69999694824219,3799300
2022-12-22,ACWI,85.1500015258789,85.19000244140625,83.58999633789062,84.66999816894531,5524900
2022-12-23,ACWI,84.51000213623047,85.06999969482422,84.16999816894531,85.05999755859375,4502300
2022-12-27,ACWI,85.1500015258789,85.3499984741211,84.69000244140625,85.02999877929688,4102300
2022-12-28,ACWI,85.05000305175781,85.38999938964844,83.93000030517578,83.93000030517578,3474700
2022-12-29,ACWI,84.76000213623047,85.58000183105469,84.61000061035156,85.38999938964844,5039100
2022-12-30,ACWI,84.81999969482422,85.05999755859375,84.33000183105469,84.87999725341797,4201900
2023-01-03,ACWI,85.51000213623047,86.0199966430664,84.4000015258789,84.9000015258789,13272000
2023-01-04,ACWI,85.81999969482422,86.27999877929688,85.11000061035156,85.9800033569336,5696300
2023-01-05,ACWI,85.41999816894531,85.5199966430664,84.91999816894531,85.0999984741211,8268000
2023-01-06,ACWI,85.80000305175781,87.25,85.12999725341797,87.06999969482422,5254100
2023-01-09,ACWI,87.66000366210938,88.33000183105469,87.22000122070312,87.26000213623047,6658500
2023-01-10,ACWI,87.19000244140625,87.7699966430664,86.91999816894531,87.75,4361200
2023-01-11,ACWI,88.06999969482422,88.69000244140625,87.91000366210938,88.66999816894531,13190300
2023-01-12,ACWI,89.12000274658203,89.52999877929688,88.11000061035156,89.29000091552734,5230700
2023-01-13,ACWI,88.7300033569336,89.77999877929688,88.72000122070312,89.69000244140625,8269400
2023-01-17,ACWI,89.69000244140625,90.06999969482422,89.47000122070312,89.62999725341797,3795100
2023-01-18,ACWI,90.18000030517578,90.30999755859375,88.61000061035156,88.6500015258789,3426900
2023-01-19,ACWI,88.30000305175781,88.68000030517578,87.87999725341797,88.30000305175781,3860000
2023-01-20,ACWI,88.44999694824219,89.68000030517578,88.19000244140625,89.66999816894531,5019800
2023-01-23,ACWI,89.66999816894531,90.77999877929688,89.55000305175781,90.45999908447266,7665800
2023-01-24,ACWI,90.05999755859375,90.5199966430664,89.77999877929688,90.33999633789062,5137400
2023-01-25,ACWI,89.62999725341797,90.62999725341797,89.23999786376953,90.55000305175781,6457200
2023-01-26,ACWI,91.11000061035156,91.36000061035156,90.4000015258789,91.31999969482422,5496300
2023-01-27,ACWI,90.94999694824219,91.80999755859375,90.91999816894531,91.37000274658203,5553300
2023-01-30,ACWI,90.77999877929688,91.18000030517578,90.2300033569336,90.2699966430664,7535100
2023-01-31,ACWI,90.16000366210938,91.26000213623047,90.08999633789062,91.25,8372000
2023-02-01,ACWI,91.0199966430664,92.70999908447266,90.43000030517578,92.18000030517578,3807600
2023-02-02,ACWI,92.94999694824219,93.23999786376953,92.22000122070312,92.93000030517578,3485900
2023-02-03,ACWI,91.80000305175781,92.79000091552734,91.62999725341797,91.86000061035156,2997800
2023-02-06,ACWI,91.2300033569336,91.29000091552734,90.66999816894531,91.0999984741211,4259400
2023-02-07,ACWI,90.91000366210938,92.2699966430664,90.61000061035156,92.06999969482422,3044800
2023-02-08,ACWI,91.87000274658203,91.98999786376953,91.1500015258789,91.27999877929688,2544300
2023-02-09,ACWI,92.27999877929688,92.3499984741211,90.61000061035156,90.87999725341797,3025700
2023-02-10,ACWI,90.56999969482422,90.88999938964844,90.29000091552734,90.80000305175781,1991800
2023-02-13,ACWI,90.94000244140625,91.81999969482422,90.83999633789062,91.76000213623047,6341100
2023-02-14,ACWI,91.41000366210938,92.29000091552734,90.97000122070312,91.80999755859375,3575700
2023-02-15,ACWI,91.02999877929688,91.87000274658203,90.95999908447266,91.87000274658203,1640700
2023-02-16,ACWI,90.8499984741211,91.79000091552734,90.7699966430664,90.94000244140625,2273900
2023-02-17,ACWI,90.41999816894531,90.76000213623047,90.05000305175781,90.70999908447266,4542000
2023-02-21,ACWI,89.87999725341797,90.12999725341797,89.0999984741211,89.16000366210938,6718300
2023-02-22,ACWI,89.18000030517578,89.43000030517578,88.62999725341797,88.91999816894531,3636800
2023-02-23,ACWI,89.5199966430664,89.6500015258789,88.47000122070312,89.3499984741211,2342100
2023-02-24,ACWI,87.95999908447266,88.29000091552734,87.66000366210938,88.16000366210938,2460100
2023-02-27,ACWI,88.94999694824219,89.23999786376953,88.51000213623047,88.68000030517578,2749900
2023-02-28,ACWI,88.56999969482422,88.80999755859375,88.22000122070312,88.22000122070312,5007600
2023-03-01,ACWI,88.52999877929688,88.80999755859375,88.12999725341797,88.41000366210938,3307700
2023-03-02,ACWI,87.94000244140625,89.08000183105469,87.83000183105469,88.88999938964844,5607400
2023-03-03,ACWI,89.41999816894531,90.30999755859375,89.16999816894531,90.2300033569336,3629400
2023-03-06,ACWI,90.27999877929688,90.73999786376953,90.08000183105469,90.16999816894531,4315600
2023-03-07,ACWI,90.02999877929688,90.11000061035156,88.5999984741211,88.75,1492600
2023-03-08,ACWI,88.8499984741211,89.16999816894531,88.5199966430664,88.94000244140625,1800000
2023-03-09,ACWI,89.0,89.33999633789062,87.3499984741211,87.51000213623047,2954900
2023-03-10,ACWI,87.38999938964844,87.80000305175781,86.12000274658203,86.36000061035156,5485100
2023-03-13,ACWI,85.51000213623047,87.05000305175781,85.30999755859375,86.13999938964844,5470000
2023-03-14,ACWI,87.05999755859375,87.62000274658203,86.48999786376953,87.33000183105469,2071200
2023-03-15,ACWI,85.4800033569336,86.12999725341797,84.94999694824219,86.12000274658203,3277200
2023-03-16,ACWI,85.68000030517578,87.55000305175781,85.5,87.5199966430664,4573200
2023-03-17,ACWI,87.16000366210938,87.31999969482422,86.2300033569336,86.56999969482422,2466800
2023-03-20,ACWI,86.7699966430664,87.58000183105469,86.7300033569336,87.41000366210938,2152700
2023-03-21,ACWI,88.36000061035156,88.68000030517578,87.97000122070312,88.56999969482422,2800100
2023-03-22,ACWI,88.6500015258789,89.58000183105469,87.58999633789062,87.62000274658203,3106200
2023-03-23,ACWI,88.3499984741211,89.16000366210938,87.33999633789062,87.8499984741211,2834300
2023-03-24,ACWI,87.36000061035156,88.11000061035156,86.94000244140625,88.05999755859375,5883400
2023-03-27,ACWI,88.4800033569336,88.66000366210938,88.05999755859375,88.37000274658203,1570500
2023-03-28,ACWI,88.38999938964844,88.54000091552734,88.05999755859375,88.44999694824219,6464300
2023-03-29,ACWI,89.29000091552734,89.5999984741211,89.06999969482422,89.52999877929688,5193800
2023-03-30,ACWI,90.31999969482422,90.4000015258789,89.91999816894531,90.26000213623047,1973900
2023-03-31,ACWI,90.55999755859375,91.19999694824219,90.44999694824219,91.16000366210938,3182400
2023-04-03,ACWI,91.12999725341797,91.7300033569336,91.05000305175781,91.69000244140625,7711200
2023-04-04,ACWI,91.75,91.88999938964844,91.02999877929688,91.37000274658203,2146600
2023-04-05,ACWI,91.12000274658203,91.20999908447266,90.56999969482422,90.9000015258789,1678700
2023-04-06,ACWI,90.72000122070312,91.36000061035156,90.5199966430664,91.26000213623047,1758100
2023-04-10,ACWI,90.73999786376953,91.31999969482422,90.56999969482422,91.31999969482422,1310600
2023-04-11,ACWI,91.48999786376953,91.75,91.3499984741211,91.5,2008000
2023-04-12,ACWI,92.05000305175781,92.13999938964844,91.25,91.3499984741211,2390200
2023-04-13,ACWI,91.77999877929688,92.6500015258789,91.77999877929688,92.56999969482422,2465600
2023-04-14,ACWI,92.41999816894531,92.8499984741211,91.83000183105469,92.30000305175781,1095600
2023-04-17,ACWI,92.22000122070312,92.47000122070312,91.91999816894531,92.47000122070312,3195200
2023-04-18,ACWI,92.87999725341797,92.91999816894531,92.36000061035156,92.63999938964844,1634700
2023-04-19,ACWI,92.13999938964844,92.61000061035156,92.0999984741211,92.44999694824219,4394400
2023-04-20,ACWI,91.94000244140625,92.45999908447266,91.80999755859375,92.11000061035156,1860500
2023-04-21,ACWI,92.05000305175781,92.26000213623047,91.68000030517578,92.16999816894531,3061900
2023-04-24,ACWI,92.0999984741211,92.30999755859375,91.86000061035156,92.20999908447266,2106400
2023-04-25,ACWI,91.66000366210938,91.7300033569336,90.70999908447266,90.7300033569336,3988400
2023-04-26,ACWI,91.12000274658203,91.19000244140625,90.4000015258789,90.5,8732000
2023-04-27,ACWI,91.08999633789062,92.0999984741211,90.98999786376953,92.05000305175781,5115500
2023-04-28,ACWI,91.73999786376953,92.58999633789062,91.69999694824219,92.58999633789062,1619600
2023-05-01,ACWI,92.55999755859375,92.8499984741211,92.43000030517578,92.47000122070312,923000
2023-05-02,ACWI,92.12999725341797,92.12999725341797,90.83999633789062,91.43000030517578,1313600
2023-05-03,ACWI,91.55999755859375,92.13999938964844,91.05999755859375,91.0999984741211,3964000
2023-05-04,ACWI,91.0199966430664,91.11000061035156,90.5,90.7699966430664,2789300
2023-05-05,ACWI,91.45999908447266,92.5,91.43000030517578,92.30999755859375,3620000
2023-05-08,ACWI,92.48999786376953,92.48999786376953,92.08999633789062,92.3499984741211,1866500
2023-05-09,ACWI,91.80999755859375,92.1500015258789,91.75,91.95999908447266,1514800
2023-05-10,ACWI,92.36000061035156,92.47000122070312,91.44000244140625,92.19000244140625,6397000
2023-05-11,ACWI,91.83999633789062,91.98999786376953,91.43000030517578,91.95999908447266,3497500
2023-05-12,ACWI,92.08000183105469,92.12000274658203,91.26000213623047,91.69999694824219,1265300
2023-05-15,ACWI,91.94000244140625,92.37999725341797,91.69999694824219,92.33000183105469,2903900
2023-05-16,ACWI,91.97000122070312,92.13999938964844,91.58000183105469,91.58999633789062,3550100
2023-05-17,ACWI,91.88999938964844,92.55000305175781,91.55000305175781,92.44999694824219,2749100
2023-05-18,ACWI,92.33999633789062,92.98999786376953,92.18000030517578,92.91000366210938,4237500
2023-05-19,ACWI,93.13999938964844,93.29000091552734,92.73999786376953,92.97000122070312,1909600
2023-05-22,ACWI,93.0999984741211,93.37999725341797,92.87999725341797,93.11000061035156,1831400
2023-05-23,ACWI,92.62999725341797,92.75,91.91000366210938,91.94000244140625,3814000
2023-05-24,ACWI,91.41999816894531,91.41999816894531,90.91000366210938,91.08999633789062,1917200
2023-05-25,ACWI,91.58999633789062,91.72000122070312,91.06999969482422,91.45999908447266,1838200
2023-05-26,ACWI,91.73999786376953,92.79000091552734,91.73999786376953,92.66000366210938,2216500
2023-05-30,ACWI,92.87000274658203,92.91999816894531,92.0,92.27999877929688,4063500
2023-05-31,ACWI,91.68000030517578,91.87999725341797,91.16999816894531,91.62000274658203,2274600
2023-06-01,ACWI,91.7699966430664,92.91000366210938,91.63999938964844,92.70999908447266,5391900
2023-06-02,ACWI,93.63999938964844,94.26000213623047,93.48999786376953,94.08999633789062,5408800
2023-06-05,ACWI,94.12000274658203,94.27999877929688,93.70999908447266,93.83999633789062,4295300
2023-06-06,ACWI,93.81999969482422,94.37000274658203,93.72000122070312,94.29000091552734,5434000
2023-06-07,ACWI,93.33999633789062,93.58000183105469,92.76000213623047,92.83999633789062,8882900
2023-06-08,ACWI,92.94999694824219,93.61000061035156,92.83999633789062,93.51000213623047,3750500
2023-06-09,ACWI,93.69000244140625,94.02999877929688,93.44999694824219,93.63999938964844,3250700
2023-06-12,ACWI,93.87999725341797,94.33000183105469,93.70999908447266,94.31999969482422,3086600
2023-06-13,ACWI,94.9000015258789,95.20999908447266,94.72000122070312,95.05000305175781,4370100
2023-06-14,ACWI,95.29000091552734,95.66000366210938,94.56999969482422,95.27999877929688,1349400
2023-06-15,ACWI,95.23999786376953,96.55999755859375,95.16000366210938,96.36000061035156,2295700
2023-06-16,ACWI,96.80999755859375,96.80999755859375,96.0,96.08000183105469,2292300
2023-06-20,ACWI,95.37999725341797,95.5,94.8499984741211,95.19999694824219,4809700
2023-06-21,ACWI,94.93000030517578,95.23999786376953,94.69000244140625,94.87000274658203,2768500
2023-06-22,ACWI,94.5199966430664,94.9000015258789,94.4000015258789,94.88999938964844,1609700
2023-06-23,ACWI,93.80000305175781,94.20999908447266,93.76000213623047,93.91000366210938,1995200
2023-06-26,ACWI,93.94999694824219,94.26000213623047,93.7300033569336,93.75,1824500
2023-06-27,ACWI,94.06999969482422,94.81999969482422,93.87999725341797,94.73999786376953,2984900
2023-06-28,ACWI,94.5,94.91999816894531,94.36000061035156,94.7300033569336,1317500
2023-06-29,ACWI,94.5199966430664,94.88999938964844,94.43000030517578,94.88999938964844,1937300
2023-06-30,ACWI,95.66000366210938,96.08999633789062,95.58999633789062,95.94000244140625,2247800
2023-07-03,ACWI,96.0199966430664,96.22000122070312,95.97000122070312,96.16999816894531,1508900
2023-07-05,ACWI,95.68000030517578,95.8499984741211,95.52999877929688,95.69999694824219,3163500
2023-07-06,ACWI,94.62000274658203,94.66000366210938,93.9800033569336,94.5199966430664,2127100
2023-07-07,ACWI,94.4800033569336,95.41999816894531,94.44000244140625,94.70999908447266,949000
2023-07-10,ACWI,94.56999969482422,94.97000122070312,94.56999969482422,94.94999694824219,1066400
2023-07-11,ACWI,95.26000213623047,95.7699966430664,95.0199966430664,95.69999694824219,725200
2023-07-12,ACWI,96.7699966430664,97.04000091552734,96.62000274658203,96.8499984741211,3326100
2023-07-13,ACWI,97.54000091552734,98.08999633789062,97.4800033569336,97.94999694824219,1997500
2023-07-14,ACWI,98.04000091552734,98.0999984741211,97.56999969482422,97.68000030517578,3898500
2023-07-17,ACWI,97.54000091552734,98.0999984741211,97.45999908447266,97.93000030517578,4090700
2023-07-18,ACWI,97.8499984741211,98.56999969482422,97.75,98.4800033569336,3427400
2023-07-19,ACWI,98.5999984741211,98.8499984741211,98.44000244140625,98.5999984741211,6198500
2023-07-20,ACWI,98.38999938964844,98.52999877929688,97.79000091552734,97.94000244140625,6185600
2023-07-21,ACWI,98.26000213623047,98.31999969482422,97.94000244140625,97.98999786376953,2109400
2023-07-24,ACWI,98.0999984741211,98.5,97.95999908447266,98.33999633789062,3472400
2023-07-25,ACWI,98.38999938964844,98.87000274658203,98.37999725341797,98.66000366210938,4697300
2023-07-26,ACWI,98.30000305175781,99.05999755859375,98.30000305175781,98.79000091552734,3511300
2023-07-27,ACWI,99.52999877929688,99.52999877929688,97.98999786376953,98.16999816894531,3035900
2023-07-28,ACWI,98.98999786376953,99.4000015258789,98.86000061035156,99.19999694824219,4202600
2023-07-31,ACWI,99.30000305175781,99.51000213623047,99.1500015258789,99.38999938964844,2951900
2023-08-01,ACWI,98.83000183105469,99.01000213623047,98.52999877929688,98.69999694824219,3209200
2023-08-02,ACWI,97.76000213623047,97.83000183105469,96.91999816894531,97.06999969482422,5789100
2023-08-03,ACWI,96.55000305175781,97.19000244140625,96.4800033569336,96.83999633789062,5379100
2023-08-04,ACWI,97.20999908447266,97.79000091552734,96.52999877929688,96.63999938964844,2931100
2023-08-07,ACWI,97.08000183105469,97.33000183105469,96.73999786376953,97.29000091552734,1602700
2023-08-08,ACWI,96.45999908447266,96.83000183105469,95.9800033569336,96.7300033569336,2672500
2023-08-09,ACWI,96.88999938964844,96.9000015258789,96.13999938964844,96.31999969482422,1622300
2023-08-10,ACWI,97.01000213623047,97.69999694824219,96.2699966430664,96.47000122070312,3729100
2023-08-11,ACWI,95.91999816894531,96.38999938964844,95.80000305175781,96.11000061035156,912800
2023-08-14,ACWI,95.62999725341797,96.30000305175781,95.5,96.30000305175781,3811000
2023-08-15,ACWI,95.86000061035156,95.87999725341797,94.9800033569336,95.12000274658203,4823700
2023-08-16,ACWI,94.88999938964844,95.2699966430664,94.37000274658203,94.38999938964844,1946600
2023-08-17,ACWI,94.75,94.83000183105469,93.66000366210938,93.7699966430664,2662700
2023-08-18,ACWI,93.05000305175781,93.94000244140625,93.0199966430664,93.7300033569336,2441400
2023-08-21,ACWI,93.98999786376953,94.37000274658203,93.51000213623047,94.22000122070312,1641600
2023-08-22,ACWI,94.66000366210938,94.66000366210938,93.91000366210938,94.01000213623047,1550800
2023-08-23,ACWI,94.3499984741211,95.26000213623047,94.30999755859375,95.12000274658203,3203100
2023-08-24,ACWI,95.22000122070312,95.37999725341797,93.88999938964844,93.91000366210938,1937400
2023-08-25,ACWI,94.26000213623047,94.7699966430664,93.48999786376953,94.4800033569336,2030800
2023-08-28,ACWI,95.0199966430664,95.33999633789062,94.88999938964844,95.20999908447266,2006900
2023-08-29,ACWI,95.11000061035156,96.61000061035156,95.0999984741211,96.55999755859375,2711500
2023-08-30,ACWI,96.62999725341797,96.97000122070312,96.43000030517578,96.80000305175781,1707600
2023-08-31,ACWI,96.80000305175781,96.98999786376953,96.44000244140625,96.5,3860900
2023-09-01,ACWI,97.23999786376953,97.38999938964844,96.5,96.7699966430664,2337800
2023-09-05,ACWI,96.58999633789062,96.62999725341797,96.20999908447266,96.20999908447266,2095100
2023-09-06,ACWI,96.06999969482422,96.1500015258789,95.23999786376953,95.6500015258789,1371400
2023-09-07,ACWI,95.06999969482422,95.41000366210938,94.9000015258789,95.29000091552734,1748700
2023-09-08,ACWI,95.31999969482422,95.6500015258789,95.19000244140625,95.33000183105469,1110400
2023-09-11,ACWI,96.08000183105469,96.16999816894531,95.77999877929688,96.1500015258789,1015800
2023-09-12,ACWI,95.7699966430664,96.16999816894531,95.6500015258789,95.69000244140625,1073700
2023-09-13,ACWI,95.69999694824219,95.95999908447266,95.47000122070312,95.72000122070312,2860200
2023-09-14,ACWI,96.3499984741211,96.7300033569336,96.08000183105469,96.5999984741211,1336300
2023-09-15,ACWI,96.47000122070312,96.51000213623047,95.72000122070312,95.81999969482422,4235400
2023-09-18,ACWI,95.5999984741211,95.91999816894531,95.4800033569336,95.72000122070312,616000
2023-09-19,ACWI,95.56999969482422,95.72000122070312,95.05999755859375,95.51000213623047,1716600
2023-09-20,ACWI,95.81999969482422,96.0199966430664,94.8499984741211,94.88999938964844,1121300
2023-09-21,ACWI,94.05999755859375,94.1500015258789,93.25,93.31999969482422,2613600
2023-09-22,ACWI,93.70999908447266,93.97000122070312,93.20999908447266,93.26000213623047,1521300
2023-09-25,ACWI,92.80999755859375,93.38999938964844,92.75,93.37999725341797,1647100
2023-09-26,ACWI,92.69999694824219,92.87999725341797,91.9000015258789,92.0199966430664,4868200
2023-09-27,ACWI,92.37999725341797,92.45999908447266,91.31999969482422,92.05999755859375,2563100
2023-09-28,ACWI,91.98999786376953,92.94000244140625,91.81999969482422,92.62999725341797,2619000
2023-09-29,ACWI,93.44999694824219,93.44999694824219,92.16000366210938,92.37000274658203,2476000
2023-10-02,ACWI,92.1500015258789,92.29000091552734,91.48999786376953,91.95999908447266,1748700
2023-10-03,ACWI,91.36000061035156,91.63999938964844,90.44000244140625,90.7300033569336,1968800
2023-10-04,ACWI,90.80000305175781,91.26000213623047,90.3499984741211,91.12000274658203,1850900
2023-10-05,ACWI,91.25,91.5,90.69000244140625,91.3499984741211,8876300
2023-10-06,ACWI,90.98999786376953,92.76000213623047,90.63999938964844,92.4800033569336,5040300
2023-10-09,ACWI,91.8499984741211,92.91999816894531,91.77999877929688,92.80999755859375,3179700
2023-10-10,ACWI,93.23999786376953,94.05999755859375,93.12999725341797,93.58999633789062,4807300
2023-10-11,ACWI,93.98999786376953,94.11000061035156,93.41000366210938,94.0199966430664,1612800
2023-10-12,ACWI,94.12000274658203,94.12000274658203,92.83999633789062,93.30000305175781,2831800
2023-10-13,ACWI,93.45999908447266,93.69000244140625,92.41999816894531,92.7699966430664,5099400
2023-10-16,ACWI,93.08999633789062,93.77999877929688,93.02999877929688,93.62000274658203,4269600
2023-10-17,ACWI,92.9000015258789,94.08999633789062,92.87999725341797,93.66000366210938,5424200
2023-10-18,ACWI,93.1500015258789,93.26000213623047,92.0999984741211,92.31999969482422,5959300
2023-10-19,ACWI,92.25,92.69000244140625,91.33999633789062,91.48999786376953,2798500
2023-10-20,ACWI,91.27999877929688,91.38999938964844,90.38999938964844,90.4000015258789,3277000
2023-10-23,ACWI,89.98999786376953,91.02999877929688,89.66999816894531,90.33000183105469,3015100
2023-10-24,ACWI,90.70999908447266,91.19999694824219,90.44999694824219,90.98999786376953,1578300
2023-10-25,ACWI,90.61000061035156,90.61000061035156,89.72000122070312,89.83000183105469,2571200
2023-10-26,ACWI,89.5199966430664,89.72000122070312,88.69000244140625,88.91000366210938,2376400
2023-10-27,ACWI,89.41999816894531,89.47000122070312,88.33999633789062,88.58999633789062,2660100
2023-10-30,ACWI,89.3499984741211,89.80999755859375,89.04000091552734,89.62000274658203,2524900
2023-10-31,ACWI,89.7699966430664,90.05999755859375,89.30000305175781,90.0199966430664,3220000
2023-11-01,ACWI,90.2300033569336,91.05000305175781,90.08999633789062,90.91999816894531,6827900
2023-11-02,ACWI,92.06999969482422,92.7699966430664,91.9800033569336,92.72000122070312,2577500
2023-11-03,ACWI,93.4000015258789,94.06999969482422,93.4000015258789,93.79000091552734,3144100
2023-11-06,ACWI,93.98999786376953,94.06999969482422,93.51000213623047,93.87000274658203,2623400
2023-11-07,ACWI,93.62000274658203,93.97000122070312,93.33999633789062,93.81999969482422,3239700
2023-11-08,ACWI,93.86000061035156,94.05999755859375,93.37000274658203,93.80000305175781,2046600
2023-11-09,ACWI,94.13999938964844,94.22000122070312,93.16999816894531,93.23999786376953,12563900
2023-11-10,ACWI,93.4800033569336,94.36000061035156,93.08999633789062,94.30999755859375,2003700
2023-11-13,ACWI,93.95999908447266,94.55000305175781,93.86000061035156,94.33000183105469,3011000
2023-11-14,ACWI,95.76000213623047,96.62000274658203,95.56999969482422,96.38999938964844,3893200
2023-11-15,ACWI,96.69999694824219,97.0199966430664,96.44999694824219,96.58999633789062,4183700
2023-11-16,ACWI,96.37000274658203,96.66999816894531,96.11000061035156,96.5199966430664,2122600
2023-11-17,ACWI,96.80999755859375,97.04000091552734,96.61000061035156,96.94999694824219,4134900
2023-11-20,ACWI,96.88999938964844,97.81999969482422,96.88999938964844,97.62999725341797,3102200
2023-11-21,ACWI,97.52999877929688,97.52999877929688,97.20999908447266,97.37000274658203,3352300
2023-11-22,ACWI,97.61000061035156,97.83000183105469,97.31999969482422,97.63999938964844,3275500
2023-11-24,ACWI,97.72000122070312,97.9000015258789,97.6500015258789,97.87999725341797,774500
2023-11-27,ACWI,97.70999908447266,97.77999877929688,97.52999877929688,97.62000274658203,8016600
2023-11-28,ACWI,97.58999633789062,98.02999877929688,97.41999816894531,97.77999877929688,6387600
2023-11-29,ACWI,98.1500015258789,98.33000183105469,97.69999694824219,97.7699966430664,4086800
2023-11-30,ACWI,97.88999938964844,98.12000274658203,97.58000183105469,98.0199966430664,3946800
2023-12-01,ACWI,97.83000183105469,98.8499984741211,97.77999877929688,98.75,5299500
2023-12-04,ACWI,97.93000030517578,98.30999755859375,97.73999786376953,98.13999938964844,3605500
2023-12-05,ACWI,97.80000305175781,98.18000030517578,97.66000366210938,97.94999694824219,2374800
2023-12-06,ACWI,98.5999984741211,98.5999984741211,97.69999694824219,97.76000213623047,3211000
2023-12-07,ACWI,98.13999938964844,98.51000213623047,97.91999816894531,98.38999938964844,2923200
2023-12-08,ACWI,98.12999725341797,98.81999969482422,98.12999725341797,98.70999908447266,2459800
2023-12-11,ACWI,98.52999877929688,99.12000274658203,98.47000122070312,99.05999755859375,4661300
2023-12-12,ACWI,98.94999694824219,99.41000366210938,98.69000244140625,99.37999725341797,3356200
2023-12-13,ACWI,99.47000122070312,100.80000305175781,99.18000030517578,100.75,6968900
2023-12-14,ACWI,101.33000183105469,101.69000244140625,100.88999938964844,101.4000015258789,3648600
2023-12-15,ACWI,101.25,101.4000015258789,100.88999938964844,100.97000122070312,2759200
2023-12-18,ACWI,101.33999633789062,101.55999755859375,101.16000366210938,101.41999816894531,2490300
2023-12-19,ACWI,101.73999786376953,102.16999816894531,101.66999816894531,102.1500015258789,8803800
2023-12-20,ACWI,101.02999877929688,101.3499984741211,99.76000213623047,99.77999877929688,8277200
2023-12-21,ACWI,100.5999984741211,101.06999969482422,100.2699966430664,101.02999877929688,4268500
2023-12-22,ACWI,101.1500015258789,101.47000122070312,100.80000305175781,101.18000030517578,3520000
2023-12-26,ACWI,101.4000015258789,101.83999633789062,101.30000305175781,101.66999816894531,3021300
2023-12-27,ACWI,101.72000122070312,102.02999877929688,101.5999984741211,101.95999908447266,3906000
2023-12-28,ACWI,102.12999725341797,102.27999877929688,101.91000366210938,101.95999908447266,3909100
2023-12-29,ACWI,101.97000122070312,102.1500015258789,101.4800033569336,101.7699966430664,3341500
2024-01-02,ACWI,101.01000213623047,101.2300033569336,100.58999633789062,100.9000015258789,4067100
2024-01-03,ACWI,100.2699966430664,100.54000091552734,99.94000244140625,100.0999984741211,3666800
2024-01-04,ACWI,99.9800033569336,100.62000274658203,99.91999816894531,99.98999786376953,2677000
2024-01-05,ACWI,99.97000122070312,100.7300033569336,99.86000061035156,100.08000183105469,3524100
2024-01-08,ACWI,100.11000061035156,101.29000091552734,100.08000183105469,101.27999877929688,7516600
2024-01-09,ACWI,100.4800033569336,101.02999877929688,100.41000366210938,100.81999969482422,4043600
2024-01-10,ACWI,100.91999816894531,101.44000244140625,100.83000183105469,101.29000091552734,7878600
2024-01-11,ACWI,101.47000122070312,101.62999725341797,100.41000366210938,101.23999786376953,5916000
2024-01-12,ACWI,101.72000122070312,101.97000122070312,101.2699966430664,101.44999694824219,3336100
2024-01-16,ACWI,100.79000091552734,100.9800033569336,100.2300033569336,100.55999755859375,5238500
2024-01-17,ACWI,99.58999633789062,99.83000183105469,99.26000213623047,99.79000091552734,13827200
2024-01-18,ACWI,100.1500015258789,100.72000122070312,99.88999938964844,100.66000366210938,5332200
2024-01-19,ACWI,100.80999755859375,101.69000244140625,100.55999755859375,101.66999816894531,3887700
2024-01-22,ACWI,101.87000274658203,102.1500015258789,101.68000030517578,101.83000183105469,17480900
2024-01-23,ACWI,101.81999969482422,102.06999969482422,101.58999633789062,102.04000091552734,12402400
2024-01-24,ACWI,102.94999694824219,103.06999969482422,102.31999969482422,102.37999725341797,5796800
2024-01-25,ACWI,102.76000213623047,102.80000305175781,102.30000305175781,102.79000091552734,4227600
2024-01-26,ACWI,102.9000015258789,103.12999725341797,102.69999694824219,102.87999725341797,4609900
2024-01-29,ACWI,102.9000015258789,103.61000061035156,102.7699966430664,103.55999755859375,5161200
2024-01-30,ACWI,103.30000305175781,103.5,103.16000366210938,103.38999938964844,2354400
2024-01-31,ACWI,103.0999984741211,103.30999755859375,102.02999877929688,102.05000305175781,7041000
2024-02-01,ACWI,102.38999938964844,103.31999969482422,102.23999786376953,103.31999969482422,11843600
2024-02-02,ACWI,103.12000274658203,103.98999786376953,102.97000122070312,103.73999786376953,5939800
2024-02-05,ACWI,103.47000122070312,103.62000274658203,102.81999969482422,103.33999633789062,3258400
2024-02-06,ACWI,103.62999725341797,103.94000244140625,103.48999786376953,103.94000244140625,5034200
2024-02-07,ACWI,104.12000274658203,104.55999755859375,104.05999755859375,104.47000122070312,2348400
2024-02-08,ACWI,104.43000030517578,104.51000213623047,104.20999908447266,104.44999694824219,4335400
2024-02-09,ACWI,104.58000183105469,105.06999969482422,104.5,105.01000213623047,3663800
2024-02-12,ACWI,104.94999694824219,105.55999755859375,104.94999694824219,105.13999938964844,3071700
2024-02-13,ACWI,103.69000244140625,103.93000030517578,102.9000015258789,103.47000122070312,3387200
2024-02-14,ACWI,104.16000366210938,104.68000030517578,103.83999633789062,104.61000061035156,2691600
2024-02-15,ACWI,104.83999633789062,105.47000122070312,104.80999755859375,105.44999694824219,3224900
2024-02-16,ACWI,105.47000122070312,105.76000213623047,104.95999908447266,105.19000244140625,2704600
2024-02-20,ACWI,105.16000366210938,105.25,104.4800033569336,104.88999938964844,3328500
2024-02-21,ACWI,104.6500015258789,104.94000244140625,104.29000091552734,104.91999816894531,4057800
2024-02-22,ACWI,106.08000183105469,106.87999725341797,106.02999877929688,106.7300033569336,4529700
2024-02-23,ACWI,106.94999694824219,107.11000061035156,106.58999633789062,106.7699966430664,1867900
2024-02-26,ACWI,106.76000213623047,106.86000061035156,106.4000015258789,106.4800033569336,2002300
2024-02-27,ACWI,106.52999877929688,106.72000122070312,106.3499984741211,106.69000244140625,5568300
2024-02-28,ACWI,106.20999908447266,106.38999938964844,106.08999633789062,106.23999786376953,4609100
2024-02-29,ACWI,106.7300033569336,106.8499984741211,106.0999984741211,106.6500015258789,4878200
2024-03-01,ACWI,106.91999816894531,107.75,106.73999786376953,107.68000030517578,3603700
2024-03-04,ACWI,107.52999877929688,107.83000183105469,107.44000244140625,107.5199966430664,3548200
2024-03-05,ACWI,107.19999694824219,107.37000274658203,106.23999786376953,106.6500015258789,3913600
2024-03-06,ACWI,107.63999938964844,107.91000366210938,107.2300033569336,107.4800033569336,2515400
2024-03-07,ACWI,108.13999938964844,108.75,107.98999786376953,108.5999984741211,2188000
2024-03-08,ACWI,108.81999969482422,109.22000122070312,107.9000015258789,108.06999969482422,3063100
2024-03-11,ACWI,107.69999694824219,107.95999908447266,107.3499984741211,107.8499984741211,1490700
2024-03-12,ACWI,108.30999755859375,109.0,107.7699966430664,108.94000244140625,2195700
2024-03-13,ACWI,108.87999725341797,109.05999755859375,108.55999755859375,108.80000305175781,2082800
2024-03-14,ACWI,108.94999694824219,108.94999694824219,107.80000305175781,108.37000274658203,3938900
2024-03-15,ACWI,107.97000122070312,108.19999694824219,107.55000305175781,107.81999969482422,2241000
2024-03-18,ACWI,108.54000091552734,108.66000366210938,108.19000244140625,108.26000213623047,1913200
2024-03-19,ACWI,108.06999969482422,108.7300033569336,107.83999633789062,108.63999938964844,3858000
2024-03-20,ACWI,108.68000030517578,109.77999877929688,108.56999969482422,109.73999786376953,2954100
2024-03-21,ACWI,110.26000213623047,110.37000274658203,109.94000244140625,109.9800033569336,4229400
2024-03-22,ACWI,109.9000015258789,109.97000122070312,109.63999938964844,109.72000122070312,1712000
2024-03-25,ACWI,109.44999694824219,109.7300033569336,109.43000030517578,109.5,871600
2024-03-26,ACWI,109.80999755859375,109.88999938964844,109.33000183105469,109.3499984741211,1940300
2024-03-27,ACWI,109.86000061035156,110.1500015258789,109.5,110.1500015258789,1268500
2024-03-28,ACWI,110.0999984741211,110.3499984741211,110.05999755859375,110.12999725341797,986300
2024-04-01,ACWI,110.23999786376953,110.37999725341797,109.62999725341797,109.87000274658203,1857200
2024-04-02,ACWI,109.05000305175781,109.26000213623047,108.87000274658203,109.22000122070312,1836400
2024-04-03,ACWI,109.04000091552734,109.76000213623047,109.0199966430664,109.4800033569336,2473600
2024-04-04,ACWI,110.44999694824219,110.44999694824219,108.30999755859375,108.37999725341797,2584200
2024-04-05,ACWI,108.55000305175781,109.56999969482422,108.4000015258789,109.2300033569336,4344700
2024-04-08,ACWI,109.54000091552734,109.69000244140625,109.31999969482422,109.45999908447266,1934900
2024-04-09,ACWI,109.93000030517578,109.97000122070312,108.7699966430664,109.62000274658203,1983600
2024-04-10,ACWI,108.27999877929688,108.80000305175781,107.94000244140625,108.37000274658203,7321600
2024-04-11,ACWI,108.69999694824219,109.23999786376953,107.9000015258789,109.01000213623047,1702100
2024-04-12,ACWI,108.08999633789062,108.41000366210938,107.02999877929688,107.33000183105469,3319500
2024-04-15,ACWI,108.26000213623047,108.29000091552734,106.08000183105469,106.29000091552734,5107700
2024-04-16,ACWI,105.91000366210938,106.29000091552734,105.43000030517578,105.7300033569336,2512400
2024-04-17,ACWI,106.27999877929688,106.30999755859375,104.98999786376953,105.33999633789062,2289800
2024-04-18,ACWI,105.5199966430664,106.04000091552734,104.98999786376953,105.19000244140625,1116500
2024-04-19,ACWI,105.08000183105469,105.38999938964844,104.29000091552734,104.54000091552734,4029600
2024-04-22,ACWI,105.05000305175781,106.05999755859375,104.77999877929688,105.5999984741211,2442700
2024-04-23,ACWI,105.94000244140625,106.9000015258789,105.9000015258789,106.77999877929688,2936800
2024-04-24,ACWI,107.05000305175781,107.12999725341797,106.2699966430664,106.72000122070312,2191900
2024-04-25,ACWI,105.37999725341797,106.55000305175781,105.11000061035156,106.38999938964844,2621100
2024-04-26,ACWI,107.02999877929688,107.61000061035156,106.91999816894531,107.37999725341797,2381300
2024-04-29,ACWI,107.73999786376953,107.93000030517578,107.37000274658203,107.8499984741211,1799800
2024-04-30,ACWI,107.44999694824219,107.66000366210938,106.22000122070312,106.22000122070312,2361000
2024-05-01,ACWI,106.22000122070312,107.45999908447266,105.80000305175781,105.94000244140625,2208200
2024-05-02,ACWI,106.95999908447266,107.41999816894531,106.08999633789062,107.26000213623047,2099800
2024-05-03,ACWI,108.38999938964844,108.66000366210938,107.8499984741211,108.43000030517578,3358900
2024-05-06,ACWI,108.93000030517578,109.41000366210938,108.8499984741211,109.41000366210938,1740500
2024-05-07,ACWI,109.55999755859375,109.69999694824219,109.30000305175781,109.44000244140625,2224000
2024-05-08,ACWI,108.9000015258789,109.44999694824219,108.9000015258789,109.37999725341797,564100
2024-05-09,ACWI,109.44999694824219,110.05000305175781,109.31999969482422,110.04000091552734,925400
2024-05-10,ACWI,110.47000122070312,110.56999969482422,110.01000213623047,110.18000030517578,856100
2024-05-13,ACWI,110.58999633789062,110.58999633789062,110.08000183105469,110.25,787900
2024-05-14,ACWI,110.37000274658203,110.91999816894531,110.3499984741211,110.86000061035156,1106900
2024-05-15,ACWI,111.36000061035156,112.18000030517578,111.22000122070312,112.12999725341797,2645100
2024-05-16,ACWI,112.18000030517578,112.36000061035156,111.87000274658203,111.9000015258789,2796900
2024-05-17,ACWI,111.9000015258789,112.16999816894531,111.80999755859375,112.16000366210938,1785100
2024-05-20,ACWI,112.18000030517578,112.48999786376953,112.08000183105469,112.2300033569336,3488600
2024-05-21,ACWI,111.91999816894531,112.2699966430664,111.88999938964844,112.25,1540800
2024-05-22,ACWI,112.0,112.06999969482422,111.31999969482422,111.72000122070312,2051000
2024-05-23,ACWI,112.48999786376953,112.48999786376953,110.73999786376953,110.9800033569336,1731900
2024-05-24,ACWI,111.37000274658203,111.86000061035156,111.23999786376953,111.69999694824219,927600
2024-05-28,ACWI,111.9800033569336,112.01000213623047,111.23999786376953,111.7300033569336,2290800
2024-05-29,ACWI,110.66999816894531,110.81999969482422,110.51000213623047,110.5999984741211,5467500
2024-05-30,ACWI,110.5199966430664,110.7699966430664,110.08000183105469,110.31999969482422,4292300
2024-05-31,ACWI,110.48999786376953,111.0999984741211,109.56999969482422,111.08000183105469,1879700
2024-06-03,ACWI,111.58000183105469,111.66000366210938,110.43000030517578,111.30000305175781,3648700
2024-06-04,ACWI,110.91000366210938,111.27999877929688,110.5,111.1500015258789,1941400
2024-06-05,ACWI,111.81999969482422,112.43000030517578,111.33999633789062,112.43000030517578,2322800
2024-06-06,ACWI,112.76000213623047,112.76000213623047,112.19000244140625,112.54000091552734,2458000
2024-06-07,ACWI,112.41000366210938,112.55000305175781,111.9000015258789,111.9800033569336,2217600
2024-06-10,ACWI,111.81999969482422,112.4000015258789,111.61000061035156,112.30999755859375,8037900
2024-06-11,ACWI,111.05000305175781,111.18000030517578,110.31999969482422,111.1500015258789,8451800
2024-06-12,ACWI,112.41000366210938,112.80000305175781,111.9800033569336,112.22000122070312,3698100
2024-06-13,ACWI,112.29000091552734,112.33999633789062,111.37999725341797,111.87000274658203,4186700
2024-06-14,ACWI,111.29000091552734,111.66000366210938,111.05999755859375,111.66000366210938,1931500
2024-06-17,ACWI,111.48999786376953,112.56999969482422,111.38999938964844,112.37000274658203,999300
2024-06-18,ACWI,112.37000274658203,112.83000183105469,112.37000274658203,112.83000183105469,2895100
2024-06-20,ACWI,112.9800033569336,113.08000183105469,112.20999908447266,112.5999984741211,3286100
2024-06-21,ACWI,112.27999877929688,112.41999816894531,111.93000030517578,112.1500015258789,1650500
2024-06-24,ACWI,112.2699966430664,113.05999755859375,112.25,112.25,3223300
2024-06-25,ACWI,112.36000061035156,112.66000366210938,112.16000366210938,112.58999633789062,2770300
2024-06-26,ACWI,112.19999694824219,112.58000183105469,112.05000305175781,112.45999908447266,2970100
2024-06-27,ACWI,112.58999633789062,112.81999969482422,112.33999633789062,112.62000274658203,3234100
2024-06-28,ACWI,112.87000274658203,113.31999969482422,112.08000183105469,112.4000015258789,3997400
2024-07-01,ACWI,112.80999755859375,112.87000274658203,112.16000366210938,112.58999633789062,2068200
2024-07-02,ACWI,112.3499984741211,113.19999694824219,112.30000305175781,113.19000244140625,1170400
2024-07-03,ACWI,113.37000274658203,114.06999969482422,113.37000274658203,114.01000213623047,692700
2024-07-05,ACWI,114.02999877929688,114.72000122070312,113.93000030517578,114.66000366210938,1694400
2024-07-08,ACWI,114.80000305175781,114.93000030517578,114.44999694824219,114.66000366210938,1788900
2024-07-09,ACWI,114.80000305175781,114.87000274658203,114.51000213623047,114.62999725341797,2000600
2024-07-10,ACWI,115.0,115.88999938964844,115.0,115.80000305175781,1685800
2024-07-11,ACWI,116.08999633789062,116.37999725341797,115.2300033569336,115.3499984741211,3787400
2024-07-12,ACWI,115.69000244140625,116.80999755859375,115.69000244140625,116.19000244140625,1776500
2024-07-15,ACWI,116.41999816894531,116.68000030517578,115.7699966430664,116.06999969482422,2661300
2024-07-16,ACWI,116.2300033569336,116.75,116.12000274658203,116.69000244140625,12654900
2024-07-17,ACWI,115.62999725341797,115.93000030517578,115.16000366210938,115.22000122070312,2736900
2024-07-18,ACWI,115.73999786376953,115.73999786376953,113.86000061035156,114.23999786376953,3432400
2024-07-19,ACWI,114.11000061035156,114.30999755859375,113.33000183105469,113.48999786376953,3837400
2024-07-22,ACWI,114.30000305175781,114.72000122070312,114.0,114.66000366210938,1556400
2024-07-23,ACWI,114.48999786376953,114.76000213623047,114.19999694824219,114.2699966430664,1374100
2024-07-24,ACWI,113.5,113.55000305175781,111.88999938964844,112.0199966430664,2834000
2024-07-25,ACWI,111.61000061035156,113.0199966430664,111.12000274658203,111.44999694824219,3338200
2024-07-26,ACWI,112.33999633789062,113.19000244140625,112.19999694824219,112.7699966430664,1745200
2024-07-29,ACWI,112.91000366210938,113.05000305175781,112.30000305175781,112.66999816894531,1641400
2024-07-30,ACWI,112.9000015258789,113.1500015258789,111.69000244140625,112.29000091552734,2305300
2024-07-31,ACWI,113.79000091552734,114.69000244140625,113.62999725341797,114.12999725341797,2361800
2024-08-01,ACWI,113.9800033569336,114.41000366210938,111.47000122070312,112.0999984741211,2101500
2024-08-02,ACWI,110.5199966430664,110.80999755859375,109.23999786376953,110.12999725341797,3615000
2024-08-05,ACWI,105.30999755859375,108.23999786376953,105.30999755859375,107.23999786376953,6906000
2024-08-06,ACWI,107.27999877929688,109.23999786376953,106.95999908447266,107.97000122070312,4126700
2024-08-07,ACWI,109.55999755859375,109.98999786376953,107.6500015258789,107.7699966430664,10883700
2024-08-08,ACWI,108.75,110.19000244140625,108.41000366210938,110.04000091552734,2609100
2024-08-09,ACWI,109.93000030517578,110.75,109.63999938964844,110.52999877929688,1569500
2024-08-12,ACWI,110.79000091552734,111.06999969482422,110.19000244140625,110.61000061035156,3017000
2024-08-13,ACWI,111.25,112.4000015258789,111.18000030517578,112.30999755859375,4334700
2024-08-14,ACWI,112.5199966430664,112.80000305175781,112.02999877929688,112.61000061035156,1621100
2024-08-15,ACWI,113.68000030517578,114.41999816894531,113.66999816894531,114.4000015258789,859700
2024-08-16,ACWI,114.26000213623047,114.9000015258789,114.20999908447266,114.80000305175781,2234700
2024-08-19,ACWI,115.20999908447266,115.95999908447266,115.04000091552734,115.94999694824219,2268800
2024-08-20,ACWI,115.87000274658203,116.0999984741211,115.37000274658203,115.66000366210938,1776200
2024-08-21,ACWI,115.98999786376953,116.41999816894531,115.66999816894531,116.26000213623047,2689000
2024-08-22,ACWI,116.54000091552734,116.66000366210938,115.13999938964844,115.33999633789062,2864100
2024-08-23,ACWI,116.0999984741211,116.9800033569336,116.01000213623047,116.9000015258789,2086800
2024-08-26,ACWI,116.9000015258789,117.0,116.20999908447266,116.47000122070312,2118100
2024-08-27,ACWI,116.41999816894531,116.83999633789062,116.13999938964844,116.69999694824219,1466500
2024-08-28,ACWI,116.62000274658203,116.6500015258789,115.4800033569336,116.05999755859375,1113400
2024-08-29,ACWI,116.44000244140625,117.12999725341797,115.98999786376953,116.16000366210938,2105900
2024-08-30,ACWI,116.5999984741211,117.08999633789062,115.91000366210938,116.9800033569336,1105300
2024-09-03,ACWI,116.37999725341797,116.37999725341797,114.2699966430664,114.73999786376953,1730100
2024-09-04,ACWI,114.26000213623047,115.06999969482422,114.12999725341797,114.38999938964844,1663000
2024-09-05,ACWI,114.41000366210938,114.93000030517578,113.79000091552734,114.25,1311900
2024-09-06,ACWI,114.25,114.56999969482422,112.12000274658203,112.30999755859375,1865700
2024-09-09,ACWI,113.23999786376953,113.79000091552734,112.88999938964844,113.47000122070312,1101500
2024-09-10,ACWI,113.68000030517578,113.70999908447266,112.63999938964844,113.62999725341797,1075800
2024-09-11,ACWI,113.61000061035156,114.81999969482422,112.06999969482422,114.62999725341797,2528100
2024-09-12,ACWI,114.81999969482422,115.70999908447266,114.4000015258789,115.62999725341797,1991300
2024-09-13,ACWI,115.91000366210938,116.38999938964844,115.7699966430664,116.20999908447266,1015100
2024-09-16,ACWI,116.33000183105469,116.66999816894531,115.94999694824219,116.61000061035156,3171800
2024-09-17,ACWI,116.95999908447266,117.12999725341797,116.08000183105469,116.48999786376953,1563900
2024-09-18,ACWI,116.55000305175781,117.5999984741211,116.02999877929688,116.16000366210938,1133600
2024-09-19,ACWI,118.19000244140625,118.56999969482422,117.55000305175781,118.2300033569336,2830700
2024-09-20,ACWI,117.8499984741211,118.0,117.27999877929688,117.76000213623047,2584000
2024-09-23,ACWI,118.16999816894531,118.36000061035156,117.94000244140625,118.20999908447266,1127100
2024-09-24,ACWI,118.7300033569336,119.05999755859375,118.26000213623047,119.0199966430664,1765900
2024-09-25,ACWI,119.01000213623047,119.11000061035156,118.41999816894531,118.5199966430664,2631200
2024-09-26,ACWI,119.91000366210938,120.19000244140625,119.41999816894531,119.83999633789062,1331600
2024-09-27,ACWI,119.98999786376953,120.23999786376953,119.3499984741211,119.55999755859375,1619200
2024-09-30,ACWI,119.43000030517578,119.63999938964844,118.62999725341797,119.55000305175781,3410500
2024-10-01,ACWI,119.44999694824219,119.58000183105469,118.16999816894531,118.79000091552734,2631100
2024-10-02,ACWI,118.69999694824219,119.19000244140625,118.30999755859375,119.06999969482422,5192700
2024-10-03,ACWI,118.45999908447266,118.87000274658203,118.12999725341797,118.4800033569336,1287800
2024-10-04,ACWI,119.23999786376953,119.58000183105469,118.62999725341797,119.4800033569336,907200
2024-10-07,ACWI,119.3499984741211,119.37999725341797,118.4000015258789,118.7300033569336,2220200
2024-10-08,ACWI,118.72000122070312,119.13999938964844,118.54000091552734,119.04000091552734,1346100
2024-10-09,ACWI,118.69999694824219,119.63999938964844,118.61000061035156,119.52999877929688,1163000
2024-10-10,ACWI,119.31999969482422,119.5999984741211,118.94999694824219,119.41000366210938,653800
2024-10-11,ACWI,119.31999969482422,120.29000091552734,119.31999969482422,120.16000366210938,1093800
2024-10-14,ACWI,120.25,120.93000030517578,120.13999938964844,120.77999877929688,634100
2024-10-15,ACWI,120.58000183105469,120.68000030517578,119.26000213623047,119.5199966430664,925500
2024-10-16,ACWI,119.56999969482422,120.08999633789062,119.51000213623047,120.0,1476600
2024-10-17,ACWI,120.4800033569336,120.5999984741211,119.93000030517578,119.94999694824219,2363200
2024-10-18,ACWI,120.62000274658203,120.76000213623047,120.29000091552734,120.6500015258789,996400
2024-10-21,ACWI,120.0,120.44000244140625,119.58000183105469,120.06999969482422,2487700
2024-10-22,ACWI,119.51000213623047,120.04000091552734,119.38999938964844,119.80999755859375,5334000
2024-10-23,ACWI,119.5,119.5,118.0999984741211,118.75,3230000
2024-10-24,ACWI,119.26000213623047,119.27999877929688,118.54000091552734,119.02999877929688,3242300
2024-10-25,ACWI,119.5199966430664,119.93000030517578,118.75,118.81999969482422,3116100
2024-10-28,ACWI,119.5,119.66000366210938,119.36000061035156,119.44000244140625,1559300
2024-10-29,ACWI,119.25,119.62000274658203,118.95999908447266,119.37000274658203,1370800
2024-10-30,ACWI,118.9000015258789,119.5,118.70999908447266,118.83999633789062,1196100
2024-10-31,ACWI,118.18000030517578,118.20999908447266,116.98999786376953,117.05000305175781,2210200
2024-11-01,ACWI,117.7300033569336,118.31999969482422,117.41999816894531,117.5,1897000
2024-11-04,ACWI,117.80999755859375,118.08999633789062,117.19999694824219,117.4800033569336,1935700
2024-11-05,ACWI,117.83999633789062,118.87000274658203,117.83000183105469,118.8499984741211,1754700
2024-11-06,ACWI,119.7300033569336,120.41999816894531,119.16000366210938,120.2699966430664,3767200
2024-11-07,ACWI,121.1500015258789,121.86000061035156,121.06999969482422,121.62000274658203,1079800
2024-11-08,ACWI,121.27999877929688,121.48999786376953,121.01000213623047,121.30000305175781,1200400
2024-11-11,ACWI,121.62000274658203,121.72000122070312,121.0999984741211,121.44999694824219,1885300
2024-11-12,ACWI,121.08999633789062,121.12000274658203,120.01000213623047,120.55000305175781,1440800
2024-11-13,ACWI,120.44999694824219,120.66000366210938,119.87999725341797,120.30999755859375,2627600
2024-11-14,ACWI,120.41000366210938,120.62000274658203,119.6500015258789,119.75,1081900
2024-11-15,ACWI,119.33999633789062,119.33999633789062,118.31999969482422,118.63999938964844,2126900
2024-11-18,ACWI,118.77999877929688,119.44000244140625,118.55000305175781,119.2300033569336,2145700
2024-11-19,ACWI,118.47000122070312,119.72000122070312,118.26000213623047,119.55999755859375,2115400
2024-11-20,ACWI,119.5199966430664,119.55999755859375,118.5199966430664,119.55999755859375,1851000
2024-11-21,ACWI,119.94999694824219,120.2699966430664,119.11000061035156,120.01000213623047,3615000
2024-11-22,ACWI,120.01000213623047,120.52999877929688,119.94999694824219,120.44000244140625,2370400
2024-11-25,ACWI,121.33000183105469,121.44000244140625,120.44000244140625,120.86000061035156,1392500
2024-11-26,ACWI,121.04000091552734,121.19000244140625,120.61000061035156,121.04000091552734,1691500
2024-11-27,ACWI,121.16999816894531,121.41999816894531,120.62999725341797,120.94999694824219,1367900
2024-11-29,ACWI,121.08999633789062,121.91999816894531,121.0,121.7699966430664,1756600
2024-12-02,ACWI,121.9000015258789,122.16999816894531,121.62999725341797,122.02999877929688,2306100
2024-12-03,ACWI,122.11000061035156,122.33999633789062,121.87000274658203,122.25,1195800
2024-12-04,ACWI,122.66000366210938,122.95999908447266,122.4800033569336,122.9000015258789,2090600
2024-12-05,ACWI,122.98999786376953,123.2699966430664,122.68000030517578,122.97000122070312,2185900
2024-12-06,ACWI,123.19999694824219,123.37999725341797,122.95999908447266,123.12000274658203,1442500
2024-12-09,ACWI,123.55999755859375,123.58000183105469,122.73999786376953,122.83000183105469,4113700
2024-12-10,ACWI,122.88999938964844,122.88999938964844,121.97000122070312,122.0999984741211,2371900
2024-12-11,ACWI,122.70999908447266,123.12999725341797,122.62999725341797,122.97000122070312,3039700
2024-12-12,ACWI,122.70999908447266,122.9000015258789,122.18000030517578,122.19999694824219,2622700
2024-12-13,ACWI,122.5,122.62000274658203,121.79000091552734,122.05999755859375,2132600
2024-12-16,ACWI,122.19999694824219,122.58000183105469,122.11000061035156,122.30999755859375,8437000
2024-12-17,ACWI,120.83999633789062,120.98999786376953,120.55000305175781,120.77999877929688,5852200
2024-12-18,ACWI,120.75,121.04000091552734,117.0199966430664,117.19000244140625,6811200
2024-12-19,ACWI,118.22000122070312,118.41999816894531,117.16000366210938,117.19999694824219,4804800
2024-12-20,ACWI,116.48999786376953,119.04000091552734,116.36000061035156,118.12000274658203,4712000
2024-12-23,ACWI,117.9000015258789,118.94999694824219,117.55000305175781,118.8499984741211,3194700
2024-12-24,ACWI,118.94999694824219,119.87000274658203,118.9000015258789,119.8499984741211,825400
2024-12-26,ACWI,119.5,120.19000244140625,119.41999816894531,119.94999694824219,1489200
2024-12-27,ACWI,119.4000015258789,119.41999816894531,118.36000061035156,119.04000091552734,3466700
2024-12-30,ACWI,117.91000366210938,118.41999816894531,117.2300033569336,117.81999969482422,2461700
2024-12-31,ACWI,118.2699966430664,118.37999725341797,117.27999877929688,117.5,5077300
2025-01-02,ACWI,118.01000213623047,118.36000061035156,116.63999938964844,117.2699966430664,4057000
2025-01-03,ACWI,117.80999755859375,118.63999938964844,117.56999969482422,118.48999786376953,2191900
2025-01-06,ACWI,119.52999877929688,120.0999984741211,119.02999877929688,119.30999755859375,3330900
2025-01-07,ACWI,119.81999969482422,119.9000015258789,117.80999755859375,118.16000366210938,15707400
2025-01-08,ACWI,117.80000305175781,118.37999725341797,117.43000030517578,118.16999816894531,2782700
2025-01-10,ACWI,117.44999694824219,117.44999694824219,116.04000091552734,116.37000274658203,4178300
2025-01-13,ACWI,115.27999877929688,116.37000274658203,115.05000305175781,116.3499984741211,2217500
2025-01-14,ACWI,117.0,117.05000305175781,116.01000213623047,116.68000030517578,1798300
2025-01-15,ACWI,118.37000274658203,118.81999969482422,118.05000305175781,118.58000183105469,2160000
2025-01-16,ACWI,118.87999725341797,118.98999786376953,118.38999938964844,118.58999633789062,4808300
2025-01-17,ACWI,119.43000030517578,119.87000274658203,119.25,119.5999984741211,1391100
2025-01-21,ACWI,120.4000015258789,120.97000122070312,120.06999969482422,120.95999908447266,2330400
2025-01-22,ACWI,121.69000244140625,121.69999694824219,121.30999755859375,121.4000015258789,2224100
2025-01-23,ACWI,121.29000091552734,122.06999969482422,121.2300033569336,122.06999969482422,2041900
2025-01-24,ACWI,122.30000305175781,122.4800033569336,121.87000274658203,122.05999755859375,1253100
2025-01-27,ACWI,119.77999877929688,120.73999786376953,119.77999877929688,120.5999984741211,5934800
2025-01-28,ACWI,120.69999694824219,121.55000305175781,120.25,121.4000015258789,1527600
2025-01-29,ACWI,121.23999786376953,121.4800033569336,120.58999633789062,121.04000091552734,1495600
2025-01-30,ACWI,121.66000366210938,122.41000366210938,121.41999816894531,121.97000122070312,2623100
2025-01-31,ACWI,122.3499984741211,122.79000091552734,121.0999984741211,121.19000244140625,2871000
2025-02-03,ACWI,119.37999725341797,120.68000030517578,118.91999816894531,120.20999908447266,3330800
2025-02-04,ACWI,120.55000305175781,121.44000244140625,120.47000122070312,121.30000305175781,2030500
2025-02-05,ACWI,121.43000030517578,121.94000244140625,120.94999694824219,121.88999938964844,2394500
2025-02-06,ACWI,122.27999877929688,122.33999633789062,121.72000122070312,122.30999755859375,1145200
2025-02-07,ACWI,122.56999969482422,122.76000213623047,121.2300033569336,121.33000183105469,2692700
2025-02-10,ACWI,122.16000366210938,122.31999969482422,121.80999755859375,122.30999755859375,1794500
2025-02-11,ACWI,121.94999694824219,122.48999786376953,121.76000213623047,122.33000183105469,2912800
2025-02-12,ACWI,121.43000030517578,122.48999786376953,121.1500015258789,122.22000122070312,1542000
2025-02-13,ACWI,122.70999908447266,123.63999938964844,122.2699966430664,123.63999938964844,1946800
2025-02-14,ACWI,124.0199966430664,124.0199966430664,123.52999877929688,123.62000274658203,1850600
2025-02-18,ACWI,123.8499984741211,124.1500015258789,123.66000366210938,124.12999725341797,1465600
2025-02-19,ACWI,123.69000244140625,124.05999755859375,123.5,123.9800033569336,1712200
2025-02-20,ACWI,123.9800033569336,124.05000305175781,123.19999694824219,123.80999755859375,1265200
2025-02-21,ACWI,123.88999938964844,123.88999938964844,121.95999908447266,122.12999725341797,1722500
2025-02-24,ACWI,122.4000015258789,122.55999755859375,121.30999755859375,121.4800033569336,3654200
2025-02-25,ACWI,122.0199966430664,122.04000091552734,120.5,121.29000091552734,3115400
2025-02-26,ACWI,121.91999816894531,122.4800033569336,121.08999633789062,121.5199966430664,1515300
2025-02-27,ACWI,121.68000030517578,121.80000305175781,119.61000061035156,119.66999816894531,2304900
2025-02-28,ACWI,119.44999694824219,120.9000015258789,118.9000015258789,120.83000183105469,3213100
2025-03-03,ACWI,121.80000305175781,121.95999908447266,118.80000305175781,119.55000305175781,2080500
2025-03-04,ACWI,118.87000274658203,120.20999908447266,117.38999938964844,118.68000030517578,2477100
2025-03-05,ACWI,119.29000091552734,120.8499984741211,118.77999877929688,120.55999755859375,3238500
2025-03-06,ACWI,119.36000061035156,120.19000244140625,118.27999877929688,118.69999694824219,2601800
2025-03-07,ACWI,118.56999969482422,119.69999694824219,117.61000061035156,119.5,3069400
2025-03-10,ACWI,117.62999725341797,118.02999877929688,115.4000015258789,116.41000366210938,3143300
2025-03-11,ACWI,116.20999908447266,116.91000366210938,114.93000030517578,115.80000305175781,3854200
2025-03-12,ACWI,116.80999755859375,117.06999969482422,115.45999908447266,116.48999786376953,6023800
2025-03-13,ACWI,116.05999755859375,116.3499984741211,114.83999633789062,115.16000366210938,3381500
2025-03-14,ACWI,116.13999938964844,117.62999725341797,116.12000274658203,117.44999694824219,1630700
2025-03-17,ACWI,117.62999725341797,119.05000305175781,117.55999755859375,118.62000274658203,1420900
2025-03-18,ACWI,118.19000244140625,118.3499984741211,117.30999755859375,117.7699966430664,2009500
2025-03-19,ACWI,117.95999908447266,119.44999694824219,117.69999694824219,118.7300033569336,5359100
2025-03-20,ACWI,117.62999725341797,118.86000061035156,117.54000091552734,118.2300033569336,2272500
2025-03-21,ACWI,117.18000030517578,118.12999725341797,117.0199966430664,117.9800033569336,1582900
2025-03-24,ACWI,119.06999969482422,119.70999908447266,118.9000015258789,119.70999908447266,3691600
2025-03-25,ACWI,119.9000015258789,120.0199966430664,119.56999969482422,119.7699966430664,2414000
2025-03-26,ACWI,119.52999877929688,119.75,118.16000366210938,118.44999694824219,1724100
2025-03-27,ACWI,118.19000244140625,118.9000015258789,117.81999969482422,118.27999877929688,1785600
2025-03-28,ACWI,117.83000183105469,117.94999694824219,116.06999969482422,116.23999786376953,2029600
2025-03-31,ACWI,114.9800033569336,116.6500015258789,114.26000213623047,116.38999938964844,2622600
2025-04-01,ACWI,116.12999725341797,117.12000274658203,115.45999908447266,116.80000305175781,2637400
2025-04-02,ACWI,115.66999816894531,117.86000061035156,115.66000366210938,117.4000015258789,2394300
2025-04-03,ACWI,114.0999984741211,114.73999786376953,112.76000213623047,112.91000366210938,3714800
2025-04-04,ACWI,109.56999969482422,109.83000183105469,106.0,106.0,6192600
2025-04-07,ACWI,102.79000091552734,108.73999786376953,101.25,104.97000122070312,10798000
2025-04-08,ACWI,108.33000183105469,108.83000183105469,102.19000244140625,103.58999633789062,7824500
2025-04-09,ACWI,103.08999633789062,113.16999816894531,102.91999816894531,112.69999694824219,10941700
2025-04-10,ACWI,110.62000274658203,110.76000213623047,106.44000244140625,109.25,10438700
2025-04-11,ACWI,109.0199966430664,111.83999633789062,108.87000274658203,111.0999984741211,5281600
2025-04-14,ACWI,113.52999877929688,113.6500015258789,111.63999938964844,112.6500015258789,2556900
2025-04-15,ACWI,112.97000122070312,113.62000274658203,112.55000305175781,112.72000122070312,2828800
2025-04-16,ACWI,111.86000061035156,112.5199966430664,110.05000305175781,110.93000030517578,4677800
2025-04-17,ACWI,111.77999877929688,112.33000183105469,111.0,111.4000015258789,2470700
2025-04-21,ACWI,110.76000213623047,110.98999786376953,108.55000305175781,109.5999984741211,6984800
2025-04-22,ACWI,110.77999877929688,112.56999969482422,110.77999877929688,112.06999969482422,5349000
2025-04-23,ACWI,114.45999908447266,115.18000030517578,113.16999816894531,113.44000244140625,2144700
2025-04-24,ACWI,113.93000030517578,115.62000274658203,113.58000183105469,115.51000213623047,2877600
2025-04-25,ACWI,115.27999877929688,116.2300033569336,114.94999694824219,116.18000030517578,2710400
2025-04-28,ACWI,116.38999938964844,116.70999908447266,115.43000030517578,116.4000015258789,3091000
2025-04-29,ACWI,116.19000244140625,117.23999786376953,116.0,116.98999786376953,3759800
2025-04-30,ACWI,115.86000061035156,117.37999725341797,114.8499984741211,116.98999786376953,4055100
2025-05-01,ACWI,117.97000122070312,118.41999816894531,117.3499984741211,117.41999816894531,1376200
2025-05-02,ACWI,119.0,119.66000366210938,118.77999877929688,119.41000366210938,1844000
2025-05-05,ACWI,118.80000305175781,119.66999816894531,118.80000305175781,119.16999816894531,2752200
2025-05-06,ACWI,118.36000061035156,119.18000030517578,118.0,118.4800033569336,3736600
2025-05-07,ACWI,118.27999877929688,119.0,117.81999969482422,118.58000183105469,3436800
2025-05-08,ACWI,119.02999877929688,119.88999938964844,118.54000091552734,118.97000122070312,2864500
2025-05-09,ACWI,119.43000030517578,119.68000030517578,118.86000061035156,119.12999725341797,1836500
2025-05-12,ACWI,121.75,122.04000091552734,120.9800033569336,122.02999877929688,3858000
2025-05-13,ACWI,121.93000030517578,123.08000183105469,121.9000015258789,122.68000030517578,2243100
2025-05-14,ACWI,122.98999786376953,123.16999816894531,122.45999908447266,122.79000091552734,1840900
2025-05-15,ACWI,122.66000366210938,123.4800033569336,122.4800033569336,123.44999694824219,2173000
2025-05-16,ACWI,123.61000061035156,124.06999969482422,123.1500015258789,124.04000091552734,1662200
2025-05-19,ACWI,123.08000183105469,124.4800033569336,123.0,124.43000030517578,2018900
2025-05-20,ACWI,124.16000366210938,124.38999938964844,123.70999908447266,124.29000091552734,1078900
2025-05-21,ACWI,123.75,124.47000122070312,122.55999755859375,122.75,6068200
2025-05-22,ACWI,122.37000274658203,123.30999755859375,122.29000091552734,122.68000030517578,2633500
2025-05-23,ACWI,121.29000091552734,122.72000122070312,121.25,122.30000305175781,2805900
2025-05-27,ACWI,123.58999633789062,124.38999938964844,123.33000183105469,124.3499984741211,4211100
2025-05-28,ACWI,123.97000122070312,124.27999877929688,123.33999633789062,123.45999908447266,2161800
2025-05-29,ACWI,124.54000091552734,124.54000091552734,123.23999786376953,123.91000366210938,5597500
2025-05-30,ACWI,123.79000091552734,123.9800033569336,122.55999755859375,123.6500015258789,8231700
2025-06-02,ACWI,123.66000366210938,124.58000183105469,123.06999969482422,124.56999969482422,2623000
2025-06-03,ACWI,124.19999694824219,125.05999755859375,124.08000183105469,124.8499984741211,1475700
2025-06-04,ACWI,125.06999969482422,125.54000091552734,125.04000091552734,125.16999816894531,2672900
2025-06-05,ACWI,125.70999908447266,125.80000305175781,124.45999908447266,124.80000305175781,3730000
2025-06-06,ACWI,125.69999694824219,126.0,125.37999725341797,125.76000213623047,1264300
2025-06-09,ACWI,125.79000091552734,126.26000213623047,125.66999816894531,125.91999816894531,1256000
2025-06-10,ACWI,126.08999633789062,126.58000183105469,125.81999969482422,126.5199966430664,2072900
2025-06-11,ACWI,126.86000061035156,126.98999786376953,126.0199966430664,126.3499984741211,2503800
2025-06-12,ACWI,126.12999725341797,126.9000015258789,126.12999725341797,126.8499984741211,1639300
2025-06-13,ACWI,125.55999755859375,126.26000213623047,125.06999969482422,125.38999938964844,3165900
2025-06-16,ACWI,125.33000183105469,126.04000091552734,125.27999877929688,125.5199966430664,3243100
2025-06-17,ACWI,124.88999938964844,125.13999938964844,124.05999755859375,124.25,2058600
2025-06-18,ACWI,124.45999908447266,124.95999908447266,124.05999755859375,124.29000091552734,4647800
2025-06-20,ACWI,124.58999633789062,124.76000213623047,123.56999969482422,123.73999786376953,2794800
2025-06-23,ACWI,123.51000213623047,124.91000366210938,123.19999694824219,124.8499984741211,6718500
2025-06-24,ACWI,125.94000244140625,126.66999816894531,125.73999786376953,126.5,6680100
2025-06-25,ACWI,126.5199966430664,126.54000091552734,126.08999633789062,126.41000366210938,2421400
2025-06-26,ACWI,126.9800033569336,127.55000305175781,126.80000305175781,127.47000122070312,3802200
2025-06-27,ACWI,127.7699966430664,128.44000244140625,127.36000061035156,128.0399932861328,3147800
2025-06-30,ACWI,128.41000366210938,128.80999755859375,128.08999633789062,128.60000610351562,4963400
2025-07-01,ACWI,128.19000244140625,128.7100067138672,128.08999633789062,128.52999877929688,3796500
2025-07-02,ACWI,128.4199981689453,129.05999755859375,128.19000244140625,129.0500030517578,2118900
2025-07-03,ACWI,129.3800048828125,129.9499969482422,129.25,129.7899932861328,1570200
2025-07-07,ACWI,129.27999877929688,129.3699951171875,128.19000244140625,128.66000366210938,2434800
2025-07-08,ACWI,128.80999755859375,129.13999938964844,128.60000610351562,128.8800048828125,1526800
2025-07-09,ACWI,129.38999938964844,129.6199951171875,128.97000122070312,129.5800018310547,1904300
2025-07-10,ACWI,129.42999267578125,130.00999450683594,129.25999450683594,129.85000610351562,1262000
2025-07-11,ACWI,129.08999633789062,129.41000366210938,128.9499969482422,129.1999969482422,879300
2025-07-14,ACWI,129.10000610351562,129.47999572753906,128.88999938964844,129.3800048828125,3144900
2025-07-15,ACWI,129.97999572753906,130.0399932861328,128.8300018310547,128.83999633789062,1498800
2025-07-16,ACWI,128.94000244140625,129.39999389648438,128.24000549316406,129.33999633789062,3145200
2025-07-17,ACWI,129.25999450683594,129.9499969482422,129.1999969482422,129.86000061035156,7461500
2025-07-18,ACWI,130.3300018310547,130.3699951171875,129.63999938964844,129.75999450683594,1766400
2025-07-21,ACWI,130.22999572753906,130.75,130.0399932861328,130.1300048828125,2426000
2025-07-22,ACWI,130.32000732421875,130.4600067138672,129.64999389648438,130.35000610351562,1964900
2025-07-23,ACWI,131.25999450683594,131.91000366210938,130.91000366210938,131.89999389648438,3900200
2025-07-24,ACWI,131.8000030517578,131.9499969482422,131.60000610351562,131.6300048828125,1664300
2025-07-25,ACWI,131.42999267578125,131.9600067138672,131.35000610351562,131.8800048828125,1487900
2025-07-28,ACWI,131.6199951171875,131.6300048828125,131.0399932861328,131.2899932861328,1965300
2025-07-29,ACWI,131.4499969482422,131.57000732421875,130.8800048828125,131.0500030517578,2139600
2025-07-30,ACWI,131.02999877929688,131.33999633789062,130.10000610351562,130.61000061035156,4468000
2025-07-31,ACWI,131.08999633789062,131.2100067138672,129.74000549316406,129.9600067138672,5994500
2025-08-01,ACWI,129.1300048828125,129.1300048828125,127.7699966430664,128.32000732421875,8378900
2025-08-04,ACWI,129.2100067138672,130.19000244140625,129.2100067138672,130.1699981689453,5921700
2025-08-05,ACWI,130.39999389648438,130.5800018310547,129.5399932861328,129.80999755859375,2230900
2025-08-06,ACWI,130.1999969482422,130.91000366210938,129.99000549316406,130.77999877929688,2940400
2025-08-07,ACWI,131.6999969482422,131.8300018310547,130.4600067138672,131.08999633789062,2779500
2025-08-08,ACWI,131.41000366210938,131.97000122070312,131.30999755859375,131.86000061035156,2377500
2025-08-11,ACWI,131.8000030517578,132.02999877929688,131.3000030517578,131.50999450683594,3282500
2025-08-12,ACWI,132.05999755859375,132.99000549316406,131.85000610351562,132.9499969482422,2548200
2025-08-13,ACWI,133.4600067138672,133.74000549316406,129.82000732421875,133.55999755859375,2269500
2025-08-14,ACWI,133.1300048828125,133.47000122070312,132.88999938964844,133.35000610351562,2425700
2025-08-15,ACWI,133.6699981689453,133.69000244140625,133.16000366210938,133.3800048828125,1600100
2025-08-18,ACWI,133.1999969482422,133.44000244140625,133.08999633789062,133.41000366210938,4721000
2025-08-19,ACWI,133.42999267578125,133.55999755859375,132.52999877929688,132.6999969482422,3362800
2025-08-20,ACWI,132.6699981689453,132.80999755859375,131.72999572753906,132.5500030517578,5557200
2025-08-21,ACWI,132.02999877929688,132.47999572753906,131.75999450683594,132.0399932861328,3152500
2025-08-22,ACWI,132.4600067138672,134.38999938964844,132.4600067138672,134.22000122070312,3234000
2025-08-25,ACWI,133.94000244140625,134.00999450683594,133.32000732421875,133.35000610351562,2025400
2025-08-26,ACWI,133.07000732421875,133.7100067138672,133.07000732421875,133.6300048828125,2083100
2025-08-27,ACWI,133.25,133.8000030517578,133.22000122070312,133.67999267578125,1565400
2025-08-28,ACWI,134.0399932861328,134.27999877929688,133.6199951171875,134.22000122070312,2764300
2025-08-29,ACWI,133.86000061035156,133.88999938964844,133.1199951171875,133.44000244140625,2163200
2025-09-02,ACWI,131.92999267578125,132.5399932861328,131.52000427246094,132.5,3197200
2025-09-03,ACWI,133.0,133.14999389648438,132.5,133.05999755859375,2546400
2025-09-04,ACWI,133.0,133.99000549316406,132.94000244140625,133.9499969482422,2397900
2025-09-05,ACWI,134.75999450683594,134.97000122070312,133.3000030517578,134.07000732421875,3009900
2025-09-08,ACWI,134.6199951171875,134.7899932861328,134.32000732421875,134.72000122070312,1909200
2025-09-09,ACWI,134.5500030517578,135.0,134.3800048828125,134.9199981689453,2261000
2025-09-10,ACWI,135.36000061035156,135.74000549316406,134.97000122070312,135.22000122070312,1989200
2025-09-11,ACWI,135.82000732421875,136.6199951171875,135.67999267578125,136.5500030517578,2543600
2025-09-12,ACWI,136.3000030517578,136.69000244140625,134.99000549316406,136.35000610351562,2009600
2025-09-15,ACWI,137.10000610351562,137.24000549316406,136.8300018310547,137.24000549316406,4916300
2025-09-16,ACWI,137.39999389648438,137.4199981689453,136.82000732421875,137.10000610351562,1915900
2025-09-17,ACWI,137.2100067138672,137.61000061035156,136.0800018310547,136.97000122070312,3275000
2025-09-18,ACWI,137.27999877929688,137.86000061035156,136.97000122070312,137.5399932861328,2778100
2025-09-19,ACWI,137.5500030517578,138.42999267578125,137.2899932861328,137.75999450683594,1461600
2025-09-22,ACWI,137.67999267578125,138.50999450683594,137.57000732421875,138.41000366210938,2233900
2025-09-23,ACWI,138.61000061035156,138.6699981689453,137.36000061035156,137.88999938964844,1646100
2025-09-24,ACWI,137.85000610351562,137.97000122070312,137.05999755859375,137.3000030517578,3344000
2025-09-25,ACWI,136.61000061035156,136.85000610351562,135.94000244140625,136.6199951171875,4678400
2025-09-26,ACWI,136.89999389648438,137.35000610351562,136.60000610351562,137.33999633789062,2429600
2025-09-29,ACWI,138.02999877929688,139.17999267578125,137.5800018310547,137.67999267578125,2861500
2025-09-30,ACWI,137.75999450683594,139.2899932861328,137.52000427246094,138.24000549316406,6330300
2025-10-01,ACWI,138.11000061035156,139.10000610351562,138.10000610351562,138.94000244140625,2748900
2025-10-02,ACWI,139.39999389648438,139.57000732421875,138.63999938964844,139.25999450683594,2031400
2025-10-03,ACWI,139.5399932861328,140.0399932861328,139.22000122070312,139.5,2133200
2025-10-06,ACWI,140.0399932861328,140.24000549316406,139.6699981689453,140.0500030517578,3492300
2025-10-07,ACWI,140.22999572753906,140.22999572753906,137.88999938964844,139.2100067138672,1473400
2025-10-08,ACWI,139.5,140.0500030517578,139.39999389648438,140.02999877929688,2837100
2025-10-09,ACWI,139.97999572753906,140.17999267578125,139.00999450683594,139.35000610351562,2724000
2025-10-10,ACWI,139.35000610351562,139.66000366210938,135.6999969482422,135.7100067138672,2873300
2025-10-13,ACWI,137.22999572753906,138.10000610351562,137.13999938964844,137.82000732421875,1550300
2025-10-14,ACWI,136.5,138.38999938964844,135.99000549316406,137.67999267578125,3189600
2025-10-15,ACWI,138.8300018310547,139.3699951171875,137.44000244140625,138.55999755859375,4040800
2025-10-16,ACWI,139.1300048828125,139.44000244140625,137.47999572753906,138.0800018310547,6639600
2025-10-17,ACWI,137.67999267578125,138.82000732421875,137.47999572753906,138.6300048828125,3000200
2025-10-20,ACWI,139.41000366210938,140.38999938964844,139.2899932861328,140.02000427246094,1959800
2025-10-21,ACWI,139.6300048828125,140.02999877929688,138.41000366210938,139.61000061035156,1417400
2025-10-22,ACWI,139.82000732421875,139.8300018310547,138.2899932861328,139.05999755859375,1787400
2025-10-23,ACWI,139.41000366210938,140.19000244140625,139.17999267578125,139.9499969482422,2042500
2025-10-24,ACWI,140.67999267578125,141.6300048828125,140.63999938964844,140.86000061035156,3129500
2025-10-27,ACWI,141.8300018310547,142.4199981689453,141.8300018310547,142.33999633789062,2008600
2025-10-28,ACWI,142.3699951171875,142.89999389648438,142.1999969482422,142.5500030517578,2245000
2025-10-29,ACWI,143.0,143.0500030517578,141.6300048828125,142.55999755859375,4621100
2025-10-30,ACWI,141.52000427246094,142.11000061035156,141.1699981689453,141.1699981689453,4218600
2025-10-31,ACWI,141.61000061035156,141.88999938964844,140.82000732421875,141.41000366210938,3685900
2025-11-03,ACWI,142.1199951171875,142.1199951171875,141.02000427246094,141.72000122070312,3650500
2025-11-04,ACWI,140.05999755859375,140.85000610351562,139.75999450683594,139.91000366210938,3652000
2025-11-05,ACWI,139.82000732421875,141.07000732421875,139.7899932861328,140.55999755859375,2888000
2025-11-06,ACWI,140.38999938964844,140.58999633789062,139.0,139.33999633789062,4713000
2025-11-07,ACWI,138.89999389648438,139.57000732421875,137.6300048828125,139.5399932861328,5357700
2025-11-10,ACWI,140.6699981689453,141.72999572753906,140.39999389648438,141.5800018310547,2521400
2025-11-11,ACWI,141.3699951171875,142.17999267578125,141.33999633789062,142.0500030517578,1579100
2025-11-12,ACWI,142.3699951171875,142.47999572753906,141.9499969482422,142.3300018310547,3119200
2025-11-13,ACWI,141.72000122070312,141.9199981689453,139.8800048828125,140.14999389648438,3793400
2025-11-14,ACWI,138.8300018310547,140.75,138.47999572753906,140.0800018310547,4763800
2025-11-17,ACWI,139.3800048828125,140.1199951171875,137.72999572753906,138.5800018310547,4779900
2025-11-18,ACWI,137.60000610351562,138.57000732421875,136.5,137.38999938964844,5636400
2025-11-19,ACWI,137.38999938964844,138.77000427246094,136.85000610351562,137.5800018310547,3049000
2025-11-20,ACWI,139.49000549316406,139.75999450683594,135.44000244140625,135.5,6041300
2025-11-21,ACWI,136.0,137.7899932861328,135.22999572753906,136.83999633789062,7666300
2025-11-24,ACWI,137.44000244140625,138.61000061035156,137.13999938964844,138.36000061035156,3684600
2025-11-25,ACWI,138.60000610351562,139.77000427246094,137.72999572753906,139.6199951171875,4441000
2025-11-26,ACWI,140.14999389648438,141.10000610351562,140.10000610351562,140.77000427246094,2508000
2025-11-28,ACWI,140.9199981689453,141.52999877929688,140.85000610351562,141.47000122070312,2465800
2025-12-01,ACWI,140.5500030517578,141.3800048828125,140.5500030517578,140.83999633789062,3559800
2025-12-02,ACWI,141.25999450683594,141.44000244140625,140.64999389648438,141.14999389648438,3396100
2025-12-03,ACWI,141.08999633789062,141.80999755859375,140.85000610351562,141.67999267578125,3339500
2025-12-04,ACWI,142.02000427246094,142.0800018310547,141.39999389648438,141.97000122070312,3013600
2025-12-05,ACWI,142.32000732421875,142.77999877929688,141.9600067138672,142.10000610351562,9197200
2025-12-08,ACWI,142.32000732421875,142.32000732421875,141.38999938964844,141.75999450683594,1880300
2025-12-09,ACWI,141.72999572753906,142.07000732421875,141.5399932861328,141.64999389648438,2184300
2025-12-10,ACWI,141.60000610351562,143.07000732421875,141.4600067138672,142.8000030517578,3293500
2025-12-11,ACWI,142.4199981689453,143.22999572753906,141.9600067138672,143.17999267578125,3394900
2025-12-12,ACWI,143.13999938964844,143.24000549316406,141.27000427246094,141.77000427246094,9587300
2025-12-15,ACWI,142.58999633789062,142.75,141.5399932861328,141.8000030517578,2818900
2025-12-16,ACWI,140.02000427246094,140.5,139.3300018310547,139.99000549316406,2664000
2025-12-17,ACWI,140.07000732421875,140.24000549316406,138.50999450683594,138.55999755859375,3601000
2025-12-18,ACWI,139.9499969482422,140.52999877929688,139.44000244140625,139.7100067138672,4226900
2025-12-19,ACWI,140.3300018310547,141.13999938964844,140.1999969482422,140.91000366210938,2607100
2025-12-22,ACWI,141.25999450683594,141.85000610351562,141.25999450683594,141.74000549316406,3352800
2025-12-23,ACWI,141.77000427246094,142.49000549316406,141.6699981689453,142.4600067138672,2152300
2025-12-24,ACWI,142.5,142.86000061035156,142.36000061035156,142.7100067138672,1780800
2025-12-26,ACWI,142.8000030517578,143.0399932861328,142.67999267578125,142.89999389648438,2068500
2025-12-29,ACWI,142.25,142.6699981689453,142.0500030517578,142.41000366210938,2902500
2025-12-30,ACWI,142.49000549316406,142.75,142.3300018310547,142.41000366210938,2691400
2025-12-31,ACWI,142.5500030517578,142.89999389648438,141.47999572753906,141.49000549316406,4232700
2026-01-02,ACWI,142.77000427246094,142.9499969482422,141.49000549316406,142.49000549316406,5218800
2026-01-05,ACWI,143.08999633789062,144.6999969482422,142.99000549316406,143.67999267578125,7924000
2026-01-06,ACWI,143.8300018310547,144.47000122070312,143.80999755859375,144.35000610351562,3321300
2026-01-07,ACWI,144.22999572753906,144.49000549316406,143.72999572753906,143.80999755859375,2909500
2026-01-08,ACWI,143.61000061035156,143.91000366210938,143.30999755859375,143.77000427246094,7426100
2026-01-09,ACWI,144.08999633789062,144.97000122070312,143.8699951171875,144.75,2359000
2026-01-12,ACWI,144.6300048828125,145.47999572753906,144.42999267578125,145.3800048828125,2887000
2026-01-13,ACWI,145.30999755859375,145.39999389648438,144.52999877929688,144.88999938964844,4752400
2026-01-14,ACWI,144.72000122070312,144.7899932861328,143.9499969482422,144.7100067138672,3001800
2026-01-15,ACWI,145.47000122070312,145.6300048828125,144.8800048828125,145.0,3457900
2026-01-16,ACWI,145.25999450683594,145.3000030517578,144.52000427246094,145.0,2625100
2026-01-20,ACWI,142.83999633789062,143.66000366210938,142.2100067138672,142.36000061035156,4322400
2026-01-21,ACWI,142.8800048828125,144.6300048828125,142.57000732421875,144.00999450683594,5535100
2026-01-22,ACWI,144.9499969482422,145.1699981689453,144.3800048828125,144.80999755859375,2681400
2026-01-23,ACWI,144.6300048828125,145.25,144.3800048828125,145.16000366210938,3350300
2026-01-26,ACWI,145.32000732421875,146.1300048828125,145.32000732421875,145.72000122070312,3018900
2026-01-27,ACWI,146.4499969482422,147.16000366210938,146.44000244140625,147.05999755859375,3690800
2026-01-28,ACWI,147.25,147.30999755859375,146.38999938964844,146.83999633789062,4428900
2026-01-29,ACWI,147.38999938964844,147.42999267578125,144.85000610351562,146.6999969482422,4339000
2026-01-30,ACWI,146.11000061035156,146.42999267578125,144.72000122070312,145.5,6876200
2026-02-02,ACWI,145.1300048828125,146.57000732421875,145.0500030517578,146.30999755859375,4847400
2026-02-03,ACWI,146.47999572753906,146.63999938964844,144.36000061035156,145.5399932861328,4628000
2026-02-04,ACWI,146.14999389648438,146.25,144.1699981689453,144.99000549316406,6793500
2026-02-05,ACWI,143.80999755859375,144.5399932861328,142.9199981689453,143.2100067138672,4062200
2026-02-06,ACWI,144.4600067138672,146.47000122070312,144.4199981689453,146.27999877929688,4312200
2026-02-09,ACWI,146.27999877929688,147.67999267578125,146.0399932861328,147.41000366210938,3577700
2026-02-10,ACWI,147.82000732421875,148.00999450683594,147.24000549316406,147.30999755859375,6799600
2026-02-11,ACWI,148.25,148.41000366210938,146.8800048828125,147.7100067138672,7414900
2026-02-12,ACWI,148.3000030517578,148.3699951171875,145.52999877929688,145.64999389648438,10575900
2026-02-13,ACWI,145.61000061035156,146.61000061035156,144.77000427246094,145.94000244140625,11700300
2026-02-17,ACWI,145.27999877929688,146.36000061035156,144.38999938964844,146.0,6739500
2026-02-18,ACWI,146.33999633789062,147.2899932861328,146.0500030517578,146.6300048828125,4213700
2026-02-19,ACWI,145.8000030517578,146.39999389648438,145.63999938964844,146.33999633789062,4351100
2026-02-20,ACWI,146.0,147.6699981689453,145.8699951171875,147.6300048828125,9126700
2026-02-23,ACWI,147.0800018310547,147.72999572753906,145.83999633789062,146.25999450683594,7129000
2026-02-24,ACWI,146.2899932861328,147.5399932861328,145.9199981689453,147.3300018310547,4873400
2026-02-25,ACWI,148.1699981689453,148.75,147.97000122070312,148.64999389648438,4710400
2026-02-26,ACWI,148.47999572753906,148.60000610351562,146.88999938964844,147.9499969482422,5766700
2026-02-27,ACWI,147.00999450683594,147.6199951171875,146.69000244140625,147.3800048828125,7754000
2026-03-02,ACWI,145.13999938964844,147.05999755859375,144.9600067138672,146.5500030517578,8736500
2026-03-03,ACWI,142.2899932861328,144.27999877929688,140.99000549316406,143.67999267578125,17311900
2026-03-04,ACWI,144.07000732421875,145.35000610351562,143.67999267578125,145.0,7875000
2026-03-05,ACWI,143.64999389648438,144.52999877929688,142.07000732421875,143.32000732421875,13123200
2026-03-06,ACWI,141.24000549316406,142.44000244140625,140.63999938964844,141.67999267578125,9653400
2026-03-09,ACWI,140.3300018310547,143.49000549316406,139.25,143.0500030517578,9087300
2026-03-10,ACWI,143.39999389648438,144.80999755859375,142.6300048828125,143.0500030517578,8145900
2026-03-11,ACWI,142.86000061035156,143.64999389648438,142.19000244140625,142.94000244140625,5533900
2026-03-12,ACWI,141.7899932861328,141.7899932861328,140.41000366210938,140.4499969482422,14277100
2026-03-13,ACWI,141.1300048828125,141.83999633789062,139.3000030517578,139.5399932861328,5931900
2026-03-16,ACWI,141.05999755859375,142.07000732421875,140.88999938964844,141.47999572753906,3359400
2026-03-17,ACWI,142.55999755859375,142.69000244140625,141.75999450683594,141.8800048828125,3908000
2026-03-18,ACWI,141.25,141.55999755859375,139.67999267578125,139.7100067138672,3895500
2026-03-19,ACWI,138.16000366210938,140.0399932861328,137.9199981689453,139.3800048828125,5816000
2026-03-20,ACWI,138.8000030517578,139.02999877929688,135.85000610351562,136.5399932861328,4892800
2026-03-23,ACWI,138.72000122070312,140.27999877929688,138.10000610351562,138.80999755859375,7483100
2026-03-24,ACWI,137.47000122070312,138.86000061035156,137.17999267578125,138.0399932861328,6268600
2026-03-25,ACWI,139.47000122070312,140.02999877929688,138.67999267578125,139.33999633789062,4464700
2026-03-26,ACWI,137.88999938964844,138.6699981689453,136.30999755859375,136.3800048828125,6633100
2026-03-27,ACWI,135.99000549316406,136.1199951171875,134.25999450683594,134.5500030517578,3699300
2026-03-30,ACWI,135.75999450683594,135.8699951171875,133.64999389648438,134.19000244140625,4458600
2026-03-31,ACWI,135.72999572753906,138.52000427246094,135.4499969482422,138.3699951171875,9946300
2026-04-01,ACWI,139.5399932861328,140.49000549316406,139.24000549316406,139.6699981689453,7240300
2026-04-02,ACWI,137.30999755859375,139.97000122070312,137.07000732421875,139.44000244140625,3515800
2026-04-06,ACWI,139.72000122070312,140.39999389648438,139.52000427246094,140.14999389648438,2980600
2026-04-07,ACWI,139.63999938964844,140.27999877929688,138.35000610351562,140.1999969482422,3498400
2026-04-08,ACWI,145.0800018310547,145.42999267578125,143.72999572753906,144.6199951171875,3983600
2026-04-09,ACWI,144.1699981689453,145.38999938964844,143.6699981689453,145.07000732421875,1766300
2026-04-10,ACWI,145.4199981689453,145.69000244140625,144.80999755859375,145.0399932861328,3870300
2026-04-13,ACWI,144.3300018310547,146.44000244140625,144.25,146.41000366210938,8912500
2026-04-14,ACWI,146.83999633789062,148.19000244140625,146.83999633789062,148.11000061035156,1635600
2026-04-15,ACWI,148.0,148.86000061035156,147.88999938964844,148.8000030517578,2763500
2026-04-16,ACWI,149.07000732421875,149.33999633789062,148.4499969482422,148.89999389648438,4669300
2026-04-17,ACWI,150.38999938964844,151.4199981689453,150.2100067138672,150.89999389648438,3021500
2026-04-20,ACWI,150.2899932861328,150.60000610351562,149.75999450683594,150.41000366210938,3310000
2026-04-21,ACWI,150.36000061035156,150.64999389648438,148.52999877929688,148.74000549316406,3359400
2026-04-22,ACWI,149.86000061035156,151.47000122070312,149.66000366210938,150.1699981689453,2079600
2026-04-23,ACWI,149.7100067138672,150.27000427246094,147.8800048828125,149.25,6046500
2026-04-24,ACWI,149.8000030517578,150.85000610351562,149.5500030517578,150.49000549316406,4702700
2026-04-27,ACWI,150.4199981689453,150.69000244140625,150.0800018310547,150.50999450683594,2850000
2026-04-28,ACWI,149.6999969482422,149.9499969482422,149.05999755859375,149.6199951171875,3572700
2026-04-29,ACWI,149.5399932861328,149.5399932861328,148.4600067138672,149.13999938964844,3350300
2026-04-30,ACWI,150.22000122070312,151.6699981689453,149.5800018310547,151.5399932861328,5417200
2026-05-01,ACWI,151.6999969482422,152.5800018310547,151.25999450683594,151.66000366210938,2440000
2026-05-04,ACWI,151.33999633789062,151.8699951171875,150.17999267578125,150.6999969482422,5229500
2026-05-05,ACWI,151.86000061035156,152.60000610351562,151.6999969482422,152.35000610351562,4058900
2026-05-06,ACWI,154.2899932861328,155.47000122070312,154.1199951171875,155.39999389648438,3434200
2026-05-07,ACWI,155.47000122070312,155.61000061035156,153.69000244140625,153.92999267578125,5164000
2026-05-08,ACWI,154.9199981689453,155.47000122070312,154.91000366210938,155.3800048828125,1953100
2026-05-11,ACWI,155.24000549316406,155.8300018310547,155.1999969482422,155.52999877929688,2474900
2026-05-12,ACWI,154.5800018310547,154.82000732421875,153.33999633789062,154.64999389648438,3420900
2026-05-13,ACWI,154.67999267578125,156.0800018310547,154.42999267578125,155.8800048828125,2295600
2026-05-14,ACWI,155.99000549316406,156.97999572753906,155.89999389648438,156.64999389648438,3028700
2026-05-15,ACWI,154.74000549316406,154.89999389648438,153.77999877929688,154.0800018310547,2253700
2026-05-18,ACWI,154.92999267578125,154.97000122070312,153.22000122070312,154.35000610351562,2684900
2026-05-19,ACWI,153.25,154.1699981689453,152.6699981689453,153.14999389648438,4022900
2026-05-20,ACWI,153.8699951171875,155.3699951171875,153.36000061035156,155.10000610351562,5289400
2026-05-21,ACWI,154.42999267578125,156.1999969482422,154.25,155.69000244140625,2182900
2026-05-22,ACWI,156.3800048828125,156.77000427246094,155.8300018310547,155.99000549316406,2320300
2026-05-26,ACWI,157.55999755859375,158.0,157.25999450683594,157.83999633789062,3247000
2026-05-27,ACWI,157.88999938964844,158.0,157.19000244140625,157.63999938964844,1877600
2026-05-28,ACWI,157.22000122070312,158.47000122070312,156.89999389648438,158.25,2948400
2026-05-29,ACWI,158.77000427246094,159.0500030517578,158.2899932861328,158.5399932861328,4155600
2026-06-01,ACWI,158.60000610351562,159.6699981689453,157.94000244140625,159.10000610351562,3016300
2026-06-02,ACWI,159.02999877929688,160.02999877929688,159.02999877929688,159.97000122070312,4033000
2026-06-03,ACWI,159.69000244140625,159.6999969482422,158.4600067138672,158.64999389648438,2164400
2026-06-04,ACWI,158.1999969482422,159.35000610351562,157.80999755859375,159.1300048828125,1715200
2026-06-05,ACWI,157.6300048828125,157.64999389648438,152.82000732421875,154.38999938964844,3763300
2026-06-08,ACWI,155.74000549316406,156.07000732421875,154.66000366210938,154.9199981689453,3645300
2026-06-09,ACWI,156.22000122070312,156.83999633789062,151.6300048828125,154.60000610351562,3305900
2026-06-10,ACWI,153.55999755859375,154.8699951171875,152.2100067138672,152.24000549316406,2994800
2026-06-11,ACWI,153.19000244140625,156.1199951171875,152.49000549316406,155.8300018310547,5605300
2026-06-12,ACWI,156.0500030517578,156.99000549316406,155.11000061035156,156.47000122070312,4850300
2026-06-15,ACWI,157.92999267578125,158.47000122070312,157.77000427246094,158.0399932861328,2738900
2026-06-16,ACWI,158.2899932861328,158.42999267578125,157.2100067138672,157.33999633789062,2667500
2026-06-17,ACWI,157.9199981689453,158.22999572753906,155.6199951171875,155.80999755859375,8198300
2026-06-18,ACWI,157.8300018310547,158.0399932861328,157.05999755859375,157.74000549316406,5935000
2026-06-22,ACWI,158.4600067138672,158.52999877929688,157.27999877929688,157.58999633789062,2909700
2026-06-23,ACWI,154.42999267578125,155.61000061035156,153.42999267578125,154.44000244140625,2946300
2026-06-24,ACWI,154.33999633789062,155.3300018310547,153.6999969482422,154.22999572753906,3260800
2026-06-25,ACWI,155.88999938964844,156.00999450683594,153.9499969482422,154.6999969482422,3331000
2026-06-26,ACWI,153.5399932861328,155.02999877929688,153.0500030517578,154.27999877929688,2769700
2026-06-29,ACWI,154.97000122070312,155.8800048828125,153.77000427246094,155.82000732421875,1214900
2026-06-30,ACWI,155.72999572753906,157.1199951171875,155.61000061035156,156.97000122070312,3191000
2026-07-01,ACWI,156.1699981689453,156.8800048828125,155.64999389648438,156.1199951171875,4128900
2026-07-02,ACWI,156.88999938964844,157.77000427246094,155.02999877929688,156.14999389648438,3202400
2026-07-06,ACWI,157.25,158.1199951171875,157.1199951171875,157.97000122070312,3335200
2026-07-07,ACWI,157.41000366210938,157.5500030517578,156.05999755859375,156.4600067138672,1342200
2026-07-08,ACWI,155.6300048828125,155.9600067138672,154.4199981689453,155.89999389648438,8363900
2026-07-09,ACWI,156.50999450683594,157.25999450683594,156.08999633789062,157.02000427246094,1709000
2026-07-10,ACWI,157.22000122070312,157.7899932861328,156.2899932861328,157.67999267578125,2306200
2026-07-13,ACWI,156.8300018310547,156.99000549316406,155.67999267578125,155.94000244140625,2143500
2026-07-14,ACWI,156.75,157.39999389648438,156.4600067138672,156.94000244140625,1987300
2026-07-15,ACWI,157.58999633789062,157.66000366210938,156.36000061035156,157.52000427246094,2590100
2026-07-16,ACWI,156.4499969482422,157.05999755859375,155.7899932861328,156.36000061035156,3653200
2026-07-17,ACWI,154.3699951171875,155.58999633789062,153.89999389648438,155.0,5062900
2026-07-20,ACWI,155.7100067138672,155.85000610351562,154.36000061035156,154.47999572753906,6395100
2026-07-21,ACWI,155.77999877929688,156.5,155.27000427246094,156.2899932861328,2328100
2026-07-22,ACWI,156.19000244140625,156.6300048828125,156.00999450683594,156.19000244140625,1124000
2026-07-23,ACWI,154.3699951171875,155.19000244140625,153.67999267578125,154.33999633789062,1243800
2026-07-24,ACWI,154.25999450683594,155.3800048828125,154.02000427246094,154.3000030517578,2232400
2026-07-27,ACWI,155.69000244140625,155.7899932861328,153.85000610351562,154.61000061035156,2723700
2026-07-28,ACWI,153.89500427246094,154.25,153.35000610351562,153.97999572753906,791495
