Date,Ticker,Open,High,Low,Close,Volume
2021-04-13,ASRD.MI,9.760000228881836,9.800999641418457,9.760000228881836,9.800999641418457,6185
2021-04-14,ASRD.MI,9.817999839782715,9.82699966430664,9.817999839782715,9.824000358581543,3111
2021-04-15,ASRD.MI,9.824000358581543,9.824000358581543,9.824000358581543,9.824000358581543,0
2021-04-16,ASRD.MI,9.937999725341797,9.937999725341797,9.92300033569336,9.92300033569336,1000
2021-04-19,ASRD.MI,9.916000366210938,9.916000366210938,9.902999877929688,9.902999877929688,1027
2021-04-20,ASRD.MI,9.864999771118164,9.913999557495117,9.864999771118164,9.913999557495117,2054
2021-04-21,ASRD.MI,9.9350004196167,9.9350004196167,9.892999649047852,9.892999649047852,1037
2021-04-22,ASRD.MI,9.892999649047852,9.892999649047852,9.892999649047852,9.892999649047852,0
2021-04-23,ASRD.MI,9.892999649047852,9.892999649047852,9.892999649047852,9.892999649047852,0
2021-04-26,ASRD.MI,9.88599967956543,9.902999877929688,9.88599967956543,9.902999877929688,1027
2021-04-27,ASRD.MI,9.902999877929688,9.902999877929688,9.902999877929688,9.902999877929688,0
2021-04-28,ASRD.MI,9.82800006866455,9.82800006866455,9.817999839782715,9.817999839782715,1027
2021-04-29,ASRD.MI,9.833000183105469,9.85200023651123,9.833000183105469,9.835000038146973,2054
2021-04-30,ASRD.MI,9.835000038146973,9.835000038146973,9.835000038146973,9.835000038146973,0
2021-05-03,ASRD.MI,9.835000038146973,9.835000038146973,9.835000038146973,9.835000038146973,0
2021-05-04,ASRD.MI,9.835000038146973,9.835000038146973,9.835000038146973,9.835000038146973,0
2021-05-05,ASRD.MI,9.835000038146973,9.835000038146973,9.835000038146973,9.835000038146973,0
2021-05-06,ASRD.MI,9.885000228881836,9.895999908447266,9.885000228881836,9.895999908447266,2034
2021-05-07,ASRD.MI,9.899999618530273,9.956999778747559,9.881999969482422,9.956999778747559,8031
2021-05-10,ASRD.MI,9.916999816894531,9.944000244140625,9.916999816894531,9.944000244140625,3081
2021-05-11,ASRD.MI,10.008000373840332,10.008000373840332,9.881999969482422,9.881999969482422,3081
2021-05-12,ASRD.MI,9.91100025177002,9.91100025177002,9.831000328063965,9.831000328063965,3081
2021-05-13,ASRD.MI,9.831000328063965,9.831000328063965,9.831000328063965,9.831000328063965,0
2021-05-14,ASRD.MI,9.895000457763672,9.89900016784668,9.895000457763672,9.895000457763672,2034
2021-05-17,ASRD.MI,9.869000434875488,9.913999557495117,9.869000434875488,9.890000343322754,15268
2021-05-18,ASRD.MI,9.920000076293945,9.923999786376953,9.916000366210938,9.916000366210938,2054
2021-05-19,ASRD.MI,9.876999855041504,9.883999824523926,9.873000144958496,9.873000144958496,3081
2021-05-20,ASRD.MI,9.873000144958496,9.873000144958496,9.873000144958496,9.873000144958496,0
2021-05-21,ASRD.MI,9.873000144958496,9.873000144958496,9.873000144958496,9.873000144958496,0
2021-05-24,ASRD.MI,9.873000144958496,9.873000144958496,9.873000144958496,9.873000144958496,0
2021-05-25,ASRD.MI,9.902999877929688,9.937000274658203,9.902999877929688,9.937000274658203,1017
2021-05-26,ASRD.MI,9.937000274658203,9.937000274658203,9.937000274658203,9.937000274658203,0
2021-05-27,ASRD.MI,9.937000274658203,9.937000274658203,9.937000274658203,9.937000274658203,0
2021-05-28,ASRD.MI,9.937000274658203,9.937000274658203,9.937000274658203,9.937000274658203,0
2021-05-31,ASRD.MI,9.968999862670898,9.968999862670898,9.942000389099121,9.942000389099121,1017
2021-06-01,ASRD.MI,9.939000129699707,9.958000183105469,9.939000129699707,9.956999778747559,2034
2021-06-02,ASRD.MI,9.956999778747559,9.956999778747559,9.956999778747559,9.956999778747559,0
2021-06-03,ASRD.MI,9.956999778747559,9.956999778747559,9.956999778747559,9.956999778747559,0
2021-06-04,ASRD.MI,9.940999984741211,9.979999542236328,9.940999984741211,9.979999542236328,3021
2021-06-07,ASRD.MI,9.979999542236328,9.979999542236328,9.979999542236328,9.979999542236328,0
2021-06-08,ASRD.MI,10.010000228881836,10.029999732971191,10.010000228881836,10.029999732971191,150
2021-06-09,ASRD.MI,10.029999732971191,10.029999732971191,10.029999732971191,10.029999732971191,0
2021-06-10,ASRD.MI,10.095999717712402,10.095999717712402,10.027999877929688,10.027999877929688,1007
2021-06-11,ASRD.MI,10.027999877929688,10.027999877929688,10.027999877929688,10.027999877929688,0
2021-06-14,ASRD.MI,10.057999610900879,10.057999610900879,10.055999755859375,10.055999755859375,150
2021-06-15,ASRD.MI,10.005999565124512,10.005999565124512,9.965999603271484,9.965999603271484,637
2021-06-16,ASRD.MI,9.965999603271484,9.965999603271484,9.965999603271484,9.965999603271484,0
2021-06-17,ASRD.MI,10.050000190734863,10.050000190734863,10.017999649047852,10.017999649047852,6647
2021-06-18,ASRD.MI,10.017999649047852,10.017999649047852,10.017999649047852,10.017999649047852,0
2021-06-21,ASRD.MI,9.954999923706055,9.986000061035156,9.954999923706055,9.986000061035156,12804
2021-06-22,ASRD.MI,9.944000244140625,9.97599983215332,9.944000244140625,9.963000297546387,3021
2021-06-23,ASRD.MI,9.963000297546387,9.963000297546387,9.963000297546387,9.963000297546387,0
2021-06-24,ASRD.MI,9.963000297546387,9.963000297546387,9.963000297546387,9.963000297546387,0
2021-06-25,ASRD.MI,10.005999565124512,10.01200008392334,10.001999855041504,10.001999855041504,2034
2021-06-28,ASRD.MI,10.022000312805176,10.022000312805176,10.005999565124512,10.005999565124512,1921
2021-06-29,ASRD.MI,10.013999938964844,10.013999938964844,9.979999542236328,9.979999542236328,7119
2021-06-30,ASRD.MI,10.017999649047852,10.055999755859375,10.017999649047852,10.055999755859375,3021
2021-07-01,ASRD.MI,10.017999649047852,10.020000457763672,10.017999649047852,10.020000457763672,2014
2021-07-02,ASRD.MI,10.020000457763672,10.020000457763672,10.020000457763672,10.020000457763672,0
2021-07-05,ASRD.MI,10.001999855041504,10.001999855041504,10.001999855041504,10.001999855041504,1007
2021-07-06,ASRD.MI,10.001999855041504,10.001999855041504,10.001999855041504,10.001999855041504,0
2021-07-07,ASRD.MI,10.062000274658203,10.062000274658203,10.053999900817871,10.053999900817871,1007
2021-07-08,ASRD.MI,10.04800033569336,10.04800033569336,10.041999816894531,10.043999671936035,2024
2021-07-09,ASRD.MI,10.074000358581543,10.074000358581543,10.026000022888184,10.026000022888184,11625
2021-07-12,ASRD.MI,10.03600025177002,10.03600025177002,10.029999732971191,10.029999732971191,3021
2021-07-13,ASRD.MI,10.02400016784668,10.034000396728516,10.010000228881836,10.034000396728516,3021
2021-07-14,ASRD.MI,10.029999732971191,10.029999732971191,10.027999877929688,10.027999877929688,1007
2021-07-15,ASRD.MI,10.052000045776367,10.0600004196167,10.039999961853027,10.039999961853027,3031
2021-07-16,ASRD.MI,10.039999961853027,10.039999961853027,10.039999961853027,10.039999961853027,0
2021-07-19,ASRD.MI,10.067999839782715,10.07800006866455,10.065999984741211,10.07800006866455,1007
2021-07-20,ASRD.MI,10.067999839782715,10.088000297546387,10.067999839782715,10.07800006866455,4028
2021-07-21,ASRD.MI,10.069999694824219,10.069999694824219,10.041999816894531,10.041999816894531,1007
2021-07-22,ASRD.MI,10.055999755859375,10.064000129699707,10.055999755859375,10.064000129699707,1007
2021-07-23,ASRD.MI,10.064000129699707,10.064000129699707,10.064000129699707,10.064000129699707,0
2021-07-26,ASRD.MI,10.062000274658203,10.062000274658203,10.038000106811523,10.038000106811523,2014
2021-07-27,ASRD.MI,10.03600025177002,10.03600025177002,10.008000373840332,10.008000373840332,2014
2021-07-28,ASRD.MI,10.008000373840332,10.008000373840332,10.008000373840332,10.008000373840332,0
2021-07-29,ASRD.MI,9.993000030517578,10.039999961853027,9.993000030517578,10.039999961853027,4048
2021-07-30,ASRD.MI,10.039999961853027,10.039999961853027,10.039999961853027,10.039999961853027,0
2021-08-02,ASRD.MI,10.039999961853027,10.039999961853027,10.039999961853027,10.039999961853027,0
2021-08-03,ASRD.MI,10.039999961853027,10.039999961853027,10.039999961853027,10.039999961853027,0
2021-08-04,ASRD.MI,10.10200023651123,10.10200023651123,10.074000358581543,10.074000358581543,3021
2021-08-05,ASRD.MI,10.074000358581543,10.074000358581543,10.074000358581543,10.074000358581543,0
2021-08-06,ASRD.MI,10.076000213623047,10.076000213623047,10.053999900817871,10.053999900817871,3021
2021-08-09,ASRD.MI,10.053999900817871,10.053999900817871,10.053999900817871,10.053999900817871,0
2021-08-10,ASRD.MI,10.0,10.005999565124512,10.0,10.005999565124512,1994
2021-08-11,ASRD.MI,9.996999740600586,10.0,9.97599983215332,9.994999885559082,4008
2021-08-12,ASRD.MI,9.994999885559082,9.994999885559082,9.994999885559082,9.994999885559082,0
2021-08-13,ASRD.MI,10.005999565124512,10.031999588012695,10.003999710083008,10.031999588012695,13529
2021-08-16,ASRD.MI,10.031999588012695,10.031999588012695,10.031999588012695,10.031999588012695,0
2021-08-17,ASRD.MI,10.086000442504883,10.086000442504883,10.050000190734863,10.0600004196167,9153
2021-08-18,ASRD.MI,10.022000312805176,10.055999755859375,10.022000312805176,10.055999755859375,1994
2021-08-19,ASRD.MI,10.055999755859375,10.055999755859375,10.055999755859375,10.055999755859375,0
2021-08-20,ASRD.MI,10.055999755859375,10.055999755859375,10.055999755859375,10.055999755859375,0
2021-08-23,ASRD.MI,10.034000396728516,10.053999900817871,10.031999588012695,10.053999900817871,4028
2021-08-24,ASRD.MI,10.039999961853027,10.088000297546387,10.039999961853027,10.088000297546387,4028
2021-08-25,ASRD.MI,10.145999908447266,10.145999908447266,10.09000015258789,10.09000015258789,11515
2021-08-26,ASRD.MI,10.09000015258789,10.09000015258789,10.09000015258789,10.09000015258789,0
2021-08-27,ASRD.MI,10.081999778747559,10.097999572753906,10.081999778747559,10.097999572753906,2014
2021-08-30,ASRD.MI,10.095999717712402,10.130000114440918,10.095999717712402,10.11400032043457,2014
2021-08-31,ASRD.MI,10.11400032043457,10.11400032043457,10.11400032043457,10.11400032043457,0
2021-09-01,ASRD.MI,10.15999984741211,10.15999984741211,10.137999534606934,10.137999534606934,1994
2021-09-02,ASRD.MI,10.168000221252441,10.168000221252441,10.154000282287598,10.154000282287598,6042
2021-09-03,ASRD.MI,10.17199993133545,10.17199993133545,10.156000137329102,10.156000137329102,1007
2021-09-06,ASRD.MI,10.156000137329102,10.156000137329102,10.156000137329102,10.156000137329102,0
2021-09-07,ASRD.MI,10.156000137329102,10.156000137329102,10.156000137329102,10.156000137329102,0
2021-09-08,ASRD.MI,10.145999908447266,10.145999908447266,10.133999824523926,10.133999824523926,997
2021-09-09,ASRD.MI,10.137999534606934,10.142000198364258,10.137999534606934,10.142000198364258,987
2021-09-10,ASRD.MI,10.140000343322754,10.144000053405762,10.137999534606934,10.137999534606934,1994
2021-09-13,ASRD.MI,10.140000343322754,10.154000282287598,10.140000343322754,10.154000282287598,2297
2021-09-14,ASRD.MI,10.116000175476074,10.161999702453613,10.116000175476074,10.161999702453613,997
2021-09-15,ASRD.MI,10.161999702453613,10.161999702453613,10.161999702453613,10.161999702453613,0
2021-09-16,ASRD.MI,10.142000198364258,10.142000198364258,10.119999885559082,10.119999885559082,997
2021-09-17,ASRD.MI,10.093999862670898,10.097999572753906,10.093999862670898,10.097999572753906,997
2021-09-20,ASRD.MI,10.097999572753906,10.097999572753906,10.097999572753906,10.097999572753906,0
2021-09-21,ASRD.MI,10.097999572753906,10.097999572753906,10.097999572753906,10.097999572753906,0
2021-09-22,ASRD.MI,10.053999900817871,10.053999900817871,10.053999900817871,10.053999900817871,1007
2021-09-23,ASRD.MI,10.04800033569336,10.04800033569336,10.034000396728516,10.034000396728516,1007
2021-09-24,ASRD.MI,10.034000396728516,10.034000396728516,10.034000396728516,10.034000396728516,0
2021-09-27,ASRD.MI,10.034000396728516,10.034000396728516,10.034000396728516,10.034000396728516,0
2021-09-28,ASRD.MI,10.034000396728516,10.034000396728516,10.034000396728516,10.034000396728516,0
2021-09-29,ASRD.MI,9.869000434875488,9.890000343322754,9.869000434875488,9.890000343322754,1017
2021-09-30,ASRD.MI,9.869999885559082,9.906000137329102,9.869999885559082,9.894000053405762,4068
2021-10-01,ASRD.MI,9.866999626159668,9.869999885559082,9.866999626159668,9.869000434875488,3081
2021-10-04,ASRD.MI,9.845999717712402,9.845999717712402,9.838000297546387,9.838000297546387,2054
2021-10-05,ASRD.MI,9.817999839782715,9.817999839782715,9.793000221252441,9.793000221252441,2054
2021-10-06,ASRD.MI,9.793000221252441,9.815999984741211,9.76200008392334,9.809000015258789,8216
2021-10-07,ASRD.MI,9.852999687194824,9.857999801635742,9.831000328063965,9.857999801635742,13351
2021-10-08,ASRD.MI,9.803999900817871,9.812999725341797,9.795000076293945,9.803000450134277,5135
2021-10-11,ASRD.MI,9.788999557495117,9.789999961853027,9.782999992370605,9.789999961853027,8296
2021-10-12,ASRD.MI,9.784000396728516,9.791999816894531,9.77400016784668,9.77400016784668,3111
2021-10-13,ASRD.MI,9.819999694824219,9.831000328063965,9.800999641418457,9.831000328063965,9333
2021-10-14,ASRD.MI,9.79699993133545,9.892000198364258,9.79699993133545,9.892000198364258,17629
2021-10-15,ASRD.MI,9.916999816894531,9.916999816894531,9.868000030517578,9.868000030517578,7189
2021-10-18,ASRD.MI,9.87399959564209,9.87399959564209,9.833000183105469,9.840999603271484,10270
2021-10-19,ASRD.MI,9.810999870300293,9.857000350952148,9.810999870300293,9.854999542236328,28605
2021-10-20,ASRD.MI,9.843000411987305,9.847999572753906,9.829999923706055,9.83899974822998,6435
2021-10-21,ASRD.MI,9.831000328063965,9.866999626159668,9.829999923706055,9.829999923706055,4148
2021-10-22,ASRD.MI,9.845999717712402,9.845999717712402,9.803999900817871,9.812999725341797,10370
2021-10-25,ASRD.MI,9.819999694824219,9.892000198364258,9.819999694824219,9.852999687194824,9967
2021-10-26,ASRD.MI,9.854000091552734,9.876999855041504,9.854000091552734,9.876999855041504,4108
2021-10-27,ASRD.MI,9.857000350952148,9.911999702453613,9.857000350952148,9.907999992370605,6162
2021-10-28,ASRD.MI,9.913000106811523,9.928999900817871,9.906000137329102,9.928999900817871,9243
2021-10-29,ASRD.MI,9.906000137329102,9.907999992370605,9.868000030517578,9.901000022888184,14378
2021-11-01,ASRD.MI,9.95199966430664,9.95199966430664,9.854999542236328,9.854999542236328,11835
2021-11-02,ASRD.MI,9.819999694824219,9.876999855041504,9.819999694824219,9.873000144958496,8151
2021-11-03,ASRD.MI,9.878999710083008,9.878999710083008,9.850000381469727,9.854999542236328,5135
2021-11-04,ASRD.MI,9.87600040435791,9.913999557495117,9.87399959564209,9.906000137329102,6162
2021-11-05,ASRD.MI,9.91100025177002,9.965999603271484,9.901000022888184,9.965999603271484,11187
2021-11-08,ASRD.MI,9.911999702453613,9.980999946594238,9.911999702453613,9.980999946594238,4068
2021-11-09,ASRD.MI,9.92199993133545,9.996999740600586,9.92199993133545,9.996999740600586,5085
2021-11-10,ASRD.MI,9.982000350952148,9.982000350952148,9.937999725341797,9.937999725341797,9153
2021-11-11,ASRD.MI,10.027999877929688,10.029999732971191,9.871999740600586,9.873000144958496,33308
2021-11-12,ASRD.MI,9.835000038146973,9.907999992370605,9.835000038146973,9.888999938964844,16112
2021-11-15,ASRD.MI,9.914999961853027,9.914999961853027,9.871000289916992,9.871000289916992,6102
2021-11-16,ASRD.MI,9.843999862670898,9.864999771118164,9.843999862670898,9.86400032043457,7119
2021-11-17,ASRD.MI,9.86400032043457,9.86400032043457,9.822999954223633,9.822999954223633,5085
2021-11-18,ASRD.MI,9.751999855041504,9.83899974822998,9.751999855041504,9.83899974822998,15693
2021-11-19,ASRD.MI,9.824000358581543,9.888999938964844,9.824000358581543,9.871000289916992,14378
2021-11-22,ASRD.MI,9.942999839782715,9.942999839782715,9.8100004196167,9.8100004196167,24059
2021-11-23,ASRD.MI,9.678999900817871,9.76099967956543,9.619000434875488,9.72599983215332,21292
2021-11-24,ASRD.MI,9.760000228881836,9.760000228881836,9.717000007629395,9.734999656677246,9423
2021-11-25,ASRD.MI,9.741999626159668,9.741999626159668,9.734000205993652,9.734000205993652,1037
2021-11-26,ASRD.MI,9.628000259399414,9.663000106811523,9.61299991607666,9.61299991607666,13919
2021-11-29,ASRD.MI,9.680000305175781,9.694000244140625,9.678999900817871,9.694000244140625,4228
2021-11-30,ASRD.MI,9.651000022888184,9.746000289916992,9.651000022888184,9.711999893188477,13611
2021-12-01,ASRD.MI,9.649999618530273,9.791000366210938,9.649999618530273,9.769000053405762,29754
2021-12-02,ASRD.MI,9.770999908447266,9.812999725341797,9.76200008392334,9.812999725341797,5236
2021-12-03,ASRD.MI,9.907999992370605,9.909000396728516,9.805000305175781,9.805000305175781,45168
2021-12-06,ASRD.MI,9.805000305175781,9.805000305175781,9.805000305175781,9.805000305175781,0
2021-12-07,ASRD.MI,9.800999641418457,9.90999984741211,9.800999641418457,9.90999984741211,2054
2021-12-08,ASRD.MI,9.883000373840332,9.918999671936035,9.861000061035156,9.861000061035156,7966
2021-12-09,ASRD.MI,9.909000396728516,9.916999816894531,9.909000396728516,9.916000366210938,1038
2021-12-10,ASRD.MI,9.970000267028809,9.970000267028809,9.883000373840332,9.904999732971191,32968
2021-12-13,ASRD.MI,9.904999732971191,9.904999732971191,9.904999732971191,9.904999732971191,0
2021-12-14,ASRD.MI,9.89799976348877,9.904000282287598,9.89799976348877,9.904000282287598,1027
2021-12-15,ASRD.MI,9.88700008392334,9.88700008392334,9.843999862670898,9.843999862670898,3081
2021-12-16,ASRD.MI,9.819999694824219,9.895999908447266,9.819999694824219,9.895999908447266,1027
2021-12-17,ASRD.MI,9.895999908447266,9.895999908447266,9.895999908447266,9.895999908447266,0
2021-12-20,ASRD.MI,9.947999954223633,9.947999954223633,9.779999732971191,9.779999732971191,11845
2021-12-21,ASRD.MI,9.862000465393066,9.862000465393066,9.781000137329102,9.79800033569336,4148
2021-12-22,ASRD.MI,9.78499984741211,9.805999755859375,9.78499984741211,9.805999755859375,2074
2021-12-23,ASRD.MI,9.82800006866455,9.82800006866455,9.824999809265137,9.824999809265137,1037
2021-12-27,ASRD.MI,9.840999603271484,9.857000350952148,9.840999603271484,9.857000350952148,1027
2021-12-28,ASRD.MI,9.836999893188477,9.869000434875488,9.836999893188477,9.869000434875488,1319
2021-12-29,ASRD.MI,9.866999626159668,9.866999626159668,9.82699966430664,9.82699966430664,1934
2021-12-30,ASRD.MI,9.871000289916992,9.87399959564209,9.869999885559082,9.869999885559082,2831
2022-01-03,ASRD.MI,9.89900016784668,9.89900016784668,9.824000358581543,9.829000473022461,19139
2022-01-04,ASRD.MI,9.835000038146973,9.835000038146973,9.78600025177002,9.78600025177002,2054
2022-01-05,ASRD.MI,9.781999588012695,9.781999588012695,9.76200008392334,9.76200008392334,1027
2022-01-06,ASRD.MI,9.678999900817871,9.678999900817871,9.630999565124512,9.630999565124512,4124
2022-01-07,ASRD.MI,9.687000274658203,9.687000274658203,9.614999771118164,9.614999771118164,1047
2022-01-10,ASRD.MI,9.607000350952148,9.61400032043457,9.574000358581543,9.574000358581543,2094
2022-01-11,ASRD.MI,9.588000297546387,9.609000205993652,9.588000297546387,9.597000122070312,3171
2022-01-12,ASRD.MI,9.609999656677246,9.642000198364258,9.604999542236328,9.642000198364258,13122
2022-01-13,ASRD.MI,9.607000350952148,9.607000350952148,9.595000267028809,9.595000267028809,1316
2022-01-14,ASRD.MI,9.647000312805176,9.647000312805176,9.555000305175781,9.555000305175781,13242
2022-01-17,ASRD.MI,9.543000221252441,9.543000221252441,9.515000343322754,9.515000343322754,1834
2022-01-18,ASRD.MI,9.444999694824219,9.444999694824219,9.444000244140625,9.444000244140625,1057
2022-01-19,ASRD.MI,9.446000099182129,9.496000289916992,9.446000099182129,9.496000289916992,2134
2022-01-20,ASRD.MI,9.395000457763672,9.538000106811523,9.395000457763672,9.538000106811523,13222
2022-01-21,ASRD.MI,9.522000312805176,9.550000190734863,9.520999908447266,9.545000076293945,4251
2022-01-24,ASRD.MI,9.538999557495117,9.538999557495117,9.48900032043457,9.48900032043457,1
2022-01-25,ASRD.MI,9.48900032043457,9.48900032043457,9.48900032043457,9.48900032043457,0
2022-01-26,ASRD.MI,9.531999588012695,9.550999641418457,9.531999588012695,9.550999641418457,2635
2022-01-27,ASRD.MI,9.571000099182129,9.571000099182129,9.515999794006348,9.531000137329102,14102
2022-01-28,ASRD.MI,9.552000045776367,9.552000045776367,9.506999969482422,9.506999969482422,5550
2022-01-31,ASRD.MI,9.428000450134277,9.536999702453613,9.428000450134277,9.510000228881836,14279
2022-02-01,ASRD.MI,9.482000350952148,9.564000129699707,9.482000350952148,9.54699993133545,2414
2022-02-02,ASRD.MI,9.545000076293945,9.593999862670898,9.531999588012695,9.593999862670898,1879
2022-02-03,ASRD.MI,9.53499984741211,9.53499984741211,9.522000312805176,9.53499984741211,2134
2022-02-04,ASRD.MI,9.503999710083008,9.531000137329102,9.461000442504883,9.461000442504883,3440
2022-02-07,ASRD.MI,9.543999671936035,9.543999671936035,9.428999900817871,9.428999900817871,2702
2022-02-08,ASRD.MI,9.428999900817871,9.428999900817871,9.428999900817871,9.428999900817871,0
2022-02-09,ASRD.MI,9.451000213623047,9.505000114440918,9.451000213623047,9.505000114440918,2134
2022-02-10,ASRD.MI,9.48799991607666,9.48799991607666,9.418999671936035,9.418999671936035,3376
2022-02-11,ASRD.MI,9.45300006866455,9.517000198364258,9.361000061035156,9.361000061035156,19824
2022-02-14,ASRD.MI,9.366999626159668,9.371000289916992,9.307999610900879,9.364999771118164,30973
2022-02-15,ASRD.MI,9.380999565124512,9.407999992370605,9.373000144958496,9.392999649047852,12783
2022-02-16,ASRD.MI,9.371000289916992,9.404999732971191,9.366999626159668,9.366999626159668,4348
2022-02-17,ASRD.MI,9.32699966430664,9.32699966430664,9.322999954223633,9.322999954223633,2174
2022-02-18,ASRD.MI,9.335000038146973,9.357999801635742,9.335000038146973,9.354000091552734,26262
2022-02-21,ASRD.MI,9.309000015258789,9.309000015258789,9.27299976348877,9.27299976348877,9687
2022-02-22,ASRD.MI,9.192000389099121,9.28600025177002,9.192000389099121,9.28600025177002,1
2022-02-23,ASRD.MI,9.208000183105469,9.213000297546387,9.128000259399414,9.128000259399414,10091
2022-02-24,ASRD.MI,9.128000259399414,9.128000259399414,9.128000259399414,9.128000259399414,0
2022-02-25,ASRD.MI,9.128000259399414,9.128000259399414,9.128000259399414,9.128000259399414,0
2022-02-28,ASRD.MI,8.880999565124512,8.920999526977539,8.817999839782715,8.920999526977539,8825
2022-03-01,ASRD.MI,8.932999610900879,8.991000175476074,8.8100004196167,8.8100004196167,2268
2022-03-02,ASRD.MI,8.776000022888184,8.800000190734863,8.776000022888184,8.800000190734863,1097
2022-03-03,ASRD.MI,8.779000282287598,8.779000282287598,8.729000091552734,8.756999969482422,12276
2022-03-04,ASRD.MI,8.706999778747559,8.72599983215332,8.611000061035156,8.611000061035156,4272
2022-03-07,ASRD.MI,8.524999618530273,8.541999816894531,8.524999618530273,8.541999816894531,1157
2022-03-08,ASRD.MI,8.541999816894531,8.541999816894531,8.541999816894531,8.541999816894531,0
2022-03-09,ASRD.MI,8.567999839782715,8.668000221252441,8.567999839782715,8.668000221252441,7860
2022-03-10,ASRD.MI,8.692999839782715,8.711999893188477,8.621000289916992,8.621000289916992,12667
2022-03-11,ASRD.MI,8.663999557495117,8.699999809265137,8.663999557495117,8.678999900817871,2499
2022-03-14,ASRD.MI,8.678999900817871,8.678999900817871,8.678999900817871,8.678999900817871,0
2022-03-15,ASRD.MI,8.597999572753906,8.63700008392334,8.597999572753906,8.63700008392334,3501
2022-03-16,ASRD.MI,8.711000442504883,8.815999984741211,8.711000442504883,8.79699993133545,6526
2022-03-17,ASRD.MI,8.880000114440918,8.909000396728516,8.880000114440918,8.909000396728516,2102
2022-03-18,ASRD.MI,8.90999984741211,8.920999526977539,8.90999984741211,8.920999526977539,1147
2022-03-21,ASRD.MI,8.91100025177002,8.91100025177002,8.83899974822998,8.83899974822998,15449
2022-03-22,ASRD.MI,8.83899974822998,8.83899974822998,8.83899974822998,8.83899974822998,0
2022-03-23,ASRD.MI,8.722000122070312,8.730999946594238,8.722000122070312,8.730999946594238,1117
2022-03-24,ASRD.MI,8.730999946594238,8.730999946594238,8.730999946594238,8.730999946594238,0
2022-03-25,ASRD.MI,8.730999946594238,8.730999946594238,8.730999946594238,8.730999946594238,0
2022-03-28,ASRD.MI,8.730999946594238,8.730999946594238,8.730999946594238,8.730999946594238,0
2022-03-29,ASRD.MI,8.82699966430664,8.895000457763672,8.82699966430664,8.895000457763672,1327
2022-03-30,ASRD.MI,8.91100025177002,8.91100025177002,8.907999992370605,8.907999992370605,1039
2022-03-31,ASRD.MI,8.907999992370605,8.907999992370605,8.907999992370605,8.907999992370605,0
2022-04-01,ASRD.MI,8.907999992370605,8.907999992370605,8.907999992370605,8.907999992370605,0
2022-04-04,ASRD.MI,8.973999977111816,8.973999977111816,8.9399995803833,8.9399995803833,1
2022-04-05,ASRD.MI,8.89799976348877,8.89799976348877,8.866000175476074,8.866000175476074,166
2022-04-06,ASRD.MI,8.880999565124512,8.880999565124512,8.781000137329102,8.781000137329102,10464
2022-04-07,ASRD.MI,8.85200023651123,8.852999687194824,8.770000457763672,8.770000457763672,2687
2022-04-08,ASRD.MI,8.779999732971191,8.779999732971191,8.770000457763672,8.770000457763672,1147
2022-04-11,ASRD.MI,8.652000427246094,8.678000450134277,8.652000427246094,8.661999702453613,2294
2022-04-12,ASRD.MI,8.605999946594238,8.664999961853027,8.605999946594238,8.664999961853027,3380
2022-04-13,ASRD.MI,8.640999794006348,8.640999794006348,8.619000434875488,8.619000434875488,1177
2022-04-14,ASRD.MI,8.631999969482422,8.631999969482422,8.609999656677246,8.609999656677246,1167
2022-04-19,ASRD.MI,8.559000015258789,8.559000015258789,8.538000106811523,8.538000106811523,2354
2022-04-20,ASRD.MI,8.612000465393066,8.612000465393066,8.588000297546387,8.588000297546387,351
2022-04-21,ASRD.MI,8.604000091552734,8.604000091552734,8.559000015258789,8.576000213623047,5939
2022-04-22,ASRD.MI,8.519000053405762,8.519000053405762,8.5,8.503999710083008,4367
2022-04-25,ASRD.MI,8.5,8.5,8.420999526977539,8.456999778747559,1382
2022-04-26,ASRD.MI,8.423999786376953,8.513999938964844,8.423999786376953,8.487000465393066,17296
2022-04-27,ASRD.MI,8.491000175476074,8.491000175476074,8.446999549865723,8.446999549865723,1197
2022-04-28,ASRD.MI,8.480999946594238,8.480999946594238,8.402999877929688,8.447999954223633,2488
2022-04-29,ASRD.MI,8.411999702453613,8.411999702453613,8.380999565124512,8.380999565124512,1197
2022-05-02,ASRD.MI,8.392000198364258,8.468000411987305,8.329999923706055,8.329999923706055,1386
2022-05-03,ASRD.MI,8.329999923706055,8.329999923706055,8.329999923706055,8.329999923706055,0
2022-05-04,ASRD.MI,8.329999923706055,8.329999923706055,8.329999923706055,8.329999923706055,0
2022-05-05,ASRD.MI,8.394000053405762,8.394000053405762,8.265999794006348,8.265999794006348,1217
2022-05-06,ASRD.MI,8.300000190734863,8.300000190734863,8.23799991607666,8.23900032043457,2434
2022-05-09,ASRD.MI,8.168000221252441,8.168000221252441,8.163999557495117,8.163999557495117,1217
2022-05-10,ASRD.MI,8.163999557495117,8.163999557495117,8.163999557495117,8.163999557495117,0
2022-05-11,ASRD.MI,8.211000442504883,8.239999771118164,8.192000389099121,8.239999771118164,2474
2022-05-12,ASRD.MI,8.218000411987305,8.222999572753906,8.218000411987305,8.222999572753906,1237
2022-05-13,ASRD.MI,8.25100040435791,8.253000259399414,8.232000350952148,8.253000259399414,4654
2022-05-16,ASRD.MI,8.253000259399414,8.253000259399414,8.253000259399414,8.253000259399414,0
2022-05-17,ASRD.MI,8.218000411987305,8.241000175476074,8.204999923706055,8.204999923706055,2454
2022-05-18,ASRD.MI,8.194999694824219,8.194999694824219,8.175000190734863,8.175000190734863,1227
2022-05-19,ASRD.MI,8.175000190734863,8.175000190734863,8.175000190734863,8.175000190734863,0
2022-05-20,ASRD.MI,8.234999656677246,8.234999656677246,8.21500015258789,8.21500015258789,1237
2022-05-23,ASRD.MI,8.21500015258789,8.21500015258789,8.21500015258789,8.21500015258789,0
2022-05-24,ASRD.MI,8.21500015258789,8.21500015258789,8.21500015258789,8.21500015258789,0
2022-05-25,ASRD.MI,8.21500015258789,8.21500015258789,8.21500015258789,8.21500015258789,0
2022-05-26,ASRD.MI,8.21500015258789,8.21500015258789,8.21500015258789,8.21500015258789,0
2022-05-27,ASRD.MI,8.418999671936035,8.47599983215332,8.418999671936035,8.45300006866455,6241
2022-05-30,ASRD.MI,8.45300006866455,8.45300006866455,8.45300006866455,8.45300006866455,0
2022-05-31,ASRD.MI,8.440999984741211,8.440999984741211,8.364999771118164,8.364999771118164,1197
2022-06-01,ASRD.MI,8.364999771118164,8.364999771118164,8.364999771118164,8.364999771118164,0
2022-06-02,ASRD.MI,8.376999855041504,8.4350004196167,8.350000381469727,8.418000221252441,5932
2022-06-03,ASRD.MI,8.376999855041504,8.447999954223633,8.376999855041504,8.404000282287598,7429
2022-06-06,ASRD.MI,8.402000427246094,8.402000427246094,8.321000099182129,8.321000099182129,1207
2022-06-07,ASRD.MI,8.302000045776367,8.329999923706055,8.300999641418457,8.329999923706055,2434
2022-06-08,ASRD.MI,8.329999923706055,8.329999923706055,8.329999923706055,8.329999923706055,0
2022-06-09,ASRD.MI,8.329999923706055,8.329999923706055,8.329999923706055,8.329999923706055,0
2022-06-10,ASRD.MI,8.182999610900879,8.199999809265137,8.11400032043457,8.11400032043457,14035
2022-06-13,ASRD.MI,8.003000259399414,8.02299976348877,7.859000205993652,7.859000205993652,2490
2022-06-14,ASRD.MI,7.828999996185303,7.918000221252441,7.828999996185303,7.8979997634887695,2534
2022-06-15,ASRD.MI,7.8979997634887695,7.8979997634887695,7.8979997634887695,7.8979997634887695,0
2022-06-16,ASRD.MI,7.8979997634887695,7.8979997634887695,7.8979997634887695,7.8979997634887695,0
2022-06-17,ASRD.MI,7.906000137329102,7.927999973297119,7.906000137329102,7.909999847412109,2491
2022-06-20,ASRD.MI,7.909999847412109,7.909999847412109,7.909999847412109,7.909999847412109,0
2022-06-21,ASRD.MI,7.929999828338623,7.956999778747559,7.916999816894531,7.938000202178955,3801
2022-06-22,ASRD.MI,7.89300012588501,7.956999778747559,7.89300012588501,7.956999778747559,1277
2022-06-23,ASRD.MI,7.9710001945495605,7.973999977111816,7.9710001945495605,7.973999977111816,1144
2022-06-24,ASRD.MI,8.015000343322754,8.015000343322754,7.998000144958496,8.013999938964844,3635
2022-06-27,ASRD.MI,8.013999938964844,8.013999938964844,8.013999938964844,8.013999938964844,0
2022-06-28,ASRD.MI,7.922999858856201,7.922999858856201,7.866000175476074,7.866000175476074,7790
2022-06-29,ASRD.MI,7.841000080108643,7.841000080108643,7.828999996185303,7.828999996185303,1277
2022-06-30,ASRD.MI,7.75600004196167,7.86299991607666,7.75600004196167,7.809999942779541,11287
2022-07-01,ASRD.MI,7.988999843597412,7.995999813079834,7.921000003814697,7.980999946594238,10330
2022-07-04,ASRD.MI,7.980999946594238,7.980999946594238,7.980999946594238,7.980999946594238,0
2022-07-05,ASRD.MI,7.955999851226807,7.955999851226807,7.913000106811523,7.913000106811523,14575
2022-07-06,ASRD.MI,7.913000106811523,7.913000106811523,7.913000106811523,7.913000106811523,0
2022-07-07,ASRD.MI,7.8470001220703125,7.872000217437744,7.84499979019165,7.872000217437744,3831
2022-07-08,ASRD.MI,7.872000217437744,7.872000217437744,7.872000217437744,7.872000217437744,0
2022-07-11,ASRD.MI,7.872000217437744,7.872000217437744,7.872000217437744,7.872000217437744,0
2022-07-12,ASRD.MI,7.843999862670898,7.8470001220703125,7.770999908447266,7.770999908447266,16082
2022-07-13,ASRD.MI,7.711999893188477,7.711999893188477,7.644000053405762,7.699999809265137,3891
2022-07-14,ASRD.MI,7.683000087738037,7.683000087738037,7.63700008392334,7.63700008392334,1
2022-07-15,ASRD.MI,7.677000045776367,7.698999881744385,7.677000045776367,7.698999881744385,1317
2022-07-18,ASRD.MI,7.692999839782715,7.715000152587891,7.692999839782715,7.715000152587891,3669
2022-07-19,ASRD.MI,7.715000152587891,7.715000152587891,7.715000152587891,7.715000152587891,0
2022-07-20,ASRD.MI,7.715000152587891,7.715000152587891,7.715000152587891,7.715000152587891,0
2022-07-21,ASRD.MI,7.811999797821045,7.882999897003174,7.811999797821045,7.869999885559082,5167
2022-07-22,ASRD.MI,7.876999855041504,7.934999942779541,7.876999855041504,7.934999942779541,1286
2022-07-25,ASRD.MI,7.931000232696533,7.935999870300293,7.931000232696533,7.935999870300293,1287
2022-07-26,ASRD.MI,7.965000152587891,7.965000152587891,7.916999816894531,7.916999816894531,3718
2022-07-27,ASRD.MI,7.916999816894531,7.916999816894531,7.916999816894531,7.916999816894531,0
2022-07-28,ASRD.MI,7.984000205993652,8.072999954223633,7.965000152587891,8.072999954223633,3691
2022-07-29,ASRD.MI,8.072999954223633,8.072999954223633,8.072999954223633,8.072999954223633,0
2022-08-01,ASRD.MI,8.072999954223633,8.072999954223633,8.072999954223633,8.072999954223633,0
2022-08-02,ASRD.MI,8.11400032043457,8.11400032043457,8.111000061035156,8.111000061035156,1247
2022-08-03,ASRD.MI,8.111000061035156,8.111000061035156,8.111000061035156,8.111000061035156,0
2022-08-04,ASRD.MI,8.20199966430664,8.21500015258789,8.175000190734863,8.175000190734863,2450
2022-08-05,ASRD.MI,8.130000114440918,8.14900016784668,8.130000114440918,8.14900016784668,1247
2022-08-08,ASRD.MI,8.1899995803833,8.255000114440918,8.182000160217285,8.255000114440918,2494
2022-08-09,ASRD.MI,8.305999755859375,8.321999549865723,8.166999816894531,8.166999816894531,6
2022-08-10,ASRD.MI,8.166999816894531,8.166999816894531,8.166999816894531,8.166999816894531,0
2022-08-11,ASRD.MI,8.166999816894531,8.166999816894531,8.166999816894531,8.166999816894531,0
2022-08-12,ASRD.MI,8.166999816894531,8.166999816894531,8.166999816894531,8.166999816894531,0
2022-08-16,ASRD.MI,8.236000061035156,8.236000061035156,8.177000045776367,8.177000045776367,1237
2022-08-17,ASRD.MI,8.173999786376953,8.173999786376953,8.13700008392334,8.13700008392334,1237
2022-08-18,ASRD.MI,8.038999557495117,8.111000061035156,8.038999557495117,8.111000061035156,2494
2022-08-19,ASRD.MI,8.062000274658203,8.076000213623047,8.043000221252441,8.043000221252441,2368
2022-08-22,ASRD.MI,8.005999565124512,8.024999618530273,7.9730000495910645,8.024999618530273,1248
2022-08-23,ASRD.MI,7.949999809265137,8.043000221252441,7.931000232696533,8.043000221252441,1267
2022-08-24,ASRD.MI,8.043000221252441,8.043000221252441,8.043000221252441,8.043000221252441,0
2022-08-25,ASRD.MI,8.045000076293945,8.045000076293945,8.045000076293945,8.045000076293945,1257
2022-08-26,ASRD.MI,8.093000411987305,8.093000411987305,8.029000282287598,8.029000282287598,2514
2022-08-29,ASRD.MI,8.029000282287598,8.029000282287598,8.029000282287598,8.029000282287598,0
2022-08-30,ASRD.MI,8.029000282287598,8.029000282287598,8.029000282287598,8.029000282287598,0
2022-08-31,ASRD.MI,7.956999778747559,7.956999778747559,7.922999858856201,7.922999858856201,1267
2022-09-01,ASRD.MI,7.881999969482422,7.881999969482422,7.831999778747559,7.831999778747559,1907
2022-09-02,ASRD.MI,7.849999904632568,7.959000110626221,7.8470001220703125,7.959000110626221,17548
2022-09-05,ASRD.MI,7.798999786376953,7.86899995803833,7.798999786376953,7.86899995803833,2589
2022-09-06,ASRD.MI,7.86899995803833,7.86899995803833,7.86899995803833,7.86899995803833,0
2022-09-07,ASRD.MI,7.86899995803833,7.86899995803833,7.86899995803833,7.86899995803833,0
2022-09-08,ASRD.MI,7.9120001792907715,7.940999984741211,7.9120001792907715,7.940999984741211,211
2022-09-09,ASRD.MI,7.939000129699707,7.988999843597412,7.939000129699707,7.988999843597412,3779
2022-09-12,ASRD.MI,8.015999794006348,8.015999794006348,8.006999969482422,8.006999969482422,1277
2022-09-13,ASRD.MI,8.006999969482422,8.006999969482422,8.006999969482422,8.006999969482422,0
2022-09-14,ASRD.MI,8.006999969482422,8.006999969482422,8.006999969482422,8.006999969482422,0
2022-09-15,ASRD.MI,8.006999969482422,8.006999969482422,8.006999969482422,8.006999969482422,0
2022-09-16,ASRD.MI,8.006999969482422,8.006999969482422,8.006999969482422,8.006999969482422,0
2022-09-19,ASRD.MI,8.006999969482422,8.006999969482422,8.006999969482422,8.006999969482422,0
2022-09-20,ASRD.MI,8.006999969482422,8.006999969482422,8.006999969482422,8.006999969482422,0
2022-09-21,ASRD.MI,7.7820000648498535,7.7820000648498535,7.763999938964844,7.763999938964844,1042
2022-09-22,ASRD.MI,7.763999938964844,7.763999938964844,7.763999938964844,7.763999938964844,0
2022-09-23,ASRD.MI,7.763999938964844,7.763999938964844,7.763999938964844,7.763999938964844,0
2022-09-26,ASRD.MI,7.543000221252441,7.543000221252441,7.510000228881836,7.510000228881836,1327
2022-09-27,ASRD.MI,7.452000141143799,7.47599983215332,7.415999889373779,7.415999889373779,2674
2022-09-28,ASRD.MI,7.26800012588501,7.373000144958496,7.26800012588501,7.373000144958496,1357
2022-09-29,ASRD.MI,7.35699987411499,7.366000175476074,7.35699987411499,7.366000175476074,1377
2022-09-30,ASRD.MI,7.366000175476074,7.366000175476074,7.366000175476074,7.366000175476074,0
2022-10-03,ASRD.MI,7.392000198364258,7.49399995803833,7.392000198364258,7.49399995803833,29245
2022-10-04,ASRD.MI,7.517000198364258,7.6020002365112305,7.517000198364258,7.6020002365112305,8142
2022-10-05,ASRD.MI,7.482999801635742,7.482999801635742,7.452000141143799,7.452000141143799,1337
2022-10-06,ASRD.MI,7.497000217437744,7.497000217437744,7.4629998207092285,7.4629998207092285,1347
2022-10-07,ASRD.MI,7.453999996185303,7.453999996185303,7.396999835968018,7.396999835968018,1347
2022-10-10,ASRD.MI,7.4019999504089355,7.416999816894531,7.334000110626221,7.334000110626221,1360
2022-10-11,ASRD.MI,7.324999809265137,7.366000175476074,7.324999809265137,7.366000175476074,6012
2022-10-12,ASRD.MI,7.366000175476074,7.366000175476074,7.366000175476074,7.366000175476074,0
2022-10-13,ASRD.MI,7.308000087738037,7.308000087738037,7.242000102996826,7.242000102996826,2754
2022-10-14,ASRD.MI,7.361000061035156,7.361000061035156,7.264999866485596,7.264999866485596,2774
2022-10-17,ASRD.MI,7.313000202178955,7.322000026702881,7.313000202178955,7.322000026702881,1387
2022-10-18,ASRD.MI,7.327000141143799,7.327000141143799,7.316999912261963,7.316999912261963,2774
2022-10-19,ASRD.MI,7.296000003814697,7.296000003814697,7.271999835968018,7.271999835968018,1387
2022-10-20,ASRD.MI,7.271999835968018,7.271999835968018,7.271999835968018,7.271999835968018,0
2022-10-21,ASRD.MI,7.164999961853027,7.164999961853027,7.13100004196167,7.1570000648498535,6985
2022-10-24,ASRD.MI,7.236000061035156,7.25,7.236000061035156,7.25,1417
2022-10-25,ASRD.MI,7.316999912261963,7.334000110626221,7.316999912261963,7.334000110626221,1397
2022-10-26,ASRD.MI,7.334000110626221,7.334000110626221,7.334000110626221,7.334000110626221,0
2022-10-27,ASRD.MI,7.416999816894531,7.458000183105469,7.416999816894531,7.458000183105469,400
2022-10-28,ASRD.MI,7.452000141143799,7.460999965667725,7.421000003814697,7.460999965667725,4101
2022-10-31,ASRD.MI,7.460999965667725,7.460999965667725,7.460999965667725,7.460999965667725,0
2022-11-01,ASRD.MI,7.385000228881836,7.436999797821045,7.385000228881836,7.436999797821045,2413
2022-11-02,ASRD.MI,7.480999946594238,7.480999946594238,7.452000141143799,7.452000141143799,217
2022-11-03,ASRD.MI,7.359000205993652,7.361999988555908,7.35699987411499,7.35699987411499,1808
2022-11-04,ASRD.MI,7.36899995803833,7.46999979019165,7.36899995803833,7.448999881744385,36878
2022-11-07,ASRD.MI,7.448999881744385,7.448999881744385,7.448999881744385,7.448999881744385,0
2022-11-08,ASRD.MI,7.448999881744385,7.448999881744385,7.448999881744385,7.448999881744385,0
2022-11-09,ASRD.MI,7.489999771118164,7.53000020980835,7.489999771118164,7.53000020980835,2694
2022-11-10,ASRD.MI,7.53000020980835,7.53000020980835,7.53000020980835,7.53000020980835,0
2022-11-11,ASRD.MI,7.53000020980835,7.53000020980835,7.53000020980835,7.53000020980835,0
2022-11-14,ASRD.MI,7.53000020980835,7.53000020980835,7.53000020980835,7.53000020980835,0
2022-11-15,ASRD.MI,7.763999938964844,7.784999847412109,7.763999938964844,7.784999847412109,1307
2022-11-16,ASRD.MI,7.7789998054504395,7.821000099182129,7.7789998054504395,7.789000034332275,3480
2022-11-17,ASRD.MI,7.763000011444092,7.763000011444092,7.743000030517578,7.743000030517578,1297
2022-11-18,ASRD.MI,7.743000030517578,7.743000030517578,7.743000030517578,7.743000030517578,0
2022-11-21,ASRD.MI,7.743000030517578,7.743000030517578,7.743000030517578,7.743000030517578,0
2022-11-22,ASRD.MI,7.743000030517578,7.743000030517578,7.743000030517578,7.743000030517578,0
2022-11-23,ASRD.MI,7.743000030517578,7.743000030517578,7.743000030517578,7.743000030517578,0
2022-11-24,ASRD.MI,7.900000095367432,7.910999774932861,7.900000095367432,7.910999774932861,810
2022-11-25,ASRD.MI,7.900000095367432,7.9019999504089355,7.885000228881836,7.885000228881836,745
2022-11-28,ASRD.MI,7.927000045776367,7.927000045776367,7.901000022888184,7.901000022888184,54
2022-11-29,ASRD.MI,7.8979997634887695,7.9120001792907715,7.894000053405762,7.894000053405762,1189
2022-11-30,ASRD.MI,7.88100004196167,7.928999900817871,7.88100004196167,7.894999980926514,3851
2022-12-01,ASRD.MI,8.015999794006348,8.031000137329102,8.015999794006348,8.031000137329102,1287
2022-12-02,ASRD.MI,8.031000137329102,8.031000137329102,8.031000137329102,8.031000137329102,0
2022-12-05,ASRD.MI,8.104999542236328,8.104999542236328,8.005999565124512,8.053000450134277,14938
2022-12-06,ASRD.MI,8.005000114440918,8.005000114440918,7.955999851226807,7.958000183105469,2487
2022-12-07,ASRD.MI,7.942999839782715,8.005999565124512,7.942999839782715,8.005999565124512,1267
2022-12-08,ASRD.MI,8.005999565124512,8.005999565124512,8.005999565124512,8.005999565124512,0
2022-12-09,ASRD.MI,8.043000221252441,8.074000358581543,8.005999565124512,8.005999565124512,2360
2022-12-12,ASRD.MI,8.00100040435791,8.00100040435791,7.986999988555908,7.995999813079834,2374
2022-12-13,ASRD.MI,8.13700008392334,8.13700008392334,8.111000061035156,8.111000061035156,1257
2022-12-14,ASRD.MI,8.071999549865723,8.086999893188477,8.050999641418457,8.086999893188477,3023
2022-12-15,ASRD.MI,8.0649995803833,8.0649995803833,8.029999732971191,8.029999732971191,1257
2022-12-16,ASRD.MI,8.029999732971191,8.029999732971191,8.029999732971191,8.029999732971191,0
2022-12-19,ASRD.MI,7.945000171661377,7.945000171661377,7.938000202178955,7.938000202178955,1257
2022-12-20,ASRD.MI,7.938000202178955,7.938000202178955,7.938000202178955,7.938000202178955,0
2022-12-21,ASRD.MI,7.945000171661377,7.98199987411499,7.945000171661377,7.98199987411499,2554
2022-12-22,ASRD.MI,8.055000305175781,8.055000305175781,7.966000080108643,7.966000080108643,3428
2022-12-23,ASRD.MI,7.966000080108643,7.966000080108643,7.966000080108643,7.966000080108643,0
2022-12-27,ASRD.MI,7.947000026702881,7.947000026702881,7.877999782562256,7.877999782562256,1229
2022-12-28,ASRD.MI,7.896999835968018,7.896999835968018,7.868000030517578,7.868000030517578,400
2022-12-29,ASRD.MI,7.868000030517578,7.868000030517578,7.868000030517578,7.868000030517578,0
2022-12-30,ASRD.MI,7.868000030517578,7.868000030517578,7.868000030517578,7.868000030517578,0
2023-01-02,ASRD.MI,7.886000156402588,7.913000106811523,7.886000156402588,7.913000106811523,1277
2023-01-03,ASRD.MI,7.913000106811523,7.913000106811523,7.913000106811523,7.913000106811523,0
2023-01-04,ASRD.MI,7.913000106811523,7.913000106811523,7.913000106811523,7.913000106811523,0
2023-01-05,ASRD.MI,7.880000114440918,7.895999908447266,7.880000114440918,7.895999908447266,1277
2023-01-06,ASRD.MI,7.895999908447266,7.895999908447266,7.895999908447266,7.895999908447266,0
2023-01-09,ASRD.MI,7.895999908447266,7.895999908447266,7.895999908447266,7.895999908447266,0
2023-01-10,ASRD.MI,7.895999908447266,7.895999908447266,7.895999908447266,7.895999908447266,0
2023-01-11,ASRD.MI,8.015000343322754,8.050999641418457,8.015000343322754,8.050999641418457,2534
2023-01-12,ASRD.MI,8.045000076293945,8.088000297546387,8.041000366210938,8.069999694824219,5019
2023-01-13,ASRD.MI,8.069999694824219,8.069999694824219,8.069999694824219,8.069999694824219,0
2023-01-16,ASRD.MI,8.069999694824219,8.069999694824219,8.069999694824219,8.069999694824219,0
2023-01-17,ASRD.MI,8.069999694824219,8.069999694824219,8.069999694824219,8.069999694824219,0
2023-01-18,ASRD.MI,8.133999824523926,8.178000450134277,8.128999710083008,8.178000450134277,7542
2023-01-19,ASRD.MI,8.15999984741211,8.187000274658203,8.15999984741211,8.168999671936035,4958
2023-01-20,ASRD.MI,8.168999671936035,8.168999671936035,8.168999671936035,8.168999671936035,0
2023-01-23,ASRD.MI,8.168999671936035,8.168999671936035,8.168999671936035,8.168999671936035,0
2023-01-24,ASRD.MI,8.168999671936035,8.168999671936035,8.168999671936035,8.168999671936035,0
2023-01-25,ASRD.MI,8.196999549865723,8.196999549865723,8.144000053405762,8.144000053405762,20
2023-01-26,ASRD.MI,8.144000053405762,8.144000053405762,8.144000053405762,8.144000053405762,0
2023-01-27,ASRD.MI,8.144000053405762,8.144000053405762,8.144000053405762,8.144000053405762,0
2023-01-30,ASRD.MI,8.144000053405762,8.144000053405762,8.144000053405762,8.144000053405762,0
2023-01-31,ASRD.MI,8.144000053405762,8.144000053405762,8.144000053405762,8.144000053405762,0
2023-02-01,ASRD.MI,8.144000053405762,8.144000053405762,8.144000053405762,8.144000053405762,0
2023-02-02,ASRD.MI,8.26099967956543,8.293000221252441,8.26099967956543,8.293000221252441,2379
2023-02-03,ASRD.MI,8.293000221252441,8.293000221252441,8.293000221252441,8.293000221252441,0
2023-02-06,ASRD.MI,8.102999687194824,8.104999542236328,8.086000442504883,8.086000442504883,1404
2023-02-07,ASRD.MI,8.08899974822998,8.15999984741211,8.079000473022461,8.088000297546387,460531
2023-02-08,ASRD.MI,8.074999809265137,8.097999572753906,8.055000305175781,8.055000305175781,2627
2023-02-09,ASRD.MI,8.12399959564209,8.12399959564209,8.071000099182129,8.071000099182129,72
2023-02-10,ASRD.MI,8.006999969482422,8.008000373840332,7.940999984741211,7.940999984741211,2697
2023-02-13,ASRD.MI,7.96999979019165,7.980999946594238,7.965000152587891,7.965000152587891,2389
2023-02-14,ASRD.MI,8.008999824523926,8.04800033569336,7.989999771118164,7.989999771118164,452116
2023-02-15,ASRD.MI,7.986999988555908,8.003999710083008,7.951000213623047,7.951000213623047,1423
2023-02-16,ASRD.MI,7.9730000495910645,7.9730000495910645,7.934000015258789,7.940000057220459,11924
2023-02-17,ASRD.MI,7.86899995803833,7.886000156402588,7.86899995803833,7.886000156402588,190
2023-02-20,ASRD.MI,7.886000156402588,7.886000156402588,7.886000156402588,7.886000156402588,0
2023-02-21,ASRD.MI,7.886000156402588,7.886000156402588,7.886000156402588,7.886000156402588,0
2023-02-22,ASRD.MI,7.793000221252441,7.8420000076293945,7.793000221252441,7.8420000076293945,24780
2023-02-23,ASRD.MI,7.8429999351501465,7.892000198364258,7.8420000076293945,7.892000198364258,7686
2023-02-24,ASRD.MI,7.886000156402588,7.889999866485596,7.879000186920166,7.879000186920166,51154
2023-02-27,ASRD.MI,7.886000156402588,7.888999938964844,7.886000156402588,7.888999938964844,58
2023-02-28,ASRD.MI,7.869999885559082,7.883999824523926,7.869999885559082,7.883999824523926,1959
2023-03-01,ASRD.MI,7.883999824523926,7.883999824523926,7.883999824523926,7.883999824523926,0
2023-03-02,ASRD.MI,7.788000106811523,7.798999786376953,7.788000106811523,7.798999786376953,24
2023-03-03,ASRD.MI,7.861000061035156,7.876999855041504,7.861000061035156,7.876999855041504,1277
2023-03-06,ASRD.MI,7.915999889373779,7.921000003814697,7.915999889373779,7.921000003814697,2432
2023-03-07,ASRD.MI,7.915999889373779,7.915999889373779,7.881999969482422,7.881999969482422,4111
2023-03-08,ASRD.MI,7.85699987411499,7.890999794006348,7.85699987411499,7.873000144958496,220
2023-03-09,ASRD.MI,7.835999965667725,7.8460001945495605,7.835999965667725,7.8460001945495605,1132
2023-03-10,ASRD.MI,7.831999778747559,7.895999908447266,7.831999778747559,7.895999908447266,21456
2023-03-13,ASRD.MI,7.925000190734863,7.953000068664551,7.925000190734863,7.931000232696533,2137
2023-03-14,ASRD.MI,7.932000160217285,7.932000160217285,7.900000095367432,7.900000095367432,13
2023-03-15,ASRD.MI,7.921000003814697,7.921000003814697,7.831999778747559,7.831999778747559,5140
2023-03-16,ASRD.MI,7.928999900817871,7.928999900817871,7.928999900817871,7.928999900817871,17294
2023-03-17,ASRD.MI,7.879000186920166,7.896999835968018,7.879000186920166,7.88100004196167,3831
2023-03-20,ASRD.MI,7.8979997634887695,7.8979997634887695,7.820000171661377,7.876999855041504,9051
2023-03-21,ASRD.MI,7.88100004196167,7.913000106811523,7.88100004196167,7.913000106811523,1287
2023-03-22,ASRD.MI,7.913000106811523,7.913000106811523,7.913000106811523,7.913000106811523,0
2023-03-23,ASRD.MI,7.913000106811523,7.913000106811523,7.913000106811523,7.913000106811523,0
2023-03-24,ASRD.MI,8.008000373840332,8.008000373840332,7.9710001945495605,7.9710001945495605,2264
2023-03-27,ASRD.MI,7.968999862670898,7.968999862670898,7.926000118255615,7.934999942779541,7154
2023-03-28,ASRD.MI,7.934999942779541,7.934999942779541,7.934999942779541,7.934999942779541,0
2023-03-29,ASRD.MI,7.936999797821045,7.936999797821045,7.923999786376953,7.923999786376953,1132
2023-03-30,ASRD.MI,7.953000068664551,7.964000225067139,7.949999809265137,7.964000225067139,6944
2023-03-31,ASRD.MI,7.966000080108643,8.013999938964844,7.964000225067139,8.013999938964844,1881
2023-04-03,ASRD.MI,7.994999885559082,8.053999900817871,7.994999885559082,8.053999900817871,2899
2023-04-04,ASRD.MI,8.062000274658203,8.062000274658203,8.043999671936035,8.043999671936035,1132
2023-04-05,ASRD.MI,8.069000244140625,8.069000244140625,8.041000366210938,8.041000366210938,2305
2023-04-06,ASRD.MI,8.071999549865723,8.071999549865723,8.034000396728516,8.060999870300293,5008
2023-04-11,ASRD.MI,8.105999946594238,8.105999946594238,8.020999908447266,8.020999908447266,21628
2023-04-12,ASRD.MI,8.04800033569336,8.04800033569336,8.031000137329102,8.031000137329102,41
2023-04-13,ASRD.MI,8.031000137329102,8.031000137329102,8.031000137329102,8.031000137329102,0
2023-04-14,ASRD.MI,8.032999992370605,8.032999992370605,8.017000198364258,8.017000198364258,1257
2023-04-17,ASRD.MI,8.017000198364258,8.017000198364258,8.017000198364258,8.017000198364258,0
2023-04-18,ASRD.MI,7.9710001945495605,7.993000030517578,7.96999979019165,7.993000030517578,436
2023-04-19,ASRD.MI,7.935999870300293,7.952000141143799,7.935999870300293,7.952000141143799,123
2023-04-20,ASRD.MI,7.946000099182129,7.959000110626221,7.936999797821045,7.945000171661377,15401
2023-04-21,ASRD.MI,7.933000087738037,7.940999984741211,7.933000087738037,7.940999984741211,1133
2023-04-24,ASRD.MI,7.940999984741211,7.940999984741211,7.940999984741211,7.940999984741211,0
2023-04-25,ASRD.MI,7.993000030517578,8.0,7.993000030517578,8.0,3816
2023-04-26,ASRD.MI,7.991000175476074,8.008999824523926,7.991000175476074,8.008999824523926,1698
2023-04-27,ASRD.MI,7.978000164031982,7.979000091552734,7.9730000495910645,7.9730000495910645,1955
2023-04-28,ASRD.MI,7.9730000495910645,7.9730000495910645,7.9730000495910645,7.9730000495910645,0
2023-05-02,ASRD.MI,8.050000190734863,8.050000190734863,7.99399995803833,8.02400016784668,1341
2023-05-03,ASRD.MI,8.020000457763672,8.050000190734863,8.020000457763672,8.03600025177002,228
2023-05-04,ASRD.MI,8.045000076293945,8.045000076293945,8.02299976348877,8.02299976348877,3853
2023-05-05,ASRD.MI,8.024999618530273,8.024999618530273,8.005000114440918,8.005000114440918,1267
2023-05-08,ASRD.MI,8.005000114440918,8.005000114440918,7.997000217437744,7.997000217437744,946
2023-05-09,ASRD.MI,7.965000152587891,7.982999801635742,7.965000152587891,7.982999801635742,3093
2023-05-10,ASRD.MI,8.039999961853027,8.052000045776367,8.019000053405762,8.019000053405762,101
2023-05-11,ASRD.MI,8.019000053405762,8.019000053405762,8.019000053405762,8.019000053405762,0
2023-05-12,ASRD.MI,8.031999588012695,8.031999588012695,8.022000312805176,8.022000312805176,152
2023-05-15,ASRD.MI,8.022000312805176,8.022000312805176,8.022000312805176,8.022000312805176,0
2023-05-16,ASRD.MI,7.9720001220703125,7.9720001220703125,7.951000213623047,7.951000213623047,1317
2023-05-17,ASRD.MI,7.951000213623047,7.951000213623047,7.951000213623047,7.951000213623047,0
2023-05-18,ASRD.MI,7.945000171661377,7.951000213623047,7.932000160217285,7.932000160217285,3258
2023-05-19,ASRD.MI,7.932000160217285,7.932000160217285,7.932000160217285,7.932000160217285,0
2023-05-22,ASRD.MI,7.915999889373779,7.915999889373779,7.894000053405762,7.894000053405762,1859
2023-05-23,ASRD.MI,7.866000175476074,7.9039998054504395,7.866000175476074,7.9039998054504395,175
2023-05-24,ASRD.MI,7.929999828338623,7.929999828338623,7.909999847412109,7.909999847412109,106
2023-05-25,ASRD.MI,7.909999847412109,7.909999847412109,7.9029998779296875,7.9029998779296875,1039
2023-05-26,ASRD.MI,7.892000198364258,7.894000053405762,7.88100004196167,7.88100004196167,1267
2023-05-29,ASRD.MI,7.919000148773193,7.919000148773193,7.900000095367432,7.900000095367432,74
2023-05-30,ASRD.MI,7.951000213623047,7.951000213623047,7.920000076293945,7.942999839782715,3231
2023-05-31,ASRD.MI,7.953999996185303,7.953999996185303,7.936999797821045,7.936999797821045,2142
2023-06-01,ASRD.MI,7.964000225067139,7.964000225067139,7.936999797821045,7.936999797821045,8
2023-06-02,ASRD.MI,7.936999797821045,7.936999797821045,7.936999797821045,7.936999797821045,0
2023-06-05,ASRD.MI,7.936999797821045,7.936999797821045,7.936999797821045,7.936999797821045,0
2023-06-06,ASRD.MI,7.960999965667725,7.980999946594238,7.960999965667725,7.980999946594238,751
2023-06-07,ASRD.MI,7.980999946594238,7.980999946594238,7.974999904632568,7.974999904632568,100
2023-06-08,ASRD.MI,7.954999923706055,7.986000061035156,7.951000213623047,7.986000061035156,1348
2023-06-09,ASRD.MI,7.994999885559082,8.006999969482422,7.994999885559082,8.006999969482422,1771
2023-06-12,ASRD.MI,7.993000030517578,8.032999992370605,7.988999843597412,8.001999855041504,2274
2023-06-13,ASRD.MI,8.038999557495117,8.038999557495117,8.017999649047852,8.017999649047852,188
2023-06-14,ASRD.MI,8.017999649047852,8.017999649047852,8.017999649047852,8.017999649047852,0
2023-06-15,ASRD.MI,7.998000144958496,8.055000305175781,7.98199987411499,8.055000305175781,1391
2023-06-16,ASRD.MI,8.052000045776367,8.052000045776367,8.045999526977539,8.045999526977539,1132
2023-06-19,ASRD.MI,8.001999855041504,8.013999938964844,8.001999855041504,8.013999938964844,163
2023-06-20,ASRD.MI,8.041999816894531,8.059000015258789,8.041999816894531,8.041999816894531,1217
2023-06-21,ASRD.MI,8.041999816894531,8.041999816894531,8.041999816894531,8.041999816894531,0
2023-06-22,ASRD.MI,8.093999862670898,8.093999862670898,8.052000045776367,8.052000045776367,748
2023-06-23,ASRD.MI,8.052000045776367,8.052000045776367,8.052000045776367,8.052000045776367,0
2023-06-26,ASRD.MI,8.052000045776367,8.052000045776367,8.052000045776367,8.052000045776367,0
2023-06-27,ASRD.MI,8.052000045776367,8.052000045776367,8.052000045776367,8.052000045776367,0
2023-06-28,ASRD.MI,8.052000045776367,8.052000045776367,8.052000045776367,8.052000045776367,0
2023-06-29,ASRD.MI,8.08899974822998,8.08899974822998,8.059000015258789,8.059000015258789,116
2023-06-30,ASRD.MI,8.060999870300293,8.083000183105469,8.060999870300293,8.083000183105469,82
2023-07-03,ASRD.MI,8.083000183105469,8.083000183105469,8.083000183105469,8.083000183105469,0
2023-07-04,ASRD.MI,8.090999603271484,8.112000465393066,8.090999603271484,8.112000465393066,63
2023-07-05,ASRD.MI,8.112000465393066,8.112000465393066,8.112000465393066,8.112000465393066,0
2023-07-06,ASRD.MI,7.994999885559082,7.994999885559082,7.958000183105469,7.958000183105469,55
2023-07-07,ASRD.MI,7.979000091552734,7.979000091552734,7.959000110626221,7.959000110626221,1257
2023-07-10,ASRD.MI,7.959000110626221,7.959000110626221,7.959000110626221,7.959000110626221,0
2023-07-11,ASRD.MI,7.989999771118164,8.017000198364258,7.989999771118164,8.017000198364258,1358
2023-07-12,ASRD.MI,8.050999641418457,8.116000175476074,8.050999641418457,8.116000175476074,41
2023-07-13,ASRD.MI,8.13599967956543,8.166999816894531,8.13599967956543,8.166999816894531,669
2023-07-14,ASRD.MI,8.166999816894531,8.173999786376953,8.163999557495117,8.173999786376953,4784
2023-07-17,ASRD.MI,8.173999786376953,8.173999786376953,8.173999786376953,8.173999786376953,0
2023-07-18,ASRD.MI,8.173999786376953,8.173999786376953,8.173999786376953,8.173999786376953,0
2023-07-19,ASRD.MI,8.1899995803833,8.1899995803833,8.1899995803833,8.1899995803833,478
2023-07-20,ASRD.MI,8.14900016784668,8.14900016784668,8.128000259399414,8.128000259399414,8091
2023-07-21,ASRD.MI,8.156999588012695,8.156999588012695,8.128999710083008,8.152999877929688,768
2023-07-24,ASRD.MI,8.166000366210938,8.177000045776367,8.166000366210938,8.177000045776367,40
2023-07-25,ASRD.MI,8.147000312805176,8.16100025177002,8.145000457763672,8.16100025177002,2848
2023-07-26,ASRD.MI,8.185999870300293,8.185999870300293,8.180000305175781,8.180000305175781,107
2023-07-27,ASRD.MI,8.170000076293945,8.170000076293945,8.154999732971191,8.154999732971191,537
2023-07-28,ASRD.MI,8.125,8.177000045776367,8.125,8.177000045776367,424
2023-07-31,ASRD.MI,8.182000160217285,8.204000473022461,8.182000160217285,8.204000473022461,1089
2023-08-01,ASRD.MI,8.13700008392334,8.13700008392334,8.135000228881836,8.135000228881836,194
2023-08-02,ASRD.MI,8.083999633789062,8.083999633789062,8.045000076293945,8.045000076293945,127
2023-08-03,ASRD.MI,8.02299976348877,8.02299976348877,8.017999649047852,8.017999649047852,28
2023-08-04,ASRD.MI,8.053000450134277,8.079000473022461,8.053000450134277,8.079000473022461,4200
2023-08-07,ASRD.MI,8.105999946594238,8.105999946594238,8.079999923706055,8.079999923706055,1417
2023-08-08,ASRD.MI,8.079999923706055,8.079999923706055,8.079999923706055,8.079999923706055,0
2023-08-09,ASRD.MI,8.079999923706055,8.079999923706055,8.079999923706055,8.079999923706055,0
2023-08-10,ASRD.MI,8.135000228881836,8.14900016784668,8.119999885559082,8.119999885559082,1936
2023-08-11,ASRD.MI,8.105999946594238,8.105999946594238,8.083000183105469,8.083000183105469,1247
2023-08-14,ASRD.MI,8.059000015258789,8.059000015258789,8.031000137329102,8.031000137329102,6867
2023-08-16,ASRD.MI,7.932000160217285,7.954999923706055,7.932000160217285,7.954999923706055,10
2023-08-17,ASRD.MI,7.914999961853027,7.914999961853027,7.9029998779296875,7.90500020980835,1812
2023-08-18,ASRD.MI,7.90500020980835,7.90500020980835,7.90500020980835,7.90500020980835,0
2023-08-21,ASRD.MI,7.923999786376953,7.923999786376953,7.872000217437744,7.872000217437744,1018
2023-08-22,ASRD.MI,7.872000217437744,7.872000217437744,7.872000217437744,7.872000217437744,0
2023-08-23,ASRD.MI,7.872000217437744,7.872000217437744,7.872000217437744,7.872000217437744,0
2023-08-24,ASRD.MI,8.0,8.0,7.980000019073486,7.980000019073486,1277
2023-08-25,ASRD.MI,7.980000019073486,7.980000019073486,7.980000019073486,7.980000019073486,0
2023-08-28,ASRD.MI,7.980000019073486,7.980000019073486,7.980000019073486,7.980000019073486,0
2023-08-29,ASRD.MI,8.01200008392334,8.036999702453613,7.974999904632568,8.036999702453613,1964
2023-08-30,ASRD.MI,8.036999702453613,8.036999702453613,8.036999702453613,8.036999702453613,0
2023-08-31,ASRD.MI,8.04699993133545,8.055999755859375,8.045000076293945,8.055999755859375,2399
2023-09-01,ASRD.MI,8.055999755859375,8.055999755859375,8.055999755859375,8.055999755859375,0
2023-09-04,ASRD.MI,8.065999984741211,8.065999984741211,8.026000022888184,8.026000022888184,20
2023-09-05,ASRD.MI,7.980999946594238,7.980999946594238,7.978000164031982,7.978000164031982,85
2023-09-06,ASRD.MI,7.978000164031982,7.978000164031982,7.978000164031982,7.978000164031982,0
2023-09-07,ASRD.MI,7.9079999923706055,7.945000171661377,7.9079999923706055,7.945000171661377,462
2023-09-08,ASRD.MI,7.953000068664551,7.980999946594238,7.952000141143799,7.980999946594238,1635
2023-09-11,ASRD.MI,7.980999946594238,7.980999946594238,7.980999946594238,7.980999946594238,0
2023-09-12,ASRD.MI,7.965000152587891,7.965000152587891,7.947999954223633,7.947999954223633,1052
2023-09-13,ASRD.MI,7.946000099182129,7.961999893188477,7.945000171661377,7.961999893188477,1721
2023-09-14,ASRD.MI,7.961999893188477,7.961999893188477,7.961999893188477,7.961999893188477,0
2023-09-15,ASRD.MI,7.952000141143799,7.958000183105469,7.9019999504089355,7.958000183105469,3467
2023-09-18,ASRD.MI,7.936999797821045,7.942999839782715,7.936999797821045,7.942999839782715,910
2023-09-19,ASRD.MI,7.942999839782715,7.942999839782715,7.942999839782715,7.942999839782715,0
2023-09-20,ASRD.MI,7.942999839782715,7.942999839782715,7.942999839782715,7.942999839782715,0
2023-09-21,ASRD.MI,7.867000102996826,7.875,7.863999843597412,7.863999843597412,1850
2023-09-22,ASRD.MI,7.863999843597412,7.888000011444092,7.857999801635742,7.888000011444092,1541
2023-09-25,ASRD.MI,7.888000011444092,7.888000011444092,7.888000011444092,7.888000011444092,0
2023-09-26,ASRD.MI,7.888000011444092,7.888000011444092,7.888000011444092,7.888000011444092,0
2023-09-27,ASRD.MI,7.888000011444092,7.888000011444092,7.888000011444092,7.888000011444092,0
2023-09-28,ASRD.MI,7.888000011444092,7.888000011444092,7.888000011444092,7.888000011444092,0
2023-09-29,ASRD.MI,7.888000011444092,7.888000011444092,7.888000011444092,7.888000011444092,0
2023-10-02,ASRD.MI,7.888000011444092,7.888000011444092,7.888000011444092,7.888000011444092,0
2023-10-03,ASRD.MI,7.635000228881836,7.638999938964844,7.616000175476074,7.616000175476074,13025
2023-10-04,ASRD.MI,7.616000175476074,7.616000175476074,7.616000175476074,7.616000175476074,0
2023-10-05,ASRD.MI,7.616000175476074,7.616000175476074,7.611000061035156,7.611000061035156,1327
2023-10-06,ASRD.MI,7.611000061035156,7.611000061035156,7.611000061035156,7.611000061035156,0
2023-10-09,ASRD.MI,7.611000061035156,7.611000061035156,7.611000061035156,7.611000061035156,0
2023-10-10,ASRD.MI,7.6579999923706055,7.684999942779541,7.6579999923706055,7.684999942779541,1327
2023-10-11,ASRD.MI,7.684999942779541,7.684999942779541,7.684999942779541,7.684999942779541,0
2023-10-12,ASRD.MI,7.685999870300293,7.699999809265137,7.685999870300293,7.693999767303467,11386
2023-10-13,ASRD.MI,7.698999881744385,7.698999881744385,7.676000118255615,7.676000118255615,80
2023-10-16,ASRD.MI,7.630000114440918,7.671000003814697,7.630000114440918,7.659999847412109,183
2023-10-17,ASRD.MI,7.622000217437744,7.630000114440918,7.622000217437744,7.630000114440918,743
2023-10-18,ASRD.MI,7.5960001945495605,7.5960001945495605,7.581999778747559,7.581999778747559,2534
2023-10-19,ASRD.MI,7.581999778747559,7.581999778747559,7.581999778747559,7.581999778747559,0
2023-10-20,ASRD.MI,7.525000095367432,7.565000057220459,7.525000095367432,7.554999828338623,2100
2023-10-23,ASRD.MI,7.554999828338623,7.554999828338623,7.554999828338623,7.554999828338623,0
2023-10-24,ASRD.MI,7.554999828338623,7.554999828338623,7.554999828338623,7.554999828338623,0
2023-10-25,ASRD.MI,7.630000114440918,7.630000114440918,7.614999771118164,7.614999771118164,595
2023-10-26,ASRD.MI,7.585999965667725,7.607999801635742,7.585999965667725,7.607999801635742,215
2023-10-27,ASRD.MI,7.607999801635742,7.607999801635742,7.607999801635742,7.607999801635742,0
2023-10-30,ASRD.MI,7.59499979019165,7.617000102996826,7.59499979019165,7.617000102996826,251
2023-10-31,ASRD.MI,7.617000102996826,7.617000102996826,7.617000102996826,7.617000102996826,0
2023-11-01,ASRD.MI,7.617000102996826,7.617000102996826,7.617000102996826,7.617000102996826,0
2023-11-02,ASRD.MI,7.7820000648498535,7.789999961853027,7.7820000648498535,7.789999961853027,132
2023-11-03,ASRD.MI,7.879000186920166,7.9019999504089355,7.879000186920166,7.9019999504089355,127
2023-11-06,ASRD.MI,7.854000091552734,7.854000091552734,7.841000080108643,7.841000080108643,407
2023-11-07,ASRD.MI,7.841000080108643,7.841000080108643,7.841000080108643,7.841000080108643,0
2023-11-08,ASRD.MI,7.841000080108643,7.841000080108643,7.841000080108643,7.841000080108643,0
2023-11-09,ASRD.MI,7.841000080108643,7.841000080108643,7.841000080108643,7.841000080108643,0
2023-11-10,ASRD.MI,7.808000087738037,7.808000087738037,7.801000118255615,7.801000118255615,988
2023-11-13,ASRD.MI,7.801000118255615,7.801000118255615,7.801000118255615,7.801000118255615,0
2023-11-14,ASRD.MI,7.801000118255615,7.801000118255615,7.801000118255615,7.801000118255615,0
2023-11-15,ASRD.MI,7.8979997634887695,7.8979997634887695,7.880000114440918,7.880000114440918,1132
2023-11-16,ASRD.MI,7.880000114440918,7.880000114440918,7.880000114440918,7.880000114440918,0
2023-11-17,ASRD.MI,7.90500020980835,7.927000045776367,7.90500020980835,7.927000045776367,47
2023-11-20,ASRD.MI,7.923999786376953,7.960000038146973,7.923999786376953,7.960000038146973,155
2023-11-21,ASRD.MI,7.960000038146973,7.960000038146973,7.960000038146973,7.960000038146973,0
2023-11-22,ASRD.MI,7.98799991607666,7.989999771118164,7.98799991607666,7.989999771118164,167
2023-11-23,ASRD.MI,7.989999771118164,7.989999771118164,7.989999771118164,7.989999771118164,0
2023-11-24,ASRD.MI,7.989999771118164,7.989999771118164,7.989999771118164,7.989999771118164,0
2023-11-27,ASRD.MI,7.991000175476074,8.010000228881836,7.991000175476074,8.010000228881836,894
2023-11-28,ASRD.MI,8.006999969482422,8.029000282287598,8.0,8.029000282287598,12000
2023-11-29,ASRD.MI,8.029000282287598,8.029000282287598,8.029000282287598,8.029000282287598,0
2023-11-30,ASRD.MI,8.10099983215332,8.10099983215332,8.079999923706055,8.079999923706055,145
2023-12-01,ASRD.MI,8.079999923706055,8.079999923706055,8.079999923706055,8.079999923706055,0
2023-12-04,ASRD.MI,8.173999786376953,8.173999786376953,8.131999969482422,8.131999969482422,2743
2023-12-05,ASRD.MI,8.170999526977539,8.194000244140625,8.168000221252441,8.194000244140625,1315
2023-12-06,ASRD.MI,8.194000244140625,8.194000244140625,8.194000244140625,8.194000244140625,0
2023-12-07,ASRD.MI,8.182999610900879,8.244999885559082,8.182999610900879,8.244999885559082,100
2023-12-08,ASRD.MI,8.194999694824219,8.196000099182129,8.194999694824219,8.196000099182129,981
2023-12-11,ASRD.MI,8.173999786376953,8.182999610900879,8.170000076293945,8.182999610900879,1466
2023-12-12,ASRD.MI,8.210000038146973,8.213000297546387,8.180999755859375,8.180999755859375,2288
2023-12-13,ASRD.MI,8.21500015258789,8.229000091552734,8.21500015258789,8.229000091552734,454
2023-12-14,ASRD.MI,8.229000091552734,8.229000091552734,8.229000091552734,8.229000091552734,0
2023-12-15,ASRD.MI,8.378999710083008,8.407999992370605,8.378999710083008,8.407999992370605,93
2023-12-18,ASRD.MI,8.407999992370605,8.407999992370605,8.407999992370605,8.407999992370605,0
2023-12-19,ASRD.MI,8.392000198364258,8.42199993133545,8.392000198364258,8.416999816894531,3127
2023-12-20,ASRD.MI,8.406999588012695,8.414999961853027,8.406000137329102,8.414999961853027,415
2023-12-21,ASRD.MI,8.418000221252441,8.425999641418457,8.418000221252441,8.425999641418457,905
2023-12-22,ASRD.MI,8.420000076293945,8.420000076293945,8.416999816894531,8.416999816894531,22846
2023-12-27,ASRD.MI,8.420000076293945,8.470999717712402,8.420000076293945,8.470999717712402,2394
2023-12-28,ASRD.MI,8.48799991607666,8.48799991607666,8.456999778747559,8.472999572753906,1000
2023-12-29,ASRD.MI,8.472999572753906,8.472999572753906,8.472999572753906,8.472999572753906,0
2024-01-02,ASRD.MI,8.472999572753906,8.472999572753906,8.472999572753906,8.472999572753906,0
2024-01-03,ASRD.MI,8.359999656677246,8.359999656677246,8.274999618530273,8.277000427246094,3798
2024-01-04,ASRD.MI,8.262999534606934,8.281000137329102,8.262999534606934,8.281000137329102,793
2024-01-05,ASRD.MI,8.281000137329102,8.281000137329102,8.281000137329102,8.281000137329102,0
2024-01-08,ASRD.MI,8.258000373840332,8.279000282287598,8.23799991607666,8.279000282287598,115
2024-01-09,ASRD.MI,8.241999626159668,8.258999824523926,8.232000350952148,8.244999885559082,8549
2024-01-10,ASRD.MI,8.253000259399414,8.265999794006348,8.253000259399414,8.265000343322754,1252
2024-01-11,ASRD.MI,8.265000343322754,8.265000343322754,8.265000343322754,8.265000343322754,0
2024-01-12,ASRD.MI,8.369999885559082,8.375,8.333999633789062,8.375,1589
2024-01-15,ASRD.MI,8.329999923706055,8.35099983215332,8.329999923706055,8.35099983215332,299
2024-01-16,ASRD.MI,8.347000122070312,8.359999656677246,8.312000274658203,8.312000274658203,1616
2024-01-17,ASRD.MI,8.26099967956543,8.28600025177002,8.25,8.276000022888184,4279
2024-01-18,ASRD.MI,8.27299976348877,8.27299976348877,8.263999938964844,8.263999938964844,1480
2024-01-19,ASRD.MI,8.284000396728516,8.284000396728516,8.236000061035156,8.24899959564209,219
2024-01-22,ASRD.MI,8.281999588012695,8.281999588012695,8.267999649047852,8.269000053405762,1627
2024-01-23,ASRD.MI,8.269000053405762,8.269000053405762,8.269000053405762,8.269000053405762,0
2024-01-24,ASRD.MI,8.258000373840332,8.258999824523926,8.22599983215332,8.22599983215332,2288
2024-01-25,ASRD.MI,8.243000030517578,8.24899959564209,8.236000061035156,8.236000061035156,1471
2024-01-26,ASRD.MI,8.262999534606934,8.262999534606934,8.24899959564209,8.24899959564209,1
2024-01-29,ASRD.MI,8.263999938964844,8.272000312805176,8.263999938964844,8.272000312805176,94
2024-01-30,ASRD.MI,8.288000106811523,8.295000076293945,8.288000106811523,8.295000076293945,34
2024-01-31,ASRD.MI,8.345999717712402,8.366999626159668,8.321999549865723,8.366999626159668,487
2024-02-01,ASRD.MI,8.366999626159668,8.366999626159668,8.366999626159668,8.366999626159668,0
2024-02-02,ASRD.MI,8.366999626159668,8.366999626159668,8.366999626159668,8.366999626159668,0
2024-02-05,ASRD.MI,8.366999626159668,8.366999626159668,8.366999626159668,8.366999626159668,0
2024-02-06,ASRD.MI,8.25,8.293999671936035,8.25,8.293999671936035,1217
2024-02-07,ASRD.MI,8.293999671936035,8.293999671936035,8.293999671936035,8.293999671936035,0
2024-02-08,ASRD.MI,8.293999671936035,8.293999671936035,8.293999671936035,8.293999671936035,0
2024-02-09,ASRD.MI,8.293999671936035,8.293999671936035,8.293999671936035,8.293999671936035,0
2024-02-12,ASRD.MI,8.300999641418457,8.32699966430664,8.300999641418457,8.319000244140625,2229
2024-02-13,ASRD.MI,8.234000205993652,8.243000030517578,8.232999801635742,8.243000030517578,8413
2024-02-14,ASRD.MI,8.243000030517578,8.243000030517578,8.243000030517578,8.243000030517578,0
2024-02-15,ASRD.MI,8.276000022888184,8.298999786376953,8.269000053405762,8.298999786376953,35152
2024-02-16,ASRD.MI,8.29699993133545,8.29699993133545,8.251999855041504,8.28600025177002,34569
2024-02-19,ASRD.MI,8.28600025177002,8.28600025177002,8.28600025177002,8.28600025177002,0
2024-02-20,ASRD.MI,8.244000434875488,8.263999938964844,8.229000091552734,8.263999938964844,2501
2024-02-21,ASRD.MI,8.260000228881836,8.274999618530273,8.260000228881836,8.270999908447266,87187
2024-02-22,ASRD.MI,8.270999908447266,8.270999908447266,8.270999908447266,8.270999908447266,0
2024-02-23,ASRD.MI,8.312000274658203,8.34000015258789,8.312000274658203,8.34000015258789,2240
2024-02-26,ASRD.MI,8.34000015258789,8.34000015258789,8.34000015258789,8.34000015258789,0
2024-02-27,ASRD.MI,8.33899974822998,8.33899974822998,8.321000099182129,8.321000099182129,681
2024-02-28,ASRD.MI,8.331999778747559,8.331999778747559,8.317000389099121,8.317000389099121,1451
2024-02-29,ASRD.MI,8.317000389099121,8.317000389099121,8.317000389099121,8.317000389099121,0
2024-03-01,ASRD.MI,8.317000389099121,8.317000389099121,8.317000389099121,8.317000389099121,0
2024-03-04,ASRD.MI,8.317000389099121,8.317000389099121,8.317000389099121,8.317000389099121,0
2024-03-05,ASRD.MI,8.402999877929688,8.420000076293945,8.401000022888184,8.413000106811523,2976
2024-03-06,ASRD.MI,8.432999610900879,8.449999809265137,8.413000106811523,8.449999809265137,700
2024-03-07,ASRD.MI,8.449999809265137,8.449999809265137,8.449999809265137,8.449999809265137,0
2024-03-08,ASRD.MI,8.468999862670898,8.47700023651123,8.468999862670898,8.47700023651123,472
2024-03-11,ASRD.MI,8.498000144958496,8.501999855041504,8.449000358581543,8.465999603271484,3410
2024-03-12,ASRD.MI,8.465999603271484,8.465999603271484,8.465999603271484,8.465999603271484,0
2024-03-13,ASRD.MI,8.4399995803833,8.461000442504883,8.4399995803833,8.461000442504883,6812
2024-03-14,ASRD.MI,8.461000442504883,8.461000442504883,8.461000442504883,8.461000442504883,0
2024-03-15,ASRD.MI,8.461000442504883,8.461000442504883,8.461000442504883,8.461000442504883,0
2024-03-18,ASRD.MI,8.461000442504883,8.461000442504883,8.461000442504883,8.461000442504883,0
2024-03-19,ASRD.MI,8.404000282287598,8.430000305175781,8.404000282287598,8.418000221252441,2480
2024-03-20,ASRD.MI,8.418000221252441,8.418000221252441,8.416000366210938,8.416000366210938,288
2024-03-21,ASRD.MI,8.416000366210938,8.416000366210938,8.416000366210938,8.416000366210938,0
2024-03-22,ASRD.MI,8.539999961853027,8.539999961853027,8.524999618530273,8.524999618530273,40
2024-03-25,ASRD.MI,8.48799991607666,8.503000259399414,8.48799991607666,8.503000259399414,150
2024-03-26,ASRD.MI,8.484000205993652,8.484000205993652,8.482000350952148,8.482000350952148,346
2024-03-27,ASRD.MI,8.48799991607666,8.517999649047852,8.486000061035156,8.517999649047852,4196
2024-03-28,ASRD.MI,8.517999649047852,8.517999649047852,8.517999649047852,8.517999649047852,0
2024-04-02,ASRD.MI,8.517999649047852,8.517999649047852,8.517999649047852,8.517999649047852,0
2024-04-03,ASRD.MI,8.444000244140625,8.449999809265137,8.444000244140625,8.449999809265137,71
2024-04-04,ASRD.MI,8.461000442504883,8.493000030517578,8.456000328063965,8.493000030517578,1309
2024-04-05,ASRD.MI,8.48900032043457,8.48900032043457,8.446000099182129,8.48799991607666,69467
2024-04-08,ASRD.MI,8.475000381469727,8.48799991607666,8.458999633789062,8.48799991607666,8393
2024-04-09,ASRD.MI,8.505000114440918,8.531999588012695,8.505000114440918,8.531999588012695,778
2024-04-10,ASRD.MI,8.463000297546387,8.463000297546387,8.454999923706055,8.454999923706055,147
2024-04-11,ASRD.MI,8.454999923706055,8.454999923706055,8.454999923706055,8.454999923706055,0
2024-04-12,ASRD.MI,8.388999938964844,8.39900016784668,8.375,8.375,31469
2024-04-15,ASRD.MI,8.32699966430664,8.32699966430664,8.314000129699707,8.314000129699707,202
2024-04-16,ASRD.MI,8.270000457763672,8.270000457763672,8.26200008392334,8.26200008392334,180
2024-04-17,ASRD.MI,8.265000343322754,8.322999954223633,8.265000343322754,8.322999954223633,54176
2024-04-18,ASRD.MI,8.321000099182129,8.322999954223633,8.321000099182129,8.322999954223633,80
2024-04-19,ASRD.MI,8.307999610900879,8.338000297546387,8.307999610900879,8.338000297546387,1593
2024-04-22,ASRD.MI,8.329999923706055,8.338000297546387,8.329999923706055,8.331000328063965,3220
2024-04-23,ASRD.MI,8.35200023651123,8.373000144958496,8.35200023651123,8.373000144958496,5341
2024-04-24,ASRD.MI,8.331000328063965,8.331000328063965,8.303999900817871,8.303999900817871,958
2024-04-25,ASRD.MI,8.317000389099121,8.317000389099121,8.258999824523926,8.267999649047852,4536
2024-04-26,ASRD.MI,8.295000076293945,8.333000183105469,8.295000076293945,8.321999549865723,1180
2024-04-29,ASRD.MI,8.321999549865723,8.321999549865723,8.321999549865723,8.321999549865723,0
2024-04-30,ASRD.MI,8.340999603271484,8.347000122070312,8.291000366210938,8.3149995803833,8072
2024-05-02,ASRD.MI,8.329999923706055,8.331000328063965,8.310999870300293,8.331000328063965,2165
2024-05-03,ASRD.MI,8.432999610900879,8.432999610900879,8.407999992370605,8.407999992370605,1766
2024-05-06,ASRD.MI,8.428000450134277,8.442000389099121,8.428000450134277,8.442000389099121,150
2024-05-07,ASRD.MI,8.463000297546387,8.48799991607666,8.463000297546387,8.48799991607666,1069
2024-05-08,ASRD.MI,8.42300033569336,8.437999725341797,8.420999526977539,8.437999725341797,9610
2024-05-09,ASRD.MI,8.427000045776367,8.440999984741211,8.427000045776367,8.440999984741211,8508
2024-05-10,ASRD.MI,8.468000411987305,8.468000411987305,8.456999778747559,8.461999893188477,1639
2024-05-13,ASRD.MI,8.446999549865723,8.46500015258789,8.446999549865723,8.46500015258789,1141
2024-05-14,ASRD.MI,8.447999954223633,8.472000122070312,8.447999954223633,8.472000122070312,12508
2024-05-15,ASRD.MI,8.472000122070312,8.472000122070312,8.472000122070312,8.472000122070312,0
2024-05-16,ASRD.MI,8.559000015258789,8.559000015258789,8.550999641418457,8.550999641418457,1117
2024-05-17,ASRD.MI,8.529999732971191,8.529999732971191,8.520999908447266,8.520999908447266,1197
2024-05-20,ASRD.MI,8.503000259399414,8.515999794006348,8.503000259399414,8.515999794006348,67
2024-05-21,ASRD.MI,8.515999794006348,8.515999794006348,8.515999794006348,8.515999794006348,0
2024-05-22,ASRD.MI,8.515999794006348,8.515999794006348,8.515999794006348,8.515999794006348,0
2024-05-23,ASRD.MI,8.472000122070312,8.472000122070312,8.45300006866455,8.45300006866455,1187
2024-05-24,ASRD.MI,8.45300006866455,8.45300006866455,8.45300006866455,8.45300006866455,0
2024-05-27,ASRD.MI,8.45300006866455,8.45300006866455,8.45300006866455,8.45300006866455,0
2024-05-28,ASRD.MI,8.463000297546387,8.463000297546387,8.456000328063965,8.456000328063965,280
2024-05-29,ASRD.MI,8.430999755859375,8.430999755859375,8.404000282287598,8.404000282287598,1187
2024-05-30,ASRD.MI,8.430000305175781,8.444000244140625,8.430000305175781,8.444000244140625,1187
2024-05-31,ASRD.MI,8.472000122070312,8.496999740600586,8.470999717712402,8.470999717712402,1600
2024-06-03,ASRD.MI,8.470999717712402,8.470999717712402,8.470999717712402,8.470999717712402,0
2024-06-04,ASRD.MI,8.470999717712402,8.470999717712402,8.470999717712402,8.470999717712402,0
2024-06-05,ASRD.MI,8.494999885559082,8.536999702453613,8.494999885559082,8.536999702453613,95
2024-06-06,ASRD.MI,8.531000137329102,8.531000137329102,8.51200008392334,8.529000282287598,15973
2024-06-07,ASRD.MI,8.482000350952148,8.486000061035156,8.475000381469727,8.475000381469727,1797
2024-06-10,ASRD.MI,8.45199966430664,8.470000267028809,8.45199966430664,8.470000267028809,309
2024-06-11,ASRD.MI,8.470000267028809,8.470000267028809,8.470000267028809,8.470000267028809,0
2024-06-12,ASRD.MI,8.487000465393066,8.564000129699707,8.472000122070312,8.564000129699707,15550
2024-06-13,ASRD.MI,8.545999526977539,8.545999526977539,8.545000076293945,8.545000076293945,46
2024-06-14,ASRD.MI,8.524999618530273,8.527999877929688,8.524999618530273,8.527999877929688,74
2024-06-17,ASRD.MI,8.531000137329102,8.531000137329102,8.505999565124512,8.505999565124512,79
2024-06-18,ASRD.MI,8.53600025177002,8.548999786376953,8.53600025177002,8.548999786376953,45
2024-06-19,ASRD.MI,8.548999786376953,8.548999786376953,8.548999786376953,8.548999786376953,0
2024-06-20,ASRD.MI,8.545999526977539,8.550999641418457,8.538999557495117,8.538999557495117,3443
2024-06-21,ASRD.MI,8.527999877929688,8.534000396728516,8.527999877929688,8.534000396728516,7466
2024-06-24,ASRD.MI,8.538999557495117,8.54800033569336,8.538999557495117,8.54800033569336,260
2024-06-25,ASRD.MI,8.545000076293945,8.550000190734863,8.545000076293945,8.550000190734863,14
2024-06-26,ASRD.MI,8.531999588012695,8.531999588012695,8.513999938964844,8.513999938964844,1263
2024-06-27,ASRD.MI,8.513999938964844,8.513999938964844,8.513999938964844,8.513999938964844,0
2024-06-28,ASRD.MI,8.520999908447266,8.520999908447266,8.501999855041504,8.501999855041504,1187
2024-07-01,ASRD.MI,8.51200008392334,8.51200008392334,8.428999900817871,8.428999900817871,30
2024-07-02,ASRD.MI,8.428999900817871,8.428999900817871,8.428999900817871,8.428999900817871,0
2024-07-03,ASRD.MI,8.5,8.524999618530273,8.5,8.524999618530273,1500
2024-07-04,ASRD.MI,8.503999710083008,8.508000373840332,8.491000175476074,8.508000373840332,4000
2024-07-05,ASRD.MI,8.52400016784668,8.557000160217285,8.52400016784668,8.557000160217285,3101
2024-07-08,ASRD.MI,8.557000160217285,8.557000160217285,8.557000160217285,8.557000160217285,0
2024-07-09,ASRD.MI,8.553999900817871,8.553999900817871,8.552000045776367,8.552000045776367,2740
2024-07-10,ASRD.MI,8.552000045776367,8.552000045776367,8.552000045776367,8.552000045776367,0
2024-07-11,ASRD.MI,8.592000007629395,8.642000198364258,8.592000007629395,8.640000343322754,1287
2024-07-12,ASRD.MI,8.62600040435791,8.645999908447266,8.62600040435791,8.645999908447266,13137
2024-07-15,ASRD.MI,8.645999908447266,8.645999908447266,8.645999908447266,8.645999908447266,0
2024-07-16,ASRD.MI,8.614999771118164,8.628000259399414,8.614999771118164,8.628000259399414,53
2024-07-17,ASRD.MI,8.628000259399414,8.628000259399414,8.628000259399414,8.628000259399414,0
2024-07-18,ASRD.MI,8.628000259399414,8.628000259399414,8.628000259399414,8.628000259399414,0
2024-07-19,ASRD.MI,8.5649995803833,8.567000389099121,8.5649995803833,8.567000389099121,326
2024-07-22,ASRD.MI,8.609999656677246,8.621000289916992,8.609999656677246,8.61299991607666,11672
2024-07-23,ASRD.MI,8.61299991607666,8.61299991607666,8.61299991607666,8.61299991607666,0
2024-07-24,ASRD.MI,8.61299991607666,8.61299991607666,8.588000297546387,8.597999572753906,1643
2024-07-25,ASRD.MI,8.597999572753906,8.597999572753906,8.597999572753906,8.597999572753906,0
2024-07-26,ASRD.MI,8.5649995803833,8.600000381469727,8.5649995803833,8.600000381469727,300
2024-07-29,ASRD.MI,8.600000381469727,8.600000381469727,8.600000381469727,8.600000381469727,0
2024-07-30,ASRD.MI,8.600000381469727,8.600000381469727,8.600000381469727,8.600000381469727,0
2024-07-31,ASRD.MI,8.600000381469727,8.600000381469727,8.600000381469727,8.600000381469727,0
2024-08-01,ASRD.MI,8.697999954223633,8.697999954223633,8.694000244140625,8.694000244140625,340
2024-08-02,ASRD.MI,8.694000244140625,8.694000244140625,8.694000244140625,8.694000244140625,0
2024-08-05,ASRD.MI,8.694000244140625,8.694000244140625,8.694000244140625,8.694000244140625,0
2024-08-06,ASRD.MI,8.682000160217285,8.699000358581543,8.663999557495117,8.678999900817871,2214
2024-08-07,ASRD.MI,8.678999900817871,8.678999900817871,8.678999900817871,8.678999900817871,0
2024-08-08,ASRD.MI,8.678999900817871,8.678999900817871,8.678999900817871,8.678999900817871,0
2024-08-09,ASRD.MI,8.715999603271484,8.722000122070312,8.715999603271484,8.722000122070312,2149
2024-08-12,ASRD.MI,8.722000122070312,8.722000122070312,8.722000122070312,8.722000122070312,0
2024-08-13,ASRD.MI,8.711000442504883,8.746000289916992,8.711000442504883,8.746000289916992,133
2024-08-14,ASRD.MI,8.76099967956543,8.770000457763672,8.76099967956543,8.770000457763672,98
2024-08-16,ASRD.MI,8.77299976348877,8.800999641418457,8.77299976348877,8.800999641418457,1528
2024-08-19,ASRD.MI,8.800999641418457,8.800999641418457,8.800999641418457,8.800999641418457,0
2024-08-20,ASRD.MI,8.800999641418457,8.800999641418457,8.800999641418457,8.800999641418457,0
2024-08-21,ASRD.MI,8.840999603271484,8.864999771118164,8.840999603271484,8.864999771118164,112
2024-08-22,ASRD.MI,8.836000442504883,8.836000442504883,8.817000389099121,8.817000389099121,354
2024-08-23,ASRD.MI,8.831000328063965,8.875,8.831000328063965,8.875,76
2024-08-26,ASRD.MI,8.885000228881836,8.885000228881836,8.869999885559082,8.869999885559082,600
2024-08-27,ASRD.MI,8.869999885559082,8.869999885559082,8.869999885559082,8.869999885559082,0
2024-08-28,ASRD.MI,8.876999855041504,8.878000259399414,8.854999542236328,8.854999542236328,2458
2024-08-29,ASRD.MI,8.854999542236328,8.854999542236328,8.854999542236328,8.854999542236328,0
2024-08-30,ASRD.MI,8.869999885559082,8.873000144958496,8.855999946594238,8.855999946594238,1100
2024-09-02,ASRD.MI,8.855999946594238,8.855999946594238,8.855999946594238,8.855999946594238,0
2024-09-03,ASRD.MI,8.855999946594238,8.855999946594238,8.855999946594238,8.855999946594238,0
2024-09-04,ASRD.MI,8.855999946594238,8.855999946594238,8.855999946594238,8.855999946594238,0
2024-09-05,ASRD.MI,8.855999946594238,8.855999946594238,8.855999946594238,8.855999946594238,0
2024-09-06,ASRD.MI,8.909000396728516,8.909000396728516,8.888999938964844,8.888999938964844,10
2024-09-09,ASRD.MI,8.888999938964844,8.888999938964844,8.888999938964844,8.888999938964844,0
2024-09-10,ASRD.MI,8.892000198364258,8.895000457763672,8.875,8.895000457763672,1271
2024-09-11,ASRD.MI,8.916000366210938,8.927000045776367,8.897000312805176,8.897000312805176,3470
2024-09-12,ASRD.MI,8.944999694824219,8.944999694824219,8.913999557495117,8.913999557495117,424
2024-09-13,ASRD.MI,8.913999557495117,8.913999557495117,8.913999557495117,8.913999557495117,0
2024-09-16,ASRD.MI,8.913999557495117,8.913999557495117,8.913999557495117,8.913999557495117,0
2024-09-17,ASRD.MI,8.913999557495117,8.913999557495117,8.913999557495117,8.913999557495117,0
2024-09-18,ASRD.MI,8.913999557495117,8.913999557495117,8.913999557495117,8.913999557495117,0
2024-09-19,ASRD.MI,8.913999557495117,8.913999557495117,8.913999557495117,8.913999557495117,0
2024-09-20,ASRD.MI,8.913999557495117,8.913999557495117,8.913999557495117,8.913999557495117,0
2024-09-23,ASRD.MI,8.975000381469727,8.97700023651123,8.975000381469727,8.97700023651123,265
2024-09-24,ASRD.MI,8.989999771118164,8.989999771118164,8.989999771118164,8.989999771118164,2000
2024-09-25,ASRD.MI,8.970999717712402,8.996999740600586,8.970999717712402,8.979000091552734,165
2024-09-26,ASRD.MI,8.979000091552734,8.979000091552734,8.979000091552734,8.979000091552734,0
2024-09-27,ASRD.MI,9.01200008392334,9.012999534606934,8.998000144958496,8.998000144958496,450
2024-09-30,ASRD.MI,8.998000144958496,8.998000144958496,8.998000144958496,8.998000144958496,0
2024-10-01,ASRD.MI,9.019000053405762,9.029000282287598,9.019000053405762,9.029000282287598,24
2024-10-02,ASRD.MI,9.029000282287598,9.029000282287598,9.029000282287598,9.029000282287598,0
2024-10-03,ASRD.MI,8.975000381469727,8.989999771118164,8.975000381469727,8.989999771118164,269
2024-10-04,ASRD.MI,8.923999786376953,8.9350004196167,8.923999786376953,8.9350004196167,64
2024-10-07,ASRD.MI,8.942000389099121,8.942000389099121,8.920000076293945,8.920000076293945,175
2024-10-08,ASRD.MI,8.920000076293945,8.920000076293945,8.920000076293945,8.920000076293945,0
2024-10-09,ASRD.MI,8.895000457763672,8.913999557495117,8.895000457763672,8.913999557495117,50
2024-10-10,ASRD.MI,8.913999557495117,8.913999557495117,8.913999557495117,8.913999557495117,0
2024-10-11,ASRD.MI,8.86299991607666,8.894000053405762,8.86299991607666,8.894000053405762,178
2024-10-14,ASRD.MI,8.894000053405762,8.894000053405762,8.894000053405762,8.894000053405762,0
2024-10-15,ASRD.MI,8.894000053405762,8.894000053405762,8.894000053405762,8.894000053405762,0
2024-10-16,ASRD.MI,8.894000053405762,8.894000053405762,8.894000053405762,8.894000053405762,0
2024-10-17,ASRD.MI,8.925999641418457,8.925999641418457,8.916000366210938,8.916000366210938,602
2024-10-18,ASRD.MI,8.916000366210938,8.916000366210938,8.916000366210938,8.916000366210938,0
2024-10-21,ASRD.MI,8.899999618530273,8.899999618530273,8.833999633789062,8.833999633789062,1000
2024-10-22,ASRD.MI,8.833999633789062,8.833999633789062,8.833999633789062,8.833999633789062,0
2024-10-23,ASRD.MI,8.833999633789062,8.833999633789062,8.833999633789062,8.833999633789062,0
2024-10-24,ASRD.MI,8.788999557495117,8.798999786376953,8.788000106811523,8.798999786376953,1050
2024-10-25,ASRD.MI,8.798999786376953,8.798999786376953,8.798999786376953,8.798999786376953,0
2024-10-28,ASRD.MI,8.798999786376953,8.798999786376953,8.798999786376953,8.798999786376953,0
2024-10-29,ASRD.MI,8.788999557495117,8.795999526977539,8.788999557495117,8.795999526977539,50
2024-10-30,ASRD.MI,8.795999526977539,8.795999526977539,8.795999526977539,8.795999526977539,0
2024-10-31,ASRD.MI,8.795999526977539,8.795999526977539,8.795999526977539,8.795999526977539,0
2024-11-01,ASRD.MI,8.795999526977539,8.795999526977539,8.795999526977539,8.795999526977539,0
2024-11-04,ASRD.MI,8.8100004196167,8.8100004196167,8.776000022888184,8.776000022888184,1
2024-11-05,ASRD.MI,8.769000053405762,8.769000053405762,8.729999542236328,8.729999542236328,40
2024-11-06,ASRD.MI,8.694000244140625,8.722999572753906,8.694000244140625,8.722999572753906,124
2024-11-07,ASRD.MI,8.777999877929688,8.819999694824219,8.777999877929688,8.819999694824219,46
2024-11-08,ASRD.MI,8.864999771118164,8.864999771118164,8.845000267028809,8.85099983215332,69
2024-11-11,ASRD.MI,8.85099983215332,8.85099983215332,8.85099983215332,8.85099983215332,0
2024-11-12,ASRD.MI,8.85099983215332,8.85099983215332,8.85099983215332,8.85099983215332,0
2024-11-13,ASRD.MI,8.85099983215332,8.85099983215332,8.85099983215332,8.85099983215332,0
2024-11-14,ASRD.MI,8.760000228881836,8.795000076293945,8.760000228881836,8.795000076293945,9184
2024-11-15,ASRD.MI,8.741000175476074,8.741000175476074,8.732999801635742,8.732999801635742,46
2024-11-18,ASRD.MI,8.73900032043457,8.744000434875488,8.73900032043457,8.744000434875488,222
2024-11-19,ASRD.MI,8.744000434875488,8.744000434875488,8.744000434875488,8.744000434875488,0
2024-11-20,ASRD.MI,8.781000137329102,8.781000137329102,8.779999732971191,8.779999732971191,230
2024-11-21,ASRD.MI,8.779999732971191,8.779999732971191,8.779999732971191,8.779999732971191,0
2024-11-22,ASRD.MI,8.779999732971191,8.779999732971191,8.779999732971191,8.779999732971191,0
2024-11-25,ASRD.MI,8.779999732971191,8.779999732971191,8.779999732971191,8.779999732971191,0
2024-11-26,ASRD.MI,8.779999732971191,8.779999732971191,8.779999732971191,8.779999732971191,0
2024-11-27,ASRD.MI,8.779999732971191,8.779999732971191,8.779999732971191,8.779999732971191,0
2024-11-28,ASRD.MI,8.779999732971191,8.779999732971191,8.779999732971191,8.779999732971191,0
2024-11-29,ASRD.MI,8.779999732971191,8.779999732971191,8.779999732971191,8.779999732971191,0
2024-12-02,ASRD.MI,8.918999671936035,8.918999671936035,8.913000106811523,8.913000106811523,1200
2024-12-03,ASRD.MI,8.913000106811523,8.913000106811523,8.913000106811523,8.913000106811523,0
2024-12-04,ASRD.MI,8.916000366210938,8.928999900817871,8.916000366210938,8.928999900817871,32
2024-12-05,ASRD.MI,8.928999900817871,8.928999900817871,8.928999900817871,8.928999900817871,0
2024-12-06,ASRD.MI,8.928999900817871,8.928999900817871,8.928999900817871,8.928999900817871,0
2024-12-09,ASRD.MI,8.928999900817871,8.928999900817871,8.928999900817871,8.928999900817871,0
2024-12-10,ASRD.MI,8.949999809265137,8.949999809265137,8.949000358581543,8.949000358581543,450
2024-12-11,ASRD.MI,8.949000358581543,8.949000358581543,8.949000358581543,8.949000358581543,0
2024-12-12,ASRD.MI,8.949000358581543,8.949000358581543,8.949000358581543,8.949000358581543,0
2024-12-13,ASRD.MI,8.949000358581543,8.949000358581543,8.949000358581543,8.949000358581543,0
2024-12-16,ASRD.MI,8.857999801635742,8.857999801635742,8.83899974822998,8.83899974822998,2031
2024-12-17,ASRD.MI,8.83899974822998,8.83899974822998,8.83899974822998,8.83899974822998,0
2024-12-18,ASRD.MI,8.83899974822998,8.83899974822998,8.83899974822998,8.83899974822998,0
2024-12-19,ASRD.MI,8.710000038146973,8.711999893188477,8.680000305175781,8.701000213623047,177430
2024-12-20,ASRD.MI,8.701000213623047,8.701000213623047,8.701000213623047,8.701000213623047,0
2024-12-23,ASRD.MI,8.701000213623047,8.701000213623047,8.701000213623047,8.701000213623047,0
2024-12-27,ASRD.MI,8.701000213623047,8.701000213623047,8.701000213623047,8.701000213623047,0
2024-12-30,ASRD.MI,8.717000007629395,8.723999977111816,8.710000038146973,8.720999717712402,64431
2025-01-02,ASRD.MI,8.720999717712402,8.720999717712402,8.720999717712402,8.720999717712402,0
2025-01-03,ASRD.MI,8.720999717712402,8.720999717712402,8.720999717712402,8.720999717712402,0
2025-01-06,ASRD.MI,8.720999717712402,8.720999717712402,8.720999717712402,8.720999717712402,0
2025-01-07,ASRD.MI,8.746999740600586,8.746999740600586,8.711999893188477,8.711999893188477,250
2025-01-08,ASRD.MI,8.711999893188477,8.711999893188477,8.711999893188477,8.711999893188477,0
2025-01-09,ASRD.MI,8.741000175476074,8.741000175476074,8.732999801635742,8.732999801635742,232
2025-01-10,ASRD.MI,8.732999801635742,8.732999801635742,8.732999801635742,8.732999801635742,0
2025-01-13,ASRD.MI,8.64799976348877,8.64799976348877,8.645999908447266,8.645999908447266,3
2025-01-14,ASRD.MI,8.645999908447266,8.645999908447266,8.645999908447266,8.645999908447266,0
2025-01-15,ASRD.MI,8.645999908447266,8.645999908447266,8.645999908447266,8.645999908447266,0
2025-01-16,ASRD.MI,8.770999908447266,8.779999732971191,8.758999824523926,8.758999824523926,9994
2025-01-17,ASRD.MI,8.793999671936035,8.793999671936035,8.770999908447266,8.770999908447266,170
2025-01-20,ASRD.MI,8.770999908447266,8.770999908447266,8.770999908447266,8.770999908447266,0
2025-01-21,ASRD.MI,8.817000389099121,8.817999839782715,8.817000389099121,8.817000389099121,6824
2025-01-22,ASRD.MI,8.817000389099121,8.817000389099121,8.817000389099121,8.817000389099121,0
2025-01-23,ASRD.MI,8.805999755859375,8.805999755859375,8.791999816894531,8.791999816894531,2588
2025-01-24,ASRD.MI,8.82800006866455,8.82800006866455,8.8149995803833,8.8149995803833,570
2025-01-27,ASRD.MI,8.8149995803833,8.8149995803833,8.8149995803833,8.8149995803833,0
2025-01-28,ASRD.MI,8.835000038146973,8.835000038146973,8.815999984741211,8.815999984741211,506
2025-01-29,ASRD.MI,8.857000350952148,8.857000350952148,8.835000038146973,8.835000038146973,1276
2025-01-30,ASRD.MI,8.835000038146973,8.835000038146973,8.835000038146973,8.835000038146973,0
2025-01-31,ASRD.MI,8.835000038146973,8.835000038146973,8.835000038146973,8.835000038146973,0
2025-02-03,ASRD.MI,8.878000259399414,8.878000259399414,8.86299991607666,8.86299991607666,5849
2025-02-04,ASRD.MI,8.89900016784668,8.89900016784668,8.89900016784668,8.89900016784668,90
2025-02-05,ASRD.MI,8.89900016784668,8.89900016784668,8.89900016784668,8.89900016784668,0
2025-02-06,ASRD.MI,8.89900016784668,8.89900016784668,8.89900016784668,8.89900016784668,0
2025-02-07,ASRD.MI,8.935999870300293,8.935999870300293,8.871999740600586,8.871999740600586,1810
2025-02-10,ASRD.MI,8.895999908447266,8.902999877929688,8.895999908447266,8.902999877929688,340
2025-02-11,ASRD.MI,8.887999534606934,8.887999534606934,8.859000205993652,8.859000205993652,2213
2025-02-12,ASRD.MI,8.859999656677246,8.859999656677246,8.803000450134277,8.803000450134277,675
2025-02-13,ASRD.MI,8.859999656677246,8.880999565124512,8.859999656677246,8.880999565124512,6130
2025-02-14,ASRD.MI,8.901000022888184,8.925000190734863,8.890000343322754,8.925000190734863,10492
2025-02-17,ASRD.MI,8.92199993133545,8.930000305175781,8.920999526977539,8.920999526977539,4491
2025-02-18,ASRD.MI,8.920999526977539,8.920999526977539,8.920999526977539,8.920999526977539,0
2025-02-19,ASRD.MI,8.878999710083008,8.878999710083008,8.878999710083008,8.878999710083008,2804
2025-02-20,ASRD.MI,8.906999588012695,8.906999588012695,8.87600040435791,8.87600040435791,2801
2025-02-21,ASRD.MI,8.909000396728516,8.909000396728516,8.906999588012695,8.906999588012695,11
2025-02-24,ASRD.MI,8.906999588012695,8.906999588012695,8.906999588012695,8.906999588012695,0
2025-02-25,ASRD.MI,8.932000160217285,8.949000358581543,8.930999755859375,8.9399995803833,3392
2025-02-26,ASRD.MI,8.95199966430664,9.003000259399414,8.951000213623047,9.003000259399414,10986
2025-02-27,ASRD.MI,9.003000259399414,9.003000259399414,9.003000259399414,9.003000259399414,0
2025-02-28,ASRD.MI,8.98799991607666,8.993000030517578,8.979999542236328,8.993000030517578,4173
2025-03-03,ASRD.MI,8.996999740600586,9.001999855041504,8.991000175476074,9.001999855041504,2821
2025-03-04,ASRD.MI,9.001999855041504,9.001999855041504,9.001999855041504,9.001999855041504,0
2025-03-05,ASRD.MI,9.001999855041504,9.001999855041504,9.001999855041504,9.001999855041504,0
2025-03-06,ASRD.MI,9.001999855041504,9.001999855041504,9.001999855041504,9.001999855041504,0
2025-03-07,ASRD.MI,9.001999855041504,9.001999855041504,9.001999855041504,9.001999855041504,0
2025-03-10,ASRD.MI,8.968000411987305,8.968000411987305,8.949999809265137,8.949999809265137,522
2025-03-11,ASRD.MI,8.968999862670898,8.970999717712402,8.925000190734863,8.925000190734863,3730
2025-03-12,ASRD.MI,8.960000038146973,8.960000038146973,8.932999610900879,8.932999610900879,1127
2025-03-13,ASRD.MI,8.932999610900879,8.932999610900879,8.932999610900879,8.932999610900879,0
2025-03-14,ASRD.MI,8.932999610900879,8.932999610900879,8.932999610900879,8.932999610900879,0
2025-03-17,ASRD.MI,8.954999923706055,8.954999923706055,8.940999984741211,8.940999984741211,1003
2025-03-18,ASRD.MI,8.96399974822998,8.96399974822998,8.96399974822998,8.96399974822998,5650
2025-03-19,ASRD.MI,8.947999954223633,8.963000297546387,8.947999954223633,8.961000442504883,5842
2025-03-20,ASRD.MI,9.008999824523926,9.012999534606934,8.982999801635742,8.982999801635742,5210
2025-03-21,ASRD.MI,8.979999542236328,8.979999542236328,8.951000213623047,8.951000213623047,1691
2025-03-24,ASRD.MI,8.951000213623047,8.951000213623047,8.951000213623047,8.951000213623047,0
2025-03-25,ASRD.MI,8.979000091552734,8.979000091552734,8.979000091552734,8.979000091552734,351
2025-03-26,ASRD.MI,8.979000091552734,8.979000091552734,8.979000091552734,8.979000091552734,0
2025-03-27,ASRD.MI,8.89799976348877,8.89799976348877,8.890999794006348,8.890999794006348,150
2025-03-28,ASRD.MI,8.904999732971191,8.904999732971191,8.88599967956543,8.88599967956543,2536
2025-03-31,ASRD.MI,8.92199993133545,8.92199993133545,8.885000228881836,8.885000228881836,3736
2025-04-01,ASRD.MI,8.885000228881836,8.885000228881836,8.885000228881836,8.885000228881836,0
2025-04-02,ASRD.MI,8.885000228881836,8.885000228881836,8.885000228881836,8.885000228881836,0
2025-04-03,ASRD.MI,8.946999549865723,8.946999549865723,8.895000457763672,8.895000457763672,1137
2025-04-04,ASRD.MI,8.895000457763672,8.895000457763672,8.895000457763672,8.895000457763672,0
2025-04-07,ASRD.MI,8.706999778747559,8.77299976348877,8.689000129699707,8.74899959564209,17919
2025-04-08,ASRD.MI,8.656000137329102,8.70199966430664,8.656000137329102,8.694999694824219,540
2025-04-09,ASRD.MI,8.694999694824219,8.694999694824219,8.694999694824219,8.694999694824219,0
2025-04-10,ASRD.MI,8.663000106811523,8.663000106811523,8.652000427246094,8.652000427246094,190
2025-04-11,ASRD.MI,8.604000091552734,8.604000091552734,8.562000274658203,8.562000274658203,695
2025-04-14,ASRD.MI,8.730999946594238,8.730999946594238,8.729000091552734,8.730999946594238,1683
2025-04-15,ASRD.MI,8.789999961853027,8.789999961853027,8.772000312805176,8.772000312805176,410
2025-04-16,ASRD.MI,8.772000312805176,8.772000312805176,8.772000312805176,8.772000312805176,0
2025-04-17,ASRD.MI,8.772000312805176,8.772000312805176,8.772000312805176,8.772000312805176,0
2025-04-22,ASRD.MI,8.800000190734863,8.800999641418457,8.786999702453613,8.788000106811523,3535
2025-04-23,ASRD.MI,8.916999816894531,8.916999816894531,8.838000297546387,8.838000297546387,1937
2025-04-24,ASRD.MI,8.835000038146973,8.868000030517578,8.835000038146973,8.868000030517578,19
2025-04-25,ASRD.MI,8.868000030517578,8.868000030517578,8.868000030517578,8.868000030517578,0
2025-04-28,ASRD.MI,8.868000030517578,8.868000030517578,8.868000030517578,8.868000030517578,0
2025-04-29,ASRD.MI,8.918000221252441,8.918000221252441,8.902000427246094,8.916000366210938,514
2025-04-30,ASRD.MI,8.920000076293945,8.920000076293945,8.906999588012695,8.906999588012695,60
2025-05-02,ASRD.MI,8.906999588012695,8.906999588012695,8.906999588012695,8.906999588012695,0
2025-05-05,ASRD.MI,8.885000228881836,8.885000228881836,8.862000465393066,8.862000465393066,320
2025-05-06,ASRD.MI,8.843000411987305,8.866999626159668,8.843000411987305,8.866999626159668,1529
2025-05-07,ASRD.MI,8.866999626159668,8.866999626159668,8.866999626159668,8.866999626159668,0
2025-05-08,ASRD.MI,8.930000305175781,8.930000305175781,8.895999908447266,8.895999908447266,57200
2025-05-09,ASRD.MI,8.899999618530273,8.899999618530273,8.890999794006348,8.890999794006348,224
2025-05-12,ASRD.MI,8.890999794006348,8.890999794006348,8.890999794006348,8.890999794006348,0
2025-05-13,ASRD.MI,8.958999633789062,8.958999633789062,8.949999809265137,8.949999809265137,50
2025-05-14,ASRD.MI,8.930999755859375,8.930999755859375,8.911999702453613,8.911999702453613,50
2025-05-15,ASRD.MI,8.914999961853027,8.925999641418457,8.914999961853027,8.925999641418457,124
2025-05-16,ASRD.MI,8.925999641418457,8.925999641418457,8.925999641418457,8.925999641418457,0
2025-05-19,ASRD.MI,8.906000137329102,8.906000137329102,8.880999565124512,8.904999732971191,2306
2025-05-20,ASRD.MI,8.904999732971191,8.904999732971191,8.904999732971191,8.904999732971191,0
2025-05-21,ASRD.MI,8.904999732971191,8.904999732971191,8.904999732971191,8.904999732971191,0
2025-05-22,ASRD.MI,8.904999732971191,8.904999732971191,8.904999732971191,8.904999732971191,0
2025-05-23,ASRD.MI,8.904999732971191,8.904999732971191,8.904999732971191,8.904999732971191,0
2025-05-26,ASRD.MI,8.904999732971191,8.904999732971191,8.904999732971191,8.904999732971191,0
2025-05-27,ASRD.MI,8.918999671936035,8.918999671936035,8.918999671936035,8.918999671936035,35
2025-05-28,ASRD.MI,8.937000274658203,8.937999725341797,8.914999961853027,8.914999961853027,224
2025-05-29,ASRD.MI,8.92199993133545,8.949999809265137,8.92199993133545,8.949999809265137,1137
2025-05-30,ASRD.MI,8.972999572753906,8.982000350952148,8.95199966430664,8.95199966430664,1683
2025-06-02,ASRD.MI,8.935999870300293,8.958000183105469,8.935999870300293,8.958000183105469,7415
2025-06-03,ASRD.MI,8.956999778747559,8.967000007629395,8.956999778747559,8.961999893188477,6517
2025-06-04,ASRD.MI,8.961999893188477,8.961999893188477,8.961999893188477,8.961999893188477,0
2025-06-05,ASRD.MI,8.989999771118164,9.015999794006348,8.98799991607666,8.98799991607666,518
2025-06-06,ASRD.MI,8.984999656677246,8.984999656677246,8.972000122070312,8.972000122070312,293
2025-06-09,ASRD.MI,8.968999862670898,8.982999801635742,8.968999862670898,8.982999801635742,640
2025-06-10,ASRD.MI,8.984000205993652,9.006999969482422,8.984000205993652,9.00100040435791,934
2025-06-11,ASRD.MI,9.026000022888184,9.050000190734863,9.017999649047852,9.038000106811523,952
2025-06-12,ASRD.MI,9.055999755859375,9.055999755859375,9.055999755859375,9.055999755859375,133
2025-06-13,ASRD.MI,9.055999755859375,9.055999755859375,9.055999755859375,9.055999755859375,0
2025-06-16,ASRD.MI,8.998000144958496,9.03600025177002,8.998000144958496,9.03600025177002,1395
2025-06-17,ASRD.MI,9.024999618530273,9.031999588012695,9.022000312805176,9.022000312805176,42
2025-06-18,ASRD.MI,9.038999557495117,9.038999557495117,9.029999732971191,9.031000137329102,6382
2025-06-19,ASRD.MI,9.031000137329102,9.031000137329102,9.031000137329102,9.031000137329102,0
2025-06-20,ASRD.MI,9.012999534606934,9.026000022888184,9.012999534606934,9.026000022888184,34
2025-06-23,ASRD.MI,9.026000022888184,9.026000022888184,9.026000022888184,9.026000022888184,0
2025-06-24,ASRD.MI,9.071999549865723,9.093000411987305,9.062999725341797,9.093000411987305,2358
2025-06-25,ASRD.MI,9.105999946594238,9.107999801635742,9.105999946594238,9.107999801635742,719
2025-06-26,ASRD.MI,9.090999603271484,9.10200023651123,9.090999603271484,9.10200023651123,313
2025-06-27,ASRD.MI,9.10200023651123,9.10200023651123,9.10200023651123,9.10200023651123,0
2025-06-30,ASRD.MI,9.10200023651123,9.10200023651123,9.10200023651123,9.10200023651123,0
2025-07-01,ASRD.MI,9.149999618530273,9.157999992370605,9.149999618530273,9.157999992370605,35
2025-07-02,ASRD.MI,9.157999992370605,9.157999992370605,9.157999992370605,9.157999992370605,0
2025-07-03,ASRD.MI,9.161999702453613,9.182999610900879,9.161999702453613,9.170999526977539,5586
2025-07-04,ASRD.MI,9.170999526977539,9.170999526977539,9.170999526977539,9.170999526977539,0
2025-07-07,ASRD.MI,9.170999526977539,9.170999526977539,9.170999526977539,9.170999526977539,0
2025-07-08,ASRD.MI,9.137999534606934,9.138999938964844,9.125,9.125,1052
2025-07-09,ASRD.MI,9.131999969482422,9.133000373840332,9.126999855041504,9.126999855041504,305
2025-07-10,ASRD.MI,9.149999618530273,9.149999618530273,9.142999649047852,9.142999649047852,3279
2025-07-11,ASRD.MI,9.12600040435791,9.12600040435791,9.109999656677246,9.109999656677246,3663
2025-07-14,ASRD.MI,9.109999656677246,9.109999656677246,9.109999656677246,9.109999656677246,0
2025-07-15,ASRD.MI,9.112000465393066,9.112000465393066,9.076000213623047,9.076000213623047,630
2025-07-16,ASRD.MI,9.076000213623047,9.076000213623047,9.076000213623047,9.076000213623047,0
2025-07-17,ASRD.MI,9.081000328063965,9.093999862670898,9.081000328063965,9.093999862670898,687
2025-07-18,ASRD.MI,9.107999801635742,9.107999801635742,9.107999801635742,9.107999801635742,217
2025-07-21,ASRD.MI,9.114999771118164,9.163999557495117,9.114999771118164,9.163999557495117,6415
2025-07-22,ASRD.MI,9.154999732971191,9.156999588012695,9.154999732971191,9.156999588012695,50
2025-07-23,ASRD.MI,9.159000396728516,9.159000396728516,9.14799976348877,9.14799976348877,1306
2025-07-24,ASRD.MI,9.157999992370605,9.163000106811523,9.154000282287598,9.154000282287598,1066
2025-07-25,ASRD.MI,9.154000282287598,9.173999786376953,9.154000282287598,9.154000282287598,450
2025-07-28,ASRD.MI,9.184000015258789,9.184000015258789,9.157999992370605,9.157999992370605,1231
2025-07-29,ASRD.MI,9.168999671936035,9.194999694824219,9.168999671936035,9.194999694824219,681
2025-07-30,ASRD.MI,9.192999839782715,9.217000007629395,9.182000160217285,9.182000160217285,5948
2025-07-31,ASRD.MI,9.182000160217285,9.182000160217285,9.182000160217285,9.182000160217285,0
2025-08-01,ASRD.MI,9.173999786376953,9.208999633789062,9.168000221252441,9.208999633789062,3541
2025-08-04,ASRD.MI,9.20300006866455,9.241000175476074,9.20300006866455,9.23900032043457,717
2025-08-05,ASRD.MI,9.244999885559082,9.255999565124512,9.236000061035156,9.255000114440918,1975
2025-08-06,ASRD.MI,9.258000373840332,9.258000373840332,9.258000373840332,9.258000373840332,35338
2025-08-07,ASRD.MI,9.288000106811523,9.288000106811523,9.274999618530273,9.274999618530273,3295
2025-08-08,ASRD.MI,9.279999732971191,9.279999732971191,9.267000198364258,9.267000198364258,759
2025-08-11,ASRD.MI,9.28499984741211,9.28600025177002,9.28499984741211,9.28600025177002,280
2025-08-12,ASRD.MI,9.298999786376953,9.324000358581543,9.293999671936035,9.293999671936035,28740
2025-08-13,ASRD.MI,9.293999671936035,9.293999671936035,9.293999671936035,9.293999671936035,0
2025-08-14,ASRD.MI,9.335000038146973,9.335000038146973,9.324999809265137,9.324999809265137,3000
2025-08-18,ASRD.MI,9.324999809265137,9.324999809265137,9.324999809265137,9.324999809265137,0
2025-08-19,ASRD.MI,9.336000442504883,9.336999893188477,9.326000213623047,9.326000213623047,11279
2025-08-20,ASRD.MI,9.324999809265137,9.324999809265137,9.312999725341797,9.312999725341797,4500
2025-08-21,ASRD.MI,9.295000076293945,9.295000076293945,9.286999702453613,9.286999702453613,1423
2025-08-22,ASRD.MI,9.286999702453613,9.286999702453613,9.286999702453613,9.286999702453613,0
2025-08-25,ASRD.MI,9.331000328063965,9.34000015258789,9.317000389099121,9.317999839782715,71978
2025-08-26,ASRD.MI,9.302000045776367,9.302000045776367,9.270000457763672,9.270000457763672,358
2025-08-27,ASRD.MI,9.288999557495117,9.291000366210938,9.267999649047852,9.267999649047852,1288
2025-08-28,ASRD.MI,9.319000244140625,9.324000358581543,9.319000244140625,9.324000358581543,1826
2025-08-29,ASRD.MI,9.326000213623047,9.326000213623047,9.317999839782715,9.317999839782715,4027
2025-09-01,ASRD.MI,9.317999839782715,9.317999839782715,9.317999839782715,9.317999839782715,0
2025-09-02,ASRD.MI,9.293999671936035,9.293999671936035,9.262999534606934,9.270999908447266,1662
2025-09-03,ASRD.MI,9.270999908447266,9.270999908447266,9.270999908447266,9.270999908447266,0
2025-09-04,ASRD.MI,9.336000442504883,9.340999603271484,9.336000442504883,9.340999603271484,89
2025-09-05,ASRD.MI,9.42199993133545,9.442999839782715,9.406000137329102,9.406000137329102,62284
2025-09-08,ASRD.MI,9.404000282287598,9.413000106811523,9.404000282287598,9.413000106811523,10715
2025-09-09,ASRD.MI,9.383000373840332,9.383000373840332,9.383000373840332,9.383000373840332,28
2025-09-10,ASRD.MI,9.401000022888184,9.430000305175781,9.399999618530273,9.430000305175781,2607
2025-09-11,ASRD.MI,9.461000442504883,9.494000434875488,9.456000328063965,9.494000434875488,969
2025-09-12,ASRD.MI,9.494000434875488,9.494000434875488,9.494000434875488,9.494000434875488,0
2025-09-15,ASRD.MI,9.454999923706055,9.486000061035156,9.454999923706055,9.486000061035156,930
2025-09-16,ASRD.MI,9.503999710083008,9.508999824523926,9.479000091552734,9.508999824523926,26846
2025-09-17,ASRD.MI,9.508999824523926,9.508999824523926,9.508999824523926,9.508999824523926,0
2025-09-18,ASRD.MI,9.45199966430664,9.45199966430664,9.451000213623047,9.451000213623047,789
2025-09-19,ASRD.MI,9.435999870300293,9.435999870300293,9.418000221252441,9.418000221252441,2314
2025-09-22,ASRD.MI,9.425000190734863,9.444999694824219,9.425000190734863,9.437999725341797,360
2025-09-23,ASRD.MI,9.477999687194824,9.477999687194824,9.473999977111816,9.473999977111816,30
2025-09-24,ASRD.MI,9.479999542236328,9.505999565124512,9.479999542236328,9.484999656677246,5380
2025-09-25,ASRD.MI,9.46399974822998,9.46399974822998,9.45199966430664,9.45199966430664,2960
2025-09-26,ASRD.MI,9.46399974822998,9.470000267028809,9.449999809265137,9.458000183105469,6332
2025-09-29,ASRD.MI,9.465999603271484,9.477999687194824,9.46500015258789,9.472999572753906,6709
2025-09-30,ASRD.MI,9.475000381469727,9.48900032043457,9.456999778747559,9.456999778747559,158597
2025-10-01,ASRD.MI,9.470000267028809,9.470000267028809,9.458000183105469,9.458000183105469,1268
2025-10-02,ASRD.MI,9.46500015258789,9.465999603271484,9.46500015258789,9.465999603271484,85
2025-10-03,ASRD.MI,9.470999717712402,9.484000205993652,9.470999717712402,9.484000205993652,457
2025-10-06,ASRD.MI,9.467000007629395,9.49899959564209,9.467000007629395,9.49899959564209,5015
2025-10-07,ASRD.MI,9.482000350952148,9.482000350952148,9.45199966430664,9.45199966430664,4436
2025-10-08,ASRD.MI,9.484999656677246,9.484999656677246,9.470999717712402,9.477999687194824,769
2025-10-09,ASRD.MI,9.484999656677246,9.491999626159668,9.46399974822998,9.46399974822998,4925
2025-10-10,ASRD.MI,9.482999801635742,9.484000205993652,9.428000450134277,9.428000450134277,5276
2025-10-13,ASRD.MI,9.479999542236328,9.480999946594238,9.465999603271484,9.465999603271484,8354
2025-10-14,ASRD.MI,9.460000038146973,9.494999885559082,9.460000038146973,9.480999946594238,3804
2025-10-15,ASRD.MI,9.487000465393066,9.527999877929688,9.487000465393066,9.527999877929688,134
2025-10-16,ASRD.MI,9.534000396728516,9.534000396728516,9.524999618530273,9.524999618530273,1543
2025-10-17,ASRD.MI,9.524999618530273,9.524999618530273,9.524999618530273,9.524999618530273,0
2025-10-20,ASRD.MI,9.539999961853027,9.569999694824219,9.539999961853027,9.562999725341797,1684
2025-10-21,ASRD.MI,9.562999725341797,9.562999725341797,9.562999725341797,9.562999725341797,0
2025-10-22,ASRD.MI,9.590999603271484,9.590999603271484,9.564000129699707,9.564000129699707,207
2025-10-23,ASRD.MI,9.571000099182129,9.571000099182129,9.5600004196167,9.564000129699707,1597
2025-10-27,ASRD.MI,9.633000373840332,9.652999877929688,9.633000373840332,9.640000343322754,2431
2025-10-28,ASRD.MI,9.64799976348877,9.651000022888184,9.628999710083008,9.628999710083008,1205
2025-10-29,ASRD.MI,9.64799976348877,9.654000282287598,9.64799976348877,9.654000282287598,1000
2025-10-30,ASRD.MI,9.633000373840332,9.633000373840332,9.619000434875488,9.619000434875488,50
2025-10-31,ASRD.MI,9.616000175476074,9.633999824523926,9.616000175476074,9.616000175476074,487
2025-11-03,ASRD.MI,9.61400032043457,9.614999771118164,9.60099983215332,9.60099983215332,1663
2025-11-04,ASRD.MI,9.60099983215332,9.60099983215332,9.60099983215332,9.60099983215332,0
2025-11-05,ASRD.MI,9.590999603271484,9.590999603271484,9.562000274658203,9.562000274658203,1041
2025-11-06,ASRD.MI,9.60200023651123,9.60200023651123,9.588000297546387,9.588000297546387,6378
2025-11-07,ASRD.MI,9.588000297546387,9.59000015258789,9.585000038146973,9.585000038146973,12271
2025-11-10,ASRD.MI,9.598999977111816,9.607000350952148,9.598999977111816,9.598999977111816,9589
2025-11-11,ASRD.MI,9.609000205993652,9.628000259399414,9.609000205993652,9.628000259399414,1076
2025-11-12,ASRD.MI,9.633999824523926,9.633999824523926,9.623000144958496,9.623000144958496,2076
2025-11-13,ASRD.MI,9.618000030517578,9.618000030517578,9.604000091552734,9.604000091552734,300
2025-11-14,ASRD.MI,9.583999633789062,9.595000267028809,9.583999633789062,9.595000267028809,146
2025-11-17,ASRD.MI,9.595999717712402,9.597999572753906,9.59000015258789,9.59000015258789,1042
2025-11-18,ASRD.MI,9.59000015258789,9.604000091552734,9.54699993133545,9.54699993133545,8466
2025-11-19,ASRD.MI,9.58899974822998,9.598999977111816,9.586999893188477,9.590999603271484,928
2025-11-20,ASRD.MI,9.614999771118164,9.614999771118164,9.597000122070312,9.597000122070312,2182
2025-11-21,ASRD.MI,9.586999893188477,9.595000267028809,9.583000183105469,9.583000183105469,8761
2025-11-24,ASRD.MI,9.597999572753906,9.611000061035156,9.595999717712402,9.611000061035156,2323
2025-11-25,ASRD.MI,9.616999626159668,9.616999626159668,9.609000205993652,9.609000205993652,334
2025-11-26,ASRD.MI,9.654000282287598,9.654000282287598,9.619999885559082,9.638999938964844,226
2025-11-27,ASRD.MI,9.651000022888184,9.652000427246094,9.644000053405762,9.644000053405762,8610
2025-11-28,ASRD.MI,9.644000053405762,9.644000053405762,9.644000053405762,9.644000053405762,0
2025-12-01,ASRD.MI,9.630000114440918,9.630000114440918,9.616999626159668,9.616999626159668,6550
2025-12-02,ASRD.MI,9.616999626159668,9.616999626159668,9.616999626159668,9.616999626159668,0
2025-12-03,ASRD.MI,9.640999794006348,9.657999992370605,9.640999794006348,9.652999877929688,3318
2025-12-04,ASRD.MI,9.652999877929688,9.661999702453613,9.63599967956543,9.63599967956543,4709
2025-12-05,ASRD.MI,9.649999618530273,9.651000022888184,9.633999824523926,9.633999824523926,3324
2025-12-08,ASRD.MI,9.633999824523926,9.633999824523926,9.633999824523926,9.633999824523926,0
2025-12-09,ASRD.MI,9.600000381469727,9.612000465393066,9.583999633789062,9.583999633789062,10664
2025-12-10,ASRD.MI,9.579000473022461,9.597999572753906,9.571000099182129,9.574000358581543,4779
2025-12-11,ASRD.MI,9.574000358581543,9.574000358581543,9.574000358581543,9.574000358581543,0
2025-12-12,ASRD.MI,9.628000259399414,9.628000259399414,9.614999771118164,9.614999771118164,311
2025-12-15,ASRD.MI,9.644000053405762,9.644000053405762,9.642000198364258,9.642000198364258,2649
2025-12-16,ASRD.MI,9.64799976348877,9.64799976348877,9.642999649047852,9.642999649047852,2182
2025-12-17,ASRD.MI,9.635000228881836,9.644000053405762,9.62399959564209,9.62399959564209,7249
2025-12-18,ASRD.MI,9.62399959564209,9.62399959564209,9.62399959564209,9.62399959564209,0
2025-12-19,ASRD.MI,9.666000366210938,9.666000366210938,9.666000366210938,9.666000366210938,7127
2025-12-22,ASRD.MI,9.664999961853027,9.668000221252441,9.64900016784668,9.664999961853027,10269
2025-12-23,ASRD.MI,9.675000190734863,9.675000190734863,9.64799976348877,9.64799976348877,10238
2025-12-29,ASRD.MI,9.690999984741211,9.690999984741211,9.687000274658203,9.687000274658203,1031
2025-12-30,ASRD.MI,9.715999603271484,9.715999603271484,9.6899995803833,9.6899995803833,2765
2026-01-02,ASRD.MI,9.72599983215332,9.72599983215332,9.656999588012695,9.656999588012695,1567
2026-01-05,ASRD.MI,9.65999984741211,9.65999984741211,9.654000282287598,9.656000137329102,1434
2026-01-06,ASRD.MI,9.656000137329102,9.656000137329102,9.656000137329102,9.656000137329102,0
2026-01-07,ASRD.MI,9.649999618530273,9.680000305175781,9.649999618530273,9.654999732971191,1550
2026-01-08,ASRD.MI,9.609999656677246,9.609999656677246,9.609999656677246,9.609999656677246,8
2026-01-09,ASRD.MI,9.64799976348877,9.654000282287598,9.645000457763672,9.654000282287598,2013
2026-01-12,ASRD.MI,9.652000427246094,9.656000137329102,9.63599967956543,9.654000282287598,102127
2026-01-13,ASRD.MI,9.64900016784668,9.649999618530273,9.612000465393066,9.612000465393066,3431
2026-01-14,ASRD.MI,9.659000396728516,9.659000396728516,9.654000282287598,9.656000137329102,620
2026-01-15,ASRD.MI,9.699999809265137,9.699999809265137,9.67300033569336,9.67300033569336,1200
2026-01-16,ASRD.MI,9.682000160217285,9.684000015258789,9.657999992370605,9.657999992370605,4867
2026-01-19,ASRD.MI,9.637999534606934,9.666000366210938,9.630999565124512,9.630999565124512,25344
2026-01-20,ASRD.MI,9.60200023651123,9.619999885559082,9.60200023651123,9.619000434875488,6160
2026-01-21,ASRD.MI,9.633999824523926,9.666000366210938,9.625,9.666000366210938,40715
2026-01-22,ASRD.MI,9.647000312805176,9.6850004196167,9.647000312805176,9.670000076293945,2963
2026-01-23,ASRD.MI,9.687999725341797,9.6899995803833,9.675000190734863,9.678999900817871,13416
2026-01-26,ASRD.MI,9.706000328063965,9.720000267028809,9.690999984741211,9.697999954223633,3265
2026-01-27,ASRD.MI,9.720000267028809,9.720000267028809,9.668000221252441,9.668000221252441,77
2026-01-28,ASRD.MI,9.70300006866455,9.706999778747559,9.689000129699707,9.689000129699707,31528
2026-01-29,ASRD.MI,9.694999694824219,9.694999694824219,9.657999992370605,9.675000190734863,69965
2026-01-30,ASRD.MI,9.666000366210938,9.722999572753906,9.664999961853027,9.722999572753906,9401
2026-02-02,ASRD.MI,9.687999725341797,9.70199966430664,9.680999755859375,9.680999755859375,11966
2026-02-03,ASRD.MI,9.694000244140625,9.696000099182129,9.663999557495117,9.663999557495117,4743
2026-02-04,ASRD.MI,9.673999786376953,9.704000473022461,9.673999786376953,9.6850004196167,27755
2026-02-05,ASRD.MI,9.694999694824219,9.697999954223633,9.67199993133545,9.697999954223633,268265
2026-02-06,ASRD.MI,9.701000213623047,9.718000411987305,9.701000213623047,9.711999893188477,10255
2026-02-09,ASRD.MI,9.720999717712402,9.737000465393066,9.720000267028809,9.737000465393066,2039
2026-02-10,ASRD.MI,9.746000289916992,9.782999992370605,9.73900032043457,9.769000053405762,9012
2026-02-11,ASRD.MI,9.776000022888184,9.777000427246094,9.751999855041504,9.753999710083008,6304
2026-02-12,ASRD.MI,9.777999877929688,9.788999557495117,9.777999877929688,9.782999992370605,4365
2026-02-13,ASRD.MI,9.784000396728516,9.833999633789062,9.784000396728516,9.833999633789062,6407
2026-02-16,ASRD.MI,9.829999923706055,9.829999923706055,9.824000358581543,9.824000358581543,305
2026-02-17,ASRD.MI,9.831999778747559,9.843999862670898,9.802000045776367,9.802000045776367,6098
2026-02-18,ASRD.MI,9.829000473022461,9.843999862670898,9.812999725341797,9.821000099182129,13141
2026-02-19,ASRD.MI,9.812999725341797,9.831000328063965,9.781999588012695,9.800999641418457,12994
2026-02-20,ASRD.MI,9.817000389099121,9.82800006866455,9.8100004196167,9.812000274658203,10349
2026-02-23,ASRD.MI,9.810999870300293,9.822999954223633,9.810999870300293,9.819999694824219,13559
2026-02-24,ASRD.MI,9.859999656677246,9.859999656677246,9.793999671936035,9.793999671936035,3751
2026-02-25,ASRD.MI,9.810999870300293,9.821000099182129,9.810999870300293,9.819000244140625,1731
2026-02-26,ASRD.MI,9.819000244140625,9.836000442504883,9.817000389099121,9.817000389099121,18760
2026-02-27,ASRD.MI,9.838000297546387,9.86400032043457,9.8149995803833,9.86400032043457,13274
2026-03-02,ASRD.MI,9.763999938964844,9.798999786376953,9.741000175476074,9.798999786376953,47023
2026-03-03,ASRD.MI,9.72700023651123,9.72700023651123,9.678000450134277,9.678000450134277,6859
2026-03-04,ASRD.MI,9.723999977111816,9.765000343322754,9.720000267028809,9.765000343322754,5300
2026-03-05,ASRD.MI,9.75100040435791,9.763999938964844,9.727999687194824,9.727999687194824,19110
2026-03-09,ASRD.MI,9.60099983215332,9.644000053405762,9.585000038146973,9.644000053405762,4112
2026-03-10,ASRD.MI,9.72599983215332,9.734999656677246,9.694000244140625,9.694000244140625,49588
2026-03-11,ASRD.MI,9.6850004196167,9.6850004196167,9.666999816894531,9.666999816894531,3144
2026-03-12,ASRD.MI,9.654000282287598,9.659000396728516,9.605999946594238,9.612000465393066,54403
2026-03-13,ASRD.MI,9.607999801635742,9.607999801635742,9.543999671936035,9.557000160217285,18225
2026-03-16,ASRD.MI,9.576000213623047,9.576000213623047,9.541999816894531,9.5600004196167,11887
2026-03-17,ASRD.MI,9.562999725341797,9.607000350952148,9.562999725341797,9.567000389099121,4865
2026-03-18,ASRD.MI,9.609999656677246,9.623000144958496,9.552000045776367,9.552000045776367,1431
2026-03-19,ASRD.MI,9.508000373840332,9.508000373840332,9.49899959564209,9.49899959564209,10836
2026-03-20,ASRD.MI,9.515999794006348,9.515999794006348,9.439000129699707,9.439000129699707,12846
2026-03-23,ASRD.MI,9.32699966430664,9.494999885559082,9.319999694824219,9.437999725341797,2742
2026-03-24,ASRD.MI,9.420999526977539,9.45199966430664,9.420999526977539,9.45199966430664,242
2026-03-25,ASRD.MI,9.519000053405762,9.519000053405762,9.515999794006348,9.515999794006348,3173
2026-03-26,ASRD.MI,9.458000183105469,9.505999565124512,9.45199966430664,9.45199966430664,6292
2026-03-27,ASRD.MI,9.454000473022461,9.468000411987305,9.390999794006348,9.392000198364258,12804
2026-03-30,ASRD.MI,9.40999984741211,9.425999641418457,9.409000396728516,9.409000396728516,37613
2026-03-31,ASRD.MI,9.427000045776367,9.427000045776367,9.395000457763672,9.395000457763672,6860
2026-04-01,ASRD.MI,9.529000282287598,9.529000282287598,9.494000434875488,9.517000198364258,34922
2026-04-02,ASRD.MI,9.470000267028809,9.503000259399414,9.470000267028809,9.503000259399414,759
2026-04-07,ASRD.MI,9.505000114440918,9.505000114440918,9.473999977111816,9.473999977111816,20003
2026-04-08,ASRD.MI,9.60200023651123,9.63700008392334,9.60200023651123,9.628000259399414,2596
2026-04-09,ASRD.MI,9.604000091552734,9.616000175476074,9.602999687194824,9.616000175476074,18621
2026-04-10,ASRD.MI,9.659000396728516,9.677000045776367,9.659000396728516,9.677000045776367,11486
2026-04-13,ASRD.MI,9.626999855041504,9.657999992370605,9.626999855041504,9.657999992370605,974
2026-04-14,ASRD.MI,9.708000183105469,9.723999977111816,9.696999549865723,9.720999717712402,12584
2026-04-15,ASRD.MI,9.718999862670898,9.732999801635742,9.711999893188477,9.711999893188477,3175
2026-04-16,ASRD.MI,9.720000267028809,9.720999717712402,9.685999870300293,9.704999923706055,4840
2026-04-17,ASRD.MI,9.689000129699707,9.800000190734863,9.689000129699707,9.767000198364258,11438
2026-04-20,ASRD.MI,9.75,9.760000228881836,9.723999977111816,9.723999977111816,16490
2026-04-21,ASRD.MI,9.744000434875488,9.769000053405762,9.722999572753906,9.722999572753906,7776
2026-04-22,ASRD.MI,9.737000465393066,9.743000030517578,9.722999572753906,9.743000030517578,8553
2026-04-23,ASRD.MI,9.736000061035156,9.737000465393066,9.734999656677246,9.734999656677246,10058
2026-04-24,ASRD.MI,9.725000381469727,9.725000381469727,9.694999694824219,9.699000358581543,19478
2026-04-27,ASRD.MI,9.711000442504883,9.711000442504883,9.696000099182129,9.696000099182129,10980
2026-04-28,ASRD.MI,9.668999671936035,9.684000015258789,9.659000396728516,9.659000396728516,9901
2026-04-29,ASRD.MI,9.673999786376953,9.680999755859375,9.656000137329102,9.656000137329102,7828
2026-04-30,ASRD.MI,9.630000114440918,9.689000129699707,9.630000114440918,9.673999786376953,4109
2026-05-04,ASRD.MI,9.718999862670898,9.720000267028809,9.656000137329102,9.656000137329102,8989
2026-05-05,ASRD.MI,9.670000076293945,9.689000129699707,9.664999961853027,9.675000190734863,6848
2026-05-06,ASRD.MI,9.6899995803833,9.743000030517578,9.6899995803833,9.743000030517578,1077
2026-05-07,ASRD.MI,9.763999938964844,9.765000343322754,9.743000030517578,9.743000030517578,2274
2026-05-08,ASRD.MI,9.73900032043457,9.751999855041504,9.73900032043457,9.739999771118164,9933
2026-05-11,ASRD.MI,9.722000122070312,9.73900032043457,9.720999717712402,9.729999542236328,13677
2026-05-12,ASRD.MI,9.70300006866455,9.70300006866455,9.654000282287598,9.654000282287598,7951
2026-05-13,ASRD.MI,9.701000213623047,9.701000213623047,9.642999649047852,9.666999816894531,22356
2026-05-14,ASRD.MI,9.6899995803833,9.696000099182129,9.6899995803833,9.696000099182129,2111
2026-05-15,ASRD.MI,9.626999855041504,9.626999855041504,9.612000465393066,9.612000465393066,660
2026-05-18,ASRD.MI,9.60099983215332,9.60099983215332,9.571999549865723,9.571999549865723,1446
2026-05-19,ASRD.MI,9.586999893188477,9.593000411987305,9.506999969482422,9.506999969482422,20590
2026-05-20,ASRD.MI,9.564000129699707,9.60200023651123,9.545000076293945,9.597999572753906,11782
2026-05-21,ASRD.MI,9.625,9.625,9.571000099182129,9.590999603271484,520
2026-05-22,ASRD.MI,9.621999740600586,9.626999855041504,9.612000465393066,9.62600040435791,11740
2026-05-25,ASRD.MI,9.62600040435791,9.62600040435791,9.62600040435791,9.62600040435791,0
2026-05-26,ASRD.MI,9.67199993133545,9.678999900817871,9.649999618530273,9.649999618530273,4729
2026-05-27,ASRD.MI,9.692000389099121,9.71500015258789,9.692000389099121,9.701000213623047,15678
2026-05-28,ASRD.MI,9.687999725341797,9.743000030517578,9.682999610900879,9.729999542236328,21686
2026-05-29,ASRD.MI,9.725000381469727,9.758000373840332,9.725000381469727,9.758000373840332,4426
2026-06-01,ASRD.MI,9.763999938964844,9.763999938964844,9.722000122070312,9.722000122070312,1320
2026-06-02,ASRD.MI,9.743000030517578,9.753999710083008,9.743000030517578,9.753999710083008,516
2026-06-03,ASRD.MI,9.760000228881836,9.77400016784668,9.699999809265137,9.699999809265137,26211
2026-06-04,ASRD.MI,9.741999626159668,9.78600025177002,9.72599983215332,9.760000228881836,15636
2026-06-05,ASRD.MI,9.763999938964844,9.763999938964844,9.694999694824219,9.708000183105469,2480
2026-06-08,ASRD.MI,9.701000213623047,9.720999717712402,9.682000160217285,9.694999694824219,15191
2026-06-09,ASRD.MI,9.699000358581543,9.729000091552734,9.689000129699707,9.689000129699707,6262
2026-06-10,ASRD.MI,9.694999694824219,9.711000442504883,9.682000160217285,9.682000160217285,10401
2026-06-11,ASRD.MI,9.715999603271484,9.715999603271484,9.704999923706055,9.71500015258789,18664
2026-06-12,ASRD.MI,9.74899959564209,9.78600025177002,9.74899959564209,9.782999992370605,11201
2026-06-15,ASRD.MI,9.812000274658203,9.829000473022461,9.810999870300293,9.821000099182129,11513
2026-06-16,ASRD.MI,9.815999984741211,9.835000038146973,9.815999984741211,9.815999984741211,472
2026-06-17,ASRD.MI,9.82800006866455,9.829999923706055,9.807999610900879,9.807999610900879,5329
2026-06-18,ASRD.MI,9.809000015258789,9.833000183105469,9.809000015258789,9.8149995803833,11416
2026-06-19,ASRD.MI,9.821000099182129,9.821000099182129,9.798999786376953,9.798999786376953,20727
2026-06-22,ASRD.MI,9.8100004196167,9.8100004196167,9.791000366210938,9.791000366210938,11569
2026-06-23,ASRD.MI,9.791999816894531,9.8100004196167,9.776000022888184,9.776000022888184,13793
2026-06-24,ASRD.MI,9.791999816894531,9.826000213623047,9.791999816894531,9.814000129699707,4639
2026-06-25,ASRD.MI,9.814000129699707,9.826000213623047,9.810999870300293,9.821000099182129,6740
2026-06-26,ASRD.MI,9.815999984741211,9.819000244140625,9.803000450134277,9.810999870300293,9334
2026-06-29,ASRD.MI,9.821999549865723,9.848999977111816,9.800999641418457,9.817000389099121,35161
2026-06-30,ASRD.MI,9.836999893188477,9.836999893188477,9.805000305175781,9.805000305175781,3230
2026-07-01,ASRD.MI,9.798999786376953,9.798999786376953,9.79699993133545,9.79699993133545,2039
2026-07-02,ASRD.MI,9.817999839782715,9.817999839782715,9.793999671936035,9.793999671936035,6646
2026-07-03,ASRD.MI,9.821000099182129,9.824000358581543,9.802000045776367,9.802000045776367,3789
2026-07-06,ASRD.MI,9.79699993133545,9.821000099182129,9.795999526977539,9.800000190734863,4333
2026-07-07,ASRD.MI,9.79699993133545,9.805000305175781,9.78499984741211,9.78499984741211,5114
2026-07-08,ASRD.MI,9.751999855041504,9.751999855041504,9.718000411987305,9.72599983215332,4463
2026-07-09,ASRD.MI,9.75,9.78600025177002,9.75,9.756999969482422,2808
2026-07-10,ASRD.MI,9.777999877929688,9.805000305175781,9.751999855041504,9.765000343322754,8022
2026-07-13,ASRD.MI,9.746999740600586,9.746999740600586,9.73799991607666,9.73799991607666,1000
2026-07-14,ASRD.MI,9.711999893188477,9.751999855041504,9.699000358581543,9.732000350952148,9762
2026-07-15,ASRD.MI,9.732000350952148,9.732000350952148,9.732000350952148,9.732000350952148,0
2026-07-16,ASRD.MI,9.732000350952148,9.732000350952148,9.732000350952148,9.732000350952148,0
2026-07-17,ASRD.MI,9.748000144958496,9.781999588012695,9.736000061035156,9.736000061035156,17651
2026-07-20,ASRD.MI,9.75100040435791,9.75100040435791,9.727999687194824,9.727999687194824,17548
2026-07-21,ASRD.MI,9.72599983215332,9.72599983215332,9.697999954223633,9.697999954223633,11353
2026-07-22,ASRD.MI,9.6899995803833,9.692999839782715,9.6850004196167,9.6899995803833,17942
2026-07-23,ASRD.MI,9.638999938964844,9.670000076293945,9.623000144958496,9.623000144958496,10833
2026-07-24,ASRD.MI,9.638999938964844,9.666999816894531,9.637999534606934,9.637999534606934,3833
2026-07-27,ASRD.MI,9.76099967956543,9.76099967956543,9.661999702453613,9.661999702453613,23686
2026-07-28,ASRD.MI,9.682000160217285,9.682000160217285,9.682000160217285,9.682000160217285,9
