Date,Ticker,Open,High,Low,Close,Volume
2018-11-12,BNKE.MI,87.9000015258789,87.9000015258789,86.62000274658203,86.62000274658203,417
2018-11-13,BNKE.MI,86.80999755859375,88.12000274658203,86.80999755859375,88.12000274658203,647
2018-11-14,BNKE.MI,87.0199966430664,88.13999938964844,86.79000091552734,87.51000213623047,28646
2018-11-15,BNKE.MI,87.87999725341797,87.87999725341797,85.97000122070312,86.66999816894531,10188
2018-11-16,BNKE.MI,87.01000213623047,87.04000091552734,85.73999786376953,86.0199966430664,3471
2018-11-19,BNKE.MI,87.08999633789062,87.08999633789062,85.9800033569336,85.9800033569336,852
2018-11-20,BNKE.MI,85.19000244140625,85.19000244140625,83.91999816894531,83.95999908447266,1231
2018-11-21,BNKE.MI,83.45999908447266,85.2699966430664,83.45999908447266,85.25,1247
2018-11-22,BNKE.MI,84.30000305175781,84.7300033569336,83.80000305175781,84.37000274658203,3037
2018-11-23,BNKE.MI,85.01000213623047,85.08999633789062,84.61000061035156,84.61000061035156,5662
2018-11-26,BNKE.MI,86.88999938964844,87.26000213623047,86.86000061035156,87.12999725341797,1298
2018-11-27,BNKE.MI,87.19999694824219,87.25,86.30999755859375,86.75,3426
2018-11-28,BNKE.MI,86.81999969482422,87.05000305175781,86.69000244140625,86.77999877929688,382
2018-11-29,BNKE.MI,87.3499984741211,87.3499984741211,86.27999877929688,86.72000122070312,1213
2018-11-30,BNKE.MI,86.0,86.1500015258789,85.5999984741211,85.88999938964844,2307
2018-12-03,BNKE.MI,87.4800033569336,87.9000015258789,87.37000274658203,87.37000274658203,204
2018-12-04,BNKE.MI,86.9800033569336,86.9800033569336,85.43000030517578,85.43000030517578,1280
2018-12-05,BNKE.MI,84.5,85.37999725341797,84.0,84.87999725341797,375
2018-12-06,BNKE.MI,83.94999694824219,83.94999694824219,81.01000213623047,81.11000061035156,34253
2018-12-07,BNKE.MI,81.5199966430664,82.45999908447266,81.4000015258789,81.4000015258789,3239
2018-12-10,BNKE.MI,81.0,81.19999694824219,79.16000366210938,79.16000366210938,3105
2018-12-11,BNKE.MI,79.27999877929688,80.31999969482422,79.16999816894531,79.37000274658203,6297
2018-12-12,BNKE.MI,79.79000091552734,81.83000183105469,79.79000091552734,81.72000122070312,2098
2018-12-13,BNKE.MI,82.9000015258789,83.44999694824219,82.12000274658203,82.12000274658203,2107
2018-12-14,BNKE.MI,80.62000274658203,81.5,80.2699966430664,81.5,1568
2018-12-17,BNKE.MI,80.94999694824219,81.37000274658203,80.2699966430664,80.2699966430664,2409
2018-12-18,BNKE.MI,80.27999877929688,80.76000213623047,79.9000015258789,79.9800033569336,672
2018-12-19,BNKE.MI,80.33000183105469,80.86000061035156,80.30000305175781,80.31999969482422,8636
2018-12-20,BNKE.MI,78.66000366210938,78.97000122070312,77.62999725341797,77.63999938964844,20947
2018-12-21,BNKE.MI,77.62999725341797,77.62999725341797,75.6500015258789,76.80000305175781,21599
2018-12-27,BNKE.MI,76.0,76.5,74.4000015258789,75.08999633789062,1200
2018-12-28,BNKE.MI,75.56999969482422,77.12000274658203,75.56999969482422,76.72000122070312,6461
2019-01-02,BNKE.MI,75.95999908447266,76.76000213623047,75.22000122070312,76.76000213623047,4211
2019-01-03,BNKE.MI,77.4000015258789,77.54000091552734,76.69999694824219,76.95999908447266,7435
2019-01-04,BNKE.MI,78.02999877929688,80.08999633789062,77.97000122070312,80.08999633789062,8179
2019-01-07,BNKE.MI,80.20999908447266,80.94000244140625,80.11000061035156,80.63999938964844,485
2019-01-08,BNKE.MI,80.61000061035156,81.75,80.61000061035156,80.98999786376953,593
2019-01-09,BNKE.MI,81.19999694824219,81.41999816894531,80.79000091552734,80.83999633789062,853
2019-01-10,BNKE.MI,79.87000274658203,81.08000183105469,79.87000274658203,81.08000183105469,3054
2019-01-11,BNKE.MI,81.05999755859375,81.47000122070312,80.88999938964844,81.2699966430664,1136
2019-01-14,BNKE.MI,80.91000366210938,81.2300033569336,80.27999877929688,80.94000244140625,2247
2019-01-15,BNKE.MI,81.91000366210938,81.91000366210938,79.86000061035156,80.8499984741211,14223
2019-01-16,BNKE.MI,81.41999816894531,83.44999694824219,81.41999816894531,83.44999694824219,4804
2019-01-17,BNKE.MI,82.25,82.79000091552734,81.86000061035156,81.91999816894531,7061
2019-01-18,BNKE.MI,83.0,83.58999633789062,83.0,83.58999633789062,12908
2019-01-21,BNKE.MI,83.01000213623047,83.12000274658203,82.86000061035156,83.05999755859375,2289
2019-01-22,BNKE.MI,82.5199966430664,82.5199966430664,81.8499984741211,82.27999877929688,6139
2019-01-23,BNKE.MI,81.9000015258789,83.62999725341797,81.87999725341797,83.16999816894531,8616
2019-01-24,BNKE.MI,83.26000213623047,84.05000305175781,81.94999694824219,82.6500015258789,20983
2019-01-25,BNKE.MI,83.55000305175781,84.69000244140625,83.2699966430664,84.69000244140625,14217
2019-01-28,BNKE.MI,85.20999908447266,85.9000015258789,83.19999694824219,83.44000244140625,9322
2019-01-29,BNKE.MI,82.70999908447266,83.68000030517578,82.70999908447266,83.20999908447266,7160
2019-01-30,BNKE.MI,83.04000091552734,83.43000030517578,82.68000030517578,82.94999694824219,12326
2019-01-31,BNKE.MI,83.54000091552734,83.54000091552734,80.44999694824219,81.0,20532
2019-02-01,BNKE.MI,80.73999786376953,80.94999694824219,79.12999725341797,80.06999969482422,19464
2019-02-04,BNKE.MI,80.30999755859375,80.30999755859375,78.55999755859375,78.91999816894531,14538
2019-02-05,BNKE.MI,79.30000305175781,80.76000213623047,79.05999755859375,80.45999908447266,75732
2019-02-06,BNKE.MI,80.20999908447266,82.2300033569336,80.08999633789062,82.01000213623047,22826
2019-02-07,BNKE.MI,82.1500015258789,82.68000030517578,79.70999908447266,79.7300033569336,44745
2019-02-08,BNKE.MI,79.37000274658203,79.7699966430664,78.20999908447266,78.8499984741211,39694
2019-02-11,BNKE.MI,79.33999633789062,80.30000305175781,79.33999633789062,79.87999725341797,9339
2019-02-12,BNKE.MI,80.58999633789062,81.1500015258789,80.0999984741211,80.86000061035156,14919
2019-02-13,BNKE.MI,81.19999694824219,81.30000305175781,80.43000030517578,80.7300033569336,9838
2019-02-14,BNKE.MI,81.20999908447266,81.20999908447266,79.37000274658203,79.54000091552734,14341
2019-02-15,BNKE.MI,79.19000244140625,82.55999755859375,79.19000244140625,82.44000244140625,16925
2019-02-18,BNKE.MI,82.4000015258789,83.2300033569336,82.4000015258789,83.02999877929688,15182
2019-02-19,BNKE.MI,82.47000122070312,82.76000213623047,81.86000061035156,82.62000274658203,14208
2019-02-20,BNKE.MI,82.80000305175781,83.2300033569336,82.22000122070312,83.2300033569336,5270
2019-02-21,BNKE.MI,83.41999816894531,83.41999816894531,82.04000091552734,82.19999694824219,3870
2019-02-22,BNKE.MI,82.0999984741211,83.01000213623047,82.0999984741211,82.4000015258789,9289
2019-02-25,BNKE.MI,83.08000183105469,83.91999816894531,83.06999969482422,83.66999816894531,9780
2019-02-26,BNKE.MI,83.0,83.9800033569336,82.91000366210938,83.87999725341797,14647
2019-02-27,BNKE.MI,84.0,85.55999755859375,83.44000244140625,85.5,19880
2019-02-28,BNKE.MI,85.23999786376953,87.48999786376953,84.81999969482422,87.23999786376953,19565
2019-03-01,BNKE.MI,87.5,87.98999786376953,86.86000061035156,86.9000015258789,12547
2019-03-04,BNKE.MI,87.51000213623047,87.5999984741211,86.58999633789062,86.58999633789062,9703
2019-03-05,BNKE.MI,86.97000122070312,87.37000274658203,85.4800033569336,86.02999877929688,53279
2019-03-06,BNKE.MI,85.56999969482422,86.51000213623047,85.13999938964844,86.2300033569336,20134
2019-03-07,BNKE.MI,86.4800033569336,86.4800033569336,82.66999816894531,83.30000305175781,51288
2019-03-08,BNKE.MI,82.23999786376953,82.70999908447266,81.20999908447266,81.86000061035156,19368
2019-03-11,BNKE.MI,82.47000122070312,83.51000213623047,82.18000030517578,83.51000213623047,6806
2019-03-12,BNKE.MI,84.30000305175781,84.30000305175781,82.79000091552734,83.30000305175781,27510
2019-03-13,BNKE.MI,83.37999725341797,84.69000244140625,83.37999725341797,84.41999816894531,14327
2019-03-14,BNKE.MI,84.91999816894531,85.62999725341797,84.63999938964844,85.08000183105469,34301
2019-03-15,BNKE.MI,84.80999755859375,85.87999725341797,84.77999877929688,85.87999725341797,22896
2019-03-18,BNKE.MI,86.5,87.58999633789062,86.5,87.3499984741211,4893
2019-03-19,BNKE.MI,87.31999969482422,88.25,86.75,87.55999755859375,4674
2019-03-20,BNKE.MI,87.12999725341797,87.12999725341797,86.23999786376953,86.25,7475
2019-03-21,BNKE.MI,85.41000366210938,85.41000366210938,84.62999725341797,84.88999938964844,9106
2019-03-22,BNKE.MI,85.08999633789062,85.16999816894531,81.9800033569336,82.06999969482422,26400
2019-03-25,BNKE.MI,81.37000274658203,82.77999877929688,81.2699966430664,81.97000122070312,21734
2019-03-26,BNKE.MI,81.44999694824219,82.19999694824219,81.36000061035156,81.48999786376953,10288
2019-03-27,BNKE.MI,81.43000030517578,84.5199966430664,81.43000030517578,83.16999816894531,88352
2019-03-28,BNKE.MI,82.83000183105469,82.87999725341797,81.62999725341797,82.12999725341797,11416
2019-03-29,BNKE.MI,82.66999816894531,83.12000274658203,82.38999938964844,82.7300033569336,4615
2019-04-01,BNKE.MI,84.0,85.43000030517578,83.80000305175781,85.3499984741211,4795
2019-04-02,BNKE.MI,85.25,85.87000274658203,84.91999816894531,85.44999694824219,11269
2019-04-03,BNKE.MI,86.48999786376953,87.1500015258789,86.30999755859375,86.83999633789062,6983
2019-04-04,BNKE.MI,86.6500015258789,87.54000091552734,86.16000366210938,87.41000366210938,9760
2019-04-05,BNKE.MI,87.47000122070312,87.63999938964844,87.0999984741211,87.26000213623047,2529
2019-04-08,BNKE.MI,87.33999633789062,87.33999633789062,86.44999694824219,86.54000091552734,12459
2019-04-09,BNKE.MI,86.55999755859375,87.80999755859375,86.55999755859375,87.02999877929688,20431
2019-04-10,BNKE.MI,87.08000183105469,87.44999694824219,86.01000213623047,86.19000244140625,13964
2019-04-11,BNKE.MI,86.44999694824219,88.16000366210938,85.73999786376953,87.8499984741211,11316
2019-04-12,BNKE.MI,87.0,90.69999694824219,87.0,90.16999816894531,45155
2019-04-15,BNKE.MI,91.25,91.5,90.44000244140625,90.69000244140625,9444
2019-04-16,BNKE.MI,91.01000213623047,91.6500015258789,90.54000091552734,91.52999877929688,9662
2019-04-17,BNKE.MI,91.86000061035156,93.12000274658203,91.86000061035156,92.51000213623047,23421
2019-04-18,BNKE.MI,91.8499984741211,92.37999725341797,90.9000015258789,92.26000213623047,17378
2019-04-23,BNKE.MI,91.45999908447266,91.86000061035156,90.69999694824219,91.0199966430664,3062
2019-04-24,BNKE.MI,90.7300033569336,91.16999816894531,88.9800033569336,89.3499984741211,13274
2019-04-25,BNKE.MI,88.98999786376953,89.62000274658203,88.36000061035156,88.88999938964844,2552
2019-04-26,BNKE.MI,88.37999725341797,89.56999969482422,88.37999725341797,89.44000244140625,11402
2019-04-29,BNKE.MI,89.81999969482422,90.91000366210938,89.80999755859375,90.83000183105469,66167
2019-04-30,BNKE.MI,90.20999908447266,90.75,90.13999938964844,90.55000305175781,4759
2019-05-02,BNKE.MI,90.30000305175781,91.81999969482422,89.87000274658203,90.30000305175781,6658
2019-05-03,BNKE.MI,90.66000366210938,91.16999816894531,89.86000061035156,89.94999694824219,2700
2019-05-06,BNKE.MI,88.06999969482422,88.83000183105469,87.79000091552734,88.83000183105469,4617
2019-05-07,BNKE.MI,88.61000061035156,88.7699966430664,86.56999969482422,86.56999969482422,9473
2019-05-08,BNKE.MI,86.4000015258789,86.9000015258789,85.77999877929688,86.77999877929688,7961
2019-05-09,BNKE.MI,85.48999786376953,85.52999877929688,84.30999755859375,84.30999755859375,16024
2019-05-10,BNKE.MI,85.27999877929688,85.63999938964844,84.0199966430664,84.62999725341797,6532
2019-05-13,BNKE.MI,84.0999984741211,84.13999938964844,83.05999755859375,83.05999755859375,6328
2019-05-14,BNKE.MI,83.55000305175781,83.93000030517578,82.81999969482422,83.93000030517578,8541
2019-05-15,BNKE.MI,83.33999633789062,83.45999908447266,82.2699966430664,83.31999969482422,28172
2019-05-16,BNKE.MI,82.69999694824219,84.75,82.69999694824219,84.75,12526
2019-05-17,BNKE.MI,84.33999633789062,84.63999938964844,83.33999633789062,84.0,4526
2019-05-20,BNKE.MI,83.51000213623047,84.61000061035156,82.55999755859375,82.62999725341797,4236
2019-05-21,BNKE.MI,83.13999938964844,83.41999816894531,82.47000122070312,83.13999938964844,3101
2019-05-22,BNKE.MI,82.77999877929688,83.08999633789062,81.8499984741211,82.08999633789062,2178
2019-05-23,BNKE.MI,81.16000366210938,81.45999908447266,80.55000305175781,80.73999786376953,30757
2019-05-24,BNKE.MI,81.25,81.83000183105469,80.94000244140625,81.4000015258789,56165
2019-05-27,BNKE.MI,82.16999816894531,82.26000213623047,81.25,81.41000366210938,1235
2019-05-28,BNKE.MI,80.91999816894531,81.37000274658203,80.1500015258789,81.08999633789062,1375
2019-05-29,BNKE.MI,80.16000366210938,80.68000030517578,80.02999877929688,80.55999755859375,60644
2019-05-30,BNKE.MI,81.52999877929688,81.80000305175781,80.91000366210938,81.19999694824219,8447
2019-05-31,BNKE.MI,79.81999969482422,79.95999908447266,79.41000366210938,79.87000274658203,39726
2019-06-03,BNKE.MI,79.01000213623047,79.62000274658203,78.77999877929688,79.45999908447266,3738
2019-06-04,BNKE.MI,80.0999984741211,81.69999694824219,80.0999984741211,81.69999694824219,55197
2019-06-05,BNKE.MI,81.30999755859375,81.80999755859375,80.4000015258789,80.91999816894531,3468
2019-06-06,BNKE.MI,80.69999694824219,82.12000274658203,79.58000183105469,79.63999938964844,24529
2019-06-07,BNKE.MI,80.05999755859375,80.19999694824219,79.47000122070312,79.61000061035156,7259
2019-06-10,BNKE.MI,80.41000366210938,81.30999755859375,80.19999694824219,81.02999877929688,52396
2019-06-11,BNKE.MI,80.98999786376953,81.77999877929688,80.98999786376953,81.05000305175781,36721
2019-06-12,BNKE.MI,80.44999694824219,80.44999694824219,79.83000183105469,80.0999984741211,1063
2019-06-13,BNKE.MI,79.58000183105469,80.5199966430664,79.33000183105469,80.0,52764
2019-06-14,BNKE.MI,79.66999816894531,79.66999816894531,79.0,79.29000091552734,55657
2019-06-17,BNKE.MI,80.02999877929688,80.0999984741211,79.30000305175781,79.30000305175781,6565
2019-06-18,BNKE.MI,78.9800033569336,80.69000244140625,78.29000091552734,80.69000244140625,57115
2019-06-19,BNKE.MI,80.91000366210938,81.94999694824219,80.5,81.91000366210938,54420
2019-06-20,BNKE.MI,81.91999816894531,82.27999877929688,80.44999694824219,80.54000091552734,13238
2019-06-21,BNKE.MI,81.0,81.55000305175781,79.83000183105469,79.87000274658203,8472
2019-06-24,BNKE.MI,80.41999816894531,80.41999816894531,79.41999816894531,79.58999633789062,5102
2019-06-25,BNKE.MI,78.94000244140625,79.2300033569336,78.6500015258789,79.2300033569336,2374
2019-06-26,BNKE.MI,79.37999725341797,80.55000305175781,79.29000091552734,80.30000305175781,5491
2019-06-27,BNKE.MI,81.4800033569336,81.5199966430664,80.79000091552734,81.01000213623047,5599
2019-06-28,BNKE.MI,81.26000213623047,81.66000366210938,80.98999786376953,81.66000366210938,4710
2019-07-01,BNKE.MI,82.80999755859375,83.01000213623047,81.81999969482422,81.94000244140625,5597
2019-07-02,BNKE.MI,81.62000274658203,81.81999969482422,80.79000091552734,81.58999633789062,3462
2019-07-03,BNKE.MI,81.13999938964844,83.41000366210938,81.05999755859375,83.41000366210938,10085
2019-07-04,BNKE.MI,84.33000183105469,85.20999908447266,84.13999938964844,84.93000030517578,86545
2019-07-05,BNKE.MI,85.11000061035156,85.80000305175781,84.37000274658203,85.16999816894531,16313
2019-07-08,BNKE.MI,85.44999694824219,85.58999633789062,83.23999786376953,83.94999694824219,6245
2019-07-09,BNKE.MI,83.2300033569336,83.30999755859375,82.2300033569336,83.13999938964844,2313
2019-07-10,BNKE.MI,83.51000213623047,84.45999908447266,83.51000213623047,83.55999755859375,4740
2019-07-11,BNKE.MI,83.73999786376953,84.19999694824219,83.22000122070312,84.19999694824219,1107
2019-07-12,BNKE.MI,84.91999816894531,84.95999908447266,84.08000183105469,84.08000183105469,930
2019-07-15,BNKE.MI,84.5199966430664,84.62000274658203,83.72000122070312,84.18000030517578,21250
2019-07-16,BNKE.MI,84.36000061035156,85.18000030517578,83.9000015258789,85.06999969482422,10430
2019-07-17,BNKE.MI,84.7699966430664,84.9000015258789,83.72000122070312,83.72000122070312,4044
2019-07-18,BNKE.MI,83.12999725341797,83.66999816894531,82.4800033569336,83.23999786376953,4904
2019-07-19,BNKE.MI,83.5199966430664,83.5999984741211,81.54000091552734,81.68000030517578,2711
2019-07-22,BNKE.MI,81.61000061035156,81.98999786376953,81.2699966430664,81.4000015258789,2968
2019-07-23,BNKE.MI,82.56999969482422,83.88999938964844,82.22000122070312,83.68000030517578,2155
2019-07-24,BNKE.MI,83.43000030517578,83.62000274658203,82.79000091552734,83.5999984741211,4399
2019-07-25,BNKE.MI,84.18000030517578,85.83999633789062,83.05000305175781,83.81999969482422,17013
2019-07-26,BNKE.MI,82.73999786376953,83.22000122070312,82.73999786376953,82.98999786376953,12872
2019-07-29,BNKE.MI,83.0,83.0,82.16000366210938,82.38999938964844,4280
2019-07-30,BNKE.MI,81.5999984741211,81.70999908447266,79.5,79.87000274658203,20117
2019-07-31,BNKE.MI,80.56999969482422,80.69999694824219,79.83000183105469,79.83000183105469,2492
2019-08-01,BNKE.MI,81.12999725341797,81.16000366210938,79.69999694824219,80.16000366210938,7009
2019-08-02,BNKE.MI,78.44999694824219,78.55999755859375,77.45999908447266,77.87000274658203,36131
2019-08-05,BNKE.MI,77.3499984741211,77.3499984741211,76.4800033569336,76.68000030517578,3550
2019-08-06,BNKE.MI,76.68000030517578,77.0199966430664,76.12000274658203,76.12000274658203,9279
2019-08-07,BNKE.MI,76.02999877929688,76.41999816894531,74.63999938964844,75.11000061035156,10148
2019-08-08,BNKE.MI,75.62000274658203,76.9000015258789,75.27999877929688,76.37999725341797,13168
2019-08-09,BNKE.MI,75.08999633789062,75.81999969482422,74.76000213623047,74.76000213623047,4619
2019-08-12,BNKE.MI,74.87000274658203,74.87000274658203,73.33000183105469,73.33000183105469,1423
2019-08-13,BNKE.MI,72.54000091552734,74.70999908447266,72.18000030517578,74.31999969482422,25283
2019-08-14,BNKE.MI,73.38999938964844,73.38999938964844,71.8499984741211,72.16000366210938,7389
2019-08-16,BNKE.MI,72.04000091552734,74.13999938964844,71.38999938964844,74.13999938964844,29592
2019-08-19,BNKE.MI,75.48999786376953,75.5999984741211,74.2300033569336,74.2300033569336,15628
2019-08-20,BNKE.MI,74.0199966430664,74.0199966430664,73.02999877929688,73.26000213623047,8502
2019-08-21,BNKE.MI,73.73999786376953,74.30999755859375,73.55999755859375,73.58000183105469,26273
2019-08-22,BNKE.MI,74.12999725341797,75.30999755859375,74.12999725341797,74.43000030517578,45652
2019-08-23,BNKE.MI,75.12999725341797,75.12999725341797,73.47000122070312,73.47000122070312,10382
2019-08-26,BNKE.MI,73.43000030517578,74.04000091552734,73.30000305175781,73.94000244140625,8537
2019-08-27,BNKE.MI,73.61000061035156,74.72000122070312,73.61000061035156,73.91000366210938,23391
2019-08-28,BNKE.MI,73.72000122070312,74.04000091552734,73.5,74.04000091552734,3940
2019-08-29,BNKE.MI,74.05000305175781,75.54000091552734,74.05000305175781,74.87999725341797,15358
2019-08-30,BNKE.MI,75.44999694824219,75.62000274658203,74.69000244140625,74.69999694824219,34232
2019-09-02,BNKE.MI,75.18000030517578,75.33999633789062,74.58000183105469,74.66999816894531,5051
2019-09-03,BNKE.MI,74.41999816894531,74.98999786376953,73.94999694824219,74.37999725341797,21184
2019-09-04,BNKE.MI,75.54000091552734,75.87000274658203,75.2300033569336,75.33999633789062,14172
2019-09-05,BNKE.MI,76.01000213623047,77.8499984741211,75.7300033569336,77.73999786376953,51345
2019-09-06,BNKE.MI,78.22000122070312,78.6500015258789,77.37999725341797,77.87999725341797,16351
2019-09-09,BNKE.MI,78.18000030517578,79.80000305175781,78.18000030517578,79.75,18131
2019-09-10,BNKE.MI,80.41999816894531,81.75,79.5,81.43000030517578,46493
2019-09-11,BNKE.MI,81.80000305175781,82.80000305175781,80.69999694824219,81.05999755859375,54377
2019-09-12,BNKE.MI,81.13999938964844,82.36000061035156,78.93000030517578,81.55000305175781,65963
2019-09-13,BNKE.MI,82.5199966430664,84.02999877929688,82.36000061035156,83.91999816894531,29827
2019-09-16,BNKE.MI,83.0199966430664,83.43000030517578,82.29000091552734,82.88999938964844,8458
2019-09-17,BNKE.MI,82.47000122070312,82.47000122070312,80.61000061035156,80.91999816894531,39056
2019-09-18,BNKE.MI,81.08000183105469,81.13999938964844,80.5199966430664,80.55999755859375,11543
2019-09-19,BNKE.MI,81.05999755859375,82.37999725341797,81.05999755859375,82.31999969482422,16305
2019-09-20,BNKE.MI,82.22000122070312,83.23999786376953,82.19000244140625,82.86000061035156,10801
2019-09-23,BNKE.MI,82.37999725341797,82.62000274658203,80.31999969482422,80.83999633789062,11893
2019-09-24,BNKE.MI,81.45999908447266,81.45999908447266,80.16999816894531,80.16999816894531,5204
2019-09-25,BNKE.MI,79.77999877929688,80.02999877929688,78.0,80.02999877929688,18450
2019-09-26,BNKE.MI,79.4000015258789,80.26000213623047,79.37999725341797,80.0999984741211,6520
2019-09-27,BNKE.MI,79.8499984741211,81.22000122070312,79.8499984741211,80.76000213623047,5141
2019-09-30,BNKE.MI,81.0,81.81999969482422,80.98999786376953,81.5999984741211,8552
2019-10-01,BNKE.MI,81.5999984741211,82.2699966430664,80.19999694824219,80.2699966430664,14458
2019-10-02,BNKE.MI,80.2300033569336,80.2300033569336,77.68000030517578,77.68000030517578,8582
2019-10-03,BNKE.MI,77.41999816894531,78.08000183105469,77.0,77.41000366210938,12867
2019-10-04,BNKE.MI,77.33000183105469,77.51000213623047,76.5999984741211,77.19000244140625,5981
2019-10-07,BNKE.MI,76.76000213623047,78.01000213623047,76.72000122070312,77.9800033569336,3874
2019-10-08,BNKE.MI,78.0999984741211,78.16000366210938,76.0999984741211,77.06999969482422,6142
2019-10-09,BNKE.MI,76.80999755859375,77.4800033569336,76.80000305175781,77.08000183105469,62177
2019-10-10,BNKE.MI,77.38999938964844,79.48999786376953,77.38999938964844,79.45999908447266,4277
2019-10-11,BNKE.MI,80.41000366210938,82.77999877929688,80.1500015258789,82.77999877929688,13055
2019-10-14,BNKE.MI,81.83999633789062,82.52999877929688,81.55999755859375,82.37999725341797,2138
2019-10-15,BNKE.MI,83.36000061035156,84.62999725341797,82.5999984741211,84.41000366210938,20172
2019-10-16,BNKE.MI,84.45999908447266,86.16000366210938,83.87999725341797,85.76000213623047,75792
2019-10-17,BNKE.MI,84.94999694824219,86.77999877929688,84.87000274658203,85.20999908447266,51130
2019-10-18,BNKE.MI,84.72000122070312,85.56999969482422,84.72000122070312,85.11000061035156,5582
2019-10-21,BNKE.MI,86.0999984741211,87.37000274658203,86.0999984741211,87.05999755859375,18490
2019-10-22,BNKE.MI,87.33000183105469,87.33000183105469,86.19999694824219,86.76000213623047,4542
2019-10-23,BNKE.MI,86.22000122070312,87.0,86.0199966430664,86.98999786376953,9397
2019-10-24,BNKE.MI,87.0999984741211,87.66000366210938,86.11000061035156,86.4000015258789,19927
2019-10-25,BNKE.MI,86.5,86.79000091552734,85.83999633789062,86.79000091552734,7670
2019-10-28,BNKE.MI,86.94000244140625,86.98999786376953,86.36000061035156,86.91999816894531,6296
2019-10-29,BNKE.MI,86.6500015258789,86.7699966430664,86.26000213623047,86.69000244140625,2134
2019-10-30,BNKE.MI,86.66000366210938,86.66000366210938,84.23999786376953,84.4000015258789,5955
2019-10-31,BNKE.MI,84.23999786376953,84.26000213623047,83.12000274658203,83.98999786376953,14700
2019-11-01,BNKE.MI,83.93000030517578,84.69000244140625,83.5999984741211,84.63999938964844,4249
2019-11-04,BNKE.MI,85.75,86.94999694824219,85.75,86.69000244140625,16008
2019-11-05,BNKE.MI,87.19000244140625,88.19999694824219,87.19000244140625,88.11000061035156,9389
2019-11-06,BNKE.MI,89.2300033569336,89.55000305175781,88.08000183105469,88.13999938964844,10487
2019-11-07,BNKE.MI,88.95999908447266,90.37000274658203,88.7699966430664,90.12999725341797,25411
2019-11-08,BNKE.MI,89.83000183105469,89.94999694824219,88.87999725341797,88.93000030517578,7121
2019-11-11,BNKE.MI,88.37999725341797,89.19000244140625,87.9800033569336,88.95999908447266,6795
2019-11-12,BNKE.MI,89.37999725341797,89.7699966430664,89.18000030517578,89.44000244140625,5871
2019-11-13,BNKE.MI,88.22000122070312,88.22000122070312,86.69000244140625,87.19999694824219,5841
2019-11-14,BNKE.MI,87.0,87.4000015258789,86.83000183105469,86.83000183105469,2474
2019-11-15,BNKE.MI,87.61000061035156,87.79000091552734,86.73999786376953,87.37999725341797,10655
2019-11-18,BNKE.MI,87.80999755859375,88.13999938964844,86.2699966430664,86.9000015258789,4380
2019-11-19,BNKE.MI,87.44000244140625,88.2300033569336,87.0199966430664,87.25,17347
2019-11-20,BNKE.MI,86.30000305175781,87.08000183105469,85.80000305175781,87.08000183105469,7503
2019-11-21,BNKE.MI,86.25,87.5,86.01000213623047,87.44000244140625,7454
2019-11-22,BNKE.MI,87.72000122070312,88.93000030517578,87.55000305175781,88.02999877929688,15898
2019-11-25,BNKE.MI,88.87000274658203,88.87000274658203,88.23999786376953,88.47000122070312,5607
2019-11-26,BNKE.MI,88.37000274658203,88.37000274658203,87.63999938964844,87.91999816894531,5222
2019-11-27,BNKE.MI,88.05000305175781,88.2699966430664,87.7699966430664,88.0999984741211,13362
2019-11-28,BNKE.MI,87.70999908447266,87.80000305175781,87.3499984741211,87.45999908447266,14819
2019-11-29,BNKE.MI,87.25,87.75,86.7699966430664,87.20999908447266,10814
2019-12-02,BNKE.MI,87.77999877929688,88.41999816894531,86.05000305175781,86.12000274658203,9418
2019-12-03,BNKE.MI,86.58999633789062,86.58999633789062,84.83999633789062,85.02999877929688,10047
2019-12-04,BNKE.MI,85.51000213623047,86.73999786376953,85.51000213623047,86.73999786376953,2631
2019-12-05,BNKE.MI,87.05999755859375,87.80999755859375,86.6500015258789,86.83000183105469,7748
2019-12-06,BNKE.MI,87.04000091552734,87.87999725341797,86.68000030517578,87.75,5802
2019-12-09,BNKE.MI,87.79000091552734,88.13999938964844,87.29000091552734,87.58000183105469,1607
2019-12-10,BNKE.MI,87.38999938964844,87.4000015258789,86.31999969482422,87.25,43464
2019-12-11,BNKE.MI,87.37000274658203,87.69999694824219,87.12999725341797,87.5199966430664,3244
2019-12-12,BNKE.MI,87.5199966430664,90.0,87.44000244140625,89.80000305175781,8469
2019-12-13,BNKE.MI,92.25,92.4800033569336,89.7699966430664,89.7699966430664,31096
2019-12-16,BNKE.MI,90.70999908447266,91.47000122070312,90.33000183105469,91.37000274658203,10590
2019-12-17,BNKE.MI,90.87000274658203,91.2699966430664,90.54000091552734,91.13999938964844,4275
2019-12-18,BNKE.MI,90.7699966430664,91.61000061035156,90.76000213623047,91.58999633789062,3515
2019-12-19,BNKE.MI,91.43000030517578,92.02999877929688,91.37000274658203,91.86000061035156,6620
2019-12-20,BNKE.MI,91.91000366210938,92.36000061035156,91.80999755859375,92.16000366210938,8061
2019-12-23,BNKE.MI,91.56999969482422,91.66000366210938,91.05000305175781,91.31999969482422,3194
2019-12-27,BNKE.MI,91.02999877929688,91.08999633789062,90.61000061035156,90.69000244140625,2210
2019-12-30,BNKE.MI,91.01000213623047,91.06999969482422,90.37999725341797,90.5199966430664,1506
2020-01-02,BNKE.MI,91.08000183105469,92.97000122070312,91.08000183105469,92.87999725341797,4821
2020-01-03,BNKE.MI,92.04000091552734,92.05000305175781,91.25,91.54000091552734,5495
2020-01-06,BNKE.MI,90.36000061035156,91.0199966430664,89.4000015258789,90.80999755859375,4011
2020-01-07,BNKE.MI,91.69999694824219,91.69999694824219,91.08999633789062,91.36000061035156,958
2020-01-08,BNKE.MI,90.26000213623047,91.88999938964844,90.26000213623047,91.7300033569336,23673
2020-01-09,BNKE.MI,92.69999694824219,92.81999969482422,92.04000091552734,92.1500015258789,9204
2020-01-10,BNKE.MI,92.0,92.0,91.08999633789062,91.08999633789062,5164
2020-01-13,BNKE.MI,91.22000122070312,91.61000061035156,89.88999938964844,90.41999816894531,3776
2020-01-14,BNKE.MI,89.55000305175781,90.38999938964844,89.51000213623047,90.29000091552734,3432
2020-01-15,BNKE.MI,90.01000213623047,90.01000213623047,88.68000030517578,88.80999755859375,3797
2020-01-16,BNKE.MI,89.66999816894531,89.68000030517578,88.0199966430664,89.0999984741211,2169
2020-01-17,BNKE.MI,89.97000122070312,90.05999755859375,89.29000091552734,89.44000244140625,2736
2020-01-20,BNKE.MI,89.16999816894531,89.16999816894531,88.47000122070312,88.62999725341797,794
2020-01-21,BNKE.MI,87.81999969482422,88.56999969482422,87.80999755859375,88.12999725341797,2746
2020-01-22,BNKE.MI,88.22000122070312,88.26000213623047,87.30000305175781,87.5,4285
2020-01-23,BNKE.MI,87.73999786376953,88.37000274658203,86.73999786376953,87.12000274658203,2510
2020-01-24,BNKE.MI,88.30999755859375,88.4000015258789,86.94000244140625,86.94000244140625,3605
2020-01-27,BNKE.MI,86.36000061035156,86.73999786376953,85.26000213623047,85.5,5499
2020-01-28,BNKE.MI,85.77999877929688,87.08000183105469,85.0,86.83000183105469,6110
2020-01-29,BNKE.MI,88.08000183105469,88.08000183105469,87.36000061035156,87.68000030517578,4634
2020-01-30,BNKE.MI,86.83999633789062,87.05999755859375,86.30999755859375,86.91000366210938,5274
2020-01-31,BNKE.MI,87.2300033569336,87.26000213623047,85.18000030517578,85.48999786376953,9396
2020-02-03,BNKE.MI,85.47000122070312,86.29000091552734,85.2300033569336,85.83000183105469,8688
2020-02-04,BNKE.MI,86.5,87.83999633789062,86.4800033569336,87.6500015258789,15136
2020-02-05,BNKE.MI,88.41999816894531,89.80000305175781,88.41999816894531,89.80000305175781,8661
2020-02-06,BNKE.MI,91.80999755859375,92.41000366210938,91.23999786376953,91.97000122070312,12861
2020-02-07,BNKE.MI,91.55999755859375,92.88999938964844,91.51000213623047,92.88999938964844,22566
2020-02-10,BNKE.MI,92.5,93.19999694824219,92.23999786376953,92.4000015258789,27852
2020-02-11,BNKE.MI,93.0999984741211,93.4000015258789,92.69999694824219,93.30999755859375,4753
2020-02-12,BNKE.MI,93.5999984741211,94.97000122070312,93.5,94.75,18070
2020-02-13,BNKE.MI,93.94999694824219,94.81999969482422,93.41999816894531,94.81999969482422,19648
2020-02-14,BNKE.MI,95.0,95.01000213623047,94.30000305175781,94.41999816894531,7459
2020-02-17,BNKE.MI,95.04000091552734,95.19000244140625,94.69999694824219,95.19000244140625,13873
2020-02-18,BNKE.MI,95.41000366210938,95.91000366210938,94.25,94.25,16747
2020-02-19,BNKE.MI,94.91000366210938,95.05000305175781,94.01000213623047,94.16999816894531,3890
2020-02-20,BNKE.MI,94.12000274658203,94.79000091552734,93.04000091552734,93.04000091552734,7456
2020-02-21,BNKE.MI,92.29000091552734,92.70999908447266,91.41999816894531,91.8499984741211,4658
2020-02-24,BNKE.MI,89.08000183105469,89.08000183105469,87.43000030517578,87.80999755859375,46183
2020-02-25,BNKE.MI,87.80000305175781,87.80000305175781,85.04000091552734,85.25,6142
2020-02-26,BNKE.MI,84.79000091552734,85.77999877929688,83.04000091552734,85.36000061035156,5399
2020-02-27,BNKE.MI,83.7699966430664,83.98999786376953,80.4000015258789,81.45999908447266,27019
2020-02-28,BNKE.MI,79.01000213623047,79.37000274658203,77.33000183105469,78.31999969482422,12621
2020-03-02,BNKE.MI,79.37000274658203,79.37000274658203,74.95999908447266,76.80999755859375,8345
2020-03-03,BNKE.MI,78.43000030517578,79.08000183105469,75.43000030517578,75.43000030517578,14706
2020-03-04,BNKE.MI,75.58000183105469,76.6500015258789,74.76000213623047,75.44999694824219,8293
2020-03-05,BNKE.MI,74.95999908447266,75.27999877929688,71.8499984741211,72.86000061035156,24927
2020-03-06,BNKE.MI,70.81999969482422,71.25,69.13999938964844,70.18000030517578,119288
2020-03-09,BNKE.MI,69.19999694824219,69.19999694824219,61.029998779296875,61.63999938964844,6401
2020-03-10,BNKE.MI,61.83000183105469,65.20999908447266,60.45000076293945,60.81999969482422,31840
2020-03-11,BNKE.MI,61.91999816894531,64.20999908447266,61.18000030517578,62.13999938964844,30707
2020-03-12,BNKE.MI,58.75,60.33000183105469,52.029998779296875,52.869998931884766,28511
2020-03-13,BNKE.MI,53.939998626708984,58.630001068115234,52.5099983215332,53.58000183105469,37045
2020-03-16,BNKE.MI,50.52000045776367,50.52000045776367,45.79999923706055,47.5099983215332,8631
2020-03-17,BNKE.MI,48.60499954223633,49.95000076293945,46.630001068115234,49.65999984741211,5945
2020-03-18,BNKE.MI,50.0,50.0,47.040000915527344,47.79499816894531,16485
2020-03-19,BNKE.MI,49.96500015258789,49.970001220703125,46.959999084472656,48.70500183105469,8922
2020-03-20,BNKE.MI,50.97999954223633,51.81999969482422,49.54499816894531,49.77000045776367,13026
2020-03-23,BNKE.MI,48.435001373291016,50.560001373291016,48.20500183105469,49.029998779296875,7301
2020-03-24,BNKE.MI,52.13999938964844,53.86000061035156,51.04999923706055,53.86000061035156,17968
2020-03-25,BNKE.MI,56.04999923706055,58.77000045776367,54.20000076293945,56.43000030517578,134938
2020-03-26,BNKE.MI,55.290000915527344,57.5099983215332,54.70000076293945,57.5099983215332,38327
2020-03-27,BNKE.MI,55.88999938964844,56.2400016784668,53.52000045776367,54.06999969482422,45097
2020-03-30,BNKE.MI,52.5,52.5,50.43000030517578,51.060001373291016,8941
2020-03-31,BNKE.MI,52.310001373291016,52.36000061035156,49.959999084472656,50.869998931884766,13148
2020-04-01,BNKE.MI,49.900001525878906,49.900001525878906,48.76499938964844,48.814998626708984,3998
2020-04-02,BNKE.MI,49.6349983215332,49.97999954223633,47.8650016784668,48.79499816894531,24999
2020-04-03,BNKE.MI,48.60499954223633,48.60499954223633,47.5,47.6150016784668,4095
2020-04-06,BNKE.MI,49.64500045776367,50.849998474121094,49.119998931884766,50.4900016784668,13981
2020-04-07,BNKE.MI,52.11000061035156,54.16999816894531,51.34000015258789,52.36000061035156,45126
2020-04-08,BNKE.MI,50.90999984741211,52.060001373291016,50.779998779296875,51.959999084472656,40311
2020-04-09,BNKE.MI,53.779998779296875,53.779998779296875,52.2400016784668,53.119998931884766,28405
2020-04-14,BNKE.MI,52.790000915527344,53.0,51.349998474121094,51.65999984741211,81905
2020-04-15,BNKE.MI,50.29999923706055,50.40999984741211,48.13999938964844,48.15999984741211,48993
2020-04-16,BNKE.MI,49.20000076293945,49.744998931884766,47.06999969482422,47.66999816894531,81584
2020-04-17,BNKE.MI,49.04499816894531,49.58000183105469,48.10499954223633,48.36000061035156,52340
2020-04-20,BNKE.MI,48.43000030517578,48.814998626708984,47.22999954223633,48.099998474121094,34213
2020-04-21,BNKE.MI,46.86000061035156,47.5,46.314998626708984,46.314998626708984,15661
2020-04-22,BNKE.MI,46.51499938964844,47.560001373291016,46.51499938964844,47.560001373291016,59833
2020-04-23,BNKE.MI,48.23500061035156,50.0,48.029998779296875,49.650001525878906,45082
2020-04-24,BNKE.MI,48.029998779296875,48.994998931884766,47.58000183105469,47.68000030517578,72905
2020-04-27,BNKE.MI,49.5,49.775001525878906,48.8650016784668,49.709999084472656,61507
2020-04-28,BNKE.MI,50.25,53.29999923706055,50.25,52.400001525878906,60626
2020-04-29,BNKE.MI,52.70000076293945,55.04999923706055,52.70000076293945,55.04999923706055,43564
2020-04-30,BNKE.MI,55.04999923706055,55.04999923706055,51.75,52.16999816894531,72451
2020-05-04,BNKE.MI,50.0,50.630001068115234,49.45500183105469,49.79999923706055,61057
2020-05-05,BNKE.MI,51.400001525878906,51.7599983215332,49.7599983215332,50.54999923706055,97319
2020-05-06,BNKE.MI,50.189998626708984,50.86000061035156,49.22999954223633,49.61000061035156,83848
2020-05-07,BNKE.MI,50.0099983215332,50.220001220703125,49.58000183105469,50.220001220703125,21968
2020-05-08,BNKE.MI,51.029998779296875,51.060001373291016,50.119998931884766,50.869998931884766,22259
2020-05-11,BNKE.MI,51.41999816894531,51.91999816894531,49.70000076293945,49.974998474121094,42354
2020-05-12,BNKE.MI,49.81999969482422,50.7400016784668,49.81999969482422,50.130001068115234,10218
2020-05-13,BNKE.MI,49.29999923706055,49.29999923706055,48.10499954223633,48.14500045776367,44194
2020-05-14,BNKE.MI,47.25,47.95500183105469,45.564998626708984,47.57500076293945,51535
2020-05-15,BNKE.MI,48.349998474121094,48.48500061035156,46.76499938964844,47.505001068115234,73563
2020-05-18,BNKE.MI,48.599998474121094,50.439998626708984,48.19499969482422,50.439998626708984,64303
2020-05-19,BNKE.MI,51.70000076293945,51.70000076293945,48.29999923706055,49.23500061035156,48880
2020-05-20,BNKE.MI,48.5099983215332,50.27000045776367,47.375,50.150001525878906,52183
2020-05-21,BNKE.MI,49.040000915527344,50.0,48.849998474121094,49.095001220703125,30731
2020-05-22,BNKE.MI,48.41999816894531,50.72999954223633,47.915000915527344,49.85499954223633,36540
2020-05-25,BNKE.MI,50.0,50.599998474121094,49.86000061035156,50.310001373291016,21216
2020-05-26,BNKE.MI,51.22999954223633,53.810001373291016,51.22999954223633,53.810001373291016,158734
2020-05-27,BNKE.MI,54.97999954223633,57.22999954223633,54.709999084472656,56.41999816894531,125271
2020-05-28,BNKE.MI,57.40999984741211,57.40999984741211,55.5,56.61000061035156,49774
2020-05-29,BNKE.MI,55.20000076293945,56.11000061035156,54.20000076293945,54.40999984741211,53442
2020-06-01,BNKE.MI,55.880001068115234,56.209999084472656,55.18000030517578,55.91999816894531,27893
2020-06-02,BNKE.MI,56.36000061035156,58.41999816894531,56.36000061035156,57.709999084472656,44527
2020-06-03,BNKE.MI,59.0,60.150001525878906,58.400001525878906,60.060001373291016,278158
2020-06-04,BNKE.MI,59.290000915527344,61.70000076293945,58.790000915527344,60.91999816894531,80543
2020-06-05,BNKE.MI,62.77000045776367,65.5,62.77000045776367,65.41000366210938,75124
2020-06-08,BNKE.MI,65.33000183105469,67.76000213623047,65.30000305175781,66.66999816894531,83277
2020-06-09,BNKE.MI,66.29000091552734,66.29000091552734,62.90999984741211,64.16000366210938,124338
2020-06-10,BNKE.MI,65.44000244140625,66.0999984741211,62.689998626708984,63.09000015258789,63213
2020-06-11,BNKE.MI,59.540000915527344,60.86000061035156,58.400001525878906,58.709999084472656,63972
2020-06-12,BNKE.MI,57.380001068115234,60.79999923706055,57.380001068115234,58.869998931884766,31293
2020-06-15,BNKE.MI,57.0,58.91999816894531,56.709999084472656,58.38999938964844,15739
2020-06-16,BNKE.MI,60.459999084472656,62.2599983215332,59.459999084472656,60.83000183105469,48178
2020-06-17,BNKE.MI,61.81999969482422,62.18000030517578,60.540000915527344,60.689998626708984,47437
2020-06-18,BNKE.MI,60.34000015258789,61.70000076293945,58.959999084472656,59.790000915527344,43678
2020-06-19,BNKE.MI,60.58000183105469,60.63999938964844,59.09000015258789,59.119998931884766,8693
2020-06-22,BNKE.MI,58.310001373291016,59.54999923706055,58.310001373291016,58.970001220703125,12170
2020-06-23,BNKE.MI,59.619998931884766,61.61000061035156,59.59000015258789,60.900001525878906,50524
2020-06-24,BNKE.MI,60.11000061035156,60.20000076293945,58.25,58.290000915527344,12374
2020-06-25,BNKE.MI,57.880001068115234,59.529998779296875,57.279998779296875,59.47999954223633,29467
2020-06-26,BNKE.MI,60.0099983215332,60.0099983215332,57.95000076293945,57.95000076293945,14649
2020-06-29,BNKE.MI,57.95000076293945,60.349998474121094,57.7599983215332,59.880001068115234,7688
2020-06-30,BNKE.MI,59.970001220703125,59.970001220703125,58.47999954223633,59.52000045776367,39705
2020-07-01,BNKE.MI,59.849998474121094,59.939998626708984,58.349998474121094,58.83000183105469,15673
2020-07-02,BNKE.MI,60.13999938964844,62.599998474121094,60.13999938964844,61.81999969482422,86953
2020-07-03,BNKE.MI,61.869998931884766,61.939998626708984,60.5,60.84000015258789,23343
2020-07-06,BNKE.MI,62.869998931884766,64.0,62.79999923706055,63.619998931884766,40389
2020-07-07,BNKE.MI,62.7400016784668,63.119998931884766,62.54999923706055,62.79999923706055,10589
2020-07-08,BNKE.MI,61.970001220703125,62.16999816894531,61.2400016784668,61.290000915527344,11085
2020-07-09,BNKE.MI,61.58000183105469,61.58000183105469,60.0,60.02000045776367,18819
2020-07-10,BNKE.MI,59.38999938964844,61.52000045776367,59.2400016784668,61.52000045776367,47189
2020-07-13,BNKE.MI,62.86000061035156,62.86000061035156,61.5,62.40999984741211,18955
2020-07-14,BNKE.MI,62.02000045776367,62.619998931884766,61.5,62.06999969482422,5747
2020-07-15,BNKE.MI,62.68000030517578,64.0999984741211,61.65999984741211,63.56999969482422,44241
2020-07-16,BNKE.MI,63.25,63.86000061035156,63.15999984741211,63.709999084472656,10529
2020-07-17,BNKE.MI,62.689998626708984,63.11000061035156,62.25,62.959999084472656,9157
2020-07-20,BNKE.MI,62.31999969482422,63.33000183105469,62.029998779296875,63.2400016784668,10224
2020-07-21,BNKE.MI,64.63999938964844,66.02999877929688,63.45000076293945,63.709999084472656,80237
2020-07-22,BNKE.MI,63.7400016784668,64.26000213623047,62.5,62.779998779296875,11844
2020-07-23,BNKE.MI,63.060001373291016,63.060001373291016,61.77000045776367,62.029998779296875,7206
2020-07-24,BNKE.MI,61.439998626708984,61.93000030517578,60.970001220703125,61.45000076293945,4659
2020-07-27,BNKE.MI,61.130001068115234,61.2599983215332,59.97999954223633,60.09000015258789,4694
2020-07-28,BNKE.MI,60.79999923706055,60.79999923706055,59.7599983215332,60.2400016784668,15439
2020-07-29,BNKE.MI,60.31999969482422,60.40999984741211,58.40999984741211,59.029998779296875,48746
2020-07-30,BNKE.MI,58.59000015258789,58.59000015258789,55.4900016784668,56.029998779296875,35704
2020-07-31,BNKE.MI,57.02000045776367,57.31999969482422,55.52000045776367,55.52000045776367,12918
2020-08-03,BNKE.MI,55.709999084472656,56.88999938964844,55.150001525878906,56.84000015258789,13373
2020-08-04,BNKE.MI,57.619998931884766,58.459999084472656,57.27000045776367,58.13999938964844,31327
2020-08-05,BNKE.MI,58.93000030517578,59.31999969482422,58.16999816894531,58.27000045776367,21664
2020-08-06,BNKE.MI,57.86000061035156,58.93000030517578,57.11000061035156,57.72999954223633,4158
2020-08-07,BNKE.MI,57.29999923706055,57.650001525878906,56.70000076293945,57.529998779296875,7070
2020-08-10,BNKE.MI,58.790000915527344,58.849998474121094,58.02000045776367,58.72999954223633,2643
2020-08-11,BNKE.MI,59.5,61.20000076293945,59.5,61.02000045776367,31082
2020-08-12,BNKE.MI,61.709999084472656,62.400001525878906,61.36000061035156,61.369998931884766,10220
2020-08-13,BNKE.MI,60.7599983215332,61.5099983215332,60.20000076293945,60.20000076293945,5745
2020-08-14,BNKE.MI,59.40999984741211,59.849998474121094,58.41999816894531,59.849998474121094,21921
2020-08-17,BNKE.MI,60.02000045776367,60.02000045776367,59.08000183105469,59.20000076293945,1965
2020-08-18,BNKE.MI,58.9900016784668,59.650001525878906,58.16999816894531,58.349998474121094,3386
2020-08-19,BNKE.MI,58.09000015258789,59.5,58.029998779296875,59.5,5671
2020-08-20,BNKE.MI,58.4900016784668,58.59000015258789,57.86000061035156,58.189998626708984,10755
2020-08-21,BNKE.MI,58.31999969482422,58.34000015258789,56.779998779296875,57.36000061035156,22689
2020-08-24,BNKE.MI,58.220001220703125,59.0099983215332,57.900001525878906,59.0099983215332,5803
2020-08-25,BNKE.MI,59.97999954223633,60.45000076293945,59.25,59.2599983215332,16918
2020-08-26,BNKE.MI,59.47999954223633,59.849998474121094,59.29999923706055,59.72999954223633,3122
2020-08-27,BNKE.MI,58.97999954223633,59.529998779296875,58.43000030517578,59.0,12540
2020-08-28,BNKE.MI,59.79999923706055,60.880001068115234,59.18000030517578,60.59000015258789,16696
2020-08-31,BNKE.MI,61.130001068115234,61.290000915527344,58.58000183105469,58.58000183105469,4425
2020-09-01,BNKE.MI,58.369998931884766,58.869998931884766,57.36000061035156,58.2599983215332,15997
2020-09-02,BNKE.MI,58.59000015258789,58.59000015258789,57.400001525878906,57.400001525878906,20965
2020-09-03,BNKE.MI,58.529998779296875,59.58000183105469,57.279998779296875,57.5099983215332,18319
2020-09-04,BNKE.MI,58.59000015258789,60.099998474121094,58.59000015258789,59.09000015258789,16782
2020-09-07,BNKE.MI,60.25,60.34000015258789,59.099998474121094,59.529998779296875,8987
2020-09-08,BNKE.MI,59.709999084472656,59.939998626708984,58.0,58.150001525878906,38101
2020-09-09,BNKE.MI,57.849998474121094,59.11000061035156,57.65999984741211,59.11000061035156,19296
2020-09-10,BNKE.MI,58.84000015258789,60.0,58.439998626708984,59.130001068115234,16416
2020-09-11,BNKE.MI,58.81999969482422,58.88999938964844,57.91999816894531,58.09000015258789,13461
2020-09-14,BNKE.MI,58.27000045776367,58.61000061035156,57.70000076293945,58.58000183105469,15166
2020-09-15,BNKE.MI,58.22999954223633,58.61000061035156,57.61000061035156,57.7400016784668,14379
2020-09-16,BNKE.MI,57.540000915527344,57.720001220703125,56.310001373291016,57.529998779296875,27986
2020-09-17,BNKE.MI,56.7400016784668,57.09000015258789,56.34000015258789,56.88999938964844,10981
2020-09-18,BNKE.MI,56.349998474121094,56.81999969482422,55.29999923706055,55.540000915527344,63960
2020-09-21,BNKE.MI,54.25,54.5,51.72999954223633,51.86000061035156,41633
2020-09-22,BNKE.MI,52.25,52.75,51.56999969482422,51.79999923706055,44403
2020-09-23,BNKE.MI,51.59000015258789,52.84000015258789,50.779998779296875,50.779998779296875,37137
2020-09-24,BNKE.MI,49.900001525878906,51.54999923706055,49.900001525878906,51.060001373291016,31603
2020-09-25,BNKE.MI,51.0099983215332,51.43000030517578,49.900001525878906,50.02000045776367,38674
2020-09-28,BNKE.MI,51.119998931884766,52.38999938964844,51.119998931884766,52.38999938964844,19797
2020-09-29,BNKE.MI,51.58000183105469,51.970001220703125,51.119998931884766,51.25,49082
2020-09-30,BNKE.MI,50.900001525878906,52.119998931884766,50.88999938964844,51.61000061035156,24853
2020-10-01,BNKE.MI,52.279998779296875,52.279998779296875,50.900001525878906,50.95000076293945,17777
2020-10-02,BNKE.MI,50.439998626708984,51.20000076293945,50.29999923706055,51.06999969482422,17999
2020-10-05,BNKE.MI,52.2599983215332,52.40999984741211,51.599998474121094,52.27000045776367,117955
2020-10-06,BNKE.MI,52.40999984741211,54.83000183105469,52.18000030517578,54.720001220703125,27391
2020-10-07,BNKE.MI,54.310001373291016,54.65999984741211,53.939998626708984,54.220001220703125,17832
2020-10-08,BNKE.MI,54.63999938964844,55.59000015258789,54.63999938964844,55.220001220703125,14506
2020-10-09,BNKE.MI,55.25,55.54999923706055,54.560001373291016,54.720001220703125,11639
2020-10-12,BNKE.MI,55.040000915527344,55.04999923706055,54.220001220703125,54.38999938964844,2984
2020-10-13,BNKE.MI,54.04999923706055,54.130001068115234,52.5,52.54999923706055,13991
2020-10-14,BNKE.MI,52.599998474121094,53.54999923706055,52.36000061035156,52.63999938964844,14589
2020-10-15,BNKE.MI,51.310001373291016,51.65999984741211,50.810001373291016,51.47999954223633,18416
2020-10-16,BNKE.MI,51.529998779296875,52.65999984741211,50.810001373291016,52.540000915527344,28586
2020-10-19,BNKE.MI,53.310001373291016,53.459999084472656,52.36000061035156,52.93000030517578,18759
2020-10-20,BNKE.MI,52.689998626708984,54.290000915527344,52.689998626708984,53.97999954223633,4676
2020-10-21,BNKE.MI,54.06999969482422,54.560001373291016,52.810001373291016,52.810001373291016,11495
2020-10-22,BNKE.MI,51.95000076293945,53.08000183105469,51.630001068115234,52.939998626708984,13514
2020-10-23,BNKE.MI,53.38999938964844,54.68000030517578,53.38999938964844,54.119998931884766,18382
2020-10-26,BNKE.MI,53.06999969482422,54.38999938964844,52.880001068115234,53.380001068115234,27253
2020-10-27,BNKE.MI,54.04999923706055,54.2400016784668,51.529998779296875,51.70000076293945,11565
2020-10-28,BNKE.MI,50.369998931884766,50.900001525878906,49.084999084472656,49.83000183105469,36428
2020-10-29,BNKE.MI,49.970001220703125,50.209999084472656,48.810001373291016,49.43000030517578,23603
2020-10-30,BNKE.MI,49.084999084472656,50.459999084472656,49.08000183105469,50.459999084472656,17640
2020-11-02,BNKE.MI,50.65999984741211,52.31999969482422,50.58000183105469,52.27000045776367,45158
2020-11-03,BNKE.MI,53.060001373291016,54.779998779296875,52.97999954223633,54.77000045776367,20796
2020-11-04,BNKE.MI,52.720001220703125,54.709999084472656,52.720001220703125,54.220001220703125,18905
2020-11-05,BNKE.MI,54.619998931884766,55.040000915527344,53.33000183105469,54.689998626708984,30971
2020-11-06,BNKE.MI,54.77000045776367,55.439998626708984,53.83000183105469,53.869998931884766,46138
2020-11-09,BNKE.MI,54.810001373291016,61.380001068115234,54.5099983215332,61.380001068115234,102794
2020-11-10,BNKE.MI,62.709999084472656,65.2300033569336,61.47999954223633,65.2300033569336,186444
2020-11-11,BNKE.MI,65.45999908447266,65.75,63.68000030517578,64.52999877929688,117924
2020-11-12,BNKE.MI,63.369998931884766,64.2699966430664,62.59000015258789,63.59000015258789,18300
2020-11-13,BNKE.MI,63.029998779296875,64.95999908447266,62.810001373291016,64.94999694824219,30716
2020-11-16,BNKE.MI,67.0,68.2300033569336,66.12999725341797,67.0,35709
2020-11-17,BNKE.MI,66.63999938964844,67.4000015258789,66.0199966430664,67.27999877929688,22899
2020-11-18,BNKE.MI,66.61000061035156,68.05999755859375,66.61000061035156,67.70999908447266,22191
2020-11-19,BNKE.MI,66.77999877929688,67.29000091552734,66.36000061035156,66.97000122070312,96875
2020-11-20,BNKE.MI,67.0999984741211,67.7300033569336,67.0,67.30000305175781,14863
2020-11-23,BNKE.MI,68.0999984741211,69.0,67.93000030517578,68.5199966430664,26058
2020-11-24,BNKE.MI,69.70999908447266,71.66999816894531,69.37999725341797,71.66999816894531,30310
2020-11-25,BNKE.MI,72.63999938964844,72.91000366210938,70.16999816894531,71.5,33612
2020-11-26,BNKE.MI,71.4800033569336,71.4800033569336,70.30999755859375,70.5999984741211,12837
2020-11-27,BNKE.MI,70.41999816894531,71.83999633789062,70.38999938964844,71.44999694824219,10624
2020-11-30,BNKE.MI,70.12000274658203,70.9000015258789,69.58000183105469,70.2300033569336,13216
2020-12-01,BNKE.MI,69.83000183105469,71.63999938964844,69.83000183105469,71.61000061035156,15773
2020-12-02,BNKE.MI,71.08999633789062,72.80000305175781,70.76000213623047,72.63999938964844,22410
2020-12-03,BNKE.MI,72.16000366210938,73.33000183105469,71.94000244140625,73.12999725341797,25902
2020-12-04,BNKE.MI,73.04000091552734,74.4800033569336,73.04000091552734,74.05000305175781,45580
2020-12-07,BNKE.MI,73.55999755859375,73.6500015258789,72.44999694824219,72.9000015258789,30976
2020-12-08,BNKE.MI,72.87000274658203,73.37000274658203,72.31999969482422,72.70999908447266,15866
2020-12-09,BNKE.MI,73.38999938964844,73.55999755859375,72.70999908447266,72.83999633789062,11443
2020-12-10,BNKE.MI,73.11000061035156,73.20999908447266,70.55999755859375,71.30000305175781,27112
2020-12-11,BNKE.MI,71.0199966430664,71.1500015258789,69.12999725341797,69.86000061035156,19503
2020-12-14,BNKE.MI,71.06999969482422,72.45999908447266,70.97000122070312,70.97000122070312,18510
2020-12-15,BNKE.MI,70.95999908447266,72.5,70.87000274658203,72.43000030517578,34802
2020-12-16,BNKE.MI,72.19999694824219,72.68000030517578,70.7300033569336,71.25,43162
2020-12-17,BNKE.MI,72.2699966430664,72.2699966430664,70.81999969482422,71.48999786376953,13482
2020-12-18,BNKE.MI,70.9000015258789,71.7699966430664,70.48999786376953,70.48999786376953,16136
2020-12-21,BNKE.MI,67.5999984741211,68.4800033569336,66.04000091552734,67.36000061035156,23976
2020-12-22,BNKE.MI,68.20999908447266,68.97000122070312,68.0199966430664,68.7300033569336,4630
2020-12-23,BNKE.MI,68.87000274658203,70.80000305175781,68.69999694824219,70.66999816894531,12667
2020-12-28,BNKE.MI,71.33999633789062,71.41000366210938,70.5,70.7699966430664,2715
2020-12-29,BNKE.MI,70.87000274658203,70.87000274658203,70.06999969482422,70.43000030517578,4618
2020-12-30,BNKE.MI,70.4000015258789,70.88999938964844,70.12999725341797,70.12999725341797,1956
2021-01-04,BNKE.MI,69.9000015258789,70.11000061035156,68.88999938964844,69.62999725341797,2885
2021-01-05,BNKE.MI,69.22000122070312,69.98999786376953,68.9000015258789,69.37000274658203,33615
2021-01-06,BNKE.MI,71.08999633789062,74.19000244140625,71.08999633789062,73.51000213623047,15666
2021-01-07,BNKE.MI,74.08999633789062,74.98999786376953,72.87000274658203,74.8499984741211,20871
2021-01-08,BNKE.MI,75.05999755859375,75.05999755859375,73.66999816894531,73.87999725341797,9025
2021-01-11,BNKE.MI,73.72000122070312,74.47000122070312,73.01000213623047,73.41999816894531,12259
2021-01-12,BNKE.MI,73.91999816894531,74.38999938964844,73.44999694824219,74.05999755859375,21731
2021-01-13,BNKE.MI,73.52999877929688,73.86000061035156,73.1500015258789,73.5199966430664,23179
2021-01-14,BNKE.MI,74.0,74.19000244140625,73.19999694824219,73.43000030517578,13517
2021-01-15,BNKE.MI,73.54000091552734,74.11000061035156,71.80999755859375,72.11000061035156,18770
2021-01-18,BNKE.MI,71.9800033569336,72.94999694824219,71.94999694824219,72.88999938964844,12748
2021-01-19,BNKE.MI,73.23999786376953,73.58999633789062,71.61000061035156,71.62000274658203,9547
2021-01-20,BNKE.MI,71.98999786376953,72.27999877929688,71.51000213623047,71.94999694824219,12017
2021-01-21,BNKE.MI,72.37000274658203,72.56999969482422,71.41000366210938,71.54000091552734,8619
2021-01-22,BNKE.MI,70.47000122070312,70.69999694824219,69.48999786376953,69.88999938964844,19738
2021-01-25,BNKE.MI,70.5,70.5,67.25,67.38999938964844,36226
2021-01-26,BNKE.MI,67.6500015258789,69.12000274658203,67.47000122070312,68.93000030517578,24163
2021-01-27,BNKE.MI,67.98999786376953,68.2699966430664,66.23999786376953,66.7699966430664,11093
2021-01-28,BNKE.MI,66.19999694824219,68.37000274658203,65.70999908447266,68.05999755859375,12636
2021-01-29,BNKE.MI,66.70999908447266,67.33999633789062,66.25,66.7300033569336,5870
2021-02-01,BNKE.MI,67.31999969482422,67.83999633789062,66.83000183105469,67.08999633789062,19015
2021-02-02,BNKE.MI,67.80000305175781,69.56999969482422,67.55000305175781,69.26000213623047,26714
2021-02-03,BNKE.MI,71.62999725341797,71.81999969482422,69.87000274658203,70.05000305175781,15643
2021-02-04,BNKE.MI,70.22000122070312,72.58000183105469,69.87000274658203,72.02999877929688,4659
2021-02-05,BNKE.MI,72.0,74.0,72.0,73.19999694824219,10213
2021-02-08,BNKE.MI,74.05000305175781,75.05000305175781,73.83999633789062,74.2300033569336,9239
2021-02-09,BNKE.MI,74.0199966430664,74.3499984741211,73.5999984741211,73.88999938964844,11059
2021-02-10,BNKE.MI,74.68000030517578,75.30000305175781,73.93000030517578,74.55999755859375,7121
2021-02-11,BNKE.MI,74.12999725341797,74.44000244140625,73.72000122070312,74.26000213623047,3598
2021-02-12,BNKE.MI,74.23999786376953,75.1500015258789,73.87000274658203,75.0999984741211,30208
2021-02-15,BNKE.MI,76.47000122070312,77.72000122070312,76.47000122070312,77.5199966430664,19672
2021-02-16,BNKE.MI,77.41000366210938,77.6500015258789,76.44000244140625,77.4000015258789,24870
2021-02-17,BNKE.MI,77.7699966430664,78.52999877929688,77.05000305175781,77.30000305175781,11963
2021-02-18,BNKE.MI,77.54000091552734,77.61000061035156,76.12000274658203,76.2300033569336,10349
2021-02-19,BNKE.MI,76.52999877929688,78.55999755859375,76.12999725341797,78.44000244140625,40041
2021-02-22,BNKE.MI,77.91999816894531,78.41000366210938,77.12999725341797,78.3499984741211,16686
2021-02-23,BNKE.MI,78.77999877929688,79.55999755859375,77.80999755859375,79.16000366210938,26780
2021-02-24,BNKE.MI,79.31999969482422,80.31999969482422,79.0999984741211,80.18000030517578,11443
2021-02-25,BNKE.MI,81.29000091552734,82.19999694824219,81.1500015258789,81.1500015258789,12289
2021-02-26,BNKE.MI,79.44999694824219,80.6500015258789,78.95999908447266,79.04000091552734,15014
2021-03-01,BNKE.MI,80.5,80.91999816894531,80.0,80.2300033569336,30902
2021-03-02,BNKE.MI,79.87000274658203,80.9800033569336,79.87000274658203,80.47000122070312,7015
2021-03-03,BNKE.MI,81.33999633789062,82.5199966430664,81.27999877929688,82.30999755859375,24209
2021-03-04,BNKE.MI,82.02999877929688,82.12000274658203,80.97000122070312,81.9000015258789,21013
2021-03-05,BNKE.MI,81.41999816894531,83.47000122070312,80.79000091552734,82.30000305175781,12136
2021-03-08,BNKE.MI,83.19000244140625,85.45999908447266,83.19000244140625,85.4000015258789,53652
2021-03-09,BNKE.MI,85.08000183105469,85.08000183105469,82.80000305175781,83.98999786376953,18984
2021-03-10,BNKE.MI,83.81999969482422,84.94999694824219,83.37999725341797,83.66000366210938,10253
2021-03-11,BNKE.MI,83.83000183105469,83.87000274658203,81.30000305175781,82.58999633789062,44045
2021-03-12,BNKE.MI,83.0,84.12999725341797,82.8499984741211,83.86000061035156,24852
2021-03-15,BNKE.MI,83.98999786376953,84.55000305175781,82.41000366210938,82.8499984741211,27493
2021-03-16,BNKE.MI,84.02999877929688,84.2699966430664,82.61000061035156,82.93000030517578,19146
2021-03-17,BNKE.MI,83.05000305175781,84.5199966430664,83.05000305175781,83.94999694824219,21490
2021-03-18,BNKE.MI,85.5199966430664,86.3499984741211,84.62999725341797,85.91999816894531,32813
2021-03-19,BNKE.MI,84.98999786376953,85.1500015258789,83.19000244140625,83.70999908447266,20450
2021-03-22,BNKE.MI,82.16000366210938,83.20999908447266,82.0,82.25,11853
2021-03-23,BNKE.MI,81.44000244140625,82.08999633789062,81.19999694824219,82.02999877929688,13107
2021-03-24,BNKE.MI,80.5999984741211,82.80000305175781,80.51000213623047,82.79000091552734,8873
2021-03-25,BNKE.MI,82.13999938964844,82.5,81.08999633789062,81.95999908447266,24176
2021-03-26,BNKE.MI,83.4800033569336,83.75,82.58000183105469,83.02999877929688,28059
2021-03-29,BNKE.MI,82.26000213623047,82.88999938964844,81.68000030517578,82.01000213623047,16824
2021-03-30,BNKE.MI,82.9800033569336,84.30999755859375,82.9800033569336,84.30999755859375,16002
2021-03-31,BNKE.MI,84.19000244140625,84.19000244140625,83.33000183105469,83.4000015258789,2689
2021-04-01,BNKE.MI,83.20999908447266,83.77999877929688,83.08000183105469,83.54000091552734,2987
2021-04-06,BNKE.MI,83.8499984741211,84.76000213623047,83.61000061035156,83.72000122070312,18501
2021-04-07,BNKE.MI,84.0199966430664,84.36000061035156,83.3499984741211,83.93000030517578,24269
2021-04-08,BNKE.MI,84.22000122070312,84.37000274658203,82.52999877929688,83.19000244140625,10028
2021-04-09,BNKE.MI,83.16000366210938,83.16000366210938,82.58999633789062,82.72000122070312,3173
2021-04-12,BNKE.MI,81.93000030517578,83.36000061035156,81.69999694824219,82.91999816894531,5929
2021-04-13,BNKE.MI,82.9800033569336,83.9800033569336,82.0999984741211,82.63999938964844,16333
2021-04-14,BNKE.MI,82.36000061035156,83.27999877929688,82.36000061035156,83.27999877929688,11744
2021-04-15,BNKE.MI,83.5,83.5,82.19000244140625,82.19000244140625,9342
2021-04-16,BNKE.MI,83.06999969482422,83.41999816894531,82.7699966430664,83.4000015258789,6230
2021-04-19,BNKE.MI,83.4000015258789,84.70999908447266,82.98999786376953,84.3499984741211,15921
2021-04-20,BNKE.MI,84.30000305175781,84.30000305175781,80.98999786376953,81.12000274658203,35554
2021-04-21,BNKE.MI,81.75,82.25,79.38999938964844,80.58999633789062,22312
2021-04-22,BNKE.MI,80.62000274658203,81.0,80.12999725341797,80.88999938964844,7503
2021-04-23,BNKE.MI,80.38999938964844,81.19000244140625,80.05999755859375,80.70999908447266,8356
2021-04-26,BNKE.MI,80.75,83.11000061035156,80.58000183105469,83.0,10680
2021-04-27,BNKE.MI,83.0199966430664,84.08999633789062,82.4800033569336,84.08999633789062,14482
2021-04-28,BNKE.MI,85.2300033569336,86.11000061035156,84.47000122070312,86.06999969482422,16421
2021-04-29,BNKE.MI,86.22000122070312,87.6500015258789,86.22000122070312,86.87999725341797,8833
2021-04-30,BNKE.MI,86.86000061035156,87.4800033569336,86.12000274658203,87.33000183105469,23682
2021-05-03,BNKE.MI,87.05000305175781,87.7699966430664,87.05000305175781,87.16000366210938,24358
2021-05-04,BNKE.MI,87.76000213623047,88.69999694824219,86.02999877929688,86.08000183105469,120018
2021-05-05,BNKE.MI,87.47000122070312,88.58000183105469,87.47000122070312,88.4800033569336,21424
2021-05-06,BNKE.MI,89.1500015258789,89.54000091552734,88.13999938964844,88.87000274658203,39347
2021-05-07,BNKE.MI,89.69000244140625,89.77999877929688,88.02999877929688,89.0999984741211,16390
2021-05-10,BNKE.MI,90.0,91.41999816894531,89.8499984741211,91.11000061035156,24906
2021-05-11,BNKE.MI,90.4800033569336,90.6500015258789,89.62999725341797,90.08000183105469,25445
2021-05-12,BNKE.MI,90.27999877929688,91.75,89.43000030517578,91.41999816894531,20764
2021-05-13,BNKE.MI,89.87000274658203,91.05999755859375,88.77999877929688,90.73999786376953,52169
2021-05-14,BNKE.MI,91.47000122070312,92.63999938964844,91.26000213623047,92.55000305175781,9808
2021-05-17,BNKE.MI,92.72000122070312,92.97000122070312,91.75,92.5999984741211,14462
2021-05-18,BNKE.MI,93.44999694824219,93.6500015258789,92.58000183105469,93.11000061035156,24706
2021-05-19,BNKE.MI,91.80000305175781,93.30999755859375,90.08999633789062,91.2300033569336,29761
2021-05-20,BNKE.MI,92.06999969482422,92.06999969482422,90.76000213623047,91.52999877929688,28679
2021-05-21,BNKE.MI,91.73999786376953,92.7300033569336,91.41000366210938,92.72000122070312,28048
2021-05-24,BNKE.MI,93.08000183105469,93.08000183105469,92.33000183105469,92.95999908447266,14219
2021-05-25,BNKE.MI,92.88999938964844,94.04000091552734,92.75,93.25,18515
2021-05-26,BNKE.MI,93.16000366210938,93.25,90.73999786376953,92.18000030517578,23990
2021-05-27,BNKE.MI,92.01000213623047,94.36000061035156,92.01000213623047,93.94000244140625,18381
2021-05-28,BNKE.MI,94.7300033569336,94.7300033569336,93.9000015258789,94.4800033569336,25169
2021-05-31,BNKE.MI,94.38999938964844,94.4800033569336,93.87999725341797,93.87999725341797,28332
2021-06-01,BNKE.MI,94.62999725341797,95.69999694824219,94.52999877929688,95.41000366210938,13374
2021-06-02,BNKE.MI,95.44000244140625,95.79000091552734,94.83000183105469,95.5999984741211,2330
2021-06-03,BNKE.MI,95.62999725341797,96.4000015258789,95.31999969482422,96.29000091552734,9781
2021-06-04,BNKE.MI,95.87000274658203,96.08999633789062,95.05000305175781,95.08000183105469,6172
2021-06-07,BNKE.MI,95.31999969482422,96.05999755859375,95.27999877929688,96.05999755859375,11910
2021-06-08,BNKE.MI,95.87000274658203,96.27999877929688,94.37000274658203,94.80000305175781,13164
2021-06-09,BNKE.MI,94.91999816894531,95.01000213623047,93.43000030517578,94.0199966430664,5279
2021-06-10,BNKE.MI,93.7699966430664,95.56999969482422,93.68000030517578,94.29000091552734,48197
2021-06-11,BNKE.MI,93.69000244140625,94.16999816894531,93.29000091552734,94.05999755859375,11600
2021-06-14,BNKE.MI,94.4000015258789,94.79000091552734,94.05000305175781,94.48999786376953,2619
2021-06-15,BNKE.MI,94.44000244140625,94.44999694824219,93.61000061035156,94.33999633789062,9679
2021-06-16,BNKE.MI,94.8499984741211,94.8499984741211,92.70999908447266,93.0,7838
2021-06-17,BNKE.MI,94.08999633789062,95.55999755859375,93.27999877929688,93.27999877929688,21261
2021-06-18,BNKE.MI,92.98999786376953,93.06999969482422,89.93000030517578,90.04000091552734,27271
2021-06-21,BNKE.MI,88.9800033569336,90.7699966430664,88.44000244140625,90.44000244140625,31450
2021-06-22,BNKE.MI,91.04000091552734,91.04000091552734,89.80000305175781,90.66999816894531,16513
2021-06-23,BNKE.MI,90.93000030517578,91.08000183105469,89.83999633789062,90.20999908447266,41002
2021-06-24,BNKE.MI,90.70999908447266,91.7300033569336,90.2300033569336,91.20999908447266,14351
2021-06-25,BNKE.MI,91.9000015258789,92.19999694824219,91.33000183105469,92.05999755859375,9585
2021-06-28,BNKE.MI,91.68000030517578,92.08999633789062,89.91999816894531,89.91999816894531,9829
2021-06-29,BNKE.MI,90.29000091552734,91.44999694824219,90.29000091552734,90.62999725341797,14652
2021-06-30,BNKE.MI,90.11000061035156,90.19999694824219,88.70999908447266,89.55999755859375,50176
2021-07-01,BNKE.MI,90.94999694824219,91.43000030517578,90.36000061035156,91.29000091552734,4082
2021-07-02,BNKE.MI,90.9800033569336,91.2699966430664,89.63999938964844,89.70999908447266,14897
2021-07-05,BNKE.MI,89.79000091552734,91.5999984741211,89.55999755859375,91.33999633789062,6680
2021-07-06,BNKE.MI,91.11000061035156,91.11000061035156,88.45999908447266,88.54000091552734,6077
2021-07-07,BNKE.MI,88.93000030517578,89.12999725341797,86.98999786376953,87.7699966430664,17160
2021-07-08,BNKE.MI,86.54000091552734,86.68000030517578,85.0,85.4000015258789,33093
2021-07-09,BNKE.MI,86.19999694824219,87.95999908447266,85.79000091552734,87.95999908447266,17416
2021-07-12,BNKE.MI,87.80999755859375,88.19999694824219,86.19999694824219,88.16000366210938,41073
2021-07-13,BNKE.MI,88.11000061035156,88.11000061035156,86.43000030517578,86.6500015258789,37370
2021-07-14,BNKE.MI,87.01000213623047,88.25,87.01000213623047,87.27999877929688,13120
2021-07-15,BNKE.MI,86.37999725341797,87.06999969482422,86.08999633789062,87.01000213623047,14317
2021-07-16,BNKE.MI,87.5199966430664,87.5199966430664,84.72000122070312,85.36000061035156,14081
2021-07-19,BNKE.MI,84.04000091552734,84.19999694824219,81.55999755859375,82.06999969482422,8503
2021-07-20,BNKE.MI,83.1500015258789,83.76000213623047,81.81999969482422,83.56999969482422,12391
2021-07-21,BNKE.MI,83.87999725341797,86.48999786376953,83.56999969482422,86.33999633789062,17820
2021-07-22,BNKE.MI,86.97000122070312,87.66999816894531,86.04000091552734,86.1500015258789,5102
2021-07-23,BNKE.MI,86.66000366210938,88.08999633789062,86.5999984741211,87.54000091552734,11763
2021-07-26,BNKE.MI,87.18000030517578,89.56999969482422,86.0,89.23999786376953,30153
2021-07-27,BNKE.MI,88.70999908447266,88.70999908447266,87.63999938964844,88.45999908447266,4568
2021-07-28,BNKE.MI,88.83000183105469,89.04000091552734,87.69999694824219,87.97000122070312,11170
2021-07-29,BNKE.MI,88.36000061035156,90.12000274658203,88.36000061035156,89.62000274658203,28162
2021-07-30,BNKE.MI,89.55000305175781,90.0999984741211,88.55000305175781,88.86000061035156,9900
2021-08-02,BNKE.MI,89.73999786376953,90.36000061035156,88.25,88.48999786376953,5260
2021-08-03,BNKE.MI,88.77999877929688,90.23999786376953,88.52999877929688,89.36000061035156,5639
2021-08-04,BNKE.MI,90.01000213623047,90.38999938964844,88.94000244140625,90.29000091552734,9170
2021-08-05,BNKE.MI,90.16999816894531,91.04000091552734,89.61000061035156,91.04000091552734,25484
2021-08-06,BNKE.MI,90.66999816894531,93.31999969482422,90.52999877929688,93.20999908447266,20619
2021-08-09,BNKE.MI,93.38999938964844,93.68000030517578,92.5199966430664,93.62999725341797,11392
2021-08-10,BNKE.MI,93.41000366210938,93.7300033569336,92.63999938964844,93.7300033569336,9432
2021-08-11,BNKE.MI,94.2300033569336,95.06999969482422,93.58999633789062,94.98999786376953,4856
2021-08-12,BNKE.MI,94.70999908447266,95.02999877929688,94.22000122070312,94.37999725341797,5805
2021-08-13,BNKE.MI,94.26000213623047,95.04000091552734,94.19999694824219,94.44999694824219,5227
2021-08-16,BNKE.MI,93.56999969482422,94.47000122070312,93.20999908447266,93.4800033569336,15436
2021-08-17,BNKE.MI,92.55000305175781,92.81999969482422,91.7300033569336,91.8499984741211,27877
2021-08-18,BNKE.MI,91.87999725341797,92.72000122070312,91.37000274658203,92.72000122070312,4156
2021-08-19,BNKE.MI,90.7300033569336,91.45999908447266,89.97000122070312,90.44999694824219,11628
2021-08-20,BNKE.MI,90.2699966430664,90.58000183105469,89.4000015258789,90.38999938964844,7780
2021-08-23,BNKE.MI,91.22000122070312,91.69999694824219,90.95999908447266,91.55000305175781,2551
2021-08-24,BNKE.MI,91.70999908447266,91.70999908447266,90.9800033569336,91.58999633789062,2516
2021-08-25,BNKE.MI,91.6500015258789,93.48999786376953,91.55000305175781,93.41999816894531,19578
2021-08-26,BNKE.MI,92.91999816894531,93.55000305175781,92.37999725341797,92.63999938964844,10700
2021-08-27,BNKE.MI,92.2300033569336,92.58000183105469,91.72000122070312,92.55000305175781,591
2021-08-30,BNKE.MI,92.69000244140625,92.69000244140625,91.62000274658203,91.9000015258789,4536
2021-08-31,BNKE.MI,91.8499984741211,92.75,91.51000213623047,92.26000213623047,4100
2021-09-01,BNKE.MI,93.58999633789062,94.37000274658203,93.08999633789062,93.87000274658203,22648
2021-09-02,BNKE.MI,93.7300033569336,93.81999969482422,92.95999908447266,93.55000305175781,13290
2021-09-03,BNKE.MI,93.45999908447266,93.66000366210938,92.5,92.69999694824219,13574
2021-09-06,BNKE.MI,93.25,93.3499984741211,92.98999786376953,93.16999816894531,3090
2021-09-07,BNKE.MI,93.04000091552734,93.83000183105469,93.04000091552734,93.38999938964844,12602
2021-09-08,BNKE.MI,92.45999908447266,93.0199966430664,91.4000015258789,92.20999908447266,15345
2021-09-09,BNKE.MI,91.33999633789062,92.69000244140625,91.0,92.2300033569336,10401
2021-09-10,BNKE.MI,92.4000015258789,93.12000274658203,91.37999725341797,91.55999755859375,7001
2021-09-13,BNKE.MI,92.2300033569336,93.23999786376953,91.83000183105469,93.06999969482422,5353
2021-09-14,BNKE.MI,92.94000244140625,93.58000183105469,92.47000122070312,92.47000122070312,10201
2021-09-15,BNKE.MI,92.6500015258789,92.91999816894531,92.0199966430664,92.41000366210938,15831
2021-09-16,BNKE.MI,92.98999786376953,93.95999908447266,92.87999725341797,93.37999725341797,7559
2021-09-17,BNKE.MI,94.12000274658203,94.3499984741211,92.69999694824219,92.98999786376953,14035
2021-09-20,BNKE.MI,90.4800033569336,90.55000305175781,87.83999633789062,88.63999938964844,50336
2021-09-21,BNKE.MI,89.05000305175781,89.79000091552734,88.11000061035156,88.37999725341797,11452
2021-09-22,BNKE.MI,89.91000366210938,90.87000274658203,89.55000305175781,90.87000274658203,21976
2021-09-23,BNKE.MI,92.06999969482422,93.22000122070312,91.77999877929688,93.19999694824219,11971
2021-09-24,BNKE.MI,92.37999725341797,93.8499984741211,92.37999725341797,93.61000061035156,7478
2021-09-27,BNKE.MI,94.0999984741211,96.5,94.0999984741211,96.47000122070312,22728
2021-09-28,BNKE.MI,97.08999633789062,97.33000183105469,94.68000030517578,94.80000305175781,14075
2021-09-29,BNKE.MI,95.05000305175781,96.37000274658203,94.9000015258789,96.16999816894531,8676
2021-09-30,BNKE.MI,96.94000244140625,97.04000091552734,96.0199966430664,96.55000305175781,44186
2021-10-01,BNKE.MI,94.45999908447266,95.66999816894531,94.01000213623047,95.44999694824219,7568
2021-10-04,BNKE.MI,95.41999816894531,96.18000030517578,94.33999633789062,94.8499984741211,79160
2021-10-05,BNKE.MI,95.30999755859375,98.72000122070312,95.27999877929688,98.62000274658203,50222
2021-10-06,BNKE.MI,97.97000122070312,98.38999938964844,96.69000244140625,97.76000213623047,17307
2021-10-07,BNKE.MI,98.98999786376953,100.18000030517578,98.0999984741211,99.4800033569336,14659
2021-10-08,BNKE.MI,99.69999694824219,100.12000274658203,99.27999877929688,99.81999969482422,12276
2021-10-11,BNKE.MI,100.36000061035156,100.5199966430664,99.55999755859375,99.6500015258789,16618
2021-10-12,BNKE.MI,98.31999969482422,99.87000274658203,98.19999694824219,99.87000274658203,12939
2021-10-13,BNKE.MI,99.44000244140625,99.7300033569336,97.43000030517578,97.8499984741211,14284
2021-10-14,BNKE.MI,98.87000274658203,99.31999969482422,98.06999969482422,98.69000244140625,22098
2021-10-15,BNKE.MI,99.81999969482422,101.0199966430664,99.81999969482422,100.44000244140625,11165
2021-10-18,BNKE.MI,100.66000366210938,101.27999877929688,100.0999984741211,100.27999877929688,41130
2021-10-19,BNKE.MI,100.23999786376953,101.0999984741211,100.0199966430664,100.4800033569336,20730
2021-10-20,BNKE.MI,100.4800033569336,101.22000122070312,99.69000244140625,100.83999633789062,9214
2021-10-21,BNKE.MI,99.70999908447266,100.5,99.27999877929688,99.80999755859375,15567
2021-10-22,BNKE.MI,99.86000061035156,100.5999984741211,99.80000305175781,100.0,8190
2021-10-25,BNKE.MI,100.58000183105469,101.44000244140625,100.31999969482422,100.95999908447266,10713
2021-10-26,BNKE.MI,100.36000061035156,101.0,100.0,100.9800033569336,9999
2021-10-27,BNKE.MI,100.31999969482422,100.36000061035156,98.9000015258789,99.16000366210938,14661
2021-10-28,BNKE.MI,99.30999755859375,99.44999694824219,97.70999908447266,98.9000015258789,11617
2021-10-29,BNKE.MI,99.36000061035156,100.5,99.2699966430664,100.0999984741211,9897
2021-11-01,BNKE.MI,100.5199966430664,102.55999755859375,100.5199966430664,102.0199966430664,10213
2021-11-02,BNKE.MI,101.5,101.86000061035156,100.86000061035156,101.5199966430664,12798
2021-11-03,BNKE.MI,101.5,102.4000015258789,101.18000030517578,102.31999969482422,12073
2021-11-04,BNKE.MI,103.5199966430664,103.69999694824219,100.69999694824219,101.05999755859375,16062
2021-11-05,BNKE.MI,101.41999816894531,103.0199966430664,101.22000122070312,101.95999908447266,14316
2021-11-08,BNKE.MI,102.05999755859375,102.86000061035156,101.72000122070312,101.91999816894531,15851
2021-11-09,BNKE.MI,101.63999938964844,102.19999694824219,100.69999694824219,100.95999908447266,4714
2021-11-10,BNKE.MI,101.83999633789062,101.91999816894531,100.87999725341797,101.55999755859375,43891
2021-11-11,BNKE.MI,102.36000061035156,102.36000061035156,101.4000015258789,102.04000091552734,4098
2021-11-12,BNKE.MI,101.66000366210938,101.66000366210938,101.0,101.33999633789062,23919
2021-11-15,BNKE.MI,100.44000244140625,102.58000183105469,100.4000015258789,102.05999755859375,14556
2021-11-16,BNKE.MI,102.19999694824219,102.19999694824219,100.94000244140625,101.31999969482422,16008
2021-11-17,BNKE.MI,101.19999694824219,101.44000244140625,101.0999984741211,101.0999984741211,7779
2021-11-18,BNKE.MI,101.16000366210938,101.62000274658203,99.5999984741211,99.9000015258789,5659
2021-11-19,BNKE.MI,100.41999816894531,100.55999755859375,96.12999725341797,97.16000366210938,37303
2021-11-22,BNKE.MI,97.41999816894531,98.58000183105469,97.27999877929688,98.23999786376953,23532
2021-11-23,BNKE.MI,97.73999786376953,98.87999725341797,96.98999786376953,97.94999694824219,18013
2021-11-24,BNKE.MI,98.0,99.05999755859375,97.83000183105469,98.0,13260
2021-11-25,BNKE.MI,98.13999938964844,98.41999816894531,97.4800033569336,97.87999725341797,14987
2021-11-26,BNKE.MI,92.69000244140625,94.12999725341797,91.7300033569336,91.7300033569336,53179
2021-11-29,BNKE.MI,93.12000274658203,93.7699966430664,92.16999816894531,92.20999908447266,16573
2021-11-30,BNKE.MI,90.4000015258789,92.7300033569336,90.33999633789062,92.36000061035156,53835
2021-12-01,BNKE.MI,92.87000274658203,94.16000366210938,92.69999694824219,93.9000015258789,10021
2021-12-02,BNKE.MI,92.66999816894531,93.68000030517578,92.41999816894531,93.4800033569336,20240
2021-12-03,BNKE.MI,94.23999786376953,94.4000015258789,92.44000244140625,92.55999755859375,17130
2021-12-06,BNKE.MI,93.55999755859375,95.06999969482422,93.37000274658203,94.94000244140625,21243
2021-12-07,BNKE.MI,95.80999755859375,96.56999969482422,95.4000015258789,96.23999786376953,38962
2021-12-08,BNKE.MI,96.31999969482422,96.38999938964844,94.48999786376953,95.63999938964844,12078
2021-12-09,BNKE.MI,95.31999969482422,96.11000061035156,94.91000366210938,95.23999786376953,8531
2021-12-10,BNKE.MI,95.08999633789062,95.31999969482422,94.33000183105469,94.52999877929688,3076
2021-12-13,BNKE.MI,95.48999786376953,95.55000305175781,93.55000305175781,93.7300033569336,10340
2021-12-14,BNKE.MI,94.61000061035156,95.04000091552734,94.0,94.70999908447266,2565
2021-12-15,BNKE.MI,94.7699966430664,94.94999694824219,93.88999938964844,93.88999938964844,5994
2021-12-16,BNKE.MI,95.0,96.11000061035156,95.0,95.5,50939
2021-12-17,BNKE.MI,94.81999969482422,95.26000213623047,93.0,93.86000061035156,6584
2021-12-20,BNKE.MI,92.48999786376953,93.55000305175781,91.25,93.12999725341797,10120
2021-12-21,BNKE.MI,94.16999816894531,95.48999786376953,94.06999969482422,95.43000030517578,4085
2021-12-22,BNKE.MI,95.30000305175781,95.9000015258789,95.08999633789062,95.81999969482422,1923
2021-12-23,BNKE.MI,96.26000213623047,97.63999938964844,96.16999816894531,97.30000305175781,5085
2021-12-27,BNKE.MI,96.83000183105469,98.12999725341797,96.63999938964844,97.95999908447266,3825
2021-12-28,BNKE.MI,98.19999694824219,98.66000366210938,98.16000366210938,98.44999694824219,2168
2021-12-29,BNKE.MI,98.44999694824219,98.44999694824219,97.9000015258789,98.33999633789062,4766
2021-12-30,BNKE.MI,98.54000091552734,98.66000366210938,98.30000305175781,98.4000015258789,7523
2022-01-03,BNKE.MI,98.7699966430664,99.75,98.7699966430664,99.55000305175781,7414
2022-01-04,BNKE.MI,100.36000061035156,102.9000015258789,100.13999938964844,102.36000061035156,16975
2022-01-05,BNKE.MI,102.58000183105469,103.5999984741211,102.4000015258789,102.9800033569336,23921
2022-01-06,BNKE.MI,101.91999816894531,103.77999877929688,101.55999755859375,103.4800033569336,8979
2022-01-07,BNKE.MI,104.26000213623047,104.80000305175781,103.55999755859375,104.80000305175781,27573
2022-01-10,BNKE.MI,105.37999725341797,105.5,104.31999969482422,104.58000183105469,20512
2022-01-11,BNKE.MI,104.5,105.26000213623047,104.12000274658203,104.87999725341797,13492
2022-01-12,BNKE.MI,105.4800033569336,106.55999755859375,105.27999877929688,106.08000183105469,16386
2022-01-13,BNKE.MI,106.0,107.5,105.9000015258789,107.19999694824219,8986
2022-01-14,BNKE.MI,106.72000122070312,107.22000122070312,106.0199966430664,106.73999786376953,49197
2022-01-17,BNKE.MI,107.54000091552734,107.62000274658203,107.0,107.30000305175781,12919
2022-01-18,BNKE.MI,106.77999877929688,107.66000366210938,106.30000305175781,106.66000366210938,7279
2022-01-19,BNKE.MI,106.19999694824219,106.44000244140625,104.9000015258789,104.9800033569336,22756
2022-01-20,BNKE.MI,104.94000244140625,105.23999786376953,103.72000122070312,104.5999984741211,20106
2022-01-21,BNKE.MI,103.36000061035156,103.62000274658203,101.9000015258789,102.41999816894531,11008
2022-01-24,BNKE.MI,102.0199966430664,102.44000244140625,97.83000183105469,98.7699966430664,11934
2022-01-25,BNKE.MI,99.97000122070312,101.30000305175781,99.30000305175781,101.27999877929688,26539
2022-01-26,BNKE.MI,102.31999969482422,104.9000015258789,102.31999969482422,103.91999816894531,12591
2022-01-27,BNKE.MI,103.37999725341797,106.44000244140625,103.37999725341797,105.16000366210938,29593
2022-01-28,BNKE.MI,104.87999725341797,104.87999725341797,102.4800033569336,103.91999816894531,17333
2022-01-31,BNKE.MI,105.19999694824219,105.4000015258789,103.66000366210938,104.36000061035156,9115
2022-02-01,BNKE.MI,105.27999877929688,106.63999938964844,105.0,106.63999938964844,14128
2022-02-02,BNKE.MI,106.44000244140625,108.44000244140625,106.37999725341797,107.31999969482422,10364
2022-02-03,BNKE.MI,106.58000183105469,108.72000122070312,105.94000244140625,108.33999633789062,24130
2022-02-04,BNKE.MI,109.33999633789062,109.76000213623047,107.0,108.13999938964844,18733
2022-02-07,BNKE.MI,108.9000015258789,109.5199966430664,107.0,109.37999725341797,9494
2022-02-08,BNKE.MI,109.18000030517578,112.08000183105469,109.0999984741211,111.77999877929688,29322
2022-02-09,BNKE.MI,111.68000030517578,113.36000061035156,111.08000183105469,113.27999877929688,22567
2022-02-10,BNKE.MI,113.58000183105469,114.4000015258789,113.55999755859375,113.69999694824219,22990
2022-02-11,BNKE.MI,112.41999816894531,113.0999984741211,111.23999786376953,112.12000274658203,28096
2022-02-14,BNKE.MI,108.22000122070312,108.9800033569336,106.5,108.08000183105469,54028
2022-02-15,BNKE.MI,107.87999725341797,110.31999969482422,107.68000030517578,110.23999786376953,34485
2022-02-16,BNKE.MI,110.55999755859375,110.83999633789062,107.95999908447266,108.87999725341797,16076
2022-02-17,BNKE.MI,108.5,108.5,106.4000015258789,106.94000244140625,50782
2022-02-18,BNKE.MI,107.36000061035156,108.12000274658203,106.44000244140625,106.72000122070312,12574
2022-02-21,BNKE.MI,107.13999938964844,107.87999725341797,104.04000091552734,104.76000213623047,14107
2022-02-22,BNKE.MI,101.63999938964844,105.68000030517578,101.5999984741211,104.13999938964844,24849
2022-02-23,BNKE.MI,105.05999755859375,105.66000366210938,102.54000091552734,102.69999694824219,17144
2022-02-24,BNKE.MI,97.9000015258789,99.29000091552734,93.27999877929688,94.16999816894531,144099
2022-02-25,BNKE.MI,95.33999633789062,98.37999725341797,92.5,97.45999908447266,85960
2022-02-28,BNKE.MI,92.48999786376953,92.80000305175781,90.27999877929688,92.08000183105469,48242
2022-03-01,BNKE.MI,91.30000305175781,92.8499984741211,85.9000015258789,85.9000015258789,34304
2022-03-02,BNKE.MI,83.62999725341797,87.54000091552734,82.91000366210938,86.93000030517578,40683
2022-03-03,BNKE.MI,87.86000061035156,88.58999633789062,85.94000244140625,85.98999786376953,31903
2022-03-04,BNKE.MI,83.95999908447266,84.55999755859375,79.43000030517578,79.43000030517578,83350
2022-03-07,BNKE.MI,75.05999755859375,77.56999969482422,71.7300033569336,76.08999633789062,116663
2022-03-08,BNKE.MI,75.98999786376953,80.87000274658203,75.98999786376953,77.7699966430664,86649
2022-03-09,BNKE.MI,82.8499984741211,86.11000061035156,81.27999877929688,85.31999969482422,54865
2022-03-10,BNKE.MI,85.31999969482422,85.54000091552734,82.11000061035156,82.6500015258789,47654
2022-03-11,BNKE.MI,83.22000122070312,86.41000366210938,81.04000091552734,82.98999786376953,35522
2022-03-14,BNKE.MI,84.36000061035156,86.8499984741211,84.12999725341797,85.91999816894531,22646
2022-03-15,BNKE.MI,84.73999786376953,87.23999786376953,83.75,86.41999816894531,29038
2022-03-16,BNKE.MI,88.6500015258789,92.62000274658203,88.47000122070312,91.4000015258789,101433
2022-03-17,BNKE.MI,92.0,92.13999938964844,88.5199966430664,89.94999694824219,28873
2022-03-18,BNKE.MI,89.87000274658203,90.27999877929688,88.62999725341797,89.77999877929688,17996
2022-03-21,BNKE.MI,90.63999938964844,91.44999694824219,89.66000366210938,89.75,16516
2022-03-22,BNKE.MI,90.69999694824219,92.0999984741211,90.61000061035156,91.3499984741211,27803
2022-03-23,BNKE.MI,91.33000183105469,91.41999816894531,89.11000061035156,89.41999816894531,38733
2022-03-24,BNKE.MI,89.5,89.5,88.0,88.41999816894531,14395
2022-03-25,BNKE.MI,87.94000244140625,88.70999908447266,87.0199966430664,88.0,39982
2022-03-28,BNKE.MI,89.0,90.58999633789062,88.37999725341797,88.79000091552734,40208
2022-03-29,BNKE.MI,89.93000030517578,93.9000015258789,89.55000305175781,93.44999694824219,42927
2022-03-30,BNKE.MI,92.41999816894531,92.9000015258789,90.81999969482422,91.11000061035156,22590
2022-03-31,BNKE.MI,91.77999877929688,91.83999633789062,89.16000366210938,89.41999816894531,11021
2022-04-01,BNKE.MI,89.86000061035156,91.0,89.86000061035156,90.55999755859375,7148
2022-04-04,BNKE.MI,90.31999969482422,90.52999877929688,89.1500015258789,90.41999816894531,12239
2022-04-05,BNKE.MI,89.8499984741211,90.2300033569336,88.0,88.33000183105469,23190
2022-04-06,BNKE.MI,88.30000305175781,88.73999786376953,84.45999908447266,85.80999755859375,47285
2022-04-07,BNKE.MI,86.16000366210938,87.61000061035156,85.26000213623047,85.26000213623047,30009
2022-04-08,BNKE.MI,86.41999816894531,88.01000213623047,86.36000061035156,87.20999908447266,17016
2022-04-11,BNKE.MI,88.3499984741211,89.01000213623047,87.69999694824219,87.69999694824219,8826
2022-04-12,BNKE.MI,85.41999816894531,87.6500015258789,85.13999938964844,86.55000305175781,11518
2022-04-13,BNKE.MI,86.33999633789062,87.05999755859375,86.1500015258789,86.76000213623047,32099
2022-04-14,BNKE.MI,87.23999786376953,88.06999969482422,87.0,87.80999755859375,5833
2022-04-19,BNKE.MI,87.5,88.4800033569336,87.0999984741211,88.12999725341797,16731
2022-04-20,BNKE.MI,88.58999633789062,91.01000213623047,88.58999633789062,90.05999755859375,14995
2022-04-21,BNKE.MI,90.1500015258789,91.66999816894531,90.13999938964844,91.20999908447266,12377
2022-04-22,BNKE.MI,90.37000274658203,90.72000122070312,89.5,89.55999755859375,3841
2022-04-25,BNKE.MI,87.87999725341797,88.77999877929688,87.19999694824219,87.25,4113
2022-04-26,BNKE.MI,88.33999633789062,88.47000122070312,85.43000030517578,85.5999984741211,13359
2022-04-27,BNKE.MI,85.4000015258789,85.73999786376953,83.95999908447266,85.01000213623047,23665
2022-04-28,BNKE.MI,85.77999877929688,86.72000122070312,83.7699966430664,84.5,12830
2022-04-29,BNKE.MI,85.5999984741211,86.37999725341797,85.12000274658203,85.75,11671
2022-05-02,BNKE.MI,85.27999877929688,85.37999725341797,83.41000366210938,84.48999786376953,25828
2022-05-03,BNKE.MI,85.80999755859375,86.75,85.44000244140625,86.5199966430664,7666
2022-05-04,BNKE.MI,86.54000091552734,86.69000244140625,85.41000366210938,85.43000030517578,1554
2022-05-05,BNKE.MI,87.12999725341797,87.37000274658203,83.93000030517578,84.08000183105469,66700
2022-05-06,BNKE.MI,83.87000274658203,84.0199966430664,82.16000366210938,82.63999938964844,26153
2022-05-09,BNKE.MI,82.91999816894531,82.9800033569336,80.94999694824219,80.94999694824219,2699
2022-05-10,BNKE.MI,81.95999908447266,83.56999969482422,81.95999908447266,82.0199966430664,6442
2022-05-11,BNKE.MI,82.01000213623047,84.69000244140625,82.0,84.36000061035156,20110
2022-05-12,BNKE.MI,82.41000366210938,84.12999725341797,82.13999938964844,84.12999725341797,6650
2022-05-13,BNKE.MI,84.9800033569336,85.8499984741211,84.9800033569336,85.73999786376953,2565
2022-05-16,BNKE.MI,85.2699966430664,86.11000061035156,84.75,85.47000122070312,7757
2022-05-17,BNKE.MI,86.58000183105469,88.1500015258789,86.55999755859375,87.44999694824219,4661
2022-05-18,BNKE.MI,87.80999755859375,88.33000183105469,86.97000122070312,86.97000122070312,19938
2022-05-19,BNKE.MI,86.18000030517578,87.13999938964844,85.62000274658203,87.0,11189
2022-05-20,BNKE.MI,87.94999694824219,88.45999908447266,87.01000213623047,87.01000213623047,19947
2022-05-23,BNKE.MI,88.4000015258789,90.29000091552734,88.16999816894531,90.29000091552734,4103
2022-05-24,BNKE.MI,90.0999984741211,91.5,90.0199966430664,90.70999908447266,57142
2022-05-25,BNKE.MI,91.75,92.5,90.7699966430664,92.44000244140625,10659
2022-05-26,BNKE.MI,92.3499984741211,93.87999725341797,92.16999816894531,93.8499984741211,1280
2022-05-27,BNKE.MI,93.87999725341797,94.04000091552734,93.12999725341797,93.87000274658203,2926
2022-05-30,BNKE.MI,94.9800033569336,95.43000030517578,94.5,95.29000091552734,5647
2022-05-31,BNKE.MI,95.0999984741211,95.0999984741211,93.41000366210938,93.7300033569336,6001
2022-06-01,BNKE.MI,94.87999725341797,94.97000122070312,93.06999969482422,93.06999969482422,16608
2022-06-02,BNKE.MI,93.4000015258789,93.4000015258789,92.69000244140625,93.01000213623047,7191
2022-06-03,BNKE.MI,93.37999725341797,93.37999725341797,92.25,92.25,969
2022-06-06,BNKE.MI,93.45999908447266,94.75,93.43000030517578,94.37000274658203,10188
2022-06-07,BNKE.MI,93.80999755859375,93.87000274658203,93.08000183105469,93.4000015258789,1572
2022-06-08,BNKE.MI,92.7699966430664,93.16000366210938,92.3499984741211,92.66000366210938,13435
2022-06-09,BNKE.MI,92.44999694824219,93.13999938964844,91.06999969482422,91.13999938964844,8436
2022-06-10,BNKE.MI,90.41999816894531,90.41999816894531,85.5,85.55000305175781,43852
2022-06-13,BNKE.MI,83.52999877929688,83.58999633789062,82.7300033569336,82.83999633789062,32310
2022-06-14,BNKE.MI,84.43000030517578,84.69000244140625,82.87000274658203,83.97000122070312,26802
2022-06-15,BNKE.MI,86.76000213623047,86.98999786376953,85.45999908447266,86.0,15218
2022-06-16,BNKE.MI,85.30999755859375,85.41999816894531,83.38999938964844,83.97000122070312,11139
2022-06-17,BNKE.MI,84.29000091552734,87.5199966430664,84.22000122070312,85.16000366210938,16131
2022-06-20,BNKE.MI,85.0999984741211,87.8499984741211,85.0999984741211,87.37999725341797,18607
2022-06-21,BNKE.MI,88.0,89.69000244140625,88.0,88.36000061035156,8915
2022-06-22,BNKE.MI,86.63999938964844,88.58000183105469,86.37000274658203,88.44999694824219,12763
2022-06-23,BNKE.MI,87.68000030517578,87.68000030517578,84.41000366210938,84.4800033569336,17786
2022-06-24,BNKE.MI,84.3499984741211,86.16999816894531,83.58999633789062,86.16999816894531,28642
2022-06-27,BNKE.MI,87.18000030517578,87.18000030517578,85.44999694824219,86.05000305175781,11196
2022-06-28,BNKE.MI,86.66999816894531,87.2699966430664,85.83999633789062,85.8499984741211,7931
2022-06-29,BNKE.MI,85.0999984741211,85.51000213623047,84.47000122070312,84.63999938964844,9083
2022-06-30,BNKE.MI,83.2300033569336,83.2300033569336,80.87000274658203,81.7300033569336,14079
2022-07-01,BNKE.MI,80.94999694824219,82.91000366210938,80.77999877929688,81.62999725341797,9984
2022-07-04,BNKE.MI,81.55000305175781,81.75,80.47000122070312,81.33000183105469,3478
2022-07-05,BNKE.MI,81.88999938964844,82.0,78.33000183105469,78.33000183105469,16417
2022-07-06,BNKE.MI,79.20999908447266,79.55000305175781,77.30000305175781,77.61000061035156,7855
2022-07-07,BNKE.MI,78.86000061035156,80.33000183105469,78.8499984741211,80.0999984741211,6321
2022-07-08,BNKE.MI,80.0999984741211,81.69000244140625,79.2300033569336,81.41000366210938,44026
2022-07-11,BNKE.MI,79.7300033569336,80.77999877929688,79.47000122070312,79.61000061035156,16026
2022-07-12,BNKE.MI,78.5999984741211,78.88999938964844,76.72000122070312,78.61000061035156,21082
2022-07-13,BNKE.MI,78.18000030517578,78.18000030517578,76.75,77.4000015258789,11521
2022-07-14,BNKE.MI,77.04000091552734,77.31999969482422,74.41000366210938,74.73999786376953,26622
2022-07-15,BNKE.MI,74.5199966430664,75.83999633789062,74.0999984741211,75.68000030517578,13780
2022-07-18,BNKE.MI,76.51000213623047,78.06999969482422,76.51000213623047,77.06999969482422,33867
2022-07-19,BNKE.MI,77.06999969482422,80.5999984741211,77.06999969482422,80.30000305175781,16368
2022-07-20,BNKE.MI,81.58999633789062,81.80000305175781,78.66999816894531,79.41999816894531,10619
2022-07-21,BNKE.MI,78.30000305175781,81.08000183105469,77.52999877929688,79.52999877929688,21268
2022-07-22,BNKE.MI,79.58000183105469,80.19000244140625,78.2300033569336,78.26000213623047,2199
2022-07-25,BNKE.MI,78.27999877929688,79.91000366210938,78.27999877929688,79.33999633789062,9987
2022-07-26,BNKE.MI,79.0,79.33000183105469,78.47000122070312,78.79000091552734,6203
2022-07-27,BNKE.MI,79.83999633789062,80.08000183105469,78.86000061035156,79.8499984741211,54937
2022-07-28,BNKE.MI,80.23999786376953,80.56999969482422,79.37999725341797,80.1500015258789,14873
2022-07-29,BNKE.MI,81.45999908447266,81.88999938964844,81.12999725341797,81.4800033569336,5242
2022-08-01,BNKE.MI,81.88999938964844,82.68000030517578,81.12000274658203,81.23999786376953,13883
2022-08-02,BNKE.MI,81.06999969482422,81.81999969482422,80.62000274658203,81.55999755859375,1688
2022-08-03,BNKE.MI,82.30000305175781,82.91999816894531,82.30000305175781,82.91999816894531,2541
2022-08-04,BNKE.MI,82.93000030517578,83.95999908447266,82.93000030517578,83.44000244140625,9526
2022-08-05,BNKE.MI,83.70999908447266,84.87999725341797,83.5199966430664,84.5,10443
2022-08-08,BNKE.MI,85.33000183105469,85.33000183105469,84.01000213623047,84.83999633789062,3771
2022-08-09,BNKE.MI,84.86000061035156,85.41999816894531,84.58999633789062,84.70999908447266,2946
2022-08-10,BNKE.MI,84.5999984741211,85.68000030517578,84.5999984741211,85.5999984741211,5661
2022-08-11,BNKE.MI,86.05999755859375,86.18000030517578,85.62999725341797,85.87000274658203,4128
2022-08-12,BNKE.MI,86.68000030517578,87.22000122070312,86.68000030517578,87.04000091552734,533
2022-08-16,BNKE.MI,86.95999908447266,87.31999969482422,86.61000061035156,86.79000091552734,11034
2022-08-17,BNKE.MI,87.3499984741211,87.45999908447266,85.62000274658203,85.62000274658203,3838
2022-08-18,BNKE.MI,85.68000030517578,85.8499984741211,85.26000213623047,85.37000274658203,7387
2022-08-19,BNKE.MI,84.73999786376953,84.94000244140625,82.86000061035156,82.94999694824219,8632
2022-08-22,BNKE.MI,82.36000061035156,82.37999725341797,80.23999786376953,80.76000213623047,10127
2022-08-23,BNKE.MI,80.76000213623047,82.05000305175781,80.76000213623047,81.37000274658203,3667
2022-08-24,BNKE.MI,81.5,81.66999816894531,80.61000061035156,81.62000274658203,3805
2022-08-25,BNKE.MI,82.0,82.01000213623047,80.70999908447266,80.94999694824219,2299
2022-08-26,BNKE.MI,81.61000061035156,81.88999938964844,79.48999786376953,79.5199966430664,8235
2022-08-29,BNKE.MI,79.13999938964844,79.5199966430664,78.25,79.45999908447266,15560
2022-08-30,BNKE.MI,80.05999755859375,82.44999694824219,80.05999755859375,80.5199966430664,15269
2022-08-31,BNKE.MI,81.31999969482422,81.5999984741211,80.55000305175781,80.94999694824219,3351
2022-09-01,BNKE.MI,80.11000061035156,80.45999908447266,79.08000183105469,79.7300033569336,12599
2022-09-02,BNKE.MI,80.30999755859375,82.16999816894531,80.30999755859375,81.93000030517578,12885
2022-09-05,BNKE.MI,79.94999694824219,80.41000366210938,79.30999755859375,80.41000366210938,3942
2022-09-06,BNKE.MI,80.9000015258789,81.5999984741211,80.44000244140625,80.94000244140625,7163
2022-09-07,BNKE.MI,80.37999725341797,80.88999938964844,79.4800033569336,80.66999816894531,11142
2022-09-08,BNKE.MI,81.5,83.66000366210938,80.95999908447266,83.13999938964844,20243
2022-09-09,BNKE.MI,84.8499984741211,86.66999816894531,84.8499984741211,85.94000244140625,27500
2022-09-12,BNKE.MI,87.06999969482422,89.0,87.06999969482422,88.86000061035156,8603
2022-09-13,BNKE.MI,88.86000061035156,88.86000061035156,88.86000061035156,88.86000061035156,0
2022-09-14,BNKE.MI,88.86000061035156,88.86000061035156,88.86000061035156,88.86000061035156,0
2022-09-15,BNKE.MI,88.86000061035156,88.86000061035156,88.86000061035156,88.86000061035156,0
2022-09-16,BNKE.MI,88.86000061035156,88.86000061035156,88.86000061035156,88.86000061035156,0
2022-09-19,BNKE.MI,88.86000061035156,88.86000061035156,88.86000061035156,88.86000061035156,0
2022-09-20,BNKE.MI,88.86000061035156,88.86000061035156,88.86000061035156,88.86000061035156,0
2022-09-21,BNKE.MI,86.61000061035156,87.62999725341797,86.31999969482422,87.16999816894531,14632
2022-09-22,BNKE.MI,85.9000015258789,89.20999908447266,85.9000015258789,87.93000030517578,10614
2022-09-23,BNKE.MI,87.44999694824219,87.45999908447266,84.36000061035156,85.05000305175781,31459
2022-09-26,BNKE.MI,84.6500015258789,85.29000091552734,83.62999725341797,84.2300033569336,19136
2022-09-27,BNKE.MI,84.80000305175781,85.29000091552734,82.43000030517578,82.4800033569336,23151
2022-09-28,BNKE.MI,80.88999938964844,81.19999694824219,79.41999816894531,80.83999633789062,38325
2022-09-29,BNKE.MI,79.91000366210938,79.91000366210938,78.20999908447266,78.7300033569336,39054
2022-09-30,BNKE.MI,80.06999969482422,80.48999786376953,79.2699966430664,80.26000213623047,18394
2022-10-03,BNKE.MI,78.83000183105469,81.5,78.2699966430664,81.33999633789062,17661
2022-10-04,BNKE.MI,82.80000305175781,85.0,82.80000305175781,84.88999938964844,23833
2022-10-05,BNKE.MI,84.73999786376953,84.73999786376953,82.56999969482422,82.87000274658203,36591
2022-10-06,BNKE.MI,83.33000183105469,83.44999694824219,81.95999908447266,82.2699966430664,15104
2022-10-07,BNKE.MI,82.79000091552734,82.81999969482422,81.58999633789062,81.75,11117
2022-10-10,BNKE.MI,81.69999694824219,82.44000244140625,81.54000091552734,81.83000183105469,10536
2022-10-11,BNKE.MI,80.38999938964844,81.16999816894531,80.16000366210938,80.72000122070312,14356
2022-10-12,BNKE.MI,80.16000366210938,80.62999725341797,79.0999984741211,80.52999877929688,12933
2022-10-13,BNKE.MI,80.11000061035156,83.05999755859375,80.11000061035156,82.77999877929688,20526
2022-10-14,BNKE.MI,84.33000183105469,84.83999633789062,83.37000274658203,83.70999908447266,25879
2022-10-17,BNKE.MI,84.16999816894531,85.58000183105469,83.5,85.0,12121
2022-10-18,BNKE.MI,86.0,87.29000091552734,85.66999816894531,86.37999725341797,9080
2022-10-19,BNKE.MI,86.80999755859375,87.13999938964844,85.80999755859375,86.41999816894531,7684
2022-10-20,BNKE.MI,85.94999694824219,87.54000091552734,85.94999694824219,87.18000030517578,6408
2022-10-21,BNKE.MI,86.41000366210938,87.25,85.66000366210938,87.18000030517578,47726
2022-10-24,BNKE.MI,89.04000091552734,89.41999816894531,87.51000213623047,88.87999725341797,26872
2022-10-25,BNKE.MI,89.33000183105469,89.66999816894531,87.88999938964844,89.47000122070312,22358
2022-10-26,BNKE.MI,89.52999877929688,89.52999877929688,88.79000091552734,89.4000015258789,17872
2022-10-27,BNKE.MI,89.5999984741211,89.76000213623047,87.94999694824219,89.76000213623047,30255
2022-10-28,BNKE.MI,89.13999938964844,89.6500015258789,88.2300033569336,89.62000274658203,23121
2022-10-31,BNKE.MI,90.0999984741211,90.25,89.66000366210938,90.0199966430664,2579
2022-11-01,BNKE.MI,91.0,91.62000274658203,90.58000183105469,90.63999938964844,9230
2022-11-02,BNKE.MI,91.5199966430664,91.5199966430664,90.19999694824219,90.55000305175781,13960
2022-11-03,BNKE.MI,91.05000305175781,91.73999786376953,90.68000030517578,91.73999786376953,8390
2022-11-04,BNKE.MI,92.75,94.05000305175781,91.88999938964844,93.63999938964844,11305
2022-11-07,BNKE.MI,93.93000030517578,94.56999969482422,93.66999816894531,94.13999938964844,4803
2022-11-08,BNKE.MI,93.8499984741211,94.41000366210938,93.77999877929688,94.26000213623047,23762
2022-11-09,BNKE.MI,94.55000305175781,94.5999984741211,92.7699966430664,93.26000213623047,9810
2022-11-10,BNKE.MI,93.12999725341797,94.5199966430664,92.63999938964844,93.37999725341797,8728
2022-11-11,BNKE.MI,93.16000366210938,94.23999786376953,93.08999633789062,93.63999938964844,34250
2022-11-14,BNKE.MI,94.33000183105469,94.58000183105469,93.44000244140625,94.2699966430664,33326
2022-11-15,BNKE.MI,95.04000091552734,95.38999938964844,94.26000213623047,95.33999633789062,25376
2022-11-16,BNKE.MI,95.26000213623047,95.37999725341797,94.62999725341797,95.04000091552734,23124
2022-11-17,BNKE.MI,95.13999938964844,95.23999786376953,93.72000122070312,94.66999816894531,20902
2022-11-18,BNKE.MI,95.5,96.27999877929688,95.5,96.11000061035156,20459
2022-11-21,BNKE.MI,96.19999694824219,96.37999725341797,95.83999633789062,96.2699966430664,16849
2022-11-22,BNKE.MI,96.80999755859375,97.48999786376953,96.44999694824219,97.29000091552734,8224
2022-11-23,BNKE.MI,97.30999755859375,97.83999633789062,96.95999908447266,97.37999725341797,29472
2022-11-24,BNKE.MI,97.95999908447266,98.27999877929688,97.45999908447266,98.02999877929688,16935
2022-11-25,BNKE.MI,98.43000030517578,98.4800033569336,97.81999969482422,98.2699966430664,29924
2022-11-28,BNKE.MI,97.75,98.05000305175781,96.98999786376953,97.01000213623047,7997
2022-11-29,BNKE.MI,97.0,98.13999938964844,96.44999694824219,97.87000274658203,8806
2022-11-30,BNKE.MI,97.88999938964844,98.45999908447266,97.51000213623047,98.01000213623047,9543
2022-12-01,BNKE.MI,97.97000122070312,97.97000122070312,96.48999786376953,96.5199966430664,18096
2022-12-02,BNKE.MI,95.80000305175781,96.94999694824219,95.56999969482422,96.75,16946
2022-12-05,BNKE.MI,96.55999755859375,97.19999694824219,96.51000213623047,96.51000213623047,9193
2022-12-06,BNKE.MI,95.83999633789062,96.33000183105469,95.68000030517578,96.1500015258789,5358
2022-12-07,BNKE.MI,96.19000244140625,96.37999725341797,95.4000015258789,95.66000366210938,6806
2022-12-08,BNKE.MI,95.72000122070312,95.72000122070312,95.18000030517578,95.30000305175781,4510
2022-12-09,BNKE.MI,95.56999969482422,96.19999694824219,94.5999984741211,96.19999694824219,6671
2022-12-12,BNKE.MI,95.7699966430664,96.22000122070312,95.51000213623047,95.83999633789062,5212
2022-12-13,BNKE.MI,96.12999725341797,97.75,96.12000274658203,97.12000274658203,9556
2022-12-14,BNKE.MI,97.12999725341797,97.1500015258789,96.37999725341797,96.68000030517578,2053
2022-12-15,BNKE.MI,96.27999877929688,96.31999969482422,93.80999755859375,94.12999725341797,2949
2022-12-16,BNKE.MI,94.20999908447266,95.62000274658203,94.01000213623047,95.56999969482422,12506
2022-12-19,BNKE.MI,95.93000030517578,96.33000183105469,95.66000366210938,95.79000091552734,12808
2022-12-20,BNKE.MI,95.4000015258789,98.23999786376953,95.16999816894531,98.16000366210938,5525
2022-12-21,BNKE.MI,97.91999816894531,99.73999786376953,97.70999908447266,99.55999755859375,11175
2022-12-22,BNKE.MI,99.9000015258789,100.19999694824219,99.18000030517578,99.22000122070312,4340
2022-12-23,BNKE.MI,99.76000213623047,99.94000244140625,99.12999725341797,99.30000305175781,5996
2022-12-27,BNKE.MI,99.98999786376953,100.12000274658203,99.56999969482422,99.61000061035156,7132
2022-12-28,BNKE.MI,99.2699966430664,99.97000122070312,99.16999816894531,99.37999725341797,4113
2022-12-29,BNKE.MI,98.83999633789062,99.72000122070312,98.75,99.69000244140625,2560
2022-12-30,BNKE.MI,99.3499984741211,99.3499984741211,98.91999816894531,98.91999816894531,502
2023-01-02,BNKE.MI,99.81999969482422,101.26000213623047,99.80999755859375,100.83999633789062,4641
2023-01-03,BNKE.MI,101.18000030517578,103.27999877929688,101.18000030517578,103.04000091552734,8317
2023-01-04,BNKE.MI,103.66000366210938,106.27999877929688,103.66000366210938,106.23999786376953,14478
2023-01-05,BNKE.MI,105.31999969482422,106.81999969482422,105.30000305175781,106.05999755859375,13245
2023-01-06,BNKE.MI,106.76000213623047,107.73999786376953,106.54000091552734,107.36000061035156,17766
2023-01-09,BNKE.MI,107.55999755859375,107.80000305175781,106.81999969482422,107.54000091552734,10019
2023-01-10,BNKE.MI,106.87999725341797,107.23999786376953,106.5,107.18000030517578,17009
2023-01-11,BNKE.MI,106.9000015258789,107.4800033569336,106.73999786376953,106.81999969482422,18724
2023-01-12,BNKE.MI,107.31999969482422,108.45999908447266,107.27999877929688,108.23999786376953,11526
2023-01-13,BNKE.MI,108.23999786376953,109.05999755859375,107.66000366210938,108.45999908447266,7064
2023-01-16,BNKE.MI,108.94000244140625,109.23999786376953,108.31999969482422,108.4000015258789,6872
2023-01-17,BNKE.MI,108.45999908447266,108.69999694824219,107.45999908447266,107.95999908447266,19126
2023-01-18,BNKE.MI,108.5,109.22000122070312,108.30000305175781,108.33999633789062,10555
2023-01-19,BNKE.MI,107.41999816894531,108.19999694824219,105.76000213623047,106.95999908447266,5158
2023-01-20,BNKE.MI,107.91999816894531,108.33999633789062,107.44000244140625,108.19999694824219,24780
2023-01-23,BNKE.MI,108.86000061035156,109.62000274658203,108.55999755859375,109.0999984741211,7877
2023-01-24,BNKE.MI,109.36000061035156,110.13999938964844,108.72000122070312,110.12000274658203,10469
2023-01-25,BNKE.MI,109.69999694824219,109.72000122070312,108.5199966430664,109.72000122070312,9384
2023-01-26,BNKE.MI,110.76000213623047,112.08000183105469,110.76000213623047,111.95999908447266,15671
2023-01-27,BNKE.MI,112.05999755859375,113.0,112.05999755859375,112.76000213623047,10455
2023-01-30,BNKE.MI,112.76000213623047,113.0199966430664,111.94000244140625,112.76000213623047,18363
2023-01-31,BNKE.MI,114.4800033569336,114.76000213623047,113.30000305175781,114.66000366210938,9528
2023-02-01,BNKE.MI,115.4000015258789,116.4800033569336,114.95999908447266,116.0199966430664,14365
2023-02-02,BNKE.MI,115.87999725341797,116.91999816894531,113.86000061035156,115.36000061035156,50326
2023-02-03,BNKE.MI,115.26000213623047,115.69999694824219,113.33999633789062,115.18000030517578,26601
2023-02-06,BNKE.MI,114.18000030517578,114.77999877929688,113.91999816894531,114.5199966430664,7446
2023-02-07,BNKE.MI,115.0199966430664,116.45999908447266,114.30000305175781,115.80000305175781,18561
2023-02-08,BNKE.MI,116.69999694824219,117.26000213623047,115.81999969482422,116.83999633789062,13288
2023-02-09,BNKE.MI,117.22000122070312,119.0199966430664,117.22000122070312,118.27999877929688,12400
2023-02-10,BNKE.MI,117.55999755859375,118.12000274658203,115.86000061035156,116.36000061035156,13975
2023-02-13,BNKE.MI,116.5999984741211,117.5,116.36000061035156,117.31999969482422,2802
2023-02-14,BNKE.MI,117.26000213623047,118.54000091552734,117.04000091552734,118.13999938964844,9725
2023-02-15,BNKE.MI,117.26000213623047,117.80000305175781,116.55999755859375,117.66000366210938,20633
2023-02-16,BNKE.MI,118.62000274658203,120.69999694824219,118.62000274658203,120.55999755859375,23013
2023-02-17,BNKE.MI,120.13999938964844,120.55999755859375,119.27999877929688,120.23999786376953,16049
2023-02-20,BNKE.MI,120.91999816894531,120.94000244140625,119.41999816894531,119.62000274658203,9238
2023-02-21,BNKE.MI,119.33999633789062,119.5999984741211,117.68000030517578,119.45999908447266,10058
2023-02-22,BNKE.MI,118.9000015258789,118.9000015258789,116.41999816894531,116.77999877929688,16722
2023-02-23,BNKE.MI,117.44000244140625,118.58000183105469,117.05999755859375,118.37999725341797,5954
2023-02-24,BNKE.MI,118.9800033569336,119.16000366210938,117.80000305175781,117.80000305175781,4857
2023-02-27,BNKE.MI,118.26000213623047,120.41999816894531,118.26000213623047,119.91999816894531,9191
2023-02-28,BNKE.MI,119.22000122070312,123.4800033569336,119.22000122070312,122.41999816894531,10184
2023-03-01,BNKE.MI,121.76000213623047,122.19999694824219,119.69999694824219,119.95999908447266,10142
2023-03-02,BNKE.MI,119.26000213623047,119.9000015258789,118.05999755859375,119.55999755859375,12432
2023-03-03,BNKE.MI,120.30000305175781,121.87999725341797,120.0,121.80000305175781,4266
2023-03-06,BNKE.MI,122.77999877929688,123.0999984741211,122.0,123.04000091552734,9449
2023-03-07,BNKE.MI,123.0199966430664,123.55999755859375,121.31999969482422,121.37999725341797,5520
2023-03-08,BNKE.MI,120.9000015258789,122.36000061035156,120.9000015258789,121.95999908447266,8203
2023-03-09,BNKE.MI,121.80000305175781,121.80000305175781,120.16000366210938,120.16000366210938,8435
2023-03-10,BNKE.MI,114.16000366210938,115.91999816894531,113.68000030517578,115.31999969482422,58374
2023-03-13,BNKE.MI,113.95999908447266,114.26000213623047,106.36000061035156,107.4800033569336,81552
2023-03-14,BNKE.MI,106.94000244140625,111.5,106.30000305175781,110.63999938964844,54682
2023-03-15,BNKE.MI,110.0999984741211,111.19999694824219,100.81999969482422,101.23999786376953,89573
2023-03-16,BNKE.MI,105.18000030517578,105.18000030517578,100.69999694824219,102.9000015258789,36940
2023-03-17,BNKE.MI,104.0,105.4000015258789,98.5199966430664,99.88999938964844,140552
2023-03-20,BNKE.MI,96.75,103.12000274658203,93.1500015258789,101.72000122070312,182972
2023-03-21,BNKE.MI,104.26000213623047,107.36000061035156,104.19999694824219,106.87999725341797,90066
2023-03-22,BNKE.MI,106.26000213623047,108.63999938964844,105.91999816894531,106.18000030517578,48505
2023-03-23,BNKE.MI,104.77999877929688,105.63999938964844,103.33999633789062,103.36000061035156,31640
2023-03-24,BNKE.MI,101.77999877929688,101.77999877929688,97.0199966430664,99.16000366210938,106600
2023-03-27,BNKE.MI,102.13999938964844,103.0199966430664,99.31999969482422,101.0,20231
2023-03-28,BNKE.MI,102.73999786376953,103.0,100.36000061035156,101.72000122070312,10378
2023-03-29,BNKE.MI,102.83999633789062,104.08000183105469,102.36000061035156,103.83999633789062,12178
2023-03-30,BNKE.MI,104.45999908447266,106.5999984741211,104.45999908447266,105.83999633789062,33865
2023-03-31,BNKE.MI,106.12000274658203,106.26000213623047,104.45999908447266,105.87999725341797,11126
2023-04-03,BNKE.MI,105.80000305175781,107.69999694824219,105.72000122070312,106.23999786376953,27608
2023-04-04,BNKE.MI,106.9000015258789,108.0,106.31999969482422,106.37999725341797,16577
2023-04-05,BNKE.MI,106.5,106.72000122070312,105.16000366210938,105.76000213623047,36215
2023-04-06,BNKE.MI,106.80000305175781,108.37999725341797,106.44000244140625,108.37999725341797,13174
2023-04-11,BNKE.MI,109.0199966430664,109.4000015258789,108.0,108.26000213623047,15467
2023-04-12,BNKE.MI,108.81999969482422,109.5199966430664,108.62000274658203,108.86000061035156,14786
2023-04-13,BNKE.MI,108.77999877929688,109.41999816894531,108.5,109.04000091552734,6348
2023-04-14,BNKE.MI,108.83999633789062,112.76000213623047,108.83999633789062,112.62000274658203,21571
2023-04-17,BNKE.MI,112.9800033569336,113.31999969482422,110.5,110.81999969482422,7424
2023-04-18,BNKE.MI,111.9800033569336,113.69999694824219,111.95999908447266,112.9800033569336,17971
2023-04-19,BNKE.MI,113.30000305175781,114.12000274658203,112.45999908447266,114.0999984741211,16850
2023-04-20,BNKE.MI,115.31999969482422,115.5999984741211,112.73999786376953,112.83999633789062,19176
2023-04-21,BNKE.MI,112.37999725341797,112.86000061035156,111.45999908447266,112.16000366210938,6679
2023-04-24,BNKE.MI,111.9800033569336,113.16000366210938,111.81999969482422,113.0199966430664,22532
2023-04-25,BNKE.MI,110.80000305175781,111.0,109.68000030517578,109.87999725341797,11332
2023-04-26,BNKE.MI,108.76000213623047,109.63999938964844,106.9800033569336,109.41999816894531,25905
2023-04-27,BNKE.MI,109.13999938964844,111.22000122070312,108.9000015258789,111.0999984741211,37682
2023-04-28,BNKE.MI,111.30000305175781,111.36000061035156,107.5,108.62000274658203,19012
2023-05-02,BNKE.MI,109.5,110.0,106.13999938964844,106.27999877929688,15448
2023-05-03,BNKE.MI,107.45999908447266,107.58000183105469,105.91999816894531,105.91999816894531,7458
2023-05-04,BNKE.MI,105.19999694824219,106.26000213623047,103.80000305175781,104.30000305175781,28739
2023-05-05,BNKE.MI,105.91999816894531,107.5999984741211,105.0,107.54000091552734,5182
2023-05-08,BNKE.MI,107.9800033569336,108.83999633789062,107.9800033569336,108.5,1720
2023-05-09,BNKE.MI,108.54000091552734,109.23999786376953,107.5999984741211,108.13999938964844,7376
2023-05-10,BNKE.MI,108.9800033569336,108.9800033569336,107.22000122070312,107.4000015258789,8216
2023-05-11,BNKE.MI,108.31999969482422,108.41999816894531,106.18000030517578,107.5,12071
2023-05-12,BNKE.MI,108.69999694824219,109.22000122070312,108.33999633789062,108.69999694824219,7237
2023-05-15,BNKE.MI,108.9000015258789,108.91999816894531,107.76000213623047,108.63999938964844,2055
2023-05-16,BNKE.MI,108.16000366210938,108.83999633789062,108.0,108.33999633789062,884
2023-05-17,BNKE.MI,107.72000122070312,108.5,107.22000122070312,108.5,2390
2023-05-18,BNKE.MI,109.62000274658203,110.77999877929688,109.62000274658203,110.16000366210938,15114
2023-05-19,BNKE.MI,110.04000091552734,111.16000366210938,109.73999786376953,110.0999984741211,28862
2023-05-22,BNKE.MI,110.27999877929688,111.66000366210938,110.18000030517578,111.27999877929688,20032
2023-05-23,BNKE.MI,110.87999725341797,111.73999786376953,110.63999938964844,111.63999938964844,5641
2023-05-24,BNKE.MI,110.58000183105469,110.9000015258789,108.68000030517578,109.04000091552734,31347
2023-05-25,BNKE.MI,108.0999984741211,109.9000015258789,107.44000244140625,109.58000183105469,34894
2023-05-26,BNKE.MI,109.58000183105469,110.12000274658203,107.55999755859375,110.12000274658203,9820
2023-05-29,BNKE.MI,111.18000030517578,111.18000030517578,108.62000274658203,109.12000274658203,5718
2023-05-30,BNKE.MI,109.13999938964844,110.08000183105469,107.55999755859375,107.80000305175781,17207
2023-05-31,BNKE.MI,106.9000015258789,108.68000030517578,105.76000213623047,105.76000213623047,36488
2023-06-01,BNKE.MI,107.0,107.81999969482422,105.76000213623047,105.76000213623047,8771
2023-06-02,BNKE.MI,108.45999908447266,110.9000015258789,108.33999633789062,110.81999969482422,9554
2023-06-05,BNKE.MI,110.80000305175781,111.4000015258789,109.13999938964844,109.68000030517578,9630
2023-06-06,BNKE.MI,109.08000183105469,110.73999786376953,108.86000061035156,110.73999786376953,3789
2023-06-07,BNKE.MI,111.05999755859375,111.05999755859375,109.9800033569336,110.9800033569336,6407
2023-06-08,BNKE.MI,111.5,112.72000122070312,111.5,111.73999786376953,17140
2023-06-09,BNKE.MI,111.62000274658203,111.83999633789062,110.23999786376953,110.73999786376953,5364
2023-06-12,BNKE.MI,111.23999786376953,112.13999938964844,110.62000274658203,110.91999816894531,5172
2023-06-13,BNKE.MI,110.91999816894531,111.41999816894531,110.08000183105469,111.36000061035156,4326
2023-06-14,BNKE.MI,111.58000183105469,113.9000015258789,111.58000183105469,112.95999908447266,12482
2023-06-15,BNKE.MI,112.62000274658203,112.62000274658203,111.62000274658203,112.05999755859375,5756
2023-06-16,BNKE.MI,112.23999786376953,112.95999908447266,111.87999725341797,112.5999984741211,12248
2023-06-19,BNKE.MI,112.44000244140625,114.22000122070312,112.44000244140625,113.0,8364
2023-06-20,BNKE.MI,113.08000183105469,113.33999633789062,112.26000213623047,112.80000305175781,5062
2023-06-21,BNKE.MI,113.36000061035156,114.37999725341797,113.0999984741211,113.77999877929688,16857
2023-06-22,BNKE.MI,111.44000244140625,112.27999877929688,110.68000030517578,111.62000274658203,15085
2023-06-23,BNKE.MI,110.86000061035156,110.86000061035156,109.0999984741211,109.5,13585
2023-06-26,BNKE.MI,109.26000213623047,110.5199966430664,107.37999725341797,110.18000030517578,24785
2023-06-27,BNKE.MI,111.63999938964844,111.81999969482422,110.22000122070312,111.81999969482422,7938
2023-06-28,BNKE.MI,112.37999725341797,112.4800033569336,111.54000091552734,112.4800033569336,14466
2023-06-29,BNKE.MI,113.0,114.4000015258789,112.69999694824219,114.16000366210938,15867
2023-06-30,BNKE.MI,115.12000274658203,116.27999877929688,114.76000213623047,115.66000366210938,9053
2023-07-03,BNKE.MI,116.63999938964844,117.4800033569336,116.44000244140625,117.05999755859375,6019
2023-07-04,BNKE.MI,117.80000305175781,117.9000015258789,115.80000305175781,115.95999908447266,3346
2023-07-05,BNKE.MI,114.68000030517578,115.63999938964844,114.68000030517578,115.26000213623047,7831
2023-07-06,BNKE.MI,113.81999969482422,113.91999816894531,111.9000015258789,112.0999984741211,10850
2023-07-07,BNKE.MI,112.66000366210938,113.83999633789062,112.0,113.5199966430664,5588
2023-07-10,BNKE.MI,113.16000366210938,114.80000305175781,113.16000366210938,113.77999877929688,18222
2023-07-11,BNKE.MI,114.18000030517578,115.33999633789062,113.55999755859375,115.16000366210938,6654
2023-07-12,BNKE.MI,115.5199966430664,117.4000015258789,115.5,117.27999877929688,8695
2023-07-13,BNKE.MI,117.12000274658203,118.76000213623047,117.0,118.16000366210938,8034
2023-07-14,BNKE.MI,118.27999877929688,119.13999938964844,117.55999755859375,117.66000366210938,15806
2023-07-17,BNKE.MI,118.0,118.54000091552734,117.5,118.26000213623047,42501
2023-07-18,BNKE.MI,118.63999938964844,119.4000015258789,117.5999984741211,119.26000213623047,6073
2023-07-19,BNKE.MI,119.80000305175781,120.22000122070312,118.5999984741211,119.0999984741211,35295
2023-07-20,BNKE.MI,119.77999877929688,120.44000244140625,119.5999984741211,119.94000244140625,10995
2023-07-21,BNKE.MI,120.41999816894531,120.62000274658203,119.58000183105469,120.18000030517578,14483
2023-07-24,BNKE.MI,119.37999725341797,120.5999984741211,118.81999969482422,120.5999984741211,7494
2023-07-25,BNKE.MI,120.77999877929688,121.13999938964844,120.63999938964844,121.05999755859375,6841
2023-07-26,BNKE.MI,121.36000061035156,121.5999984741211,120.16000366210938,120.86000061035156,15078
2023-07-27,BNKE.MI,121.77999877929688,122.54000091552734,120.9800033569336,121.87999725341797,20218
2023-07-28,BNKE.MI,122.19999694824219,123.0199966430664,121.83999633789062,122.36000061035156,5467
2023-07-31,BNKE.MI,122.62000274658203,122.91999816894531,122.37999725341797,122.55999755859375,5342
2023-08-01,BNKE.MI,122.66000366210938,122.66000366210938,120.63999938964844,120.94000244140625,25474
2023-08-02,BNKE.MI,118.80000305175781,119.9000015258789,118.0999984741211,118.62000274658203,7208
2023-08-03,BNKE.MI,118.77999877929688,119.81999969482422,117.63999938964844,119.81999969482422,6066
2023-08-04,BNKE.MI,120.69999694824219,121.30000305175781,119.83999633789062,121.04000091552734,11312
2023-08-07,BNKE.MI,120.91999816894531,121.86000061035156,120.41999816894531,121.72000122070312,4109
2023-08-08,BNKE.MI,118.26000213623047,119.0,116.13999938964844,117.23999786376953,9631
2023-08-09,BNKE.MI,119.13999938964844,119.77999877929688,118.72000122070312,118.91999816894531,6339
2023-08-10,BNKE.MI,120.45999908447266,121.45999908447266,119.9000015258789,121.0199966430664,4994
2023-08-11,BNKE.MI,120.54000091552734,120.72000122070312,119.9000015258789,120.26000213623047,2106
2023-08-14,BNKE.MI,120.69999694824219,121.22000122070312,120.4000015258789,120.54000091552734,1203
2023-08-16,BNKE.MI,118.72000122070312,119.77999877929688,118.41999816894531,119.13999938964844,27522
2023-08-17,BNKE.MI,118.5199966430664,119.94000244140625,118.5199966430664,118.66000366210938,5645
2023-08-18,BNKE.MI,118.22000122070312,118.22000122070312,117.22000122070312,118.0999984741211,9283
2023-08-21,BNKE.MI,118.4000015258789,119.73999786376953,118.4000015258789,118.69999694824219,4354
2023-08-22,BNKE.MI,119.9000015258789,120.19999694824219,119.19999694824219,119.19999694824219,2327
2023-08-23,BNKE.MI,120.0,120.36000061035156,118.36000061035156,118.44000244140625,1773
2023-08-24,BNKE.MI,119.63999938964844,119.63999938964844,118.16000366210938,118.5199966430664,4058
2023-08-25,BNKE.MI,118.87999725341797,119.44000244140625,118.54000091552734,118.63999938964844,1779
2023-08-28,BNKE.MI,119.62000274658203,120.87999725341797,119.54000091552734,120.73999786376953,1376
2023-08-29,BNKE.MI,120.95999908447266,121.66000366210938,120.80000305175781,121.55999755859375,4730
2023-08-30,BNKE.MI,122.22000122070312,123.0999984741211,121.80000305175781,121.80000305175781,19703
2023-08-31,BNKE.MI,122.22000122070312,122.22000122070312,120.27999877929688,120.4800033569336,2778
2023-09-01,BNKE.MI,120.36000061035156,120.9000015258789,119.62000274658203,119.68000030517578,916
2023-09-04,BNKE.MI,120.31999969482422,120.63999938964844,119.08000183105469,119.30000305175781,659
2023-09-05,BNKE.MI,118.0,119.41999816894531,117.69999694824219,118.62000274658203,1768
2023-09-06,BNKE.MI,117.5999984741211,117.9800033569336,115.69999694824219,116.4000015258789,7773
2023-09-07,BNKE.MI,116.0999984741211,116.37999725341797,115.0,115.27999877929688,9165
2023-09-08,BNKE.MI,115.63999938964844,115.63999938964844,114.0,115.54000091552734,1075
2023-09-11,BNKE.MI,117.08000183105469,117.45999908447266,116.41999816894531,117.0999984741211,6549
2023-09-12,BNKE.MI,117.0199966430664,117.69999694824219,116.9800033569336,117.54000091552734,1467
2023-09-13,BNKE.MI,118.0,118.05999755859375,117.0999984741211,117.81999969482422,1891
2023-09-14,BNKE.MI,116.86000061035156,119.95999908447266,116.86000061035156,119.69999694824219,7825
2023-09-15,BNKE.MI,120.33999633789062,120.91999816894531,119.0999984741211,119.30000305175781,15208
2023-09-18,BNKE.MI,119.23999786376953,119.26000213623047,116.68000030517578,117.05999755859375,5003
2023-09-19,BNKE.MI,117.4000015258789,118.54000091552734,117.4000015258789,118.54000091552734,6710
2023-09-20,BNKE.MI,119.86000061035156,121.23999786376953,119.76000213623047,120.95999908447266,3956
2023-09-21,BNKE.MI,120.54000091552734,120.87999725341797,119.37999725341797,120.76000213623047,3474
2023-09-22,BNKE.MI,120.18000030517578,120.19999694824219,119.0,119.33999633789062,2693
2023-09-25,BNKE.MI,118.86000061035156,120.19999694824219,118.12000274658203,118.33999633789062,6881
2023-09-26,BNKE.MI,118.26000213623047,118.37999725341797,116.94000244140625,117.9000015258789,7686
2023-09-27,BNKE.MI,117.9800033569336,119.12000274658203,117.9800033569336,118.45999908447266,3845
2023-09-28,BNKE.MI,118.5999984741211,120.19999694824219,118.0999984741211,120.19999694824219,15219
2023-09-29,BNKE.MI,120.36000061035156,121.37999725341797,120.22000122070312,120.68000030517578,2361
2023-10-02,BNKE.MI,121.0,121.5,118.9000015258789,119.16000366210938,1570
2023-10-03,BNKE.MI,118.68000030517578,119.80000305175781,117.55999755859375,117.63999938964844,1127
2023-10-04,BNKE.MI,116.4800033569336,117.76000213623047,116.0,117.22000122070312,10533
2023-10-05,BNKE.MI,118.0,118.37999725341797,116.5999984741211,117.86000061035156,6630
2023-10-06,BNKE.MI,118.5199966430664,119.9000015258789,118.44000244140625,119.69999694824219,29797
2023-10-09,BNKE.MI,118.08000183105469,119.0,117.26000213623047,117.72000122070312,76261
2023-10-10,BNKE.MI,119.44000244140625,120.80000305175781,119.44000244140625,120.69999694824219,7362
2023-10-11,BNKE.MI,120.5199966430664,121.55999755859375,120.22000122070312,121.13999938964844,8447
2023-10-12,BNKE.MI,121.31999969482422,121.33999633789062,120.31999969482422,120.73999786376953,1698
2023-10-13,BNKE.MI,120.0,120.33999633789062,118.0,118.36000061035156,26969
2023-10-16,BNKE.MI,119.13999938964844,119.81999969482422,118.18000030517578,119.63999938964844,4152
2023-10-17,BNKE.MI,119.36000061035156,120.13999938964844,118.73999786376953,119.37999725341797,2674
2023-10-18,BNKE.MI,119.45999908447266,119.9000015258789,118.31999969482422,118.41999816894531,4677
2023-10-19,BNKE.MI,117.63999938964844,117.76000213623047,116.73999786376953,117.4800033569336,21997
2023-10-20,BNKE.MI,116.0999984741211,116.87999725341797,115.45999908447266,115.58000183105469,5480
2023-10-23,BNKE.MI,115.69999694824219,116.12000274658203,114.69999694824219,115.80000305175781,10815
2023-10-24,BNKE.MI,115.58000183105469,115.5999984741211,114.12000274658203,114.62000274658203,2973
2023-10-25,BNKE.MI,114.27999877929688,115.45999908447266,113.87999725341797,115.23999786376953,4542
2023-10-26,BNKE.MI,113.5999984741211,115.54000091552734,112.95999908447266,115.5199966430664,12520
2023-10-27,BNKE.MI,116.5,116.9000015258789,115.62000274658203,115.62000274658203,1978
2023-10-30,BNKE.MI,115.18000030517578,116.37999725341797,115.12000274658203,116.26000213623047,5619
2023-10-31,BNKE.MI,116.16000366210938,117.41999816894531,116.16000366210938,116.62000274658203,3931
2023-11-01,BNKE.MI,117.33999633789062,118.08000183105469,117.0199966430664,117.5199966430664,4233
2023-11-02,BNKE.MI,118.08000183105469,118.83999633789062,117.44000244140625,118.30000305175781,20377
2023-11-03,BNKE.MI,119.12000274658203,120.55999755859375,119.0999984741211,120.44000244140625,19021
2023-11-06,BNKE.MI,120.5,120.76000213623047,119.95999908447266,120.08000183105469,7983
2023-11-07,BNKE.MI,120.12000274658203,120.12000274658203,118.87999725341797,119.31999969482422,1634
2023-11-08,BNKE.MI,118.95999908447266,120.12000274658203,118.44000244140625,119.72000122070312,7370
2023-11-09,BNKE.MI,119.55999755859375,120.69999694824219,119.18000030517578,120.63999938964844,17663
2023-11-10,BNKE.MI,120.23999786376953,120.66000366210938,119.80000305175781,120.05999755859375,10626
2023-11-13,BNKE.MI,120.81999969482422,121.91999816894531,120.81999969482422,121.91999816894531,12097
2023-11-14,BNKE.MI,122.23999786376953,123.30000305175781,121.81999969482422,123.16000366210938,10489
2023-11-15,BNKE.MI,123.68000030517578,124.13999938964844,123.0999984741211,123.91999816894531,12941
2023-11-16,BNKE.MI,124.0199966430664,124.41999816894531,123.58000183105469,123.66000366210938,9555
2023-11-17,BNKE.MI,124.12000274658203,125.08000183105469,124.12000274658203,125.08000183105469,6117
2023-11-20,BNKE.MI,126.0,126.08000183105469,125.19999694824219,125.54000091552734,9410
2023-11-21,BNKE.MI,124.77999877929688,124.94000244140625,124.33999633789062,124.76000213623047,17185
2023-11-22,BNKE.MI,124.86000061035156,125.37999725341797,124.55999755859375,124.80000305175781,3097
2023-11-23,BNKE.MI,124.5999984741211,125.5,124.41999816894531,125.36000061035156,5016
2023-11-24,BNKE.MI,125.5199966430664,126.18000030517578,125.5,125.76000213623047,3470
2023-11-27,BNKE.MI,125.45999908447266,125.5999984741211,124.9000015258789,124.9800033569336,4977
2023-11-28,BNKE.MI,124.91999816894531,125.66000366210938,124.91999816894531,125.62000274658203,3060
2023-11-29,BNKE.MI,125.55999755859375,127.04000091552734,125.55999755859375,126.73999786376953,6527
2023-11-30,BNKE.MI,127.08000183105469,127.45999908447266,126.86000061035156,126.91999816894531,6701
2023-12-01,BNKE.MI,127.36000061035156,127.80000305175781,127.13999938964844,127.63999938964844,2706
2023-12-04,BNKE.MI,127.94000244140625,128.5,127.69999694824219,128.33999633789062,3946
2023-12-05,BNKE.MI,128.24000549316406,129.22000122070312,128.24000549316406,129.22000122070312,2778
2023-12-06,BNKE.MI,129.36000061035156,130.55999755859375,129.1999969482422,130.0,10863
2023-12-07,BNKE.MI,129.67999267578125,129.67999267578125,127.81999969482422,128.77999877929688,2018
2023-12-08,BNKE.MI,128.8000030517578,130.0399932861328,128.66000366210938,130.0399932861328,12023
2023-12-11,BNKE.MI,130.27999877929688,130.3800048828125,129.63999938964844,130.25999450683594,5887
2023-12-12,BNKE.MI,130.32000732421875,130.4199981689453,129.1999969482422,129.3800048828125,2535
2023-12-13,BNKE.MI,129.60000610351562,129.66000366210938,128.9199981689453,128.9199981689453,1594
2023-12-14,BNKE.MI,129.5800018310547,129.83999633789062,127.86000061035156,129.13999938964844,6717
2023-12-15,BNKE.MI,129.39999389648438,129.74000549316406,128.33999633789062,129.05999755859375,3530
2023-12-18,BNKE.MI,128.5,129.3000030517578,128.32000732421875,128.5800018310547,5080
2023-12-19,BNKE.MI,128.39999389648438,129.05999755859375,128.25999450683594,128.6199951171875,3148
2023-12-20,BNKE.MI,129.60000610351562,129.60000610351562,127.95999908447266,128.97999572753906,7126
2023-12-21,BNKE.MI,128.52000427246094,128.83999633789062,128.05999755859375,128.8000030517578,6822
2023-12-22,BNKE.MI,129.16000366210938,129.55999755859375,128.8800048828125,129.3000030517578,960
2023-12-27,BNKE.MI,128.75999450683594,129.89999389648438,128.75999450683594,129.82000732421875,3420
2023-12-28,BNKE.MI,129.8000030517578,129.8000030517578,128.82000732421875,128.8800048828125,3009
2023-12-29,BNKE.MI,128.89999389648438,129.55999755859375,128.89999389648438,129.13999938964844,3937
2024-01-02,BNKE.MI,130.0800018310547,131.97999572753906,130.05999755859375,131.4199981689453,7626
2024-01-03,BNKE.MI,131.8800048828125,131.89999389648438,129.5,129.9199981689453,6642
2024-01-04,BNKE.MI,130.1199951171875,132.44000244140625,129.82000732421875,132.44000244140625,6106
2024-01-05,BNKE.MI,131.77999877929688,134.10000610351562,131.60000610351562,133.6199951171875,13970
2024-01-08,BNKE.MI,133.5800018310547,133.97999572753906,132.52000427246094,133.8800048828125,1752
2024-01-09,BNKE.MI,133.6199951171875,133.6199951171875,131.63999938964844,132.52000427246094,12351
2024-01-10,BNKE.MI,131.74000549316406,132.3000030517578,131.47999572753906,131.8800048828125,946
2024-01-11,BNKE.MI,132.16000366210938,132.17999267578125,129.52000427246094,129.6199951171875,28280
2024-01-12,BNKE.MI,130.6199951171875,131.05999755859375,129.82000732421875,129.97999572753906,41112
2024-01-15,BNKE.MI,130.0,130.22000122070312,129.5800018310547,129.8000030517578,3771
2024-01-16,BNKE.MI,128.0800018310547,128.8000030517578,127.63999938964844,128.66000366210938,7651
2024-01-17,BNKE.MI,126.81999969482422,127.91999816894531,126.73999786376953,127.91999816894531,5784
2024-01-18,BNKE.MI,127.73999786376953,129.60000610351562,127.73999786376953,129.0,17615
2024-01-19,BNKE.MI,129.9600067138672,129.9600067138672,128.8800048828125,128.94000244140625,333
2024-01-22,BNKE.MI,130.5800018310547,130.6999969482422,129.72000122070312,129.94000244140625,2835
2024-01-23,BNKE.MI,129.5800018310547,129.83999633789062,129.39999389648438,129.6999969482422,2570
2024-01-24,BNKE.MI,130.36000061035156,131.36000061035156,130.22000122070312,131.36000061035156,11274
2024-01-25,BNKE.MI,130.22000122070312,130.77999877929688,129.97999572753906,130.32000732421875,8176
2024-01-26,BNKE.MI,130.17999267578125,131.13999938964844,130.17999267578125,131.0399932861328,3279
2024-01-29,BNKE.MI,131.24000549316406,131.24000549316406,129.75999450683594,130.05999755859375,1558
2024-01-30,BNKE.MI,130.0800018310547,132.47999572753906,130.0800018310547,132.24000549316406,8464
2024-01-31,BNKE.MI,133.0,134.0399932861328,132.39999389648438,132.5800018310547,11019
2024-02-01,BNKE.MI,129.6199951171875,131.39999389648438,128.89999389648438,129.24000549316406,15366
2024-02-02,BNKE.MI,129.33999633789062,130.52000427246094,129.1999969482422,130.32000732421875,11783
2024-02-05,BNKE.MI,131.44000244140625,131.44000244140625,129.67999267578125,129.75999450683594,6396
2024-02-06,BNKE.MI,130.6999969482422,130.86000061035156,130.10000610351562,130.10000610351562,1684
2024-02-07,BNKE.MI,129.9199981689453,130.02000427246094,127.66000366210938,128.22000122070312,4215
2024-02-08,BNKE.MI,128.13999938964844,128.6999969482422,128.0399932861328,128.1999969482422,5894
2024-02-09,BNKE.MI,128.0,128.05999755859375,127.41999816894531,127.94000244140625,5590
2024-02-12,BNKE.MI,128.72000122070312,129.74000549316406,128.66000366210938,129.67999267578125,2178
2024-02-13,BNKE.MI,129.8000030517578,130.02000427246094,129.0399932861328,129.36000061035156,1616
2024-02-14,BNKE.MI,129.44000244140625,130.55999755859375,129.44000244140625,129.63999938964844,5642
2024-02-15,BNKE.MI,129.89999389648438,130.0,128.86000061035156,129.5800018310547,3783
2024-02-16,BNKE.MI,130.5,131.10000610351562,130.17999267578125,130.17999267578125,2040
2024-02-19,BNKE.MI,130.60000610351562,130.97999572753906,130.24000549316406,130.8000030517578,3118
2024-02-20,BNKE.MI,130.8000030517578,131.39999389648438,130.55999755859375,131.39999389648438,870
2024-02-21,BNKE.MI,132.0399932861328,133.16000366210938,131.9199981689453,132.47999572753906,3269
2024-02-22,BNKE.MI,133.3800048828125,134.36000061035156,133.16000366210938,133.5800018310547,5849
2024-02-23,BNKE.MI,134.0399932861328,134.36000061035156,133.36000061035156,134.32000732421875,874
2024-02-26,BNKE.MI,134.39999389648438,134.39999389648438,133.4199981689453,133.72000122070312,1341
2024-02-27,BNKE.MI,133.5800018310547,134.02000427246094,133.3000030517578,133.97999572753906,1978
2024-02-28,BNKE.MI,134.0,134.5800018310547,133.89999389648438,134.24000549316406,8716
2024-02-29,BNKE.MI,134.25999450683594,134.52000427246094,133.39999389648438,133.39999389648438,805
2024-03-01,BNKE.MI,134.4199981689453,135.47999572753906,134.33999633789062,135.1199951171875,6498
2024-03-04,BNKE.MI,135.16000366210938,136.05999755859375,135.16000366210938,136.05999755859375,2911
2024-03-05,BNKE.MI,135.5800018310547,136.9199981689453,135.55999755859375,136.74000549316406,19384
2024-03-06,BNKE.MI,137.0,138.72000122070312,137.0,137.9199981689453,2115
2024-03-07,BNKE.MI,137.75999450683594,139.17999267578125,137.75999450683594,139.0800018310547,11810
2024-03-08,BNKE.MI,139.16000366210938,140.0,139.16000366210938,139.32000732421875,1569
2024-03-11,BNKE.MI,138.36000061035156,139.55999755859375,138.36000061035156,139.5,1521
2024-03-12,BNKE.MI,140.05999755859375,142.3000030517578,140.05999755859375,142.24000549316406,3372
2024-03-13,BNKE.MI,142.97999572753906,144.05999755859375,142.97999572753906,143.32000732421875,2796
2024-03-14,BNKE.MI,143.55999755859375,143.55999755859375,142.1999969482422,142.5,3234
2024-03-15,BNKE.MI,143.24000549316406,144.6199951171875,143.0,144.4600067138672,2268
2024-03-18,BNKE.MI,144.36000061035156,145.02000427246094,144.36000061035156,144.75999450683594,1886
2024-03-19,BNKE.MI,145.13999938964844,146.89999389648438,145.13999938964844,146.82000732421875,16143
2024-03-20,BNKE.MI,147.16000366210938,147.1999969482422,145.67999267578125,146.6999969482422,4553
2024-03-21,BNKE.MI,147.86000061035156,148.5800018310547,147.44000244140625,148.44000244140625,5381
2024-03-22,BNKE.MI,149.0,150.0,148.89999389648438,149.27999877929688,14105
2024-03-25,BNKE.MI,148.83999633789062,149.83999633789062,148.83999633789062,149.3000030517578,25875
2024-03-26,BNKE.MI,150.02000427246094,151.3000030517578,149.94000244140625,150.97999572753906,12467
2024-03-27,BNKE.MI,151.4199981689453,152.27999877929688,151.25999450683594,151.55999755859375,9500
2024-03-28,BNKE.MI,152.32000732421875,153.36000061035156,152.1199951171875,153.13999938964844,6458
2024-04-02,BNKE.MI,152.5,154.44000244140625,152.5,153.3000030517578,4498
2024-04-03,BNKE.MI,153.8800048828125,155.9199981689453,153.8800048828125,155.44000244140625,9596
2024-04-04,BNKE.MI,156.3800048828125,157.22000122070312,156.0399932861328,156.8000030517578,9203
2024-04-05,BNKE.MI,154.5399932861328,154.83999633789062,153.27999877929688,154.83999633789062,7370
2024-04-08,BNKE.MI,154.94000244140625,156.3800048828125,154.94000244140625,156.17999267578125,5199
2024-04-09,BNKE.MI,156.3000030517578,156.4199981689453,154.52000427246094,154.5800018310547,6230
2024-04-10,BNKE.MI,155.63999938964844,156.27999877929688,153.60000610351562,155.6199951171875,10342
2024-04-11,BNKE.MI,155.4600067138672,155.72000122070312,150.9199981689453,152.10000610351562,9440
2024-04-12,BNKE.MI,153.17999267578125,153.75999450683594,151.1999969482422,151.47999572753906,31222
2024-04-15,BNKE.MI,152.39999389648438,153.86000061035156,151.9600067138672,152.16000366210938,66885
2024-04-16,BNKE.MI,149.8000030517578,150.0,148.66000366210938,148.66000366210938,7922
2024-04-17,BNKE.MI,149.82000732421875,152.10000610351562,149.75999450683594,151.27999877929688,3980
2024-04-18,BNKE.MI,152.39999389648438,154.05999755859375,152.22000122070312,153.86000061035156,2389
2024-04-19,BNKE.MI,152.36000061035156,154.3000030517578,152.02000427246094,154.17999267578125,9939
2024-04-22,BNKE.MI,156.05999755859375,156.8000030517578,154.75999450683594,156.75999450683594,8681
2024-04-23,BNKE.MI,158.0800018310547,160.39999389648438,157.66000366210938,160.24000549316406,10111
2024-04-24,BNKE.MI,160.67999267578125,160.67999267578125,158.75999450683594,159.1199951171875,9390
2024-04-25,BNKE.MI,160.5,160.5,159.27999877929688,159.9600067138672,703
2024-04-26,BNKE.MI,160.89999389648438,162.24000549316406,160.8000030517578,161.4199981689453,5410
2024-04-29,BNKE.MI,163.02000427246094,163.02000427246094,160.25999450683594,160.67999267578125,2945
2024-04-30,BNKE.MI,160.8000030517578,160.89999389648438,158.60000610351562,158.60000610351562,10991
2024-05-02,BNKE.MI,159.97999572753906,160.4600067138672,159.1199951171875,159.5399932861328,6829
2024-05-03,BNKE.MI,161.25999450683594,161.25999450683594,157.60000610351562,158.36000061035156,12180
2024-05-06,BNKE.MI,158.55999755859375,160.16000366210938,158.1999969482422,160.16000366210938,9398
2024-05-07,BNKE.MI,161.25999450683594,163.5800018310547,161.24000549316406,163.5399932861328,9403
2024-05-08,BNKE.MI,164.47999572753906,164.47999572753906,162.5,163.63999938964844,9190
2024-05-09,BNKE.MI,163.52000427246094,163.52000427246094,161.63999938964844,162.6199951171875,16064
2024-05-10,BNKE.MI,162.97999572753906,163.97999572753906,162.94000244140625,163.47999572753906,8901
2024-05-13,BNKE.MI,163.9600067138672,164.3800048828125,163.5,163.9199981689453,11232
2024-05-14,BNKE.MI,164.24000549316406,166.0399932861328,164.05999755859375,165.82000732421875,9850
2024-05-15,BNKE.MI,166.5399932861328,167.0800018310547,165.52000427246094,166.72000122070312,8495
2024-05-16,BNKE.MI,166.86000061035156,166.86000061035156,165.6199951171875,165.86000061035156,2618
2024-05-17,BNKE.MI,166.24000549316406,167.8000030517578,166.24000549316406,167.8000030517578,3107
2024-05-20,BNKE.MI,167.10000610351562,168.55999755859375,167.10000610351562,167.94000244140625,4972
2024-05-21,BNKE.MI,167.17999267578125,167.5,166.39999389648438,167.5,8218
2024-05-22,BNKE.MI,167.6999969482422,167.97999572753906,166.6199951171875,166.75999450683594,1488
2024-05-23,BNKE.MI,166.8000030517578,167.44000244140625,166.16000366210938,166.82000732421875,2949
2024-05-24,BNKE.MI,165.13999938964844,166.74000549316406,164.66000366210938,166.6199951171875,12895
2024-05-27,BNKE.MI,166.3000030517578,166.8000030517578,166.0399932861328,166.60000610351562,5639
2024-05-28,BNKE.MI,166.9600067138672,167.8000030517578,166.6999969482422,167.33999633789062,2847
2024-05-29,BNKE.MI,167.47999572753906,167.47999572753906,164.4600067138672,164.9199981689453,8045
2024-05-30,BNKE.MI,164.94000244140625,167.3800048828125,164.94000244140625,167.33999633789062,5899
2024-05-31,BNKE.MI,167.72000122070312,167.9600067138672,166.5399932861328,167.22000122070312,2750
2024-06-03,BNKE.MI,169.13999938964844,169.36000061035156,167.77999877929688,167.83999633789062,6939
2024-06-04,BNKE.MI,167.3000030517578,167.3000030517578,163.0,163.6199951171875,11889
2024-06-05,BNKE.MI,163.75999450683594,164.3800048828125,162.74000549316406,163.10000610351562,7486
2024-06-06,BNKE.MI,163.44000244140625,166.1199951171875,162.9600067138672,165.9199981689453,16566
2024-06-07,BNKE.MI,166.22000122070312,166.6199951171875,164.8000030517578,166.0,16447
2024-06-10,BNKE.MI,163.0399932861328,163.36000061035156,162.44000244140625,163.32000732421875,2946
2024-06-11,BNKE.MI,163.36000061035156,163.60000610351562,158.4199981689453,159.27999877929688,24373
2024-06-12,BNKE.MI,159.82000732421875,161.24000549316406,159.82000732421875,160.86000061035156,28947
2024-06-13,BNKE.MI,160.0,160.36000061035156,155.16000366210938,155.82000732421875,63302
2024-06-14,BNKE.MI,155.22000122070312,155.32000732421875,150.1999969482422,152.3800048828125,66073
2024-06-17,BNKE.MI,153.89999389648438,155.02000427246094,152.10000610351562,154.4600067138672,23706
2024-06-18,BNKE.MI,156.4199981689453,156.5800018310547,155.32000732421875,156.0399932861328,46550
2024-06-19,BNKE.MI,156.17999267578125,157.33999633789062,155.5,155.94000244140625,6570
2024-06-20,BNKE.MI,156.77999877929688,157.77999877929688,156.32000732421875,157.60000610351562,3964
2024-06-21,BNKE.MI,156.55999755859375,156.55999755859375,153.47999572753906,154.72000122070312,19621
2024-06-24,BNKE.MI,156.32000732421875,158.5,156.0800018310547,158.27999877929688,3485
2024-06-25,BNKE.MI,158.97999572753906,158.97999572753906,156.5,157.02000427246094,3075
2024-06-26,BNKE.MI,158.1199951171875,158.1199951171875,155.4199981689453,156.27999877929688,5042
2024-06-27,BNKE.MI,156.0800018310547,156.8800048828125,155.5399932861328,155.9199981689453,2278
2024-06-28,BNKE.MI,156.63999938964844,157.0,155.17999267578125,155.94000244140625,10286
2024-07-01,BNKE.MI,161.0800018310547,161.10000610351562,159.0399932861328,160.32000732421875,9720
2024-07-02,BNKE.MI,159.3800048828125,159.5,157.66000366210938,158.5,1225
2024-07-03,BNKE.MI,159.52000427246094,161.9600067138672,159.4600067138672,161.24000549316406,15634
2024-07-04,BNKE.MI,162.5800018310547,163.66000366210938,162.39999389648438,163.44000244140625,15737
2024-07-05,BNKE.MI,163.44000244140625,163.6199951171875,161.5,162.24000549316406,20898
2024-07-08,BNKE.MI,161.52000427246094,164.39999389648438,161.5,162.36000061035156,11095
2024-07-09,BNKE.MI,161.72000122070312,161.72000122070312,159.6999969482422,160.47999572753906,10338
2024-07-10,BNKE.MI,160.77999877929688,162.13999938964844,160.0399932861328,162.13999938964844,1647
2024-07-11,BNKE.MI,162.44000244140625,163.10000610351562,162.10000610351562,162.36000061035156,1974
2024-07-12,BNKE.MI,162.63999938964844,163.4600067138672,162.4600067138672,163.36000061035156,3371
2024-07-15,BNKE.MI,162.10000610351562,163.17999267578125,161.4600067138672,162.75999450683594,10798
2024-07-16,BNKE.MI,161.44000244140625,163.3800048828125,161.3000030517578,162.89999389648438,5323
2024-07-17,BNKE.MI,163.39999389648438,164.47999572753906,163.0800018310547,164.10000610351562,4047
2024-07-18,BNKE.MI,164.89999389648438,165.9199981689453,164.74000549316406,165.10000610351562,2543
2024-07-19,BNKE.MI,164.10000610351562,164.4600067138672,163.60000610351562,163.9600067138672,5421
2024-07-22,BNKE.MI,165.25999450683594,167.55999755859375,165.25999450683594,167.22000122070312,3824
2024-07-23,BNKE.MI,167.33999633789062,168.83999633789062,167.13999938964844,168.1199951171875,25058
2024-07-24,BNKE.MI,168.0399932861328,168.6999969482422,165.82000732421875,167.63999938964844,6959
2024-07-25,BNKE.MI,165.86000061035156,166.25999450683594,163.55999755859375,166.25999450683594,4953
2024-07-26,BNKE.MI,165.77999877929688,166.3000030517578,165.3800048828125,165.97999572753906,2389
2024-07-29,BNKE.MI,167.3000030517578,167.3000030517578,164.36000061035156,164.83999633789062,5067
2024-07-30,BNKE.MI,165.1199951171875,167.52000427246094,165.1199951171875,166.86000061035156,3860
2024-07-31,BNKE.MI,167.17999267578125,167.17999267578125,164.52000427246094,165.1999969482422,6375
2024-08-01,BNKE.MI,163.5,163.5800018310547,157.75999450683594,158.1199951171875,23035
2024-08-02,BNKE.MI,154.72000122070312,156.39999389648438,151.0,151.3800048828125,28528
2024-08-05,BNKE.MI,145.0,148.94000244140625,144.60000610351562,148.27999877929688,18745
2024-08-06,BNKE.MI,150.4600067138672,150.4600067138672,146.5800018310547,147.32000732421875,13898
2024-08-07,BNKE.MI,148.94000244140625,152.66000366210938,148.94000244140625,151.82000732421875,20909
2024-08-08,BNKE.MI,149.60000610351562,151.74000549316406,149.0800018310547,151.16000366210938,21090
2024-08-09,BNKE.MI,151.89999389648438,153.27999877929688,151.1199951171875,152.0399932861328,11911
2024-08-12,BNKE.MI,152.6199951171875,153.5399932861328,152.16000366210938,152.16000366210938,314
2024-08-13,BNKE.MI,152.94000244140625,153.27999877929688,151.74000549316406,152.72000122070312,6379
2024-08-14,BNKE.MI,153.24000549316406,153.8000030517578,153.05999755859375,153.16000366210938,5782
2024-08-16,BNKE.MI,156.97999572753906,157.8000030517578,155.4199981689453,157.60000610351562,34356
2024-08-19,BNKE.MI,158.32000732421875,159.5399932861328,158.24000549316406,159.1199951171875,3518
2024-08-20,BNKE.MI,159.67999267578125,159.67999267578125,156.94000244140625,157.3800048828125,775
2024-08-21,BNKE.MI,157.25999450683594,158.77999877929688,157.1199951171875,158.13999938964844,14174
2024-08-22,BNKE.MI,158.3000030517578,159.1199951171875,157.83999633789062,158.5399932861328,6977
2024-08-23,BNKE.MI,159.5,160.39999389648438,159.5,160.3800048828125,5891
2024-08-26,BNKE.MI,160.5,160.66000366210938,159.5399932861328,160.25999450683594,22652
2024-08-27,BNKE.MI,160.44000244140625,161.83999633789062,160.3800048828125,161.6199951171875,7797
2024-08-28,BNKE.MI,161.5399932861328,161.97999572753906,160.63999938964844,161.63999938964844,1914
2024-08-29,BNKE.MI,161.67999267578125,163.25999450683594,161.67999267578125,162.33999633789062,3378
2024-08-30,BNKE.MI,163.67999267578125,163.67999267578125,163.25999450683594,163.5800018310547,1932
2024-09-02,BNKE.MI,164.0,164.6999969482422,163.1199951171875,163.8000030517578,16583
2024-09-03,BNKE.MI,163.60000610351562,163.60000610351562,159.74000549316406,160.5399932861328,40783
2024-09-04,BNKE.MI,158.3000030517578,160.82000732421875,158.3000030517578,159.86000061035156,30038
2024-09-05,BNKE.MI,159.05999755859375,163.0,159.05999755859375,161.6199951171875,15297
2024-09-06,BNKE.MI,160.24000549316406,162.0800018310547,158.36000061035156,158.36000061035156,26183
2024-09-09,BNKE.MI,160.1999969482422,161.1199951171875,159.8000030517578,160.44000244140625,6720
2024-09-10,BNKE.MI,159.9600067138672,161.5,157.8000030517578,158.13999938964844,2700
2024-09-11,BNKE.MI,159.27999877929688,160.67999267578125,157.10000610351562,158.36000061035156,10942
2024-09-12,BNKE.MI,160.5,161.5800018310547,159.3800048828125,160.94000244140625,4388
2024-09-13,BNKE.MI,161.1999969482422,162.9600067138672,160.8800048828125,162.4199981689453,4037
2024-09-16,BNKE.MI,161.74000549316406,163.0,161.5399932861328,162.5800018310547,6151
2024-09-17,BNKE.MI,163.83999633789062,164.8000030517578,163.5399932861328,164.27999877929688,922
2024-09-18,BNKE.MI,164.5399932861328,165.3000030517578,164.3800048828125,164.4199981689453,1867
2024-09-19,BNKE.MI,166.1199951171875,166.72000122070312,165.0399932861328,166.72000122070312,21661
2024-09-20,BNKE.MI,167.13999938964844,168.0399932861328,166.27999877929688,166.77999877929688,6567
2024-09-23,BNKE.MI,166.4199981689453,166.4199981689453,163.39999389648438,163.77999877929688,22965
2024-09-24,BNKE.MI,165.16000366210938,166.05999755859375,164.6199951171875,164.77999877929688,3228
2024-09-25,BNKE.MI,163.94000244140625,165.1999969482422,163.02000427246094,164.13999938964844,5847
2024-09-26,BNKE.MI,166.36000061035156,168.66000366210938,165.94000244140625,168.1999969482422,6067
2024-09-27,BNKE.MI,167.86000061035156,168.60000610351562,167.1999969482422,168.33999633789062,2467
2024-09-30,BNKE.MI,167.75999450683594,167.75999450683594,165.47999572753906,166.10000610351562,6282
2024-10-01,BNKE.MI,166.3000030517578,166.3000030517578,160.74000549316406,161.32000732421875,6824
2024-10-02,BNKE.MI,160.89999389648438,162.60000610351562,160.10000610351562,161.0399932861328,18210
2024-10-03,BNKE.MI,160.8000030517578,161.1199951171875,158.89999389648438,160.25999450683594,10358
2024-10-04,BNKE.MI,160.8000030517578,164.1999969482422,160.8000030517578,163.02000427246094,28478
2024-10-07,BNKE.MI,163.5,165.47999572753906,163.10000610351562,164.82000732421875,9625
2024-10-08,BNKE.MI,164.47999572753906,164.9600067138672,164.3800048828125,164.4199981689453,2077
2024-10-09,BNKE.MI,163.77999877929688,164.5800018310547,162.60000610351562,164.5,5597
2024-10-10,BNKE.MI,165.36000061035156,165.83999633789062,164.55999755859375,165.1999969482422,2511
2024-10-11,BNKE.MI,165.77999877929688,166.33999633789062,165.0,166.1199951171875,21102
2024-10-14,BNKE.MI,166.8800048828125,167.3800048828125,166.0,167.3800048828125,18265
2024-10-15,BNKE.MI,167.4199981689453,168.02000427246094,166.10000610351562,167.4199981689453,14332
2024-10-16,BNKE.MI,167.3800048828125,167.82000732421875,165.77999877929688,167.25999450683594,6452
2024-10-17,BNKE.MI,168.4199981689453,169.66000366210938,168.3800048828125,168.4600067138672,8576
2024-10-18,BNKE.MI,167.66000366210938,170.44000244140625,167.47999572753906,169.63999938964844,9003
2024-10-21,BNKE.MI,169.10000610351562,169.47999572753906,167.8800048828125,168.02000427246094,5169
2024-10-22,BNKE.MI,167.3000030517578,167.8000030517578,166.0399932861328,167.8000030517578,1506
2024-10-23,BNKE.MI,167.33999633789062,167.39999389648438,166.63999938964844,166.97999572753906,2505
2024-10-24,BNKE.MI,166.8000030517578,167.33999633789062,165.97999572753906,166.02000427246094,16273
2024-10-25,BNKE.MI,166.17999267578125,167.05999755859375,165.9199981689453,165.9600067138672,2109
2024-10-28,BNKE.MI,167.22000122070312,167.66000366210938,165.77999877929688,167.5800018310547,6576
2024-10-29,BNKE.MI,168.33999633789062,168.4199981689453,166.8800048828125,167.17999267578125,270
2024-10-30,BNKE.MI,166.66000366210938,166.66000366210938,164.8800048828125,166.27999877929688,15011
2024-10-31,BNKE.MI,164.44000244140625,167.63999938964844,164.22000122070312,166.8000030517578,10224
2024-11-01,BNKE.MI,167.97999572753906,170.3800048828125,167.6999969482422,170.1199951171875,956
2024-11-04,BNKE.MI,170.77999877929688,171.5,170.1199951171875,170.9600067138672,7225
2024-11-05,BNKE.MI,171.36000061035156,171.74000549316406,170.6199951171875,171.5800018310547,3380
2024-11-06,BNKE.MI,172.36000061035156,172.8800048828125,166.0,166.4199981689453,6035
2024-11-07,BNKE.MI,168.1999969482422,168.52000427246094,166.47999572753906,166.47999572753906,9423
2024-11-08,BNKE.MI,165.36000061035156,166.32000732421875,163.82000732421875,165.0399932861328,14240
2024-11-11,BNKE.MI,166.1199951171875,167.75999450683594,165.9600067138672,167.36000061035156,5981
2024-11-12,BNKE.MI,167.05999755859375,167.05999755859375,163.94000244140625,164.02000427246094,3267
2024-11-13,BNKE.MI,164.16000366210938,165.60000610351562,162.94000244140625,163.74000549316406,62242
2024-11-14,BNKE.MI,165.66000366210938,167.0800018310547,164.77999877929688,167.0399932861328,5965
2024-11-15,BNKE.MI,167.6999969482422,168.6199951171875,167.6999969482422,168.02000427246094,727
2024-11-18,BNKE.MI,169.0800018310547,169.39999389648438,168.13999938964844,169.25999450683594,6720
2024-11-19,BNKE.MI,168.6999969482422,168.6999969482422,163.83999633789062,166.52000427246094,3568
2024-11-20,BNKE.MI,167.60000610351562,167.9600067138672,165.5,165.9199981689453,5509
2024-11-21,BNKE.MI,165.47999572753906,166.05999755859375,163.9199981689453,165.83999633789062,6967
2024-11-22,BNKE.MI,167.0,167.0,161.0,162.72000122070312,4654
2024-11-25,BNKE.MI,163.13999938964844,163.13999938964844,161.0800018310547,162.16000366210938,3606
2024-11-26,BNKE.MI,160.5,161.4199981689453,160.0,160.32000732421875,1025
2024-11-27,BNKE.MI,159.27999877929688,159.55999755859375,157.5399932861328,159.55999755859375,1541
2024-11-28,BNKE.MI,160.10000610351562,161.22000122070312,160.10000610351562,160.75999450683594,8226
2024-11-29,BNKE.MI,160.3000030517578,161.5399932861328,159.8800048828125,161.5399932861328,2766
2024-12-02,BNKE.MI,160.60000610351562,162.77999877929688,160.55999755859375,161.83999633789062,7946
2024-12-03,BNKE.MI,162.6999969482422,164.3000030517578,162.6999969482422,163.82000732421875,616
2024-12-04,BNKE.MI,164.3800048828125,165.5800018310547,164.36000061035156,164.72000122070312,3357
2024-12-05,BNKE.MI,165.52000427246094,169.74000549316406,165.52000427246094,169.72000122070312,9483
2024-12-06,BNKE.MI,170.1999969482422,170.77999877929688,168.8000030517578,168.97999572753906,25929
2024-12-09,BNKE.MI,170.5,170.5800018310547,169.8800048828125,170.0,4449
2024-12-10,BNKE.MI,169.89999389648438,170.60000610351562,169.74000549316406,170.13999938964844,1268
2024-12-11,BNKE.MI,170.67999267578125,170.83999633789062,169.39999389648438,169.86000061035156,4597
2024-12-12,BNKE.MI,170.75999450683594,171.1199951171875,170.0800018310547,170.1999969482422,1564
2024-12-13,BNKE.MI,171.36000061035156,171.52000427246094,170.66000366210938,170.97999572753906,2684
2024-12-16,BNKE.MI,171.97999572753906,172.3000030517578,170.94000244140625,171.4199981689453,6611
2024-12-17,BNKE.MI,170.60000610351562,170.60000610351562,168.32000732421875,168.44000244140625,4076
2024-12-18,BNKE.MI,168.67999267578125,170.3000030517578,168.67999267578125,169.67999267578125,772
2024-12-19,BNKE.MI,166.55999755859375,168.32000732421875,166.55999755859375,167.52000427246094,15074
2024-12-20,BNKE.MI,165.27999877929688,166.0800018310547,163.8000030517578,166.0800018310547,3664
2024-12-23,BNKE.MI,165.60000610351562,166.72000122070312,165.39999389648438,165.6999969482422,1895
2024-12-27,BNKE.MI,167.0,168.17999267578125,167.0,168.17999267578125,808
2024-12-30,BNKE.MI,167.75999450683594,169.63999938964844,167.75999450683594,168.52000427246094,1262
2025-01-02,BNKE.MI,170.55999755859375,170.55999755859375,164.25999450683594,169.0,8645
2025-01-03,BNKE.MI,168.97999572753906,169.13999938964844,168.0,168.27999877929688,359
2025-01-06,BNKE.MI,169.83999633789062,172.6199951171875,168.89999389648438,172.6199951171875,11050
2025-01-07,BNKE.MI,172.10000610351562,173.3800048828125,172.0800018310547,172.67999267578125,21809
2025-01-08,BNKE.MI,173.3000030517578,175.33999633789062,172.9600067138672,174.0399932861328,6734
2025-01-09,BNKE.MI,172.10000610351562,174.94000244140625,172.10000610351562,174.94000244140625,9746
2025-01-10,BNKE.MI,174.66000366210938,175.9199981689453,174.24000549316406,174.3800048828125,875
2025-01-13,BNKE.MI,174.77999877929688,175.5,173.24000549316406,175.4199981689453,8280
2025-01-14,BNKE.MI,177.77999877929688,178.74000549316406,177.77999877929688,178.39999389648438,5017
2025-01-15,BNKE.MI,179.33999633789062,180.89999389648438,178.67999267578125,180.60000610351562,23963
2025-01-16,BNKE.MI,181.32000732421875,181.8000030517578,180.17999267578125,180.52000427246094,3150
2025-01-17,BNKE.MI,181.47999572753906,182.27999877929688,181.4600067138672,181.60000610351562,7089
2025-01-20,BNKE.MI,182.97999572753906,184.60000610351562,182.66000366210938,184.05999755859375,4768
2025-01-21,BNKE.MI,183.60000610351562,183.66000366210938,183.0,183.63999938964844,1871
2025-01-22,BNKE.MI,183.44000244140625,183.77999877929688,181.9600067138672,181.9600067138672,13965
2025-01-23,BNKE.MI,182.3800048828125,185.77999877929688,182.3800048828125,185.74000549316406,1668
2025-01-24,BNKE.MI,186.8800048828125,187.39999389648438,185.97999572753906,186.22000122070312,1440
2025-01-27,BNKE.MI,185.4600067138672,187.0800018310547,185.0399932861328,186.5800018310547,4035
2025-01-28,BNKE.MI,186.94000244140625,187.9600067138672,186.05999755859375,187.25999450683594,3049
2025-01-29,BNKE.MI,188.0,189.1199951171875,187.25999450683594,189.0399932861328,2563
2025-01-30,BNKE.MI,189.1199951171875,189.60000610351562,188.1999969482422,189.4600067138672,3589
2025-01-31,BNKE.MI,189.67999267578125,189.67999267578125,188.13999938964844,188.17999267578125,2866
2025-02-03,BNKE.MI,184.16000366210938,185.39999389648438,182.82000732421875,185.10000610351562,12334
2025-02-04,BNKE.MI,186.75999450683594,187.97999572753906,184.5399932861328,187.97999572753906,9572
2025-02-05,BNKE.MI,190.05999755859375,190.55999755859375,188.83999633789062,189.05999755859375,1854
2025-02-06,BNKE.MI,190.55999755859375,196.5,190.47999572753906,196.5,8206
2025-02-07,BNKE.MI,197.4199981689453,197.4199981689453,195.60000610351562,196.22000122070312,23850
2025-02-10,BNKE.MI,197.22000122070312,197.22000122070312,195.44000244140625,195.83999633789062,3469
2025-02-11,BNKE.MI,195.5399932861328,198.60000610351562,194.89999389648438,198.60000610351562,1311
2025-02-12,BNKE.MI,199.94000244140625,202.0500030517578,199.22000122070312,201.10000610351562,4651
2025-02-13,BNKE.MI,201.60000610351562,201.60000610351562,199.5399932861328,200.35000610351562,4579
2025-02-14,BNKE.MI,200.39999389648438,202.10000610351562,200.1999969482422,201.85000610351562,7762
2025-02-17,BNKE.MI,202.75,204.85000610351562,202.75,203.4499969482422,4879
2025-02-18,BNKE.MI,203.9499969482422,207.1999969482422,203.9499969482422,207.1999969482422,1909
2025-02-19,BNKE.MI,207.64999389648438,207.9499969482422,203.8000030517578,204.10000610351562,7358
2025-02-20,BNKE.MI,204.6999969482422,206.0,203.85000610351562,204.14999389648438,2445
2025-02-21,BNKE.MI,204.35000610351562,205.8000030517578,203.89999389648438,205.6999969482422,15103
2025-02-24,BNKE.MI,206.14999389648438,207.89999389648438,204.64999389648438,206.89999389648438,11682
2025-02-25,BNKE.MI,207.75,212.0500030517578,207.75,210.1999969482422,3505
2025-02-26,BNKE.MI,211.9499969482422,215.35000610351562,211.89999389648438,215.3000030517578,4678
2025-02-27,BNKE.MI,214.0,215.6999969482422,213.0,214.5500030517578,13530
2025-02-28,BNKE.MI,212.14999389648438,214.10000610351562,212.0,214.10000610351562,1400
2025-03-03,BNKE.MI,214.85000610351562,219.39999389648438,212.75,217.85000610351562,4161
2025-03-04,BNKE.MI,215.25,215.25,207.1999969482422,208.6999969482422,12847
2025-03-05,BNKE.MI,215.25,220.5,215.14999389648438,219.6999969482422,72350
2025-03-06,BNKE.MI,223.8000030517578,226.14999389648438,221.85000610351562,225.35000610351562,9993
2025-03-07,BNKE.MI,222.6999969482422,226.14999389648438,222.64999389648438,224.5500030517578,7278
2025-03-10,BNKE.MI,224.89999389648438,224.89999389648438,216.8000030517578,218.0500030517578,11223
2025-03-11,BNKE.MI,217.75,218.39999389648438,212.64999389648438,214.1999969482422,10377
2025-03-12,BNKE.MI,217.25,219.64999389648438,216.85000610351562,218.0,3882
2025-03-13,BNKE.MI,216.4499969482422,218.75,215.9499969482422,216.6999969482422,4046
2025-03-14,BNKE.MI,215.1999969482422,223.1999969482422,215.1999969482422,222.0,13198
2025-03-17,BNKE.MI,221.8000030517578,225.14999389648438,221.75,224.5500030517578,8328
2025-03-18,BNKE.MI,225.60000610351562,230.1999969482422,225.35000610351562,230.1999969482422,6586
2025-03-19,BNKE.MI,228.9499969482422,230.1999969482422,228.5500030517578,229.89999389648438,4440
2025-03-20,BNKE.MI,229.60000610351562,229.60000610351562,222.85000610351562,224.64999389648438,24247
2025-03-21,BNKE.MI,224.25,226.0500030517578,222.39999389648438,225.25,11549
2025-03-24,BNKE.MI,227.9499969482422,228.8000030517578,225.85000610351562,225.85000610351562,7714
2025-03-25,BNKE.MI,228.14999389648438,230.8000030517578,227.35000610351562,230.60000610351562,6284
2025-03-26,BNKE.MI,230.25,230.5,227.35000610351562,228.60000610351562,8683
2025-03-27,BNKE.MI,225.35000610351562,228.14999389648438,223.89999389648438,227.0500030517578,6603
2025-03-28,BNKE.MI,224.8000030517578,224.8000030517578,221.4499969482422,222.0500030517578,4415
2025-03-31,BNKE.MI,218.75,218.75,215.1999969482422,217.5500030517578,12607
2025-04-01,BNKE.MI,219.14999389648438,222.10000610351562,218.25,221.5,30171
2025-04-02,BNKE.MI,220.5500030517578,220.64999389648438,217.89999389648438,220.64999389648438,2046
2025-04-03,BNKE.MI,213.8000030517578,215.0,210.0,210.0,32234
2025-04-04,BNKE.MI,203.25,203.9499969482422,187.5800018310547,191.9600067138672,61193
2025-04-07,BNKE.MI,176.39999389648438,191.0,174.97999572753906,184.83999633789062,64817
2025-04-08,BNKE.MI,190.72000122070312,193.86000061035156,184.86000061035156,190.6199951171875,17131
2025-04-09,BNKE.MI,185.1199951171875,187.4199981689453,182.5,185.89999389648438,33782
2025-04-10,BNKE.MI,211.10000610351562,211.8000030517578,196.1999969482422,196.1999969482422,23352
2025-04-11,BNKE.MI,198.0,199.1999969482422,192.66000366210938,195.6999969482422,19804
2025-04-14,BNKE.MI,201.0,202.5,200.10000610351562,202.10000610351562,13951
2025-04-15,BNKE.MI,204.60000610351562,208.60000610351562,203.35000610351562,208.35000610351562,88471
2025-04-16,BNKE.MI,207.1999969482422,209.25,205.0,209.25,6475
2025-04-17,BNKE.MI,209.64999389648438,209.64999389648438,206.0,207.39999389648438,2152
2025-04-22,BNKE.MI,207.0500030517578,209.9499969482422,206.89999389648438,209.35000610351562,5006
2025-04-23,BNKE.MI,213.85000610351562,217.25,213.4499969482422,216.60000610351562,9003
2025-04-24,BNKE.MI,216.4499969482422,216.4499969482422,213.85000610351562,214.75,8352
2025-04-25,BNKE.MI,216.85000610351562,218.3000030517578,215.3000030517578,218.10000610351562,11233
2025-04-28,BNKE.MI,220.39999389648438,221.64999389648438,220.0,220.85000610351562,10640
2025-04-29,BNKE.MI,224.10000610351562,224.75,221.9499969482422,223.35000610351562,5918
2025-04-30,BNKE.MI,224.25,224.25,215.10000610351562,219.0500030517578,6443
2025-05-02,BNKE.MI,223.0500030517578,224.39999389648438,221.75,224.39999389648438,10296
2025-05-05,BNKE.MI,224.60000610351562,225.6999969482422,224.0500030517578,225.4499969482422,9178
2025-05-06,BNKE.MI,226.6999969482422,226.75,221.4499969482422,225.0500030517578,22846
2025-05-07,BNKE.MI,225.10000610351562,226.25,224.3000030517578,224.85000610351562,4417
2025-05-08,BNKE.MI,226.25,229.25,225.6999969482422,229.25,4898
2025-05-09,BNKE.MI,229.6999969482422,231.25,229.3000030517578,231.25,3092
2025-05-12,BNKE.MI,236.0500030517578,237.0,233.85000610351562,236.0,9553
2025-05-13,BNKE.MI,235.60000610351562,236.5,235.39999389648438,236.0,4411
2025-05-14,BNKE.MI,237.1999969482422,239.10000610351562,236.5,239.10000610351562,11160
2025-05-15,BNKE.MI,239.4499969482422,239.4499969482422,237.64999389648438,239.1999969482422,6365
2025-05-16,BNKE.MI,239.39999389648438,239.9499969482422,238.5500030517578,239.9499969482422,3279
2025-05-19,BNKE.MI,241.0500030517578,242.89999389648438,240.35000610351562,242.3000030517578,37702
2025-05-20,BNKE.MI,243.8000030517578,246.10000610351562,243.60000610351562,245.0500030517578,12914
2025-05-21,BNKE.MI,246.35000610351562,246.8000030517578,244.10000610351562,245.35000610351562,3672
2025-05-22,BNKE.MI,244.6999969482422,244.89999389648438,242.4499969482422,244.89999389648438,9084
2025-05-23,BNKE.MI,245.0,246.5500030517578,233.25,239.3000030517578,14641
2025-05-26,BNKE.MI,243.39999389648438,243.75,242.10000610351562,242.60000610351562,8306
2025-05-27,BNKE.MI,242.85000610351562,243.85000610351562,242.1999969482422,243.60000610351562,4748
2025-05-28,BNKE.MI,244.39999389648438,245.3000030517578,241.60000610351562,241.60000610351562,2754
2025-05-29,BNKE.MI,243.3000030517578,244.3000030517578,241.6999969482422,242.6999969482422,5383
2025-05-30,BNKE.MI,242.35000610351562,244.14999389648438,241.89999389648438,242.5500030517578,1907
2025-06-02,BNKE.MI,242.4499969482422,243.35000610351562,240.5,242.6999969482422,1932
2025-06-03,BNKE.MI,243.14999389648438,243.14999389648438,239.25,242.6999969482422,7598
2025-06-04,BNKE.MI,244.10000610351562,244.4499969482422,239.8000030517578,240.89999389648438,8261
2025-06-05,BNKE.MI,241.14999389648438,244.1999969482422,240.14999389648438,244.10000610351562,8465
2025-06-06,BNKE.MI,244.64999389648438,246.75,243.6999969482422,246.1999969482422,3513
2025-06-09,BNKE.MI,246.0500030517578,246.39999389648438,244.5500030517578,246.39999389648438,9203
2025-06-10,BNKE.MI,245.64999389648438,245.64999389648438,241.35000610351562,241.60000610351562,4525
2025-06-11,BNKE.MI,242.6999969482422,242.9499969482422,240.4499969482422,242.0,44778
2025-06-12,BNKE.MI,240.0,242.9499969482422,239.0,242.1999969482422,5688
2025-06-13,BNKE.MI,237.85000610351562,238.8000030517578,236.9499969482422,238.5,11573
2025-06-16,BNKE.MI,240.8000030517578,244.39999389648438,240.8000030517578,244.39999389648438,6698
2025-06-17,BNKE.MI,242.25,242.25,237.89999389648438,238.89999389648438,17497
2025-06-18,BNKE.MI,239.39999389648438,240.89999389648438,238.0,240.5500030517578,3868
2025-06-19,BNKE.MI,238.9499969482422,239.89999389648438,235.85000610351562,235.9499969482422,5265
2025-06-20,BNKE.MI,237.8000030517578,240.0,237.8000030517578,237.8000030517578,11689
2025-06-23,BNKE.MI,236.0,238.0500030517578,233.60000610351562,235.25,9192
2025-06-24,BNKE.MI,240.6999969482422,242.6999969482422,239.6999969482422,241.9499969482422,9412
2025-06-25,BNKE.MI,241.8000030517578,241.8000030517578,237.64999389648438,239.14999389648438,3921
2025-06-26,BNKE.MI,240.4499969482422,240.4499969482422,238.3000030517578,238.75,1050
2025-06-27,BNKE.MI,240.64999389648438,242.25,239.4499969482422,242.25,1835
2025-06-30,BNKE.MI,242.85000610351562,242.85000610351562,239.6999969482422,242.14999389648438,4115
2025-07-01,BNKE.MI,242.39999389648438,242.39999389648438,239.14999389648438,239.39999389648438,1070
2025-07-02,BNKE.MI,242.10000610351562,243.85000610351562,241.25,242.5500030517578,6137
2025-07-03,BNKE.MI,243.0,245.39999389648438,242.10000610351562,245.39999389648438,34752
2025-07-04,BNKE.MI,245.0500030517578,245.4499969482422,241.10000610351562,242.4499969482422,2718
2025-07-07,BNKE.MI,243.10000610351562,246.10000610351562,242.64999389648438,246.10000610351562,2912
2025-07-08,BNKE.MI,246.8000030517578,249.10000610351562,246.5,248.25,5820
2025-07-09,BNKE.MI,250.39999389648438,254.85000610351562,250.0,254.85000610351562,8803
2025-07-10,BNKE.MI,254.4499969482422,254.4499969482422,250.8000030517578,250.8000030517578,4872
2025-07-11,BNKE.MI,250.14999389648438,250.25,245.0500030517578,246.39999389648438,11167
2025-07-14,BNKE.MI,243.75,247.14999389648438,242.9499969482422,247.14999389648438,19256
2025-07-15,BNKE.MI,248.4499969482422,248.4499969482422,244.0,244.5500030517578,7360
2025-07-16,BNKE.MI,244.5,246.60000610351562,244.0,244.5500030517578,12606
2025-07-17,BNKE.MI,245.35000610351562,246.3000030517578,244.35000610351562,246.3000030517578,2883
2025-07-18,BNKE.MI,247.0,247.1999969482422,246.0,246.60000610351562,1078
2025-07-21,BNKE.MI,246.0500030517578,247.0,243.9499969482422,247.0,7283
2025-07-22,BNKE.MI,246.39999389648438,247.0,243.85000610351562,246.0,8138
2025-07-23,BNKE.MI,248.85000610351562,251.14999389648438,248.25,250.5,16086
2025-07-24,BNKE.MI,254.4499969482422,256.29998779296875,254.4499969482422,255.9499969482422,14382
2025-07-25,BNKE.MI,254.5,256.5,254.5,255.8000030517578,7261
2025-07-28,BNKE.MI,258.75,259.25,255.0,255.25,7188
2025-07-29,BNKE.MI,256.75,260.8500061035156,256.75,259.6499938964844,7386
2025-07-30,BNKE.MI,258.70001220703125,263.1499938964844,258.20001220703125,263.1000061035156,17112
2025-07-31,BNKE.MI,266.3500061035156,268.1000061035156,264.0,265.29998779296875,9384
2025-08-01,BNKE.MI,262.1499938964844,263.1499938964844,254.1999969482422,255.85000610351562,37117
2025-08-04,BNKE.MI,258.29998779296875,262.95001220703125,258.1000061035156,262.8999938964844,6003
2025-08-05,BNKE.MI,263.6000061035156,264.0,260.95001220703125,262.54998779296875,13322
2025-08-06,BNKE.MI,263.79998779296875,265.8999938964844,263.1000061035156,265.8999938964844,5005
2025-08-07,BNKE.MI,268.3500061035156,271.29998779296875,268.20001220703125,271.04998779296875,12997
2025-08-08,BNKE.MI,271.54998779296875,276.3500061035156,271.0,276.29998779296875,7289
2025-08-11,BNKE.MI,277.3999938964844,277.75,274.1499938964844,277.75,9889
2025-08-12,BNKE.MI,278.79998779296875,279.54998779296875,277.29998779296875,278.6000061035156,6740
2025-08-13,BNKE.MI,279.6000061035156,281.3999938964844,279.5,281.0,5626
2025-08-14,BNKE.MI,281.8999938964844,284.70001220703125,281.79998779296875,284.3999938964844,6755
2025-08-18,BNKE.MI,282.79998779296875,282.8999938964844,279.8500061035156,282.70001220703125,7377
2025-08-19,BNKE.MI,283.70001220703125,286.1000061035156,283.45001220703125,285.1499938964844,4454
2025-08-20,BNKE.MI,284.29998779296875,284.29998779296875,282.04998779296875,283.54998779296875,6837
2025-08-21,BNKE.MI,283.3999938964844,285.29998779296875,281.8500061035156,285.29998779296875,7149
2025-08-22,BNKE.MI,284.45001220703125,286.29998779296875,284.45001220703125,285.6000061035156,2932
2025-08-25,BNKE.MI,284.6000061035156,286.20001220703125,282.29998779296875,282.6499938964844,4760
2025-08-26,BNKE.MI,277.8500061035156,277.8500061035156,273.75,275.6499938964844,13190
2025-08-27,BNKE.MI,276.45001220703125,276.45001220703125,269.95001220703125,271.3999938964844,4449
2025-08-28,BNKE.MI,272.79998779296875,273.75,270.1499938964844,272.1000061035156,7612
2025-08-29,BNKE.MI,271.1499938964844,271.3500061035156,268.45001220703125,270.8500061035156,9523
2025-09-01,BNKE.MI,272.45001220703125,273.20001220703125,271.3500061035156,272.8500061035156,4133
2025-09-02,BNKE.MI,273.70001220703125,273.70001220703125,267.6000061035156,268.75,10537
2025-09-03,BNKE.MI,269.20001220703125,270.1000061035156,267.25,269.8500061035156,4393
2025-09-04,BNKE.MI,270.29998779296875,273.6499938964844,269.04998779296875,273.6000061035156,16555
2025-09-05,BNKE.MI,274.54998779296875,275.29998779296875,269.29998779296875,270.25,10702
2025-09-08,BNKE.MI,271.5,274.04998779296875,271.29998779296875,274.04998779296875,1258
2025-09-09,BNKE.MI,274.3500061035156,276.45001220703125,272.70001220703125,276.45001220703125,16853
2025-09-10,BNKE.MI,276.3500061035156,279.3500061035156,276.0,278.45001220703125,6430
2025-09-11,BNKE.MI,278.3999938964844,281.5,277.8999938964844,280.6499938964844,10768
2025-09-12,BNKE.MI,281.1499938964844,281.3999938964844,278.54998779296875,281.3999938964844,26114
2025-09-15,BNKE.MI,283.8500061035156,285.8500061035156,283.20001220703125,285.29998779296875,11566
2025-09-16,BNKE.MI,283.3500061035156,283.70001220703125,279.1499938964844,279.5,6256
2025-09-17,BNKE.MI,279.95001220703125,280.20001220703125,275.8500061035156,276.6000061035156,5775
2025-09-18,BNKE.MI,278.75,280.1000061035156,276.29998779296875,279.0,21694
2025-09-19,BNKE.MI,280.0,282.6499938964844,279.29998779296875,281.8500061035156,8506
2025-09-22,BNKE.MI,280.20001220703125,280.20001220703125,277.75,279.1499938964844,4970
2025-09-23,BNKE.MI,279.6000061035156,281.70001220703125,277.8999938964844,280.3500061035156,8037
2025-09-24,BNKE.MI,279.20001220703125,282.0,277.0,281.1499938964844,8052
2025-09-25,BNKE.MI,280.1000061035156,280.6000061035156,278.8999938964844,280.1499938964844,10319
2025-09-26,BNKE.MI,282.75,285.29998779296875,281.95001220703125,284.75,8880
2025-09-29,BNKE.MI,284.54998779296875,284.75,282.1000061035156,282.1000061035156,15868
2025-09-30,BNKE.MI,282.1000061035156,283.6499938964844,281.70001220703125,282.95001220703125,9119
2025-10-01,BNKE.MI,281.75,285.54998779296875,280.0,285.25,13543
2025-10-02,BNKE.MI,286.3500061035156,286.3500061035156,282.3500061035156,282.95001220703125,29401
2025-10-03,BNKE.MI,285.3999938964844,285.79998779296875,283.54998779296875,284.04998779296875,12311
2025-10-06,BNKE.MI,281.75,282.79998779296875,277.1499938964844,280.04998779296875,22015
2025-10-07,BNKE.MI,278.8999938964844,280.6000061035156,277.1499938964844,277.29998779296875,10160
2025-10-08,BNKE.MI,278.8999938964844,281.04998779296875,278.45001220703125,280.75,1843
2025-10-09,BNKE.MI,280.6499938964844,280.8999938964844,278.5,279.0,6976
2025-10-10,BNKE.MI,280.0,281.45001220703125,275.3999938964844,275.75,16881
2025-10-13,BNKE.MI,276.95001220703125,278.29998779296875,275.8500061035156,277.25,4852
2025-10-14,BNKE.MI,273.3500061035156,277.8500061035156,272.6499938964844,277.75,11152
2025-10-15,BNKE.MI,279.20001220703125,281.3500061035156,276.3500061035156,276.3500061035156,9518
2025-10-16,BNKE.MI,277.6499938964844,278.8999938964844,274.6000061035156,278.8999938964844,5297
2025-10-17,BNKE.MI,273.25,275.54998779296875,269.04998779296875,272.25,27331
2025-10-20,BNKE.MI,275.54998779296875,277.75,272.54998779296875,274.8999938964844,4329
2025-10-21,BNKE.MI,275.79998779296875,276.3500061035156,273.54998779296875,273.54998779296875,3673
2025-10-22,BNKE.MI,272.6499938964844,273.79998779296875,271.04998779296875,272.6000061035156,5426
2025-10-23,BNKE.MI,273.1499938964844,274.6499938964844,272.45001220703125,273.04998779296875,10048
2025-10-27,BNKE.MI,274.6499938964844,277.04998779296875,273.8500061035156,276.45001220703125,7150
2025-10-28,BNKE.MI,275.3999938964844,277.20001220703125,275.0,277.20001220703125,3370
2025-10-29,BNKE.MI,278.79998779296875,282.5,277.5,282.5,9667
2025-10-30,BNKE.MI,283.25,283.3500061035156,279.1000061035156,281.70001220703125,9833
2025-10-31,BNKE.MI,282.1000061035156,284.0,281.54998779296875,283.0,2675
2025-11-03,BNKE.MI,282.6499938964844,287.20001220703125,282.6499938964844,283.79998779296875,19201
2025-11-04,BNKE.MI,280.29998779296875,284.29998779296875,279.1499938964844,284.20001220703125,5214
2025-11-05,BNKE.MI,282.75,285.70001220703125,281.8500061035156,285.70001220703125,7512
2025-11-06,BNKE.MI,285.1000061035156,287.70001220703125,284.95001220703125,286.25,16129
2025-11-07,BNKE.MI,287.29998779296875,287.3500061035156,283.3500061035156,283.8999938964844,9216
2025-11-10,BNKE.MI,288.54998779296875,293.8999938964844,288.54998779296875,293.8999938964844,7358
2025-11-11,BNKE.MI,295.1000061035156,297.1000061035156,294.8500061035156,297.1000061035156,5363
2025-11-12,BNKE.MI,299.5,303.6499938964844,299.5,302.95001220703125,15370
2025-11-13,BNKE.MI,304.3999938964844,304.6499938964844,302.5,302.5,12038
2025-11-14,BNKE.MI,298.75,298.75,292.75,295.1499938964844,19843
2025-11-17,BNKE.MI,295.75,295.8500061035156,290.5,291.20001220703125,15025
2025-11-18,BNKE.MI,285.6499938964844,286.20001220703125,281.1000061035156,282.54998779296875,17272
2025-11-19,BNKE.MI,282.3999938964844,285.95001220703125,280.1499938964844,284.3500061035156,21088
2025-11-20,BNKE.MI,289.6499938964844,290.1000061035156,287.1499938964844,287.1499938964844,7226
2025-11-21,BNKE.MI,282.29998779296875,286.25,282.1499938964844,285.79998779296875,5065
2025-11-24,BNKE.MI,288.6000061035156,290.70001220703125,286.1000061035156,288.0,5521
2025-11-25,BNKE.MI,288.1499938964844,293.79998779296875,287.0,293.04998779296875,6139
2025-11-26,BNKE.MI,295.04998779296875,297.79998779296875,293.6499938964844,297.6499938964844,9161
2025-11-27,BNKE.MI,296.8999938964844,298.3500061035156,296.3500061035156,298.04998779296875,3715
2025-11-28,BNKE.MI,297.8999938964844,298.70001220703125,297.20001220703125,298.29998779296875,5442
2025-12-01,BNKE.MI,297.95001220703125,299.1000061035156,296.3500061035156,299.1000061035156,6955
2025-12-02,BNKE.MI,299.6499938964844,303.29998779296875,299.6499938964844,302.6499938964844,4402
2025-12-03,BNKE.MI,302.79998779296875,304.70001220703125,300.04998779296875,300.25,7033
2025-12-04,BNKE.MI,301.6000061035156,303.8500061035156,299.5,303.79998779296875,5065
2025-12-05,BNKE.MI,305.1000061035156,306.6499938964844,302.1000061035156,302.1000061035156,10567
2025-12-08,BNKE.MI,301.54998779296875,304.25,301.04998779296875,304.25,2833
2025-12-09,BNKE.MI,306.04998779296875,307.6000061035156,304.8999938964844,306.8999938964844,10457
2025-12-10,BNKE.MI,305.45001220703125,307.5,305.29998779296875,307.25,5084
2025-12-11,BNKE.MI,306.79998779296875,313.0,306.70001220703125,312.5,8311
2025-12-12,BNKE.MI,314.8999938964844,315.5,307.6499938964844,307.6499938964844,17101
2025-12-15,BNKE.MI,311.3500061035156,313.5,310.95001220703125,313.04998779296875,7298
2025-12-16,BNKE.MI,313.8999938964844,316.3999938964844,312.6499938964844,312.6499938964844,7070
2025-12-17,BNKE.MI,314.3999938964844,316.1499938964844,314.3999938964844,315.1000061035156,12496
2025-12-18,BNKE.MI,314.45001220703125,318.3999938964844,313.8999938964844,318.3999938964844,24135
2025-12-19,BNKE.MI,319.79998779296875,321.0,318.0,320.29998779296875,9937
2025-12-22,BNKE.MI,320.04998779296875,320.8500061035156,318.29998779296875,318.95001220703125,9524
2025-12-23,BNKE.MI,319.25,320.95001220703125,316.54998779296875,320.5,9729
2025-12-29,BNKE.MI,321.0,321.0,318.1000061035156,318.6499938964844,5570
2025-12-30,BNKE.MI,319.5,324.3999938964844,319.1000061035156,323.54998779296875,2598
2026-01-02,BNKE.MI,323.45001220703125,327.45001220703125,322.6000061035156,327.29998779296875,7791
2026-01-05,BNKE.MI,329.04998779296875,330.3500061035156,325.1499938964844,329.45001220703125,12435
2026-01-06,BNKE.MI,331.3999938964844,332.0,325.79998779296875,326.8500061035156,33707
2026-01-07,BNKE.MI,325.95001220703125,326.1499938964844,321.70001220703125,321.70001220703125,13962
2026-01-08,BNKE.MI,320.8500061035156,325.04998779296875,320.6499938964844,325.04998779296875,3536
2026-01-09,BNKE.MI,326.04998779296875,327.3500061035156,324.29998779296875,327.20001220703125,2659
2026-01-12,BNKE.MI,325.1000061035156,329.79998779296875,322.5,329.70001220703125,4561
2026-01-13,BNKE.MI,330.6499938964844,332.75,330.45001220703125,331.75,9585
2026-01-14,BNKE.MI,332.70001220703125,334.1499938964844,331.3500061035156,332.29998779296875,5305
2026-01-15,BNKE.MI,332.8500061035156,335.0,331.54998779296875,333.0,4878
2026-01-16,BNKE.MI,332.3999938964844,332.79998779296875,330.79998779296875,332.54998779296875,3723
2026-01-19,BNKE.MI,326.29998779296875,329.8999938964844,324.79998779296875,329.75,9112
2026-01-20,BNKE.MI,327.1499938964844,328.79998779296875,323.3999938964844,326.20001220703125,12969
2026-01-21,BNKE.MI,324.1499938964844,326.54998779296875,319.70001220703125,325.54998779296875,11371
2026-01-22,BNKE.MI,329.8500061035156,332.75,328.0,332.5,7605
2026-01-23,BNKE.MI,330.79998779296875,331.95001220703125,327.70001220703125,328.6499938964844,7891
2026-01-26,BNKE.MI,329.25,333.54998779296875,329.25,332.3999938964844,5771
2026-01-27,BNKE.MI,334.8999938964844,338.3500061035156,334.45001220703125,337.95001220703125,6166
2026-01-28,BNKE.MI,337.1000061035156,337.1000061035156,331.45001220703125,333.04998779296875,6044
2026-01-29,BNKE.MI,334.1000061035156,337.1499938964844,330.3500061035156,330.8500061035156,7290
2026-01-30,BNKE.MI,334.70001220703125,338.3999938964844,334.6499938964844,336.45001220703125,3543
2026-02-02,BNKE.MI,333.45001220703125,344.04998779296875,333.3500061035156,343.95001220703125,9160
2026-02-03,BNKE.MI,348.1499938964844,349.0,345.5,346.95001220703125,9976
2026-02-04,BNKE.MI,345.3999938964844,347.79998779296875,342.5,343.0,7178
2026-02-05,BNKE.MI,341.3500061035156,344.45001220703125,330.54998779296875,331.29998779296875,9169
2026-02-06,BNKE.MI,330.75,335.54998779296875,329.70001220703125,334.20001220703125,6841
2026-02-09,BNKE.MI,338.20001220703125,341.8999938964844,337.45001220703125,341.8999938964844,7466
2026-02-10,BNKE.MI,341.8500061035156,343.5,338.3500061035156,338.3500061035156,5882
2026-02-11,BNKE.MI,339.75,339.75,330.70001220703125,332.3500061035156,26536
2026-02-12,BNKE.MI,334.8999938964844,337.75,325.6499938964844,326.70001220703125,18145
2026-02-13,BNKE.MI,325.20001220703125,327.20001220703125,313.6000061035156,316.3999938964844,18472
2026-02-16,BNKE.MI,319.95001220703125,323.0,319.8999938964844,320.5,9664
2026-02-17,BNKE.MI,320.3500061035156,324.6000061035156,320.0,324.45001220703125,7548
2026-02-18,BNKE.MI,327.29998779296875,331.8999938964844,327.1000061035156,331.6000061035156,3510
2026-02-19,BNKE.MI,330.79998779296875,332.5,326.70001220703125,327.5,7540
2026-02-20,BNKE.MI,328.70001220703125,333.6499938964844,327.95001220703125,333.3999938964844,7241
2026-02-23,BNKE.MI,335.45001220703125,340.1000061035156,334.25,334.6499938964844,10140
2026-02-24,BNKE.MI,328.95001220703125,329.5,326.0,328.8999938964844,4375
2026-02-25,BNKE.MI,332.95001220703125,335.45001220703125,332.04998779296875,335.45001220703125,9186
2026-02-26,BNKE.MI,334.29998779296875,335.8999938964844,333.04998779296875,335.1000061035156,3943
2026-02-27,BNKE.MI,334.95001220703125,336.54998779296875,327.54998779296875,329.25,9145
2026-03-02,BNKE.MI,316.04998779296875,320.20001220703125,314.8999938964844,318.0,15589
2026-03-03,BNKE.MI,311.75,311.75,298.04998779296875,303.95001220703125,47074
2026-03-04,BNKE.MI,303.6499938964844,313.3999938964844,300.0,311.1499938964844,24256
2026-03-05,BNKE.MI,307.8999938964844,314.6499938964844,303.54998779296875,304.54998779296875,12934
2026-03-09,BNKE.MI,290.29998779296875,298.45001220703125,288.6499938964844,297.70001220703125,45709
2026-03-10,BNKE.MI,309.8500061035156,312.04998779296875,305.95001220703125,310.1000061035156,13059
2026-03-11,BNKE.MI,306.8500061035156,311.29998779296875,306.6000061035156,308.3500061035156,10068
2026-03-12,BNKE.MI,306.79998779296875,306.79998779296875,295.20001220703125,299.1499938964844,29032
2026-03-13,BNKE.MI,293.6000061035156,300.20001220703125,292.1499938964844,295.04998779296875,10945
2026-03-16,BNKE.MI,294.8999938964844,298.3999938964844,291.25,296.3500061035156,7955
2026-03-17,BNKE.MI,295.1000061035156,302.0,294.5,298.04998779296875,5778
2026-03-18,BNKE.MI,302.75,306.25,299.45001220703125,301.54998779296875,13022
2026-03-19,BNKE.MI,296.79998779296875,297.3999938964844,288.75,292.6000061035156,29560
2026-03-20,BNKE.MI,296.95001220703125,299.70001220703125,286.3999938964844,287.3500061035156,10785
2026-03-23,BNKE.MI,280.6000061035156,300.3999938964844,278.0,294.29998779296875,56437
2026-03-24,BNKE.MI,294.29998779296875,294.95001220703125,288.6000061035156,292.25,8278
2026-03-25,BNKE.MI,299.3500061035156,300.8999938964844,297.45001220703125,299.20001220703125,14180
2026-03-26,BNKE.MI,297.25,297.6000061035156,291.8999938964844,292.6499938964844,13560
2026-03-27,BNKE.MI,293.54998779296875,293.54998779296875,287.3999938964844,289.95001220703125,18092
2026-03-30,BNKE.MI,287.70001220703125,290.0,286.8500061035156,290.0,2004
2026-03-31,BNKE.MI,291.04998779296875,295.75,289.70001220703125,292.6499938964844,15805
2026-04-01,BNKE.MI,304.20001220703125,306.54998779296875,302.79998779296875,305.95001220703125,16330
2026-04-02,BNKE.MI,298.3999938964844,301.95001220703125,295.1000061035156,300.8500061035156,8719
2026-04-07,BNKE.MI,305.6000061035156,307.1000061035156,299.5,300.8500061035156,10958
2026-04-08,BNKE.MI,320.1499938964844,325.6000061035156,318.54998779296875,321.45001220703125,16534
2026-04-09,BNKE.MI,320.5,320.70001220703125,316.79998779296875,319.8500061035156,11353
2026-04-10,BNKE.MI,320.1499938964844,325.5,318.3999938964844,324.0,10038
2026-04-13,BNKE.MI,318.75,323.45001220703125,318.75,323.29998779296875,11245
2026-04-14,BNKE.MI,326.1000061035156,330.6499938964844,325.3999938964844,330.54998779296875,16642
2026-04-15,BNKE.MI,329.95001220703125,331.20001220703125,328.25,330.95001220703125,4048
2026-04-16,BNKE.MI,330.8500061035156,332.29998779296875,327.1499938964844,327.29998779296875,5708
2026-04-17,BNKE.MI,327.04998779296875,339.0,327.0,337.95001220703125,10068
2026-04-20,BNKE.MI,332.5,333.8999938964844,330.1499938964844,331.5,13493
2026-04-21,BNKE.MI,331.3500061035156,333.1499938964844,328.3999938964844,328.3999938964844,8246
2026-04-22,BNKE.MI,329.75,329.95001220703125,324.1499938964844,324.45001220703125,4737
2026-04-23,BNKE.MI,321.3500061035156,322.25,317.04998779296875,320.45001220703125,9333
2026-04-24,BNKE.MI,317.54998779296875,319.70001220703125,314.1499938964844,317.6499938964844,10880
2026-04-27,BNKE.MI,318.5,322.29998779296875,318.0,319.54998779296875,5141
2026-04-28,BNKE.MI,320.8500061035156,325.1000061035156,320.8500061035156,323.5,5150
2026-04-29,BNKE.MI,323.70001220703125,324.3500061035156,320.79998779296875,322.70001220703125,7832
2026-04-30,BNKE.MI,317.20001220703125,322.95001220703125,315.5,322.3999938964844,12433
2026-05-04,BNKE.MI,322.5,323.3999938964844,312.8500061035156,313.3500061035156,7518
2026-05-05,BNKE.MI,313.1499938964844,320.70001220703125,313.1000061035156,319.95001220703125,7584
2026-05-06,BNKE.MI,325.79998779296875,336.29998779296875,325.79998779296875,331.95001220703125,13346
2026-05-07,BNKE.MI,333.45001220703125,335.54998779296875,331.6000061035156,331.75,12571
2026-05-08,BNKE.MI,327.0,330.3500061035156,326.5,328.3500061035156,41194
2026-05-11,BNKE.MI,328.45001220703125,330.79998779296875,327.54998779296875,328.8999938964844,3502
2026-05-12,BNKE.MI,323.04998779296875,325.25,322.75,323.70001220703125,3361
2026-05-13,BNKE.MI,327.25,327.29998779296875,321.3999938964844,326.25,3346
2026-05-14,BNKE.MI,329.25,330.20001220703125,328.20001220703125,329.1000061035156,1986
2026-05-15,BNKE.MI,325.6499938964844,326.54998779296875,322.1499938964844,325.25,11295
2026-05-18,BNKE.MI,323.75,328.04998779296875,321.04998779296875,326.3500061035156,5021
2026-05-19,BNKE.MI,326.8999938964844,329.04998779296875,325.1000061035156,325.1000061035156,18462
2026-05-20,BNKE.MI,324.3999938964844,335.5,323.75,334.1000061035156,8969
2026-05-21,BNKE.MI,333.20001220703125,335.25,329.8500061035156,331.8999938964844,6966
2026-05-22,BNKE.MI,333.25,336.8999938964844,332.6000061035156,334.8500061035156,11888
2026-05-25,BNKE.MI,340.04998779296875,345.3999938964844,339.1499938964844,344.95001220703125,6711
2026-05-26,BNKE.MI,344.6000061035156,345.0,341.1000061035156,341.1000061035156,5283
2026-05-27,BNKE.MI,344.25,345.0,341.3500061035156,341.6499938964844,1942
2026-05-28,BNKE.MI,340.0,341.25,337.20001220703125,339.6000061035156,5083
2026-05-29,BNKE.MI,342.3999938964844,345.0,341.79998779296875,343.20001220703125,7716
2026-06-01,BNKE.MI,342.3999938964844,343.70001220703125,337.70001220703125,340.54998779296875,3970
2026-06-02,BNKE.MI,343.3500061035156,344.95001220703125,341.1499938964844,343.04998779296875,853
2026-06-03,BNKE.MI,340.8999938964844,341.3500061035156,337.6000061035156,337.6000061035156,2453
2026-06-04,BNKE.MI,339.25,341.1499938964844,337.3500061035156,340.79998779296875,1790
2026-06-05,BNKE.MI,340.95001220703125,343.0,338.3500061035156,338.79998779296875,4504
2026-06-08,BNKE.MI,335.70001220703125,341.1499938964844,334.8500061035156,336.95001220703125,4023
2026-06-09,BNKE.MI,338.6499938964844,343.54998779296875,336.79998779296875,336.79998779296875,6229
2026-06-10,BNKE.MI,338.6499938964844,339.0,332.5,333.75,9745
2026-06-11,BNKE.MI,336.1000061035156,338.95001220703125,334.3999938964844,335.3999938964844,4922
2026-06-12,BNKE.MI,343.79998779296875,349.75,342.70001220703125,349.6499938964844,16510
2026-06-15,BNKE.MI,358.5,359.45001220703125,355.1000061035156,357.3500061035156,7147
2026-06-16,BNKE.MI,359.45001220703125,364.25,359.29998779296875,364.1000061035156,7124
2026-06-17,BNKE.MI,366.75,371.5,364.75,371.3999938964844,15015
2026-06-18,BNKE.MI,371.6499938964844,372.75,368.8500061035156,371.95001220703125,3503
2026-06-19,BNKE.MI,371.75,374.95001220703125,371.5,372.29998779296875,7963
2026-06-22,BNKE.MI,372.8999938964844,376.20001220703125,371.0,375.6499938964844,3794
2026-06-23,BNKE.MI,373.8999938964844,375.0,370.5,372.29998779296875,25695
2026-06-24,BNKE.MI,370.8999938964844,370.95001220703125,366.8999938964844,367.04998779296875,4129
2026-06-25,BNKE.MI,367.1000061035156,369.54998779296875,365.29998779296875,369.54998779296875,3563
2026-06-26,BNKE.MI,367.29998779296875,368.0,362.8999938964844,365.8999938964844,3558
2026-06-29,BNKE.MI,364.29998779296875,366.0,363.8500061035156,365.0,1796
2026-06-30,BNKE.MI,365.1000061035156,369.75,365.1000061035156,369.75,2056
2026-07-01,BNKE.MI,366.6499938964844,370.45001220703125,365.54998779296875,370.0,2029
2026-07-02,BNKE.MI,371.29998779296875,379.6000061035156,371.29998779296875,377.6499938964844,4982
2026-07-03,BNKE.MI,379.1499938964844,379.8999938964844,377.95001220703125,379.79998779296875,3199
2026-07-06,BNKE.MI,381.5,382.45001220703125,379.75,382.45001220703125,3112
2026-07-07,BNKE.MI,383.54998779296875,384.79998779296875,381.1000061035156,381.1000061035156,3547
2026-07-08,BNKE.MI,375.29998779296875,376.25,366.3500061035156,367.75,9487
2026-07-09,BNKE.MI,372.79998779296875,374.75,372.70001220703125,374.25,5014
2026-07-10,BNKE.MI,375.04998779296875,378.6000061035156,375.04998779296875,377.3500061035156,5128
2026-07-13,BNKE.MI,376.6499938964844,378.75,375.29998779296875,376.6499938964844,3236
2026-07-14,BNKE.MI,372.3500061035156,379.54998779296875,371.75,378.0,8433
2026-07-15,BNKE.MI,375.45001220703125,378.75,374.29998779296875,377.25,5485
2026-07-16,BNKE.MI,378.0,379.25,375.3500061035156,378.5,3276
2026-07-17,BNKE.MI,373.3500061035156,375.29998779296875,368.5,372.75,13914
2026-07-20,BNKE.MI,372.1499938964844,375.54998779296875,370.8500061035156,374.1000061035156,6940
2026-07-21,BNKE.MI,377.25,380.79998779296875,374.95001220703125,380.79998779296875,10372
2026-07-22,BNKE.MI,380.75,386.25,379.29998779296875,384.75,5084
2026-07-23,BNKE.MI,382.1499938964844,382.5,373.1499938964844,373.79998779296875,4708
2026-07-24,BNKE.MI,376.3500061035156,381.70001220703125,376.3500061035156,381.5,7375
2026-07-27,BNKE.MI,386.20001220703125,389.1000061035156,384.8999938964844,386.70001220703125,8738
2026-07-28,BNKE.MI,387.79998779296875,388.3999938964844,383.3500061035156,385.0,5309
