Date,Ticker,Open,High,Low,Close,Volume
2018-01-02,CG1.MI,235.64999389648438,236.3000030517578,235.39999389648438,236.3000030517578,1718
2018-01-03,CG1.MI,237.4499969482422,238.89999389648438,237.4499969482422,238.75,301
2018-01-04,CG1.MI,240.8000030517578,241.9499969482422,240.8000030517578,241.9499969482422,2492
2018-01-05,CG1.MI,243.8000030517578,244.6999969482422,243.8000030517578,244.6999969482422,701
2018-01-08,CG1.MI,245.8000030517578,246.0500030517578,245.6999969482422,245.75,360
2018-01-09,CG1.MI,246.14999389648438,246.5,246.14999389648438,246.1999969482422,199
2018-01-10,CG1.MI,245.8000030517578,245.8000030517578,243.89999389648438,243.89999389648438,561
2018-01-11,CG1.MI,243.89999389648438,243.89999389648438,243.89999389648438,243.89999389648438,0
2018-01-12,CG1.MI,243.0500030517578,243.75,242.89999389648438,243.3000030517578,214
2018-01-15,CG1.MI,245.0,245.0,242.64999389648438,243.0,655
2018-01-16,CG1.MI,243.8000030517578,245.39999389648438,243.5500030517578,243.5500030517578,332
2018-01-17,CG1.MI,245.39999389648438,245.39999389648438,242.39999389648438,242.64999389648438,4000
2018-01-18,CG1.MI,244.5,244.5,244.35000610351562,244.35000610351562,6
2018-01-19,CG1.MI,246.1999969482422,247.39999389648438,246.1999969482422,247.3000030517578,2136
2018-01-22,CG1.MI,247.39999389648438,247.5,247.1999969482422,247.5,284
2018-01-23,CG1.MI,249.8000030517578,249.8000030517578,249.0,249.0,556
2018-01-24,CG1.MI,249.5,249.5,247.0500030517578,247.0500030517578,79
2018-01-25,CG1.MI,244.1999969482422,244.1999969482422,243.9499969482422,243.9499969482422,17
2018-01-26,CG1.MI,244.1999969482422,244.89999389648438,244.1999969482422,244.89999389648438,217
2018-01-29,CG1.MI,244.25,244.8000030517578,244.25,244.60000610351562,45
2018-01-30,CG1.MI,244.60000610351562,244.60000610351562,244.60000610351562,244.60000610351562,0
2018-01-31,CG1.MI,242.85000610351562,243.14999389648438,242.1999969482422,242.1999969482422,127
2018-02-01,CG1.MI,243.8000030517578,243.8000030517578,238.5,238.5,708
2018-02-02,CG1.MI,238.0,238.0,235.0500030517578,235.0500030517578,40
2018-02-05,CG1.MI,232.75,233.85000610351562,232.5500030517578,233.10000610351562,3212
2018-02-06,CG1.MI,232.25,232.25,225.5,227.39999389648438,1326
2018-02-07,CG1.MI,228.6999969482422,231.60000610351562,228.6999969482422,231.60000610351562,44
2018-02-08,CG1.MI,230.39999389648438,230.39999389648438,224.5,224.5,439
2018-02-09,CG1.MI,222.85000610351562,225.5500030517578,222.0,222.25,4349
2018-02-12,CG1.MI,222.25,222.25,222.25,222.25,0
2018-02-13,CG1.MI,222.25,222.25,222.25,222.25,0
2018-02-14,CG1.MI,226.14999389648438,227.9499969482422,224.35000610351562,227.9499969482422,2093
2018-02-15,CG1.MI,228.89999389648438,229.3000030517578,227.5,227.5,115
2018-02-16,CG1.MI,229.39999389648438,229.89999389648438,229.10000610351562,229.89999389648438,239
2018-02-19,CG1.MI,229.14999389648438,229.14999389648438,228.4499969482422,228.4499969482422,1
2018-02-20,CG1.MI,228.4499969482422,228.4499969482422,228.4499969482422,228.4499969482422,0
2018-02-21,CG1.MI,229.35000610351562,230.0500030517578,229.35000610351562,230.0500030517578,23
2018-02-22,CG1.MI,227.60000610351562,230.75,227.60000610351562,230.6999969482422,639
2018-02-23,CG1.MI,230.39999389648438,230.4499969482422,230.39999389648438,230.4499969482422,200
2018-02-26,CG1.MI,232.64999389648438,232.64999389648438,231.35000610351562,231.60000610351562,7
2018-02-27,CG1.MI,231.60000610351562,231.60000610351562,231.60000610351562,231.60000610351562,0
2018-02-28,CG1.MI,230.0500030517578,230.0500030517578,229.6999969482422,229.6999969482422,30
2018-03-01,CG1.MI,227.10000610351562,227.10000610351562,224.60000610351562,224.60000610351562,688
2018-03-02,CG1.MI,222.5500030517578,222.5500030517578,220.0,220.25,320
2018-03-05,CG1.MI,215.8000030517578,223.64999389648438,215.8000030517578,223.64999389648438,277
2018-03-06,CG1.MI,225.89999389648438,225.89999389648438,224.0,224.0,1
2018-03-07,CG1.MI,222.8000030517578,226.10000610351562,222.8000030517578,226.10000610351562,5719
2018-03-08,CG1.MI,224.0,228.39999389648438,224.0,228.39999389648438,333
2018-03-09,CG1.MI,227.8000030517578,228.0500030517578,227.14999389648438,228.0500030517578,254
2018-03-12,CG1.MI,230.0,230.0,229.4499969482422,229.6999969482422,610
2018-03-13,CG1.MI,225.8000030517578,225.8000030517578,225.3000030517578,225.64999389648438,651
2018-03-14,CG1.MI,226.14999389648438,226.14999389648438,225.8000030517578,225.8000030517578,217
2018-03-15,CG1.MI,227.1999969482422,228.0500030517578,226.4499969482422,228.0500030517578,1921
2018-03-16,CG1.MI,229.0,229.0,228.5500030517578,228.5500030517578,464
2018-03-19,CG1.MI,228.6999969482422,228.6999969482422,225.3000030517578,225.3000030517578,2473
2018-03-20,CG1.MI,225.3000030517578,225.3000030517578,225.3000030517578,225.3000030517578,0
2018-03-21,CG1.MI,226.89999389648438,227.0500030517578,226.89999389648438,227.0500030517578,43
2018-03-22,CG1.MI,227.0500030517578,227.0500030517578,227.0500030517578,227.0500030517578,0
2018-03-23,CG1.MI,219.60000610351562,220.3000030517578,218.39999389648438,219.85000610351562,1377
2018-03-26,CG1.MI,217.14999389648438,217.5,216.64999389648438,217.5,1893
2018-03-27,CG1.MI,217.5,217.5,217.5,217.5,0
2018-03-28,CG1.MI,219.60000610351562,220.0500030517578,219.60000610351562,220.0500030517578,2
2018-03-29,CG1.MI,224.1999969482422,224.1999969482422,223.64999389648438,223.64999389648438,20
2018-04-03,CG1.MI,220.6999969482422,222.14999389648438,220.5500030517578,221.8000030517578,315
2018-04-04,CG1.MI,219.0,220.64999389648438,218.8000030517578,220.64999389648438,3134
2018-04-05,CG1.MI,224.75,227.10000610351562,224.75,227.10000610351562,531
2018-04-06,CG1.MI,225.1999969482422,225.3000030517578,225.1999969482422,225.3000030517578,50
2018-04-09,CG1.MI,225.3000030517578,225.3000030517578,225.3000030517578,225.3000030517578,0
2018-04-10,CG1.MI,225.3000030517578,225.3000030517578,225.3000030517578,225.3000030517578,0
2018-04-11,CG1.MI,225.3000030517578,225.3000030517578,225.3000030517578,225.3000030517578,0
2018-04-12,CG1.MI,228.60000610351562,228.75,228.60000610351562,228.60000610351562,100
2018-04-13,CG1.MI,228.60000610351562,228.60000610351562,228.60000610351562,228.60000610351562,0
2018-04-16,CG1.MI,228.14999389648438,228.14999389648438,228.0500030517578,228.0500030517578,50
2018-04-17,CG1.MI,229.5500030517578,231.6999969482422,229.5500030517578,231.6999969482422,60
2018-04-18,CG1.MI,231.35000610351562,231.8000030517578,231.35000610351562,231.8000030517578,22
2018-04-19,CG1.MI,231.14999389648438,231.25,230.6999969482422,231.25,257
2018-04-20,CG1.MI,231.0,231.0,230.10000610351562,230.75,560
2018-04-23,CG1.MI,230.75,230.75,230.75,230.75,0
2018-04-24,CG1.MI,232.25,232.25,230.5,230.5,651
2018-04-25,CG1.MI,227.5500030517578,228.0,227.1999969482422,228.0,434
2018-04-26,CG1.MI,228.4499969482422,229.85000610351562,228.4499969482422,229.85000610351562,59
2018-04-27,CG1.MI,231.6999969482422,231.6999969482422,231.1999969482422,231.1999969482422,217
2018-04-30,CG1.MI,231.10000610351562,231.60000610351562,231.10000610351562,231.60000610351562,140
2018-05-02,CG1.MI,233.5500030517578,235.35000610351562,233.5500030517578,235.35000610351562,885
2018-05-03,CG1.MI,234.9499969482422,234.9499969482422,233.39999389648438,233.39999389648438,128
2018-05-04,CG1.MI,233.39999389648438,233.39999389648438,233.39999389648438,233.39999389648438,0
2018-05-07,CG1.MI,233.39999389648438,233.39999389648438,233.39999389648438,233.39999389648438,0
2018-05-08,CG1.MI,237.60000610351562,237.60000610351562,237.35000610351562,237.35000610351562,5
2018-05-09,CG1.MI,237.8000030517578,237.8000030517578,237.75,237.75,5
2018-05-10,CG1.MI,238.5,239.0500030517578,237.25,238.8000030517578,1765
2018-05-11,CG1.MI,238.8000030517578,238.8000030517578,238.4499969482422,238.4499969482422,5
2018-05-14,CG1.MI,238.4499969482422,238.4499969482422,237.5,238.10000610351562,892
2018-05-15,CG1.MI,237.89999389648438,238.4499969482422,237.89999389648438,238.10000610351562,476
2018-05-16,CG1.MI,238.75,238.75,238.4499969482422,238.4499969482422,434
2018-05-17,CG1.MI,238.4499969482422,240.1999969482422,238.4499969482422,240.1999969482422,262
2018-05-18,CG1.MI,240.3000030517578,240.85000610351562,239.85000610351562,239.85000610351562,31
2018-05-21,CG1.MI,240.85000610351562,241.85000610351562,240.85000610351562,241.3000030517578,7103
2018-05-22,CG1.MI,240.14999389648438,241.89999389648438,240.14999389648438,241.89999389648438,102
2018-05-23,CG1.MI,239.64999389648438,239.64999389648438,237.4499969482422,238.10000610351562,89
2018-05-24,CG1.MI,238.10000610351562,238.10000610351562,238.10000610351562,238.10000610351562,0
2018-05-25,CG1.MI,238.10000610351562,238.10000610351562,238.10000610351562,238.10000610351562,0
2018-05-28,CG1.MI,236.75,236.75,236.25,236.60000610351562,238
2018-05-29,CG1.MI,236.6999969482422,236.6999969482422,232.64999389648438,232.64999389648438,439
2018-05-30,CG1.MI,234.3000030517578,234.3000030517578,234.10000610351562,234.10000610351562,217
2018-05-31,CG1.MI,233.6999969482422,234.25,231.0500030517578,232.14999389648438,2521
2018-06-01,CG1.MI,234.25,234.5500030517578,233.4499969482422,233.4499969482422,226
2018-06-04,CG1.MI,233.4499969482422,233.4499969482422,233.4499969482422,233.4499969482422,0
2018-06-05,CG1.MI,233.4499969482422,233.4499969482422,233.4499969482422,233.4499969482422,0
2018-06-06,CG1.MI,236.14999389648438,236.14999389648438,235.89999389648438,235.89999389648438,44
2018-06-07,CG1.MI,235.89999389648438,235.89999389648438,235.89999389648438,235.89999389648438,0
2018-06-08,CG1.MI,234.64999389648438,234.64999389648438,233.9499969482422,234.5500030517578,32
2018-06-11,CG1.MI,233.9499969482422,236.14999389648438,233.9499969482422,236.14999389648438,2
2018-06-12,CG1.MI,236.14999389648438,236.14999389648438,236.14999389648438,236.14999389648438,0
2018-06-13,CG1.MI,236.14999389648438,236.14999389648438,236.14999389648438,236.14999389648438,0
2018-06-14,CG1.MI,236.14999389648438,236.14999389648438,236.14999389648438,236.14999389648438,0
2018-06-15,CG1.MI,236.14999389648438,236.14999389648438,236.14999389648438,236.14999389648438,0
2018-06-18,CG1.MI,236.14999389648438,236.14999389648438,236.14999389648438,236.14999389648438,0
2018-06-19,CG1.MI,231.6999969482422,233.39999389648438,231.6999969482422,233.39999389648438,1653
2018-06-20,CG1.MI,233.89999389648438,233.9499969482422,233.39999389648438,233.6999969482422,3310
2018-06-21,CG1.MI,233.60000610351562,233.60000610351562,230.0,230.0,1
2018-06-22,CG1.MI,230.10000610351562,230.89999389648438,230.10000610351562,230.89999389648438,16
2018-06-25,CG1.MI,228.0,228.0,225.85000610351562,225.85000610351562,15
2018-06-26,CG1.MI,225.85000610351562,225.85000610351562,224.85000610351562,225.1999969482422,2351
2018-06-27,CG1.MI,225.1999969482422,225.1999969482422,225.1999969482422,225.1999969482422,0
2018-06-28,CG1.MI,226.64999389648438,226.64999389648438,223.4499969482422,223.5,49
2018-06-29,CG1.MI,223.5,223.5,223.5,223.5,0
2018-07-02,CG1.MI,225.3000030517578,226.14999389648438,225.25,225.25,467
2018-07-03,CG1.MI,225.25,225.25,225.25,225.25,0
2018-07-04,CG1.MI,226.89999389648438,226.89999389648438,226.4499969482422,226.4499969482422,108
2018-07-05,CG1.MI,226.4499969482422,226.4499969482422,226.4499969482422,226.4499969482422,0
2018-07-06,CG1.MI,226.4499969482422,226.4499969482422,226.4499969482422,226.4499969482422,0
2018-07-09,CG1.MI,226.4499969482422,226.4499969482422,226.4499969482422,226.4499969482422,0
2018-07-10,CG1.MI,226.4499969482422,226.4499969482422,226.4499969482422,226.4499969482422,0
2018-07-11,CG1.MI,226.4499969482422,226.4499969482422,226.4499969482422,226.4499969482422,0
2018-07-12,CG1.MI,226.4499969482422,226.4499969482422,226.4499969482422,226.4499969482422,0
2018-07-13,CG1.MI,229.85000610351562,230.6999969482422,229.85000610351562,230.6999969482422,55
2018-07-16,CG1.MI,230.6999969482422,230.6999969482422,230.6999969482422,230.6999969482422,0
2018-07-17,CG1.MI,231.3000030517578,233.0,230.8000030517578,233.0,60
2018-07-18,CG1.MI,234.4499969482422,234.64999389648438,234.4499969482422,234.64999389648438,32
2018-07-19,CG1.MI,233.39999389648438,233.39999389648438,233.1999969482422,233.1999969482422,8
2018-07-20,CG1.MI,229.85000610351562,231.10000610351562,229.85000610351562,231.10000610351562,1
2018-07-23,CG1.MI,231.10000610351562,231.10000610351562,231.10000610351562,231.10000610351562,0
2018-07-24,CG1.MI,233.5500030517578,233.5500030517578,233.39999389648438,233.39999389648438,8
2018-07-25,CG1.MI,233.39999389648438,233.39999389648438,233.39999389648438,233.39999389648438,0
2018-07-26,CG1.MI,233.39999389648438,233.39999389648438,233.39999389648438,233.39999389648438,0
2018-07-27,CG1.MI,236.60000610351562,236.60000610351562,236.60000610351562,236.60000610351562,1
2018-07-30,CG1.MI,236.60000610351562,236.60000610351562,236.60000610351562,236.60000610351562,0
2018-07-31,CG1.MI,236.60000610351562,236.60000610351562,236.60000610351562,236.60000610351562,0
2018-08-01,CG1.MI,234.8000030517578,234.8000030517578,234.3000030517578,234.3000030517578,1
2018-08-02,CG1.MI,230.39999389648438,230.4499969482422,230.25,230.4499969482422,999
2018-08-03,CG1.MI,230.4499969482422,230.4499969482422,230.4499969482422,230.4499969482422,0
2018-08-06,CG1.MI,230.4499969482422,230.4499969482422,230.4499969482422,230.4499969482422,0
2018-08-07,CG1.MI,230.4499969482422,230.4499969482422,230.4499969482422,230.4499969482422,0
2018-08-08,CG1.MI,232.14999389648438,232.1999969482422,232.10000610351562,232.1999969482422,530
2018-08-09,CG1.MI,232.1999969482422,232.1999969482422,232.1999969482422,232.1999969482422,0
2018-08-10,CG1.MI,232.1999969482422,232.1999969482422,232.1999969482422,232.1999969482422,0
2018-08-13,CG1.MI,227.60000610351562,227.64999389648438,227.10000610351562,227.64999389648438,36
2018-08-14,CG1.MI,227.64999389648438,227.64999389648438,227.64999389648438,227.64999389648438,0
2018-08-16,CG1.MI,227.64999389648438,227.64999389648438,227.64999389648438,227.64999389648438,0
2018-08-17,CG1.MI,223.3000030517578,224.39999389648438,223.3000030517578,224.39999389648438,55
2018-08-20,CG1.MI,227.39999389648438,227.39999389648438,226.6999969482422,226.6999969482422,9
2018-08-21,CG1.MI,227.10000610351562,227.75,227.10000610351562,227.75,23
2018-08-22,CG1.MI,228.5,228.5,227.75,227.75,102
2018-08-23,CG1.MI,227.4499969482422,227.4499969482422,227.39999389648438,227.39999389648438,86
2018-08-24,CG1.MI,227.39999389648438,227.39999389648438,227.39999389648438,227.39999389648438,0
2018-08-27,CG1.MI,229.25,230.60000610351562,229.25,230.60000610351562,10
2018-08-28,CG1.MI,231.35000610351562,231.35000610351562,230.75,230.75,12
2018-08-29,CG1.MI,230.1999969482422,231.0,230.0,231.0,124
2018-08-30,CG1.MI,231.0,231.0,231.0,231.0,0
2018-08-31,CG1.MI,227.60000610351562,227.60000610351562,227.0500030517578,227.0500030517578,12
2018-09-03,CG1.MI,227.0500030517578,227.0500030517578,227.0500030517578,227.0500030517578,0
2018-09-04,CG1.MI,225.64999389648438,225.64999389648438,224.60000610351562,224.60000610351562,30
2018-09-05,CG1.MI,222.64999389648438,222.64999389648438,221.4499969482422,221.4499969482422,1256
2018-09-06,CG1.MI,221.14999389648438,222.0500030517578,219.6999969482422,219.6999969482422,934
2018-09-07,CG1.MI,219.5,219.8000030517578,219.5,219.75,1083
2018-09-10,CG1.MI,219.89999389648438,220.89999389648438,219.89999389648438,220.5500030517578,1434
2018-09-11,CG1.MI,218.60000610351562,219.9499969482422,218.39999389648438,219.9499969482422,703
2018-09-12,CG1.MI,220.9499969482422,221.35000610351562,220.1999969482422,221.35000610351562,232
2018-09-13,CG1.MI,222.35000610351562,222.39999389648438,221.75,221.75,221
2018-09-14,CG1.MI,222.75,223.0500030517578,222.75,223.0500030517578,10
2018-09-17,CG1.MI,221.85000610351562,222.5,221.35000610351562,222.5,517
2018-09-18,CG1.MI,222.5,222.5,222.5,222.5,0
2018-09-19,CG1.MI,224.14999389648438,224.64999389648438,224.14999389648438,224.64999389648438,89
2018-09-20,CG1.MI,225.14999389648438,226.75,225.14999389648438,226.75,1652
2018-09-21,CG1.MI,228.0,228.1999969482422,227.8000030517578,228.1999969482422,867
2018-09-24,CG1.MI,227.35000610351562,227.35000610351562,227.14999389648438,227.14999389648438,11
2018-09-25,CG1.MI,227.4499969482422,227.4499969482422,227.39999389648438,227.39999389648438,15
2018-09-26,CG1.MI,227.39999389648438,227.39999389648438,227.39999389648438,227.39999389648438,0
2018-09-27,CG1.MI,227.1999969482422,228.75,227.1999969482422,228.75,48
2018-09-28,CG1.MI,227.0,227.0,224.6999969482422,225.3000030517578,57
2018-10-01,CG1.MI,226.5,227.0500030517578,226.5,226.85000610351562,1453
2018-10-02,CG1.MI,224.4499969482422,225.6999969482422,224.4499969482422,225.6999969482422,108
2018-10-03,CG1.MI,225.64999389648438,227.35000610351562,225.5500030517578,227.35000610351562,277
2018-10-04,CG1.MI,225.3000030517578,225.3000030517578,225.1999969482422,225.1999969482422,89
2018-10-05,CG1.MI,223.14999389648438,223.89999389648438,222.5500030517578,222.5500030517578,192
2018-10-08,CG1.MI,219.5,221.4499969482422,219.5,219.60000610351562,488
2018-10-09,CG1.MI,218.64999389648438,220.5,218.1999969482422,220.25,53
2018-10-10,CG1.MI,219.0500030517578,219.1999969482422,215.8000030517578,215.8000030517578,325
2018-10-11,CG1.MI,212.0,213.64999389648438,212.0,212.4499969482422,3092
2018-10-12,CG1.MI,213.14999389648438,213.9499969482422,211.89999389648438,211.89999389648438,340
2018-10-15,CG1.MI,211.39999389648438,213.5500030517578,210.8000030517578,213.5500030517578,1160
2018-10-16,CG1.MI,213.8000030517578,216.4499969482422,213.35000610351562,216.4499969482422,189
2018-10-17,CG1.MI,215.64999389648438,215.6999969482422,215.0500030517578,215.4499969482422,1052
2018-10-18,CG1.MI,216.35000610351562,216.35000610351562,213.0500030517578,213.0500030517578,1089
2018-10-19,CG1.MI,211.85000610351562,212.35000610351562,211.85000610351562,212.35000610351562,68
2018-10-22,CG1.MI,213.25,213.60000610351562,211.8000030517578,211.8000030517578,502
2018-10-23,CG1.MI,207.60000610351562,208.4499969482422,207.4499969482422,207.4499969482422,522
2018-10-24,CG1.MI,207.35000610351562,208.25,205.39999389648438,205.39999389648438,821
2018-10-25,CG1.MI,206.5,208.0,206.5,208.0,211
2018-10-26,CG1.MI,205.1999969482422,205.1999969482422,203.75,204.89999389648438,70
2018-10-29,CG1.MI,208.85000610351562,208.85000610351562,208.35000610351562,208.35000610351562,162
2018-10-30,CG1.MI,209.0,209.0,207.6999969482422,207.6999969482422,1003
2018-10-31,CG1.MI,210.60000610351562,211.3000030517578,210.35000610351562,210.64999389648438,296
2018-11-01,CG1.MI,212.60000610351562,212.60000610351562,210.10000610351562,210.10000610351562,3
2018-11-02,CG1.MI,213.25,214.5500030517578,211.9499969482422,211.9499969482422,735
2018-11-05,CG1.MI,212.0500030517578,212.35000610351562,211.25,211.25,749
2018-11-06,CG1.MI,210.64999389648438,211.25,210.64999389648438,211.14999389648438,12
2018-11-07,CG1.MI,213.5,213.5,212.4499969482422,212.5500030517578,35
2018-11-08,CG1.MI,214.10000610351562,214.10000610351562,211.4499969482422,211.4499969482422,306
2018-11-09,CG1.MI,210.60000610351562,211.6999969482422,210.60000610351562,211.64999389648438,24
2018-11-12,CG1.MI,210.60000610351562,210.64999389648438,207.9499969482422,207.9499969482422,230
2018-11-13,CG1.MI,209.5,211.0500030517578,209.5,211.0500030517578,15
2018-11-14,CG1.MI,209.9499969482422,211.64999389648438,209.5,209.60000610351562,334
2018-11-15,CG1.MI,210.5500030517578,210.5500030517578,208.5,208.60000610351562,316
2018-11-16,CG1.MI,206.85000610351562,208.75,206.85000610351562,208.75,315
2018-11-19,CG1.MI,208.85000610351562,208.85000610351562,206.5,206.5,93
2018-11-20,CG1.MI,204.9499969482422,205.0,202.9499969482422,203.39999389648438,1248
2018-11-21,CG1.MI,204.85000610351562,207.0,204.64999389648438,207.0,376
2018-11-22,CG1.MI,205.39999389648438,205.39999389648438,204.75,204.75,478
2018-11-23,CG1.MI,205.1999969482422,205.6999969482422,204.64999389648438,205.6999969482422,238
2018-11-26,CG1.MI,208.0,208.89999389648438,208.0,208.89999389648438,222
2018-11-27,CG1.MI,207.5500030517578,208.25,207.5500030517578,208.0500030517578,213
2018-11-28,CG1.MI,208.3000030517578,208.3000030517578,207.64999389648438,207.64999389648438,130
2018-11-29,CG1.MI,208.4499969482422,208.4499969482422,207.3000030517578,207.89999389648438,622
2018-11-30,CG1.MI,206.3000030517578,207.10000610351562,206.10000610351562,206.60000610351562,1010
2018-12-03,CG1.MI,212.39999389648438,212.39999389648438,210.85000610351562,210.85000610351562,193
2018-12-04,CG1.MI,209.25,209.4499969482422,208.39999389648438,208.39999389648438,222
2018-12-05,CG1.MI,206.35000610351562,206.35000610351562,205.8000030517578,205.8000030517578,260
2018-12-06,CG1.MI,204.89999389648438,204.89999389648438,197.77999877929688,197.77999877929688,1150
2018-12-07,CG1.MI,199.9600067138672,200.0500030517578,198.8000030517578,198.86000061035156,346
2018-12-10,CG1.MI,197.8000030517578,197.8000030517578,194.83999633789062,194.83999633789062,6
2018-12-11,CG1.MI,198.55999755859375,198.89999389648438,198.55999755859375,198.89999389648438,82
2018-12-12,CG1.MI,200.39999389648438,201.3000030517578,200.39999389648438,201.1999969482422,561
2018-12-13,CG1.MI,202.0500030517578,202.0500030517578,200.1999969482422,200.5,1231
2018-12-14,CG1.MI,198.72000122070312,199.9199981689453,198.67999267578125,199.39999389648438,800
2018-12-17,CG1.MI,198.52000427246094,198.52000427246094,198.0399932861328,198.0399932861328,247
2018-12-18,CG1.MI,198.3800048828125,198.9600067138672,197.24000549316406,197.6199951171875,2085
2018-12-19,CG1.MI,198.72000122070312,198.72000122070312,197.8000030517578,198.10000610351562,171
2018-12-20,CG1.MI,195.05999755859375,195.3000030517578,194.94000244140625,194.94000244140625,367
2018-12-21,CG1.MI,195.72000122070312,195.72000122070312,194.60000610351562,195.16000366210938,15
2018-12-27,CG1.MI,195.16000366210938,195.16000366210938,189.63999938964844,190.55999755859375,250
2018-12-28,CG1.MI,191.9600067138672,194.47999572753906,191.9600067138672,194.10000610351562,6
2019-01-02,CG1.MI,191.97999572753906,194.4199981689453,191.97999572753906,194.25999450683594,55
2019-01-03,CG1.MI,191.63999938964844,191.63999938964844,191.60000610351562,191.60000610351562,140
2019-01-04,CG1.MI,194.55999755859375,197.60000610351562,194.55999755859375,197.60000610351562,514
2019-01-07,CG1.MI,197.60000610351562,197.60000610351562,197.60000610351562,197.60000610351562,0
2019-01-08,CG1.MI,197.60000610351562,197.60000610351562,197.60000610351562,197.60000610351562,0
2019-01-09,CG1.MI,201.0,201.0,200.35000610351562,200.35000610351562,6
2019-01-10,CG1.MI,199.17999267578125,200.60000610351562,199.17999267578125,200.3000030517578,246
2019-01-11,CG1.MI,200.3000030517578,200.3000030517578,200.3000030517578,200.3000030517578,0
2019-01-14,CG1.MI,198.4199981689453,199.32000732421875,198.36000061035156,199.24000549316406,729
2019-01-15,CG1.MI,199.24000549316406,199.24000549316406,199.24000549316406,199.24000549316406,0
2019-01-16,CG1.MI,199.77999877929688,200.85000610351562,199.77999877929688,200.8000030517578,596
2019-01-17,CG1.MI,200.8000030517578,200.8000030517578,200.8000030517578,200.8000030517578,0
2019-01-18,CG1.MI,202.85000610351562,206.0500030517578,202.8000030517578,206.0500030517578,569
2019-01-21,CG1.MI,204.5,204.64999389648438,204.5,204.64999389648438,3667
2019-01-22,CG1.MI,203.9499969482422,203.9499969482422,203.5500030517578,203.5500030517578,255
2019-01-23,CG1.MI,203.3000030517578,203.3000030517578,203.14999389648438,203.14999389648438,72
2019-01-24,CG1.MI,204.5,204.8000030517578,204.14999389648438,204.35000610351562,3032
2019-01-25,CG1.MI,207.1999969482422,207.75,207.0500030517578,207.25,286
2019-01-28,CG1.MI,207.25,207.25,207.25,207.25,0
2019-01-29,CG1.MI,205.6999969482422,206.39999389648438,205.6999969482422,206.0,221
2019-01-30,CG1.MI,205.39999389648438,205.39999389648438,205.0,205.14999389648438,35
2019-01-31,CG1.MI,206.64999389648438,206.64999389648438,204.0500030517578,205.0,570
2019-02-01,CG1.MI,205.39999389648438,205.5,205.35000610351562,205.35000610351562,18
2019-02-04,CG1.MI,204.35000610351562,204.75,204.35000610351562,204.75,107
2019-02-05,CG1.MI,207.64999389648438,208.6999969482422,207.64999389648438,208.6999969482422,20
2019-02-06,CG1.MI,208.6999969482422,208.6999969482422,208.6999969482422,208.6999969482422,0
2019-02-07,CG1.MI,207.1999969482422,207.1999969482422,202.6999969482422,202.6999969482422,949
2019-02-08,CG1.MI,201.25,201.25,200.0,200.35000610351562,6295
2019-02-11,CG1.MI,202.4499969482422,202.5500030517578,201.5,202.5500030517578,269
2019-02-12,CG1.MI,204.89999389648438,204.89999389648438,204.60000610351562,204.60000610351562,106
2019-02-13,CG1.MI,204.5500030517578,205.5500030517578,204.5500030517578,205.25,45
2019-02-14,CG1.MI,206.3000030517578,206.3000030517578,203.85000610351562,203.85000610351562,1506
2019-02-15,CG1.MI,203.60000610351562,207.60000610351562,203.60000610351562,207.60000610351562,226
2019-02-18,CG1.MI,207.60000610351562,207.60000610351562,207.60000610351562,207.60000610351562,0
2019-02-19,CG1.MI,207.60000610351562,207.60000610351562,207.60000610351562,207.60000610351562,0
2019-02-20,CG1.MI,209.0,209.60000610351562,209.0,209.60000610351562,36
2019-02-21,CG1.MI,209.75,209.85000610351562,209.75,209.85000610351562,49
2019-02-22,CG1.MI,211.0,211.0,210.64999389648438,210.64999389648438,20
2019-02-25,CG1.MI,211.14999389648438,211.6999969482422,211.14999389648438,211.4499969482422,135
2019-02-26,CG1.MI,211.4499969482422,211.4499969482422,211.4499969482422,211.4499969482422,0
2019-02-27,CG1.MI,210.75,210.89999389648438,210.75,210.89999389648438,27
2019-02-28,CG1.MI,211.0,211.5500030517578,211.0,211.5500030517578,20
2019-03-01,CG1.MI,213.6999969482422,213.6999969482422,213.0,213.0500030517578,177
2019-03-04,CG1.MI,213.4499969482422,213.4499969482422,212.9499969482422,212.9499969482422,100
2019-03-05,CG1.MI,212.9499969482422,212.9499969482422,212.9499969482422,212.9499969482422,0
2019-03-06,CG1.MI,213.0500030517578,213.25,212.89999389648438,212.89999389648438,123
2019-03-07,CG1.MI,212.89999389648438,212.89999389648438,212.89999389648438,212.89999389648438,0
2019-03-08,CG1.MI,210.3000030517578,210.5500030517578,209.39999389648438,210.5500030517578,91
2019-03-11,CG1.MI,210.5500030517578,210.5500030517578,210.5500030517578,210.5500030517578,0
2019-03-12,CG1.MI,210.5500030517578,210.5500030517578,210.5500030517578,210.5500030517578,0
2019-03-13,CG1.MI,210.5500030517578,210.5500030517578,210.5500030517578,210.5500030517578,0
2019-03-14,CG1.MI,213.0500030517578,213.1999969482422,212.1999969482422,212.89999389648438,340
2019-03-15,CG1.MI,214.4499969482422,214.64999389648438,214.4499969482422,214.4499969482422,774
2019-03-18,CG1.MI,214.35000610351562,214.35000610351562,214.0500030517578,214.0500030517578,91
2019-03-19,CG1.MI,215.3000030517578,216.5,215.3000030517578,216.5,649
2019-03-20,CG1.MI,215.0,215.0,213.39999389648438,213.39999389648438,574
2019-03-21,CG1.MI,212.85000610351562,212.85000610351562,210.89999389648438,212.14999389648438,812
2019-03-22,CG1.MI,209.89999389648438,209.89999389648438,208.6999969482422,208.6999969482422,20
2019-03-25,CG1.MI,208.6999969482422,208.6999969482422,208.6999969482422,208.6999969482422,0
2019-03-26,CG1.MI,208.5,210.25,208.5,209.8000030517578,2744
2019-03-27,CG1.MI,209.6999969482422,209.6999969482422,208.9499969482422,209.64999389648438,9
2019-03-28,CG1.MI,210.3000030517578,210.3000030517578,209.9499969482422,209.9499969482422,1
2019-03-29,CG1.MI,211.9499969482422,211.9499969482422,211.5,211.5,40
2019-04-01,CG1.MI,214.4499969482422,214.60000610351562,213.85000610351562,214.60000610351562,11
2019-04-02,CG1.MI,214.10000610351562,215.89999389648438,214.10000610351562,215.89999389648438,100
2019-04-03,CG1.MI,217.39999389648438,219.6999969482422,217.39999389648438,219.6999969482422,26
2019-04-04,CG1.MI,220.0,220.35000610351562,219.75,220.35000610351562,2224
2019-04-05,CG1.MI,220.0,220.6999969482422,220.0,220.6999969482422,235
2019-04-08,CG1.MI,220.6999969482422,220.6999969482422,220.6999969482422,220.6999969482422,0
2019-04-09,CG1.MI,220.0500030517578,220.0500030517578,218.0500030517578,218.0500030517578,34
2019-04-10,CG1.MI,218.0500030517578,218.0500030517578,218.0500030517578,218.0500030517578,0
2019-04-11,CG1.MI,218.0500030517578,218.0500030517578,218.0500030517578,218.0500030517578,0
2019-04-12,CG1.MI,219.85000610351562,220.75,219.85000610351562,220.35000610351562,100
2019-04-15,CG1.MI,220.35000610351562,220.6999969482422,220.35000610351562,220.6999969482422,389
2019-04-16,CG1.MI,221.60000610351562,222.4499969482422,221.5,222.4499969482422,836
2019-04-17,CG1.MI,222.4499969482422,222.4499969482422,222.4499969482422,222.4499969482422,0
2019-04-18,CG1.MI,222.60000610351562,224.25,222.60000610351562,224.25,2191
2019-04-23,CG1.MI,224.25,224.25,224.25,224.25,0
2019-04-24,CG1.MI,225.0,226.9499969482422,225.0,225.75,190
2019-04-25,CG1.MI,225.89999389648438,225.89999389648438,225.5500030517578,225.5500030517578,2
2019-04-26,CG1.MI,225.14999389648438,226.25,225.14999389648438,226.25,2
2019-04-29,CG1.MI,226.1999969482422,226.1999969482422,225.25,226.1999969482422,2460
2019-04-30,CG1.MI,226.10000610351562,226.3000030517578,226.0500030517578,226.3000030517578,26
2019-05-02,CG1.MI,227.4499969482422,227.4499969482422,226.25,226.35000610351562,155
2019-05-03,CG1.MI,226.3000030517578,227.35000610351562,226.3000030517578,227.35000610351562,39
2019-05-06,CG1.MI,223.60000610351562,225.4499969482422,222.5500030517578,225.4499969482422,3892
2019-05-07,CG1.MI,224.25,224.25,221.39999389648438,221.4499969482422,3216
2019-05-08,CG1.MI,222.35000610351562,223.64999389648438,222.35000610351562,223.64999389648438,8
2019-05-09,CG1.MI,221.8000030517578,221.8000030517578,219.14999389648438,219.14999389648438,57
2019-05-10,CG1.MI,221.60000610351562,222.0,221.3000030517578,221.3000030517578,1431
2019-05-13,CG1.MI,218.60000610351562,218.60000610351562,217.64999389648438,217.64999389648438,85
2019-05-14,CG1.MI,218.14999389648438,219.4499969482422,218.14999389648438,219.4499969482422,60
2019-05-15,CG1.MI,219.14999389648438,221.5500030517578,218.6999969482422,221.5500030517578,4270
2019-05-16,CG1.MI,225.0,225.3000030517578,224.75,225.3000030517578,4
2019-05-17,CG1.MI,223.0500030517578,224.64999389648438,223.0500030517578,224.3000030517578,152
2019-05-20,CG1.MI,224.3000030517578,224.3000030517578,224.3000030517578,224.3000030517578,0
2019-05-21,CG1.MI,222.8000030517578,222.8000030517578,222.39999389648438,222.39999389648438,7
2019-05-22,CG1.MI,220.8000030517578,222.8000030517578,220.8000030517578,222.8000030517578,109
2019-05-23,CG1.MI,219.0500030517578,219.1999969482422,218.5,218.89999389648438,2479
2019-05-24,CG1.MI,220.5500030517578,221.0,219.75,219.75,61
2019-05-27,CG1.MI,221.14999389648438,221.14999389648438,220.6999969482422,220.85000610351562,182
2019-05-28,CG1.MI,220.8000030517578,220.9499969482422,219.9499969482422,220.14999389648438,287
2019-05-29,CG1.MI,217.39999389648438,217.39999389648438,216.6999969482422,216.6999969482422,12
2019-05-30,CG1.MI,217.4499969482422,217.85000610351562,217.3000030517578,217.8000030517578,218
2019-05-31,CG1.MI,214.5,214.60000610351562,214.5,214.60000610351562,4
2019-06-03,CG1.MI,214.25,215.64999389648438,214.25,215.64999389648438,1
2019-06-04,CG1.MI,215.64999389648438,215.64999389648438,215.64999389648438,215.64999389648438,0
2019-06-05,CG1.MI,220.4499969482422,220.4499969482422,219.25,219.25,82
2019-06-06,CG1.MI,220.35000610351562,220.35000610351562,218.60000610351562,218.60000610351562,57
2019-06-07,CG1.MI,220.10000610351562,220.75,220.10000610351562,220.3000030517578,223
2019-06-10,CG1.MI,221.5,221.75,220.9499969482422,221.75,988
2019-06-11,CG1.MI,223.5,223.5,222.6999969482422,222.6999969482422,745
2019-06-12,CG1.MI,221.60000610351562,221.75,221.3000030517578,221.75,12
2019-06-13,CG1.MI,221.75,221.75,221.75,221.75,0
2019-06-14,CG1.MI,221.0500030517578,221.35000610351562,221.0500030517578,221.35000610351562,9
2019-06-17,CG1.MI,221.1999969482422,221.8000030517578,221.10000610351562,221.5,34
2019-06-18,CG1.MI,219.9499969482422,226.0500030517578,219.9499969482422,226.0500030517578,900
2019-06-19,CG1.MI,225.8000030517578,225.8000030517578,225.3000030517578,225.4499969482422,223
2019-06-20,CG1.MI,227.14999389648438,227.14999389648438,226.3000030517578,226.3000030517578,28
2019-06-21,CG1.MI,225.5,225.89999389648438,225.4499969482422,225.4499969482422,601
2019-06-24,CG1.MI,225.4499969482422,225.4499969482422,225.4499969482422,225.4499969482422,0
2019-06-25,CG1.MI,224.8000030517578,224.8000030517578,223.9499969482422,223.9499969482422,18
2019-06-26,CG1.MI,224.5,224.5,224.0,224.0,13
2019-06-27,CG1.MI,224.0,224.0,224.0,224.0,0
2019-06-28,CG1.MI,224.0,224.0,224.0,224.0,0
2019-07-01,CG1.MI,231.89999389648438,231.89999389648438,229.1999969482422,229.1999969482422,392
2019-07-02,CG1.MI,229.0,229.39999389648438,228.9499969482422,229.35000610351562,207
2019-07-03,CG1.MI,230.89999389648438,230.89999389648438,230.6999969482422,230.8000030517578,101
2019-07-04,CG1.MI,231.0,231.25,231.0,231.14999389648438,172
2019-07-05,CG1.MI,230.4499969482422,230.8000030517578,229.6999969482422,229.9499969482422,43
2019-07-08,CG1.MI,229.8000030517578,229.8000030517578,229.60000610351562,229.60000610351562,2
2019-07-09,CG1.MI,227.5500030517578,227.5500030517578,227.1999969482422,227.5500030517578,588
2019-07-10,CG1.MI,227.3000030517578,227.3000030517578,226.1999969482422,226.35000610351562,33
2019-07-11,CG1.MI,226.35000610351562,226.35000610351562,226.35000610351562,226.35000610351562,0
2019-07-12,CG1.MI,226.35000610351562,226.35000610351562,226.35000610351562,226.35000610351562,0
2019-07-15,CG1.MI,225.0,226.8000030517578,225.0,226.8000030517578,10
2019-07-16,CG1.MI,227.10000610351562,227.35000610351562,226.75,227.35000610351562,600
2019-07-17,CG1.MI,227.35000610351562,227.35000610351562,227.35000610351562,227.35000610351562,0
2019-07-18,CG1.MI,227.35000610351562,227.35000610351562,227.35000610351562,227.35000610351562,0
2019-07-19,CG1.MI,225.39999389648438,225.39999389648438,223.85000610351562,224.3000030517578,616
2019-07-22,CG1.MI,224.8000030517578,225.4499969482422,224.8000030517578,224.89999389648438,454
2019-07-23,CG1.MI,226.35000610351562,228.89999389648438,226.35000610351562,228.85000610351562,29
2019-07-24,CG1.MI,229.25,229.35000610351562,229.25,229.35000610351562,93
2019-07-25,CG1.MI,229.3000030517578,229.3000030517578,226.5500030517578,226.5500030517578,35
2019-07-26,CG1.MI,226.0500030517578,227.3000030517578,226.0500030517578,227.3000030517578,13
2019-07-29,CG1.MI,226.85000610351562,227.39999389648438,226.75,227.39999389648438,152
2019-07-30,CG1.MI,227.39999389648438,227.39999389648438,227.39999389648438,227.39999389648438,0
2019-07-31,CG1.MI,227.39999389648438,227.39999389648438,227.39999389648438,227.39999389648438,0
2019-08-01,CG1.MI,223.89999389648438,224.0500030517578,223.5500030517578,224.0500030517578,81
2019-08-02,CG1.MI,219.0,219.75,217.5,217.64999389648438,1411
2019-08-05,CG1.MI,214.25,214.25,213.60000610351562,213.60000610351562,69
2019-08-06,CG1.MI,214.64999389648438,214.64999389648438,212.0500030517578,212.0500030517578,24
2019-08-07,CG1.MI,214.0500030517578,214.0500030517578,212.25,212.9499969482422,85
2019-08-08,CG1.MI,215.0,216.0,215.0,216.0,96
2019-08-09,CG1.MI,216.0,216.0,216.0,216.0,0
2019-08-12,CG1.MI,216.4499969482422,216.4499969482422,213.3000030517578,213.89999389648438,15
2019-08-13,CG1.MI,214.25,215.35000610351562,214.25,215.35000610351562,11
2019-08-14,CG1.MI,210.0,210.10000610351562,210.0,210.10000610351562,10
2019-08-16,CG1.MI,210.64999389648438,211.39999389648438,210.64999389648438,211.39999389648438,25
2019-08-19,CG1.MI,213.9499969482422,214.5500030517578,213.9499969482422,214.5,42
2019-08-20,CG1.MI,214.5,214.5,214.5,214.5,0
2019-08-21,CG1.MI,214.5,214.5,214.5,214.5,0
2019-08-22,CG1.MI,216.64999389648438,216.64999389648438,214.6999969482422,214.6999969482422,11
2019-08-23,CG1.MI,216.14999389648438,216.14999389648438,213.0,213.0,38
2019-08-26,CG1.MI,211.60000610351562,213.39999389648438,211.60000610351562,213.39999389648438,161
2019-08-27,CG1.MI,213.39999389648438,213.39999389648438,213.39999389648438,213.39999389648438,0
2019-08-28,CG1.MI,213.14999389648438,214.14999389648438,213.14999389648438,214.14999389648438,418
2019-08-29,CG1.MI,215.3000030517578,216.64999389648438,215.3000030517578,216.64999389648438,34
2019-08-30,CG1.MI,219.1999969482422,219.1999969482422,218.0,218.0,47
2019-09-02,CG1.MI,218.0,218.0,218.0,218.0,0
2019-09-03,CG1.MI,218.10000610351562,218.5500030517578,217.85000610351562,217.85000610351562,18
2019-09-04,CG1.MI,220.5500030517578,220.5500030517578,219.9499969482422,219.9499969482422,10
2019-09-05,CG1.MI,222.0,222.0500030517578,221.9499969482422,221.9499969482422,458
2019-09-06,CG1.MI,222.3000030517578,223.0,222.3000030517578,223.0,26
2019-09-09,CG1.MI,223.35000610351562,223.64999389648438,223.35000610351562,223.64999389648438,11
2019-09-10,CG1.MI,222.89999389648438,224.5500030517578,222.89999389648438,224.5500030517578,2135
2019-09-11,CG1.MI,226.0,226.1999969482422,226.0,226.0,15
2019-09-12,CG1.MI,225.85000610351562,227.14999389648438,225.25,227.14999389648438,2448
2019-09-13,CG1.MI,227.8000030517578,228.64999389648438,227.8000030517578,228.35000610351562,79
2019-09-16,CG1.MI,226.64999389648438,226.89999389648438,226.4499969482422,226.89999389648438,320
2019-09-17,CG1.MI,226.89999389648438,226.89999389648438,226.89999389648438,226.89999389648438,0
2019-09-18,CG1.MI,226.5,226.85000610351562,226.5,226.85000610351562,298
2019-09-19,CG1.MI,226.85000610351562,226.85000610351562,226.85000610351562,226.85000610351562,0
2019-09-20,CG1.MI,228.0500030517578,228.1999969482422,227.1999969482422,228.10000610351562,91
2019-09-23,CG1.MI,224.75,225.89999389648438,224.75,225.89999389648438,3
2019-09-24,CG1.MI,225.89999389648438,225.89999389648438,225.3000030517578,225.3000030517578,29
2019-09-25,CG1.MI,222.6999969482422,223.75,222.1999969482422,223.75,74
2019-09-26,CG1.MI,223.75,223.75,223.75,223.75,0
2019-09-27,CG1.MI,223.75,223.75,223.75,223.75,0
2019-09-30,CG1.MI,223.75,223.75,223.75,223.75,0
2019-10-01,CG1.MI,228.0,228.0,224.75,224.75,22
2019-10-02,CG1.MI,222.75,222.75,218.6999969482422,218.6999969482422,124
2019-10-03,CG1.MI,218.89999389648438,218.89999389648438,218.39999389648438,218.39999389648438,1932
2019-10-04,CG1.MI,218.39999389648438,218.39999389648438,218.39999389648438,218.39999389648438,0
2019-10-07,CG1.MI,221.25,221.25,221.14999389648438,221.14999389648438,9
2019-10-08,CG1.MI,218.64999389648438,219.60000610351562,218.64999389648438,219.35000610351562,22
2019-10-09,CG1.MI,220.89999389648438,221.8000030517578,220.89999389648438,221.10000610351562,142
2019-10-10,CG1.MI,221.10000610351562,221.10000610351562,221.10000610351562,221.10000610351562,0
2019-10-11,CG1.MI,224.89999389648438,228.60000610351562,224.25,228.60000610351562,242
2019-10-14,CG1.MI,227.60000610351562,228.60000610351562,227.5500030517578,228.35000610351562,511
2019-10-15,CG1.MI,229.35000610351562,231.35000610351562,229.35000610351562,231.35000610351562,1101
2019-10-16,CG1.MI,230.89999389648438,232.14999389648438,230.89999389648438,232.14999389648438,20
2019-10-17,CG1.MI,231.8000030517578,232.10000610351562,231.8000030517578,232.10000610351562,75
2019-10-18,CG1.MI,232.10000610351562,232.10000610351562,232.10000610351562,232.10000610351562,0
2019-10-21,CG1.MI,232.85000610351562,233.75,232.25,233.39999389648438,30
2019-10-22,CG1.MI,233.39999389648438,233.75,233.0500030517578,233.5,470
2019-10-23,CG1.MI,232.35000610351562,234.25,232.35000610351562,234.25,192
2019-10-24,CG1.MI,235.39999389648438,235.75,235.39999389648438,235.5500030517578,16
2019-10-25,CG1.MI,235.35000610351562,235.89999389648438,235.3000030517578,235.89999389648438,160
2019-10-28,CG1.MI,237.35000610351562,237.35000610351562,236.75,237.0500030517578,76
2019-10-29,CG1.MI,236.5500030517578,236.8000030517578,236.5500030517578,236.8000030517578,4
2019-10-30,CG1.MI,235.85000610351562,236.14999389648438,235.10000610351562,236.14999389648438,190
2019-10-31,CG1.MI,236.14999389648438,236.14999389648438,235.0,235.9499969482422,230
2019-11-01,CG1.MI,236.3000030517578,237.14999389648438,236.3000030517578,236.9499969482422,101
2019-11-04,CG1.MI,239.39999389648438,240.64999389648438,239.39999389648438,240.10000610351562,337
2019-11-05,CG1.MI,239.89999389648438,240.8000030517578,239.89999389648438,240.5,81
2019-11-06,CG1.MI,241.10000610351562,241.3000030517578,240.9499969482422,240.9499969482422,20
2019-11-07,CG1.MI,242.5,243.0500030517578,242.5,242.89999389648438,360
2019-11-08,CG1.MI,242.25,242.85000610351562,241.6999969482422,241.9499969482422,57
2019-11-11,CG1.MI,240.4499969482422,241.64999389648438,240.4499969482422,241.64999389648438,730
2019-11-12,CG1.MI,242.39999389648438,243.25,242.39999389648438,243.25,54
2019-11-13,CG1.MI,242.64999389648438,242.64999389648438,241.89999389648438,242.0500030517578,467
2019-11-14,CG1.MI,241.39999389648438,241.5500030517578,240.89999389648438,241.3000030517578,292
2019-11-15,CG1.MI,241.64999389648438,242.14999389648438,241.0500030517578,242.14999389648438,223
2019-11-18,CG1.MI,242.14999389648438,242.14999389648438,242.14999389648438,242.14999389648438,0
2019-11-19,CG1.MI,243.5,244.10000610351562,241.85000610351562,241.85000610351562,100
2019-11-20,CG1.MI,241.85000610351562,241.85000610351562,241.85000610351562,241.85000610351562,0
2019-11-21,CG1.MI,238.89999389648438,240.64999389648438,238.89999389648438,240.64999389648438,60
2019-11-22,CG1.MI,241.39999389648438,241.39999389648438,240.8000030517578,240.8000030517578,38
2019-11-25,CG1.MI,242.0,242.3000030517578,241.75,242.3000030517578,307
2019-11-26,CG1.MI,241.8000030517578,242.3000030517578,241.8000030517578,242.3000030517578,286
2019-11-27,CG1.MI,243.25,243.25,242.75,243.0500030517578,66
2019-11-28,CG1.MI,242.6999969482422,242.6999969482422,242.1999969482422,242.1999969482422,453
2019-11-29,CG1.MI,242.9499969482422,243.0500030517578,242.39999389648438,242.39999389648438,994
2019-12-02,CG1.MI,243.14999389648438,243.85000610351562,237.14999389648438,237.35000610351562,1802
2019-12-03,CG1.MI,238.89999389648438,238.89999389648438,237.35000610351562,237.60000610351562,101
2019-12-04,CG1.MI,238.89999389648438,240.5,238.89999389648438,240.3000030517578,2616
2019-12-05,CG1.MI,240.1999969482422,240.1999969482422,239.35000610351562,239.35000610351562,4
2019-12-06,CG1.MI,239.60000610351562,240.89999389648438,239.0,240.89999389648438,8
2019-12-09,CG1.MI,240.5500030517578,240.5500030517578,239.75,239.75,655
2019-12-10,CG1.MI,236.35000610351562,239.0500030517578,236.35000610351562,239.0,116
2019-12-11,CG1.MI,239.60000610351562,240.60000610351562,239.10000610351562,240.60000610351562,185
2019-12-12,CG1.MI,240.89999389648438,242.60000610351562,240.3000030517578,242.10000610351562,1050
2019-12-13,CG1.MI,245.0,245.25,242.75,242.75,162
2019-12-16,CG1.MI,244.64999389648438,245.3000030517578,244.64999389648438,245.3000030517578,134
2019-12-17,CG1.MI,244.1999969482422,244.1999969482422,243.10000610351562,243.10000610351562,159
2019-12-18,CG1.MI,242.6999969482422,242.8000030517578,241.6999969482422,241.89999389648438,1052
2019-12-19,CG1.MI,240.75,241.4499969482422,240.64999389648438,241.4499969482422,79
2019-12-20,CG1.MI,242.39999389648438,243.39999389648438,241.89999389648438,243.39999389648438,209
2019-12-23,CG1.MI,243.39999389648438,243.39999389648438,243.39999389648438,243.39999389648438,0
2019-12-27,CG1.MI,244.5500030517578,244.5500030517578,243.6999969482422,243.6999969482422,20
2019-12-30,CG1.MI,242.89999389648438,242.89999389648438,240.35000610351562,240.35000610351562,24
2020-01-02,CG1.MI,242.89999389648438,245.0500030517578,242.89999389648438,245.0500030517578,377
2020-01-03,CG1.MI,242.25,242.25,240.10000610351562,241.4499969482422,622
2020-01-06,CG1.MI,238.3000030517578,239.9499969482422,237.0500030517578,239.9499969482422,395
2020-01-07,CG1.MI,242.64999389648438,242.64999389648438,241.85000610351562,242.0,188
2020-01-08,CG1.MI,242.0,243.60000610351562,242.0,243.60000610351562,23
2020-01-09,CG1.MI,243.60000610351562,243.60000610351562,243.60000610351562,243.60000610351562,0
2020-01-10,CG1.MI,247.1999969482422,247.64999389648438,246.85000610351562,246.85000610351562,78
2020-01-13,CG1.MI,247.0,247.0,245.8000030517578,245.8000030517578,66
2020-01-14,CG1.MI,244.8000030517578,246.3000030517578,244.39999389648438,246.0500030517578,432
2020-01-15,CG1.MI,245.14999389648438,245.4499969482422,245.14999389648438,245.4499969482422,3
2020-01-16,CG1.MI,246.25,246.75,245.25,245.60000610351562,931
2020-01-17,CG1.MI,247.14999389648438,247.5500030517578,247.14999389648438,247.14999389648438,115
2020-01-20,CG1.MI,246.85000610351562,247.8000030517578,246.85000610351562,247.8000030517578,1
2020-01-21,CG1.MI,245.85000610351562,247.89999389648438,245.85000610351562,247.89999389648438,322
2020-01-22,CG1.MI,248.64999389648438,248.64999389648438,247.0500030517578,247.0500030517578,158
2020-01-23,CG1.MI,246.25,246.5,244.85000610351562,244.85000610351562,50
2020-01-24,CG1.MI,248.35000610351562,248.39999389648438,248.14999389648438,248.14999389648438,41
2020-01-27,CG1.MI,243.0,243.0,241.6999969482422,241.6999969482422,1111
2020-01-28,CG1.MI,242.10000610351562,243.5,242.10000610351562,243.5,10
2020-01-29,CG1.MI,244.25,244.25,243.35000610351562,244.25,109
2020-01-30,CG1.MI,241.0500030517578,241.4499969482422,240.5500030517578,240.5500030517578,137
2020-01-31,CG1.MI,240.5500030517578,240.5500030517578,240.5500030517578,240.5500030517578,0
2020-02-03,CG1.MI,238.3000030517578,239.0500030517578,238.1999969482422,238.5500030517578,89
2020-02-04,CG1.MI,240.85000610351562,242.85000610351562,240.85000610351562,242.85000610351562,60
2020-02-05,CG1.MI,245.4499969482422,246.5,245.4499969482422,246.5,943
2020-02-06,CG1.MI,248.39999389648438,248.39999389648438,248.0500030517578,248.10000610351562,33
2020-02-07,CG1.MI,246.89999389648438,247.14999389648438,246.89999389648438,247.14999389648438,12
2020-02-10,CG1.MI,246.6999969482422,246.85000610351562,246.14999389648438,246.5500030517578,21
2020-02-11,CG1.MI,248.5500030517578,249.64999389648438,248.5500030517578,249.5,153
2020-02-12,CG1.MI,251.39999389648438,251.4499969482422,251.25,251.25,19
2020-02-13,CG1.MI,248.8000030517578,251.0500030517578,248.8000030517578,251.0500030517578,36
2020-02-14,CG1.MI,251.5,252.10000610351562,251.25,251.35000610351562,652
2020-02-17,CG1.MI,251.35000610351562,251.35000610351562,251.35000610351562,251.35000610351562,0
2020-02-18,CG1.MI,250.0500030517578,250.5,249.8000030517578,249.8000030517578,604
2020-02-19,CG1.MI,251.14999389648438,252.0,251.14999389648438,252.0,4
2020-02-20,CG1.MI,252.0,252.0,252.0,252.0,0
2020-02-21,CG1.MI,247.85000610351562,249.5,247.39999389648438,248.0,86
2020-02-24,CG1.MI,240.1999969482422,240.1999969482422,238.0,238.1999969482422,40
2020-02-25,CG1.MI,239.75,239.75,233.89999389648438,233.89999389648438,329
2020-02-26,CG1.MI,231.4499969482422,233.6999969482422,230.0500030517578,233.4499969482422,1379
2020-02-27,CG1.MI,229.10000610351562,229.14999389648438,225.64999389648438,226.39999389648438,95
2020-02-28,CG1.MI,217.5,219.10000610351562,214.39999389648438,216.9499969482422,1922
2020-03-02,CG1.MI,219.85000610351562,221.75,212.35000610351562,216.89999389648438,730
2020-03-03,CG1.MI,222.5,222.85000610351562,217.75,217.75,1056
2020-03-04,CG1.MI,221.0,221.0500030517578,219.64999389648438,221.0500030517578,66
2020-03-05,CG1.MI,217.60000610351562,218.6999969482422,217.60000610351562,218.6999969482422,128
2020-03-06,CG1.MI,210.1999969482422,211.14999389648438,209.8000030517578,211.14999389648438,26
2020-03-09,CG1.MI,201.0,201.0,194.86000061035156,195.39999389648438,1597
2020-03-10,CG1.MI,199.17999267578125,199.17999267578125,191.9199981689453,191.9199981689453,77
2020-03-11,CG1.MI,194.9600067138672,196.27999877929688,190.02000427246094,190.27999877929688,179
2020-03-12,CG1.MI,180.89999389648438,180.89999389648438,168.97999572753906,168.97999572753906,1369
2020-03-13,CG1.MI,173.67999267578125,181.36000061035156,167.05999755859375,167.13999938964844,1361
2020-03-16,CG1.MI,168.0,168.0,154.0,158.97999572753906,343
2020-03-17,CG1.MI,158.89999389648438,164.36000061035156,154.94000244140625,163.02000427246094,2892
2020-03-18,CG1.MI,158.10000610351562,158.10000610351562,154.97999572753906,155.25999450683594,1481
2020-03-19,CG1.MI,160.0,160.0,152.86000061035156,158.1999969482422,413
2020-03-20,CG1.MI,165.4199981689453,166.83999633789062,162.16000366210938,162.16000366210938,4154
2020-03-23,CG1.MI,155.5800018310547,160.44000244140625,155.5800018310547,159.6199951171875,3079
2020-03-24,CG1.MI,166.77999877929688,176.5800018310547,166.77999877929688,176.5800018310547,1075
2020-03-25,CG1.MI,182.16000366210938,185.24000549316406,173.63999938964844,179.52000427246094,12222
2020-03-26,CG1.MI,175.8800048828125,182.22000122070312,175.8800048828125,182.22000122070312,315
2020-03-27,CG1.MI,179.82000732421875,180.72000122070312,175.67999267578125,175.67999267578125,986
2020-03-30,CG1.MI,177.0800018310547,178.9600067138672,175.0800018310547,178.9600067138672,998
2020-03-31,CG1.MI,182.4600067138672,184.5,179.0,181.6999969482422,660
2020-04-01,CG1.MI,175.75999450683594,176.5399932861328,173.89999389648438,173.89999389648438,542
2020-04-02,CG1.MI,175.36000061035156,175.5800018310547,172.3800048828125,174.67999267578125,317
2020-04-03,CG1.MI,175.0,175.72000122070312,173.9199981689453,174.22000122070312,374
2020-04-06,CG1.MI,181.33999633789062,184.16000366210938,180.6199951171875,184.16000366210938,733
2020-04-07,CG1.MI,191.32000732421875,192.6999969482422,188.05999755859375,189.1999969482422,933
2020-04-08,CG1.MI,188.1999969482422,188.82000732421875,186.8000030517578,188.82000732421875,244
2020-04-09,CG1.MI,192.5800018310547,193.44000244140625,189.72000122070312,193.16000366210938,509
2020-04-14,CG1.MI,196.74000549316406,198.1199951171875,193.24000549316406,195.83999633789062,3184
2020-04-15,CG1.MI,195.36000061035156,195.36000061035156,187.89999389648438,187.89999389648438,613
2020-04-16,CG1.MI,190.6199951171875,190.66000366210938,188.10000610351562,189.05999755859375,292
2020-04-17,CG1.MI,194.02000427246094,196.0,193.60000610351562,193.75999450683594,349
2020-04-20,CG1.MI,195.17999267578125,195.8000030517578,192.8800048828125,194.86000061035156,244
2020-04-21,CG1.MI,190.9600067138672,192.02000427246094,187.60000610351562,187.60000610351562,235
2020-04-22,CG1.MI,189.75999450683594,190.5800018310547,189.1999969482422,190.36000061035156,491
2020-04-23,CG1.MI,190.75999450683594,193.0800018310547,189.36000061035156,192.63999938964844,432
2020-04-24,CG1.MI,189.94000244140625,189.94000244140625,189.05999755859375,189.05999755859375,10
2020-04-27,CG1.MI,193.82000732421875,194.4600067138672,193.0,194.4600067138672,730
2020-04-28,CG1.MI,194.77999877929688,198.9199981689453,194.77999877929688,197.32000732421875,1184
2020-04-29,CG1.MI,198.22000122070312,203.10000610351562,197.39999389648438,203.10000610351562,828
2020-04-30,CG1.MI,204.3000030517578,204.3000030517578,198.05999755859375,198.05999755859375,679
2020-05-04,CG1.MI,191.0,192.6999969482422,190.94000244140625,191.27999877929688,2665
2020-05-05,CG1.MI,194.24000549316406,196.25999450683594,193.9199981689453,196.25999450683594,1415
2020-05-06,CG1.MI,195.6199951171875,195.86000061035156,194.0,194.10000610351562,286
2020-05-07,CG1.MI,195.3000030517578,196.33999633789062,194.82000732421875,196.27999877929688,241
2020-05-08,CG1.MI,198.9199981689453,199.17999267578125,197.6999969482422,199.17999267578125,153
2020-05-11,CG1.MI,200.0,200.0,196.5,197.74000549316406,458
2020-05-12,CG1.MI,197.39999389648438,197.94000244140625,197.39999389648438,197.89999389648438,199
2020-05-13,CG1.MI,194.02000427246094,195.0,192.63999938964844,192.63999938964844,401
2020-05-14,CG1.MI,190.5800018310547,191.16000366210938,186.44000244140625,188.6199951171875,877
2020-05-15,CG1.MI,191.5399932861328,192.0,190.25999450683594,191.5399932861328,621
2020-05-18,CG1.MI,195.77999877929688,202.3000030517578,195.77999877929688,202.3000030517578,1197
2020-05-19,CG1.MI,204.35000610351562,204.39999389648438,200.25,202.5500030517578,363
2020-05-20,CG1.MI,202.0,205.25,201.8000030517578,205.25,236
2020-05-21,CG1.MI,202.39999389648438,203.10000610351562,201.8000030517578,201.8000030517578,54
2020-05-22,CG1.MI,200.4499969482422,202.4499969482422,200.4499969482422,202.10000610351562,71
2020-05-25,CG1.MI,204.1999969482422,207.5,203.64999389648438,207.5,684
2020-05-26,CG1.MI,209.6999969482422,210.39999389648438,208.6999969482422,210.3000030517578,366
2020-05-27,CG1.MI,211.85000610351562,214.0,211.85000610351562,212.64999389648438,95
2020-05-28,CG1.MI,214.5,216.14999389648438,213.25,215.4499969482422,386
2020-05-29,CG1.MI,212.5500030517578,213.1999969482422,211.5500030517578,211.60000610351562,92
2020-06-01,CG1.MI,215.5,216.35000610351562,212.89999389648438,216.25,150
2020-06-02,CG1.MI,216.60000610351562,219.75,216.60000610351562,218.6999969482422,266
2020-06-03,CG1.MI,222.75,227.75,222.75,227.5500030517578,448
2020-06-04,CG1.MI,226.25,227.5,225.6999969482422,226.6999969482422,450
2020-06-05,CG1.MI,229.5,234.4499969482422,229.5,234.4499969482422,770
2020-06-08,CG1.MI,231.89999389648438,235.0,231.89999389648438,234.1999969482422,245
2020-06-09,CG1.MI,233.3000030517578,233.3000030517578,228.8000030517578,230.60000610351562,483
2020-06-10,CG1.MI,232.39999389648438,232.75,228.5,229.0,296
2020-06-11,CG1.MI,222.39999389648438,222.39999389648438,219.39999389648438,219.39999389648438,390
2020-06-12,CG1.MI,218.9499969482422,221.5500030517578,217.64999389648438,217.64999389648438,36
2020-06-15,CG1.MI,212.75,217.85000610351562,212.10000610351562,217.3000030517578,795
2020-06-16,CG1.MI,222.5,226.0,222.5,224.6999969482422,168
2020-06-17,CG1.MI,225.5,225.9499969482422,224.85000610351562,225.5500030517578,104
2020-06-18,CG1.MI,225.35000610351562,226.1999969482422,222.85000610351562,224.1999969482422,239
2020-06-19,CG1.MI,225.5,226.35000610351562,225.0,225.0,383
2020-06-22,CG1.MI,222.25,225.64999389648438,222.25,223.3000030517578,89
2020-06-23,CG1.MI,227.8000030517578,229.6999969482422,227.35000610351562,228.64999389648438,341
2020-06-24,CG1.MI,225.60000610351562,225.60000610351562,220.85000610351562,220.85000610351562,132
2020-06-25,CG1.MI,218.6999969482422,222.75,218.6999969482422,222.75,208
2020-06-26,CG1.MI,223.39999389648438,223.8000030517578,219.8000030517578,220.39999389648438,128
2020-06-29,CG1.MI,220.0500030517578,223.60000610351562,220.0500030517578,223.60000610351562,111
2020-06-30,CG1.MI,222.89999389648438,224.89999389648438,222.4499969482422,224.89999389648438,1018
2020-07-01,CG1.MI,228.3000030517578,228.3000030517578,220.60000610351562,223.10000610351562,5606
2020-07-02,CG1.MI,227.4499969482422,229.89999389648438,227.4499969482422,229.8000030517578,254
2020-07-03,CG1.MI,230.0,230.39999389648438,227.8000030517578,227.8000030517578,76
2020-07-06,CG1.MI,232.85000610351562,232.85000610351562,231.6999969482422,232.3000030517578,47
2020-07-07,CG1.MI,230.64999389648438,230.64999389648438,228.85000610351562,230.0500030517578,230
2020-07-08,CG1.MI,229.14999389648438,230.0500030517578,227.64999389648438,227.64999389648438,88
2020-07-09,CG1.MI,229.3000030517578,231.35000610351562,226.85000610351562,227.75,429
2020-07-10,CG1.MI,226.1999969482422,230.1999969482422,226.1999969482422,230.0500030517578,37
2020-07-13,CG1.MI,233.35000610351562,233.4499969482422,232.0,233.4499969482422,142
2020-07-14,CG1.MI,229.75,231.0500030517578,229.35000610351562,230.6999969482422,593
2020-07-15,CG1.MI,233.8000030517578,235.85000610351562,233.8000030517578,235.85000610351562,149
2020-07-16,CG1.MI,234.6999969482422,235.14999389648438,233.75,234.64999389648438,279
2020-07-17,CG1.MI,235.5500030517578,235.75,235.25,235.60000610351562,192
2020-07-20,CG1.MI,234.64999389648438,237.85000610351562,234.60000610351562,237.85000610351562,297
2020-07-21,CG1.MI,241.75,242.39999389648438,239.60000610351562,240.0,322
2020-07-22,CG1.MI,240.1999969482422,240.1999969482422,238.75,238.75,84
2020-07-23,CG1.MI,240.0,240.1999969482422,238.85000610351562,238.89999389648438,167
2020-07-24,CG1.MI,233.9499969482422,235.60000610351562,233.5,233.9499969482422,191
2020-07-27,CG1.MI,233.64999389648438,234.1999969482422,233.64999389648438,234.1999969482422,10
2020-07-28,CG1.MI,235.64999389648438,235.64999389648438,232.64999389648438,234.0,97
2020-07-29,CG1.MI,233.6999969482422,233.8000030517578,233.6999969482422,233.8000030517578,50
2020-07-30,CG1.MI,230.1999969482422,230.1999969482422,224.14999389648438,225.10000610351562,90
2020-07-31,CG1.MI,227.39999389648438,227.85000610351562,225.1999969482422,225.1999969482422,128
2020-08-03,CG1.MI,225.35000610351562,230.85000610351562,225.35000610351562,230.6999969482422,66
2020-08-04,CG1.MI,228.4499969482422,229.4499969482422,228.4499969482422,229.35000610351562,34
2020-08-05,CG1.MI,231.35000610351562,231.39999389648438,230.4499969482422,230.4499969482422,333
2020-08-06,CG1.MI,232.39999389648438,232.39999389648438,229.85000610351562,229.85000610351562,32
2020-08-07,CG1.MI,229.35000610351562,230.5,229.35000610351562,230.5,109
2020-08-10,CG1.MI,230.9499969482422,231.39999389648438,230.89999389648438,231.0,1291
2020-08-11,CG1.MI,233.5500030517578,236.60000610351562,233.39999389648438,235.89999389648438,477
2020-08-12,CG1.MI,235.5,238.0500030517578,235.25,238.0500030517578,52
2020-08-13,CG1.MI,238.0500030517578,238.0500030517578,238.0500030517578,238.0500030517578,0
2020-08-14,CG1.MI,234.0500030517578,235.0500030517578,234.0500030517578,235.0500030517578,55
2020-08-17,CG1.MI,234.6999969482422,235.64999389648438,234.6999969482422,235.64999389648438,201
2020-08-18,CG1.MI,233.85000610351562,237.3000030517578,233.85000610351562,234.25,135
2020-08-19,CG1.MI,235.75,236.4499969482422,235.6999969482422,236.4499969482422,28
2020-08-20,CG1.MI,236.4499969482422,236.4499969482422,236.4499969482422,236.4499969482422,0
2020-08-21,CG1.MI,233.9499969482422,233.9499969482422,231.8000030517578,232.35000610351562,20
2020-08-24,CG1.MI,237.9499969482422,238.25,237.5500030517578,238.0500030517578,237
2020-08-25,CG1.MI,239.35000610351562,239.5500030517578,238.1999969482422,238.1999969482422,52
2020-08-26,CG1.MI,238.6999969482422,240.25,238.6999969482422,240.25,85
2020-08-27,CG1.MI,240.25,240.25,240.25,240.25,0
2020-08-28,CG1.MI,238.89999389648438,238.89999389648438,236.85000610351562,237.5,604
2020-08-31,CG1.MI,238.0,238.0,235.4499969482422,235.4499969482422,4
2020-09-01,CG1.MI,237.9499969482422,237.9499969482422,234.85000610351562,236.0500030517578,94
2020-09-02,CG1.MI,239.60000610351562,241.4499969482422,239.60000610351562,240.75,23
2020-09-03,CG1.MI,243.9499969482422,244.5500030517578,237.35000610351562,237.35000610351562,626
2020-09-04,CG1.MI,235.5,236.6999969482422,232.9499969482422,233.14999389648438,767
2020-09-07,CG1.MI,235.60000610351562,238.9499969482422,235.60000610351562,238.3000030517578,494
2020-09-08,CG1.MI,239.0500030517578,239.10000610351562,235.4499969482422,236.39999389648438,57
2020-09-09,CG1.MI,241.10000610351562,241.35000610351562,241.10000610351562,241.35000610351562,30
2020-09-10,CG1.MI,241.1999969482422,241.1999969482422,240.35000610351562,240.6999969482422,36
2020-09-11,CG1.MI,240.0500030517578,240.64999389648438,239.89999389648438,240.64999389648438,28
2020-09-14,CG1.MI,242.3000030517578,242.3000030517578,240.35000610351562,240.35000610351562,15
2020-09-15,CG1.MI,241.3000030517578,241.3000030517578,240.75,240.8000030517578,600
2020-09-16,CG1.MI,240.5500030517578,241.0,240.5500030517578,241.0,115
2020-09-17,CG1.MI,237.3000030517578,240.85000610351562,237.3000030517578,240.85000610351562,2224
2020-09-18,CG1.MI,240.39999389648438,241.35000610351562,239.64999389648438,239.64999389648438,3880
2020-09-21,CG1.MI,236.25,236.25,227.89999389648438,227.89999389648438,234
2020-09-22,CG1.MI,229.9499969482422,230.8000030517578,229.4499969482422,230.25,296
2020-09-23,CG1.MI,232.60000610351562,232.9499969482422,230.4499969482422,230.4499969482422,59
2020-09-24,CG1.MI,228.35000610351562,230.0,228.35000610351562,229.5,57
2020-09-25,CG1.MI,228.89999389648438,228.89999389648438,225.0,226.4499969482422,304
2020-09-28,CG1.MI,231.0500030517578,234.35000610351562,230.8000030517578,234.35000610351562,75
2020-09-29,CG1.MI,232.9499969482422,233.9499969482422,232.85000610351562,233.3000030517578,61
2020-09-30,CG1.MI,232.4499969482422,233.4499969482422,231.5,233.0,54
2020-10-01,CG1.MI,233.25,233.25,231.3000030517578,231.3000030517578,24
2020-10-02,CG1.MI,230.3000030517578,230.75,229.5,230.75,83
2020-10-05,CG1.MI,233.5,233.75,232.0,233.6999969482422,66
2020-10-06,CG1.MI,233.89999389648438,235.14999389648438,233.5500030517578,235.14999389648438,230
2020-10-07,CG1.MI,235.10000610351562,235.10000610351562,234.10000610351562,235.0,24
2020-10-08,CG1.MI,237.3000030517578,238.0,236.89999389648438,237.75,95
2020-10-09,CG1.MI,237.9499969482422,237.9499969482422,236.9499969482422,237.39999389648438,59
2020-10-12,CG1.MI,237.8000030517578,239.10000610351562,237.8000030517578,238.85000610351562,23
2020-10-13,CG1.MI,238.6999969482422,238.6999969482422,236.35000610351562,236.60000610351562,50
2020-10-14,CG1.MI,236.60000610351562,236.60000610351562,236.60000610351562,236.60000610351562,0
2020-10-15,CG1.MI,233.4499969482422,233.4499969482422,229.64999389648438,230.89999389648438,3674
2020-10-16,CG1.MI,233.0,235.25,233.0,235.14999389648438,129
2020-10-19,CG1.MI,235.0500030517578,235.0500030517578,234.14999389648438,234.14999389648438,518
2020-10-20,CG1.MI,232.5500030517578,232.5500030517578,232.25,232.25,419
2020-10-21,CG1.MI,232.0,232.0,228.4499969482422,228.4499969482422,37
2020-10-22,CG1.MI,226.10000610351562,228.1999969482422,226.10000610351562,228.1999969482422,13
2020-10-23,CG1.MI,229.85000610351562,230.89999389648438,229.75,229.89999389648438,314
2020-10-26,CG1.MI,224.64999389648438,225.6999969482422,221.8000030517578,221.8000030517578,275
2020-10-27,CG1.MI,221.3000030517578,221.4499969482422,219.75,219.75,110
2020-10-28,CG1.MI,213.64999389648438,213.9499969482422,209.85000610351562,209.85000610351562,278
2020-10-29,CG1.MI,211.60000610351562,212.25,208.6999969482422,210.89999389648438,301
2020-10-30,CG1.MI,209.4499969482422,211.35000610351562,209.14999389648438,210.8000030517578,913
2020-11-02,CG1.MI,211.14999389648438,215.0500030517578,210.89999389648438,214.5,296
2020-11-03,CG1.MI,216.60000610351562,219.9499969482422,216.60000610351562,219.9499969482422,284
2020-11-04,CG1.MI,217.3000030517578,224.1999969482422,217.3000030517578,224.14999389648438,710
2020-11-05,CG1.MI,226.25,228.8000030517578,226.14999389648438,228.8000030517578,99
2020-11-06,CG1.MI,228.60000610351562,228.60000610351562,227.1999969482422,227.1999969482422,178
2020-11-09,CG1.MI,231.6999969482422,242.0,231.60000610351562,239.0500030517578,593
2020-11-10,CG1.MI,237.6999969482422,240.35000610351562,237.25,240.35000610351562,2270
2020-11-11,CG1.MI,240.35000610351562,240.89999389648438,240.0500030517578,240.89999389648438,322
2020-11-12,CG1.MI,239.64999389648438,239.64999389648438,237.39999389648438,238.0,107
2020-11-13,CG1.MI,238.75,238.75,238.14999389648438,238.4499969482422,28
2020-11-16,CG1.MI,239.8000030517578,240.6999969482422,238.6999969482422,239.8000030517578,254
2020-11-17,CG1.MI,239.3000030517578,239.3000030517578,238.1999969482422,239.0,42
2020-11-18,CG1.MI,239.0500030517578,240.35000610351562,239.0500030517578,240.3000030517578,480
2020-11-19,CG1.MI,238.0,238.85000610351562,238.0,238.25,65
2020-11-20,CG1.MI,239.5,239.5,238.5,239.10000610351562,159
2020-11-23,CG1.MI,241.3000030517578,241.5,239.6999969482422,239.8000030517578,602
2020-11-24,CG1.MI,241.0500030517578,242.10000610351562,241.0500030517578,241.89999389648438,135
2020-11-25,CG1.MI,242.10000610351562,242.14999389648438,240.89999389648438,242.14999389648438,170
2020-11-26,CG1.MI,241.9499969482422,242.39999389648438,241.85000610351562,242.1999969482422,1796
2020-11-27,CG1.MI,243.1999969482422,243.1999969482422,242.9499969482422,243.1999969482422,10
2020-11-30,CG1.MI,241.6999969482422,244.6999969482422,241.6999969482422,242.60000610351562,58
2020-12-01,CG1.MI,243.25,244.39999389648438,243.25,243.89999389648438,378
2020-12-02,CG1.MI,242.35000610351562,242.89999389648438,241.85000610351562,242.25,133
2020-12-03,CG1.MI,241.75,241.89999389648438,241.3000030517578,241.4499969482422,431
2020-12-04,CG1.MI,241.1999969482422,241.75,241.1999969482422,241.75,698
2020-12-07,CG1.MI,240.3000030517578,241.60000610351562,240.3000030517578,241.60000610351562,84
2020-12-08,CG1.MI,241.25,241.85000610351562,240.4499969482422,241.85000610351562,2386
2020-12-09,CG1.MI,242.4499969482422,244.35000610351562,242.4499969482422,243.1999969482422,727
2020-12-10,CG1.MI,242.8000030517578,243.39999389648438,242.14999389648438,242.14999389648438,2841
2020-12-11,CG1.MI,242.14999389648438,242.14999389648438,242.14999389648438,242.14999389648438,0
2020-12-14,CG1.MI,241.35000610351562,241.5500030517578,241.0500030517578,241.0500030517578,37
2020-12-15,CG1.MI,241.9499969482422,243.39999389648438,241.9499969482422,243.39999389648438,41
2020-12-16,CG1.MI,246.39999389648438,247.35000610351562,245.64999389648438,246.8000030517578,837
2020-12-17,CG1.MI,249.89999389648438,250.0,248.6999969482422,249.14999389648438,142
2020-12-18,CG1.MI,250.35000610351562,250.35000610351562,248.3000030517578,248.3000030517578,103
2020-12-21,CG1.MI,239.0500030517578,241.5500030517578,238.35000610351562,241.3000030517578,233
2020-12-22,CG1.MI,242.9499969482422,244.35000610351562,242.9499969482422,244.35000610351562,7
2020-12-23,CG1.MI,247.5500030517578,247.5500030517578,247.35000610351562,247.35000610351562,20
2020-12-28,CG1.MI,250.5500030517578,251.25,250.5500030517578,251.10000610351562,232
2020-12-29,CG1.MI,252.5,252.5,250.89999389648438,250.89999389648438,30
2020-12-30,CG1.MI,250.75,250.9499969482422,249.39999389648438,249.39999389648438,126
2021-01-04,CG1.MI,252.25,253.14999389648438,249.9499969482422,249.9499969482422,582
2021-01-05,CG1.MI,249.6999969482422,249.6999969482422,248.10000610351562,248.10000610351562,29
2021-01-06,CG1.MI,249.35000610351562,253.3000030517578,249.35000610351562,253.3000030517578,265
2021-01-07,CG1.MI,254.39999389648438,254.75,253.64999389648438,254.64999389648438,325
2021-01-08,CG1.MI,256.45001220703125,256.79998779296875,255.0,255.1999969482422,277
2021-01-11,CG1.MI,253.35000610351562,254.10000610351562,251.64999389648438,253.6999969482422,92
2021-01-12,CG1.MI,253.85000610351562,254.5,253.4499969482422,253.4499969482422,104
2021-01-13,CG1.MI,253.4499969482422,253.85000610351562,253.4499969482422,253.85000610351562,120
2021-01-14,CG1.MI,254.8000030517578,254.8000030517578,254.0,254.5,168
2021-01-15,CG1.MI,253.64999389648438,253.6999969482422,248.89999389648438,250.6999969482422,240
2021-01-18,CG1.MI,250.10000610351562,251.8000030517578,250.10000610351562,251.8000030517578,36
2021-01-19,CG1.MI,253.1999969482422,253.1999969482422,251.4499969482422,251.5,78
2021-01-20,CG1.MI,253.14999389648438,253.4499969482422,252.64999389648438,253.14999389648438,187
2021-01-21,CG1.MI,254.0,254.39999389648438,253.5,253.5,186
2021-01-22,CG1.MI,251.64999389648438,252.10000610351562,251.0500030517578,252.10000610351562,144
2021-01-25,CG1.MI,253.64999389648438,253.64999389648438,248.25,248.25,68
2021-01-26,CG1.MI,249.75,252.9499969482422,249.75,252.8000030517578,81
2021-01-27,CG1.MI,251.4499969482422,251.9499969482422,245.1999969482422,248.35000610351562,603
2021-01-28,CG1.MI,244.0,248.64999389648438,242.6999969482422,248.64999389648438,130
2021-01-29,CG1.MI,243.89999389648438,247.1999969482422,243.89999389648438,244.85000610351562,95
2021-02-01,CG1.MI,246.85000610351562,248.25,246.85000610351562,248.14999389648438,147
2021-02-02,CG1.MI,249.9499969482422,251.8000030517578,249.9499969482422,251.75,56
2021-02-03,CG1.MI,253.5500030517578,253.89999389648438,252.75,253.4499969482422,283
2021-02-04,CG1.MI,254.0,255.75,254.0,255.75,89
2021-02-05,CG1.MI,255.8000030517578,256.45001220703125,255.5500030517578,255.5500030517578,55
2021-02-08,CG1.MI,255.9499969482422,257.1000061035156,255.9499969482422,256.20001220703125,1269
2021-02-09,CG1.MI,255.60000610351562,255.60000610351562,254.8000030517578,254.8000030517578,215
2021-02-10,CG1.MI,254.8000030517578,254.8000030517578,252.6999969482422,253.39999389648438,207
2021-02-11,CG1.MI,253.6999969482422,255.39999389648438,253.6999969482422,255.3000030517578,153
2021-02-12,CG1.MI,255.5,255.5,255.5,255.5,1
2021-02-15,CG1.MI,256.3500061035156,256.8999938964844,256.3500061035156,256.8999938964844,17
2021-02-16,CG1.MI,256.8999938964844,256.8999938964844,255.8000030517578,255.8000030517578,6
2021-02-17,CG1.MI,254.60000610351562,255.3000030517578,253.10000610351562,253.10000610351562,179
2021-02-18,CG1.MI,252.9499969482422,253.3000030517578,252.35000610351562,252.75,86
2021-02-19,CG1.MI,253.64999389648438,254.89999389648438,253.64999389648438,254.89999389648438,22
2021-02-22,CG1.MI,252.3000030517578,254.10000610351562,251.0500030517578,254.10000610351562,166
2021-02-23,CG1.MI,253.64999389648438,253.64999389648438,249.0,252.0,303
2021-02-24,CG1.MI,252.39999389648438,254.4499969482422,252.39999389648438,254.4499969482422,106
2021-02-25,CG1.MI,254.5,254.5500030517578,252.85000610351562,252.85000610351562,58
2021-02-26,CG1.MI,252.14999389648438,252.14999389648438,250.0500030517578,250.0500030517578,36
2021-03-01,CG1.MI,253.5500030517578,255.14999389648438,252.89999389648438,254.6999969482422,91
2021-03-02,CG1.MI,254.35000610351562,256.20001220703125,254.35000610351562,255.5500030517578,2023
2021-03-03,CG1.MI,258.0,258.0,254.75,256.0,278
2021-03-04,CG1.MI,255.0,256.0,254.9499969482422,255.64999389648438,187
2021-03-05,CG1.MI,252.8000030517578,255.89999389648438,252.39999389648438,253.1999969482422,107
2021-03-08,CG1.MI,254.25,262.0,254.25,262.0,265
2021-03-09,CG1.MI,261.25,263.04998779296875,260.54998779296875,263.04998779296875,379
2021-03-10,CG1.MI,262.5,264.6499938964844,262.5,264.45001220703125,133
2021-03-11,CG1.MI,264.79998779296875,265.3500061035156,264.29998779296875,265.1499938964844,211
2021-03-12,CG1.MI,264.0,264.0,263.25,263.79998779296875,36
2021-03-15,CG1.MI,264.20001220703125,264.29998779296875,262.8999938964844,263.1499938964844,167
2021-03-16,CG1.MI,263.1499938964844,263.1499938964844,263.1499938964844,263.1499938964844,0
2021-03-17,CG1.MI,264.54998779296875,265.54998779296875,264.54998779296875,265.54998779296875,249
2021-03-18,CG1.MI,267.3500061035156,269.20001220703125,267.25,269.1000061035156,758
2021-03-19,CG1.MI,268.0,268.25,265.54998779296875,266.3999938964844,219
2021-03-22,CG1.MI,266.04998779296875,266.79998779296875,266.0,266.6499938964844,130
2021-03-23,CG1.MI,264.8999938964844,267.3999938964844,264.8999938964844,267.1000061035156,49
2021-03-24,CG1.MI,264.54998779296875,265.6000061035156,264.54998779296875,265.6000061035156,82
2021-03-25,CG1.MI,264.8500061035156,265.6000061035156,262.70001220703125,265.6000061035156,209
2021-03-26,CG1.MI,268.45001220703125,268.45001220703125,267.75,268.25,36
2021-03-29,CG1.MI,268.79998779296875,269.8500061035156,268.70001220703125,269.79998779296875,107
2021-03-30,CG1.MI,271.1499938964844,273.3500061035156,271.04998779296875,273.29998779296875,85
2021-03-31,CG1.MI,273.0,273.25,272.29998779296875,272.8999938964844,152
2021-04-01,CG1.MI,274.6000061035156,274.70001220703125,273.75,274.70001220703125,132
2021-04-06,CG1.MI,277.6499938964844,278.6000061035156,276.8500061035156,276.8500061035156,317
2021-04-07,CG1.MI,276.70001220703125,276.70001220703125,275.75,276.1000061035156,224
2021-04-08,CG1.MI,277.0,277.0,276.04998779296875,276.45001220703125,626
2021-04-09,CG1.MI,276.04998779296875,276.95001220703125,276.04998779296875,276.95001220703125,75
2021-04-12,CG1.MI,276.95001220703125,277.04998779296875,276.95001220703125,277.04998779296875,5
2021-04-13,CG1.MI,277.04998779296875,277.04998779296875,277.04998779296875,277.04998779296875,0
2021-04-14,CG1.MI,277.20001220703125,277.3999938964844,276.6000061035156,276.70001220703125,21
2021-04-15,CG1.MI,277.1499938964844,277.6000061035156,277.04998779296875,277.54998779296875,116
2021-04-16,CG1.MI,278.75,281.20001220703125,278.75,281.20001220703125,112
2021-04-19,CG1.MI,281.6499938964844,281.6499938964844,279.8500061035156,279.8500061035156,67
2021-04-20,CG1.MI,278.8500061035156,278.8500061035156,274.95001220703125,274.95001220703125,36
2021-04-21,CG1.MI,275.5,276.5,274.6000061035156,276.29998779296875,364
2021-04-22,CG1.MI,278.25,278.70001220703125,277.75,278.45001220703125,84
2021-04-23,CG1.MI,278.04998779296875,278.04998779296875,275.8500061035156,277.8500061035156,13
2021-04-26,CG1.MI,278.45001220703125,278.45001220703125,277.8500061035156,278.25,28
2021-04-27,CG1.MI,277.45001220703125,277.54998779296875,277.25,277.25,41
2021-04-28,CG1.MI,277.6499938964844,278.1000061035156,277.6499938964844,278.1000061035156,1
2021-04-29,CG1.MI,277.5,277.5,275.29998779296875,275.29998779296875,17
2021-04-30,CG1.MI,276.54998779296875,277.04998779296875,275.29998779296875,275.5,170
2021-05-03,CG1.MI,277.0,277.25,275.0,276.6499938964844,284
2021-05-04,CG1.MI,275.45001220703125,275.45001220703125,269.8500061035156,269.8500061035156,848
2021-05-05,CG1.MI,273.70001220703125,275.45001220703125,273.45001220703125,275.45001220703125,176
2021-05-06,CG1.MI,276.6499938964844,276.6499938964844,274.6000061035156,275.54998779296875,95
2021-05-07,CG1.MI,278.5,279.45001220703125,277.6000061035156,279.25,5733
2021-05-10,CG1.MI,279.25,279.79998779296875,279.1499938964844,279.79998779296875,127
2021-05-11,CG1.MI,275.25,275.25,272.6499938964844,273.95001220703125,181
2021-05-12,CG1.MI,275.04998779296875,276.1000061035156,274.95001220703125,275.29998779296875,225
2021-05-13,CG1.MI,271.3500061035156,275.6499938964844,269.0,275.6499938964844,91
2021-05-14,CG1.MI,277.6499938964844,279.70001220703125,276.3500061035156,279.70001220703125,78
2021-05-17,CG1.MI,280.04998779296875,280.3999938964844,278.6000061035156,279.54998779296875,65
2021-05-18,CG1.MI,280.20001220703125,280.45001220703125,279.20001220703125,279.6000061035156,40
2021-05-19,CG1.MI,275.0,275.0,272.54998779296875,274.3999938964844,114
2021-05-20,CG1.MI,275.95001220703125,278.3999938964844,275.04998779296875,278.3999938964844,207
2021-05-21,CG1.MI,279.20001220703125,280.1000061035156,279.20001220703125,280.1000061035156,51
2021-05-24,CG1.MI,281.5,282.3999938964844,281.1000061035156,282.3999938964844,667
2021-05-25,CG1.MI,282.3500061035156,282.3999938964844,280.75,280.75,118
2021-05-26,CG1.MI,280.1000061035156,280.3500061035156,279.75,280.3500061035156,66
2021-05-27,CG1.MI,280.0,280.0,279.6499938964844,279.6499938964844,2
2021-05-28,CG1.MI,280.25,282.1000061035156,280.25,281.6000061035156,432
2021-05-31,CG1.MI,281.1499938964844,281.1499938964844,279.70001220703125,279.70001220703125,499
2021-06-01,CG1.MI,283.0,284.3500061035156,282.45001220703125,282.45001220703125,81
2021-06-02,CG1.MI,282.45001220703125,282.95001220703125,282.45001220703125,282.8500061035156,12
2021-06-03,CG1.MI,282.54998779296875,284.1000061035156,281.8999938964844,284.1000061035156,143
2021-06-04,CG1.MI,284.1000061035156,284.1000061035156,284.1000061035156,284.1000061035156,0
2021-06-07,CG1.MI,284.29998779296875,285.1499938964844,284.1000061035156,284.70001220703125,374
2021-06-08,CG1.MI,284.45001220703125,284.79998779296875,284.0,284.0,56
2021-06-09,CG1.MI,282.20001220703125,282.8500061035156,281.95001220703125,282.8500061035156,240
2021-06-10,CG1.MI,281.95001220703125,283.75,281.95001220703125,282.75,47
2021-06-11,CG1.MI,283.0,284.8500061035156,283.0,284.70001220703125,97
2021-06-14,CG1.MI,285.5,285.54998779296875,284.79998779296875,284.79998779296875,450
2021-06-15,CG1.MI,286.1000061035156,286.1000061035156,285.25,285.3999938964844,692
2021-06-16,CG1.MI,285.3999938964844,285.3999938964844,285.3999938964844,285.3999938964844,0
2021-06-17,CG1.MI,285.29998779296875,285.3999938964844,284.6000061035156,285.25,105
2021-06-18,CG1.MI,284.6499938964844,284.6499938964844,280.04998779296875,280.04998779296875,266
2021-06-21,CG1.MI,278.0,283.0,277.95001220703125,283.0,83
2021-06-22,CG1.MI,282.6499938964844,283.8500061035156,282.6499938964844,283.8500061035156,103
2021-06-23,CG1.MI,282.3500061035156,282.79998779296875,280.95001220703125,281.0,209
2021-06-24,CG1.MI,282.20001220703125,282.79998779296875,282.20001220703125,282.79998779296875,22
2021-06-25,CG1.MI,282.8500061035156,283.25,282.0,283.25,740
2021-06-28,CG1.MI,283.25,283.8999938964844,282.20001220703125,282.20001220703125,359
2021-06-29,CG1.MI,283.75,285.3999938964844,283.6499938964844,284.75,2248
2021-06-30,CG1.MI,283.95001220703125,284.29998779296875,280.45001220703125,282.04998779296875,250
2021-07-01,CG1.MI,283.6499938964844,284.1499938964844,281.20001220703125,282.95001220703125,280
2021-07-02,CG1.MI,283.70001220703125,284.04998779296875,283.54998779296875,283.95001220703125,793
2021-07-05,CG1.MI,283.29998779296875,284.20001220703125,282.29998779296875,284.1000061035156,177
2021-07-06,CG1.MI,282.6499938964844,283.29998779296875,280.54998779296875,281.1499938964844,232
2021-07-07,CG1.MI,283.6000061035156,284.70001220703125,283.45001220703125,284.5,727
2021-07-08,CG1.MI,281.79998779296875,282.70001220703125,277.8500061035156,279.3999938964844,1476
2021-07-09,CG1.MI,281.54998779296875,284.3500061035156,281.54998779296875,284.3500061035156,32
2021-07-12,CG1.MI,285.20001220703125,286.70001220703125,283.75,286.70001220703125,262
2021-07-13,CG1.MI,285.70001220703125,286.3999938964844,285.70001220703125,286.25,421
2021-07-14,CG1.MI,286.54998779296875,286.54998779296875,286.3500061035156,286.3999938964844,22
2021-07-15,CG1.MI,284.1000061035156,284.1000061035156,283.25,283.45001220703125,6
2021-07-16,CG1.MI,283.45001220703125,283.45001220703125,283.45001220703125,283.45001220703125,0
2021-07-19,CG1.MI,278.45001220703125,278.45001220703125,273.75,274.04998779296875,460
2021-07-20,CG1.MI,276.3999938964844,276.3999938964844,274.54998779296875,276.1499938964844,162
2021-07-21,CG1.MI,275.95001220703125,279.8500061035156,275.95001220703125,279.75,51
2021-07-22,CG1.MI,281.54998779296875,281.70001220703125,281.29998779296875,281.29998779296875,22
2021-07-23,CG1.MI,282.75,284.25,282.75,284.25,12
2021-07-26,CG1.MI,282.8500061035156,283.6499938964844,282.3500061035156,283.20001220703125,92
2021-07-27,CG1.MI,281.54998779296875,281.8999938964844,280.5,281.70001220703125,166
2021-07-28,CG1.MI,282.20001220703125,282.5,282.1000061035156,282.5,4
2021-07-29,CG1.MI,283.3500061035156,283.54998779296875,283.3500061035156,283.54998779296875,68
2021-07-30,CG1.MI,280.8999938964844,282.6499938964844,280.5,282.20001220703125,112
2021-08-02,CG1.MI,283.8500061035156,283.8500061035156,281.95001220703125,282.70001220703125,58
2021-08-03,CG1.MI,282.0,282.1000061035156,282.0,282.1000061035156,49
2021-08-04,CG1.MI,283.95001220703125,284.5,283.25,284.5,111
2021-08-05,CG1.MI,284.45001220703125,285.6499938964844,284.45001220703125,285.6499938964844,54
2021-08-06,CG1.MI,285.95001220703125,286.29998779296875,285.45001220703125,285.8999938964844,158
2021-08-09,CG1.MI,286.45001220703125,286.6000061035156,285.75,285.8999938964844,108
2021-08-10,CG1.MI,286.3500061035156,286.5,286.1499938964844,286.1499938964844,38
2021-08-11,CG1.MI,285.6000061035156,287.8500061035156,285.6000061035156,287.0,194
2021-08-12,CG1.MI,287.25,289.29998779296875,287.25,289.1499938964844,66
2021-08-13,CG1.MI,289.8999938964844,289.8999938964844,289.6000061035156,289.79998779296875,17
2021-08-16,CG1.MI,287.95001220703125,289.29998779296875,287.95001220703125,288.3500061035156,134
2021-08-17,CG1.MI,288.25,288.6499938964844,288.25,288.6499938964844,26
2021-08-18,CG1.MI,288.6499938964844,288.6499938964844,288.6499938964844,288.6499938964844,0
2021-08-19,CG1.MI,285.6499938964844,285.6499938964844,283.75,285.6499938964844,69
2021-08-20,CG1.MI,285.75,286.6499938964844,284.6499938964844,286.3999938964844,315
2021-08-23,CG1.MI,288.0,288.0,287.75,287.75,64
2021-08-24,CG1.MI,288.54998779296875,288.75,288.04998779296875,288.45001220703125,140
2021-08-25,CG1.MI,288.04998779296875,288.04998779296875,287.54998779296875,287.6000061035156,35
2021-08-26,CG1.MI,286.1499938964844,286.8500061035156,285.95001220703125,286.6000061035156,92
2021-08-27,CG1.MI,286.45001220703125,287.29998779296875,286.20001220703125,287.29998779296875,105
2021-08-30,CG1.MI,287.29998779296875,287.29998779296875,287.29998779296875,287.29998779296875,0
2021-08-31,CG1.MI,290.04998779296875,290.04998779296875,286.6499938964844,286.6499938964844,106
2021-09-01,CG1.MI,289.04998779296875,289.6000061035156,286.8500061035156,286.8999938964844,60
2021-09-02,CG1.MI,287.04998779296875,287.29998779296875,286.8999938964844,287.29998779296875,598
2021-09-03,CG1.MI,287.20001220703125,287.20001220703125,284.95001220703125,286.20001220703125,143
2021-09-06,CG1.MI,287.8999938964844,288.95001220703125,287.8999938964844,288.95001220703125,62
2021-09-07,CG1.MI,288.45001220703125,288.45001220703125,287.25,287.3999938964844,48
2021-09-08,CG1.MI,283.95001220703125,284.6499938964844,282.79998779296875,283.25,482
2021-09-09,CG1.MI,281.8500061035156,284.1499938964844,281.3500061035156,283.45001220703125,226
2021-09-10,CG1.MI,283.45001220703125,283.70001220703125,282.95001220703125,283.04998779296875,76
2021-09-13,CG1.MI,284.8999938964844,285.20001220703125,284.6499938964844,284.79998779296875,3202
2021-09-14,CG1.MI,284.79998779296875,284.79998779296875,284.79998779296875,284.79998779296875,0
2021-09-15,CG1.MI,284.75,285.1000061035156,283.5,283.5,151
2021-09-16,CG1.MI,284.3999938964844,284.3999938964844,283.5,283.95001220703125,135
2021-09-17,CG1.MI,285.3999938964844,285.3999938964844,280.20001220703125,280.20001220703125,184
2021-09-20,CG1.MI,276.6000061035156,276.75,273.04998779296875,274.3999938964844,475
2021-09-21,CG1.MI,277.8500061035156,278.8500061035156,277.75,277.75,206
2021-09-22,CG1.MI,280.29998779296875,281.1499938964844,279.20001220703125,281.04998779296875,87
2021-09-23,CG1.MI,284.04998779296875,284.3999938964844,283.3999938964844,283.6499938964844,32
2021-09-24,CG1.MI,282.0,282.0,281.5,281.5,130
2021-09-27,CG1.MI,284.29998779296875,284.29998779296875,282.6499938964844,282.6499938964844,39
2021-09-28,CG1.MI,280.6000061035156,280.6000061035156,276.8500061035156,276.8500061035156,3198
2021-09-29,CG1.MI,279.20001220703125,279.3999938964844,278.54998779296875,278.54998779296875,33
2021-09-30,CG1.MI,278.54998779296875,278.54998779296875,278.54998779296875,278.54998779296875,0
2021-10-01,CG1.MI,274.3500061035156,276.54998779296875,274.29998779296875,274.29998779296875,20
2021-10-04,CG1.MI,274.54998779296875,275.0,272.8500061035156,272.8500061035156,237
2021-10-05,CG1.MI,273.95001220703125,275.6499938964844,273.3999938964844,275.6499938964844,181
2021-10-06,CG1.MI,271.70001220703125,272.1000061035156,269.1000061035156,271.29998779296875,108
2021-10-07,CG1.MI,274.29998779296875,276.5,274.29998779296875,276.5,24
2021-10-08,CG1.MI,275.8999938964844,276.0,275.70001220703125,276.0,33
2021-10-11,CG1.MI,274.6499938964844,275.45001220703125,274.6499938964844,275.45001220703125,23
2021-10-12,CG1.MI,274.25,274.70001220703125,274.25,274.70001220703125,38
2021-10-13,CG1.MI,276.6000061035156,276.6000061035156,276.5,276.54998779296875,4
2021-10-14,CG1.MI,277.95001220703125,280.3500061035156,277.95001220703125,280.3500061035156,56
2021-10-15,CG1.MI,281.3500061035156,282.6499938964844,281.3500061035156,282.6499938964844,5
2021-10-18,CG1.MI,281.54998779296875,281.54998779296875,280.79998779296875,280.79998779296875,1193
2021-10-19,CG1.MI,280.70001220703125,281.5,280.70001220703125,281.5,211
2021-10-20,CG1.MI,281.8500061035156,281.8500061035156,281.54998779296875,281.54998779296875,62
2021-10-21,CG1.MI,281.54998779296875,281.54998779296875,281.54998779296875,281.54998779296875,0
2021-10-22,CG1.MI,283.04998779296875,283.04998779296875,282.04998779296875,282.04998779296875,20
2021-10-25,CG1.MI,282.5,283.20001220703125,282.5,283.20001220703125,54
2021-10-26,CG1.MI,283.20001220703125,283.20001220703125,283.20001220703125,283.20001220703125,0
2021-10-27,CG1.MI,285.29998779296875,285.29998779296875,284.70001220703125,284.70001220703125,279
2021-10-28,CG1.MI,284.70001220703125,284.70001220703125,284.70001220703125,284.70001220703125,0
2021-10-29,CG1.MI,282.5,284.45001220703125,282.3999938964844,284.45001220703125,9
2021-11-01,CG1.MI,287.04998779296875,287.04998779296875,286.1000061035156,286.95001220703125,16
2021-11-02,CG1.MI,287.8999938964844,289.3500061035156,287.8999938964844,289.3500061035156,34
2021-11-03,CG1.MI,289.1000061035156,289.3999938964844,289.1000061035156,289.3999938964844,31
2021-11-04,CG1.MI,290.75,290.75,290.75,290.75,45
2021-11-05,CG1.MI,290.75,291.6000061035156,290.75,290.95001220703125,153
2021-11-08,CG1.MI,290.8500061035156,291.3500061035156,290.79998779296875,291.0,64
2021-11-09,CG1.MI,291.3500061035156,291.79998779296875,290.8500061035156,290.8500061035156,131
2021-11-10,CG1.MI,290.3500061035156,291.29998779296875,290.3500061035156,291.25,109
2021-11-11,CG1.MI,291.1000061035156,291.6499938964844,291.1000061035156,291.6499938964844,69
2021-11-12,CG1.MI,291.79998779296875,292.04998779296875,291.70001220703125,292.04998779296875,626
2021-11-15,CG1.MI,292.25,292.6499938964844,292.25,292.6499938964844,9
2021-11-16,CG1.MI,292.95001220703125,294.75,292.95001220703125,294.75,50
2021-11-17,CG1.MI,295.0,295.1499938964844,294.70001220703125,294.70001220703125,482
2021-11-18,CG1.MI,294.8500061035156,294.8500061035156,293.6000061035156,294.1499938964844,149
2021-11-19,CG1.MI,295.1000061035156,295.1000061035156,292.3500061035156,293.29998779296875,2234
2021-11-22,CG1.MI,293.29998779296875,293.29998779296875,293.29998779296875,293.29998779296875,0
2021-11-23,CG1.MI,289.75,290.8500061035156,287.8999938964844,289.45001220703125,146
2021-11-24,CG1.MI,288.5,288.5,285.70001220703125,288.29998779296875,379
2021-11-25,CG1.MI,288.70001220703125,288.8999938964844,288.20001220703125,288.54998779296875,209
2021-11-26,CG1.MI,279.75,281.20001220703125,276.54998779296875,276.54998779296875,183
2021-11-29,CG1.MI,278.70001220703125,279.20001220703125,277.04998779296875,277.04998779296875,144
2021-11-30,CG1.MI,273.5,276.1499938964844,273.0,274.6499938964844,1045
2021-12-01,CG1.MI,276.3999938964844,281.1499938964844,276.0,280.54998779296875,481
2021-12-02,CG1.MI,277.45001220703125,277.45001220703125,276.70001220703125,276.8500061035156,159
2021-12-03,CG1.MI,278.25,278.25,273.95001220703125,274.25,1378
2021-12-06,CG1.MI,277.3500061035156,279.1499938964844,275.0,279.1499938964844,875
2021-12-07,CG1.MI,282.95001220703125,286.8500061035156,282.95001220703125,286.8500061035156,146
2021-12-08,CG1.MI,286.3500061035156,286.3500061035156,284.45001220703125,284.45001220703125,3
2021-12-09,CG1.MI,284.45001220703125,284.45001220703125,284.45001220703125,284.45001220703125,0
2021-12-10,CG1.MI,282.5,283.6000061035156,282.5,283.3500061035156,65
2021-12-13,CG1.MI,285.95001220703125,285.95001220703125,283.1000061035156,283.1000061035156,66
2021-12-14,CG1.MI,284.04998779296875,284.04998779296875,280.29998779296875,280.70001220703125,43
2021-12-15,CG1.MI,281.29998779296875,281.29998779296875,280.8999938964844,280.8999938964844,1
2021-12-16,CG1.MI,285.45001220703125,285.45001220703125,283.6000061035156,283.6000061035156,191
2021-12-17,CG1.MI,283.6000061035156,283.6000061035156,283.6000061035156,283.6000061035156,0
2021-12-20,CG1.MI,274.54998779296875,277.0,274.45001220703125,276.25,218
2021-12-21,CG1.MI,278.6000061035156,279.95001220703125,278.6000061035156,279.95001220703125,18
2021-12-22,CG1.MI,280.3500061035156,282.25,280.25,282.25,106
2021-12-23,CG1.MI,285.6000061035156,285.6000061035156,285.54998779296875,285.54998779296875,15
2021-12-27,CG1.MI,285.6000061035156,287.45001220703125,285.6000061035156,287.45001220703125,81
2021-12-28,CG1.MI,288.04998779296875,289.6499938964844,288.04998779296875,289.54998779296875,36
2021-12-29,CG1.MI,289.54998779296875,289.54998779296875,289.54998779296875,289.54998779296875,0
2021-12-30,CG1.MI,287.20001220703125,288.3500061035156,287.1000061035156,288.3500061035156,61
2022-01-03,CG1.MI,290.6000061035156,290.8999938964844,290.20001220703125,290.8500061035156,317
2022-01-04,CG1.MI,291.3999938964844,292.6499938964844,291.3999938964844,292.5,25
2022-01-05,CG1.MI,294.54998779296875,295.0,294.1000061035156,294.79998779296875,94
2022-01-06,CG1.MI,290.70001220703125,292.04998779296875,290.54998779296875,291.1000061035156,96
2022-01-07,CG1.MI,288.79998779296875,289.45001220703125,288.20001220703125,288.8999938964844,43
2022-01-10,CG1.MI,289.95001220703125,289.95001220703125,286.25,286.6000061035156,112
2022-01-11,CG1.MI,288.6000061035156,288.95001220703125,288.6000061035156,288.95001220703125,42
2022-01-12,CG1.MI,290.6000061035156,290.75,289.54998779296875,290.0,1562
2022-01-13,CG1.MI,290.8500061035156,291.75,289.8999938964844,290.29998779296875,2708
2022-01-14,CG1.MI,289.20001220703125,289.25,287.3999938964844,287.75,26
2022-01-17,CG1.MI,289.04998779296875,289.04998779296875,289.0,289.0,10
2022-01-18,CG1.MI,286.3999938964844,286.6499938964844,285.54998779296875,286.29998779296875,16
2022-01-19,CG1.MI,283.3999938964844,286.3999938964844,283.3999938964844,286.3999938964844,50
2022-01-20,CG1.MI,287.20001220703125,288.3999938964844,287.20001220703125,288.3999938964844,2
2022-01-21,CG1.MI,283.8500061035156,283.8500061035156,281.25,282.45001220703125,38
2022-01-24,CG1.MI,281.45001220703125,281.45001220703125,271.0,272.8500061035156,470
2022-01-25,CG1.MI,272.3999938964844,274.95001220703125,272.0,274.45001220703125,143
2022-01-26,CG1.MI,278.79998779296875,280.75,278.79998779296875,280.1499938964844,102
2022-01-27,CG1.MI,278.04998779296875,282.20001220703125,278.04998779296875,280.79998779296875,65
2022-01-28,CG1.MI,277.3999938964844,277.75,275.6499938964844,277.75,146
2022-01-31,CG1.MI,281.1499938964844,281.1499938964844,279.45001220703125,279.45001220703125,46
2022-02-01,CG1.MI,282.45001220703125,282.8999938964844,282.29998779296875,282.6000061035156,23
2022-02-02,CG1.MI,284.3500061035156,284.79998779296875,283.3999938964844,283.3999938964844,1536
2022-02-03,CG1.MI,282.1000061035156,282.5,278.70001220703125,278.70001220703125,236
2022-02-04,CG1.MI,277.1000061035156,277.1000061035156,273.5,273.75,1687
2022-02-07,CG1.MI,275.70001220703125,276.6499938964844,275.70001220703125,276.1499938964844,111
2022-02-08,CG1.MI,277.25,277.70001220703125,275.54998779296875,276.29998779296875,45
2022-02-09,CG1.MI,280.1499938964844,280.75,280.1499938964844,280.54998779296875,67
2022-02-10,CG1.MI,282.0,282.04998779296875,281.04998779296875,281.1499938964844,857
2022-02-11,CG1.MI,279.1000061035156,280.20001220703125,278.5,279.3500061035156,91
2022-02-14,CG1.MI,271.20001220703125,273.8999938964844,269.95001220703125,273.45001220703125,313
2022-02-15,CG1.MI,274.95001220703125,279.04998779296875,274.95001220703125,278.75,160
2022-02-16,CG1.MI,280.45001220703125,280.45001220703125,278.5,278.75,99
2022-02-17,CG1.MI,279.1499938964844,279.1499938964844,276.3999938964844,276.3999938964844,1215
2022-02-18,CG1.MI,276.95001220703125,277.6000061035156,272.5,272.5,63
2022-02-21,CG1.MI,272.0,272.0,266.75,266.75,506
2022-02-22,CG1.MI,260.25,267.20001220703125,260.20001220703125,265.79998779296875,327
2022-02-23,CG1.MI,267.8500061035156,268.8500061035156,265.0,265.0,1307
2022-02-24,CG1.MI,253.0500030517578,256.5,251.10000610351562,254.5500030517578,1031
2022-02-25,CG1.MI,256.75,263.54998779296875,255.0,263.54998779296875,101
2022-02-28,CG1.MI,258.3500061035156,262.3999938964844,256.0,262.3999938964844,583
2022-03-01,CG1.MI,261.70001220703125,261.70001220703125,252.64999389648438,252.64999389648438,3813
2022-03-02,CG1.MI,250.0,254.10000610351562,249.8000030517578,254.10000610351562,695
2022-03-03,CG1.MI,254.35000610351562,254.35000610351562,247.89999389648438,248.10000610351562,853
2022-03-04,CG1.MI,244.39999389648438,245.14999389648438,237.64999389648438,237.6999969482422,345
2022-03-07,CG1.MI,229.0500030517578,234.5500030517578,226.3000030517578,233.25,462
2022-03-08,CG1.MI,230.14999389648438,237.14999389648438,230.14999389648438,233.0500030517578,2349
2022-03-09,CG1.MI,241.5,249.25,241.3000030517578,249.0500030517578,362
2022-03-10,CG1.MI,247.89999389648438,247.89999389648438,243.5500030517578,243.5500030517578,2295
2022-03-11,CG1.MI,244.5500030517578,254.35000610351562,244.5500030517578,247.3000030517578,543
2022-03-14,CG1.MI,251.60000610351562,254.25,251.35000610351562,252.6999969482422,367
2022-03-15,CG1.MI,247.85000610351562,253.10000610351562,247.85000610351562,252.3000030517578,178
2022-03-16,CG1.MI,257.95001220703125,262.04998779296875,257.79998779296875,262.04998779296875,314
2022-03-17,CG1.MI,262.8999938964844,262.8999938964844,259.04998779296875,260.8500061035156,236
2022-03-18,CG1.MI,259.75,260.45001220703125,256.6499938964844,260.3500061035156,151
2022-03-21,CG1.MI,260.29998779296875,260.29998779296875,259.8500061035156,260.1000061035156,23
2022-03-22,CG1.MI,261.0,262.5,261.0,261.75,614
2022-03-23,CG1.MI,262.20001220703125,262.20001220703125,257.79998779296875,258.45001220703125,369
2022-03-24,CG1.MI,259.8500061035156,259.8500061035156,257.45001220703125,259.20001220703125,240
2022-03-25,CG1.MI,259.29998779296875,261.0,259.29998779296875,259.3500061035156,44
2022-03-28,CG1.MI,262.1000061035156,263.0,261.95001220703125,262.1000061035156,176
2022-03-29,CG1.MI,264.45001220703125,269.6000061035156,264.45001220703125,268.29998779296875,87
2022-03-30,CG1.MI,266.8999938964844,266.8999938964844,263.79998779296875,263.79998779296875,764
2022-03-31,CG1.MI,266.25,266.25,261.1499938964844,261.1499938964844,1257
2022-04-01,CG1.MI,261.8500061035156,261.8500061035156,261.79998779296875,261.79998779296875,5
2022-04-04,CG1.MI,261.8999938964844,263.3500061035156,261.45001220703125,263.3500061035156,64
2022-04-05,CG1.MI,262.75,262.75,260.3999938964844,260.8500061035156,20
2022-04-06,CG1.MI,259.75,259.75,256.1000061035156,256.1000061035156,59
2022-04-07,CG1.MI,256.54998779296875,257.95001220703125,254.9499969482422,254.9499969482422,106
2022-04-08,CG1.MI,254.9499969482422,254.9499969482422,254.9499969482422,254.9499969482422,0
2022-04-11,CG1.MI,258.1499938964844,258.1499938964844,256.8500061035156,256.8500061035156,109
2022-04-12,CG1.MI,252.75,256.20001220703125,252.25,256.1499938964844,78
2022-04-13,CG1.MI,254.60000610351562,254.85000610351562,253.5500030517578,254.85000610351562,717
2022-04-14,CG1.MI,255.4499969482422,256.8500061035156,255.4499969482422,256.8500061035156,30
2022-04-19,CG1.MI,255.0500030517578,256.45001220703125,255.0500030517578,256.45001220703125,1
2022-04-20,CG1.MI,259.6000061035156,259.8999938964844,259.6000061035156,259.8999938964844,35
2022-04-21,CG1.MI,262.8999938964844,263.8500061035156,262.8999938964844,263.04998779296875,63
2022-04-22,CG1.MI,263.04998779296875,263.04998779296875,263.04998779296875,263.04998779296875,0
2022-04-25,CG1.MI,252.9499969482422,252.9499969482422,251.9499969482422,252.3000030517578,24
2022-04-26,CG1.MI,254.35000610351562,254.35000610351562,249.0,249.39999389648438,1211
2022-04-27,CG1.MI,248.0,250.5500030517578,247.0,249.14999389648438,1587
2022-04-28,CG1.MI,253.60000610351562,254.25,252.60000610351562,252.89999389648438,26
2022-04-29,CG1.MI,252.89999389648438,252.89999389648438,252.89999389648438,252.89999389648438,0
2022-05-02,CG1.MI,252.60000610351562,253.5,251.1999969482422,251.1999969482422,10
2022-05-03,CG1.MI,252.64999389648438,253.5,252.0500030517578,253.5,38
2022-05-04,CG1.MI,253.5,253.5,253.5,253.5,0
2022-05-05,CG1.MI,258.1499938964844,258.1499938964844,250.89999389648438,250.9499969482422,41
2022-05-06,CG1.MI,248.10000610351562,249.25,246.39999389648438,247.85000610351562,218
2022-05-09,CG1.MI,244.4499969482422,244.4499969482422,241.9499969482422,241.9499969482422,354
2022-05-10,CG1.MI,244.39999389648438,246.39999389648438,244.39999389648438,245.0500030517578,544
2022-05-11,CG1.MI,245.5,249.60000610351562,245.5,249.60000610351562,40
2022-05-12,CG1.MI,244.75,248.5500030517578,243.6999969482422,248.5,1756
2022-05-13,CG1.MI,249.5500030517578,253.3000030517578,249.5500030517578,253.25,267
2022-05-16,CG1.MI,252.1999969482422,252.1999969482422,251.25,251.75,27
2022-05-17,CG1.MI,254.60000610351562,256.25,254.60000610351562,256.0,22
2022-05-18,CG1.MI,256.0,256.0,256.0,256.0,0
2022-05-19,CG1.MI,249.4499969482422,249.9499969482422,249.39999389648438,249.89999389648438,57
2022-05-20,CG1.MI,253.10000610351562,253.10000610351562,252.10000610351562,252.10000610351562,8
2022-05-23,CG1.MI,255.5,255.5,255.10000610351562,255.35000610351562,2
2022-05-24,CG1.MI,253.14999389648438,253.5,251.3000030517578,251.35000610351562,64
2022-05-25,CG1.MI,251.60000610351562,253.1999969482422,251.60000610351562,253.1999969482422,5
2022-05-26,CG1.MI,253.1999969482422,253.1999969482422,253.1999969482422,253.1999969482422,0
2022-05-27,CG1.MI,257.45001220703125,260.8999938964844,257.45001220703125,260.8999938964844,44
2022-05-30,CG1.MI,262.75,263.1000061035156,262.75,263.1000061035156,100
2022-05-31,CG1.MI,260.6000061035156,260.6000061035156,259.3500061035156,259.3500061035156,176
2022-06-01,CG1.MI,260.8500061035156,261.29998779296875,258.70001220703125,258.70001220703125,65
2022-06-02,CG1.MI,258.70001220703125,258.70001220703125,258.70001220703125,258.70001220703125,0
2022-06-03,CG1.MI,258.70001220703125,258.70001220703125,258.70001220703125,258.70001220703125,0
2022-06-06,CG1.MI,263.3500061035156,264.45001220703125,263.3500061035156,264.45001220703125,48
2022-06-07,CG1.MI,262.3999938964844,262.79998779296875,261.20001220703125,262.79998779296875,34
2022-06-08,CG1.MI,260.20001220703125,260.5,260.20001220703125,260.5,15
2022-06-09,CG1.MI,256.8500061035156,256.8500061035156,256.20001220703125,256.20001220703125,4
2022-06-10,CG1.MI,256.20001220703125,256.20001220703125,256.20001220703125,256.20001220703125,0
2022-06-13,CG1.MI,243.0,243.39999389648438,242.10000610351562,242.10000610351562,25
2022-06-14,CG1.MI,241.5,241.5,240.0500030517578,240.0500030517578,113
2022-06-15,CG1.MI,243.0,244.3000030517578,243.0,243.39999389648438,145
2022-06-16,CG1.MI,240.5,240.5,235.60000610351562,235.60000610351562,280
2022-06-17,CG1.MI,236.0,236.6999969482422,236.0,236.6999969482422,44
2022-06-20,CG1.MI,237.0500030517578,239.10000610351562,237.0500030517578,239.10000610351562,274
2022-06-21,CG1.MI,240.85000610351562,240.89999389648438,239.75,239.75,392
2022-06-22,CG1.MI,235.0,237.5500030517578,234.3000030517578,237.35000610351562,11
2022-06-23,CG1.MI,234.3000030517578,234.5,233.35000610351562,233.35000610351562,94
2022-06-24,CG1.MI,234.1999969482422,237.14999389648438,234.1999969482422,236.9499969482422,55
2022-06-27,CG1.MI,236.9499969482422,236.9499969482422,236.9499969482422,236.9499969482422,0
2022-06-28,CG1.MI,239.64999389648438,239.64999389648438,238.75,238.75,10
2022-06-29,CG1.MI,236.0,236.1999969482422,234.0,234.8000030517578,171
2022-06-30,CG1.MI,230.39999389648438,231.10000610351562,228.10000610351562,230.60000610351562,67
2022-07-01,CG1.MI,228.4499969482422,231.0500030517578,228.4499969482422,231.0500030517578,26
2022-07-04,CG1.MI,230.89999389648438,231.0,230.89999389648438,230.9499969482422,341
2022-07-05,CG1.MI,231.8000030517578,231.8000030517578,223.60000610351562,223.60000610351562,43
2022-07-06,CG1.MI,226.60000610351562,227.5500030517578,226.60000610351562,227.3000030517578,8
2022-07-07,CG1.MI,230.8000030517578,231.75,230.8000030517578,231.75,20
2022-07-08,CG1.MI,234.39999389648438,234.64999389648438,234.10000610351562,234.64999389648438,226
2022-07-11,CG1.MI,232.6999969482422,232.89999389648438,231.60000610351562,231.60000610351562,283
2022-07-12,CG1.MI,228.8000030517578,232.6999969482422,228.8000030517578,232.6999969482422,104
2022-07-13,CG1.MI,230.64999389648438,230.64999389648438,230.1999969482422,230.1999969482422,1319
2022-07-14,CG1.MI,230.14999389648438,230.14999389648438,225.8000030517578,225.9499969482422,40
2022-07-15,CG1.MI,229.60000610351562,232.1999969482422,229.60000610351562,232.1999969482422,1131
2022-07-18,CG1.MI,232.1999969482422,232.1999969482422,232.1999969482422,232.1999969482422,0
2022-07-19,CG1.MI,232.1999969482422,232.1999969482422,232.1999969482422,232.1999969482422,0
2022-07-20,CG1.MI,240.8000030517578,240.8000030517578,238.60000610351562,239.64999389648438,60
2022-07-21,CG1.MI,237.14999389648438,238.60000610351562,237.14999389648438,238.25,548
2022-07-22,CG1.MI,238.25,238.25,238.25,238.25,0
2022-07-25,CG1.MI,239.75,239.75,238.0500030517578,238.0500030517578,16
2022-07-26,CG1.MI,236.39999389648438,236.89999389648438,236.35000610351562,236.35000610351562,225
2022-07-27,CG1.MI,236.85000610351562,237.60000610351562,236.85000610351562,237.60000610351562,200
2022-07-28,CG1.MI,238.25,239.6999969482422,236.35000610351562,239.6999969482422,88
2022-07-29,CG1.MI,240.39999389648438,243.1999969482422,240.35000610351562,243.1999969482422,40
2022-08-01,CG1.MI,243.4499969482422,244.5500030517578,243.14999389648438,243.5500030517578,84
2022-08-02,CG1.MI,241.89999389648438,242.6999969482422,241.89999389648438,242.6999969482422,4
2022-08-03,CG1.MI,241.5500030517578,245.0,241.5500030517578,245.0,6
2022-08-04,CG1.MI,247.35000610351562,247.60000610351562,245.9499969482422,246.3000030517578,72
2022-08-05,CG1.MI,246.25,246.25,244.64999389648438,244.64999389648438,34
2022-08-08,CG1.MI,244.64999389648438,244.64999389648438,244.64999389648438,244.64999389648438,0
2022-08-09,CG1.MI,245.9499969482422,245.9499969482422,244.39999389648438,244.39999389648438,265
2022-08-10,CG1.MI,244.9499969482422,247.35000610351562,244.9499969482422,247.35000610351562,35
2022-08-11,CG1.MI,247.35000610351562,247.35000610351562,247.35000610351562,247.35000610351562,0
2022-08-12,CG1.MI,248.5,249.0,248.5,249.0,6
2022-08-16,CG1.MI,250.0,251.0,249.64999389648438,250.9499969482422,40
2022-08-17,CG1.MI,249.5500030517578,249.5500030517578,245.75,245.75,15
2022-08-18,CG1.MI,245.75,245.75,245.75,245.75,0
2022-08-19,CG1.MI,245.35000610351562,245.35000610351562,244.0500030517578,244.14999389648438,65
2022-08-22,CG1.MI,244.14999389648438,244.14999389648438,244.14999389648438,244.14999389648438,0
2022-08-23,CG1.MI,238.8000030517578,239.14999389648438,237.85000610351562,237.85000610351562,47
2022-08-24,CG1.MI,237.85000610351562,237.85000610351562,237.85000610351562,237.85000610351562,0
2022-08-25,CG1.MI,240.35000610351562,240.35000610351562,239.3000030517578,239.3000030517578,9
2022-08-26,CG1.MI,240.6999969482422,240.6999969482422,233.89999389648438,233.89999389648438,10
2022-08-29,CG1.MI,231.3000030517578,232.4499969482422,231.1999969482422,232.4499969482422,87
2022-08-30,CG1.MI,236.64999389648438,236.64999389648438,233.35000610351562,233.35000610351562,73
2022-08-31,CG1.MI,233.39999389648438,233.39999389648438,231.75,231.75,4
2022-09-01,CG1.MI,228.60000610351562,228.60000610351562,227.64999389648438,227.64999389648438,1
2022-09-02,CG1.MI,230.60000610351562,235.25,230.60000610351562,235.25,55
2022-09-05,CG1.MI,227.75,230.1999969482422,227.75,230.1999969482422,105
2022-09-06,CG1.MI,230.64999389648438,231.9499969482422,230.64999389648438,231.9499969482422,429
2022-09-07,CG1.MI,230.5,233.4499969482422,230.5,233.4499969482422,3
2022-09-08,CG1.MI,233.0,233.0,229.0,232.6999969482422,9
2022-09-09,CG1.MI,236.10000610351562,236.10000610351562,235.9499969482422,235.9499969482422,53
2022-09-12,CG1.MI,238.1999969482422,241.8000030517578,238.1999969482422,241.75,49
2022-09-13,CG1.MI,241.75,241.75,241.75,241.75,0
2022-09-14,CG1.MI,241.75,241.75,241.75,241.75,0
2022-09-15,CG1.MI,241.75,241.75,241.75,241.75,0
2022-09-16,CG1.MI,241.75,241.75,241.75,241.75,0
2022-09-19,CG1.MI,241.75,241.75,241.75,241.75,0
2022-09-20,CG1.MI,241.75,241.75,241.75,241.75,0
2022-09-21,CG1.MI,228.39999389648438,230.10000610351562,228.39999389648438,230.10000610351562,25
2022-09-22,CG1.MI,225.64999389648438,230.39999389648438,225.64999389648438,226.1999969482422,75
2022-09-23,CG1.MI,225.75,225.75,221.5,221.5,110
2022-09-26,CG1.MI,221.39999389648438,221.39999389648438,220.5,220.5,22
2022-09-27,CG1.MI,222.35000610351562,223.5500030517578,219.0,219.10000610351562,39
2022-09-28,CG1.MI,217.0,220.0,214.0,219.85000610351562,176
2022-09-29,CG1.MI,217.6999969482422,217.6999969482422,214.39999389648438,215.8000030517578,78
2022-09-30,CG1.MI,217.0500030517578,218.5,215.4499969482422,215.4499969482422,22
2022-10-03,CG1.MI,217.25,220.3000030517578,217.25,220.0500030517578,76
2022-10-04,CG1.MI,224.0,228.60000610351562,224.0,228.60000610351562,69
2022-10-05,CG1.MI,227.0,227.10000610351562,225.35000610351562,225.89999389648438,108
2022-10-06,CG1.MI,227.5500030517578,227.5500030517578,225.10000610351562,225.10000610351562,57
2022-10-07,CG1.MI,225.0500030517578,225.1999969482422,221.5500030517578,221.5500030517578,23
2022-10-10,CG1.MI,222.9499969482422,223.0,221.64999389648438,221.64999389648438,1680
2022-10-11,CG1.MI,221.64999389648438,221.64999389648438,221.64999389648438,221.64999389648438,0
2022-10-12,CG1.MI,221.3000030517578,221.3000030517578,219.1999969482422,219.9499969482422,188
2022-10-13,CG1.MI,219.9499969482422,219.9499969482422,219.9499969482422,219.9499969482422,0
2022-10-14,CG1.MI,226.89999389648438,228.3000030517578,224.0,225.10000610351562,243
2022-10-17,CG1.MI,224.6999969482422,229.1999969482422,224.64999389648438,228.1999969482422,154
2022-10-18,CG1.MI,231.5,231.5,230.64999389648438,230.75,266
2022-10-19,CG1.MI,229.8000030517578,230.10000610351562,229.8000030517578,230.10000610351562,33
2022-10-20,CG1.MI,228.6999969482422,230.25,228.6999969482422,230.1999969482422,45
2022-10-21,CG1.MI,229.1999969482422,229.4499969482422,229.1999969482422,229.4499969482422,1
2022-10-24,CG1.MI,230.4499969482422,233.9499969482422,230.0,233.5500030517578,312
2022-10-25,CG1.MI,231.4499969482422,235.4499969482422,231.4499969482422,235.4499969482422,51
2022-10-26,CG1.MI,235.14999389648438,238.0,235.14999389648438,238.0,1421
2022-10-27,CG1.MI,237.1999969482422,238.60000610351562,237.1999969482422,238.60000610351562,3
2022-10-28,CG1.MI,235.85000610351562,238.9499969482422,235.85000610351562,238.9499969482422,647
2022-10-31,CG1.MI,238.5500030517578,239.75,238.5500030517578,239.35000610351562,18
2022-11-01,CG1.MI,241.60000610351562,241.60000610351562,239.6999969482422,240.4499969482422,5
2022-11-02,CG1.MI,240.85000610351562,240.85000610351562,239.14999389648438,239.14999389648438,165
2022-11-03,CG1.MI,237.4499969482422,237.4499969482422,235.25,236.8000030517578,100
2022-11-04,CG1.MI,238.14999389648438,242.89999389648438,238.14999389648438,242.89999389648438,162
2022-11-07,CG1.MI,242.89999389648438,242.89999389648438,242.89999389648438,242.89999389648438,0
2022-11-08,CG1.MI,244.1999969482422,246.9499969482422,244.1999969482422,246.9499969482422,20
2022-11-09,CG1.MI,246.39999389648438,246.75,244.9499969482422,246.75,88
2022-11-10,CG1.MI,246.5500030517578,255.3000030517578,246.5500030517578,255.3000030517578,170
2022-11-11,CG1.MI,256.8500061035156,257.1000061035156,255.60000610351562,256.75,141
2022-11-14,CG1.MI,258.04998779296875,258.04998779296875,257.29998779296875,258.04998779296875,63
2022-11-15,CG1.MI,258.45001220703125,259.0,257.3999938964844,259.0,28
2022-11-16,CG1.MI,257.45001220703125,257.45001220703125,256.54998779296875,256.8500061035156,33
2022-11-17,CG1.MI,257.20001220703125,257.20001220703125,255.8000030517578,257.20001220703125,1677
2022-11-18,CG1.MI,258.3999938964844,260.5,258.0,260.29998779296875,35
2022-11-21,CG1.MI,259.54998779296875,259.6000061035156,259.1499938964844,259.5,10
2022-11-22,CG1.MI,260.0,261.1000061035156,259.75,260.20001220703125,143
2022-11-23,CG1.MI,259.8999938964844,260.5,259.8999938964844,260.5,15
2022-11-24,CG1.MI,261.6000061035156,262.20001220703125,261.6000061035156,262.20001220703125,28
2022-11-25,CG1.MI,262.6000061035156,262.6000061035156,262.1499938964844,262.3500061035156,46
2022-11-28,CG1.MI,259.79998779296875,259.79998779296875,259.54998779296875,259.79998779296875,21
2022-11-29,CG1.MI,259.54998779296875,259.54998779296875,258.75,258.75,8
2022-11-30,CG1.MI,258.75,258.75,258.75,258.75,0
2022-12-01,CG1.MI,262.3500061035156,262.3500061035156,260.8500061035156,260.8500061035156,296
2022-12-02,CG1.MI,261.3999938964844,262.0,259.8999938964844,262.0,100
2022-12-05,CG1.MI,261.3500061035156,261.3500061035156,260.79998779296875,260.8999938964844,30
2022-12-06,CG1.MI,260.3500061035156,260.8500061035156,258.79998779296875,258.79998779296875,10
2022-12-07,CG1.MI,258.20001220703125,258.3500061035156,257.0,257.25,391
2022-12-08,CG1.MI,256.25,257.29998779296875,256.25,257.29998779296875,6
2022-12-09,CG1.MI,257.29998779296875,257.29998779296875,257.29998779296875,257.29998779296875,0
2022-12-12,CG1.MI,258.0,259.0,258.0,258.29998779296875,36
2022-12-13,CG1.MI,262.95001220703125,262.95001220703125,261.1499938964844,261.1499938964844,9
2022-12-14,CG1.MI,261.1499938964844,261.1499938964844,261.1499938964844,261.1499938964844,0
2022-12-15,CG1.MI,257.8999938964844,257.8999938964844,252.25,252.25,75
2022-12-16,CG1.MI,252.25,252.25,252.25,252.25,0
2022-12-19,CG1.MI,252.25,252.25,252.25,252.25,0
2022-12-20,CG1.MI,249.60000610351562,250.39999389648438,249.60000610351562,250.0,44
2022-12-21,CG1.MI,252.14999389648438,253.9499969482422,252.14999389648438,253.9499969482422,40
2022-12-22,CG1.MI,255.0,255.0,250.39999389648438,250.39999389648438,347
2022-12-23,CG1.MI,250.39999389648438,250.39999389648438,250.39999389648438,250.39999389648438,0
2022-12-27,CG1.MI,251.8000030517578,252.14999389648438,251.8000030517578,252.14999389648438,6
2022-12-28,CG1.MI,251.64999389648438,251.64999389648438,251.0500030517578,251.0500030517578,7
2022-12-29,CG1.MI,252.75,253.4499969482422,252.75,253.4499969482422,2
2022-12-30,CG1.MI,250.5,250.5,249.35000610351562,249.35000610351562,6
2023-01-02,CG1.MI,251.6999969482422,254.1999969482422,251.6999969482422,254.1999969482422,66
2023-01-03,CG1.MI,257.3500061035156,257.5,256.0,256.0,798
2023-01-04,CG1.MI,258.70001220703125,261.1499938964844,258.70001220703125,261.1499938964844,9
2023-01-05,CG1.MI,260.3999938964844,261.04998779296875,260.25,260.25,634
2023-01-06,CG1.MI,260.0,263.20001220703125,259.79998779296875,263.20001220703125,600
2023-01-09,CG1.MI,264.0,267.1499938964844,264.0,267.1499938964844,16
2023-01-10,CG1.MI,265.5,266.25,265.5,266.25,51
2023-01-11,CG1.MI,269.1000061035156,269.79998779296875,268.95001220703125,269.29998779296875,86
2023-01-12,CG1.MI,269.8999938964844,271.75,269.8999938964844,271.75,785
2023-01-13,CG1.MI,271.8999938964844,272.0,271.8999938964844,272.0,4
2023-01-16,CG1.MI,272.20001220703125,273.0,272.20001220703125,272.8999938964844,63
2023-01-17,CG1.MI,273.0,273.54998779296875,271.79998779296875,273.54998779296875,182
2023-01-18,CG1.MI,273.54998779296875,274.25,273.54998779296875,273.75,16
2023-01-19,CG1.MI,269.20001220703125,269.25,269.20001220703125,269.25,10
2023-01-20,CG1.MI,269.6000061035156,270.79998779296875,269.6000061035156,270.79998779296875,52
2023-01-23,CG1.MI,272.6000061035156,272.6000061035156,270.8999938964844,272.20001220703125,126
2023-01-24,CG1.MI,271.6499938964844,272.04998779296875,271.6499938964844,272.04998779296875,10
2023-01-25,CG1.MI,270.6000061035156,271.6499938964844,270.6000061035156,271.6499938964844,20
2023-01-26,CG1.MI,272.6000061035156,272.70001220703125,272.54998779296875,272.54998779296875,25
2023-01-27,CG1.MI,272.04998779296875,272.8500061035156,272.04998779296875,272.8500061035156,24
2023-01-30,CG1.MI,271.04998779296875,272.70001220703125,271.04998779296875,272.70001220703125,107
2023-01-31,CG1.MI,271.8500061035156,272.54998779296875,270.54998779296875,272.54998779296875,290
2023-02-01,CG1.MI,273.3500061035156,273.79998779296875,273.3500061035156,273.3500061035156,168
2023-02-02,CG1.MI,276.79998779296875,279.54998779296875,276.79998779296875,279.54998779296875,167
2023-02-03,CG1.MI,276.8500061035156,278.54998779296875,276.8500061035156,278.54998779296875,67
2023-02-06,CG1.MI,275.95001220703125,276.6000061035156,275.95001220703125,276.6000061035156,21
2023-02-07,CG1.MI,276.3999938964844,276.3999938964844,275.5,275.8999938964844,49
2023-02-08,CG1.MI,278.1499938964844,278.79998779296875,277.3999938964844,277.54998779296875,486
2023-02-09,CG1.MI,280.45001220703125,280.45001220703125,279.75,279.75,1
2023-02-10,CG1.MI,278.3500061035156,278.3500061035156,275.1000061035156,275.45001220703125,389
2023-02-13,CG1.MI,276.1499938964844,277.5,276.1499938964844,277.5,145
2023-02-14,CG1.MI,277.79998779296875,278.3500061035156,277.1000061035156,277.6000061035156,280
2023-02-15,CG1.MI,278.1499938964844,279.6000061035156,278.1499938964844,279.6000061035156,153
2023-02-16,CG1.MI,280.3999938964844,280.3999938964844,278.45001220703125,279.79998779296875,280
2023-02-17,CG1.MI,279.79998779296875,279.79998779296875,279.79998779296875,279.79998779296875,0
2023-02-20,CG1.MI,279.0,279.0,278.75,278.8500061035156,45
2023-02-21,CG1.MI,277.54998779296875,277.54998779296875,277.20001220703125,277.20001220703125,16
2023-02-22,CG1.MI,277.0,277.04998779296875,277.0,277.04998779296875,5
2023-02-23,CG1.MI,278.8999938964844,278.8999938964844,278.8999938964844,278.8999938964844,17
2023-02-24,CG1.MI,278.5,278.5,274.75,274.79998779296875,65
2023-02-27,CG1.MI,277.95001220703125,278.04998779296875,277.45001220703125,277.45001220703125,58
2023-02-28,CG1.MI,276.04998779296875,277.29998779296875,276.04998779296875,277.04998779296875,115
2023-03-01,CG1.MI,278.20001220703125,278.20001220703125,275.0,275.70001220703125,139
2023-03-02,CG1.MI,273.5,275.8999938964844,273.5,275.8999938964844,12
2023-03-03,CG1.MI,278.3999938964844,280.75,278.3999938964844,280.75,41
2023-03-06,CG1.MI,281.3500061035156,281.8500061035156,280.79998779296875,281.8500061035156,150
2023-03-07,CG1.MI,281.95001220703125,281.95001220703125,280.1499938964844,280.1499938964844,20
2023-03-08,CG1.MI,280.3500061035156,282.0,280.3500061035156,281.8999938964844,225
2023-03-09,CG1.MI,281.20001220703125,281.6499938964844,279.95001220703125,281.6499938964844,3
2023-03-10,CG1.MI,276.45001220703125,277.25,276.45001220703125,277.25,77
2023-03-13,CG1.MI,273.54998779296875,273.54998779296875,268.20001220703125,269.95001220703125,656
2023-03-14,CG1.MI,271.04998779296875,274.8500061035156,270.1499938964844,274.1000061035156,1375
2023-03-15,CG1.MI,273.54998779296875,273.54998779296875,265.25,265.25,78
2023-03-16,CG1.MI,266.5,270.1000061035156,266.5,270.1000061035156,45
2023-03-17,CG1.MI,271.3500061035156,271.3500061035156,265.8999938964844,265.8999938964844,203
2023-03-20,CG1.MI,267.29998779296875,268.8999938964844,267.29998779296875,268.8500061035156,113
2023-03-21,CG1.MI,274.25,274.25,273.70001220703125,273.70001220703125,23
2023-03-22,CG1.MI,274.25,274.79998779296875,273.79998779296875,274.29998779296875,74
2023-03-23,CG1.MI,274.29998779296875,274.29998779296875,274.29998779296875,274.29998779296875,0
2023-03-24,CG1.MI,270.1499938964844,270.1499938964844,267.79998779296875,269.1000061035156,110
2023-03-27,CG1.MI,272.3500061035156,272.6499938964844,272.25,272.6499938964844,13
2023-03-28,CG1.MI,272.0,272.75,272.0,272.75,10
2023-03-29,CG1.MI,272.75,272.75,272.75,272.75,0
2023-03-30,CG1.MI,272.75,272.75,272.75,272.75,0
2023-03-31,CG1.MI,279.79998779296875,281.75,279.79998779296875,281.75,262
2023-04-03,CG1.MI,281.8999938964844,281.8999938964844,280.70001220703125,280.70001220703125,26
2023-04-04,CG1.MI,281.8999938964844,282.25,281.20001220703125,281.20001220703125,91
2023-04-05,CG1.MI,280.3500061035156,280.3500061035156,279.20001220703125,279.20001220703125,106
2023-04-06,CG1.MI,280.45001220703125,280.75,279.8500061035156,280.75,190
2023-04-11,CG1.MI,283.29998779296875,283.29998779296875,281.95001220703125,281.95001220703125,40
2023-04-12,CG1.MI,282.25,285.0,282.25,282.8500061035156,467
2023-04-13,CG1.MI,283.1499938964844,283.20001220703125,282.8500061035156,283.20001220703125,42
2023-04-14,CG1.MI,284.8500061035156,285.04998779296875,284.25,284.3500061035156,28
2023-04-17,CG1.MI,285.70001220703125,285.70001220703125,284.25,284.3500061035156,156
2023-04-18,CG1.MI,285.0,286.04998779296875,285.0,285.70001220703125,31
2023-04-19,CG1.MI,285.20001220703125,286.20001220703125,285.20001220703125,286.20001220703125,500
2023-04-20,CG1.MI,286.20001220703125,286.20001220703125,286.20001220703125,286.20001220703125,0
2023-04-21,CG1.MI,283.6000061035156,286.1499938964844,283.6000061035156,285.70001220703125,459
2023-04-24,CG1.MI,285.70001220703125,285.70001220703125,285.70001220703125,285.70001220703125,0
2023-04-25,CG1.MI,285.0,285.79998779296875,284.79998779296875,285.79998779296875,661
2023-04-26,CG1.MI,284.0,284.29998779296875,284.0,284.29998779296875,364
2023-04-27,CG1.MI,284.29998779296875,284.29998779296875,284.29998779296875,284.29998779296875,0
2023-04-28,CG1.MI,285.8999938964844,286.1000061035156,285.8999938964844,286.1000061035156,7
2023-05-02,CG1.MI,287.0,287.0,282.8999938964844,282.8999938964844,33
2023-05-03,CG1.MI,284.3500061035156,285.25,284.3500061035156,284.5,281
2023-05-04,CG1.MI,282.20001220703125,282.8999938964844,282.20001220703125,282.8999938964844,451
2023-05-05,CG1.MI,283.54998779296875,286.6499938964844,283.29998779296875,286.6499938964844,39
2023-05-08,CG1.MI,286.3999938964844,287.25,286.3999938964844,286.45001220703125,150
2023-05-09,CG1.MI,286.54998779296875,286.54998779296875,285.45001220703125,286.1000061035156,126
2023-05-10,CG1.MI,286.1000061035156,286.1000061035156,286.1000061035156,286.1000061035156,0
2023-05-11,CG1.MI,285.95001220703125,285.95001220703125,284.20001220703125,284.20001220703125,201
2023-05-12,CG1.MI,284.8999938964844,285.29998779296875,284.8999938964844,285.29998779296875,100
2023-05-15,CG1.MI,285.8500061035156,286.0,284.95001220703125,285.3999938964844,980
2023-05-16,CG1.MI,285.8500061035156,285.8999938964844,285.3999938964844,285.3999938964844,423
2023-05-17,CG1.MI,285.3999938964844,285.3999938964844,285.3999938964844,285.3999938964844,0
2023-05-18,CG1.MI,289.04998779296875,290.6000061035156,289.04998779296875,289.95001220703125,91
2023-05-19,CG1.MI,291.6000061035156,292.3500061035156,291.6000061035156,292.1499938964844,193
2023-05-22,CG1.MI,291.45001220703125,291.45001220703125,291.0,291.0,17
2023-05-23,CG1.MI,289.8999938964844,289.8999938964844,289.54998779296875,289.54998779296875,91
2023-05-24,CG1.MI,286.1000061035156,286.1000061035156,283.70001220703125,283.79998779296875,186
2023-05-25,CG1.MI,283.79998779296875,284.0,283.3999938964844,283.3999938964844,180
2023-05-26,CG1.MI,282.1499938964844,286.6000061035156,282.1499938964844,286.6000061035156,2
2023-05-29,CG1.MI,287.04998779296875,287.04998779296875,285.95001220703125,285.95001220703125,560
2023-05-30,CG1.MI,286.3999938964844,286.3999938964844,285.04998779296875,285.04998779296875,8
2023-05-31,CG1.MI,282.6499938964844,283.1499938964844,280.5,280.5,38
2023-06-01,CG1.MI,282.54998779296875,283.0,280.5,280.5,141
2023-06-02,CG1.MI,286.5,288.04998779296875,286.5,288.04998779296875,6
2023-06-05,CG1.MI,288.04998779296875,288.04998779296875,288.04998779296875,288.04998779296875,0
2023-06-06,CG1.MI,286.45001220703125,286.79998779296875,286.45001220703125,286.79998779296875,8
2023-06-07,CG1.MI,286.79998779296875,286.79998779296875,286.1000061035156,286.1000061035156,3
2023-06-08,CG1.MI,286.1000061035156,286.1000061035156,286.1000061035156,286.1000061035156,0
2023-06-09,CG1.MI,286.29998779296875,286.29998779296875,285.8999938964844,285.8999938964844,8
2023-06-12,CG1.MI,288.1000061035156,288.3999938964844,288.1000061035156,288.3999938964844,25
2023-06-13,CG1.MI,290.0,290.95001220703125,290.0,290.95001220703125,100
2023-06-14,CG1.MI,291.1000061035156,292.75,291.1000061035156,292.6000061035156,112
2023-06-15,CG1.MI,291.95001220703125,292.04998779296875,290.8500061035156,292.04998779296875,71
2023-06-16,CG1.MI,294.20001220703125,294.20001220703125,293.54998779296875,293.6499938964844,53
2023-06-19,CG1.MI,293.6499938964844,293.6499938964844,293.6499938964844,293.6499938964844,0
2023-06-20,CG1.MI,288.3500061035156,289.70001220703125,288.3500061035156,288.79998779296875,186
2023-06-21,CG1.MI,288.5,288.5,287.29998779296875,287.29998779296875,138
2023-06-22,CG1.MI,285.1499938964844,286.3999938964844,285.1499938964844,286.3999938964844,26
2023-06-23,CG1.MI,282.3999938964844,283.54998779296875,282.3999938964844,283.54998779296875,35
2023-06-26,CG1.MI,282.75,283.3999938964844,282.75,283.3999938964844,65
2023-06-27,CG1.MI,283.1499938964844,284.25,283.1499938964844,284.25,15
2023-06-28,CG1.MI,286.04998779296875,286.1000061035156,286.04998779296875,286.1000061035156,9
2023-06-29,CG1.MI,286.0,286.0,285.70001220703125,285.70001220703125,101
2023-06-30,CG1.MI,288.04998779296875,289.5,288.04998779296875,289.5,34
2023-07-03,CG1.MI,290.3999938964844,290.3999938964844,288.04998779296875,288.04998779296875,21
2023-07-04,CG1.MI,288.04998779296875,288.04998779296875,288.04998779296875,288.04998779296875,0
2023-07-05,CG1.MI,286.1499938964844,286.1499938964844,285.45001220703125,285.6000061035156,160
2023-07-06,CG1.MI,283.54998779296875,283.54998779296875,278.1000061035156,278.1000061035156,237
2023-07-07,CG1.MI,277.8500061035156,279.75,277.8500061035156,279.75,24
2023-07-10,CG1.MI,279.75,279.75,279.75,279.75,0
2023-07-11,CG1.MI,281.20001220703125,283.3500061035156,281.20001220703125,283.1000061035156,264
2023-07-12,CG1.MI,283.79998779296875,287.29998779296875,283.79998779296875,287.29998779296875,7
2023-07-13,CG1.MI,289.1499938964844,290.0,288.6499938964844,289.6000061035156,89
2023-07-14,CG1.MI,289.3500061035156,289.3500061035156,288.70001220703125,288.75,373
2023-07-17,CG1.MI,288.1000061035156,288.1499938964844,288.1000061035156,288.1499938964844,4
2023-07-18,CG1.MI,288.1499938964844,288.1499938964844,288.1499938964844,288.1499938964844,0
2023-07-19,CG1.MI,289.79998779296875,289.8500061035156,289.04998779296875,289.04998779296875,51
2023-07-20,CG1.MI,288.6499938964844,290.45001220703125,288.6499938964844,290.45001220703125,3
2023-07-21,CG1.MI,290.45001220703125,290.45001220703125,290.45001220703125,290.45001220703125,0
2023-07-24,CG1.MI,288.95001220703125,290.20001220703125,288.95001220703125,290.20001220703125,52
2023-07-25,CG1.MI,290.75,290.75,290.1000061035156,290.5,5
2023-07-26,CG1.MI,288.6499938964844,289.1499938964844,288.6499938964844,289.04998779296875,39
2023-07-27,CG1.MI,291.70001220703125,294.1000061035156,291.70001220703125,294.1000061035156,139
2023-07-28,CG1.MI,295.0,295.29998779296875,295.0,295.29998779296875,8
2023-07-31,CG1.MI,295.6499938964844,295.8999938964844,295.1499938964844,295.1499938964844,19
2023-08-01,CG1.MI,292.25,292.25,291.54998779296875,291.54998779296875,32
2023-08-02,CG1.MI,287.79998779296875,287.79998779296875,286.70001220703125,286.95001220703125,270
2023-08-03,CG1.MI,283.8999938964844,284.75,283.8999938964844,284.75,20
2023-08-04,CG1.MI,284.75,284.75,284.75,284.75,0
2023-08-07,CG1.MI,284.5,285.8500061035156,284.5,285.8500061035156,15
2023-08-08,CG1.MI,282.1000061035156,282.6499938964844,282.1000061035156,282.6499938964844,10
2023-08-09,CG1.MI,282.6499938964844,282.6499938964844,282.6499938964844,282.6499938964844,0
2023-08-10,CG1.MI,282.6499938964844,282.6499938964844,282.6499938964844,282.6499938964844,0
2023-08-11,CG1.MI,285.3500061035156,285.3500061035156,283.70001220703125,283.70001220703125,9
2023-08-14,CG1.MI,283.70001220703125,283.70001220703125,283.70001220703125,283.70001220703125,0
2023-08-16,CG1.MI,282.79998779296875,283.0,282.79998779296875,282.8999938964844,75
2023-08-17,CG1.MI,281.3500061035156,281.3500061035156,280.95001220703125,280.95001220703125,33
2023-08-18,CG1.MI,279.6499938964844,279.6499938964844,278.6000061035156,279.25,94
2023-08-21,CG1.MI,279.25,279.25,279.25,279.25,0
2023-08-22,CG1.MI,282.5,282.5,281.5,281.5,31
2023-08-23,CG1.MI,282.8999938964844,282.8999938964844,281.25,282.0,300
2023-08-24,CG1.MI,284.3500061035156,284.3500061035156,280.29998779296875,280.29998779296875,646
2023-08-25,CG1.MI,280.1499938964844,280.3500061035156,280.1499938964844,280.3500061035156,20
2023-08-28,CG1.MI,280.3500061035156,280.3500061035156,280.3500061035156,280.3500061035156,0
2023-08-29,CG1.MI,280.3500061035156,280.3500061035156,280.3500061035156,280.3500061035156,0
2023-08-30,CG1.MI,283.70001220703125,285.04998779296875,283.70001220703125,285.04998779296875,1
2023-08-31,CG1.MI,287.1000061035156,287.1000061035156,286.29998779296875,286.29998779296875,20
2023-09-01,CG1.MI,285.79998779296875,285.79998779296875,284.0,284.0,13
2023-09-04,CG1.MI,285.79998779296875,285.79998779296875,283.3500061035156,283.3500061035156,40
2023-09-05,CG1.MI,282.29998779296875,282.6499938964844,282.29998779296875,282.6499938964844,140
2023-09-06,CG1.MI,281.6000061035156,282.1499938964844,281.6000061035156,282.1499938964844,61
2023-09-07,CG1.MI,282.1499938964844,282.1499938964844,282.1499938964844,282.1499938964844,0
2023-09-08,CG1.MI,282.1499938964844,282.1499938964844,282.1499938964844,282.1499938964844,140
2023-09-11,CG1.MI,282.1499938964844,282.1499938964844,282.1499938964844,282.1499938964844,0
2023-09-12,CG1.MI,282.1499938964844,282.1499938964844,282.1499938964844,282.1499938964844,0
2023-09-13,CG1.MI,282.1499938964844,282.1499938964844,282.1499938964844,282.1499938964844,0
2023-09-14,CG1.MI,279.75,283.3999938964844,279.75,283.3999938964844,144
2023-09-15,CG1.MI,286.20001220703125,286.29998779296875,284.95001220703125,284.95001220703125,24
2023-09-18,CG1.MI,283.1000061035156,283.1000061035156,281.70001220703125,281.70001220703125,375
2023-09-19,CG1.MI,281.75,281.75,280.6000061035156,280.6000061035156,3
2023-09-20,CG1.MI,280.6000061035156,280.6000061035156,280.6000061035156,280.6000061035156,0
2023-09-21,CG1.MI,280.5,280.5,279.1499938964844,279.1499938964844,46
2023-09-22,CG1.MI,278.70001220703125,278.8999938964844,278.54998779296875,278.8999938964844,15
2023-09-25,CG1.MI,275.8999938964844,275.95001220703125,275.8999938964844,275.95001220703125,30
2023-09-26,CG1.MI,274.0,274.3500061035156,273.3500061035156,273.3500061035156,9
2023-09-27,CG1.MI,273.3500061035156,273.3500061035156,273.3500061035156,273.3500061035156,0
2023-09-28,CG1.MI,273.1000061035156,274.3999938964844,273.0,274.3999938964844,25
2023-09-29,CG1.MI,277.25,277.75,275.95001220703125,275.95001220703125,89
2023-10-02,CG1.MI,275.70001220703125,275.70001220703125,272.5,273.3500061035156,179
2023-10-03,CG1.MI,271.3999938964844,271.3999938964844,270.25,270.5,439
2023-10-04,CG1.MI,269.70001220703125,271.29998779296875,269.70001220703125,270.6000061035156,563
2023-10-05,CG1.MI,270.6499938964844,270.95001220703125,270.1499938964844,270.1499938964844,51
2023-10-06,CG1.MI,271.54998779296875,272.95001220703125,271.54998779296875,272.95001220703125,100
2023-10-09,CG1.MI,271.6499938964844,271.6499938964844,270.79998779296875,271.1000061035156,51
2023-10-10,CG1.MI,276.1499938964844,276.70001220703125,276.1499938964844,276.3999938964844,280
2023-10-11,CG1.MI,275.75,277.04998779296875,275.6499938964844,277.04998779296875,378
2023-10-12,CG1.MI,278.29998779296875,278.5,276.5,276.5,107
2023-10-13,CG1.MI,276.5,276.5,276.5,276.5,0
2023-10-16,CG1.MI,271.6000061035156,272.8500061035156,271.6000061035156,272.8500061035156,187
2023-10-17,CG1.MI,272.75,273.1000061035156,271.20001220703125,273.1000061035156,112
2023-10-18,CG1.MI,273.1000061035156,273.1000061035156,273.1000061035156,273.1000061035156,0
2023-10-19,CG1.MI,273.1000061035156,273.1000061035156,273.1000061035156,273.1000061035156,0
2023-10-20,CG1.MI,266.25,266.95001220703125,265.45001220703125,265.45001220703125,640
2023-10-23,CG1.MI,265.0,265.1000061035156,263.54998779296875,265.1000061035156,403
2023-10-24,CG1.MI,265.1000061035156,265.1000061035156,265.1000061035156,265.1000061035156,0
2023-10-25,CG1.MI,266.95001220703125,267.0,266.95001220703125,267.0,140
2023-10-26,CG1.MI,263.29998779296875,263.95001220703125,263.29998779296875,263.95001220703125,20
2023-10-27,CG1.MI,263.95001220703125,263.95001220703125,263.3500061035156,263.6000061035156,21
2023-10-30,CG1.MI,264.5,264.5,263.29998779296875,263.5,141
2023-10-31,CG1.MI,265.20001220703125,265.20001220703125,264.95001220703125,265.04998779296875,54
2023-11-01,CG1.MI,265.04998779296875,265.04998779296875,265.04998779296875,265.04998779296875,0
2023-11-02,CG1.MI,270.8999938964844,271.8500061035156,270.8999938964844,271.3500061035156,197
2023-11-03,CG1.MI,271.79998779296875,272.29998779296875,271.79998779296875,272.29998779296875,31
2023-11-06,CG1.MI,272.29998779296875,272.29998779296875,272.29998779296875,272.29998779296875,0
2023-11-07,CG1.MI,272.29998779296875,272.29998779296875,272.29998779296875,272.29998779296875,0
2023-11-08,CG1.MI,272.29998779296875,272.29998779296875,272.29998779296875,272.29998779296875,0
2023-11-09,CG1.MI,272.29998779296875,272.29998779296875,272.29998779296875,272.29998779296875,0
2023-11-10,CG1.MI,272.29998779296875,272.29998779296875,272.29998779296875,272.29998779296875,0
2023-11-13,CG1.MI,274.04998779296875,274.8999938964844,273.8500061035156,274.8999938964844,47
2023-11-14,CG1.MI,275.3500061035156,279.79998779296875,275.3500061035156,279.79998779296875,65
2023-11-15,CG1.MI,281.6000061035156,282.25,281.6000061035156,282.25,50
2023-11-16,CG1.MI,282.25,282.25,282.25,282.25,0
2023-11-17,CG1.MI,284.8500061035156,285.29998779296875,284.8500061035156,285.29998779296875,287
2023-11-20,CG1.MI,285.29998779296875,285.29998779296875,285.29998779296875,285.29998779296875,0
2023-11-21,CG1.MI,285.3500061035156,285.3500061035156,285.04998779296875,285.04998779296875,15
2023-11-22,CG1.MI,285.04998779296875,285.04998779296875,285.04998779296875,285.04998779296875,0
2023-11-23,CG1.MI,286.20001220703125,286.70001220703125,286.20001220703125,286.70001220703125,122
2023-11-24,CG1.MI,286.70001220703125,286.70001220703125,286.70001220703125,286.70001220703125,0
2023-11-27,CG1.MI,286.95001220703125,286.95001220703125,286.3999938964844,286.3999938964844,33
2023-11-28,CG1.MI,286.3999938964844,286.3999938964844,286.3999938964844,286.3999938964844,0
2023-11-29,CG1.MI,289.54998779296875,290.0,289.54998779296875,289.70001220703125,36
2023-11-30,CG1.MI,290.5,290.8500061035156,290.5,290.8500061035156,19
2023-12-01,CG1.MI,292.5,293.8500061035156,292.3999938964844,293.8500061035156,105
2023-12-04,CG1.MI,294.1499938964844,294.1499938964844,293.95001220703125,294.04998779296875,265
2023-12-05,CG1.MI,295.0,296.1499938964844,295.0,296.1499938964844,1
2023-12-06,CG1.MI,296.79998779296875,298.79998779296875,296.79998779296875,298.79998779296875,135
2023-12-07,CG1.MI,297.6000061035156,298.1499938964844,297.54998779296875,298.1499938964844,198
2023-12-08,CG1.MI,298.95001220703125,300.29998779296875,298.70001220703125,300.29998779296875,633
2023-12-11,CG1.MI,300.25,301.29998779296875,300.1000061035156,301.29998779296875,602
2023-12-12,CG1.MI,301.3500061035156,301.6499938964844,300.70001220703125,300.95001220703125,400
2023-12-13,CG1.MI,301.3999938964844,301.3999938964844,300.3500061035156,300.3500061035156,15
2023-12-14,CG1.MI,302.75,303.1000061035156,299.3999938964844,300.45001220703125,338
2023-12-15,CG1.MI,301.79998779296875,301.8500061035156,300.45001220703125,300.45001220703125,220
2023-12-18,CG1.MI,298.8500061035156,298.8500061035156,298.25,298.25,65
2023-12-19,CG1.MI,298.8500061035156,300.1000061035156,298.8500061035156,300.1000061035156,14
2023-12-20,CG1.MI,300.70001220703125,300.70001220703125,299.6000061035156,299.95001220703125,97
2023-12-21,CG1.MI,299.95001220703125,299.95001220703125,299.95001220703125,299.95001220703125,0
2023-12-22,CG1.MI,299.95001220703125,299.95001220703125,299.95001220703125,299.95001220703125,0
2023-12-27,CG1.MI,299.95001220703125,299.95001220703125,299.95001220703125,299.95001220703125,0
2023-12-28,CG1.MI,299.54998779296875,299.54998779296875,299.1499938964844,299.1499938964844,35
2023-12-29,CG1.MI,299.3500061035156,299.3999938964844,299.3500061035156,299.3999938964844,20
2024-01-02,CG1.MI,299.3999938964844,299.3999938964844,299.3999938964844,299.3999938964844,0
2024-01-03,CG1.MI,298.20001220703125,299.04998779296875,295.20001220703125,296.0,476
2024-01-04,CG1.MI,296.0,296.0,296.0,296.0,0
2024-01-05,CG1.MI,296.0,296.0,296.0,296.0,0
2024-01-08,CG1.MI,297.8500061035156,299.29998779296875,297.04998779296875,299.29998779296875,359
2024-01-09,CG1.MI,298.6499938964844,299.0,298.3500061035156,299.0,344
2024-01-10,CG1.MI,299.29998779296875,299.29998779296875,299.1000061035156,299.1000061035156,16
2024-01-11,CG1.MI,297.45001220703125,297.45001220703125,296.3999938964844,296.3999938964844,80
2024-01-12,CG1.MI,298.8999938964844,299.0,298.8999938964844,299.0,5
2024-01-15,CG1.MI,298.3500061035156,298.3500061035156,297.8999938964844,297.8999938964844,36
2024-01-16,CG1.MI,295.8999938964844,296.6499938964844,295.8999938964844,296.6499938964844,106
2024-01-17,CG1.MI,293.6499938964844,294.20001220703125,293.6499938964844,294.20001220703125,40
2024-01-18,CG1.MI,296.3999938964844,296.6000061035156,296.3999938964844,296.6000061035156,40
2024-01-19,CG1.MI,297.25,297.25,296.5,296.54998779296875,170
2024-01-22,CG1.MI,297.95001220703125,298.8999938964844,297.95001220703125,298.8999938964844,22
2024-01-23,CG1.MI,298.75,298.75,298.0,298.0,120
2024-01-24,CG1.MI,301.3999938964844,302.79998779296875,301.1000061035156,302.79998779296875,102
2024-01-25,CG1.MI,301.70001220703125,303.0,300.8999938964844,303.0,250
2024-01-26,CG1.MI,302.6000061035156,303.79998779296875,302.6000061035156,303.79998779296875,1
2024-01-29,CG1.MI,302.25,303.3999938964844,302.25,303.3999938964844,62
2024-01-30,CG1.MI,303.8999938964844,304.1000061035156,303.8999938964844,304.1000061035156,27
2024-01-31,CG1.MI,304.04998779296875,304.04998779296875,302.8500061035156,302.8500061035156,64
2024-02-01,CG1.MI,302.1000061035156,302.54998779296875,302.04998779296875,302.04998779296875,14
2024-02-02,CG1.MI,304.04998779296875,304.6000061035156,302.8999938964844,302.8999938964844,67
2024-02-05,CG1.MI,302.75,302.75,302.54998779296875,302.54998779296875,10
2024-02-06,CG1.MI,303.75,305.3500061035156,302.79998779296875,305.3500061035156,126
2024-02-07,CG1.MI,304.70001220703125,304.70001220703125,302.95001220703125,302.95001220703125,104
2024-02-08,CG1.MI,303.25,304.20001220703125,302.8999938964844,303.8999938964844,82
2024-02-09,CG1.MI,304.1000061035156,304.1000061035156,302.8999938964844,302.8999938964844,182
2024-02-12,CG1.MI,302.8999938964844,302.8999938964844,302.8999938964844,302.8999938964844,0
2024-02-13,CG1.MI,304.25,304.25,302.29998779296875,302.29998779296875,25
2024-02-14,CG1.MI,302.1000061035156,303.45001220703125,302.04998779296875,303.45001220703125,133
2024-02-15,CG1.MI,305.70001220703125,305.70001220703125,305.29998779296875,305.29998779296875,404
2024-02-16,CG1.MI,306.79998779296875,307.20001220703125,305.6000061035156,306.45001220703125,362
2024-02-19,CG1.MI,305.95001220703125,306.1499938964844,305.95001220703125,306.04998779296875,30
2024-02-20,CG1.MI,305.0,305.75,305.0,305.75,25
2024-02-21,CG1.MI,306.70001220703125,306.75,306.3999938964844,306.3999938964844,66
2024-02-22,CG1.MI,310.79998779296875,311.45001220703125,310.70001220703125,311.1000061035156,107
2024-02-23,CG1.MI,311.25,312.1499938964844,311.0,311.8500061035156,57
2024-02-26,CG1.MI,311.70001220703125,312.29998779296875,311.70001220703125,312.04998779296875,69
2024-02-27,CG1.MI,312.0,314.5,312.0,314.5,24
2024-02-28,CG1.MI,314.79998779296875,315.04998779296875,314.70001220703125,315.04998779296875,102
2024-02-29,CG1.MI,316.6000061035156,317.20001220703125,316.54998779296875,317.20001220703125,43
2024-03-01,CG1.MI,318.8999938964844,318.8999938964844,317.04998779296875,317.6000061035156,168
2024-03-04,CG1.MI,317.6000061035156,317.6000061035156,316.6000061035156,317.1000061035156,204
2024-03-05,CG1.MI,316.5,316.79998779296875,316.5,316.79998779296875,45
2024-03-06,CG1.MI,316.8500061035156,317.25,316.8500061035156,317.1499938964844,102
2024-03-07,CG1.MI,315.95001220703125,319.8999938964844,315.95001220703125,319.75,158
2024-03-08,CG1.MI,319.6000061035156,319.6000061035156,318.8500061035156,319.0,235
2024-03-11,CG1.MI,316.79998779296875,317.75,316.79998779296875,317.75,117
2024-03-12,CG1.MI,318.6499938964844,321.6499938964844,318.6499938964844,321.6499938964844,43
2024-03-13,CG1.MI,321.6499938964844,321.6499938964844,321.6499938964844,321.6499938964844,0
2024-03-14,CG1.MI,322.3999938964844,322.3999938964844,321.0,321.1000061035156,193
2024-03-15,CG1.MI,321.0,322.6000061035156,321.0,321.45001220703125,79
2024-03-18,CG1.MI,322.1499938964844,322.1499938964844,320.95001220703125,321.25,19
2024-03-19,CG1.MI,321.0,322.20001220703125,321.0,322.20001220703125,49
2024-03-20,CG1.MI,322.6499938964844,322.6499938964844,322.6000061035156,322.6000061035156,15
2024-03-21,CG1.MI,323.3500061035156,325.3999938964844,323.3500061035156,325.3999938964844,21
2024-03-22,CG1.MI,325.8999938964844,326.1499938964844,325.8500061035156,326.1499938964844,110
2024-03-25,CG1.MI,326.1000061035156,327.1000061035156,326.1000061035156,327.1000061035156,6
2024-03-26,CG1.MI,327.1499938964844,329.45001220703125,327.1499938964844,329.45001220703125,253
2024-03-27,CG1.MI,331.25,331.29998779296875,330.79998779296875,330.79998779296875,23
2024-03-28,CG1.MI,331.20001220703125,331.29998779296875,330.95001220703125,331.29998779296875,327
2024-04-02,CG1.MI,330.54998779296875,330.54998779296875,327.54998779296875,327.54998779296875,9
2024-04-03,CG1.MI,328.5,328.95001220703125,328.04998779296875,328.95001220703125,20
2024-04-04,CG1.MI,328.79998779296875,329.54998779296875,328.79998779296875,329.54998779296875,5
2024-04-05,CG1.MI,324.3999938964844,325.25,324.25,325.25,108
2024-04-08,CG1.MI,325.25,325.25,325.25,325.25,0
2024-04-09,CG1.MI,325.04998779296875,325.6000061035156,323.6499938964844,323.6499938964844,46
2024-04-10,CG1.MI,324.54998779296875,324.54998779296875,324.0,324.0,11
2024-04-11,CG1.MI,320.29998779296875,321.3500061035156,320.29998779296875,321.3500061035156,15
2024-04-12,CG1.MI,324.3500061035156,324.45001220703125,320.54998779296875,320.54998779296875,465
2024-04-15,CG1.MI,322.95001220703125,323.75,322.79998779296875,322.79998779296875,130
2024-04-16,CG1.MI,318.1000061035156,318.3999938964844,317.54998779296875,317.6499938964844,350
2024-04-17,CG1.MI,320.1000061035156,320.1000061035156,318.3999938964844,318.3999938964844,34
2024-04-18,CG1.MI,319.29998779296875,319.6000061035156,319.29998779296875,319.6000061035156,6
2024-04-19,CG1.MI,319.6000061035156,319.6000061035156,319.6000061035156,319.6000061035156,0
2024-04-22,CG1.MI,317.8999938964844,319.8500061035156,317.8999938964844,319.54998779296875,50
2024-04-23,CG1.MI,323.0,324.75,323.0,324.75,20
2024-04-24,CG1.MI,325.5,325.6000061035156,323.3500061035156,323.3500061035156,101
2024-04-25,CG1.MI,320.54998779296875,320.70001220703125,320.54998779296875,320.70001220703125,22
2024-04-26,CG1.MI,325.0,325.0,324.95001220703125,324.95001220703125,21
2024-04-29,CG1.MI,325.95001220703125,325.95001220703125,323.79998779296875,324.25,669
2024-04-30,CG1.MI,323.1499938964844,323.1499938964844,320.45001220703125,320.45001220703125,164
2024-05-02,CG1.MI,320.79998779296875,320.95001220703125,320.0,320.0,491
2024-05-03,CG1.MI,321.70001220703125,321.70001220703125,321.6499938964844,321.6499938964844,6
2024-05-06,CG1.MI,325.1000061035156,325.1000061035156,324.75,324.75,1
2024-05-07,CG1.MI,326.29998779296875,329.45001220703125,326.29998779296875,329.45001220703125,462
2024-05-08,CG1.MI,330.54998779296875,330.8500061035156,329.54998779296875,330.25,162
2024-05-09,CG1.MI,333.5,333.5,333.5,333.5,30
2024-05-10,CG1.MI,336.04998779296875,336.04998779296875,334.8999938964844,334.8999938964844,315
2024-05-13,CG1.MI,335.5,335.5,334.3500061035156,334.3500061035156,125
2024-05-14,CG1.MI,334.0,334.25,333.75,334.25,44
2024-05-15,CG1.MI,334.6499938964844,336.95001220703125,334.6499938964844,336.95001220703125,79
2024-05-16,CG1.MI,336.75,336.75,333.95001220703125,333.95001220703125,118
2024-05-17,CG1.MI,333.79998779296875,333.79998779296875,333.6499938964844,333.6499938964844,19
2024-05-20,CG1.MI,334.95001220703125,334.95001220703125,334.3999938964844,334.6499938964844,52
2024-05-21,CG1.MI,333.3999938964844,333.8999938964844,332.45001220703125,333.8999938964844,91
2024-05-22,CG1.MI,333.8999938964844,333.8999938964844,333.8999938964844,333.8999938964844,0
2024-05-23,CG1.MI,334.1499938964844,334.1499938964844,333.20001220703125,333.20001220703125,60
2024-05-24,CG1.MI,330.6499938964844,333.29998779296875,330.6499938964844,333.29998779296875,781
2024-05-27,CG1.MI,333.6000061035156,334.54998779296875,333.6000061035156,334.54998779296875,22
2024-05-28,CG1.MI,335.3999938964844,336.0,333.1499938964844,333.1499938964844,118
2024-05-29,CG1.MI,331.1000061035156,331.1000061035156,329.04998779296875,329.3999938964844,713
2024-05-30,CG1.MI,329.75,330.1499938964844,329.75,330.04998779296875,579
2024-05-31,CG1.MI,329.8999938964844,329.8999938964844,329.5,329.5,221
2024-06-03,CG1.MI,332.6000061035156,332.6000061035156,331.95001220703125,331.95001220703125,149
2024-06-04,CG1.MI,329.70001220703125,329.70001220703125,328.3999938964844,328.3999938964844,5
2024-06-05,CG1.MI,330.79998779296875,331.1000061035156,330.79998779296875,331.1000061035156,75
2024-06-06,CG1.MI,333.70001220703125,334.6000061035156,332.25,332.3999938964844,296
2024-06-07,CG1.MI,329.3999938964844,330.79998779296875,329.3999938964844,330.79998779296875,372
2024-06-10,CG1.MI,328.70001220703125,329.6499938964844,327.75,329.6499938964844,1947
2024-06-11,CG1.MI,330.45001220703125,330.45001220703125,327.25,327.70001220703125,1993
2024-06-12,CG1.MI,329.0,332.3999938964844,329.0,332.3999938964844,1866
2024-06-13,CG1.MI,329.8999938964844,329.8999938964844,325.6000061035156,325.6000061035156,110
2024-06-14,CG1.MI,324.95001220703125,324.95001220703125,320.6000061035156,321.29998779296875,1704
2024-06-17,CG1.MI,323.29998779296875,323.29998779296875,320.70001220703125,322.3999938964844,1943
2024-06-18,CG1.MI,322.25,323.20001220703125,322.25,323.20001220703125,230
2024-06-19,CG1.MI,323.04998779296875,323.3500061035156,322.04998779296875,322.25,2458
2024-06-20,CG1.MI,323.8999938964844,325.20001220703125,323.1499938964844,325.20001220703125,2017
2024-06-21,CG1.MI,324.8500061035156,324.8500061035156,323.6499938964844,324.20001220703125,861
2024-06-24,CG1.MI,324.8500061035156,327.1000061035156,324.8500061035156,327.04998779296875,1285
2024-06-25,CG1.MI,322.6000061035156,323.70001220703125,322.54998779296875,323.70001220703125,895
2024-06-26,CG1.MI,325.8500061035156,325.8999938964844,323.8500061035156,323.8500061035156,2615
2024-06-27,CG1.MI,324.54998779296875,325.29998779296875,323.54998779296875,324.5,2104
2024-06-28,CG1.MI,326.29998779296875,327.0,325.1000061035156,325.1000061035156,572
2024-07-01,CG1.MI,326.3500061035156,327.04998779296875,326.29998779296875,326.29998779296875,144
2024-07-02,CG1.MI,325.20001220703125,325.20001220703125,322.45001220703125,323.6499938964844,511
2024-07-03,CG1.MI,325.3999938964844,327.75,325.29998779296875,327.75,622
2024-07-04,CG1.MI,328.8999938964844,329.04998779296875,328.8999938964844,329.04998779296875,110
2024-07-05,CG1.MI,332.0,332.0,329.1499938964844,329.1499938964844,31
2024-07-08,CG1.MI,329.54998779296875,332.0,329.54998779296875,329.79998779296875,2592
2024-07-09,CG1.MI,328.6499938964844,328.6499938964844,325.0,325.0,270
2024-07-10,CG1.MI,327.29998779296875,328.5,327.29998779296875,328.5,100
2024-07-11,CG1.MI,328.79998779296875,330.6499938964844,328.79998779296875,330.6499938964844,225
2024-07-12,CG1.MI,331.6000061035156,334.79998779296875,331.3999938964844,334.70001220703125,9974
2024-07-15,CG1.MI,333.79998779296875,334.0,331.6000061035156,331.6499938964844,155
2024-07-16,CG1.MI,330.5,330.5,330.3500061035156,330.3500061035156,3
2024-07-17,CG1.MI,328.8999938964844,329.8999938964844,328.6499938964844,328.95001220703125,2276
2024-07-18,CG1.MI,328.45001220703125,329.6000061035156,327.29998779296875,327.29998779296875,476
2024-07-19,CG1.MI,325.45001220703125,325.5,323.8500061035156,323.8500061035156,450
2024-07-22,CG1.MI,325.5,328.45001220703125,325.29998779296875,328.45001220703125,592
2024-07-23,CG1.MI,330.0,331.70001220703125,330.0,330.75,706
2024-07-24,CG1.MI,328.04998779296875,328.8500061035156,327.45001220703125,327.75,4428
2024-07-25,CG1.MI,324.5,326.45001220703125,323.0,326.45001220703125,1321
2024-07-26,CG1.MI,326.20001220703125,328.5,326.20001220703125,328.5,1525
2024-07-29,CG1.MI,330.45001220703125,330.45001220703125,326.8500061035156,326.8500061035156,134
2024-07-30,CG1.MI,327.6499938964844,328.6499938964844,327.6499938964844,328.6499938964844,2
2024-07-31,CG1.MI,329.79998779296875,330.8999938964844,329.79998779296875,330.0,1083
2024-08-01,CG1.MI,326.3999938964844,326.3999938964844,322.6000061035156,322.6000061035156,174
2024-08-02,CG1.MI,317.3500061035156,318.29998779296875,314.6000061035156,314.6000061035156,1266
2024-08-05,CG1.MI,306.8500061035156,309.3999938964844,303.79998779296875,308.75,2039
2024-08-06,CG1.MI,311.29998779296875,311.95001220703125,307.54998779296875,308.8999938964844,1014
2024-08-07,CG1.MI,312.75,314.70001220703125,312.75,314.04998779296875,94
2024-08-08,CG1.MI,312.29998779296875,315.1000061035156,312.29998779296875,315.1000061035156,216
2024-08-09,CG1.MI,314.8999938964844,315.75,314.8999938964844,315.75,116
2024-08-12,CG1.MI,315.75,315.75,315.75,315.75,0
2024-08-13,CG1.MI,317.0,317.6499938964844,316.6000061035156,317.6499938964844,518
2024-08-14,CG1.MI,319.04998779296875,319.04998779296875,318.8999938964844,318.8999938964844,224
2024-08-16,CG1.MI,325.20001220703125,326.95001220703125,325.20001220703125,326.95001220703125,542
2024-08-19,CG1.MI,326.54998779296875,328.70001220703125,326.54998779296875,328.70001220703125,108
2024-08-20,CG1.MI,329.6499938964844,329.6499938964844,327.3500061035156,327.3500061035156,322
2024-08-21,CG1.MI,328.04998779296875,329.45001220703125,328.04998779296875,329.04998779296875,966
2024-08-22,CG1.MI,329.6499938964844,330.29998779296875,329.6499938964844,329.70001220703125,755
2024-08-23,CG1.MI,331.1000061035156,332.3500061035156,331.1000061035156,332.3500061035156,899
2024-08-26,CG1.MI,331.3999938964844,332.25,331.20001220703125,332.04998779296875,1443
2024-08-27,CG1.MI,332.3999938964844,333.5,332.25,333.5,656
2024-08-28,CG1.MI,334.3500061035156,336.25,334.3500061035156,335.1000061035156,479
2024-08-29,CG1.MI,335.1499938964844,337.29998779296875,335.1000061035156,337.1000061035156,1041
2024-08-30,CG1.MI,337.5,338.1000061035156,337.1499938964844,337.1499938964844,451
2024-09-02,CG1.MI,336.25,337.6000061035156,334.95001220703125,337.6000061035156,668
2024-09-03,CG1.MI,336.79998779296875,336.79998779296875,334.0,334.45001220703125,413
2024-09-04,CG1.MI,331.54998779296875,332.0,330.79998779296875,331.5,613
2024-09-05,CG1.MI,332.3999938964844,332.3999938964844,331.54998779296875,331.6000061035156,526
2024-09-06,CG1.MI,328.8500061035156,331.1000061035156,326.04998779296875,326.04998779296875,2184
2024-09-09,CG1.MI,328.1000061035156,329.3999938964844,327.54998779296875,328.6499938964844,763
2024-09-10,CG1.MI,329.6499938964844,329.6499938964844,325.29998779296875,326.0,825
2024-09-11,CG1.MI,327.20001220703125,327.29998779296875,325.79998779296875,326.79998779296875,1390
2024-09-12,CG1.MI,331.25,331.25,328.1499938964844,330.0,676
2024-09-13,CG1.MI,331.75,333.25,331.25,333.25,683
2024-09-16,CG1.MI,332.70001220703125,332.70001220703125,332.25,332.29998779296875,998
2024-09-17,CG1.MI,333.54998779296875,334.70001220703125,333.29998779296875,334.0,491
2024-09-18,CG1.MI,333.79998779296875,334.1000061035156,333.70001220703125,333.79998779296875,493
2024-09-19,CG1.MI,335.3500061035156,339.29998779296875,335.3500061035156,338.70001220703125,1427
2024-09-20,CG1.MI,336.0,336.29998779296875,334.0,334.0,973
2024-09-23,CG1.MI,333.95001220703125,336.04998779296875,333.95001220703125,335.79998779296875,683
2024-09-24,CG1.MI,338.6499938964844,339.1000061035156,337.3999938964844,338.54998779296875,390
2024-09-25,CG1.MI,335.95001220703125,337.70001220703125,335.95001220703125,337.3500061035156,1631
2024-09-26,CG1.MI,341.25,342.70001220703125,340.70001220703125,342.70001220703125,433
2024-09-27,CG1.MI,343.5,347.45001220703125,343.5,347.45001220703125,665
2024-09-30,CG1.MI,346.20001220703125,346.79998779296875,344.6000061035156,344.8999938964844,2086
2024-10-01,CG1.MI,346.0,346.79998779296875,341.5,342.6499938964844,2992
2024-10-02,CG1.MI,342.6499938964844,343.1000061035156,340.6000061035156,341.5,1008
2024-10-03,CG1.MI,339.79998779296875,340.54998779296875,338.5,338.70001220703125,1427
2024-10-04,CG1.MI,339.29998779296875,341.54998779296875,339.0,340.8999938964844,550
2024-10-07,CG1.MI,339.95001220703125,340.70001220703125,339.1000061035156,340.3999938964844,1169
2024-10-08,CG1.MI,337.5,340.5,337.5,340.04998779296875,482
2024-10-09,CG1.MI,339.25,343.29998779296875,339.25,343.29998779296875,629
2024-10-10,CG1.MI,342.95001220703125,343.6499938964844,341.95001220703125,342.5,1673
2024-10-11,CG1.MI,342.04998779296875,345.3500061035156,342.04998779296875,345.3500061035156,332
2024-10-14,CG1.MI,346.1000061035156,347.75,345.79998779296875,347.75,412
2024-10-15,CG1.MI,349.29998779296875,350.0,347.0,347.6499938964844,211
2024-10-16,CG1.MI,347.1000061035156,347.95001220703125,346.5,346.8500061035156,1070
2024-10-17,CG1.MI,347.75,350.8500061035156,347.75,349.20001220703125,1415
2024-10-18,CG1.MI,349.3500061035156,350.6499938964844,349.29998779296875,350.54998779296875,1218
2024-10-21,CG1.MI,349.8999938964844,350.1499938964844,346.8999938964844,346.8999938964844,590
2024-10-22,CG1.MI,348.75,348.75,345.79998779296875,346.54998779296875,261
2024-10-23,CG1.MI,346.3999938964844,347.0,345.04998779296875,345.6000061035156,468
2024-10-24,CG1.MI,347.1499938964844,348.1000061035156,346.79998779296875,346.79998779296875,448
2024-10-25,CG1.MI,346.20001220703125,347.79998779296875,345.70001220703125,346.95001220703125,558
2024-10-28,CG1.MI,347.79998779296875,348.20001220703125,346.20001220703125,348.1499938964844,348
2024-10-29,CG1.MI,349.6499938964844,349.6499938964844,347.3500061035156,347.3500061035156,233
2024-10-30,CG1.MI,345.6000061035156,345.95001220703125,342.5,343.5,695
2024-10-31,CG1.MI,340.8999938964844,341.8500061035156,339.20001220703125,339.79998779296875,596
2024-11-01,CG1.MI,341.04998779296875,343.95001220703125,341.04998779296875,343.45001220703125,303
2024-11-04,CG1.MI,342.8500061035156,343.5,341.6499938964844,341.6499938964844,843
2024-11-05,CG1.MI,341.0,343.29998779296875,340.70001220703125,343.29998779296875,365
2024-11-06,CG1.MI,347.04998779296875,348.25,338.8999938964844,339.45001220703125,766
2024-11-07,CG1.MI,343.3999938964844,345.8500061035156,343.3999938964844,345.29998779296875,400
2024-11-08,CG1.MI,344.8999938964844,345.29998779296875,342.3999938964844,342.45001220703125,1859
2024-11-11,CG1.MI,345.75,347.95001220703125,345.70001220703125,346.79998779296875,1067
2024-11-12,CG1.MI,343.6499938964844,343.75,339.3500061035156,339.54998779296875,642
2024-11-13,CG1.MI,339.04998779296875,340.95001220703125,336.20001220703125,338.3500061035156,1273
2024-11-14,CG1.MI,340.75,343.79998779296875,340.5,343.20001220703125,232
2024-11-15,CG1.MI,341.1499938964844,343.5,341.1499938964844,342.6000061035156,736
2024-11-18,CG1.MI,342.8500061035156,342.8999938964844,340.70001220703125,341.8500061035156,348
2024-11-19,CG1.MI,340.79998779296875,340.79998779296875,336.20001220703125,339.8500061035156,846
2024-11-20,CG1.MI,341.95001220703125,342.0,338.75,338.75,1338
2024-11-21,CG1.MI,338.8999938964844,341.45001220703125,337.6499938964844,341.45001220703125,2322
2024-11-22,CG1.MI,343.1499938964844,344.45001220703125,339.3999938964844,344.20001220703125,992
2024-11-25,CG1.MI,346.3500061035156,346.3500061035156,346.04998779296875,346.04998779296875,73
2024-11-26,CG1.MI,344.3999938964844,345.3500061035156,343.54998779296875,344.20001220703125,581
2024-11-27,CG1.MI,344.20001220703125,344.20001220703125,344.20001220703125,344.20001220703125,0
2024-11-28,CG1.MI,345.5,346.29998779296875,345.5,346.29998779296875,150
2024-11-29,CG1.MI,346.20001220703125,349.8999938964844,346.20001220703125,349.8999938964844,83
2024-12-02,CG1.MI,349.1000061035156,355.5,349.04998779296875,355.5,313
2024-12-03,CG1.MI,356.0,357.20001220703125,355.70001220703125,357.20001220703125,262
2024-12-04,CG1.MI,358.20001220703125,360.70001220703125,358.20001220703125,360.70001220703125,637
2024-12-05,CG1.MI,360.75,363.1000061035156,360.75,363.1000061035156,218
2024-12-06,CG1.MI,363.70001220703125,363.79998779296875,363.5,363.5,9
2024-12-09,CG1.MI,364.45001220703125,364.45001220703125,362.8500061035156,362.8500061035156,12
2024-12-10,CG1.MI,362.8500061035156,362.8500061035156,362.8500061035156,362.8500061035156,0
2024-12-11,CG1.MI,362.3500061035156,364.0,362.3500061035156,364.0,13
2024-12-12,CG1.MI,363.79998779296875,364.25,363.75,364.25,168
2024-12-13,CG1.MI,365.54998779296875,365.54998779296875,363.5,363.5,471
2024-12-16,CG1.MI,362.45001220703125,362.45001220703125,362.20001220703125,362.20001220703125,48
2024-12-17,CG1.MI,361.29998779296875,362.6499938964844,361.1000061035156,361.1000061035156,380
2024-12-18,CG1.MI,362.0,362.0,361.25,361.25,161
2024-12-19,CG1.MI,357.0,358.29998779296875,356.6000061035156,356.6000061035156,978
2024-12-20,CG1.MI,351.95001220703125,355.1000061035156,351.3999938964844,355.1000061035156,571
2024-12-23,CG1.MI,354.29998779296875,354.29998779296875,353.6499938964844,353.6499938964844,12
2024-12-27,CG1.MI,354.8999938964844,356.04998779296875,354.8500061035156,356.04998779296875,107
2024-12-30,CG1.MI,353.04998779296875,354.0,353.04998779296875,353.6000061035156,218
2025-01-02,CG1.MI,355.1499938964844,356.95001220703125,355.1499938964844,356.95001220703125,25
2025-01-03,CG1.MI,356.8999938964844,356.8999938964844,354.8999938964844,354.8999938964844,1
2025-01-06,CG1.MI,356.3999938964844,360.29998779296875,355.95001220703125,360.29998779296875,779
2025-01-07,CG1.MI,362.0,363.1000061035156,361.95001220703125,362.75,389
2025-01-08,CG1.MI,362.5,363.79998779296875,361.79998779296875,362.20001220703125,1439
2025-01-09,CG1.MI,361.29998779296875,362.25,361.29998779296875,362.25,3
2025-01-10,CG1.MI,362.3500061035156,362.3500061035156,360.45001220703125,360.45001220703125,50
2025-01-13,CG1.MI,359.29998779296875,359.5,359.0,359.0,434
2025-01-14,CG1.MI,360.8999938964844,361.29998779296875,360.8999938964844,361.20001220703125,146
2025-01-15,CG1.MI,362.1499938964844,367.54998779296875,361.95001220703125,367.54998779296875,400
2025-01-16,CG1.MI,367.54998779296875,367.54998779296875,367.54998779296875,367.54998779296875,0
2025-01-17,CG1.MI,371.6000061035156,372.6499938964844,371.6000061035156,372.6499938964844,24
2025-01-20,CG1.MI,372.70001220703125,375.1499938964844,372.70001220703125,374.25,362
2025-01-21,CG1.MI,373.8999938964844,375.1499938964844,373.8999938964844,375.1499938964844,111
2025-01-22,CG1.MI,379.6000061035156,379.6000061035156,379.0,379.0,395
2025-01-23,CG1.MI,379.3999938964844,381.75,379.3999938964844,381.75,36
2025-01-24,CG1.MI,383.1499938964844,383.1499938964844,381.25,381.25,427
2025-01-27,CG1.MI,376.29998779296875,379.3999938964844,376.29998779296875,379.3999938964844,97
2025-01-28,CG1.MI,379.3999938964844,379.3999938964844,379.3999938964844,379.3999938964844,0
2025-01-29,CG1.MI,385.0,385.45001220703125,384.6499938964844,385.45001220703125,33
2025-01-30,CG1.MI,386.6499938964844,387.3500061035156,386.3500061035156,387.3500061035156,326
2025-01-31,CG1.MI,387.6499938964844,388.3500061035156,387.1000061035156,387.1000061035156,32
2025-02-03,CG1.MI,379.3500061035156,382.0,379.25,382.0,833
2025-02-04,CG1.MI,381.6499938964844,383.45001220703125,381.3999938964844,383.45001220703125,602
2025-02-05,CG1.MI,383.6499938964844,384.6499938964844,383.6499938964844,384.6499938964844,22
2025-02-06,CG1.MI,386.79998779296875,390.6499938964844,386.79998779296875,390.6499938964844,315
2025-02-07,CG1.MI,390.8999938964844,390.8999938964844,387.8500061035156,387.8500061035156,1737
2025-02-10,CG1.MI,389.25,391.1000061035156,389.25,390.75,571
2025-02-11,CG1.MI,391.3500061035156,392.75,391.25,392.75,112
2025-02-12,CG1.MI,393.70001220703125,394.75,393.6000061035156,394.70001220703125,227
2025-02-13,CG1.MI,399.75,403.1000061035156,398.25,403.1000061035156,326
2025-02-14,CG1.MI,401.3999938964844,402.6499938964844,400.54998779296875,400.54998779296875,1825
2025-02-17,CG1.MI,402.3999938964844,406.25,402.3999938964844,406.25,253
2025-02-18,CG1.MI,405.8999938964844,407.70001220703125,405.8999938964844,407.3999938964844,950
2025-02-19,CG1.MI,408.3999938964844,408.3999938964844,399.6499938964844,399.70001220703125,979
2025-02-20,CG1.MI,401.70001220703125,401.70001220703125,397.3500061035156,398.04998779296875,844
2025-02-21,CG1.MI,398.20001220703125,398.20001220703125,396.70001220703125,396.70001220703125,21
2025-02-24,CG1.MI,400.20001220703125,400.20001220703125,397.79998779296875,399.45001220703125,337
2025-02-25,CG1.MI,400.0,401.29998779296875,398.95001220703125,398.95001220703125,24
2025-02-26,CG1.MI,403.54998779296875,406.1499938964844,403.54998779296875,406.1499938964844,1263
2025-02-27,CG1.MI,402.1499938964844,402.1499938964844,400.25,401.79998779296875,515
2025-02-28,CG1.MI,398.8500061035156,400.75,398.8500061035156,400.75,158
2025-03-03,CG1.MI,401.8999938964844,415.04998779296875,401.8999938964844,412.6499938964844,827
2025-03-04,CG1.MI,406.04998779296875,406.75,397.75,397.75,944
2025-03-05,CG1.MI,412.3999938964844,412.5,410.75,411.8999938964844,832
2025-03-06,CG1.MI,414.8500061035156,418.0,411.79998779296875,417.75,1335
2025-03-07,CG1.MI,413.04998779296875,413.04998779296875,408.8999938964844,410.0,954
2025-03-10,CG1.MI,411.1499938964844,411.1499938964844,401.5,402.75,1193
2025-03-11,CG1.MI,403.8500061035156,405.54998779296875,396.79998779296875,397.6000061035156,731
2025-03-12,CG1.MI,400.54998779296875,404.3999938964844,400.3999938964844,403.79998779296875,2828
2025-03-13,CG1.MI,400.6499938964844,404.75,399.6000061035156,401.3999938964844,1504
2025-03-14,CG1.MI,403.54998779296875,409.54998779296875,403.54998779296875,408.6000061035156,784
2025-03-17,CG1.MI,409.29998779296875,412.54998779296875,409.29998779296875,412.54998779296875,391
2025-03-18,CG1.MI,414.29998779296875,418.1000061035156,414.29998779296875,416.79998779296875,714
2025-03-19,CG1.MI,414.75,415.79998779296875,412.3500061035156,415.1499938964844,982
2025-03-20,CG1.MI,415.1000061035156,415.1000061035156,406.8999938964844,409.95001220703125,10780
2025-03-21,CG1.MI,407.29998779296875,407.6499938964844,405.79998779296875,407.6499938964844,575
2025-03-24,CG1.MI,410.3500061035156,410.3500061035156,407.5,407.5,260
2025-03-25,CG1.MI,408.20001220703125,411.95001220703125,407.5,411.95001220703125,941
2025-03-26,CG1.MI,410.95001220703125,410.95001220703125,407.1000061035156,407.1000061035156,2294
2025-03-27,CG1.MI,401.0,404.5,400.70001220703125,403.79998779296875,1406
2025-03-28,CG1.MI,401.75,402.29998779296875,400.1000061035156,400.1000061035156,2072
2025-03-31,CG1.MI,397.54998779296875,397.54998779296875,392.1499938964844,394.75,496
2025-04-01,CG1.MI,399.6000061035156,401.5,398.75,401.5,505
2025-04-02,CG1.MI,398.6499938964844,398.6499938964844,396.6499938964844,398.5,738
2025-04-03,CG1.MI,389.25,393.04998779296875,386.20001220703125,386.8999938964844,1454
2025-04-04,CG1.MI,384.3999938964844,384.3999938964844,365.8500061035156,367.70001220703125,2564
2025-04-07,CG1.MI,342.6000061035156,355.8999938964844,341.1000061035156,353.20001220703125,7351
2025-04-08,CG1.MI,357.04998779296875,364.20001220703125,354.70001220703125,361.3500061035156,1890
2025-04-09,CG1.MI,353.5,356.29998779296875,345.04998779296875,350.5,2762
2025-04-10,CG1.MI,380.0,380.0,365.3999938964844,365.3999938964844,6336
2025-04-11,CG1.MI,370.75,370.75,359.95001220703125,362.79998779296875,1656
2025-04-14,CG1.MI,371.20001220703125,374.3999938964844,369.79998779296875,372.54998779296875,1392
2025-04-15,CG1.MI,376.3500061035156,378.8999938964844,376.3500061035156,378.6000061035156,937
2025-04-16,CG1.MI,376.70001220703125,379.8999938964844,376.6000061035156,379.70001220703125,292
2025-04-17,CG1.MI,380.45001220703125,381.3999938964844,377.04998779296875,377.6499938964844,1301
2025-04-22,CG1.MI,377.29998779296875,379.20001220703125,375.45001220703125,379.1000061035156,350
2025-04-23,CG1.MI,388.25,392.25,387.8500061035156,391.04998779296875,2083
2025-04-24,CG1.MI,389.79998779296875,393.25,387.45001220703125,393.04998779296875,3718
2025-04-25,CG1.MI,393.54998779296875,397.5,393.54998779296875,396.04998779296875,5454
2025-04-28,CG1.MI,397.95001220703125,399.1499938964844,396.5,396.5,100
2025-04-29,CG1.MI,398.29998779296875,399.8500061035156,397.8999938964844,399.8500061035156,887
2025-04-30,CG1.MI,401.5,401.5,396.04998779296875,400.0,495
2025-05-02,CG1.MI,405.75,410.95001220703125,405.75,410.95001220703125,903
2025-05-05,CG1.MI,411.20001220703125,415.5,411.20001220703125,415.29998779296875,969
2025-05-06,CG1.MI,415.95001220703125,415.95001220703125,408.5,413.54998779296875,2863
2025-05-07,CG1.MI,414.0,414.0,411.45001220703125,411.45001220703125,1528
2025-05-08,CG1.MI,415.20001220703125,415.95001220703125,415.20001220703125,415.6000061035156,718
2025-05-09,CG1.MI,417.29998779296875,418.45001220703125,417.1499938964844,417.6499938964844,878
2025-05-12,CG1.MI,423.45001220703125,424.3500061035156,417.1499938964844,418.75,492
2025-05-13,CG1.MI,419.0,420.04998779296875,419.0,420.04998779296875,378
2025-05-14,CG1.MI,420.75,420.75,417.29998779296875,417.79998779296875,517
2025-05-15,CG1.MI,416.79998779296875,421.1000061035156,416.3999938964844,421.1000061035156,869
2025-05-16,CG1.MI,423.8999938964844,423.95001220703125,421.0,422.0,282
2025-05-19,CG1.MI,421.8999938964844,424.8500061035156,420.6000061035156,424.75,973
2025-05-20,CG1.MI,425.1499938964844,427.75,425.1499938964844,426.6000061035156,1092
2025-05-21,CG1.MI,425.79998779296875,428.45001220703125,425.6000061035156,428.45001220703125,242
2025-05-22,CG1.MI,425.79998779296875,426.3500061035156,424.70001220703125,426.3500061035156,100
2025-05-23,CG1.MI,426.3500061035156,427.1000061035156,413.79998779296875,419.25,1675
2025-05-26,CG1.MI,425.8500061035156,426.54998779296875,425.8500061035156,426.54998779296875,383
2025-05-27,CG1.MI,427.54998779296875,431.0,427.45001220703125,430.3500061035156,125
2025-05-28,CG1.MI,430.6000061035156,430.6000061035156,427.1000061035156,427.3999938964844,104
2025-05-29,CG1.MI,429.79998779296875,429.79998779296875,425.1499938964844,425.6499938964844,130
2025-05-30,CG1.MI,428.75,428.75,426.1000061035156,426.29998779296875,276
2025-06-02,CG1.MI,422.1000061035156,425.04998779296875,422.1000061035156,425.04998779296875,48
2025-06-03,CG1.MI,424.1000061035156,427.70001220703125,424.1000061035156,427.70001220703125,28
2025-06-04,CG1.MI,430.6499938964844,430.79998779296875,429.70001220703125,430.79998779296875,102
2025-06-05,CG1.MI,432.79998779296875,432.79998779296875,430.25,431.95001220703125,130
2025-06-06,CG1.MI,430.1000061035156,431.8500061035156,430.1000061035156,431.3999938964844,208
2025-06-09,CG1.MI,429.1499938964844,429.3999938964844,429.04998779296875,429.3999938964844,596
2025-06-10,CG1.MI,428.79998779296875,429.0,426.8500061035156,426.8500061035156,256
2025-06-11,CG1.MI,426.70001220703125,427.6000061035156,425.75,425.75,1893
2025-06-12,CG1.MI,422.20001220703125,422.5,419.45001220703125,422.1499938964844,621
2025-06-13,CG1.MI,416.5,418.1499938964844,415.54998779296875,417.20001220703125,1462
2025-06-16,CG1.MI,419.25,421.25,418.45001220703125,421.25,396
2025-06-17,CG1.MI,414.79998779296875,417.75,414.1499938964844,416.5,654
2025-06-18,CG1.MI,416.0,416.0,413.45001220703125,414.54998779296875,896
2025-06-19,CG1.MI,411.45001220703125,411.45001220703125,409.29998779296875,409.29998779296875,1067
2025-06-20,CG1.MI,412.79998779296875,415.5,412.79998779296875,414.20001220703125,682
2025-06-23,CG1.MI,413.6000061035156,413.6000061035156,410.8999938964844,413.20001220703125,471
2025-06-24,CG1.MI,421.20001220703125,422.1000061035156,418.79998779296875,419.95001220703125,7339
2025-06-25,CG1.MI,420.25,420.25,417.20001220703125,417.45001220703125,1423
2025-06-26,CG1.MI,418.6000061035156,419.8500061035156,418.6000061035156,419.54998779296875,433
2025-06-27,CG1.MI,423.25,426.25,422.70001220703125,426.25,760
2025-06-30,CG1.MI,427.3999938964844,427.79998779296875,424.29998779296875,424.8999938964844,2661
2025-07-01,CG1.MI,425.3500061035156,425.3500061035156,420.54998779296875,420.54998779296875,939
2025-07-02,CG1.MI,420.54998779296875,422.25,419.6000061035156,422.25,31
2025-07-03,CG1.MI,423.8999938964844,424.3999938964844,423.8999938964844,424.3999938964844,2
2025-07-04,CG1.MI,422.79998779296875,422.79998779296875,421.6000061035156,422.5,429
2025-07-07,CG1.MI,424.1000061035156,426.8999938964844,424.1000061035156,426.8999938964844,472
2025-07-08,CG1.MI,427.75,430.20001220703125,427.75,429.8999938964844,470
2025-07-09,CG1.MI,431.29998779296875,436.3999938964844,431.29998779296875,435.45001220703125,445
2025-07-10,CG1.MI,437.3999938964844,437.3999938964844,434.29998779296875,434.54998779296875,423
2025-07-11,CG1.MI,429.3500061035156,430.6000061035156,429.3500061035156,430.25,232
2025-07-14,CG1.MI,426.75,429.04998779296875,426.70001220703125,429.04998779296875,323
2025-07-15,CG1.MI,430.3500061035156,430.3500061035156,427.29998779296875,427.29998779296875,274
2025-07-16,CG1.MI,426.75,428.8999938964844,426.75,427.5,231
2025-07-17,CG1.MI,430.29998779296875,432.45001220703125,429.6499938964844,432.45001220703125,568
2025-07-18,CG1.MI,434.04998779296875,434.54998779296875,430.8999938964844,431.29998779296875,172
2025-07-21,CG1.MI,431.1000061035156,431.5,430.29998779296875,431.5,718
2025-07-22,CG1.MI,429.0,429.0,424.95001220703125,426.6000061035156,161
2025-07-23,CG1.MI,430.20001220703125,431.25,428.75,430.1499938964844,748
2025-07-24,CG1.MI,435.1000061035156,435.1000061035156,430.79998779296875,431.6000061035156,265
2025-07-25,CG1.MI,429.6000061035156,430.70001220703125,427.6499938964844,430.3500061035156,504
2025-07-28,CG1.MI,433.79998779296875,433.79998779296875,425.25,425.25,2282
2025-07-29,CG1.MI,430.54998779296875,431.0,429.70001220703125,429.70001220703125,292
2025-07-30,CG1.MI,429.04998779296875,430.95001220703125,428.8500061035156,430.95001220703125,349
2025-07-31,CG1.MI,433.04998779296875,433.04998779296875,427.5,427.6000061035156,574
2025-08-01,CG1.MI,422.1499938964844,422.45001220703125,415.0,415.8500061035156,3197
2025-08-04,CG1.MI,417.79998779296875,422.25,417.79998779296875,421.79998779296875,380
2025-08-05,CG1.MI,424.3999938964844,425.20001220703125,422.8999938964844,423.54998779296875,2759
2025-08-06,CG1.MI,425.45001220703125,425.5,422.95001220703125,424.3999938964844,1228
2025-08-07,CG1.MI,424.8999938964844,432.8999938964844,424.75,429.5,2180
2025-08-08,CG1.MI,428.6499938964844,430.04998779296875,428.29998779296875,429.1000061035156,126
2025-08-11,CG1.MI,428.79998779296875,428.79998779296875,427.0,427.3999938964844,611
2025-08-12,CG1.MI,428.6000061035156,428.6000061035156,425.1499938964844,427.0,939
2025-08-13,CG1.MI,429.3999938964844,430.20001220703125,428.8999938964844,429.45001220703125,478
2025-08-14,CG1.MI,430.8999938964844,433.1499938964844,430.20001220703125,432.6499938964844,148
2025-08-18,CG1.MI,431.29998779296875,431.6499938964844,430.70001220703125,431.6499938964844,591
2025-08-19,CG1.MI,433.1499938964844,433.75,432.3999938964844,433.75,357
2025-08-20,CG1.MI,430.45001220703125,432.5,429.8999938964844,430.95001220703125,625
2025-08-21,CG1.MI,431.04998779296875,431.45001220703125,429.25,431.20001220703125,5252
2025-08-22,CG1.MI,430.45001220703125,433.1000061035156,430.45001220703125,432.70001220703125,719
2025-08-25,CG1.MI,432.6000061035156,432.70001220703125,430.70001220703125,431.0,2665
2025-08-26,CG1.MI,428.45001220703125,430.1000061035156,428.45001220703125,429.3500061035156,413
2025-08-27,CG1.MI,427.45001220703125,428.5,425.75,427.04998779296875,2879
2025-08-28,CG1.MI,429.04998779296875,429.1499938964844,425.70001220703125,426.8999938964844,836
2025-08-29,CG1.MI,425.1499938964844,426.20001220703125,424.04998779296875,424.45001220703125,1087
2025-09-01,CG1.MI,426.1499938964844,426.75,425.6000061035156,426.70001220703125,2912
2025-09-02,CG1.MI,424.0,424.0,417.20001220703125,417.29998779296875,1968
2025-09-03,CG1.MI,418.8500061035156,420.6000061035156,417.3500061035156,419.04998779296875,2078
2025-09-04,CG1.MI,419.3999938964844,422.3500061035156,419.3999938964844,422.25,1528
2025-09-05,CG1.MI,422.79998779296875,423.25,418.3500061035156,418.79998779296875,936
2025-09-08,CG1.MI,421.54998779296875,422.8500061035156,420.8999938964844,422.75,1299
2025-09-09,CG1.MI,423.3999938964844,423.3999938964844,419.79998779296875,421.29998779296875,252
2025-09-10,CG1.MI,423.04998779296875,423.04998779296875,419.25,419.5,1400
2025-09-11,CG1.MI,419.8500061035156,421.95001220703125,418.95001220703125,420.54998779296875,2387
2025-09-12,CG1.MI,422.20001220703125,422.20001220703125,419.1499938964844,420.45001220703125,366
2025-09-15,CG1.MI,422.6000061035156,423.45001220703125,420.8500061035156,421.70001220703125,554
2025-09-16,CG1.MI,420.75,420.79998779296875,414.04998779296875,414.04998779296875,276
2025-09-17,CG1.MI,416.1000061035156,416.45001220703125,413.5,414.45001220703125,325
2025-09-18,CG1.MI,417.75,420.5,417.75,420.1499938964844,1259
2025-09-19,CG1.MI,420.29998779296875,420.29998779296875,419.6000061035156,419.75,527
2025-09-22,CG1.MI,417.8999938964844,417.8999938964844,416.6499938964844,417.75,419
2025-09-23,CG1.MI,419.29998779296875,420.8999938964844,418.75,419.45001220703125,1539
2025-09-24,CG1.MI,418.25,420.3999938964844,417.8500061035156,420.3500061035156,791
2025-09-25,CG1.MI,418.8999938964844,419.1000061035156,415.29998779296875,417.45001220703125,3511
2025-09-26,CG1.MI,418.79998779296875,421.3500061035156,418.75,421.3500061035156,513
2025-09-29,CG1.MI,422.1499938964844,422.45001220703125,421.1499938964844,421.70001220703125,296
2025-09-30,CG1.MI,420.8999938964844,423.75,420.6000061035156,423.75,153
2025-10-01,CG1.MI,422.25,428.79998779296875,422.04998779296875,428.20001220703125,1394
2025-10-02,CG1.MI,431.6000061035156,434.8500061035156,430.70001220703125,433.8999938964844,1106
2025-10-03,CG1.MI,434.25,434.25,432.3500061035156,432.8500061035156,176
2025-10-06,CG1.MI,432.3500061035156,434.1499938964844,431.6000061035156,432.95001220703125,4710
2025-10-07,CG1.MI,432.5,433.75,431.8500061035156,432.8500061035156,36
2025-10-08,CG1.MI,434.25,436.8999938964844,434.25,436.8999938964844,91
2025-10-09,CG1.MI,438.0,439.25,436.70001220703125,437.6499938964844,35
2025-10-10,CG1.MI,438.04998779296875,438.1499938964844,430.54998779296875,430.8500061035156,2444
2025-10-13,CG1.MI,432.45001220703125,433.25,431.54998779296875,432.70001220703125,203
2025-10-14,CG1.MI,428.79998779296875,430.1000061035156,425.8999938964844,430.04998779296875,1446
2025-10-15,CG1.MI,431.3500061035156,431.3500061035156,429.54998779296875,429.79998779296875,607
2025-10-16,CG1.MI,428.79998779296875,430.95001220703125,427.0,430.8500061035156,3182
2025-10-17,CG1.MI,422.20001220703125,425.3500061035156,420.70001220703125,423.3500061035156,1401
2025-10-20,CG1.MI,426.54998779296875,431.20001220703125,426.54998779296875,430.70001220703125,172
2025-10-21,CG1.MI,431.25,432.25,430.5,432.25,298
2025-10-22,CG1.MI,430.79998779296875,431.3999938964844,428.79998779296875,428.79998779296875,84
2025-10-23,CG1.MI,429.45001220703125,429.8500061035156,427.6000061035156,429.8500061035156,1563
2025-10-27,CG1.MI,429.95001220703125,431.6000061035156,429.6499938964844,431.6000061035156,607
2025-10-28,CG1.MI,430.04998779296875,431.6499938964844,430.04998779296875,431.1000061035156,62
2025-10-29,CG1.MI,430.79998779296875,430.8999938964844,427.8999938964844,428.20001220703125,23
2025-10-30,CG1.MI,429.29998779296875,429.6499938964844,427.3999938964844,428.45001220703125,155
2025-10-31,CG1.MI,427.20001220703125,427.20001220703125,424.8999938964844,425.3999938964844,1178
2025-11-03,CG1.MI,427.3999938964844,429.6499938964844,427.3999938964844,428.0,750
2025-11-04,CG1.MI,422.20001220703125,425.0,420.29998779296875,425.0,1012
2025-11-05,CG1.MI,421.79998779296875,426.8500061035156,421.79998779296875,426.8500061035156,7
2025-11-06,CG1.MI,426.25,426.3500061035156,421.1499938964844,421.45001220703125,198
2025-11-07,CG1.MI,421.04998779296875,421.20001220703125,417.0,417.8999938964844,532
2025-11-10,CG1.MI,425.0,425.79998779296875,424.1000061035156,425.3999938964844,1060
2025-11-11,CG1.MI,425.75,427.75,425.54998779296875,427.75,16
2025-11-12,CG1.MI,432.54998779296875,433.29998779296875,432.20001220703125,432.75,1095
2025-11-13,CG1.MI,433.3500061035156,433.3500061035156,426.8500061035156,426.8500061035156,38
2025-11-14,CG1.MI,424.0,424.0,419.1499938964844,423.8999938964844,699
2025-11-17,CG1.MI,420.5,420.54998779296875,417.8500061035156,418.8500061035156,729
2025-11-18,CG1.MI,413.54998779296875,413.54998779296875,410.3999938964844,411.25,624
2025-11-19,CG1.MI,411.25,413.20001220703125,411.25,411.79998779296875,65
2025-11-20,CG1.MI,414.0,417.0,413.70001220703125,413.70001220703125,36
2025-11-21,CG1.MI,407.5,412.70001220703125,407.5,410.0,137
2025-11-24,CG1.MI,413.1000061035156,413.20001220703125,411.25,412.70001220703125,99
2025-11-25,CG1.MI,411.8999938964844,416.3999938964844,411.8999938964844,416.3999938964844,86
2025-11-26,CG1.MI,420.54998779296875,420.6000061035156,420.54998779296875,420.6000061035156,9
2025-11-27,CG1.MI,421.79998779296875,422.8999938964844,421.79998779296875,422.0,319
2025-11-28,CG1.MI,421.5,423.5,421.5,423.0,38
2025-12-01,CG1.MI,420.70001220703125,420.70001220703125,418.3500061035156,418.79998779296875,57
2025-12-02,CG1.MI,421.20001220703125,421.20001220703125,420.79998779296875,420.79998779296875,9
2025-12-03,CG1.MI,422.79998779296875,422.79998779296875,420.25,420.25,401
2025-12-04,CG1.MI,423.04998779296875,424.20001220703125,423.04998779296875,424.0,3992
2025-12-05,CG1.MI,427.25,427.25,426.6499938964844,426.6499938964844,54
2025-12-08,CG1.MI,427.29998779296875,427.29998779296875,426.95001220703125,426.95001220703125,17
2025-12-09,CG1.MI,427.8999938964844,428.95001220703125,427.8999938964844,428.95001220703125,19
2025-12-10,CG1.MI,427.1000061035156,427.8500061035156,426.1000061035156,427.8500061035156,120
2025-12-11,CG1.MI,426.75,431.0,426.45001220703125,430.8500061035156,2635
2025-12-12,CG1.MI,433.79998779296875,433.95001220703125,428.95001220703125,429.6000061035156,87
2025-12-15,CG1.MI,430.75,430.75,429.70001220703125,429.95001220703125,126
2025-12-16,CG1.MI,428.45001220703125,429.04998779296875,427.54998779296875,427.54998779296875,142
2025-12-17,CG1.MI,428.54998779296875,428.75,425.29998779296875,425.29998779296875,1534
2025-12-18,CG1.MI,424.3999938964844,429.5,424.3999938964844,429.5,111
2025-12-19,CG1.MI,429.45001220703125,431.20001220703125,429.25,431.20001220703125,5342
2025-12-22,CG1.MI,431.3999938964844,431.6000061035156,431.25,431.25,6
2025-12-23,CG1.MI,431.6499938964844,432.20001220703125,430.75,431.8500061035156,108
2025-12-29,CG1.MI,431.8500061035156,432.54998779296875,431.6000061035156,432.54998779296875,1754
2025-12-30,CG1.MI,432.5,437.25,432.25,437.25,1063
2026-01-02,CG1.MI,436.1000061035156,437.95001220703125,434.04998779296875,435.70001220703125,2299
2026-01-05,CG1.MI,437.6499938964844,441.1000061035156,437.6499938964844,441.1000061035156,1393
2026-01-06,CG1.MI,442.1499938964844,442.45001220703125,440.79998779296875,441.79998779296875,1042
2026-01-07,CG1.MI,443.6499938964844,445.54998779296875,443.45001220703125,445.45001220703125,128
2026-01-08,CG1.MI,445.29998779296875,446.04998779296875,444.8999938964844,446.04998779296875,5327
2026-01-09,CG1.MI,445.54998779296875,448.3999938964844,445.5,448.1000061035156,1465
2026-01-12,CG1.MI,448.20001220703125,451.25,448.1499938964844,450.79998779296875,79
2026-01-13,CG1.MI,450.8500061035156,452.04998779296875,450.04998779296875,450.8999938964844,97
2026-01-14,CG1.MI,451.20001220703125,451.3999938964844,448.79998779296875,449.25,450
2026-01-15,CG1.MI,448.0,449.8999938964844,448.0,449.8999938964844,34
2026-01-16,CG1.MI,449.79998779296875,449.79998779296875,448.54998779296875,448.54998779296875,29
2026-01-19,CG1.MI,442.20001220703125,442.79998779296875,442.20001220703125,442.79998779296875,18
2026-01-20,CG1.MI,436.29998779296875,438.3999938964844,435.6000061035156,438.04998779296875,187
2026-01-21,CG1.MI,437.04998779296875,437.04998779296875,433.20001220703125,435.70001220703125,79
2026-01-22,CG1.MI,441.25,441.95001220703125,440.45001220703125,441.45001220703125,1934
2026-01-23,CG1.MI,441.1499938964844,441.70001220703125,440.20001220703125,441.54998779296875,248
2026-01-26,CG1.MI,440.3999938964844,442.95001220703125,440.3500061035156,442.70001220703125,222
2026-01-27,CG1.MI,442.0,442.6499938964844,441.95001220703125,441.95001220703125,25
2026-01-28,CG1.MI,440.1000061035156,440.8500061035156,439.25,440.8500061035156,442
2026-01-29,CG1.MI,436.8999938964844,439.20001220703125,430.95001220703125,431.20001220703125,1846
2026-01-30,CG1.MI,435.0,435.6499938964844,435.0,435.1499938964844,85
2026-02-02,CG1.MI,436.3500061035156,440.1000061035156,436.25,440.1000061035156,275
2026-02-03,CG1.MI,443.79998779296875,445.0,439.6000061035156,439.8999938964844,230
2026-02-04,CG1.MI,439.8999938964844,439.8999938964844,437.0,437.6000061035156,339
2026-02-05,CG1.MI,436.8500061035156,436.8500061035156,430.8999938964844,433.79998779296875,677
2026-02-06,CG1.MI,433.79998779296875,438.6000061035156,433.6499938964844,438.6000061035156,659
2026-02-09,CG1.MI,440.75,443.8999938964844,439.6499938964844,443.8999938964844,47
2026-02-10,CG1.MI,442.6499938964844,444.54998779296875,442.6499938964844,443.3999938964844,109
2026-02-11,CG1.MI,441.6000061035156,442.1000061035156,441.25,441.25,43
2026-02-12,CG1.MI,444.79998779296875,447.79998779296875,440.3999938964844,440.3999938964844,1629
2026-02-13,CG1.MI,440.45001220703125,442.0,440.1499938964844,441.8500061035156,1123
2026-02-16,CG1.MI,442.6499938964844,442.8500061035156,439.95001220703125,439.95001220703125,130
2026-02-17,CG1.MI,440.79998779296875,443.6499938964844,440.20001220703125,443.5,434
2026-02-18,CG1.MI,446.8999938964844,448.70001220703125,445.45001220703125,448.45001220703125,60
2026-02-19,CG1.MI,446.75,446.75,443.1499938964844,443.75,40
2026-02-20,CG1.MI,444.3500061035156,448.45001220703125,444.3500061035156,448.04998779296875,1263
2026-02-23,CG1.MI,445.20001220703125,446.3999938964844,443.04998779296875,443.20001220703125,430
2026-02-24,CG1.MI,442.8500061035156,443.8500061035156,441.79998779296875,443.8500061035156,119
2026-02-25,CG1.MI,444.5,446.5,443.95001220703125,446.5,10
2026-02-26,CG1.MI,445.8999938964844,448.3500061035156,445.8999938964844,448.3500061035156,78
2026-02-27,CG1.MI,450.0,450.0,447.1499938964844,448.6499938964844,102
2026-03-02,CG1.MI,437.6499938964844,441.5,435.95001220703125,436.8999938964844,1184
2026-03-03,CG1.MI,427.8999938964844,427.8999938964844,418.8500061035156,421.20001220703125,4149
2026-03-04,CG1.MI,423.79998779296875,429.45001220703125,422.3999938964844,429.45001220703125,1632
2026-03-05,CG1.MI,427.29998779296875,431.8999938964844,421.6499938964844,422.25,2511
2026-03-09,CG1.MI,407.95001220703125,415.8999938964844,407.6000061035156,415.1000061035156,22529
2026-03-10,CG1.MI,423.54998779296875,426.3999938964844,421.70001220703125,424.29998779296875,2433
2026-03-11,CG1.MI,420.20001220703125,421.95001220703125,417.54998779296875,418.29998779296875,2074
2026-03-12,CG1.MI,417.3999938964844,419.0,414.75,418.0,805
2026-03-13,CG1.MI,413.6000061035156,419.29998779296875,413.6000061035156,415.54998779296875,6686
2026-03-16,CG1.MI,415.70001220703125,419.45001220703125,414.54998779296875,417.95001220703125,319
2026-03-17,CG1.MI,418.45001220703125,420.75,418.45001220703125,420.75,791
2026-03-18,CG1.MI,418.6499938964844,418.6499938964844,416.8999938964844,416.8999938964844,2226
2026-03-19,CG1.MI,409.70001220703125,409.70001220703125,404.1499938964844,405.29998779296875,5356
2026-03-20,CG1.MI,408.8500061035156,409.0,397.1000061035156,397.1000061035156,8555
2026-03-23,CG1.MI,389.0,400.8999938964844,388.0,400.8999938964844,4681
2026-03-24,CG1.MI,401.25,401.5,397.1000061035156,401.45001220703125,383
2026-03-25,CG1.MI,408.54998779296875,408.75,405.04998779296875,407.1000061035156,3131
2026-03-26,CG1.MI,403.70001220703125,403.8999938964844,400.3999938964844,400.45001220703125,788
2026-03-27,CG1.MI,399.75,399.75,394.1499938964844,395.3500061035156,2612
2026-03-30,CG1.MI,394.75,399.5,394.29998779296875,398.95001220703125,1560
2026-03-31,CG1.MI,400.1000061035156,404.1000061035156,400.0,402.0,327
2026-04-01,CG1.MI,411.70001220703125,413.54998779296875,410.1499938964844,413.20001220703125,3715
2026-04-02,CG1.MI,406.29998779296875,410.6000061035156,402.6499938964844,409.70001220703125,2143
2026-04-07,CG1.MI,410.54998779296875,414.54998779296875,405.3500061035156,406.79998779296875,7362
2026-04-08,CG1.MI,427.0,428.0,424.95001220703125,426.8999938964844,2039
2026-04-09,CG1.MI,423.3500061035156,423.3500061035156,420.29998779296875,421.29998779296875,324
2026-04-10,CG1.MI,422.54998779296875,425.1000061035156,422.54998779296875,423.0,84
2026-04-13,CG1.MI,417.95001220703125,421.04998779296875,417.75,421.0,342
2026-04-14,CG1.MI,425.6499938964844,426.3500061035156,424.75,426.3500061035156,2258
2026-04-15,CG1.MI,426.75,427.3999938964844,426.3999938964844,426.8999938964844,790
2026-04-16,CG1.MI,427.20001220703125,429.3999938964844,427.20001220703125,428.1499938964844,369
2026-04-17,CG1.MI,428.70001220703125,439.1499938964844,428.70001220703125,438.1499938964844,2510
2026-04-20,CG1.MI,433.1499938964844,433.95001220703125,431.45001220703125,432.8999938964844,854
2026-04-21,CG1.MI,435.1499938964844,435.79998779296875,430.6000061035156,430.6000061035156,73
2026-04-22,CG1.MI,431.70001220703125,431.79998779296875,428.20001220703125,429.04998779296875,725
2026-04-23,CG1.MI,426.79998779296875,428.45001220703125,426.6000061035156,428.45001220703125,808
2026-04-24,CG1.MI,428.29998779296875,428.6000061035156,427.04998779296875,427.6000061035156,3450
2026-04-27,CG1.MI,429.1000061035156,431.20001220703125,426.79998779296875,426.79998779296875,1134
2026-04-28,CG1.MI,427.54998779296875,427.95001220703125,424.54998779296875,425.95001220703125,97
2026-04-29,CG1.MI,425.95001220703125,425.95001220703125,423.5,424.20001220703125,607
2026-04-30,CG1.MI,421.54998779296875,430.0,421.54998779296875,429.95001220703125,662
2026-05-04,CG1.MI,430.5,431.45001220703125,424.6499938964844,424.8500061035156,787
2026-05-05,CG1.MI,424.79998779296875,432.0,424.79998779296875,432.0,1597
2026-05-06,CG1.MI,436.6000061035156,444.70001220703125,436.6000061035156,441.70001220703125,1365
2026-05-07,CG1.MI,441.75,442.3500061035156,436.6499938964844,436.6499938964844,2704
2026-05-08,CG1.MI,432.54998779296875,433.20001220703125,429.75,430.5,256
2026-05-11,CG1.MI,430.1499938964844,430.75,428.6499938964844,430.75,44
2026-05-12,CG1.MI,425.8999938964844,428.1000061035156,424.04998779296875,424.04998779296875,903
2026-05-13,CG1.MI,426.79998779296875,426.79998779296875,424.8999938964844,426.29998779296875,298
2026-05-14,CG1.MI,430.95001220703125,433.0,430.29998779296875,432.3500061035156,1949
2026-05-15,CG1.MI,428.3500061035156,429.54998779296875,423.45001220703125,423.6499938964844,334
2026-05-18,CG1.MI,422.20001220703125,431.79998779296875,422.20001220703125,429.8500061035156,3563
2026-05-19,CG1.MI,432.04998779296875,436.25,432.0,432.04998779296875,125
2026-05-20,CG1.MI,430.6000061035156,438.29998779296875,430.6000061035156,437.6000061035156,1168
2026-05-21,CG1.MI,435.79998779296875,440.0,434.3500061035156,436.0,6110
2026-05-22,CG1.MI,438.3500061035156,440.75,437.20001220703125,440.75,2484
2026-05-25,CG1.MI,444.1499938964844,449.8500061035156,443.3999938964844,448.8999938964844,1773
2026-05-26,CG1.MI,447.45001220703125,447.45001220703125,445.45001220703125,445.6000061035156,3603
2026-05-27,CG1.MI,447.95001220703125,448.6000061035156,444.3500061035156,445.20001220703125,1770
2026-05-28,CG1.MI,443.8500061035156,445.0,442.20001220703125,443.6000061035156,497
2026-05-29,CG1.MI,444.20001220703125,445.04998779296875,443.04998779296875,443.8500061035156,1698
2026-06-01,CG1.MI,445.1499938964844,446.79998779296875,440.79998779296875,442.1000061035156,7111
2026-06-02,CG1.MI,446.45001220703125,446.8500061035156,443.70001220703125,443.95001220703125,189
2026-06-03,CG1.MI,440.70001220703125,441.1000061035156,438.04998779296875,438.5,729
2026-06-04,CG1.MI,439.45001220703125,441.3999938964844,439.45001220703125,440.45001220703125,169
2026-06-05,CG1.MI,439.8999938964844,441.8500061035156,437.95001220703125,437.95001220703125,183
2026-06-08,CG1.MI,432.0,436.6000061035156,432.0,435.6499938964844,225
2026-06-09,CG1.MI,435.25,438.1499938964844,431.75,431.75,117
2026-06-10,CG1.MI,432.6499938964844,432.6499938964844,425.1000061035156,428.04998779296875,298
2026-06-11,CG1.MI,427.8999938964844,429.3999938964844,426.0,427.95001220703125,6652
2026-06-12,CG1.MI,433.29998779296875,435.45001220703125,432.6499938964844,435.3500061035156,1280
2026-06-15,CG1.MI,443.29998779296875,443.29998779296875,440.29998779296875,440.29998779296875,225
2026-06-16,CG1.MI,443.3500061035156,443.3500061035156,440.45001220703125,440.45001220703125,73
2026-06-17,CG1.MI,438.70001220703125,441.0,438.70001220703125,440.75,109
2026-06-18,CG1.MI,442.25,442.54998779296875,439.6499938964844,442.54998779296875,2115
2026-06-19,CG1.MI,443.5,444.0,441.04998779296875,442.25,376
2026-06-22,CG1.MI,442.95001220703125,444.8999938964844,440.29998779296875,444.54998779296875,2117
2026-06-23,CG1.MI,439.1499938964844,441.1499938964844,437.20001220703125,440.20001220703125,740
2026-06-24,CG1.MI,435.45001220703125,437.1000061035156,434.8999938964844,437.1000061035156,3054
2026-06-25,CG1.MI,438.6499938964844,442.45001220703125,438.6499938964844,441.8500061035156,461
2026-06-26,CG1.MI,438.54998779296875,438.54998779296875,434.95001220703125,436.1000061035156,811
2026-06-29,CG1.MI,436.5,436.5,434.75,435.3500061035156,92
2026-06-30,CG1.MI,438.95001220703125,441.5,438.20001220703125,441.45001220703125,87
2026-07-01,CG1.MI,441.29998779296875,443.3999938964844,440.45001220703125,442.8999938964844,981
2026-07-02,CG1.MI,443.8500061035156,453.45001220703125,443.8500061035156,452.1000061035156,242
2026-07-03,CG1.MI,455.1000061035156,456.04998779296875,453.54998779296875,456.04998779296875,138
2026-07-06,CG1.MI,455.54998779296875,457.54998779296875,454.45001220703125,456.54998779296875,781
2026-07-07,CG1.MI,454.3500061035156,454.3500061035156,450.6000061035156,450.6000061035156,20
2026-07-08,CG1.MI,445.3999938964844,445.45001220703125,438.79998779296875,439.3999938964844,622
2026-07-09,CG1.MI,439.8999938964844,443.79998779296875,439.8999938964844,443.79998779296875,1458
2026-07-10,CG1.MI,444.6000061035156,444.6000061035156,442.8500061035156,443.29998779296875,1221
2026-07-13,CG1.MI,441.95001220703125,443.95001220703125,441.95001220703125,443.6000061035156,1045
2026-07-14,CG1.MI,441.75,444.75,440.20001220703125,444.3500061035156,360
2026-07-15,CG1.MI,440.20001220703125,442.3500061035156,438.8999938964844,442.1000061035156,398
2026-07-16,CG1.MI,442.1499938964844,442.29998779296875,436.6000061035156,440.25,572
2026-07-17,CG1.MI,436.6000061035156,438.70001220703125,436.6000061035156,438.70001220703125,252
2026-07-20,CG1.MI,440.1499938964844,440.5,437.5,439.29998779296875,56
2026-07-21,CG1.MI,441.29998779296875,441.75,441.29998779296875,441.6000061035156,29
2026-07-22,CG1.MI,442.20001220703125,445.0,442.20001220703125,444.6000061035156,373
2026-07-23,CG1.MI,440.79998779296875,441.8999938964844,436.6000061035156,436.6000061035156,221
2026-07-24,CG1.MI,438.75,443.3500061035156,438.75,443.3500061035156,328
2026-07-27,CG1.MI,450.70001220703125,450.70001220703125,449.0,449.29998779296875,547
2026-07-28,CG1.MI,451.0,451.1499938964844,447.3999938964844,450.6000061035156,329
