Date,Ticker,Open,High,Low,Close,Volume
2021-04-01,CLIMA.MI,11.446000099182129,11.446000099182129,11.425999641418457,11.425999641418457,30
2021-04-06,CLIMA.MI,11.425999641418457,11.425999641418457,11.425999641418457,11.425999641418457,0
2021-04-07,CLIMA.MI,11.425999641418457,11.425999641418457,11.425999641418457,11.425999641418457,0
2021-04-08,CLIMA.MI,11.425999641418457,11.425999641418457,11.425999641418457,11.425999641418457,0
2021-04-09,CLIMA.MI,11.425999641418457,11.425999641418457,11.425999641418457,11.425999641418457,0
2021-04-12,CLIMA.MI,11.425999641418457,11.425999641418457,11.425999641418457,11.425999641418457,0
2021-04-13,CLIMA.MI,11.57800006866455,11.57800006866455,11.564000129699707,11.564000129699707,125
2021-04-14,CLIMA.MI,11.569999694824219,11.569999694824219,11.567999839782715,11.567999839782715,430
2021-04-15,CLIMA.MI,11.567999839782715,11.567999839782715,11.567999839782715,11.567999839782715,0
2021-04-16,CLIMA.MI,11.567999839782715,11.567999839782715,11.567999839782715,11.567999839782715,0
2021-04-19,CLIMA.MI,11.567999839782715,11.567999839782715,11.567999839782715,11.567999839782715,0
2021-04-20,CLIMA.MI,11.567999839782715,11.567999839782715,11.567999839782715,11.567999839782715,0
2021-04-21,CLIMA.MI,11.567999839782715,11.567999839782715,11.567999839782715,11.567999839782715,0
2021-04-22,CLIMA.MI,11.567999839782715,11.567999839782715,11.567999839782715,11.567999839782715,0
2021-04-23,CLIMA.MI,11.567999839782715,11.567999839782715,11.567999839782715,11.567999839782715,0
2021-04-26,CLIMA.MI,11.567999839782715,11.567999839782715,11.567999839782715,11.567999839782715,0
2021-04-27,CLIMA.MI,11.567999839782715,11.567999839782715,11.567999839782715,11.567999839782715,0
2021-04-28,CLIMA.MI,11.567999839782715,11.567999839782715,11.567999839782715,11.567999839782715,0
2021-04-29,CLIMA.MI,11.567999839782715,11.567999839782715,11.567999839782715,11.567999839782715,0
2021-04-30,CLIMA.MI,11.567999839782715,11.567999839782715,11.567999839782715,11.567999839782715,0
2021-05-03,CLIMA.MI,11.567999839782715,11.567999839782715,11.567999839782715,11.567999839782715,0
2021-05-04,CLIMA.MI,11.567999839782715,11.567999839782715,11.567999839782715,11.567999839782715,0
2021-05-05,CLIMA.MI,11.567999839782715,11.567999839782715,11.567999839782715,11.567999839782715,0
2021-05-06,CLIMA.MI,11.567999839782715,11.567999839782715,11.567999839782715,11.567999839782715,0
2021-05-07,CLIMA.MI,11.567999839782715,11.567999839782715,11.567999839782715,11.567999839782715,0
2021-05-10,CLIMA.MI,11.567999839782715,11.567999839782715,11.567999839782715,11.567999839782715,0
2021-05-11,CLIMA.MI,11.567999839782715,11.567999839782715,11.567999839782715,11.567999839782715,0
2021-05-12,CLIMA.MI,11.567999839782715,11.567999839782715,11.567999839782715,11.567999839782715,0
2021-05-13,CLIMA.MI,11.567999839782715,11.567999839782715,11.567999839782715,11.567999839782715,0
2021-05-14,CLIMA.MI,11.567999839782715,11.567999839782715,11.567999839782715,11.567999839782715,0
2021-05-17,CLIMA.MI,11.567999839782715,11.567999839782715,11.567999839782715,11.567999839782715,0
2021-05-18,CLIMA.MI,11.567999839782715,11.567999839782715,11.567999839782715,11.567999839782715,0
2021-05-19,CLIMA.MI,11.567999839782715,11.567999839782715,11.567999839782715,11.567999839782715,0
2021-05-20,CLIMA.MI,11.567999839782715,11.567999839782715,11.567999839782715,11.567999839782715,0
2021-05-21,CLIMA.MI,11.567999839782715,11.567999839782715,11.567999839782715,11.567999839782715,0
2021-05-24,CLIMA.MI,11.567999839782715,11.567999839782715,11.567999839782715,11.567999839782715,0
2021-05-25,CLIMA.MI,11.567999839782715,11.567999839782715,11.567999839782715,11.567999839782715,0
2021-05-26,CLIMA.MI,11.567999839782715,11.567999839782715,11.567999839782715,11.567999839782715,0
2021-05-27,CLIMA.MI,11.732000350952148,11.732000350952148,11.652000427246094,11.652000427246094,50
2021-05-28,CLIMA.MI,11.652000427246094,11.652000427246094,11.652000427246094,11.652000427246094,0
2021-05-31,CLIMA.MI,11.652000427246094,11.652000427246094,11.652000427246094,11.652000427246094,0
2021-06-01,CLIMA.MI,11.652000427246094,11.652000427246094,11.652000427246094,11.652000427246094,0
2021-06-02,CLIMA.MI,11.616000175476074,11.685999870300293,11.616000175476074,11.685999870300293,50
2021-06-03,CLIMA.MI,11.685999870300293,11.685999870300293,11.685999870300293,11.685999870300293,0
2021-06-04,CLIMA.MI,11.685999870300293,11.685999870300293,11.685999870300293,11.685999870300293,0
2021-06-07,CLIMA.MI,11.685999870300293,11.685999870300293,11.685999870300293,11.685999870300293,0
2021-06-08,CLIMA.MI,11.685999870300293,11.685999870300293,11.685999870300293,11.685999870300293,0
2021-06-09,CLIMA.MI,11.685999870300293,11.685999870300293,11.685999870300293,11.685999870300293,0
2021-06-10,CLIMA.MI,11.685999870300293,11.685999870300293,11.685999870300293,11.685999870300293,0
2021-06-11,CLIMA.MI,11.685999870300293,11.685999870300293,11.685999870300293,11.685999870300293,0
2021-06-14,CLIMA.MI,11.685999870300293,11.685999870300293,11.685999870300293,11.685999870300293,0
2021-06-15,CLIMA.MI,11.685999870300293,11.685999870300293,11.685999870300293,11.685999870300293,0
2021-06-16,CLIMA.MI,11.685999870300293,11.685999870300293,11.685999870300293,11.685999870300293,0
2021-06-17,CLIMA.MI,11.685999870300293,11.685999870300293,11.685999870300293,11.685999870300293,0
2021-06-18,CLIMA.MI,11.685999870300293,11.685999870300293,11.685999870300293,11.685999870300293,0
2021-06-21,CLIMA.MI,11.685999870300293,11.685999870300293,11.685999870300293,11.685999870300293,0
2021-06-22,CLIMA.MI,11.685999870300293,11.685999870300293,11.685999870300293,11.685999870300293,0
2021-06-23,CLIMA.MI,11.685999870300293,11.685999870300293,11.685999870300293,11.685999870300293,0
2021-06-24,CLIMA.MI,11.685999870300293,11.685999870300293,11.685999870300293,11.685999870300293,0
2021-06-25,CLIMA.MI,11.685999870300293,11.685999870300293,11.685999870300293,11.685999870300293,0
2021-06-28,CLIMA.MI,11.685999870300293,11.685999870300293,11.685999870300293,11.685999870300293,0
2021-06-29,CLIMA.MI,11.685999870300293,11.685999870300293,11.685999870300293,11.685999870300293,0
2021-06-30,CLIMA.MI,11.685999870300293,11.685999870300293,11.685999870300293,11.685999870300293,0
2021-07-01,CLIMA.MI,11.685999870300293,11.685999870300293,11.685999870300293,11.685999870300293,0
2021-07-02,CLIMA.MI,11.685999870300293,11.685999870300293,11.685999870300293,11.685999870300293,0
2021-07-05,CLIMA.MI,12.291999816894531,12.291999816894531,12.277999877929688,12.277999877929688,10
2021-07-06,CLIMA.MI,12.277999877929688,12.277999877929688,12.277999877929688,12.277999877929688,0
2021-07-07,CLIMA.MI,12.277999877929688,12.277999877929688,12.277999877929688,12.277999877929688,0
2021-07-08,CLIMA.MI,12.277999877929688,12.277999877929688,12.277999877929688,12.277999877929688,0
2021-07-09,CLIMA.MI,12.277999877929688,12.277999877929688,12.277999877929688,12.277999877929688,0
2021-07-12,CLIMA.MI,12.277999877929688,12.277999877929688,12.277999877929688,12.277999877929688,0
2021-07-13,CLIMA.MI,12.277999877929688,12.277999877929688,12.277999877929688,12.277999877929688,0
2021-07-14,CLIMA.MI,12.277999877929688,12.277999877929688,12.277999877929688,12.277999877929688,0
2021-07-15,CLIMA.MI,12.39799976348877,12.39799976348877,12.307999610900879,12.307999610900879,806
2021-07-16,CLIMA.MI,12.307999610900879,12.307999610900879,12.307999610900879,12.307999610900879,0
2021-07-19,CLIMA.MI,12.307999610900879,12.307999610900879,12.307999610900879,12.307999610900879,0
2021-07-20,CLIMA.MI,12.307999610900879,12.307999610900879,12.307999610900879,12.307999610900879,0
2021-07-21,CLIMA.MI,12.307999610900879,12.307999610900879,12.307999610900879,12.307999610900879,0
2021-07-22,CLIMA.MI,12.307999610900879,12.307999610900879,12.307999610900879,12.307999610900879,0
2021-07-23,CLIMA.MI,12.307999610900879,12.307999610900879,12.307999610900879,12.307999610900879,0
2021-07-26,CLIMA.MI,12.307999610900879,12.307999610900879,12.307999610900879,12.307999610900879,0
2021-07-27,CLIMA.MI,12.307999610900879,12.307999610900879,12.307999610900879,12.307999610900879,0
2021-07-28,CLIMA.MI,12.307999610900879,12.307999610900879,12.307999610900879,12.307999610900879,0
2021-07-29,CLIMA.MI,12.307999610900879,12.307999610900879,12.307999610900879,12.307999610900879,0
2021-07-30,CLIMA.MI,12.307999610900879,12.307999610900879,12.307999610900879,12.307999610900879,0
2021-08-02,CLIMA.MI,12.307999610900879,12.307999610900879,12.307999610900879,12.307999610900879,0
2021-08-03,CLIMA.MI,12.307999610900879,12.307999610900879,12.307999610900879,12.307999610900879,0
2021-08-04,CLIMA.MI,12.307999610900879,12.307999610900879,12.307999610900879,12.307999610900879,0
2021-08-05,CLIMA.MI,12.307999610900879,12.307999610900879,12.307999610900879,12.307999610900879,0
2021-08-06,CLIMA.MI,12.307999610900879,12.307999610900879,12.307999610900879,12.307999610900879,0
2021-08-09,CLIMA.MI,12.307999610900879,12.307999610900879,12.307999610900879,12.307999610900879,0
2021-08-10,CLIMA.MI,12.307999610900879,12.307999610900879,12.307999610900879,12.307999610900879,0
2021-08-11,CLIMA.MI,12.307999610900879,12.307999610900879,12.307999610900879,12.307999610900879,0
2021-08-12,CLIMA.MI,12.307999610900879,12.307999610900879,12.307999610900879,12.307999610900879,0
2021-08-13,CLIMA.MI,12.307999610900879,12.307999610900879,12.307999610900879,12.307999610900879,0
2021-08-16,CLIMA.MI,12.307999610900879,12.307999610900879,12.307999610900879,12.307999610900879,0
2021-08-17,CLIMA.MI,12.307999610900879,12.307999610900879,12.307999610900879,12.307999610900879,0
2021-08-18,CLIMA.MI,12.307999610900879,12.307999610900879,12.307999610900879,12.307999610900879,0
2021-08-19,CLIMA.MI,12.307999610900879,12.307999610900879,12.307999610900879,12.307999610900879,0
2021-08-20,CLIMA.MI,12.307999610900879,12.307999610900879,12.307999610900879,12.307999610900879,0
2021-08-23,CLIMA.MI,12.307999610900879,12.307999610900879,12.307999610900879,12.307999610900879,0
2021-08-24,CLIMA.MI,12.307999610900879,12.307999610900879,12.307999610900879,12.307999610900879,0
2021-08-25,CLIMA.MI,12.307999610900879,12.307999610900879,12.307999610900879,12.307999610900879,0
2021-08-26,CLIMA.MI,12.307999610900879,12.307999610900879,12.307999610900879,12.307999610900879,0
2021-08-27,CLIMA.MI,12.307999610900879,12.307999610900879,12.307999610900879,12.307999610900879,0
2021-08-30,CLIMA.MI,12.307999610900879,12.307999610900879,12.307999610900879,12.307999610900879,0
2021-08-31,CLIMA.MI,12.307999610900879,12.307999610900879,12.307999610900879,12.307999610900879,0
2021-09-01,CLIMA.MI,12.307999610900879,12.307999610900879,12.307999610900879,12.307999610900879,0
2021-09-02,CLIMA.MI,12.307999610900879,12.307999610900879,12.307999610900879,12.307999610900879,0
2021-09-03,CLIMA.MI,12.307999610900879,12.307999610900879,12.307999610900879,12.307999610900879,0
2021-09-06,CLIMA.MI,12.307999610900879,12.307999610900879,12.307999610900879,12.307999610900879,0
2021-09-07,CLIMA.MI,12.307999610900879,12.307999610900879,12.307999610900879,12.307999610900879,0
2021-09-08,CLIMA.MI,12.307999610900879,12.307999610900879,12.307999610900879,12.307999610900879,0
2021-09-09,CLIMA.MI,12.307999610900879,12.307999610900879,12.307999610900879,12.307999610900879,0
2021-09-10,CLIMA.MI,12.307999610900879,12.307999610900879,12.307999610900879,12.307999610900879,0
2021-09-13,CLIMA.MI,12.307999610900879,12.307999610900879,12.307999610900879,12.307999610900879,0
2021-09-14,CLIMA.MI,12.307999610900879,12.307999610900879,12.307999610900879,12.307999610900879,0
2021-09-15,CLIMA.MI,12.307999610900879,12.307999610900879,12.307999610900879,12.307999610900879,0
2021-09-16,CLIMA.MI,12.687999725341797,12.687999725341797,12.649999618530273,12.649999618530273,100
2021-09-17,CLIMA.MI,12.649999618530273,12.649999618530273,12.649999618530273,12.649999618530273,0
2021-09-20,CLIMA.MI,12.649999618530273,12.649999618530273,12.649999618530273,12.649999618530273,0
2021-09-21,CLIMA.MI,12.649999618530273,12.649999618530273,12.649999618530273,12.649999618530273,0
2021-09-22,CLIMA.MI,12.649999618530273,12.649999618530273,12.649999618530273,12.649999618530273,0
2021-09-23,CLIMA.MI,12.649999618530273,12.649999618530273,12.649999618530273,12.649999618530273,0
2021-09-24,CLIMA.MI,12.67199993133545,12.67199993133545,12.631999969482422,12.631999969482422,550
2021-09-27,CLIMA.MI,12.631999969482422,12.631999969482422,12.631999969482422,12.631999969482422,0
2021-09-28,CLIMA.MI,12.631999969482422,12.631999969482422,12.631999969482422,12.631999969482422,0
2021-09-29,CLIMA.MI,12.631999969482422,12.631999969482422,12.631999969482422,12.631999969482422,0
2021-09-30,CLIMA.MI,12.631999969482422,12.631999969482422,12.631999969482422,12.631999969482422,0
2021-10-01,CLIMA.MI,12.631999969482422,12.631999969482422,12.631999969482422,12.631999969482422,0
2021-10-04,CLIMA.MI,12.631999969482422,12.631999969482422,12.631999969482422,12.631999969482422,0
2021-10-05,CLIMA.MI,12.631999969482422,12.631999969482422,12.631999969482422,12.631999969482422,0
2021-10-06,CLIMA.MI,12.631999969482422,12.631999969482422,12.631999969482422,12.631999969482422,0
2021-10-07,CLIMA.MI,12.574000358581543,12.621999740600586,12.574000358581543,12.621999740600586,45
2021-10-08,CLIMA.MI,12.621999740600586,12.621999740600586,12.621999740600586,12.621999740600586,0
2021-10-11,CLIMA.MI,12.621999740600586,12.621999740600586,12.621999740600586,12.621999740600586,0
2021-10-12,CLIMA.MI,12.621999740600586,12.621999740600586,12.621999740600586,12.621999740600586,0
2021-10-13,CLIMA.MI,12.621999740600586,12.621999740600586,12.621999740600586,12.621999740600586,0
2021-10-14,CLIMA.MI,12.621999740600586,12.621999740600586,12.621999740600586,12.621999740600586,0
2021-10-15,CLIMA.MI,12.621999740600586,12.621999740600586,12.621999740600586,12.621999740600586,0
2021-10-18,CLIMA.MI,12.621999740600586,12.621999740600586,12.621999740600586,12.621999740600586,0
2021-10-19,CLIMA.MI,12.621999740600586,12.621999740600586,12.621999740600586,12.621999740600586,0
2021-10-20,CLIMA.MI,12.621999740600586,12.621999740600586,12.621999740600586,12.621999740600586,0
2021-10-21,CLIMA.MI,12.621999740600586,12.621999740600586,12.621999740600586,12.621999740600586,0
2021-10-22,CLIMA.MI,12.621999740600586,12.621999740600586,12.621999740600586,12.621999740600586,0
2021-10-25,CLIMA.MI,12.621999740600586,12.621999740600586,12.621999740600586,12.621999740600586,0
2021-10-26,CLIMA.MI,12.621999740600586,12.621999740600586,12.621999740600586,12.621999740600586,0
2021-10-27,CLIMA.MI,12.621999740600586,12.621999740600586,12.621999740600586,12.621999740600586,0
2021-10-28,CLIMA.MI,12.621999740600586,12.621999740600586,12.621999740600586,12.621999740600586,0
2021-10-29,CLIMA.MI,12.621999740600586,12.621999740600586,12.621999740600586,12.621999740600586,0
2021-11-01,CLIMA.MI,12.621999740600586,12.621999740600586,12.621999740600586,12.621999740600586,0
2021-11-02,CLIMA.MI,12.621999740600586,12.621999740600586,12.621999740600586,12.621999740600586,0
2021-11-03,CLIMA.MI,12.621999740600586,12.621999740600586,12.621999740600586,12.621999740600586,0
2021-11-04,CLIMA.MI,12.621999740600586,12.621999740600586,12.621999740600586,12.621999740600586,0
2021-11-05,CLIMA.MI,12.621999740600586,12.621999740600586,12.621999740600586,12.621999740600586,0
2021-11-08,CLIMA.MI,12.621999740600586,12.621999740600586,12.621999740600586,12.621999740600586,0
2021-11-09,CLIMA.MI,12.621999740600586,12.621999740600586,12.621999740600586,12.621999740600586,0
2021-11-10,CLIMA.MI,12.621999740600586,12.621999740600586,12.621999740600586,12.621999740600586,0
2021-11-11,CLIMA.MI,12.621999740600586,12.621999740600586,12.621999740600586,12.621999740600586,0
2021-11-12,CLIMA.MI,12.621999740600586,12.621999740600586,12.621999740600586,12.621999740600586,0
2021-11-15,CLIMA.MI,12.621999740600586,12.621999740600586,12.621999740600586,12.621999740600586,0
2021-11-16,CLIMA.MI,12.621999740600586,12.621999740600586,12.621999740600586,12.621999740600586,0
2021-11-17,CLIMA.MI,12.621999740600586,12.621999740600586,12.621999740600586,12.621999740600586,0
2021-11-18,CLIMA.MI,12.621999740600586,12.621999740600586,12.621999740600586,12.621999740600586,0
2021-11-19,CLIMA.MI,12.621999740600586,12.621999740600586,12.621999740600586,12.621999740600586,0
2021-11-22,CLIMA.MI,12.621999740600586,12.621999740600586,12.621999740600586,12.621999740600586,0
2021-11-23,CLIMA.MI,12.621999740600586,12.621999740600586,12.621999740600586,12.621999740600586,0
2021-11-24,CLIMA.MI,12.621999740600586,12.621999740600586,12.621999740600586,12.621999740600586,0
2021-11-25,CLIMA.MI,12.621999740600586,12.621999740600586,12.621999740600586,12.621999740600586,0
2021-11-26,CLIMA.MI,12.621999740600586,12.621999740600586,12.621999740600586,12.621999740600586,0
2021-11-29,CLIMA.MI,12.621999740600586,12.621999740600586,12.621999740600586,12.621999740600586,0
2021-11-30,CLIMA.MI,12.621999740600586,12.621999740600586,12.621999740600586,12.621999740600586,0
2021-12-01,CLIMA.MI,12.621999740600586,12.621999740600586,12.621999740600586,12.621999740600586,0
2021-12-02,CLIMA.MI,12.621999740600586,12.621999740600586,12.621999740600586,12.621999740600586,0
2021-12-03,CLIMA.MI,12.621999740600586,12.621999740600586,12.621999740600586,12.621999740600586,0
2021-12-06,CLIMA.MI,12.621999740600586,12.621999740600586,12.621999740600586,12.621999740600586,0
2021-12-07,CLIMA.MI,12.621999740600586,12.621999740600586,12.621999740600586,12.621999740600586,0
2021-12-08,CLIMA.MI,12.621999740600586,12.621999740600586,12.621999740600586,12.621999740600586,0
2021-12-09,CLIMA.MI,12.621999740600586,12.621999740600586,12.621999740600586,12.621999740600586,0
2021-12-10,CLIMA.MI,12.621999740600586,12.621999740600586,12.621999740600586,12.621999740600586,0
2021-12-13,CLIMA.MI,12.621999740600586,12.621999740600586,12.621999740600586,12.621999740600586,0
2021-12-14,CLIMA.MI,12.621999740600586,12.621999740600586,12.621999740600586,12.621999740600586,0
2021-12-15,CLIMA.MI,12.621999740600586,12.621999740600586,12.621999740600586,12.621999740600586,0
2021-12-16,CLIMA.MI,12.621999740600586,12.621999740600586,12.621999740600586,12.621999740600586,0
2021-12-17,CLIMA.MI,12.621999740600586,12.621999740600586,12.621999740600586,12.621999740600586,0
2021-12-20,CLIMA.MI,12.621999740600586,12.621999740600586,12.621999740600586,12.621999740600586,0
2021-12-21,CLIMA.MI,12.621999740600586,12.621999740600586,12.621999740600586,12.621999740600586,0
2021-12-22,CLIMA.MI,12.621999740600586,12.621999740600586,12.621999740600586,12.621999740600586,0
2021-12-23,CLIMA.MI,12.621999740600586,12.621999740600586,12.621999740600586,12.621999740600586,0
2021-12-27,CLIMA.MI,12.621999740600586,12.621999740600586,12.621999740600586,12.621999740600586,0
2021-12-28,CLIMA.MI,12.621999740600586,12.621999740600586,12.621999740600586,12.621999740600586,0
2021-12-29,CLIMA.MI,12.621999740600586,12.621999740600586,12.621999740600586,12.621999740600586,0
2021-12-30,CLIMA.MI,12.621999740600586,12.621999740600586,12.621999740600586,12.621999740600586,0
2022-01-03,CLIMA.MI,12.621999740600586,12.621999740600586,12.621999740600586,12.621999740600586,0
2022-01-04,CLIMA.MI,12.621999740600586,12.621999740600586,12.621999740600586,12.621999740600586,0
2022-01-05,CLIMA.MI,12.621999740600586,12.621999740600586,12.621999740600586,12.621999740600586,0
2022-01-06,CLIMA.MI,12.621999740600586,12.621999740600586,12.621999740600586,12.621999740600586,0
2022-01-07,CLIMA.MI,12.621999740600586,12.621999740600586,12.621999740600586,12.621999740600586,0
2022-01-10,CLIMA.MI,12.621999740600586,12.621999740600586,12.621999740600586,12.621999740600586,0
2022-01-11,CLIMA.MI,12.621999740600586,12.621999740600586,12.621999740600586,12.621999740600586,0
2022-01-12,CLIMA.MI,12.621999740600586,12.621999740600586,12.621999740600586,12.621999740600586,0
2022-01-13,CLIMA.MI,12.621999740600586,12.621999740600586,12.621999740600586,12.621999740600586,0
2022-01-14,CLIMA.MI,12.621999740600586,12.621999740600586,12.621999740600586,12.621999740600586,0
2022-01-17,CLIMA.MI,12.621999740600586,12.621999740600586,12.621999740600586,12.621999740600586,0
2022-01-18,CLIMA.MI,12.621999740600586,12.621999740600586,12.621999740600586,12.621999740600586,0
2022-01-19,CLIMA.MI,12.621999740600586,12.621999740600586,12.621999740600586,12.621999740600586,0
2022-01-20,CLIMA.MI,12.621999740600586,12.621999740600586,12.621999740600586,12.621999740600586,0
2022-01-21,CLIMA.MI,12.621999740600586,12.621999740600586,12.621999740600586,12.621999740600586,0
2022-01-24,CLIMA.MI,12.621999740600586,12.621999740600586,12.621999740600586,12.621999740600586,0
2022-01-25,CLIMA.MI,12.654000282287598,12.654000282287598,12.649999618530273,12.649999618530273,30
2022-01-26,CLIMA.MI,12.649999618530273,12.649999618530273,12.649999618530273,12.649999618530273,0
2022-01-27,CLIMA.MI,12.649999618530273,12.649999618530273,12.649999618530273,12.649999618530273,0
2022-01-28,CLIMA.MI,12.649999618530273,12.649999618530273,12.649999618530273,12.649999618530273,0
2022-01-31,CLIMA.MI,12.649999618530273,12.649999618530273,12.649999618530273,12.649999618530273,0
2022-02-01,CLIMA.MI,12.649999618530273,12.649999618530273,12.649999618530273,12.649999618530273,0
2022-02-02,CLIMA.MI,12.649999618530273,12.649999618530273,12.649999618530273,12.649999618530273,0
2022-02-03,CLIMA.MI,12.649999618530273,12.649999618530273,12.649999618530273,12.649999618530273,0
2022-02-04,CLIMA.MI,12.649999618530273,12.649999618530273,12.649999618530273,12.649999618530273,0
2022-02-07,CLIMA.MI,12.649999618530273,12.649999618530273,12.649999618530273,12.649999618530273,0
2022-02-08,CLIMA.MI,12.649999618530273,12.649999618530273,12.649999618530273,12.649999618530273,0
2022-02-09,CLIMA.MI,12.649999618530273,12.649999618530273,12.649999618530273,12.649999618530273,0
2022-02-10,CLIMA.MI,12.649999618530273,12.649999618530273,12.649999618530273,12.649999618530273,0
2022-02-11,CLIMA.MI,12.649999618530273,12.649999618530273,12.649999618530273,12.649999618530273,0
2022-02-14,CLIMA.MI,12.649999618530273,12.649999618530273,12.649999618530273,12.649999618530273,0
2022-02-15,CLIMA.MI,12.649999618530273,12.649999618530273,12.649999618530273,12.649999618530273,0
2022-02-16,CLIMA.MI,12.649999618530273,12.649999618530273,12.649999618530273,12.649999618530273,0
2022-02-17,CLIMA.MI,12.649999618530273,12.649999618530273,12.649999618530273,12.649999618530273,0
2022-02-18,CLIMA.MI,12.649999618530273,12.649999618530273,12.649999618530273,12.649999618530273,0
2022-02-21,CLIMA.MI,12.649999618530273,12.649999618530273,12.649999618530273,12.649999618530273,0
2022-02-22,CLIMA.MI,12.649999618530273,12.649999618530273,12.649999618530273,12.649999618530273,0
2022-02-23,CLIMA.MI,12.649999618530273,12.649999618530273,12.649999618530273,12.649999618530273,0
2022-02-24,CLIMA.MI,12.649999618530273,12.649999618530273,12.649999618530273,12.649999618530273,0
2022-02-25,CLIMA.MI,12.395999908447266,12.682000160217285,12.395999908447266,12.682000160217285,10
2022-02-28,CLIMA.MI,12.682000160217285,12.682000160217285,12.682000160217285,12.682000160217285,0
2022-03-01,CLIMA.MI,12.682000160217285,12.682000160217285,12.682000160217285,12.682000160217285,0
2022-03-02,CLIMA.MI,12.682000160217285,12.682000160217285,12.682000160217285,12.682000160217285,0
2022-03-03,CLIMA.MI,12.682000160217285,12.682000160217285,12.682000160217285,12.682000160217285,0
2022-03-04,CLIMA.MI,12.682000160217285,12.682000160217285,12.682000160217285,12.682000160217285,0
2022-03-07,CLIMA.MI,12.682000160217285,12.682000160217285,12.682000160217285,12.682000160217285,0
2022-03-08,CLIMA.MI,12.682000160217285,12.682000160217285,12.682000160217285,12.682000160217285,0
2022-03-09,CLIMA.MI,12.682000160217285,12.682000160217285,12.682000160217285,12.682000160217285,0
2022-03-10,CLIMA.MI,12.682000160217285,12.682000160217285,12.682000160217285,12.682000160217285,0
2022-03-11,CLIMA.MI,12.682000160217285,12.682000160217285,12.682000160217285,12.682000160217285,0
2022-03-14,CLIMA.MI,12.682000160217285,12.682000160217285,12.682000160217285,12.682000160217285,0
2022-03-15,CLIMA.MI,12.682000160217285,12.682000160217285,12.682000160217285,12.682000160217285,0
2022-03-16,CLIMA.MI,12.682000160217285,12.682000160217285,12.682000160217285,12.682000160217285,0
2022-03-17,CLIMA.MI,12.682000160217285,12.682000160217285,12.682000160217285,12.682000160217285,0
2022-03-18,CLIMA.MI,12.682000160217285,12.682000160217285,12.682000160217285,12.682000160217285,0
2022-03-21,CLIMA.MI,12.682000160217285,12.682000160217285,12.682000160217285,12.682000160217285,0
2022-03-22,CLIMA.MI,12.682000160217285,12.682000160217285,12.682000160217285,12.682000160217285,0
2022-03-23,CLIMA.MI,12.682000160217285,12.682000160217285,12.682000160217285,12.682000160217285,0
2022-03-24,CLIMA.MI,12.682000160217285,12.682000160217285,12.682000160217285,12.682000160217285,0
2022-03-25,CLIMA.MI,12.682000160217285,12.682000160217285,12.682000160217285,12.682000160217285,0
2022-03-28,CLIMA.MI,12.682000160217285,12.682000160217285,12.682000160217285,12.682000160217285,0
2022-03-29,CLIMA.MI,12.682000160217285,12.682000160217285,12.682000160217285,12.682000160217285,0
2022-03-30,CLIMA.MI,12.682000160217285,12.682000160217285,12.682000160217285,12.682000160217285,0
2022-03-31,CLIMA.MI,12.682000160217285,12.682000160217285,12.682000160217285,12.682000160217285,0
2022-04-01,CLIMA.MI,12.682000160217285,12.682000160217285,12.682000160217285,12.682000160217285,0
2022-04-04,CLIMA.MI,12.682000160217285,12.682000160217285,12.682000160217285,12.682000160217285,0
2022-04-05,CLIMA.MI,12.682000160217285,12.682000160217285,12.682000160217285,12.682000160217285,0
2022-04-06,CLIMA.MI,12.682000160217285,12.682000160217285,12.682000160217285,12.682000160217285,0
2022-04-07,CLIMA.MI,12.682000160217285,12.682000160217285,12.682000160217285,12.682000160217285,0
2022-04-08,CLIMA.MI,12.682000160217285,12.682000160217285,12.682000160217285,12.682000160217285,0
2022-04-11,CLIMA.MI,12.682000160217285,12.682000160217285,12.682000160217285,12.682000160217285,0
2022-04-12,CLIMA.MI,12.682000160217285,12.682000160217285,12.682000160217285,12.682000160217285,0
2022-04-13,CLIMA.MI,12.682000160217285,12.682000160217285,12.682000160217285,12.682000160217285,0
2022-04-14,CLIMA.MI,12.682000160217285,12.682000160217285,12.682000160217285,12.682000160217285,0
2022-04-19,CLIMA.MI,12.682000160217285,12.682000160217285,12.682000160217285,12.682000160217285,0
2022-04-20,CLIMA.MI,12.682000160217285,12.682000160217285,12.682000160217285,12.682000160217285,0
2022-04-21,CLIMA.MI,12.682000160217285,12.682000160217285,12.682000160217285,12.682000160217285,0
2022-04-22,CLIMA.MI,12.682000160217285,12.682000160217285,12.682000160217285,12.682000160217285,0
2022-04-25,CLIMA.MI,12.682000160217285,12.682000160217285,12.682000160217285,12.682000160217285,0
2022-04-26,CLIMA.MI,12.682000160217285,12.682000160217285,12.682000160217285,12.682000160217285,0
2022-04-27,CLIMA.MI,12.682000160217285,12.682000160217285,12.682000160217285,12.682000160217285,0
2022-04-28,CLIMA.MI,12.682000160217285,12.682000160217285,12.682000160217285,12.682000160217285,0
2022-04-29,CLIMA.MI,12.682000160217285,12.682000160217285,12.682000160217285,12.682000160217285,0
2022-05-02,CLIMA.MI,12.682000160217285,12.682000160217285,12.682000160217285,12.682000160217285,0
2022-05-03,CLIMA.MI,12.682000160217285,12.682000160217285,12.682000160217285,12.682000160217285,0
2022-05-04,CLIMA.MI,12.682000160217285,12.682000160217285,12.682000160217285,12.682000160217285,0
2022-05-05,CLIMA.MI,12.682000160217285,12.682000160217285,12.682000160217285,12.682000160217285,0
2022-05-06,CLIMA.MI,12.682000160217285,12.682000160217285,12.682000160217285,12.682000160217285,0
2022-05-09,CLIMA.MI,12.682000160217285,12.682000160217285,12.682000160217285,12.682000160217285,0
2022-05-10,CLIMA.MI,12.682000160217285,12.682000160217285,12.682000160217285,12.682000160217285,0
2022-05-11,CLIMA.MI,12.682000160217285,12.682000160217285,12.682000160217285,12.682000160217285,0
2022-05-12,CLIMA.MI,12.682000160217285,12.682000160217285,12.682000160217285,12.682000160217285,0
2022-05-13,CLIMA.MI,12.682000160217285,12.682000160217285,12.682000160217285,12.682000160217285,0
2022-05-16,CLIMA.MI,12.682000160217285,12.682000160217285,12.682000160217285,12.682000160217285,0
2022-05-17,CLIMA.MI,12.682000160217285,12.682000160217285,12.682000160217285,12.682000160217285,0
2022-05-18,CLIMA.MI,12.682000160217285,12.682000160217285,12.682000160217285,12.682000160217285,0
2022-05-19,CLIMA.MI,12.682000160217285,12.682000160217285,12.682000160217285,12.682000160217285,0
2022-05-20,CLIMA.MI,12.682000160217285,12.682000160217285,12.682000160217285,12.682000160217285,0
2022-05-23,CLIMA.MI,12.682000160217285,12.682000160217285,12.682000160217285,12.682000160217285,0
2022-05-24,CLIMA.MI,12.682000160217285,12.682000160217285,12.682000160217285,12.682000160217285,0
2022-05-25,CLIMA.MI,12.682000160217285,12.682000160217285,12.682000160217285,12.682000160217285,0
2022-05-26,CLIMA.MI,12.682000160217285,12.682000160217285,12.682000160217285,12.682000160217285,0
2022-05-27,CLIMA.MI,12.682000160217285,12.682000160217285,12.682000160217285,12.682000160217285,0
2022-05-30,CLIMA.MI,12.682000160217285,12.682000160217285,12.682000160217285,12.682000160217285,0
2022-05-31,CLIMA.MI,12.682000160217285,12.682000160217285,12.682000160217285,12.682000160217285,0
2022-06-01,CLIMA.MI,12.682000160217285,12.682000160217285,12.682000160217285,12.682000160217285,0
2022-06-02,CLIMA.MI,12.682000160217285,12.682000160217285,12.682000160217285,12.682000160217285,0
2022-06-03,CLIMA.MI,12.682000160217285,12.682000160217285,12.682000160217285,12.682000160217285,0
2022-06-06,CLIMA.MI,12.682000160217285,12.682000160217285,12.682000160217285,12.682000160217285,0
2022-06-07,CLIMA.MI,12.682000160217285,12.682000160217285,12.682000160217285,12.682000160217285,0
2022-06-08,CLIMA.MI,12.682000160217285,12.682000160217285,12.682000160217285,12.682000160217285,0
2022-06-09,CLIMA.MI,12.682000160217285,12.682000160217285,12.682000160217285,12.682000160217285,0
2022-06-10,CLIMA.MI,12.682000160217285,12.682000160217285,12.682000160217285,12.682000160217285,0
2022-06-13,CLIMA.MI,12.682000160217285,12.682000160217285,12.682000160217285,12.682000160217285,0
2022-06-14,CLIMA.MI,12.682000160217285,12.682000160217285,12.682000160217285,12.682000160217285,0
2022-06-15,CLIMA.MI,12.682000160217285,12.682000160217285,12.682000160217285,12.682000160217285,0
2022-06-16,CLIMA.MI,12.682000160217285,12.682000160217285,12.682000160217285,12.682000160217285,0
2022-06-17,CLIMA.MI,12.682000160217285,12.682000160217285,12.682000160217285,12.682000160217285,0
2022-06-20,CLIMA.MI,12.682000160217285,12.682000160217285,12.682000160217285,12.682000160217285,0
2022-06-21,CLIMA.MI,12.682000160217285,12.682000160217285,12.682000160217285,12.682000160217285,0
2022-06-22,CLIMA.MI,12.682000160217285,12.682000160217285,12.682000160217285,12.682000160217285,0
2022-06-23,CLIMA.MI,12.682000160217285,12.682000160217285,12.682000160217285,12.682000160217285,0
2022-06-24,CLIMA.MI,12.682000160217285,12.682000160217285,12.682000160217285,12.682000160217285,0
2022-06-27,CLIMA.MI,12.682000160217285,12.682000160217285,12.682000160217285,12.682000160217285,0
2022-06-28,CLIMA.MI,12.682000160217285,12.682000160217285,12.682000160217285,12.682000160217285,0
2022-06-29,CLIMA.MI,12.682000160217285,12.682000160217285,12.682000160217285,12.682000160217285,0
2022-06-30,CLIMA.MI,12.682000160217285,12.682000160217285,12.682000160217285,12.682000160217285,0
2022-07-01,CLIMA.MI,12.682000160217285,12.682000160217285,12.682000160217285,12.682000160217285,0
2022-07-04,CLIMA.MI,12.682000160217285,12.682000160217285,12.682000160217285,12.682000160217285,0
2022-07-05,CLIMA.MI,12.682000160217285,12.682000160217285,12.682000160217285,12.682000160217285,0
2022-07-06,CLIMA.MI,12.682000160217285,12.682000160217285,12.682000160217285,12.682000160217285,0
2022-07-07,CLIMA.MI,12.682000160217285,12.682000160217285,12.682000160217285,12.682000160217285,0
2022-07-08,CLIMA.MI,12.682000160217285,12.682000160217285,12.682000160217285,12.682000160217285,0
2022-07-11,CLIMA.MI,12.682000160217285,12.682000160217285,12.682000160217285,12.682000160217285,0
2022-07-12,CLIMA.MI,12.682000160217285,12.682000160217285,12.682000160217285,12.682000160217285,0
2022-07-13,CLIMA.MI,12.682000160217285,12.682000160217285,12.682000160217285,12.682000160217285,0
2022-07-14,CLIMA.MI,12.682000160217285,12.682000160217285,12.682000160217285,12.682000160217285,0
2022-07-15,CLIMA.MI,12.682000160217285,12.682000160217285,12.682000160217285,12.682000160217285,0
2022-07-18,CLIMA.MI,12.682000160217285,12.682000160217285,12.682000160217285,12.682000160217285,0
2022-07-19,CLIMA.MI,12.682000160217285,12.682000160217285,12.682000160217285,12.682000160217285,0
2022-07-20,CLIMA.MI,12.682000160217285,12.682000160217285,12.682000160217285,12.682000160217285,0
2022-07-21,CLIMA.MI,12.682000160217285,12.682000160217285,12.682000160217285,12.682000160217285,0
2022-07-22,CLIMA.MI,12.682000160217285,12.682000160217285,12.682000160217285,12.682000160217285,0
2022-07-25,CLIMA.MI,12.682000160217285,12.682000160217285,12.682000160217285,12.682000160217285,0
2022-07-26,CLIMA.MI,12.682000160217285,12.682000160217285,12.682000160217285,12.682000160217285,0
2022-07-27,CLIMA.MI,12.682000160217285,12.682000160217285,12.682000160217285,12.682000160217285,0
2022-07-28,CLIMA.MI,12.682000160217285,12.682000160217285,12.682000160217285,12.682000160217285,0
2022-07-29,CLIMA.MI,12.682000160217285,12.682000160217285,12.682000160217285,12.682000160217285,0
2022-08-01,CLIMA.MI,12.682000160217285,12.682000160217285,12.682000160217285,12.682000160217285,0
2022-08-02,CLIMA.MI,12.682000160217285,12.682000160217285,12.682000160217285,12.682000160217285,0
2022-08-03,CLIMA.MI,12.682000160217285,12.682000160217285,12.682000160217285,12.682000160217285,0
2022-08-04,CLIMA.MI,12.682000160217285,12.682000160217285,12.682000160217285,12.682000160217285,0
2022-08-05,CLIMA.MI,12.682000160217285,12.682000160217285,12.682000160217285,12.682000160217285,0
2022-08-08,CLIMA.MI,12.682000160217285,12.682000160217285,12.682000160217285,12.682000160217285,0
2022-08-09,CLIMA.MI,12.682000160217285,12.682000160217285,12.682000160217285,12.682000160217285,0
2022-08-10,CLIMA.MI,12.682000160217285,12.682000160217285,12.682000160217285,12.682000160217285,0
2022-08-11,CLIMA.MI,12.682000160217285,12.682000160217285,12.682000160217285,12.682000160217285,0
2022-08-12,CLIMA.MI,12.682000160217285,12.682000160217285,12.682000160217285,12.682000160217285,0
2022-08-16,CLIMA.MI,12.682000160217285,12.682000160217285,12.682000160217285,12.682000160217285,0
2022-08-17,CLIMA.MI,12.682000160217285,12.682000160217285,12.682000160217285,12.682000160217285,0
2022-08-18,CLIMA.MI,12.682000160217285,12.682000160217285,12.682000160217285,12.682000160217285,0
2022-08-19,CLIMA.MI,12.682000160217285,12.682000160217285,12.682000160217285,12.682000160217285,0
2022-08-22,CLIMA.MI,12.682000160217285,12.682000160217285,12.682000160217285,12.682000160217285,0
2022-08-23,CLIMA.MI,12.682000160217285,12.682000160217285,12.682000160217285,12.682000160217285,0
2022-08-24,CLIMA.MI,12.682000160217285,12.682000160217285,12.682000160217285,12.682000160217285,0
2022-08-25,CLIMA.MI,12.682000160217285,12.682000160217285,12.682000160217285,12.682000160217285,0
2022-08-26,CLIMA.MI,12.682000160217285,12.682000160217285,12.682000160217285,12.682000160217285,0
2022-08-29,CLIMA.MI,12.64799976348877,12.711999893188477,12.64799976348877,12.711999893188477,806
2022-08-30,CLIMA.MI,12.711999893188477,12.711999893188477,12.711999893188477,12.711999893188477,0
2022-08-31,CLIMA.MI,12.711999893188477,12.711999893188477,12.711999893188477,12.711999893188477,0
2022-09-01,CLIMA.MI,12.711999893188477,12.711999893188477,12.711999893188477,12.711999893188477,0
2022-09-02,CLIMA.MI,12.711999893188477,12.711999893188477,12.711999893188477,12.711999893188477,0
2022-09-05,CLIMA.MI,12.711999893188477,12.711999893188477,12.711999893188477,12.711999893188477,0
2022-09-06,CLIMA.MI,12.711999893188477,12.711999893188477,12.711999893188477,12.711999893188477,0
2022-09-07,CLIMA.MI,12.711999893188477,12.711999893188477,12.711999893188477,12.711999893188477,0
2022-09-08,CLIMA.MI,12.711999893188477,12.711999893188477,12.711999893188477,12.711999893188477,0
2022-09-09,CLIMA.MI,12.711999893188477,12.711999893188477,12.711999893188477,12.711999893188477,0
2022-09-12,CLIMA.MI,12.711999893188477,12.711999893188477,12.711999893188477,12.711999893188477,0
2022-09-13,CLIMA.MI,12.711999893188477,12.711999893188477,12.711999893188477,12.711999893188477,0
2022-09-14,CLIMA.MI,12.711999893188477,12.711999893188477,12.711999893188477,12.711999893188477,0
2022-09-15,CLIMA.MI,12.711999893188477,12.711999893188477,12.711999893188477,12.711999893188477,0
2022-09-16,CLIMA.MI,12.711999893188477,12.711999893188477,12.711999893188477,12.711999893188477,0
2022-09-19,CLIMA.MI,12.711999893188477,12.711999893188477,12.711999893188477,12.711999893188477,0
2022-09-20,CLIMA.MI,12.711999893188477,12.711999893188477,12.711999893188477,12.711999893188477,0
2022-09-21,CLIMA.MI,12.711999893188477,12.711999893188477,12.711999893188477,12.711999893188477,0
2022-09-22,CLIMA.MI,12.711999893188477,12.711999893188477,12.711999893188477,12.711999893188477,0
2022-09-23,CLIMA.MI,12.711999893188477,12.711999893188477,12.711999893188477,12.711999893188477,0
2022-09-26,CLIMA.MI,12.711999893188477,12.711999893188477,12.711999893188477,12.711999893188477,0
2022-09-27,CLIMA.MI,12.711999893188477,12.711999893188477,12.711999893188477,12.711999893188477,0
2022-09-28,CLIMA.MI,12.711999893188477,12.711999893188477,12.711999893188477,12.711999893188477,0
2022-09-29,CLIMA.MI,12.711999893188477,12.711999893188477,12.711999893188477,12.711999893188477,0
2022-09-30,CLIMA.MI,12.711999893188477,12.711999893188477,12.711999893188477,12.711999893188477,0
2022-10-03,CLIMA.MI,12.711999893188477,12.711999893188477,12.711999893188477,12.711999893188477,0
2022-10-04,CLIMA.MI,12.711999893188477,12.711999893188477,12.711999893188477,12.711999893188477,0
2022-10-05,CLIMA.MI,12.711999893188477,12.711999893188477,12.711999893188477,12.711999893188477,0
2022-10-06,CLIMA.MI,12.711999893188477,12.711999893188477,12.711999893188477,12.711999893188477,0
2022-10-07,CLIMA.MI,12.711999893188477,12.711999893188477,12.711999893188477,12.711999893188477,0
2022-10-10,CLIMA.MI,12.711999893188477,12.711999893188477,12.711999893188477,12.711999893188477,0
2022-10-11,CLIMA.MI,12.711999893188477,12.711999893188477,12.711999893188477,12.711999893188477,0
2022-10-12,CLIMA.MI,12.711999893188477,12.711999893188477,12.711999893188477,12.711999893188477,0
2022-10-13,CLIMA.MI,12.711999893188477,12.711999893188477,12.711999893188477,12.711999893188477,0
2022-10-14,CLIMA.MI,12.711999893188477,12.711999893188477,12.711999893188477,12.711999893188477,0
2022-10-17,CLIMA.MI,12.711999893188477,12.711999893188477,12.711999893188477,12.711999893188477,0
2022-10-18,CLIMA.MI,12.711999893188477,12.711999893188477,12.711999893188477,12.711999893188477,0
2022-10-19,CLIMA.MI,12.711999893188477,12.711999893188477,12.711999893188477,12.711999893188477,0
2022-10-20,CLIMA.MI,12.711999893188477,12.711999893188477,12.711999893188477,12.711999893188477,0
2022-10-21,CLIMA.MI,12.711999893188477,12.711999893188477,12.711999893188477,12.711999893188477,0
2022-10-24,CLIMA.MI,12.711999893188477,12.711999893188477,12.711999893188477,12.711999893188477,0
2022-10-25,CLIMA.MI,12.711999893188477,12.711999893188477,12.711999893188477,12.711999893188477,0
2022-10-26,CLIMA.MI,12.711999893188477,12.711999893188477,12.711999893188477,12.711999893188477,0
2022-10-27,CLIMA.MI,12.711999893188477,12.711999893188477,12.711999893188477,12.711999893188477,0
2022-10-28,CLIMA.MI,12.711999893188477,12.711999893188477,12.711999893188477,12.711999893188477,0
2022-10-31,CLIMA.MI,12.711999893188477,12.711999893188477,12.711999893188477,12.711999893188477,0
2022-11-01,CLIMA.MI,12.711999893188477,12.711999893188477,12.711999893188477,12.711999893188477,0
2022-11-02,CLIMA.MI,12.711999893188477,12.711999893188477,12.711999893188477,12.711999893188477,0
2022-11-03,CLIMA.MI,12.711999893188477,12.711999893188477,12.711999893188477,12.711999893188477,0
2022-11-04,CLIMA.MI,12.711999893188477,12.711999893188477,12.711999893188477,12.711999893188477,0
2022-11-07,CLIMA.MI,12.711999893188477,12.711999893188477,12.711999893188477,12.711999893188477,0
2022-11-08,CLIMA.MI,12.711999893188477,12.711999893188477,12.711999893188477,12.711999893188477,0
2022-11-09,CLIMA.MI,12.711999893188477,12.711999893188477,12.711999893188477,12.711999893188477,0
2022-11-10,CLIMA.MI,12.711999893188477,12.711999893188477,12.711999893188477,12.711999893188477,0
2022-11-11,CLIMA.MI,12.711999893188477,12.711999893188477,12.711999893188477,12.711999893188477,0
2022-11-14,CLIMA.MI,12.711999893188477,12.711999893188477,12.711999893188477,12.711999893188477,0
2022-11-15,CLIMA.MI,12.711999893188477,12.711999893188477,12.711999893188477,12.711999893188477,0
2022-11-16,CLIMA.MI,12.711999893188477,12.711999893188477,12.711999893188477,12.711999893188477,0
2022-11-17,CLIMA.MI,12.711999893188477,12.711999893188477,12.711999893188477,12.711999893188477,0
2022-11-18,CLIMA.MI,12.711999893188477,12.711999893188477,12.711999893188477,12.711999893188477,0
2022-11-21,CLIMA.MI,12.711999893188477,12.711999893188477,12.711999893188477,12.711999893188477,0
2022-11-22,CLIMA.MI,12.711999893188477,12.711999893188477,12.711999893188477,12.711999893188477,0
2022-11-23,CLIMA.MI,12.711999893188477,12.711999893188477,12.711999893188477,12.711999893188477,0
2022-11-24,CLIMA.MI,12.711999893188477,12.711999893188477,12.711999893188477,12.711999893188477,0
2022-11-25,CLIMA.MI,12.711999893188477,12.711999893188477,12.711999893188477,12.711999893188477,0
2022-11-28,CLIMA.MI,12.711999893188477,12.711999893188477,12.711999893188477,12.711999893188477,0
2022-11-29,CLIMA.MI,12.711999893188477,12.711999893188477,12.711999893188477,12.711999893188477,0
2022-11-30,CLIMA.MI,12.711999893188477,12.711999893188477,12.711999893188477,12.711999893188477,0
2022-12-01,CLIMA.MI,12.711999893188477,12.711999893188477,12.711999893188477,12.711999893188477,0
2022-12-02,CLIMA.MI,12.711999893188477,12.711999893188477,12.711999893188477,12.711999893188477,0
2022-12-05,CLIMA.MI,12.711999893188477,12.711999893188477,12.711999893188477,12.711999893188477,0
2022-12-06,CLIMA.MI,12.711999893188477,12.711999893188477,12.711999893188477,12.711999893188477,0
2022-12-07,CLIMA.MI,12.711999893188477,12.711999893188477,12.711999893188477,12.711999893188477,0
2022-12-08,CLIMA.MI,12.711999893188477,12.711999893188477,12.711999893188477,12.711999893188477,0
2022-12-09,CLIMA.MI,12.711999893188477,12.711999893188477,12.711999893188477,12.711999893188477,0
2022-12-12,CLIMA.MI,12.711999893188477,12.711999893188477,12.711999893188477,12.711999893188477,0
2022-12-13,CLIMA.MI,12.711999893188477,12.711999893188477,12.711999893188477,12.711999893188477,0
2022-12-14,CLIMA.MI,12.711999893188477,12.711999893188477,12.711999893188477,12.711999893188477,0
2022-12-15,CLIMA.MI,12.711999893188477,12.711999893188477,12.711999893188477,12.711999893188477,0
2022-12-16,CLIMA.MI,12.711999893188477,12.711999893188477,12.711999893188477,12.711999893188477,0
2022-12-19,CLIMA.MI,12.711999893188477,12.711999893188477,12.711999893188477,12.711999893188477,0
2022-12-20,CLIMA.MI,12.711999893188477,12.711999893188477,12.711999893188477,12.711999893188477,0
2022-12-21,CLIMA.MI,12.711999893188477,12.711999893188477,12.711999893188477,12.711999893188477,0
2022-12-22,CLIMA.MI,12.711999893188477,12.711999893188477,12.711999893188477,12.711999893188477,0
2022-12-23,CLIMA.MI,12.711999893188477,12.711999893188477,12.711999893188477,12.711999893188477,0
2022-12-27,CLIMA.MI,12.711999893188477,12.711999893188477,12.711999893188477,12.711999893188477,0
2022-12-28,CLIMA.MI,12.711999893188477,12.711999893188477,12.711999893188477,12.711999893188477,0
2022-12-29,CLIMA.MI,12.711999893188477,12.711999893188477,12.711999893188477,12.711999893188477,0
2022-12-30,CLIMA.MI,12.711999893188477,12.711999893188477,12.711999893188477,12.711999893188477,0
2023-01-02,CLIMA.MI,12.711999893188477,12.711999893188477,12.711999893188477,12.711999893188477,0
2023-01-03,CLIMA.MI,12.711999893188477,12.711999893188477,12.711999893188477,12.711999893188477,0
2023-01-04,CLIMA.MI,12.711999893188477,12.711999893188477,12.711999893188477,12.711999893188477,0
2023-01-05,CLIMA.MI,12.711999893188477,12.711999893188477,12.711999893188477,12.711999893188477,0
2023-01-06,CLIMA.MI,12.711999893188477,12.711999893188477,12.711999893188477,12.711999893188477,0
2023-01-09,CLIMA.MI,12.711999893188477,12.711999893188477,12.711999893188477,12.711999893188477,0
2023-01-10,CLIMA.MI,12.711999893188477,12.711999893188477,12.711999893188477,12.711999893188477,0
2023-01-11,CLIMA.MI,12.711999893188477,12.711999893188477,12.711999893188477,12.711999893188477,0
2023-01-12,CLIMA.MI,12.711999893188477,12.711999893188477,12.711999893188477,12.711999893188477,0
2023-01-13,CLIMA.MI,12.711999893188477,12.711999893188477,12.711999893188477,12.711999893188477,0
2023-01-16,CLIMA.MI,12.711999893188477,12.711999893188477,12.711999893188477,12.711999893188477,0
2023-01-17,CLIMA.MI,12.711999893188477,12.711999893188477,12.711999893188477,12.711999893188477,0
2023-01-18,CLIMA.MI,12.711999893188477,12.711999893188477,12.711999893188477,12.711999893188477,0
2023-01-19,CLIMA.MI,12.711999893188477,12.711999893188477,12.711999893188477,12.711999893188477,0
2023-01-20,CLIMA.MI,12.711999893188477,12.711999893188477,12.711999893188477,12.711999893188477,0
2023-01-23,CLIMA.MI,12.711999893188477,12.711999893188477,12.711999893188477,12.711999893188477,0
2023-01-24,CLIMA.MI,12.711999893188477,12.711999893188477,12.711999893188477,12.711999893188477,0
2023-01-25,CLIMA.MI,12.711999893188477,12.711999893188477,12.711999893188477,12.711999893188477,0
2023-01-26,CLIMA.MI,12.711999893188477,12.711999893188477,12.711999893188477,12.711999893188477,0
2023-01-27,CLIMA.MI,12.711999893188477,12.711999893188477,12.711999893188477,12.711999893188477,0
2023-01-30,CLIMA.MI,12.711999893188477,12.711999893188477,12.711999893188477,12.711999893188477,0
2023-01-31,CLIMA.MI,12.711999893188477,12.711999893188477,12.711999893188477,12.711999893188477,0
2023-02-01,CLIMA.MI,12.711999893188477,12.711999893188477,12.711999893188477,12.711999893188477,0
2023-02-02,CLIMA.MI,12.711999893188477,12.711999893188477,12.711999893188477,12.711999893188477,0
2023-02-03,CLIMA.MI,12.64799976348877,12.71399974822998,12.64799976348877,12.71399974822998,280
2023-02-06,CLIMA.MI,12.71399974822998,12.71399974822998,12.71399974822998,12.71399974822998,0
2023-02-07,CLIMA.MI,12.71399974822998,12.71399974822998,12.71399974822998,12.71399974822998,0
2023-02-08,CLIMA.MI,12.71399974822998,12.71399974822998,12.71399974822998,12.71399974822998,0
2023-02-09,CLIMA.MI,12.71399974822998,12.71399974822998,12.71399974822998,12.71399974822998,0
2023-02-10,CLIMA.MI,12.71399974822998,12.71399974822998,12.71399974822998,12.71399974822998,0
2023-02-13,CLIMA.MI,12.71399974822998,12.71399974822998,12.71399974822998,12.71399974822998,0
2023-02-14,CLIMA.MI,12.71399974822998,12.71399974822998,12.71399974822998,12.71399974822998,0
2023-02-15,CLIMA.MI,12.71399974822998,12.71399974822998,12.71399974822998,12.71399974822998,0
2023-02-16,CLIMA.MI,12.71399974822998,12.71399974822998,12.71399974822998,12.71399974822998,0
2023-02-17,CLIMA.MI,12.71399974822998,12.71399974822998,12.71399974822998,12.71399974822998,0
2023-02-20,CLIMA.MI,12.71399974822998,12.71399974822998,12.71399974822998,12.71399974822998,0
2023-02-21,CLIMA.MI,12.71399974822998,12.71399974822998,12.71399974822998,12.71399974822998,0
2023-02-22,CLIMA.MI,12.71399974822998,12.71399974822998,12.71399974822998,12.71399974822998,0
2023-02-23,CLIMA.MI,12.71399974822998,12.71399974822998,12.71399974822998,12.71399974822998,0
2023-02-24,CLIMA.MI,12.71399974822998,12.71399974822998,12.71399974822998,12.71399974822998,0
2023-02-27,CLIMA.MI,12.71399974822998,12.71399974822998,12.71399974822998,12.71399974822998,0
2023-02-28,CLIMA.MI,12.71399974822998,12.71399974822998,12.71399974822998,12.71399974822998,0
2023-03-01,CLIMA.MI,12.71399974822998,12.71399974822998,12.71399974822998,12.71399974822998,0
2023-03-02,CLIMA.MI,12.71399974822998,12.71399974822998,12.71399974822998,12.71399974822998,0
2023-03-03,CLIMA.MI,12.71399974822998,12.71399974822998,12.71399974822998,12.71399974822998,0
2023-03-06,CLIMA.MI,12.71399974822998,12.71399974822998,12.71399974822998,12.71399974822998,0
2023-03-07,CLIMA.MI,12.71399974822998,12.71399974822998,12.71399974822998,12.71399974822998,0
2023-03-08,CLIMA.MI,12.71399974822998,12.71399974822998,12.71399974822998,12.71399974822998,0
2023-03-09,CLIMA.MI,12.71399974822998,12.71399974822998,12.71399974822998,12.71399974822998,0
2023-03-10,CLIMA.MI,12.71399974822998,12.71399974822998,12.71399974822998,12.71399974822998,0
2023-03-13,CLIMA.MI,12.71399974822998,12.71399974822998,12.71399974822998,12.71399974822998,0
2023-03-14,CLIMA.MI,12.71399974822998,12.71399974822998,12.71399974822998,12.71399974822998,0
2023-03-15,CLIMA.MI,12.204000473022461,12.218000411987305,12.194000244140625,12.194000244140625,13234
2023-03-16,CLIMA.MI,12.194000244140625,12.194000244140625,12.194000244140625,12.194000244140625,0
2023-03-17,CLIMA.MI,12.194000244140625,12.194000244140625,12.194000244140625,12.194000244140625,0
2023-03-20,CLIMA.MI,12.194000244140625,12.194000244140625,12.194000244140625,12.194000244140625,0
2023-03-21,CLIMA.MI,12.194000244140625,12.194000244140625,12.194000244140625,12.194000244140625,0
2023-03-22,CLIMA.MI,12.194000244140625,12.194000244140625,12.194000244140625,12.194000244140625,0
2023-03-23,CLIMA.MI,12.319999694824219,12.319999694824219,12.305999755859375,12.305999755859375,3500
2023-03-24,CLIMA.MI,12.305999755859375,12.305999755859375,12.305999755859375,12.305999755859375,0
2023-03-27,CLIMA.MI,12.305999755859375,12.305999755859375,12.305999755859375,12.305999755859375,0
2023-03-28,CLIMA.MI,12.305999755859375,12.305999755859375,12.305999755859375,12.305999755859375,0
2023-03-29,CLIMA.MI,12.305999755859375,12.305999755859375,12.305999755859375,12.305999755859375,0
2023-03-30,CLIMA.MI,12.305999755859375,12.305999755859375,12.305999755859375,12.305999755859375,0
2023-03-31,CLIMA.MI,12.305999755859375,12.305999755859375,12.305999755859375,12.305999755859375,0
2023-04-03,CLIMA.MI,12.305999755859375,12.305999755859375,12.305999755859375,12.305999755859375,0
2023-04-04,CLIMA.MI,12.305999755859375,12.305999755859375,12.305999755859375,12.305999755859375,0
2023-04-05,CLIMA.MI,12.305999755859375,12.305999755859375,12.305999755859375,12.305999755859375,0
2023-04-06,CLIMA.MI,12.305999755859375,12.305999755859375,12.305999755859375,12.305999755859375,0
2023-04-11,CLIMA.MI,12.305999755859375,12.305999755859375,12.305999755859375,12.305999755859375,0
2023-04-12,CLIMA.MI,12.305999755859375,12.305999755859375,12.305999755859375,12.305999755859375,0
2023-04-13,CLIMA.MI,12.305999755859375,12.305999755859375,12.305999755859375,12.305999755859375,0
2023-04-14,CLIMA.MI,12.305999755859375,12.305999755859375,12.305999755859375,12.305999755859375,0
2023-04-17,CLIMA.MI,12.305999755859375,12.305999755859375,12.305999755859375,12.305999755859375,0
2023-04-18,CLIMA.MI,12.305999755859375,12.305999755859375,12.305999755859375,12.305999755859375,0
2023-04-19,CLIMA.MI,12.305999755859375,12.305999755859375,12.305999755859375,12.305999755859375,0
2023-04-20,CLIMA.MI,12.305999755859375,12.305999755859375,12.305999755859375,12.305999755859375,0
2023-04-21,CLIMA.MI,12.305999755859375,12.305999755859375,12.305999755859375,12.305999755859375,0
2023-04-24,CLIMA.MI,12.305999755859375,12.305999755859375,12.305999755859375,12.305999755859375,0
2023-04-25,CLIMA.MI,12.305999755859375,12.305999755859375,12.305999755859375,12.305999755859375,0
2023-04-26,CLIMA.MI,12.305999755859375,12.305999755859375,12.305999755859375,12.305999755859375,0
2023-04-27,CLIMA.MI,12.305999755859375,12.305999755859375,12.305999755859375,12.305999755859375,0
2023-04-28,CLIMA.MI,12.305999755859375,12.305999755859375,12.305999755859375,12.305999755859375,0
2023-05-02,CLIMA.MI,12.305999755859375,12.305999755859375,12.305999755859375,12.305999755859375,0
2023-05-03,CLIMA.MI,12.305999755859375,12.305999755859375,12.305999755859375,12.305999755859375,0
2023-05-04,CLIMA.MI,12.305999755859375,12.305999755859375,12.305999755859375,12.305999755859375,0
2023-05-05,CLIMA.MI,12.305999755859375,12.305999755859375,12.305999755859375,12.305999755859375,0
2023-05-08,CLIMA.MI,12.305999755859375,12.305999755859375,12.305999755859375,12.305999755859375,0
2023-05-09,CLIMA.MI,12.305999755859375,12.305999755859375,12.305999755859375,12.305999755859375,0
2023-05-10,CLIMA.MI,12.305999755859375,12.305999755859375,12.305999755859375,12.305999755859375,0
2023-05-11,CLIMA.MI,12.305999755859375,12.305999755859375,12.305999755859375,12.305999755859375,0
2023-05-12,CLIMA.MI,12.305999755859375,12.305999755859375,12.305999755859375,12.305999755859375,0
2023-05-15,CLIMA.MI,12.305999755859375,12.305999755859375,12.305999755859375,12.305999755859375,0
2023-05-16,CLIMA.MI,12.305999755859375,12.305999755859375,12.305999755859375,12.305999755859375,0
2023-05-17,CLIMA.MI,12.305999755859375,12.305999755859375,12.305999755859375,12.305999755859375,0
2023-05-18,CLIMA.MI,12.305999755859375,12.305999755859375,12.305999755859375,12.305999755859375,0
2023-05-19,CLIMA.MI,12.305999755859375,12.305999755859375,12.305999755859375,12.305999755859375,0
2023-05-22,CLIMA.MI,12.305999755859375,12.305999755859375,12.305999755859375,12.305999755859375,0
2023-05-23,CLIMA.MI,12.305999755859375,12.305999755859375,12.305999755859375,12.305999755859375,0
2023-05-24,CLIMA.MI,12.305999755859375,12.305999755859375,12.305999755859375,12.305999755859375,0
2023-05-25,CLIMA.MI,12.305999755859375,12.305999755859375,12.305999755859375,12.305999755859375,0
2023-05-26,CLIMA.MI,12.305999755859375,12.305999755859375,12.305999755859375,12.305999755859375,0
2023-05-29,CLIMA.MI,12.305999755859375,12.305999755859375,12.305999755859375,12.305999755859375,0
2023-05-30,CLIMA.MI,12.305999755859375,12.305999755859375,12.305999755859375,12.305999755859375,0
2023-05-31,CLIMA.MI,12.305999755859375,12.305999755859375,12.305999755859375,12.305999755859375,0
2023-06-01,CLIMA.MI,12.305999755859375,12.305999755859375,12.305999755859375,12.305999755859375,0
2023-06-02,CLIMA.MI,12.305999755859375,12.305999755859375,12.305999755859375,12.305999755859375,0
2023-06-05,CLIMA.MI,12.305999755859375,12.305999755859375,12.305999755859375,12.305999755859375,0
2023-06-06,CLIMA.MI,12.305999755859375,12.305999755859375,12.305999755859375,12.305999755859375,0
2023-06-07,CLIMA.MI,12.305999755859375,12.305999755859375,12.305999755859375,12.305999755859375,0
2023-06-08,CLIMA.MI,12.305999755859375,12.305999755859375,12.305999755859375,12.305999755859375,0
2023-06-09,CLIMA.MI,12.305999755859375,12.305999755859375,12.305999755859375,12.305999755859375,0
2023-06-12,CLIMA.MI,12.305999755859375,12.305999755859375,12.305999755859375,12.305999755859375,0
2023-06-13,CLIMA.MI,12.305999755859375,12.305999755859375,12.305999755859375,12.305999755859375,0
2023-06-14,CLIMA.MI,12.305999755859375,12.305999755859375,12.305999755859375,12.305999755859375,0
2023-06-15,CLIMA.MI,12.305999755859375,12.305999755859375,12.305999755859375,12.305999755859375,0
2023-06-16,CLIMA.MI,12.305999755859375,12.305999755859375,12.305999755859375,12.305999755859375,0
2023-06-19,CLIMA.MI,12.305999755859375,12.305999755859375,12.305999755859375,12.305999755859375,0
2023-06-20,CLIMA.MI,12.305999755859375,12.305999755859375,12.305999755859375,12.305999755859375,0
2023-06-21,CLIMA.MI,12.305999755859375,12.305999755859375,12.305999755859375,12.305999755859375,0
2023-06-22,CLIMA.MI,12.305999755859375,12.305999755859375,12.305999755859375,12.305999755859375,0
2023-06-23,CLIMA.MI,12.305999755859375,12.305999755859375,12.305999755859375,12.305999755859375,0
2023-06-26,CLIMA.MI,12.305999755859375,12.305999755859375,12.305999755859375,12.305999755859375,0
2023-06-27,CLIMA.MI,12.305999755859375,12.305999755859375,12.305999755859375,12.305999755859375,0
2023-06-28,CLIMA.MI,12.305999755859375,12.305999755859375,12.305999755859375,12.305999755859375,0
2023-06-29,CLIMA.MI,12.305999755859375,12.305999755859375,12.305999755859375,12.305999755859375,0
2023-06-30,CLIMA.MI,12.305999755859375,12.305999755859375,12.305999755859375,12.305999755859375,0
2023-07-03,CLIMA.MI,12.305999755859375,12.305999755859375,12.305999755859375,12.305999755859375,0
2023-07-04,CLIMA.MI,12.305999755859375,12.305999755859375,12.305999755859375,12.305999755859375,0
2023-07-05,CLIMA.MI,12.305999755859375,12.305999755859375,12.305999755859375,12.305999755859375,0
2023-07-06,CLIMA.MI,12.305999755859375,12.305999755859375,12.305999755859375,12.305999755859375,0
2023-07-07,CLIMA.MI,12.305999755859375,12.305999755859375,12.305999755859375,12.305999755859375,0
2023-07-10,CLIMA.MI,12.305999755859375,12.305999755859375,12.305999755859375,12.305999755859375,0
2023-07-11,CLIMA.MI,12.305999755859375,12.305999755859375,12.305999755859375,12.305999755859375,0
2023-07-12,CLIMA.MI,12.305999755859375,12.305999755859375,12.305999755859375,12.305999755859375,0
2023-07-13,CLIMA.MI,12.305999755859375,12.305999755859375,12.305999755859375,12.305999755859375,0
2023-07-14,CLIMA.MI,12.305999755859375,12.305999755859375,12.305999755859375,12.305999755859375,0
2023-07-17,CLIMA.MI,12.305999755859375,12.305999755859375,12.305999755859375,12.305999755859375,0
2023-07-18,CLIMA.MI,12.305999755859375,12.305999755859375,12.305999755859375,12.305999755859375,0
2023-07-19,CLIMA.MI,12.305999755859375,12.305999755859375,12.305999755859375,12.305999755859375,0
2023-07-20,CLIMA.MI,12.305999755859375,12.305999755859375,12.305999755859375,12.305999755859375,0
2023-07-21,CLIMA.MI,12.305999755859375,12.305999755859375,12.305999755859375,12.305999755859375,0
2023-07-24,CLIMA.MI,12.305999755859375,12.305999755859375,12.305999755859375,12.305999755859375,0
2023-07-25,CLIMA.MI,12.305999755859375,12.305999755859375,12.305999755859375,12.305999755859375,0
2023-07-26,CLIMA.MI,12.305999755859375,12.305999755859375,12.305999755859375,12.305999755859375,0
2023-07-27,CLIMA.MI,12.305999755859375,12.305999755859375,12.305999755859375,12.305999755859375,0
2023-07-28,CLIMA.MI,12.305999755859375,12.305999755859375,12.305999755859375,12.305999755859375,0
2023-07-31,CLIMA.MI,12.305999755859375,12.305999755859375,12.305999755859375,12.305999755859375,0
2023-08-01,CLIMA.MI,12.305999755859375,12.305999755859375,12.305999755859375,12.305999755859375,0
2023-08-02,CLIMA.MI,12.305999755859375,12.305999755859375,12.305999755859375,12.305999755859375,0
2023-08-03,CLIMA.MI,12.305999755859375,12.305999755859375,12.305999755859375,12.305999755859375,0
2023-08-04,CLIMA.MI,12.305999755859375,12.305999755859375,12.305999755859375,12.305999755859375,0
2023-08-07,CLIMA.MI,12.305999755859375,12.305999755859375,12.305999755859375,12.305999755859375,0
2023-08-08,CLIMA.MI,12.305999755859375,12.305999755859375,12.305999755859375,12.305999755859375,0
2023-08-09,CLIMA.MI,12.305999755859375,12.305999755859375,12.305999755859375,12.305999755859375,0
2023-08-10,CLIMA.MI,12.305999755859375,12.305999755859375,12.305999755859375,12.305999755859375,0
2023-08-11,CLIMA.MI,12.305999755859375,12.305999755859375,12.305999755859375,12.305999755859375,0
2023-08-14,CLIMA.MI,12.305999755859375,12.305999755859375,12.305999755859375,12.305999755859375,0
2023-08-16,CLIMA.MI,12.305999755859375,12.305999755859375,12.305999755859375,12.305999755859375,0
2023-08-17,CLIMA.MI,12.305999755859375,12.305999755859375,12.305999755859375,12.305999755859375,0
2023-08-18,CLIMA.MI,12.305999755859375,12.305999755859375,12.305999755859375,12.305999755859375,0
2023-08-21,CLIMA.MI,12.305999755859375,12.305999755859375,12.305999755859375,12.305999755859375,0
2023-08-22,CLIMA.MI,12.305999755859375,12.305999755859375,12.305999755859375,12.305999755859375,0
2023-08-23,CLIMA.MI,12.305999755859375,12.305999755859375,12.305999755859375,12.305999755859375,0
2023-08-24,CLIMA.MI,12.305999755859375,12.305999755859375,12.305999755859375,12.305999755859375,0
2023-08-25,CLIMA.MI,12.305999755859375,12.305999755859375,12.305999755859375,12.305999755859375,0
2023-08-28,CLIMA.MI,12.305999755859375,12.305999755859375,12.305999755859375,12.305999755859375,0
2023-08-29,CLIMA.MI,12.305999755859375,12.305999755859375,12.305999755859375,12.305999755859375,0
2023-08-30,CLIMA.MI,12.305999755859375,12.305999755859375,12.305999755859375,12.305999755859375,0
2023-08-31,CLIMA.MI,12.305999755859375,12.305999755859375,12.305999755859375,12.305999755859375,0
2023-09-01,CLIMA.MI,12.305999755859375,12.305999755859375,12.305999755859375,12.305999755859375,0
2023-09-04,CLIMA.MI,12.305999755859375,12.305999755859375,12.305999755859375,12.305999755859375,0
2023-09-05,CLIMA.MI,12.305999755859375,12.305999755859375,12.305999755859375,12.305999755859375,0
2023-09-06,CLIMA.MI,12.305999755859375,12.305999755859375,12.305999755859375,12.305999755859375,0
2023-09-07,CLIMA.MI,12.305999755859375,12.305999755859375,12.305999755859375,12.305999755859375,0
2023-09-08,CLIMA.MI,12.305999755859375,12.305999755859375,12.305999755859375,12.305999755859375,0
2023-09-11,CLIMA.MI,12.305999755859375,12.305999755859375,12.305999755859375,12.305999755859375,0
2023-09-12,CLIMA.MI,12.305999755859375,12.305999755859375,12.305999755859375,12.305999755859375,0
2023-09-13,CLIMA.MI,12.305999755859375,12.305999755859375,12.305999755859375,12.305999755859375,0
2023-09-14,CLIMA.MI,12.305999755859375,12.305999755859375,12.305999755859375,12.305999755859375,0
2023-09-15,CLIMA.MI,12.305999755859375,12.305999755859375,12.305999755859375,12.305999755859375,0
2023-09-18,CLIMA.MI,12.305999755859375,12.305999755859375,12.305999755859375,12.305999755859375,0
2023-09-19,CLIMA.MI,12.305999755859375,12.305999755859375,12.305999755859375,12.305999755859375,0
2023-09-20,CLIMA.MI,12.305999755859375,12.305999755859375,12.305999755859375,12.305999755859375,0
2023-09-21,CLIMA.MI,12.305999755859375,12.305999755859375,12.305999755859375,12.305999755859375,0
2023-09-22,CLIMA.MI,12.305999755859375,12.305999755859375,12.305999755859375,12.305999755859375,0
2023-09-25,CLIMA.MI,12.305999755859375,12.305999755859375,12.305999755859375,12.305999755859375,0
2023-09-26,CLIMA.MI,12.305999755859375,12.305999755859375,12.305999755859375,12.305999755859375,0
2023-09-27,CLIMA.MI,12.305999755859375,12.305999755859375,12.305999755859375,12.305999755859375,0
2023-09-28,CLIMA.MI,12.305999755859375,12.305999755859375,12.305999755859375,12.305999755859375,0
2023-09-29,CLIMA.MI,12.305999755859375,12.305999755859375,12.305999755859375,12.305999755859375,0
2023-10-02,CLIMA.MI,12.305999755859375,12.305999755859375,12.305999755859375,12.305999755859375,0
2023-10-03,CLIMA.MI,12.305999755859375,12.305999755859375,12.305999755859375,12.305999755859375,0
2023-10-04,CLIMA.MI,12.305999755859375,12.305999755859375,12.305999755859375,12.305999755859375,0
2023-10-05,CLIMA.MI,12.305999755859375,12.305999755859375,12.305999755859375,12.305999755859375,0
2023-10-06,CLIMA.MI,12.305999755859375,12.305999755859375,12.305999755859375,12.305999755859375,0
2023-10-09,CLIMA.MI,12.305999755859375,12.305999755859375,12.305999755859375,12.305999755859375,0
2023-10-10,CLIMA.MI,12.305999755859375,12.305999755859375,12.305999755859375,12.305999755859375,0
2023-10-11,CLIMA.MI,12.305999755859375,12.305999755859375,12.305999755859375,12.305999755859375,0
2023-10-12,CLIMA.MI,12.305999755859375,12.305999755859375,12.305999755859375,12.305999755859375,0
2023-10-13,CLIMA.MI,12.305999755859375,12.305999755859375,12.305999755859375,12.305999755859375,0
2023-10-16,CLIMA.MI,12.305999755859375,12.305999755859375,12.305999755859375,12.305999755859375,0
2023-10-17,CLIMA.MI,12.305999755859375,12.305999755859375,12.305999755859375,12.305999755859375,0
2023-10-18,CLIMA.MI,12.305999755859375,12.305999755859375,12.305999755859375,12.305999755859375,0
2023-10-19,CLIMA.MI,12.305999755859375,12.305999755859375,12.305999755859375,12.305999755859375,0
2023-10-20,CLIMA.MI,12.305999755859375,12.305999755859375,12.305999755859375,12.305999755859375,0
2023-10-23,CLIMA.MI,12.305999755859375,12.305999755859375,12.305999755859375,12.305999755859375,0
2023-10-24,CLIMA.MI,12.305999755859375,12.305999755859375,12.305999755859375,12.305999755859375,0
2023-10-25,CLIMA.MI,12.305999755859375,12.305999755859375,12.305999755859375,12.305999755859375,0
2023-10-26,CLIMA.MI,12.305999755859375,12.305999755859375,12.305999755859375,12.305999755859375,0
2023-10-27,CLIMA.MI,12.305999755859375,12.305999755859375,12.305999755859375,12.305999755859375,0
2023-10-30,CLIMA.MI,12.305999755859375,12.305999755859375,12.305999755859375,12.305999755859375,0
2023-10-31,CLIMA.MI,12.305999755859375,12.305999755859375,12.305999755859375,12.305999755859375,0
2023-11-01,CLIMA.MI,12.305999755859375,12.305999755859375,12.305999755859375,12.305999755859375,0
2023-11-02,CLIMA.MI,12.305999755859375,12.305999755859375,12.305999755859375,12.305999755859375,0
2023-11-03,CLIMA.MI,12.305999755859375,12.305999755859375,12.305999755859375,12.305999755859375,0
2023-11-06,CLIMA.MI,12.305999755859375,12.305999755859375,12.305999755859375,12.305999755859375,0
2023-11-07,CLIMA.MI,12.305999755859375,12.305999755859375,12.305999755859375,12.305999755859375,0
2023-11-08,CLIMA.MI,12.305999755859375,12.305999755859375,12.305999755859375,12.305999755859375,0
2023-11-09,CLIMA.MI,12.305999755859375,12.305999755859375,12.305999755859375,12.305999755859375,0
2023-11-10,CLIMA.MI,12.305999755859375,12.305999755859375,12.305999755859375,12.305999755859375,0
2023-11-13,CLIMA.MI,12.305999755859375,12.305999755859375,12.305999755859375,12.305999755859375,0
2023-11-14,CLIMA.MI,12.305999755859375,12.305999755859375,12.305999755859375,12.305999755859375,0
2023-11-15,CLIMA.MI,12.305999755859375,12.305999755859375,12.305999755859375,12.305999755859375,0
2023-11-16,CLIMA.MI,12.305999755859375,12.305999755859375,12.305999755859375,12.305999755859375,0
2023-11-17,CLIMA.MI,12.305999755859375,12.305999755859375,12.305999755859375,12.305999755859375,0
2023-11-20,CLIMA.MI,12.305999755859375,12.305999755859375,12.305999755859375,12.305999755859375,0
2023-11-21,CLIMA.MI,12.305999755859375,12.305999755859375,12.305999755859375,12.305999755859375,0
2023-11-22,CLIMA.MI,12.305999755859375,12.305999755859375,12.305999755859375,12.305999755859375,0
2023-11-23,CLIMA.MI,12.305999755859375,12.305999755859375,12.305999755859375,12.305999755859375,0
2023-11-24,CLIMA.MI,12.305999755859375,12.305999755859375,12.305999755859375,12.305999755859375,0
2023-11-27,CLIMA.MI,12.305999755859375,12.305999755859375,12.305999755859375,12.305999755859375,0
2023-11-28,CLIMA.MI,12.305999755859375,12.305999755859375,12.305999755859375,12.305999755859375,0
2023-11-29,CLIMA.MI,12.305999755859375,12.305999755859375,12.305999755859375,12.305999755859375,0
2023-11-30,CLIMA.MI,12.305999755859375,12.305999755859375,12.305999755859375,12.305999755859375,0
2023-12-01,CLIMA.MI,12.305999755859375,12.305999755859375,12.305999755859375,12.305999755859375,0
2023-12-04,CLIMA.MI,12.305999755859375,12.305999755859375,12.305999755859375,12.305999755859375,0
2023-12-05,CLIMA.MI,12.305999755859375,12.305999755859375,12.305999755859375,12.305999755859375,0
2023-12-06,CLIMA.MI,12.305999755859375,12.305999755859375,12.305999755859375,12.305999755859375,0
2023-12-07,CLIMA.MI,12.305999755859375,12.305999755859375,12.305999755859375,12.305999755859375,0
2023-12-08,CLIMA.MI,12.305999755859375,12.305999755859375,12.305999755859375,12.305999755859375,0
2023-12-11,CLIMA.MI,12.305999755859375,12.305999755859375,12.305999755859375,12.305999755859375,0
2023-12-12,CLIMA.MI,12.305999755859375,12.305999755859375,12.305999755859375,12.305999755859375,0
2023-12-13,CLIMA.MI,12.305999755859375,12.305999755859375,12.305999755859375,12.305999755859375,0
2023-12-14,CLIMA.MI,12.305999755859375,12.305999755859375,12.305999755859375,12.305999755859375,0
2023-12-15,CLIMA.MI,12.305999755859375,12.305999755859375,12.305999755859375,12.305999755859375,0
2023-12-18,CLIMA.MI,12.305999755859375,12.305999755859375,12.305999755859375,12.305999755859375,0
2023-12-19,CLIMA.MI,12.305999755859375,12.305999755859375,12.305999755859375,12.305999755859375,0
2023-12-20,CLIMA.MI,12.305999755859375,12.305999755859375,12.305999755859375,12.305999755859375,0
2023-12-21,CLIMA.MI,12.305999755859375,12.305999755859375,12.305999755859375,12.305999755859375,0
2023-12-22,CLIMA.MI,12.305999755859375,12.305999755859375,12.305999755859375,12.305999755859375,0
2023-12-27,CLIMA.MI,12.305999755859375,12.305999755859375,12.305999755859375,12.305999755859375,0
2023-12-28,CLIMA.MI,12.305999755859375,12.305999755859375,12.305999755859375,12.305999755859375,0
2023-12-29,CLIMA.MI,12.305999755859375,12.305999755859375,12.305999755859375,12.305999755859375,0
2024-01-02,CLIMA.MI,12.305999755859375,12.305999755859375,12.305999755859375,12.305999755859375,0
2024-01-03,CLIMA.MI,12.305999755859375,12.305999755859375,12.305999755859375,12.305999755859375,0
2024-01-04,CLIMA.MI,12.305999755859375,12.305999755859375,12.305999755859375,12.305999755859375,0
2024-01-05,CLIMA.MI,12.305999755859375,12.305999755859375,12.305999755859375,12.305999755859375,0
2024-01-08,CLIMA.MI,12.305999755859375,12.305999755859375,12.305999755859375,12.305999755859375,0
2024-01-09,CLIMA.MI,12.305999755859375,12.305999755859375,12.305999755859375,12.305999755859375,0
2024-01-10,CLIMA.MI,12.305999755859375,12.305999755859375,12.305999755859375,12.305999755859375,0
2024-01-11,CLIMA.MI,12.305999755859375,12.305999755859375,12.305999755859375,12.305999755859375,0
2024-01-12,CLIMA.MI,12.305999755859375,12.305999755859375,12.305999755859375,12.305999755859375,0
2024-01-15,CLIMA.MI,12.305999755859375,12.305999755859375,12.305999755859375,12.305999755859375,0
2024-01-16,CLIMA.MI,12.305999755859375,12.305999755859375,12.305999755859375,12.305999755859375,0
2024-01-17,CLIMA.MI,12.305999755859375,12.305999755859375,12.305999755859375,12.305999755859375,0
2024-01-18,CLIMA.MI,12.305999755859375,12.305999755859375,12.305999755859375,12.305999755859375,0
2024-01-19,CLIMA.MI,12.305999755859375,12.305999755859375,12.305999755859375,12.305999755859375,0
2024-01-22,CLIMA.MI,12.305999755859375,12.305999755859375,12.305999755859375,12.305999755859375,0
2024-01-23,CLIMA.MI,12.305999755859375,12.305999755859375,12.305999755859375,12.305999755859375,0
2024-01-24,CLIMA.MI,12.305999755859375,12.305999755859375,12.305999755859375,12.305999755859375,0
2024-01-25,CLIMA.MI,12.305999755859375,12.305999755859375,12.305999755859375,12.305999755859375,0
2024-01-26,CLIMA.MI,12.305999755859375,12.305999755859375,12.305999755859375,12.305999755859375,0
2024-01-29,CLIMA.MI,12.305999755859375,12.305999755859375,12.305999755859375,12.305999755859375,0
2024-01-30,CLIMA.MI,12.305999755859375,12.305999755859375,12.305999755859375,12.305999755859375,0
2024-01-31,CLIMA.MI,12.305999755859375,12.305999755859375,12.305999755859375,12.305999755859375,0
2024-02-01,CLIMA.MI,12.305999755859375,12.305999755859375,12.305999755859375,12.305999755859375,0
2024-02-02,CLIMA.MI,12.305999755859375,12.305999755859375,12.305999755859375,12.305999755859375,0
2024-02-05,CLIMA.MI,12.305999755859375,12.305999755859375,12.305999755859375,12.305999755859375,0
2024-02-06,CLIMA.MI,12.305999755859375,12.305999755859375,12.305999755859375,12.305999755859375,0
2024-02-07,CLIMA.MI,12.305999755859375,12.305999755859375,12.305999755859375,12.305999755859375,0
2024-02-08,CLIMA.MI,12.305999755859375,12.305999755859375,12.305999755859375,12.305999755859375,0
2024-02-09,CLIMA.MI,12.305999755859375,12.305999755859375,12.305999755859375,12.305999755859375,0
2024-02-12,CLIMA.MI,12.305999755859375,12.305999755859375,12.305999755859375,12.305999755859375,0
2024-02-13,CLIMA.MI,12.305999755859375,12.305999755859375,12.305999755859375,12.305999755859375,0
2024-02-14,CLIMA.MI,12.305999755859375,12.305999755859375,12.305999755859375,12.305999755859375,0
2024-02-15,CLIMA.MI,12.305999755859375,12.305999755859375,12.305999755859375,12.305999755859375,0
2024-02-16,CLIMA.MI,12.305999755859375,12.305999755859375,12.305999755859375,12.305999755859375,0
2024-02-19,CLIMA.MI,12.305999755859375,12.305999755859375,12.305999755859375,12.305999755859375,0
2024-02-20,CLIMA.MI,12.305999755859375,12.305999755859375,12.305999755859375,12.305999755859375,0
2024-02-21,CLIMA.MI,12.305999755859375,12.305999755859375,12.305999755859375,12.305999755859375,0
2024-02-22,CLIMA.MI,12.305999755859375,12.305999755859375,12.305999755859375,12.305999755859375,0
2024-02-23,CLIMA.MI,12.305999755859375,12.305999755859375,12.305999755859375,12.305999755859375,0
2024-02-26,CLIMA.MI,14.90999984741211,14.991999626159668,14.90999984741211,14.991999626159668,270
2024-02-27,CLIMA.MI,14.991999626159668,14.991999626159668,14.991999626159668,14.991999626159668,0
2024-02-28,CLIMA.MI,14.991999626159668,14.991999626159668,14.991999626159668,14.991999626159668,0
2024-02-29,CLIMA.MI,14.991999626159668,14.991999626159668,14.991999626159668,14.991999626159668,0
2024-03-01,CLIMA.MI,14.991999626159668,14.991999626159668,14.991999626159668,14.991999626159668,0
2024-03-04,CLIMA.MI,14.991999626159668,14.991999626159668,14.991999626159668,14.991999626159668,0
2024-03-05,CLIMA.MI,14.991999626159668,14.991999626159668,14.991999626159668,14.991999626159668,0
2024-03-06,CLIMA.MI,14.991999626159668,14.991999626159668,14.991999626159668,14.991999626159668,0
2024-03-07,CLIMA.MI,14.991999626159668,14.991999626159668,14.991999626159668,14.991999626159668,0
2024-03-08,CLIMA.MI,14.991999626159668,14.991999626159668,14.991999626159668,14.991999626159668,0
2024-03-11,CLIMA.MI,14.991999626159668,14.991999626159668,14.991999626159668,14.991999626159668,0
2024-03-12,CLIMA.MI,14.991999626159668,14.991999626159668,14.991999626159668,14.991999626159668,0
2024-03-13,CLIMA.MI,14.991999626159668,14.991999626159668,14.991999626159668,14.991999626159668,0
2024-03-14,CLIMA.MI,14.991999626159668,14.991999626159668,14.991999626159668,14.991999626159668,0
2024-03-15,CLIMA.MI,14.991999626159668,14.991999626159668,14.991999626159668,14.991999626159668,0
2024-03-18,CLIMA.MI,14.991999626159668,14.991999626159668,14.991999626159668,14.991999626159668,0
2024-03-19,CLIMA.MI,14.991999626159668,14.991999626159668,14.991999626159668,14.991999626159668,0
2024-03-20,CLIMA.MI,14.991999626159668,14.991999626159668,14.991999626159668,14.991999626159668,0
2024-03-21,CLIMA.MI,14.991999626159668,14.991999626159668,14.991999626159668,14.991999626159668,0
2024-03-22,CLIMA.MI,14.991999626159668,14.991999626159668,14.991999626159668,14.991999626159668,0
2024-03-25,CLIMA.MI,14.991999626159668,14.991999626159668,14.991999626159668,14.991999626159668,0
2024-03-26,CLIMA.MI,14.991999626159668,14.991999626159668,14.991999626159668,14.991999626159668,0
2024-03-27,CLIMA.MI,14.991999626159668,14.991999626159668,14.991999626159668,14.991999626159668,0
2024-03-28,CLIMA.MI,14.991999626159668,14.991999626159668,14.991999626159668,14.991999626159668,0
2024-04-02,CLIMA.MI,14.991999626159668,14.991999626159668,14.991999626159668,14.991999626159668,0
2024-04-03,CLIMA.MI,14.991999626159668,14.991999626159668,14.991999626159668,14.991999626159668,0
2024-04-04,CLIMA.MI,14.991999626159668,14.991999626159668,14.991999626159668,14.991999626159668,0
2024-04-05,CLIMA.MI,14.991999626159668,14.991999626159668,14.991999626159668,14.991999626159668,0
2024-04-08,CLIMA.MI,14.991999626159668,14.991999626159668,14.991999626159668,14.991999626159668,0
2024-04-09,CLIMA.MI,14.991999626159668,14.991999626159668,14.991999626159668,14.991999626159668,0
2024-04-10,CLIMA.MI,14.991999626159668,14.991999626159668,14.991999626159668,14.991999626159668,0
2024-04-11,CLIMA.MI,14.991999626159668,14.991999626159668,14.991999626159668,14.991999626159668,0
2024-04-12,CLIMA.MI,14.991999626159668,14.991999626159668,14.991999626159668,14.991999626159668,0
2024-04-15,CLIMA.MI,14.991999626159668,14.991999626159668,14.991999626159668,14.991999626159668,0
2024-04-16,CLIMA.MI,14.991999626159668,14.991999626159668,14.991999626159668,14.991999626159668,0
2024-04-17,CLIMA.MI,14.991999626159668,14.991999626159668,14.991999626159668,14.991999626159668,0
2024-04-18,CLIMA.MI,14.991999626159668,14.991999626159668,14.991999626159668,14.991999626159668,0
2024-04-19,CLIMA.MI,14.991999626159668,14.991999626159668,14.991999626159668,14.991999626159668,0
2024-04-22,CLIMA.MI,14.991999626159668,14.991999626159668,14.991999626159668,14.991999626159668,0
2024-04-23,CLIMA.MI,14.991999626159668,14.991999626159668,14.991999626159668,14.991999626159668,0
2024-04-24,CLIMA.MI,14.991999626159668,14.991999626159668,14.991999626159668,14.991999626159668,0
2024-04-25,CLIMA.MI,14.991999626159668,14.991999626159668,14.991999626159668,14.991999626159668,0
2024-04-26,CLIMA.MI,14.991999626159668,14.991999626159668,14.991999626159668,14.991999626159668,0
2024-04-29,CLIMA.MI,14.991999626159668,14.991999626159668,14.991999626159668,14.991999626159668,0
2024-04-30,CLIMA.MI,14.991999626159668,14.991999626159668,14.991999626159668,14.991999626159668,0
2024-05-02,CLIMA.MI,14.991999626159668,14.991999626159668,14.991999626159668,14.991999626159668,0
2024-05-03,CLIMA.MI,14.991999626159668,14.991999626159668,14.991999626159668,14.991999626159668,0
2024-05-06,CLIMA.MI,14.991999626159668,14.991999626159668,14.991999626159668,14.991999626159668,0
2024-05-07,CLIMA.MI,14.991999626159668,14.991999626159668,14.991999626159668,14.991999626159668,0
2024-05-08,CLIMA.MI,14.991999626159668,14.991999626159668,14.991999626159668,14.991999626159668,0
2024-05-09,CLIMA.MI,14.991999626159668,14.991999626159668,14.991999626159668,14.991999626159668,0
2024-05-10,CLIMA.MI,14.991999626159668,14.991999626159668,14.991999626159668,14.991999626159668,0
2024-05-13,CLIMA.MI,14.991999626159668,14.991999626159668,14.991999626159668,14.991999626159668,0
2024-05-14,CLIMA.MI,14.991999626159668,14.991999626159668,14.991999626159668,14.991999626159668,0
2024-05-15,CLIMA.MI,14.991999626159668,14.991999626159668,14.991999626159668,14.991999626159668,0
2024-05-16,CLIMA.MI,14.991999626159668,14.991999626159668,14.991999626159668,14.991999626159668,0
2024-05-17,CLIMA.MI,14.991999626159668,14.991999626159668,14.991999626159668,14.991999626159668,0
2024-05-20,CLIMA.MI,14.991999626159668,14.991999626159668,14.991999626159668,14.991999626159668,0
2024-05-21,CLIMA.MI,14.991999626159668,14.991999626159668,14.991999626159668,14.991999626159668,0
2024-05-22,CLIMA.MI,14.991999626159668,14.991999626159668,14.991999626159668,14.991999626159668,0
2024-05-23,CLIMA.MI,14.991999626159668,14.991999626159668,14.991999626159668,14.991999626159668,0
2024-05-24,CLIMA.MI,14.991999626159668,14.991999626159668,14.991999626159668,14.991999626159668,0
2024-05-27,CLIMA.MI,14.991999626159668,14.991999626159668,14.991999626159668,14.991999626159668,0
2024-05-28,CLIMA.MI,14.991999626159668,14.991999626159668,14.991999626159668,14.991999626159668,0
2024-05-29,CLIMA.MI,14.991999626159668,14.991999626159668,14.991999626159668,14.991999626159668,0
2024-05-30,CLIMA.MI,14.991999626159668,14.991999626159668,14.991999626159668,14.991999626159668,0
2024-05-31,CLIMA.MI,14.991999626159668,14.991999626159668,14.991999626159668,14.991999626159668,0
2024-06-03,CLIMA.MI,14.991999626159668,14.991999626159668,14.991999626159668,14.991999626159668,0
2024-06-04,CLIMA.MI,14.991999626159668,14.991999626159668,14.991999626159668,14.991999626159668,0
2024-06-05,CLIMA.MI,14.991999626159668,14.991999626159668,14.991999626159668,14.991999626159668,0
2024-06-06,CLIMA.MI,14.991999626159668,14.991999626159668,14.991999626159668,14.991999626159668,0
2024-06-07,CLIMA.MI,14.991999626159668,14.991999626159668,14.991999626159668,14.991999626159668,0
2024-06-10,CLIMA.MI,14.991999626159668,14.991999626159668,14.991999626159668,14.991999626159668,0
2024-06-11,CLIMA.MI,14.991999626159668,14.991999626159668,14.991999626159668,14.991999626159668,0
2024-06-12,CLIMA.MI,14.991999626159668,14.991999626159668,14.991999626159668,14.991999626159668,0
2024-06-13,CLIMA.MI,14.991999626159668,14.991999626159668,14.991999626159668,14.991999626159668,0
2024-06-14,CLIMA.MI,14.991999626159668,14.991999626159668,14.991999626159668,14.991999626159668,0
2024-06-17,CLIMA.MI,14.991999626159668,14.991999626159668,14.991999626159668,14.991999626159668,0
2024-06-18,CLIMA.MI,14.991999626159668,14.991999626159668,14.991999626159668,14.991999626159668,0
2024-06-19,CLIMA.MI,14.991999626159668,14.991999626159668,14.991999626159668,14.991999626159668,0
2024-06-20,CLIMA.MI,14.991999626159668,14.991999626159668,14.991999626159668,14.991999626159668,0
2024-06-21,CLIMA.MI,14.991999626159668,14.991999626159668,14.991999626159668,14.991999626159668,0
2024-06-24,CLIMA.MI,14.991999626159668,14.991999626159668,14.991999626159668,14.991999626159668,0
2024-06-25,CLIMA.MI,14.991999626159668,14.991999626159668,14.991999626159668,14.991999626159668,0
2024-06-26,CLIMA.MI,14.991999626159668,14.991999626159668,14.991999626159668,14.991999626159668,0
2024-06-27,CLIMA.MI,14.991999626159668,14.991999626159668,14.991999626159668,14.991999626159668,0
2024-06-28,CLIMA.MI,14.991999626159668,14.991999626159668,14.991999626159668,14.991999626159668,0
2024-07-01,CLIMA.MI,14.991999626159668,14.991999626159668,14.991999626159668,14.991999626159668,0
2024-07-02,CLIMA.MI,14.991999626159668,14.991999626159668,14.991999626159668,14.991999626159668,0
2024-07-03,CLIMA.MI,14.991999626159668,14.991999626159668,14.991999626159668,14.991999626159668,0
2024-07-04,CLIMA.MI,14.991999626159668,14.991999626159668,14.991999626159668,14.991999626159668,0
2024-07-05,CLIMA.MI,14.991999626159668,14.991999626159668,14.991999626159668,14.991999626159668,0
2024-07-08,CLIMA.MI,14.991999626159668,14.991999626159668,14.991999626159668,14.991999626159668,0
2024-07-09,CLIMA.MI,14.991999626159668,14.991999626159668,14.991999626159668,14.991999626159668,0
2024-07-10,CLIMA.MI,14.991999626159668,14.991999626159668,14.991999626159668,14.991999626159668,0
2024-07-11,CLIMA.MI,14.991999626159668,14.991999626159668,14.991999626159668,14.991999626159668,0
2024-07-12,CLIMA.MI,14.991999626159668,14.991999626159668,14.991999626159668,14.991999626159668,0
2024-07-15,CLIMA.MI,14.991999626159668,14.991999626159668,14.991999626159668,14.991999626159668,0
2024-07-16,CLIMA.MI,14.991999626159668,14.991999626159668,14.991999626159668,14.991999626159668,0
2024-07-17,CLIMA.MI,14.991999626159668,14.991999626159668,14.991999626159668,14.991999626159668,0
2024-07-18,CLIMA.MI,14.991999626159668,14.991999626159668,14.991999626159668,14.991999626159668,0
2024-07-19,CLIMA.MI,14.991999626159668,14.991999626159668,14.991999626159668,14.991999626159668,0
2024-07-22,CLIMA.MI,14.991999626159668,14.991999626159668,14.991999626159668,14.991999626159668,0
2024-07-23,CLIMA.MI,14.991999626159668,14.991999626159668,14.991999626159668,14.991999626159668,0
2024-07-24,CLIMA.MI,14.991999626159668,14.991999626159668,14.991999626159668,14.991999626159668,0
2024-07-25,CLIMA.MI,14.991999626159668,14.991999626159668,14.991999626159668,14.991999626159668,0
2024-07-26,CLIMA.MI,14.991999626159668,14.991999626159668,14.991999626159668,14.991999626159668,0
2024-07-29,CLIMA.MI,14.991999626159668,14.991999626159668,14.991999626159668,14.991999626159668,0
2024-07-30,CLIMA.MI,14.991999626159668,14.991999626159668,14.991999626159668,14.991999626159668,0
2024-07-31,CLIMA.MI,14.991999626159668,14.991999626159668,14.991999626159668,14.991999626159668,0
2024-08-01,CLIMA.MI,14.991999626159668,14.991999626159668,14.991999626159668,14.991999626159668,0
2024-08-02,CLIMA.MI,14.991999626159668,14.991999626159668,14.991999626159668,14.991999626159668,0
2024-08-05,CLIMA.MI,14.991999626159668,14.991999626159668,14.991999626159668,14.991999626159668,0
2024-08-06,CLIMA.MI,14.991999626159668,14.991999626159668,14.991999626159668,14.991999626159668,0
2024-08-07,CLIMA.MI,14.991999626159668,14.991999626159668,14.991999626159668,14.991999626159668,0
2024-08-08,CLIMA.MI,14.991999626159668,14.991999626159668,14.991999626159668,14.991999626159668,0
2024-08-09,CLIMA.MI,14.991999626159668,14.991999626159668,14.991999626159668,14.991999626159668,0
2024-08-12,CLIMA.MI,14.991999626159668,14.991999626159668,14.991999626159668,14.991999626159668,0
2024-08-13,CLIMA.MI,14.991999626159668,14.991999626159668,14.991999626159668,14.991999626159668,0
2024-08-14,CLIMA.MI,14.991999626159668,14.991999626159668,14.991999626159668,14.991999626159668,0
2024-08-16,CLIMA.MI,14.991999626159668,14.991999626159668,14.991999626159668,14.991999626159668,0
2024-08-19,CLIMA.MI,14.991999626159668,14.991999626159668,14.991999626159668,14.991999626159668,0
2024-08-20,CLIMA.MI,16.13599967956543,16.13599967956543,16.01799964904785,16.01799964904785,25
2024-08-21,CLIMA.MI,16.01799964904785,16.01799964904785,16.01799964904785,16.01799964904785,0
2024-08-22,CLIMA.MI,16.01799964904785,16.01799964904785,16.01799964904785,16.01799964904785,0
2024-08-23,CLIMA.MI,16.118000030517578,16.118000030517578,16.04199981689453,16.04199981689453,2
2024-08-26,CLIMA.MI,16.04199981689453,16.04199981689453,16.04199981689453,16.04199981689453,0
2024-08-27,CLIMA.MI,16.04199981689453,16.04199981689453,16.04199981689453,16.04199981689453,0
2024-08-28,CLIMA.MI,16.04199981689453,16.04199981689453,16.04199981689453,16.04199981689453,0
2024-08-29,CLIMA.MI,16.04199981689453,16.04199981689453,16.04199981689453,16.04199981689453,0
2024-08-30,CLIMA.MI,16.04199981689453,16.04199981689453,16.04199981689453,16.04199981689453,0
2024-09-02,CLIMA.MI,16.04199981689453,16.04199981689453,16.04199981689453,16.04199981689453,0
2024-09-03,CLIMA.MI,16.261999130249023,16.261999130249023,16.07200050354004,16.07200050354004,1
2024-09-04,CLIMA.MI,16.07200050354004,16.07200050354004,16.07200050354004,16.07200050354004,0
2024-09-05,CLIMA.MI,16.07200050354004,16.07200050354004,16.07200050354004,16.07200050354004,0
2024-09-06,CLIMA.MI,15.571999549865723,15.571999549865723,15.571999549865723,15.571999549865723,7
2024-09-09,CLIMA.MI,15.571999549865723,15.571999549865723,15.571999549865723,15.571999549865723,0
2024-09-10,CLIMA.MI,15.571999549865723,15.571999549865723,15.571999549865723,15.571999549865723,0
2024-09-11,CLIMA.MI,15.571999549865723,15.571999549865723,15.571999549865723,15.571999549865723,0
2024-09-12,CLIMA.MI,15.571999549865723,15.571999549865723,15.571999549865723,15.571999549865723,0
2024-09-13,CLIMA.MI,15.571999549865723,15.571999549865723,15.571999549865723,15.571999549865723,0
2024-09-16,CLIMA.MI,16.104000091552734,16.104000091552734,16.076000213623047,16.076000213623047,7
2024-09-17,CLIMA.MI,16.076000213623047,16.076000213623047,16.076000213623047,16.076000213623047,0
2024-09-18,CLIMA.MI,16.076000213623047,16.076000213623047,16.076000213623047,16.076000213623047,0
2024-09-19,CLIMA.MI,16.076000213623047,16.076000213623047,16.076000213623047,16.076000213623047,0
2024-09-20,CLIMA.MI,16.076000213623047,16.076000213623047,16.076000213623047,16.076000213623047,0
2024-09-23,CLIMA.MI,16.076000213623047,16.076000213623047,16.076000213623047,16.076000213623047,0
2024-09-24,CLIMA.MI,16.076000213623047,16.076000213623047,16.076000213623047,16.076000213623047,0
2024-09-25,CLIMA.MI,16.076000213623047,16.076000213623047,16.076000213623047,16.076000213623047,0
2024-09-26,CLIMA.MI,16.076000213623047,16.076000213623047,16.076000213623047,16.076000213623047,0
2024-09-27,CLIMA.MI,16.076000213623047,16.076000213623047,16.076000213623047,16.076000213623047,0
2024-09-30,CLIMA.MI,16.076000213623047,16.076000213623047,16.076000213623047,16.076000213623047,0
2024-10-01,CLIMA.MI,16.076000213623047,16.076000213623047,16.076000213623047,16.076000213623047,0
2024-10-02,CLIMA.MI,16.076000213623047,16.076000213623047,16.076000213623047,16.076000213623047,0
2024-10-03,CLIMA.MI,16.076000213623047,16.076000213623047,16.076000213623047,16.076000213623047,0
2024-10-04,CLIMA.MI,16.076000213623047,16.076000213623047,16.076000213623047,16.076000213623047,0
2024-10-07,CLIMA.MI,16.076000213623047,16.076000213623047,16.076000213623047,16.076000213623047,0
2024-10-08,CLIMA.MI,16.076000213623047,16.076000213623047,16.076000213623047,16.076000213623047,0
2024-10-09,CLIMA.MI,16.076000213623047,16.076000213623047,16.076000213623047,16.076000213623047,0
2024-10-10,CLIMA.MI,16.076000213623047,16.076000213623047,16.076000213623047,16.076000213623047,0
2024-10-11,CLIMA.MI,16.076000213623047,16.076000213623047,16.076000213623047,16.076000213623047,0
2024-10-14,CLIMA.MI,16.076000213623047,16.076000213623047,16.076000213623047,16.076000213623047,0
2024-10-15,CLIMA.MI,16.076000213623047,16.076000213623047,16.076000213623047,16.076000213623047,0
2024-10-16,CLIMA.MI,16.076000213623047,16.076000213623047,16.076000213623047,16.076000213623047,0
2024-10-17,CLIMA.MI,16.076000213623047,16.076000213623047,16.076000213623047,16.076000213623047,0
2024-10-18,CLIMA.MI,16.076000213623047,16.076000213623047,16.076000213623047,16.076000213623047,0
2024-10-21,CLIMA.MI,16.076000213623047,16.076000213623047,16.076000213623047,16.076000213623047,0
2024-10-22,CLIMA.MI,16.076000213623047,16.076000213623047,16.076000213623047,16.076000213623047,0
2024-10-23,CLIMA.MI,16.076000213623047,16.076000213623047,16.076000213623047,16.076000213623047,0
2024-10-24,CLIMA.MI,16.076000213623047,16.076000213623047,16.076000213623047,16.076000213623047,0
2024-10-25,CLIMA.MI,16.076000213623047,16.076000213623047,16.076000213623047,16.076000213623047,0
2024-10-28,CLIMA.MI,16.076000213623047,16.076000213623047,16.076000213623047,16.076000213623047,0
2024-10-29,CLIMA.MI,16.076000213623047,16.076000213623047,16.076000213623047,16.076000213623047,0
2024-10-30,CLIMA.MI,16.076000213623047,16.076000213623047,16.076000213623047,16.076000213623047,0
2024-10-31,CLIMA.MI,16.076000213623047,16.076000213623047,16.076000213623047,16.076000213623047,0
2024-11-01,CLIMA.MI,16.076000213623047,16.076000213623047,16.076000213623047,16.076000213623047,0
2024-11-04,CLIMA.MI,16.076000213623047,16.076000213623047,16.076000213623047,16.076000213623047,0
2024-11-05,CLIMA.MI,16.076000213623047,16.076000213623047,16.076000213623047,16.076000213623047,0
2024-11-06,CLIMA.MI,16.076000213623047,16.076000213623047,16.076000213623047,16.076000213623047,0
2024-11-07,CLIMA.MI,16.076000213623047,16.076000213623047,16.076000213623047,16.076000213623047,0
2024-11-08,CLIMA.MI,16.076000213623047,16.076000213623047,16.076000213623047,16.076000213623047,0
2024-11-11,CLIMA.MI,16.076000213623047,16.076000213623047,16.076000213623047,16.076000213623047,0
2024-11-12,CLIMA.MI,16.076000213623047,16.076000213623047,16.076000213623047,16.076000213623047,0
2024-11-13,CLIMA.MI,17.01799964904785,17.082000732421875,17.01799964904785,17.082000732421875,312
2024-11-14,CLIMA.MI,17.082000732421875,17.082000732421875,17.082000732421875,17.082000732421875,0
2024-11-15,CLIMA.MI,16.97800064086914,16.97800064086914,16.974000930786133,16.974000930786133,547
2024-11-18,CLIMA.MI,16.974000930786133,16.974000930786133,16.974000930786133,16.974000930786133,0
2024-11-19,CLIMA.MI,16.974000930786133,16.974000930786133,16.974000930786133,16.974000930786133,0
2024-11-20,CLIMA.MI,16.974000930786133,16.974000930786133,16.974000930786133,16.974000930786133,0
2024-11-21,CLIMA.MI,16.974000930786133,16.974000930786133,16.974000930786133,16.974000930786133,0
2024-11-22,CLIMA.MI,16.974000930786133,16.974000930786133,16.974000930786133,16.974000930786133,0
2024-11-25,CLIMA.MI,16.974000930786133,16.974000930786133,16.974000930786133,16.974000930786133,0
2024-11-26,CLIMA.MI,16.974000930786133,16.974000930786133,16.974000930786133,16.974000930786133,0
2024-11-27,CLIMA.MI,17.229999542236328,17.229999542236328,17.145999908447266,17.145999908447266,410
2024-11-28,CLIMA.MI,17.145999908447266,17.145999908447266,17.145999908447266,17.145999908447266,0
2024-11-29,CLIMA.MI,17.145999908447266,17.145999908447266,17.145999908447266,17.145999908447266,0
2024-12-02,CLIMA.MI,17.145999908447266,17.145999908447266,17.145999908447266,17.145999908447266,0
2024-12-03,CLIMA.MI,17.145999908447266,17.145999908447266,17.145999908447266,17.145999908447266,0
2024-12-04,CLIMA.MI,17.486000061035156,17.489999771118164,17.486000061035156,17.489999771118164,140
2024-12-05,CLIMA.MI,17.489999771118164,17.489999771118164,17.489999771118164,17.489999771118164,0
2024-12-06,CLIMA.MI,17.489999771118164,17.489999771118164,17.489999771118164,17.489999771118164,0
2024-12-09,CLIMA.MI,17.489999771118164,17.489999771118164,17.489999771118164,17.489999771118164,0
2024-12-10,CLIMA.MI,17.381999969482422,17.426000595092773,17.381999969482422,17.426000595092773,3
2024-12-11,CLIMA.MI,17.426000595092773,17.426000595092773,17.426000595092773,17.426000595092773,0
2024-12-12,CLIMA.MI,17.426000595092773,17.426000595092773,17.426000595092773,17.426000595092773,0
2024-12-13,CLIMA.MI,17.426000595092773,17.426000595092773,17.426000595092773,17.426000595092773,0
2024-12-16,CLIMA.MI,17.426000595092773,17.426000595092773,17.426000595092773,17.426000595092773,0
2024-12-17,CLIMA.MI,17.426000595092773,17.426000595092773,17.426000595092773,17.426000595092773,0
2024-12-18,CLIMA.MI,17.426000595092773,17.426000595092773,17.426000595092773,17.426000595092773,0
2024-12-19,CLIMA.MI,17.426000595092773,17.426000595092773,17.426000595092773,17.426000595092773,0
2024-12-20,CLIMA.MI,17.426000595092773,17.426000595092773,17.426000595092773,17.426000595092773,0
2024-12-23,CLIMA.MI,17.426000595092773,17.426000595092773,17.426000595092773,17.426000595092773,0
2024-12-27,CLIMA.MI,17.426000595092773,17.426000595092773,17.426000595092773,17.426000595092773,0
2024-12-30,CLIMA.MI,17.426000595092773,17.426000595092773,17.426000595092773,17.426000595092773,0
2025-01-02,CLIMA.MI,17.426000595092773,17.426000595092773,17.426000595092773,17.426000595092773,0
2025-01-03,CLIMA.MI,17.426000595092773,17.426000595092773,17.426000595092773,17.426000595092773,0
2025-01-06,CLIMA.MI,17.426000595092773,17.426000595092773,17.426000595092773,17.426000595092773,0
2025-01-07,CLIMA.MI,17.426000595092773,17.426000595092773,17.426000595092773,17.426000595092773,0
2025-01-08,CLIMA.MI,17.426000595092773,17.426000595092773,17.426000595092773,17.426000595092773,0
2025-01-09,CLIMA.MI,17.426000595092773,17.426000595092773,17.426000595092773,17.426000595092773,0
2025-01-10,CLIMA.MI,17.426000595092773,17.426000595092773,17.426000595092773,17.426000595092773,0
2025-01-13,CLIMA.MI,17.426000595092773,17.426000595092773,17.426000595092773,17.426000595092773,0
2025-01-14,CLIMA.MI,17.426000595092773,17.426000595092773,17.426000595092773,17.426000595092773,0
2025-01-15,CLIMA.MI,17.426000595092773,17.426000595092773,17.426000595092773,17.426000595092773,0
2025-01-16,CLIMA.MI,17.426000595092773,17.426000595092773,17.426000595092773,17.426000595092773,0
2025-01-17,CLIMA.MI,17.426000595092773,17.426000595092773,17.426000595092773,17.426000595092773,0
2025-01-20,CLIMA.MI,17.426000595092773,17.426000595092773,17.426000595092773,17.426000595092773,0
2025-01-21,CLIMA.MI,17.426000595092773,17.426000595092773,17.426000595092773,17.426000595092773,0
2025-01-22,CLIMA.MI,17.426000595092773,17.426000595092773,17.426000595092773,17.426000595092773,0
2025-01-23,CLIMA.MI,17.426000595092773,17.426000595092773,17.426000595092773,17.426000595092773,0
2025-01-24,CLIMA.MI,17.426000595092773,17.426000595092773,17.426000595092773,17.426000595092773,0
2025-01-27,CLIMA.MI,17.417999267578125,17.417999267578125,17.3439998626709,17.3439998626709,259
2025-01-28,CLIMA.MI,17.3439998626709,17.3439998626709,17.3439998626709,17.3439998626709,0
2025-01-29,CLIMA.MI,17.3439998626709,17.3439998626709,17.3439998626709,17.3439998626709,0
2025-01-30,CLIMA.MI,17.3439998626709,17.3439998626709,17.3439998626709,17.3439998626709,0
2025-01-31,CLIMA.MI,17.3439998626709,17.3439998626709,17.3439998626709,17.3439998626709,0
2025-02-03,CLIMA.MI,17.3439998626709,17.3439998626709,17.3439998626709,17.3439998626709,0
2025-02-04,CLIMA.MI,17.3439998626709,17.3439998626709,17.3439998626709,17.3439998626709,0
2025-02-05,CLIMA.MI,17.3439998626709,17.3439998626709,17.3439998626709,17.3439998626709,0
2025-02-06,CLIMA.MI,17.3439998626709,17.3439998626709,17.3439998626709,17.3439998626709,0
2025-02-07,CLIMA.MI,17.3439998626709,17.3439998626709,17.3439998626709,17.3439998626709,0
2025-02-10,CLIMA.MI,17.3439998626709,17.3439998626709,17.3439998626709,17.3439998626709,0
2025-02-11,CLIMA.MI,17.3439998626709,17.3439998626709,17.3439998626709,17.3439998626709,0
2025-02-12,CLIMA.MI,17.3439998626709,17.3439998626709,17.3439998626709,17.3439998626709,0
2025-02-13,CLIMA.MI,17.65399932861328,17.75,17.65399932861328,17.75,290
2025-02-14,CLIMA.MI,17.75,17.75,17.75,17.75,0
2025-02-17,CLIMA.MI,17.75,17.75,17.75,17.75,0
2025-02-18,CLIMA.MI,17.75,17.75,17.75,17.75,0
2025-02-19,CLIMA.MI,17.75,17.75,17.75,17.75,0
2025-02-20,CLIMA.MI,17.75,17.75,17.75,17.75,0
2025-02-21,CLIMA.MI,17.75,17.75,17.75,17.75,0
2025-02-24,CLIMA.MI,17.75,17.75,17.75,17.75,0
2025-02-25,CLIMA.MI,17.75,17.75,17.75,17.75,0
2025-02-26,CLIMA.MI,17.75,17.75,17.75,17.75,0
2025-02-27,CLIMA.MI,17.75,17.75,17.75,17.75,0
2025-02-28,CLIMA.MI,17.75,17.75,17.75,17.75,0
2025-03-03,CLIMA.MI,17.75,17.75,17.75,17.75,0
2025-03-04,CLIMA.MI,17.75,17.75,17.75,17.75,0
2025-03-05,CLIMA.MI,17.75,17.75,17.75,17.75,0
2025-03-06,CLIMA.MI,17.75,17.75,17.75,17.75,0
2025-03-07,CLIMA.MI,17.75,17.75,17.75,17.75,0
2025-03-10,CLIMA.MI,17.75,17.75,17.75,17.75,0
2025-03-11,CLIMA.MI,17.75,17.75,17.75,17.75,0
2025-03-12,CLIMA.MI,17.75,17.75,17.75,17.75,0
2025-03-13,CLIMA.MI,17.75,17.75,17.75,17.75,0
2025-03-14,CLIMA.MI,17.75,17.75,17.75,17.75,0
2025-03-17,CLIMA.MI,17.75,17.75,17.75,17.75,0
2025-03-18,CLIMA.MI,17.75,17.75,17.75,17.75,0
2025-03-19,CLIMA.MI,17.75,17.75,17.75,17.75,0
2025-03-20,CLIMA.MI,17.75,17.75,17.75,17.75,0
2025-03-21,CLIMA.MI,17.75,17.75,17.75,17.75,0
2025-03-24,CLIMA.MI,17.75,17.75,17.75,17.75,0
2025-03-25,CLIMA.MI,17.75,17.75,17.75,17.75,0
2025-03-26,CLIMA.MI,17.75,17.75,17.75,17.75,0
2025-03-27,CLIMA.MI,17.75,17.75,17.75,17.75,0
2025-03-28,CLIMA.MI,17.75,17.75,17.75,17.75,0
2025-03-31,CLIMA.MI,17.75,17.75,17.75,17.75,0
2025-04-01,CLIMA.MI,17.75,17.75,17.75,17.75,0
2025-04-02,CLIMA.MI,17.75,17.75,17.75,17.75,0
2025-04-03,CLIMA.MI,17.75,17.75,17.75,17.75,0
2025-04-04,CLIMA.MI,17.75,17.75,17.75,17.75,0
2025-04-07,CLIMA.MI,17.75,17.75,17.75,17.75,0
2025-04-08,CLIMA.MI,17.75,17.75,17.75,17.75,0
2025-04-09,CLIMA.MI,17.75,17.75,17.75,17.75,0
2025-04-10,CLIMA.MI,17.75,17.75,17.75,17.75,0
2025-04-11,CLIMA.MI,17.75,17.75,17.75,17.75,0
2025-04-14,CLIMA.MI,17.75,17.75,17.75,17.75,0
2025-04-15,CLIMA.MI,17.75,17.75,17.75,17.75,0
2025-04-16,CLIMA.MI,14.789999961853027,14.862000465393066,14.789999961853027,14.862000465393066,606
2025-04-17,CLIMA.MI,14.862000465393066,14.862000465393066,14.862000465393066,14.862000465393066,0
2025-04-22,CLIMA.MI,14.862000465393066,14.862000465393066,14.862000465393066,14.862000465393066,0
2025-04-23,CLIMA.MI,15.010000228881836,15.010000228881836,14.998000144958496,14.998000144958496,410
2025-04-24,CLIMA.MI,14.928000450134277,15.12399959564209,14.928000450134277,15.12399959564209,165
2025-04-25,CLIMA.MI,15.12399959564209,15.12399959564209,15.12399959564209,15.12399959564209,0
2025-04-28,CLIMA.MI,15.12399959564209,15.12399959564209,15.12399959564209,15.12399959564209,0
2025-04-29,CLIMA.MI,15.12399959564209,15.12399959564209,15.12399959564209,15.12399959564209,0
2025-04-30,CLIMA.MI,15.12399959564209,15.12399959564209,15.12399959564209,15.12399959564209,0
2025-05-02,CLIMA.MI,15.12399959564209,15.12399959564209,15.12399959564209,15.12399959564209,0
2025-05-05,CLIMA.MI,15.12399959564209,15.12399959564209,15.12399959564209,15.12399959564209,0
2025-05-06,CLIMA.MI,15.12399959564209,15.12399959564209,15.12399959564209,15.12399959564209,0
2025-05-07,CLIMA.MI,15.12399959564209,15.12399959564209,15.12399959564209,15.12399959564209,0
2025-05-08,CLIMA.MI,15.12399959564209,15.12399959564209,15.12399959564209,15.12399959564209,0
2025-05-09,CLIMA.MI,15.12399959564209,15.12399959564209,15.12399959564209,15.12399959564209,0
2025-05-12,CLIMA.MI,15.12399959564209,15.12399959564209,15.12399959564209,15.12399959564209,0
2025-05-13,CLIMA.MI,15.12399959564209,15.12399959564209,15.12399959564209,15.12399959564209,0
2025-05-14,CLIMA.MI,15.12399959564209,15.12399959564209,15.12399959564209,15.12399959564209,0
2025-05-15,CLIMA.MI,15.12399959564209,15.12399959564209,15.12399959564209,15.12399959564209,0
2025-05-16,CLIMA.MI,15.12399959564209,15.12399959564209,15.12399959564209,15.12399959564209,0
2025-05-19,CLIMA.MI,15.12399959564209,15.12399959564209,15.12399959564209,15.12399959564209,0
2025-05-20,CLIMA.MI,15.12399959564209,15.12399959564209,15.12399959564209,15.12399959564209,0
2025-05-21,CLIMA.MI,15.12399959564209,15.12399959564209,15.12399959564209,15.12399959564209,0
2025-05-22,CLIMA.MI,15.12399959564209,15.12399959564209,15.12399959564209,15.12399959564209,0
2025-05-23,CLIMA.MI,15.12399959564209,15.12399959564209,15.12399959564209,15.12399959564209,0
2025-05-26,CLIMA.MI,15.12399959564209,15.12399959564209,15.12399959564209,15.12399959564209,0
2025-05-27,CLIMA.MI,15.12399959564209,15.12399959564209,15.12399959564209,15.12399959564209,0
2025-05-28,CLIMA.MI,15.12399959564209,15.12399959564209,15.12399959564209,15.12399959564209,0
2025-05-29,CLIMA.MI,15.12399959564209,15.12399959564209,15.12399959564209,15.12399959564209,0
2025-05-30,CLIMA.MI,15.12399959564209,15.12399959564209,15.12399959564209,15.12399959564209,0
2025-06-02,CLIMA.MI,15.12399959564209,15.12399959564209,15.12399959564209,15.12399959564209,0
2025-06-03,CLIMA.MI,15.12399959564209,15.12399959564209,15.12399959564209,15.12399959564209,0
2025-06-04,CLIMA.MI,15.12399959564209,15.12399959564209,15.12399959564209,15.12399959564209,0
2025-06-05,CLIMA.MI,15.12399959564209,15.12399959564209,15.12399959564209,15.12399959564209,0
2025-06-06,CLIMA.MI,15.12399959564209,15.12399959564209,15.12399959564209,15.12399959564209,0
2025-06-09,CLIMA.MI,15.12399959564209,15.12399959564209,15.12399959564209,15.12399959564209,0
2025-06-10,CLIMA.MI,15.12399959564209,15.12399959564209,15.12399959564209,15.12399959564209,0
2025-06-11,CLIMA.MI,15.12399959564209,15.12399959564209,15.12399959564209,15.12399959564209,0
2025-06-12,CLIMA.MI,15.12399959564209,15.12399959564209,15.12399959564209,15.12399959564209,0
2025-06-13,CLIMA.MI,15.12399959564209,15.12399959564209,15.12399959564209,15.12399959564209,0
2025-06-16,CLIMA.MI,15.12399959564209,15.12399959564209,15.12399959564209,15.12399959564209,0
2025-06-17,CLIMA.MI,15.12399959564209,15.12399959564209,15.12399959564209,15.12399959564209,0
2025-06-18,CLIMA.MI,15.12399959564209,15.12399959564209,15.12399959564209,15.12399959564209,0
2025-06-19,CLIMA.MI,15.12399959564209,15.12399959564209,15.12399959564209,15.12399959564209,0
2025-06-20,CLIMA.MI,15.12399959564209,15.12399959564209,15.12399959564209,15.12399959564209,0
2025-06-23,CLIMA.MI,15.12399959564209,15.12399959564209,15.12399959564209,15.12399959564209,0
2025-06-24,CLIMA.MI,15.12399959564209,15.12399959564209,15.12399959564209,15.12399959564209,0
2025-06-25,CLIMA.MI,15.12399959564209,15.12399959564209,15.12399959564209,15.12399959564209,0
2025-06-26,CLIMA.MI,15.12399959564209,15.12399959564209,15.12399959564209,15.12399959564209,0
2025-06-27,CLIMA.MI,15.12399959564209,15.12399959564209,15.12399959564209,15.12399959564209,0
2025-06-30,CLIMA.MI,15.12399959564209,15.12399959564209,15.12399959564209,15.12399959564209,0
2025-07-01,CLIMA.MI,15.12399959564209,15.12399959564209,15.12399959564209,15.12399959564209,0
2025-07-02,CLIMA.MI,15.12399959564209,15.12399959564209,15.12399959564209,15.12399959564209,0
2025-07-03,CLIMA.MI,15.12399959564209,15.12399959564209,15.12399959564209,15.12399959564209,0
2025-07-04,CLIMA.MI,15.12399959564209,15.12399959564209,15.12399959564209,15.12399959564209,0
2025-07-07,CLIMA.MI,15.12399959564209,15.12399959564209,15.12399959564209,15.12399959564209,0
2025-07-08,CLIMA.MI,15.12399959564209,15.12399959564209,15.12399959564209,15.12399959564209,0
2025-07-09,CLIMA.MI,15.12399959564209,15.12399959564209,15.12399959564209,15.12399959564209,0
2025-07-10,CLIMA.MI,15.12399959564209,15.12399959564209,15.12399959564209,15.12399959564209,0
2025-07-11,CLIMA.MI,15.12399959564209,15.12399959564209,15.12399959564209,15.12399959564209,0
2025-07-14,CLIMA.MI,15.12399959564209,15.12399959564209,15.12399959564209,15.12399959564209,0
2025-07-15,CLIMA.MI,15.12399959564209,15.12399959564209,15.12399959564209,15.12399959564209,0
2025-07-16,CLIMA.MI,15.12399959564209,15.12399959564209,15.12399959564209,15.12399959564209,0
2025-07-17,CLIMA.MI,15.12399959564209,15.12399959564209,15.12399959564209,15.12399959564209,0
2025-07-18,CLIMA.MI,15.12399959564209,15.12399959564209,15.12399959564209,15.12399959564209,0
2025-07-21,CLIMA.MI,15.12399959564209,15.12399959564209,15.12399959564209,15.12399959564209,0
2025-07-22,CLIMA.MI,15.12399959564209,15.12399959564209,15.12399959564209,15.12399959564209,0
2025-07-23,CLIMA.MI,15.12399959564209,15.12399959564209,15.12399959564209,15.12399959564209,0
2025-07-24,CLIMA.MI,15.12399959564209,15.12399959564209,15.12399959564209,15.12399959564209,0
2025-07-25,CLIMA.MI,15.12399959564209,15.12399959564209,15.12399959564209,15.12399959564209,0
2025-07-28,CLIMA.MI,15.12399959564209,15.12399959564209,15.12399959564209,15.12399959564209,0
2025-07-29,CLIMA.MI,15.12399959564209,15.12399959564209,15.12399959564209,15.12399959564209,0
2025-07-30,CLIMA.MI,15.12399959564209,15.12399959564209,15.12399959564209,15.12399959564209,0
2025-07-31,CLIMA.MI,15.12399959564209,15.12399959564209,15.12399959564209,15.12399959564209,0
2025-08-01,CLIMA.MI,15.12399959564209,15.12399959564209,15.12399959564209,15.12399959564209,0
2025-08-04,CLIMA.MI,15.12399959564209,15.12399959564209,15.12399959564209,15.12399959564209,0
2025-08-05,CLIMA.MI,15.12399959564209,15.12399959564209,15.12399959564209,15.12399959564209,0
2025-08-06,CLIMA.MI,15.12399959564209,15.12399959564209,15.12399959564209,15.12399959564209,0
2025-08-07,CLIMA.MI,15.12399959564209,15.12399959564209,15.12399959564209,15.12399959564209,0
2025-08-08,CLIMA.MI,15.12399959564209,15.12399959564209,15.12399959564209,15.12399959564209,0
2025-08-11,CLIMA.MI,15.12399959564209,15.12399959564209,15.12399959564209,15.12399959564209,0
2025-08-12,CLIMA.MI,15.12399959564209,15.12399959564209,15.12399959564209,15.12399959564209,0
2025-08-13,CLIMA.MI,15.12399959564209,15.12399959564209,15.12399959564209,15.12399959564209,0
2025-08-14,CLIMA.MI,15.12399959564209,15.12399959564209,15.12399959564209,15.12399959564209,0
2025-08-18,CLIMA.MI,15.12399959564209,15.12399959564209,15.12399959564209,15.12399959564209,0
2025-08-19,CLIMA.MI,17.236000061035156,17.236000061035156,17.222000122070312,17.222000122070312,500
2025-08-20,CLIMA.MI,17.222000122070312,17.222000122070312,17.222000122070312,17.222000122070312,0
2025-08-21,CLIMA.MI,17.222000122070312,17.222000122070312,17.222000122070312,17.222000122070312,0
2025-08-22,CLIMA.MI,17.222000122070312,17.222000122070312,17.222000122070312,17.222000122070312,0
2025-08-25,CLIMA.MI,17.222000122070312,17.222000122070312,17.222000122070312,17.222000122070312,0
2025-08-26,CLIMA.MI,17.222000122070312,17.222000122070312,17.222000122070312,17.222000122070312,0
2025-08-27,CLIMA.MI,17.263999938964844,17.31399917602539,17.263999938964844,17.31399917602539,500
2025-08-28,CLIMA.MI,17.31399917602539,17.31399917602539,17.31399917602539,17.31399917602539,0
2025-08-29,CLIMA.MI,17.31399917602539,17.31399917602539,17.31399917602539,17.31399917602539,0
2025-09-01,CLIMA.MI,17.31399917602539,17.31399917602539,17.31399917602539,17.31399917602539,0
2025-09-02,CLIMA.MI,17.31399917602539,17.31399917602539,17.31399917602539,17.31399917602539,0
2025-09-03,CLIMA.MI,17.31399917602539,17.31399917602539,17.31399917602539,17.31399917602539,0
2025-09-04,CLIMA.MI,17.31399917602539,17.31399917602539,17.31399917602539,17.31399917602539,0
2025-09-05,CLIMA.MI,17.31399917602539,17.31399917602539,17.31399917602539,17.31399917602539,0
2025-09-08,CLIMA.MI,17.31399917602539,17.31399917602539,17.31399917602539,17.31399917602539,0
2025-09-09,CLIMA.MI,17.31399917602539,17.31399917602539,17.31399917602539,17.31399917602539,0
2025-09-10,CLIMA.MI,17.31399917602539,17.31399917602539,17.31399917602539,17.31399917602539,0
2025-09-11,CLIMA.MI,17.31399917602539,17.31399917602539,17.31399917602539,17.31399917602539,0
2025-09-12,CLIMA.MI,17.31399917602539,17.31399917602539,17.31399917602539,17.31399917602539,0
2025-09-15,CLIMA.MI,17.31399917602539,17.31399917602539,17.31399917602539,17.31399917602539,0
2025-09-16,CLIMA.MI,17.31399917602539,17.31399917602539,17.31399917602539,17.31399917602539,0
2025-09-17,CLIMA.MI,17.31399917602539,17.31399917602539,17.31399917602539,17.31399917602539,0
2025-09-18,CLIMA.MI,17.31399917602539,17.31399917602539,17.31399917602539,17.31399917602539,0
2025-09-19,CLIMA.MI,17.31399917602539,17.31399917602539,17.31399917602539,17.31399917602539,0
2025-09-22,CLIMA.MI,17.31399917602539,17.31399917602539,17.31399917602539,17.31399917602539,0
2025-09-23,CLIMA.MI,17.31399917602539,17.31399917602539,17.31399917602539,17.31399917602539,0
2025-09-24,CLIMA.MI,17.31399917602539,17.31399917602539,17.31399917602539,17.31399917602539,0
2025-09-25,CLIMA.MI,17.31399917602539,17.31399917602539,17.31399917602539,17.31399917602539,0
2025-09-26,CLIMA.MI,17.31399917602539,17.31399917602539,17.31399917602539,17.31399917602539,0
2025-09-29,CLIMA.MI,17.31399917602539,17.31399917602539,17.31399917602539,17.31399917602539,0
2025-09-30,CLIMA.MI,17.31399917602539,17.31399917602539,17.31399917602539,17.31399917602539,0
2025-10-01,CLIMA.MI,17.31399917602539,17.31399917602539,17.31399917602539,17.31399917602539,0
2025-10-02,CLIMA.MI,17.31399917602539,17.31399917602539,17.31399917602539,17.31399917602539,0
2025-10-03,CLIMA.MI,17.31399917602539,17.31399917602539,17.31399917602539,17.31399917602539,0
2025-10-06,CLIMA.MI,17.31399917602539,17.31399917602539,17.31399917602539,17.31399917602539,0
2025-10-07,CLIMA.MI,17.31399917602539,17.31399917602539,17.31399917602539,17.31399917602539,0
2025-10-08,CLIMA.MI,17.31399917602539,17.31399917602539,17.31399917602539,17.31399917602539,0
2025-10-09,CLIMA.MI,17.31399917602539,17.31399917602539,17.31399917602539,17.31399917602539,0
2025-10-10,CLIMA.MI,17.31399917602539,17.31399917602539,17.31399917602539,17.31399917602539,0
2025-10-13,CLIMA.MI,17.916000366210938,17.992000579833984,17.916000366210938,17.992000579833984,7
2025-10-14,CLIMA.MI,17.992000579833984,17.992000579833984,17.992000579833984,17.992000579833984,0
2025-10-15,CLIMA.MI,17.992000579833984,17.992000579833984,17.992000579833984,17.992000579833984,0
2025-10-16,CLIMA.MI,17.992000579833984,17.992000579833984,17.992000579833984,17.992000579833984,0
2025-10-17,CLIMA.MI,17.93400001525879,17.95199966430664,17.93400001525879,17.95199966430664,521
2025-10-20,CLIMA.MI,17.95199966430664,17.95199966430664,17.95199966430664,17.95199966430664,0
2025-10-21,CLIMA.MI,17.95199966430664,17.95199966430664,17.95199966430664,17.95199966430664,0
2025-10-22,CLIMA.MI,17.95199966430664,17.95199966430664,17.95199966430664,17.95199966430664,0
2025-10-23,CLIMA.MI,17.95199966430664,17.95199966430664,17.95199966430664,17.95199966430664,0
2025-10-27,CLIMA.MI,17.95199966430664,17.95199966430664,17.95199966430664,17.95199966430664,0
2025-10-28,CLIMA.MI,17.95199966430664,17.95199966430664,17.95199966430664,17.95199966430664,0
2025-10-29,CLIMA.MI,18.531999588012695,18.531999588012695,18.52199935913086,18.52199935913086,521
2025-10-30,CLIMA.MI,18.52199935913086,18.52199935913086,18.52199935913086,18.52199935913086,0
2025-10-31,CLIMA.MI,18.52199935913086,18.52199935913086,18.52199935913086,18.52199935913086,0
2025-11-03,CLIMA.MI,18.52199935913086,18.52199935913086,18.52199935913086,18.52199935913086,0
2025-11-04,CLIMA.MI,18.52199935913086,18.52199935913086,18.52199935913086,18.52199935913086,0
2025-11-05,CLIMA.MI,18.52199935913086,18.52199935913086,18.52199935913086,18.52199935913086,0
2025-11-06,CLIMA.MI,18.24799919128418,18.24799919128418,18.194000244140625,18.197999954223633,1563
2025-11-07,CLIMA.MI,18.197999954223633,18.197999954223633,18.197999954223633,18.197999954223633,0
2025-11-10,CLIMA.MI,18.197999954223633,18.197999954223633,18.197999954223633,18.197999954223633,0
2025-11-11,CLIMA.MI,18.197999954223633,18.197999954223633,18.197999954223633,18.197999954223633,0
2025-11-12,CLIMA.MI,18.197999954223633,18.197999954223633,18.197999954223633,18.197999954223633,0
2025-11-13,CLIMA.MI,18.197999954223633,18.197999954223633,18.197999954223633,18.197999954223633,0
2025-11-14,CLIMA.MI,18.197999954223633,18.197999954223633,18.197999954223633,18.197999954223633,0
2025-11-17,CLIMA.MI,18.197999954223633,18.197999954223633,18.197999954223633,18.197999954223633,0
2025-11-18,CLIMA.MI,18.197999954223633,18.197999954223633,18.197999954223633,18.197999954223633,0
2025-11-19,CLIMA.MI,18.197999954223633,18.197999954223633,18.197999954223633,18.197999954223633,0
2025-11-20,CLIMA.MI,18.197999954223633,18.197999954223633,18.197999954223633,18.197999954223633,0
2025-11-21,CLIMA.MI,18.197999954223633,18.197999954223633,18.197999954223633,18.197999954223633,0
2025-11-24,CLIMA.MI,18.197999954223633,18.197999954223633,18.197999954223633,18.197999954223633,0
2025-11-25,CLIMA.MI,18.197999954223633,18.197999954223633,18.197999954223633,18.197999954223633,0
2025-11-26,CLIMA.MI,18.197999954223633,18.197999954223633,18.197999954223633,18.197999954223633,0
2025-11-27,CLIMA.MI,18.197999954223633,18.197999954223633,18.197999954223633,18.197999954223633,0
2025-11-28,CLIMA.MI,18.197999954223633,18.197999954223633,18.197999954223633,18.197999954223633,0
2025-12-01,CLIMA.MI,18.197999954223633,18.197999954223633,18.197999954223633,18.197999954223633,0
2025-12-02,CLIMA.MI,18.197999954223633,18.197999954223633,18.197999954223633,18.197999954223633,0
2025-12-03,CLIMA.MI,18.197999954223633,18.197999954223633,18.197999954223633,18.197999954223633,0
2025-12-04,CLIMA.MI,18.197999954223633,18.197999954223633,18.197999954223633,18.197999954223633,0
2025-12-05,CLIMA.MI,18.197999954223633,18.197999954223633,18.197999954223633,18.197999954223633,0
2025-12-08,CLIMA.MI,18.197999954223633,18.197999954223633,18.197999954223633,18.197999954223633,0
2025-12-09,CLIMA.MI,18.197999954223633,18.197999954223633,18.197999954223633,18.197999954223633,0
2025-12-10,CLIMA.MI,18.197999954223633,18.197999954223633,18.197999954223633,18.197999954223633,0
2025-12-11,CLIMA.MI,18.197999954223633,18.197999954223633,18.197999954223633,18.197999954223633,0
2025-12-12,CLIMA.MI,18.197999954223633,18.197999954223633,18.197999954223633,18.197999954223633,0
2025-12-15,CLIMA.MI,18.197999954223633,18.197999954223633,18.197999954223633,18.197999954223633,0
2025-12-16,CLIMA.MI,18.197999954223633,18.197999954223633,18.197999954223633,18.197999954223633,0
2025-12-17,CLIMA.MI,18.197999954223633,18.197999954223633,18.197999954223633,18.197999954223633,0
2025-12-18,CLIMA.MI,18.197999954223633,18.197999954223633,18.197999954223633,18.197999954223633,0
2025-12-19,CLIMA.MI,18.197999954223633,18.197999954223633,18.197999954223633,18.197999954223633,0
2025-12-22,CLIMA.MI,18.197999954223633,18.197999954223633,18.197999954223633,18.197999954223633,0
2025-12-23,CLIMA.MI,18.197999954223633,18.197999954223633,18.197999954223633,18.197999954223633,0
2025-12-29,CLIMA.MI,18.197999954223633,18.197999954223633,18.197999954223633,18.197999954223633,0
2025-12-30,CLIMA.MI,18.197999954223633,18.197999954223633,18.197999954223633,18.197999954223633,0
2026-01-02,CLIMA.MI,18.197999954223633,18.197999954223633,18.197999954223633,18.197999954223633,0
2026-01-05,CLIMA.MI,18.197999954223633,18.197999954223633,18.197999954223633,18.197999954223633,0
2026-01-06,CLIMA.MI,18.197999954223633,18.197999954223633,18.197999954223633,18.197999954223633,0
2026-01-07,CLIMA.MI,18.197999954223633,18.197999954223633,18.197999954223633,18.197999954223633,0
2026-01-08,CLIMA.MI,18.802000045776367,18.802000045776367,18.76799964904785,18.76799964904785,6
2026-01-09,CLIMA.MI,18.940000534057617,18.98200035095215,18.913999557495117,18.913999557495117,1000
2026-01-12,CLIMA.MI,18.913999557495117,18.913999557495117,18.913999557495117,18.913999557495117,0
2026-01-13,CLIMA.MI,18.913999557495117,18.913999557495117,18.913999557495117,18.913999557495117,0
2026-01-14,CLIMA.MI,18.913999557495117,18.913999557495117,18.913999557495117,18.913999557495117,0
2026-01-15,CLIMA.MI,18.913999557495117,18.913999557495117,18.913999557495117,18.913999557495117,0
2026-01-16,CLIMA.MI,18.913999557495117,18.913999557495117,18.913999557495117,18.913999557495117,0
2026-01-19,CLIMA.MI,18.913999557495117,18.913999557495117,18.913999557495117,18.913999557495117,0
2026-01-20,CLIMA.MI,18.913999557495117,18.913999557495117,18.913999557495117,18.913999557495117,0
2026-01-21,CLIMA.MI,18.913999557495117,18.913999557495117,18.913999557495117,18.913999557495117,0
2026-01-22,CLIMA.MI,18.913999557495117,18.913999557495117,18.913999557495117,18.913999557495117,0
2026-01-23,CLIMA.MI,18.913999557495117,18.913999557495117,18.913999557495117,18.913999557495117,0
2026-01-26,CLIMA.MI,18.913999557495117,18.913999557495117,18.913999557495117,18.913999557495117,0
2026-01-27,CLIMA.MI,18.913999557495117,18.913999557495117,18.913999557495117,18.913999557495117,0
2026-01-28,CLIMA.MI,18.913999557495117,18.913999557495117,18.913999557495117,18.913999557495117,0
2026-01-29,CLIMA.MI,18.913999557495117,18.913999557495117,18.913999557495117,18.913999557495117,0
2026-01-30,CLIMA.MI,18.913999557495117,18.913999557495117,18.913999557495117,18.913999557495117,0
2026-02-02,CLIMA.MI,18.913999557495117,18.913999557495117,18.913999557495117,18.913999557495117,0
2026-02-03,CLIMA.MI,18.913999557495117,18.913999557495117,18.913999557495117,18.913999557495117,0
2026-02-04,CLIMA.MI,18.913999557495117,18.913999557495117,18.913999557495117,18.913999557495117,0
2026-02-05,CLIMA.MI,18.913999557495117,18.913999557495117,18.913999557495117,18.913999557495117,0
2026-02-06,CLIMA.MI,18.913999557495117,18.913999557495117,18.913999557495117,18.913999557495117,0
2026-02-09,CLIMA.MI,18.913999557495117,18.913999557495117,18.913999557495117,18.913999557495117,0
2026-02-10,CLIMA.MI,18.913999557495117,18.913999557495117,18.913999557495117,18.913999557495117,0
2026-02-11,CLIMA.MI,18.913999557495117,18.913999557495117,18.913999557495117,18.913999557495117,0
2026-02-12,CLIMA.MI,18.913999557495117,18.913999557495117,18.913999557495117,18.913999557495117,0
2026-02-13,CLIMA.MI,18.555999755859375,18.555999755859375,18.540000915527344,18.540000915527344,1
2026-02-16,CLIMA.MI,18.540000915527344,18.540000915527344,18.540000915527344,18.540000915527344,0
2026-02-17,CLIMA.MI,18.540000915527344,18.540000915527344,18.540000915527344,18.540000915527344,0
2026-02-18,CLIMA.MI,18.540000915527344,18.540000915527344,18.540000915527344,18.540000915527344,0
2026-02-19,CLIMA.MI,18.540000915527344,18.540000915527344,18.540000915527344,18.540000915527344,0
2026-02-20,CLIMA.MI,18.540000915527344,18.540000915527344,18.540000915527344,18.540000915527344,0
2026-02-23,CLIMA.MI,18.540000915527344,18.540000915527344,18.540000915527344,18.540000915527344,0
2026-02-24,CLIMA.MI,18.540000915527344,18.540000915527344,18.540000915527344,18.540000915527344,0
2026-02-25,CLIMA.MI,18.540000915527344,18.540000915527344,18.540000915527344,18.540000915527344,0
2026-02-26,CLIMA.MI,18.540000915527344,18.540000915527344,18.540000915527344,18.540000915527344,0
2026-02-27,CLIMA.MI,18.540000915527344,18.540000915527344,18.540000915527344,18.540000915527344,0
2026-03-02,CLIMA.MI,18.540000915527344,18.540000915527344,18.540000915527344,18.540000915527344,0
2026-03-03,CLIMA.MI,18.540000915527344,18.540000915527344,18.540000915527344,18.540000915527344,0
2026-03-04,CLIMA.MI,18.540000915527344,18.540000915527344,18.540000915527344,18.540000915527344,0
2026-03-05,CLIMA.MI,18.540000915527344,18.540000915527344,18.540000915527344,18.540000915527344,0
2026-03-09,CLIMA.MI,18.540000915527344,18.540000915527344,18.540000915527344,18.540000915527344,0
2026-03-10,CLIMA.MI,18.540000915527344,18.540000915527344,18.540000915527344,18.540000915527344,0
2026-03-11,CLIMA.MI,18.540000915527344,18.540000915527344,18.540000915527344,18.540000915527344,0
2026-03-12,CLIMA.MI,18.540000915527344,18.540000915527344,18.540000915527344,18.540000915527344,0
2026-03-13,CLIMA.MI,18.540000915527344,18.540000915527344,18.540000915527344,18.540000915527344,0
2026-03-16,CLIMA.MI,18.540000915527344,18.540000915527344,18.540000915527344,18.540000915527344,0
2026-03-17,CLIMA.MI,18.540000915527344,18.540000915527344,18.540000915527344,18.540000915527344,0
2026-03-18,CLIMA.MI,18.540000915527344,18.540000915527344,18.540000915527344,18.540000915527344,0
2026-03-19,CLIMA.MI,18.540000915527344,18.540000915527344,18.540000915527344,18.540000915527344,0
2026-03-20,CLIMA.MI,18.540000915527344,18.540000915527344,18.540000915527344,18.540000915527344,0
2026-03-23,CLIMA.MI,18.540000915527344,18.540000915527344,18.540000915527344,18.540000915527344,0
2026-03-24,CLIMA.MI,18.540000915527344,18.540000915527344,18.540000915527344,18.540000915527344,0
2026-03-25,CLIMA.MI,18.540000915527344,18.540000915527344,18.540000915527344,18.540000915527344,0
2026-03-26,CLIMA.MI,18.540000915527344,18.540000915527344,18.540000915527344,18.540000915527344,0
2026-03-27,CLIMA.MI,18.540000915527344,18.540000915527344,18.540000915527344,18.540000915527344,0
2026-03-30,CLIMA.MI,18.540000915527344,18.540000915527344,18.540000915527344,18.540000915527344,0
2026-03-31,CLIMA.MI,18.540000915527344,18.540000915527344,18.540000915527344,18.540000915527344,0
2026-04-01,CLIMA.MI,18.540000915527344,18.540000915527344,18.540000915527344,18.540000915527344,0
2026-04-02,CLIMA.MI,18.540000915527344,18.540000915527344,18.540000915527344,18.540000915527344,0
2026-04-07,CLIMA.MI,18.540000915527344,18.540000915527344,18.540000915527344,18.540000915527344,0
2026-04-08,CLIMA.MI,18.540000915527344,18.540000915527344,18.540000915527344,18.540000915527344,0
2026-04-09,CLIMA.MI,18.540000915527344,18.540000915527344,18.540000915527344,18.540000915527344,0
2026-04-10,CLIMA.MI,18.540000915527344,18.540000915527344,18.540000915527344,18.540000915527344,0
2026-04-13,CLIMA.MI,18.540000915527344,18.540000915527344,18.540000915527344,18.540000915527344,0
2026-04-14,CLIMA.MI,18.540000915527344,18.540000915527344,18.540000915527344,18.540000915527344,0
2026-04-15,CLIMA.MI,18.540000915527344,18.540000915527344,18.540000915527344,18.540000915527344,0
2026-04-16,CLIMA.MI,18.540000915527344,18.540000915527344,18.540000915527344,18.540000915527344,0
2026-04-17,CLIMA.MI,18.540000915527344,18.540000915527344,18.540000915527344,18.540000915527344,0
2026-04-20,CLIMA.MI,18.540000915527344,18.540000915527344,18.540000915527344,18.540000915527344,0
2026-04-21,CLIMA.MI,18.540000915527344,18.540000915527344,18.540000915527344,18.540000915527344,0
2026-04-22,CLIMA.MI,18.540000915527344,18.540000915527344,18.540000915527344,18.540000915527344,0
2026-04-23,CLIMA.MI,18.540000915527344,18.540000915527344,18.540000915527344,18.540000915527344,0
2026-04-24,CLIMA.MI,18.540000915527344,18.540000915527344,18.540000915527344,18.540000915527344,0
2026-04-27,CLIMA.MI,18.540000915527344,18.540000915527344,18.540000915527344,18.540000915527344,0
2026-04-28,CLIMA.MI,19.101999282836914,19.101999282836914,19.0939998626709,19.0939998626709,1000
2026-04-29,CLIMA.MI,19.0939998626709,19.0939998626709,19.0939998626709,19.0939998626709,0
2026-04-30,CLIMA.MI,19.0939998626709,19.0939998626709,19.0939998626709,19.0939998626709,0
2026-05-04,CLIMA.MI,19.0939998626709,19.0939998626709,19.0939998626709,19.0939998626709,0
2026-05-05,CLIMA.MI,19.0939998626709,19.0939998626709,19.0939998626709,19.0939998626709,0
2026-05-06,CLIMA.MI,19.0939998626709,19.0939998626709,19.0939998626709,19.0939998626709,0
2026-05-07,CLIMA.MI,19.0939998626709,19.0939998626709,19.0939998626709,19.0939998626709,0
2026-05-08,CLIMA.MI,19.0939998626709,19.0939998626709,19.0939998626709,19.0939998626709,0
2026-05-11,CLIMA.MI,19.0939998626709,19.0939998626709,19.0939998626709,19.0939998626709,0
2026-05-12,CLIMA.MI,19.0939998626709,19.0939998626709,19.0939998626709,19.0939998626709,0
2026-05-13,CLIMA.MI,19.0939998626709,19.0939998626709,19.0939998626709,19.0939998626709,0
2026-05-14,CLIMA.MI,19.0939998626709,19.0939998626709,19.0939998626709,19.0939998626709,0
2026-05-15,CLIMA.MI,19.0939998626709,19.0939998626709,19.0939998626709,19.0939998626709,0
2026-05-18,CLIMA.MI,19.0939998626709,19.0939998626709,19.0939998626709,19.0939998626709,0
2026-05-19,CLIMA.MI,19.0939998626709,19.0939998626709,19.0939998626709,19.0939998626709,0
2026-05-20,CLIMA.MI,19.0939998626709,19.0939998626709,19.0939998626709,19.0939998626709,0
2026-05-21,CLIMA.MI,19.0939998626709,19.0939998626709,19.0939998626709,19.0939998626709,0
2026-05-22,CLIMA.MI,19.0939998626709,19.0939998626709,19.0939998626709,19.0939998626709,0
2026-05-25,CLIMA.MI,19.0939998626709,19.0939998626709,19.0939998626709,19.0939998626709,0
2026-05-26,CLIMA.MI,19.0939998626709,19.0939998626709,19.0939998626709,19.0939998626709,0
2026-05-27,CLIMA.MI,19.0939998626709,19.0939998626709,19.0939998626709,19.0939998626709,0
2026-05-28,CLIMA.MI,19.0939998626709,19.0939998626709,19.0939998626709,19.0939998626709,0
2026-05-29,CLIMA.MI,19.0939998626709,19.0939998626709,19.0939998626709,19.0939998626709,0
2026-06-01,CLIMA.MI,19.0939998626709,19.0939998626709,19.0939998626709,19.0939998626709,0
2026-06-02,CLIMA.MI,19.0939998626709,19.0939998626709,19.0939998626709,19.0939998626709,0
2026-06-03,CLIMA.MI,19.0939998626709,19.0939998626709,19.0939998626709,19.0939998626709,0
2026-06-04,CLIMA.MI,19.0939998626709,19.0939998626709,19.0939998626709,19.0939998626709,0
2026-06-05,CLIMA.MI,19.0939998626709,19.0939998626709,19.0939998626709,19.0939998626709,0
2026-06-08,CLIMA.MI,20.229999542236328,20.229999542236328,20.200000762939453,20.200000762939453,262
2026-06-09,CLIMA.MI,20.200000762939453,20.200000762939453,20.200000762939453,20.200000762939453,0
2026-06-10,CLIMA.MI,20.200000762939453,20.200000762939453,20.200000762939453,20.200000762939453,0
2026-06-11,CLIMA.MI,20.200000762939453,20.200000762939453,20.200000762939453,20.200000762939453,0
2026-06-12,CLIMA.MI,20.200000762939453,20.200000762939453,20.200000762939453,20.200000762939453,0
2026-06-15,CLIMA.MI,20.290000915527344,20.334999084472656,20.28499984741211,20.334999084472656,262
2026-06-16,CLIMA.MI,20.334999084472656,20.334999084472656,20.334999084472656,20.334999084472656,0
2026-06-17,CLIMA.MI,20.334999084472656,20.334999084472656,20.334999084472656,20.334999084472656,0
2026-06-18,CLIMA.MI,20.334999084472656,20.334999084472656,20.334999084472656,20.334999084472656,0
2026-06-19,CLIMA.MI,20.334999084472656,20.334999084472656,20.334999084472656,20.334999084472656,0
2026-06-22,CLIMA.MI,20.334999084472656,20.334999084472656,20.334999084472656,20.334999084472656,0
2026-06-23,CLIMA.MI,20.334999084472656,20.334999084472656,20.334999084472656,20.334999084472656,0
2026-06-24,CLIMA.MI,20.334999084472656,20.334999084472656,20.334999084472656,20.334999084472656,0
2026-06-25,CLIMA.MI,20.334999084472656,20.334999084472656,20.334999084472656,20.334999084472656,0
2026-06-26,CLIMA.MI,20.334999084472656,20.334999084472656,20.334999084472656,20.334999084472656,0
2026-06-29,CLIMA.MI,20.334999084472656,20.334999084472656,20.334999084472656,20.334999084472656,0
2026-06-30,CLIMA.MI,20.334999084472656,20.334999084472656,20.334999084472656,20.334999084472656,0
2026-07-01,CLIMA.MI,20.334999084472656,20.334999084472656,20.334999084472656,20.334999084472656,0
2026-07-02,CLIMA.MI,20.334999084472656,20.334999084472656,20.334999084472656,20.334999084472656,0
2026-07-03,CLIMA.MI,20.334999084472656,20.334999084472656,20.334999084472656,20.334999084472656,0
2026-07-06,CLIMA.MI,20.334999084472656,20.334999084472656,20.334999084472656,20.334999084472656,0
2026-07-07,CLIMA.MI,20.334999084472656,20.334999084472656,20.334999084472656,20.334999084472656,0
2026-07-08,CLIMA.MI,20.334999084472656,20.334999084472656,20.334999084472656,20.334999084472656,0
2026-07-09,CLIMA.MI,20.334999084472656,20.334999084472656,20.334999084472656,20.334999084472656,0
2026-07-10,CLIMA.MI,20.334999084472656,20.334999084472656,20.334999084472656,20.334999084472656,0
2026-07-13,CLIMA.MI,20.334999084472656,20.334999084472656,20.334999084472656,20.334999084472656,0
2026-07-14,CLIMA.MI,20.334999084472656,20.334999084472656,20.334999084472656,20.334999084472656,0
2026-07-15,CLIMA.MI,20.334999084472656,20.334999084472656,20.334999084472656,20.334999084472656,0
2026-07-16,CLIMA.MI,20.334999084472656,20.334999084472656,20.334999084472656,20.334999084472656,0
2026-07-17,CLIMA.MI,20.334999084472656,20.334999084472656,20.334999084472656,20.334999084472656,0
2026-07-20,CLIMA.MI,20.334999084472656,20.334999084472656,20.334999084472656,20.334999084472656,0
2026-07-21,CLIMA.MI,20.334999084472656,20.334999084472656,20.334999084472656,20.334999084472656,0
2026-07-22,CLIMA.MI,20.334999084472656,20.334999084472656,20.334999084472656,20.334999084472656,0
2026-07-23,CLIMA.MI,20.334999084472656,20.334999084472656,20.334999084472656,20.334999084472656,0
2026-07-24,CLIMA.MI,20.334999084472656,20.334999084472656,20.334999084472656,20.334999084472656,0
2026-07-27,CLIMA.MI,20.334999084472656,20.334999084472656,20.334999084472656,20.334999084472656,0
