Date,Ticker,Open,High,Low,Close,Volume
2018-01-02,DBA,18.790000915527344,19.010000228881836,18.790000915527344,18.969999313354492,1317700
2018-01-03,DBA,19.0,19.0,18.899999618530273,18.959999084472656,990300
2018-01-04,DBA,18.8799991607666,18.969999313354492,18.829999923706055,18.93000030517578,647400
2018-01-05,DBA,18.889999389648438,18.889999389648438,18.790000915527344,18.829999923706055,722000
2018-01-08,DBA,18.709999084472656,18.729999542236328,18.6200008392334,18.700000762939453,940400
2018-01-09,DBA,18.649999618530273,18.739999771118164,18.610000610351562,18.739999771118164,463700
2018-01-10,DBA,18.75,18.760000228881836,18.65999984741211,18.670000076293945,717100
2018-01-11,DBA,18.6200008392334,18.639999389648438,18.559999465942383,18.600000381469727,993600
2018-01-12,DBA,18.649999618530273,18.649999618530273,18.450000762939453,18.559999465942383,876000
2018-01-16,DBA,18.510000228881836,18.540000915527344,18.469999313354492,18.540000915527344,538300
2018-01-17,DBA,18.56999969482422,18.719999313354492,18.520000457763672,18.690000534057617,872700
2018-01-18,DBA,18.780000686645508,18.899999618530273,18.6299991607666,18.68000030517578,777200
2018-01-19,DBA,18.639999389648438,18.690000534057617,18.579999923706055,18.6299991607666,520400
2018-01-22,DBA,18.709999084472656,18.75,18.670000076293945,18.690000534057617,547500
2018-01-23,DBA,18.670000076293945,18.670000076293945,18.56999969482422,18.6200008392334,359100
2018-01-24,DBA,18.690000534057617,18.799999237060547,18.68000030517578,18.799999237060547,598700
2018-01-25,DBA,18.950000762939453,18.950000762939453,18.729999542236328,18.739999771118164,656800
2018-01-26,DBA,18.739999771118164,18.899999618530273,18.729999542236328,18.889999389648438,815000
2018-01-29,DBA,19.0,19.010000228881836,18.8799991607666,18.90999984741211,621900
2018-01-30,DBA,18.959999084472656,18.989999771118164,18.829999923706055,18.940000534057617,1052400
2018-01-31,DBA,18.93000030517578,18.940000534057617,18.81999969482422,18.829999923706055,752300
2018-02-01,DBA,18.790000915527344,19.0,18.770000457763672,19.0,1133000
2018-02-02,DBA,18.969999313354492,18.979999542236328,18.889999389648438,18.969999313354492,658100
2018-02-05,DBA,18.889999389648438,18.969999313354492,18.809999465942383,18.84000015258789,1033200
2018-02-06,DBA,18.860000610351562,18.989999771118164,18.860000610351562,18.979999542236328,1226000
2018-02-07,DBA,19.030000686645508,19.030000686645508,18.90999984741211,18.959999084472656,798100
2018-02-08,DBA,18.989999771118164,18.989999771118164,18.860000610351562,18.860000610351562,873000
2018-02-09,DBA,18.84000015258789,18.889999389648438,18.75,18.81999969482422,1012100
2018-02-12,DBA,18.850000381469727,18.950000762939453,18.829999923706055,18.940000534057617,644000
2018-02-13,DBA,18.940000534057617,18.969999313354492,18.889999389648438,18.940000534057617,981800
2018-02-14,DBA,18.899999618530273,19.040000915527344,18.860000610351562,19.010000228881836,1024900
2018-02-15,DBA,19.06999969482422,19.1299991607666,19.0,19.1200008392334,1827000
2018-02-16,DBA,19.040000915527344,19.040000915527344,18.940000534057617,18.969999313354492,840700
2018-02-20,DBA,18.969999313354492,19.06999969482422,18.969999313354492,18.979999542236328,583200
2018-02-21,DBA,18.979999542236328,19.049999237060547,18.920000076293945,18.93000030517578,992600
2018-02-22,DBA,18.940000534057617,19.040000915527344,18.940000534057617,19.040000915527344,715300
2018-02-23,DBA,19.09000015258789,19.1299991607666,19.040000915527344,19.100000381469727,723700
2018-02-26,DBA,19.100000381469727,19.200000762939453,19.079999923706055,19.139999389648438,636300
2018-02-27,DBA,19.1299991607666,19.170000076293945,19.09000015258789,19.100000381469727,509800
2018-02-28,DBA,19.170000076293945,19.280000686645508,19.15999984741211,19.170000076293945,860600
2018-03-01,DBA,19.270000457763672,19.479999542236328,19.219999313354492,19.459999084472656,3122600
2018-03-02,DBA,19.440000534057617,19.479999542236328,19.299999237060547,19.389999389648438,1596900
2018-03-05,DBA,19.450000762939453,19.639999389648438,19.40999984741211,19.6299991607666,1412900
2018-03-06,DBA,19.6299991607666,19.68000030517578,19.559999465942383,19.59000015258789,937100
2018-03-07,DBA,19.540000915527344,19.56999969482422,19.40999984741211,19.420000076293945,762600
2018-03-08,DBA,19.399999618530273,19.510000228881836,19.3700008392334,19.479999542236328,538700
2018-03-09,DBA,19.450000762939453,19.450000762939453,19.309999465942383,19.350000381469727,534900
2018-03-12,DBA,19.34000015258789,19.399999618530273,19.309999465942383,19.3799991607666,903000
2018-03-13,DBA,19.440000534057617,19.5,19.350000381469727,19.389999389648438,332700
2018-03-14,DBA,19.440000534057617,19.479999542236328,19.389999389648438,19.399999618530273,258400
2018-03-15,DBA,19.399999618530273,19.399999618530273,19.25,19.280000686645508,573600
2018-03-16,DBA,19.280000686645508,19.280000686645508,19.15999984741211,19.190000534057617,3647400
2018-03-19,DBA,19.049999237060547,19.059999465942383,18.829999923706055,18.84000015258789,871400
2018-03-20,DBA,18.850000381469727,18.899999618530273,18.790000915527344,18.799999237060547,1190700
2018-03-21,DBA,18.860000610351562,18.889999389648438,18.780000686645508,18.850000381469727,450000
2018-03-22,DBA,18.860000610351562,18.889999389648438,18.780000686645508,18.850000381469727,781300
2018-03-23,DBA,18.780000686645508,18.899999618530273,18.6299991607666,18.8700008392334,1926000
2018-03-26,DBA,18.860000610351562,18.90999984741211,18.799999237060547,18.809999465942383,446600
2018-03-27,DBA,18.739999771118164,18.790000915527344,18.68000030517578,18.700000762939453,372600
2018-03-28,DBA,18.600000381469727,18.739999771118164,18.59000015258789,18.690000534057617,474000
2018-03-29,DBA,18.690000534057617,18.850000381469727,18.6200008392334,18.809999465942383,1417900
2018-04-02,DBA,18.899999618530273,18.950000762939453,18.700000762939453,18.709999084472656,669300
2018-04-03,DBA,18.729999542236328,18.770000457763672,18.59000015258789,18.600000381469727,1126400
2018-04-04,DBA,18.3799991607666,18.56999969482422,18.31999969482422,18.549999237060547,1794300
2018-04-05,DBA,18.670000076293945,18.829999923706055,18.639999389648438,18.81999969482422,501500
2018-04-06,DBA,18.729999542236328,18.809999465942383,18.670000076293945,18.719999313354492,406200
2018-04-09,DBA,18.850000381469727,19.049999237060547,18.75,18.989999771118164,679300
2018-04-10,DBA,18.93000030517578,18.989999771118164,18.8700008392334,18.889999389648438,743300
2018-04-11,DBA,18.90999984741211,19.020000457763672,18.860000610351562,18.899999618530273,347100
2018-04-12,DBA,18.90999984741211,18.979999542236328,18.8700008392334,18.969999313354492,383600
2018-04-13,DBA,19.010000228881836,19.010000228881836,18.8700008392334,18.90999984741211,402500
2018-04-16,DBA,19.020000457763672,19.030000686645508,18.850000381469727,18.850000381469727,256400
2018-04-17,DBA,18.8799991607666,18.90999984741211,18.770000457763672,18.84000015258789,231600
2018-04-18,DBA,18.969999313354492,19.059999465942383,18.969999313354492,19.049999237060547,563900
2018-04-19,DBA,19.1299991607666,19.1299991607666,18.940000534057617,19.0,243100
2018-04-20,DBA,18.899999618530273,18.940000534057617,18.809999465942383,18.850000381469727,563100
2018-04-23,DBA,18.860000610351562,18.889999389648438,18.770000457763672,18.790000915527344,304200
2018-04-24,DBA,18.760000228881836,18.93000030517578,18.739999771118164,18.93000030517578,242400
2018-04-25,DBA,18.84000015258789,19.09000015258789,18.84000015258789,19.059999465942383,330300
2018-04-26,DBA,19.100000381469727,19.1200008392334,18.93000030517578,18.969999313354492,487300
2018-04-27,DBA,18.940000534057617,19.219999313354492,18.940000534057617,19.219999313354492,364000
2018-04-30,DBA,19.229999542236328,19.280000686645508,19.190000534057617,19.25,420300
2018-05-01,DBA,19.25,19.510000228881836,19.25,19.479999542236328,620400
2018-05-02,DBA,19.40999984741211,19.479999542236328,19.309999465942383,19.31999969482422,596400
2018-05-03,DBA,19.34000015258789,19.540000915527344,19.299999237060547,19.540000915527344,542200
2018-05-04,DBA,19.399999618530273,19.40999984741211,19.299999237060547,19.31999969482422,538000
2018-05-07,DBA,19.260000228881836,19.260000228881836,19.149999618530273,19.149999618530273,333100
2018-05-08,DBA,19.209999084472656,19.209999084472656,19.110000610351562,19.190000534057617,221000
2018-05-09,DBA,19.1299991607666,19.1299991607666,19.010000228881836,19.040000915527344,523900
2018-05-10,DBA,19.040000915527344,19.139999389648438,19.0,19.049999237060547,251900
2018-05-11,DBA,19.0,19.040000915527344,18.920000076293945,18.950000762939453,286900
2018-05-14,DBA,18.940000534057617,18.969999313354492,18.850000381469727,18.850000381469727,401500
2018-05-15,DBA,18.829999923706055,18.829999923706055,18.649999618530273,18.75,546700
2018-05-16,DBA,18.81999969482422,18.81999969482422,18.739999771118164,18.770000457763672,155900
2018-05-17,DBA,18.90999984741211,18.90999984741211,18.65999984741211,18.65999984741211,220200
2018-05-18,DBA,18.790000915527344,18.950000762939453,18.75,18.8700008392334,494200
2018-05-21,DBA,19.059999465942383,19.100000381469727,18.950000762939453,18.989999771118164,792600
2018-05-22,DBA,19.1200008392334,19.18000030517578,19.059999465942383,19.100000381469727,379500
2018-05-23,DBA,19.1200008392334,19.290000915527344,19.110000610351562,19.290000915527344,470100
2018-05-24,DBA,19.3799991607666,19.420000076293945,19.229999542236328,19.229999542236328,368500
2018-05-25,DBA,19.25,19.3700008392334,19.219999313354492,19.360000610351562,284800
2018-05-29,DBA,19.3799991607666,19.399999618530273,19.139999389648438,19.219999313354492,462000
2018-05-30,DBA,19.200000762939453,19.229999542236328,19.059999465942383,19.229999542236328,399800
2018-05-31,DBA,19.270000457763672,19.299999237060547,19.149999618530273,19.209999084472656,788300
2018-06-01,DBA,19.260000228881836,19.260000228881836,19.100000381469727,19.139999389648438,412000
2018-06-04,DBA,19.360000610351562,19.360000610351562,18.649999618530273,18.68000030517578,1242700
2018-06-05,DBA,18.770000457763672,18.770000457763672,18.579999923706055,18.639999389648438,752200
2018-06-06,DBA,18.719999313354492,18.850000381469727,18.719999313354492,18.729999542236328,601100
2018-06-07,DBA,18.84000015258789,18.84000015258789,18.530000686645508,18.579999923706055,1039700
2018-06-08,DBA,18.6200008392334,18.790000915527344,18.56999969482422,18.770000457763672,596300
2018-06-11,DBA,18.729999542236328,18.729999542236328,18.559999465942383,18.559999465942383,621300
2018-06-12,DBA,18.6299991607666,18.81999969482422,18.600000381469727,18.790000915527344,834600
2018-06-13,DBA,18.739999771118164,18.790000915527344,18.649999618530273,18.670000076293945,303000
2018-06-14,DBA,18.59000015258789,18.59000015258789,18.40999984741211,18.420000076293945,798500
2018-06-15,DBA,18.309999465942383,18.540000915527344,18.239999771118164,18.459999084472656,820500
2018-06-18,DBA,18.299999237060547,18.350000381469727,18.200000762939453,18.280000686645508,1001800
2018-06-19,DBA,18.049999237060547,18.1299991607666,17.719999313354492,18.100000381469727,1695800
2018-06-20,DBA,18.190000534057617,18.229999542236328,18.06999969482422,18.18000030517578,478500
2018-06-21,DBA,18.18000030517578,18.209999084472656,18.110000610351562,18.1299991607666,394100
2018-06-22,DBA,18.18000030517578,18.239999771118164,18.100000381469727,18.209999084472656,339600
2018-06-25,DBA,18.0,18.049999237060547,17.920000076293945,17.920000076293945,598100
2018-06-26,DBA,17.940000534057617,18.010000228881836,17.84000015258789,17.889999389648438,438400
2018-06-27,DBA,17.84000015258789,17.8700008392334,17.75,17.760000228881836,1004800
2018-06-28,DBA,17.799999237060547,17.899999618530273,17.760000228881836,17.770000457763672,568700
2018-06-29,DBA,17.709999084472656,18.1200008392334,17.709999084472656,18.030000686645508,839500
2018-07-02,DBA,17.8799991607666,17.899999618530273,17.639999389648438,17.65999984741211,996500
2018-07-03,DBA,17.739999771118164,17.770000457763672,17.65999984741211,17.670000076293945,281100
2018-07-05,DBA,17.729999542236328,17.780000686645508,17.649999618530273,17.65999984741211,893700
2018-07-06,DBA,17.639999389648438,17.93000030517578,17.639999389648438,17.90999984741211,943300
2018-07-09,DBA,17.84000015258789,17.84000015258789,17.670000076293945,17.719999313354492,361900
2018-07-10,DBA,17.719999313354492,17.739999771118164,17.579999923706055,17.6200008392334,723000
2018-07-11,DBA,17.56999969482422,17.56999969482422,17.25,17.280000686645508,847100
2018-07-12,DBA,17.280000686645508,17.450000762939453,17.280000686645508,17.399999618530273,2362800
2018-07-13,DBA,17.399999618530273,17.399999618530273,17.25,17.360000610351562,943000
2018-07-16,DBA,17.440000534057617,17.5,17.309999465942383,17.329999923706055,415600
2018-07-17,DBA,17.31999969482422,17.40999984741211,17.280000686645508,17.329999923706055,403300
2018-07-18,DBA,17.34000015258789,17.34000015258789,17.229999542236328,17.280000686645508,350500
2018-07-19,DBA,17.25,17.360000610351562,17.239999771118164,17.31999969482422,304000
2018-07-20,DBA,17.399999618530273,17.469999313354492,17.350000381469727,17.440000534057617,438800
2018-07-23,DBA,17.5,17.530000686645508,17.43000030517578,17.479999542236328,313200
2018-07-24,DBA,17.440000534057617,17.510000228881836,17.389999389648438,17.420000076293945,420900
2018-07-25,DBA,17.5,17.68000030517578,17.489999771118164,17.670000076293945,700400
2018-07-26,DBA,17.780000686645508,17.81999969482422,17.549999237060547,17.549999237060547,803100
2018-07-27,DBA,17.540000915527344,17.540000915527344,17.420000076293945,17.469999313354492,847200
2018-07-30,DBA,17.440000534057617,17.729999542236328,17.440000534057617,17.579999923706055,382000
2018-07-31,DBA,17.639999389648438,17.700000762939453,17.469999313354492,17.530000686645508,497700
2018-08-01,DBA,17.530000686645508,17.56999969482422,17.3799991607666,17.440000534057617,352500
2018-08-02,DBA,17.440000534057617,17.510000228881836,17.34000015258789,17.3799991607666,511600
2018-08-03,DBA,17.34000015258789,17.56999969482422,17.34000015258789,17.510000228881836,311800
2018-08-06,DBA,17.540000915527344,17.68000030517578,17.540000915527344,17.639999389648438,347900
2018-08-07,DBA,17.68000030517578,17.700000762939453,17.540000915527344,17.549999237060547,346700
2018-08-08,DBA,17.520000457763672,17.56999969482422,17.479999542236328,17.540000915527344,274500
2018-08-09,DBA,17.540000915527344,17.540000915527344,17.469999313354492,17.489999771118164,278100
2018-08-10,DBA,17.40999984741211,17.520000457763672,17.190000534057617,17.209999084472656,536500
2018-08-13,DBA,17.059999465942383,17.15999984741211,17.040000915527344,17.079999923706055,414500
2018-08-14,DBA,17.15999984741211,17.219999313354492,17.1299991607666,17.219999313354492,294100
2018-08-15,DBA,17.239999771118164,17.239999771118164,17.059999465942383,17.06999969482422,421300
2018-08-16,DBA,17.149999618530273,17.399999618530273,17.149999618530273,17.290000915527344,406700
2018-08-17,DBA,17.219999313354492,17.450000762939453,17.219999313354492,17.440000534057617,298200
2018-08-20,DBA,17.459999084472656,17.459999084472656,17.25,17.270000457763672,184200
2018-08-21,DBA,17.209999084472656,17.360000610351562,17.18000030517578,17.25,226500
2018-08-22,DBA,17.190000534057617,17.190000534057617,17.059999465942383,17.139999389648438,305900
2018-08-23,DBA,17.049999237060547,17.110000610351562,16.969999313354492,16.989999771118164,384800
2018-08-24,DBA,17.06999969482422,17.139999389648438,17.020000457763672,17.040000915527344,261600
2018-08-27,DBA,16.959999084472656,17.190000534057617,16.959999084472656,17.18000030517578,294800
2018-08-28,DBA,17.1200008392334,17.1200008392334,16.899999618530273,16.899999618530273,552800
2018-08-29,DBA,16.969999313354492,17.059999465942383,16.899999618530273,16.989999771118164,579100
2018-08-30,DBA,16.950000762939453,16.959999084472656,16.84000015258789,16.850000381469727,757600
2018-08-31,DBA,16.899999618530273,17.06999969482422,16.899999618530273,17.059999465942383,1005200
2018-09-04,DBA,16.8700008392334,17.059999465942383,16.809999465942383,17.049999237060547,1059100
2018-09-05,DBA,17.1200008392334,17.1299991607666,17.030000686645508,17.049999237060547,533400
2018-09-06,DBA,17.0,17.06999969482422,16.989999771118164,17.010000228881836,393300
2018-09-07,DBA,17.049999237060547,17.100000381469727,17.010000228881836,17.100000381469727,398400
2018-09-10,DBA,17.15999984741211,17.239999771118164,17.15999984741211,17.219999313354492,391300
2018-09-11,DBA,17.170000076293945,17.170000076293945,17.040000915527344,17.049999237060547,559500
2018-09-12,DBA,17.040000915527344,17.25,17.040000915527344,17.15999984741211,1287700
2018-09-13,DBA,17.170000076293945,17.170000076293945,17.020000457763672,17.079999923706055,635300
2018-09-14,DBA,17.079999923706055,17.100000381469727,17.020000457763672,17.049999237060547,701400
2018-09-17,DBA,17.100000381469727,17.100000381469727,16.899999618530273,16.899999618530273,850700
2018-09-18,DBA,16.940000534057617,16.940000534057617,16.850000381469727,16.889999389648438,614000
2018-09-19,DBA,16.899999618530273,16.969999313354492,16.8700008392334,16.969999313354492,356400
2018-09-20,DBA,16.959999084472656,17.1299991607666,16.959999084472656,17.079999923706055,478000
2018-09-21,DBA,17.059999465942383,17.09000015258789,17.0,17.079999923706055,307500
2018-09-24,DBA,17.049999237060547,17.110000610351562,17.010000228881836,17.030000686645508,648700
2018-09-25,DBA,16.989999771118164,17.049999237060547,16.920000076293945,16.979999542236328,327800
2018-09-26,DBA,16.959999084472656,16.979999542236328,16.940000534057617,16.959999084472656,449300
2018-09-27,DBA,16.959999084472656,16.959999084472656,16.850000381469727,16.889999389648438,267900
2018-09-28,DBA,16.8799991607666,16.979999542236328,16.8700008392334,16.90999984741211,418300
2018-10-01,DBA,16.920000076293945,17.06999969482422,16.920000076293945,17.049999237060547,1171900
2018-10-02,DBA,17.079999923706055,17.3700008392334,17.079999923706055,17.360000610351562,1481700
2018-10-03,DBA,17.389999389648438,17.389999389648438,17.170000076293945,17.18000030517578,492800
2018-10-04,DBA,17.18000030517578,17.229999542236328,17.1200008392334,17.149999618530273,651000
2018-10-05,DBA,17.219999313354492,17.350000381469727,17.219999313354492,17.350000381469727,279800
2018-10-08,DBA,17.399999618530273,17.459999084472656,17.34000015258789,17.450000762939453,277500
2018-10-09,DBA,17.450000762939453,17.459999084472656,17.360000610351562,17.43000030517578,395000
2018-10-10,DBA,17.360000610351562,17.399999618530273,17.260000228881836,17.280000686645508,394100
2018-10-11,DBA,17.280000686645508,17.40999984741211,17.219999313354492,17.31999969482422,708100
2018-10-12,DBA,17.469999313354492,17.56999969482422,17.459999084472656,17.549999237060547,574300
2018-10-15,DBA,17.549999237060547,17.780000686645508,17.549999237060547,17.760000228881836,990200
2018-10-16,DBA,17.770000457763672,17.809999465942383,17.729999542236328,17.760000228881836,1230400
2018-10-17,DBA,17.719999313354492,17.81999969482422,17.719999313354492,17.75,512100
2018-10-18,DBA,17.700000762939453,17.709999084472656,17.549999237060547,17.549999237060547,650900
2018-10-19,DBA,17.549999237060547,17.670000076293945,17.520000457763672,17.540000915527344,520000
2018-10-22,DBA,17.59000015258789,17.65999984741211,17.56999969482422,17.6200008392334,386400
2018-10-23,DBA,17.510000228881836,17.700000762939453,17.5,17.65999984741211,334200
2018-10-24,DBA,17.75,17.790000915527344,17.610000610351562,17.6200008392334,403300
2018-10-25,DBA,17.6200008392334,17.68000030517578,17.530000686645508,17.559999465942383,378600
2018-10-26,DBA,17.639999389648438,17.770000457763672,17.639999389648438,17.719999313354492,421600
2018-10-29,DBA,17.719999313354492,17.790000915527344,17.510000228881836,17.510000228881836,331200
2018-10-30,DBA,17.549999237060547,17.549999237060547,17.40999984741211,17.450000762939453,255900
2018-10-31,DBA,17.399999618530273,17.459999084472656,17.3700008392334,17.40999984741211,711700
2018-11-01,DBA,17.530000686645508,17.690000534057617,17.5,17.6200008392334,952000
2018-11-02,DBA,17.719999313354492,17.770000457763672,17.670000076293945,17.770000457763672,1190600
2018-11-05,DBA,17.75,17.790000915527344,17.6299991607666,17.670000076293945,475400
2018-11-06,DBA,17.670000076293945,17.68000030517578,17.579999923706055,17.579999923706055,333800
2018-11-07,DBA,17.59000015258789,17.610000610351562,17.540000915527344,17.59000015258789,436800
2018-11-08,DBA,17.56999969482422,17.610000610351562,17.389999389648438,17.5,818600
2018-11-09,DBA,17.389999389648438,17.440000534057617,17.290000915527344,17.309999465942383,824900
2018-11-12,DBA,17.260000228881836,17.360000610351562,17.260000228881836,17.299999237060547,465900
2018-11-13,DBA,17.299999237060547,17.299999237060547,17.190000534057617,17.229999542236328,395000
2018-11-14,DBA,17.299999237060547,17.309999465942383,17.229999542236328,17.280000686645508,461200
2018-11-15,DBA,17.290000915527344,17.40999984741211,17.229999542236328,17.239999771118164,453700
2018-11-16,DBA,17.209999084472656,17.459999084472656,17.209999084472656,17.420000076293945,356800
2018-11-19,DBA,17.3700008392334,17.3799991607666,17.270000457763672,17.360000610351562,166600
2018-11-20,DBA,17.360000610351562,17.360000610351562,17.25,17.25,432700
2018-11-21,DBA,17.270000457763672,17.309999465942383,17.209999084472656,17.239999771118164,193400
2018-11-23,DBA,17.139999389648438,17.229999542236328,17.100000381469727,17.15999984741211,213000
2018-11-26,DBA,17.149999618530273,17.15999984741211,17.020000457763672,17.079999923706055,361800
2018-11-27,DBA,17.139999389648438,17.149999618530273,17.059999465942383,17.09000015258789,636600
2018-11-28,DBA,17.190000534057617,17.25,17.149999618530273,17.25,333400
2018-11-29,DBA,17.260000228881836,17.350000381469727,17.239999771118164,17.290000915527344,558700
2018-11-30,DBA,17.239999771118164,17.31999969482422,17.209999084472656,17.290000915527344,391000
2018-12-03,DBA,17.420000076293945,17.510000228881836,17.329999923706055,17.3700008392334,1685600
2018-12-04,DBA,17.299999237060547,17.360000610351562,17.270000457763672,17.290000915527344,1486000
2018-12-06,DBA,17.190000534057617,17.260000228881836,17.100000381469727,17.25,719700
2018-12-07,DBA,17.360000610351562,17.459999084472656,17.360000610351562,17.40999984741211,872000
2018-12-10,DBA,17.399999618530273,17.399999618530273,17.31999969482422,17.34000015258789,350300
2018-12-11,DBA,17.299999237060547,17.309999465942383,17.149999618530273,17.25,227000
2018-12-12,DBA,17.299999237060547,17.3700008392334,17.290000915527344,17.329999923706055,279800
2018-12-13,DBA,17.299999237060547,17.43000030517578,17.280000686645508,17.40999984741211,344400
2018-12-14,DBA,17.40999984741211,17.479999542236328,17.31999969482422,17.329999923706055,284100
2018-12-17,DBA,17.309999465942383,17.309999465942383,17.200000762939453,17.219999313354492,351800
2018-12-18,DBA,17.270000457763672,17.280000686645508,17.200000762939453,17.219999313354492,341300
2018-12-19,DBA,17.219999313354492,17.309999465942383,17.15999984741211,17.190000534057617,661500
2018-12-20,DBA,17.239999771118164,17.239999771118164,17.1200008392334,17.139999389648438,258100
2018-12-21,DBA,17.079999923706055,17.100000381469727,17.0,17.0,806100
2018-12-24,DBA,16.8700008392334,16.959999084472656,16.719999313354492,16.950000762939453,368700
2018-12-26,DBA,16.920000076293945,17.040000915527344,16.920000076293945,16.959999084472656,1059000
2018-12-27,DBA,16.959999084472656,16.959999084472656,16.8799991607666,16.899999618530273,419400
2018-12-28,DBA,16.979999542236328,17.0,16.950000762939453,16.969999313354492,348200
2018-12-31,DBA,16.979999542236328,16.989999771118164,16.90999984741211,16.940000534057617,439800
2019-01-02,DBA,16.8799991607666,17.0,16.8799991607666,16.90999984741211,253800
2019-01-03,DBA,16.920000076293945,16.989999771118164,16.920000076293945,16.969999313354492,492200
2019-01-04,DBA,16.979999542236328,17.010000228881836,16.90999984741211,16.940000534057617,264400
2019-01-07,DBA,17.09000015258789,17.190000534057617,17.059999465942383,17.15999984741211,512400
2019-01-08,DBA,17.239999771118164,17.280000686645508,17.200000762939453,17.280000686645508,329200
2019-01-09,DBA,17.290000915527344,17.350000381469727,17.280000686645508,17.309999465942383,309200
2019-01-10,DBA,17.219999313354492,17.25,17.15999984741211,17.18000030517578,241200
2019-01-11,DBA,17.209999084472656,17.260000228881836,17.200000762939453,17.239999771118164,198000
2019-01-14,DBA,17.149999618530273,17.219999313354492,17.1200008392334,17.15999984741211,131400
2019-01-15,DBA,17.100000381469727,17.1299991607666,17.059999465942383,17.079999923706055,140700
2019-01-16,DBA,17.149999618530273,17.18000030517578,17.079999923706055,17.100000381469727,237500
2019-01-17,DBA,17.139999389648438,17.200000762939453,17.09000015258789,17.200000762939453,214800
2019-01-18,DBA,17.190000534057617,17.309999465942383,17.15999984741211,17.280000686645508,473200
2019-01-22,DBA,17.18000030517578,17.190000534057617,17.049999237060547,17.1299991607666,519300
2019-01-23,DBA,17.1299991607666,17.18000030517578,17.079999923706055,17.18000030517578,222000
2019-01-24,DBA,17.18000030517578,17.190000534057617,17.1200008392334,17.190000534057617,125000
2019-01-25,DBA,17.079999923706055,17.09000015258789,16.979999542236328,17.079999923706055,280400
2019-01-28,DBA,17.06999969482422,17.09000015258789,17.030000686645508,17.09000015258789,331000
2019-01-29,DBA,17.06999969482422,17.06999969482422,16.979999542236328,17.010000228881836,114400
2019-01-30,DBA,17.010000228881836,17.010000228881836,16.93000030517578,17.0,122200
2019-01-31,DBA,17.030000686645508,17.079999923706055,16.920000076293945,16.920000076293945,484000
2019-02-01,DBA,16.979999542236328,17.0,16.90999984741211,16.93000030517578,691500
2019-02-04,DBA,16.950000762939453,17.1200008392334,16.950000762939453,17.1200008392334,350800
2019-02-05,DBA,17.059999465942383,17.079999923706055,16.989999771118164,17.06999969482422,490800
2019-02-06,DBA,17.100000381469727,17.1299991607666,17.079999923706055,17.110000610351562,298700
2019-02-07,DBA,17.030000686645508,17.030000686645508,16.899999618530273,16.950000762939453,443400
2019-02-08,DBA,16.950000762939453,16.950000762939453,16.829999923706055,16.829999923706055,465800
2019-02-11,DBA,16.81999969482422,16.81999969482422,16.729999542236328,16.809999465942383,290600
2019-02-12,DBA,16.850000381469727,16.899999618530273,16.84000015258789,16.889999389648438,272400
2019-02-13,DBA,16.84000015258789,16.8799991607666,16.829999923706055,16.860000610351562,306300
2019-02-14,DBA,16.829999923706055,16.829999923706055,16.68000030517578,16.709999084472656,474400
2019-02-15,DBA,16.799999237060547,16.8799991607666,16.75,16.8700008392334,442400
2019-02-19,DBA,16.850000381469727,16.8799991607666,16.760000228881836,16.799999237060547,235100
2019-02-20,DBA,16.700000762939453,16.709999084472656,16.59000015258789,16.690000534057617,280700
2019-02-21,DBA,16.739999771118164,16.770000457763672,16.670000076293945,16.729999542236328,350900
2019-02-22,DBA,16.799999237060547,16.829999923706055,16.739999771118164,16.760000228881836,237500
2019-02-25,DBA,16.739999771118164,16.739999771118164,16.559999465942383,16.56999969482422,258400
2019-02-26,DBA,16.56999969482422,16.59000015258789,16.5,16.540000915527344,380000
2019-02-27,DBA,16.559999465942383,16.6299991607666,16.520000457763672,16.610000610351562,167300
2019-02-28,DBA,16.559999465942383,16.559999465942383,16.440000534057617,16.440000534057617,328100
2019-03-01,DBA,16.469999313354492,16.5,16.34000015258789,16.450000762939453,404000
2019-03-04,DBA,16.450000762939453,16.489999771118164,16.309999465942383,16.329999923706055,1293500
2019-03-05,DBA,16.350000381469727,16.440000534057617,16.350000381469727,16.420000076293945,226300
2019-03-06,DBA,16.360000610351562,16.389999389648438,16.290000915527344,16.34000015258789,264100
2019-03-07,DBA,16.290000915527344,16.290000915527344,16.18000030517578,16.209999084472656,345700
2019-03-08,DBA,16.25,16.309999465942383,16.219999313354492,16.299999237060547,361500
2019-03-11,DBA,16.299999237060547,16.299999237060547,16.219999313354492,16.239999771118164,381900
2019-03-12,DBA,16.229999542236328,16.3700008392334,16.219999313354492,16.329999923706055,443900
2019-03-13,DBA,16.31999969482422,16.440000534057617,16.299999237060547,16.3700008392334,155200
2019-03-14,DBA,16.399999618530273,16.549999237060547,16.399999618530273,16.469999313354492,265600
2019-03-15,DBA,16.450000762939453,16.68000030517578,16.450000762939453,16.68000030517578,611900
2019-03-18,DBA,16.690000534057617,16.700000762939453,16.59000015258789,16.690000534057617,301700
2019-03-19,DBA,16.700000762939453,16.760000228881836,16.600000381469727,16.649999618530273,375100
2019-03-20,DBA,16.59000015258789,16.719999313354492,16.59000015258789,16.690000534057617,212300
2019-03-21,DBA,16.670000076293945,16.829999923706055,16.670000076293945,16.81999969482422,400800
2019-03-22,DBA,16.84000015258789,16.920000076293945,16.760000228881836,16.760000228881836,826400
2019-03-25,DBA,16.790000915527344,16.8799991607666,16.790000915527344,16.829999923706055,313600
2019-03-26,DBA,16.850000381469727,16.889999389648438,16.799999237060547,16.809999465942383,128800
2019-03-27,DBA,16.760000228881836,16.780000686645508,16.670000076293945,16.709999084472656,187200
2019-03-28,DBA,16.690000534057617,16.690000534057617,16.6299991607666,16.649999618530273,274200
2019-03-29,DBA,16.649999618530273,16.65999984741211,16.450000762939453,16.469999313354492,793000
2019-04-01,DBA,16.510000228881836,16.6299991607666,16.489999771118164,16.610000610351562,1040300
2019-04-02,DBA,16.610000610351562,16.68000030517578,16.579999923706055,16.65999984741211,427000
2019-04-03,DBA,16.709999084472656,16.780000686645508,16.709999084472656,16.780000686645508,335800
2019-04-04,DBA,16.799999237060547,16.989999771118164,16.799999237060547,16.989999771118164,571700
2019-04-05,DBA,16.920000076293945,16.93000030517578,16.829999923706055,16.90999984741211,454100
2019-04-08,DBA,16.8700008392334,16.8799991607666,16.81999969482422,16.850000381469727,298200
2019-04-09,DBA,16.860000610351562,16.860000610351562,16.780000686645508,16.799999237060547,332100
2019-04-10,DBA,16.809999465942383,16.899999618530273,16.809999465942383,16.850000381469727,137300
2019-04-11,DBA,16.8700008392334,16.899999618530273,16.75,16.760000228881836,365600
2019-04-12,DBA,16.739999771118164,16.8799991607666,16.739999771118164,16.8799991607666,499400
2019-04-15,DBA,16.850000381469727,16.899999618530273,16.829999923706055,16.850000381469727,145800
2019-04-16,DBA,16.709999084472656,16.75,16.65999984741211,16.68000030517578,338200
2019-04-17,DBA,16.690000534057617,16.719999313354492,16.610000610351562,16.6200008392334,242100
2019-04-18,DBA,16.729999542236328,16.75,16.65999984741211,16.729999542236328,380000
2019-04-22,DBA,16.719999313354492,16.739999771118164,16.510000228881836,16.530000686645508,361600
2019-04-23,DBA,16.520000457763672,16.520000457763672,16.440000534057617,16.459999084472656,227600
2019-04-24,DBA,16.389999389648438,16.389999389648438,16.260000228881836,16.260000228881836,120900
2019-04-25,DBA,16.260000228881836,16.260000228881836,16.170000076293945,16.190000534057617,210600
2019-04-26,DBA,16.209999084472656,16.299999237060547,16.190000534057617,16.200000762939453,191000
2019-04-29,DBA,16.25,16.260000228881836,16.100000381469727,16.100000381469727,212800
2019-04-30,DBA,16.149999618530273,16.200000762939453,16.030000686645508,16.059999465942383,190000
2019-05-01,DBA,16.020000457763672,16.09000015258789,15.970000267028809,16.079999923706055,320400
2019-05-02,DBA,16.09000015258789,16.190000534057617,16.09000015258789,16.1200008392334,263700
2019-05-03,DBA,16.1299991607666,16.139999389648438,16.030000686645508,16.030000686645508,133800
2019-05-06,DBA,15.819999694824219,15.880000114440918,15.770000457763672,15.869999885559082,177400
2019-05-07,DBA,15.75,15.880000114440918,15.710000038146973,15.8100004196167,222800
2019-05-08,DBA,15.8100004196167,15.84000015258789,15.680000305175781,15.680000305175781,200700
2019-05-09,DBA,15.680000305175781,15.6899995803833,15.550000190734863,15.630000114440918,571400
2019-05-10,DBA,15.65999984741211,15.729999542236328,15.5600004196167,15.59000015258789,402700
2019-05-13,DBA,15.520000457763672,15.550000190734863,15.420000076293945,15.550000190734863,312000
2019-05-14,DBA,15.65999984741211,15.880000114440918,15.65999984741211,15.8100004196167,301800
2019-05-15,DBA,15.850000381469727,15.949999809265137,15.819999694824219,15.84000015258789,253300
2019-05-16,DBA,15.920000076293945,16.06999969482422,15.899999618530273,16.06999969482422,196900
2019-05-17,DBA,16.020000457763672,16.030000686645508,15.90999984741211,15.920000076293945,276700
2019-05-20,DBA,16.110000610351562,16.170000076293945,16.079999923706055,16.1299991607666,288800
2019-05-21,DBA,16.219999313354492,16.34000015258789,16.190000534057617,16.209999084472656,378800
2019-05-22,DBA,16.170000076293945,16.229999542236328,16.1200008392334,16.15999984741211,510400
2019-05-23,DBA,16.1200008392334,16.25,16.079999923706055,16.110000610351562,356800
2019-05-24,DBA,16.190000534057617,16.299999237060547,16.190000534057617,16.270000457763672,385000
2019-05-28,DBA,16.469999313354492,16.530000686645508,16.40999984741211,16.530000686645508,351200
2019-05-29,DBA,16.68000030517578,16.75,16.479999542236328,16.530000686645508,532600
2019-05-30,DBA,16.709999084472656,16.780000686645508,16.65999984741211,16.75,454300
2019-05-31,DBA,16.670000076293945,16.850000381469727,16.6200008392334,16.6200008392334,654400
2019-06-03,DBA,16.68000030517578,16.729999542236328,16.549999237060547,16.59000015258789,522300
2019-06-04,DBA,16.579999923706055,16.709999084472656,16.579999923706055,16.649999618530273,522400
2019-06-05,DBA,16.579999923706055,16.649999618530273,16.399999618530273,16.420000076293945,403900
2019-06-06,DBA,16.5,16.670000076293945,16.469999313354492,16.639999389648438,229200
2019-06-07,DBA,16.600000381469727,16.6200008392334,16.459999084472656,16.459999084472656,540700
2019-06-10,DBA,16.43000030517578,16.6299991607666,16.399999618530273,16.59000015258789,392400
2019-06-11,DBA,16.610000610351562,16.700000762939453,16.530000686645508,16.65999984741211,252600
2019-06-12,DBA,16.709999084472656,16.799999237060547,16.709999084472656,16.75,505100
2019-06-13,DBA,16.790000915527344,16.809999465942383,16.75,16.770000457763672,525400
2019-06-14,DBA,16.84000015258789,16.8799991607666,16.75,16.780000686645508,223600
2019-06-17,DBA,16.84000015258789,16.920000076293945,16.809999465942383,16.899999618530273,702600
2019-06-18,DBA,16.790000915527344,16.90999984741211,16.790000915527344,16.809999465942383,251600
2019-06-19,DBA,16.760000228881836,16.81999969482422,16.709999084472656,16.739999771118164,160700
2019-06-20,DBA,16.690000534057617,16.850000381469727,16.690000534057617,16.760000228881836,244800
2019-06-21,DBA,16.780000686645508,16.780000686645508,16.56999969482422,16.56999969482422,440800
2019-06-24,DBA,16.639999389648438,16.68000030517578,16.59000015258789,16.600000381469727,203200
2019-06-25,DBA,16.709999084472656,16.760000228881836,16.670000076293945,16.68000030517578,254700
2019-06-26,DBA,16.65999984741211,16.739999771118164,16.6200008392334,16.690000534057617,162200
2019-06-27,DBA,16.729999542236328,16.770000457763672,16.68000030517578,16.75,246000
2019-06-28,DBA,16.760000228881836,16.889999389648438,16.549999237060547,16.56999969482422,546500
2019-07-01,DBA,16.6200008392334,16.68000030517578,16.530000686645508,16.549999237060547,502200
2019-07-02,DBA,16.479999542236328,16.549999237060547,16.440000534057617,16.469999313354492,279400
2019-07-03,DBA,16.520000457763672,16.700000762939453,16.520000457763672,16.690000534057617,205000
2019-07-05,DBA,16.690000534057617,16.690000534057617,16.56999969482422,16.59000015258789,244900
2019-07-08,DBA,16.670000076293945,16.709999084472656,16.56999969482422,16.59000015258789,145400
2019-07-09,DBA,16.639999389648438,16.65999984741211,16.399999618530273,16.639999389648438,141000
2019-07-10,DBA,16.690000534057617,16.709999084472656,16.59000015258789,16.65999984741211,120400
2019-07-11,DBA,16.670000076293945,16.780000686645508,16.579999923706055,16.770000457763672,254600
2019-07-12,DBA,16.739999771118164,16.889999389648438,16.739999771118164,16.889999389648438,201200
2019-07-15,DBA,16.760000228881836,16.760000228881836,16.6299991607666,16.709999084472656,284300
2019-07-16,DBA,16.600000381469727,16.600000381469727,16.5,16.579999923706055,149900
2019-07-17,DBA,16.610000610351562,16.649999618530273,16.520000457763672,16.530000686645508,156100
2019-07-18,DBA,16.5,16.5,16.399999618530273,16.40999984741211,265800
2019-07-19,DBA,16.40999984741211,16.649999618530273,16.40999984741211,16.600000381469727,231900
2019-07-22,DBA,16.579999923706055,16.6299991607666,16.479999542236328,16.510000228881836,204900
2019-07-23,DBA,16.459999084472656,16.600000381469727,16.399999618530273,16.559999465942383,154500
2019-07-24,DBA,16.6200008392334,16.65999984741211,16.540000915527344,16.559999465942383,308900
2019-07-25,DBA,16.610000610351562,16.610000610351562,16.420000076293945,16.420000076293945,181700
2019-07-26,DBA,16.43000030517578,16.450000762939453,16.350000381469727,16.350000381469727,227800
2019-07-29,DBA,16.399999618530273,16.40999984741211,16.31999969482422,16.31999969482422,425200
2019-07-30,DBA,16.31999969482422,16.31999969482422,16.18000030517578,16.18000030517578,160000
2019-07-31,DBA,16.15999984741211,16.190000534057617,15.9399995803833,15.9399995803833,275900
2019-08-01,DBA,15.949999809265137,15.949999809265137,15.739999771118164,15.75,564000
2019-08-02,DBA,15.770000457763672,15.819999694824219,15.720000267028809,15.729999542236328,364400
2019-08-05,DBA,15.489999771118164,15.789999961853027,15.390000343322754,15.739999771118164,340500
2019-08-06,DBA,15.699999809265137,15.760000228881836,15.550000190734863,15.59000015258789,332400
2019-08-07,DBA,15.510000228881836,15.569999694824219,15.460000038146973,15.569999694824219,220800
2019-08-08,DBA,15.579999923706055,15.6899995803833,15.579999923706055,15.680000305175781,662800
2019-08-09,DBA,15.729999542236328,15.770000457763672,15.680000305175781,15.75,511600
2019-08-12,DBA,15.800000190734863,15.800000190734863,15.210000038146973,15.229999542236328,694900
2019-08-13,DBA,15.229999542236328,15.390000343322754,15.130000114440918,15.180000305175781,331600
2019-08-14,DBA,15.130000114440918,15.25,15.130000114440918,15.210000038146973,217400
2019-08-15,DBA,15.149999618530273,15.239999771118164,15.100000381469727,15.130000114440918,350000
2019-08-16,DBA,15.050000190734863,15.180000305175781,15.050000190734863,15.079999923706055,143100
2019-08-19,DBA,15.050000190734863,15.100000381469727,15.0,15.029999732971191,238600
2019-08-20,DBA,15.039999961853027,15.0600004196167,15.0,15.039999961853027,153400
2019-08-21,DBA,15.109999656677246,15.119999885559082,15.0600004196167,15.069999694824219,122500
2019-08-22,DBA,15.140000343322754,15.170000076293945,15.09000015258789,15.119999885559082,140600
2019-08-23,DBA,15.199999809265137,15.199999809265137,14.899999618530273,14.9399995803833,249800
2019-08-26,DBA,15.069999694824219,15.140000343322754,15.039999961853027,15.130000114440918,148700
2019-08-27,DBA,15.100000381469727,15.109999656677246,14.979999542236328,15.020000457763672,106200
2019-08-28,DBA,14.979999542236328,15.09000015258789,14.890000343322754,15.0600004196167,172700
2019-08-29,DBA,15.0600004196167,15.079999923706055,14.960000038146973,15.0,113300
2019-08-30,DBA,15.020000457763672,15.050000190734863,14.960000038146973,14.979999542236328,103900
2019-09-03,DBA,14.920000076293945,15.0,14.899999618530273,14.970000267028809,288700
2019-09-04,DBA,15.020000457763672,15.050000190734863,14.979999542236328,15.029999732971191,473700
2019-09-05,DBA,15.079999923706055,15.079999923706055,14.899999618530273,14.920000076293945,343700
2019-09-06,DBA,14.90999984741211,14.949999809265137,14.829999923706055,14.84000015258789,353000
2019-09-09,DBA,14.800000190734863,14.90999984741211,14.619999885559082,14.84000015258789,217400
2019-09-10,DBA,14.899999618530273,15.079999923706055,14.859999656677246,15.079999923706055,541900
2019-09-11,DBA,15.069999694824219,15.130000114440918,15.0,15.109999656677246,412200
2019-09-12,DBA,15.199999809265137,15.399999618530273,15.1899995803833,15.399999618530273,570200
2019-09-13,DBA,15.470000267028809,15.520000457763672,15.399999618530273,15.4399995803833,403800
2019-09-16,DBA,15.520000457763672,15.619999885559082,15.460000038146973,15.59000015258789,856200
2019-09-17,DBA,15.539999961853027,15.5600004196167,15.420000076293945,15.460000038146973,356400
2019-09-18,DBA,15.430000305175781,15.489999771118164,15.40999984741211,15.460000038146973,251200
2019-09-19,DBA,15.430000305175781,15.5600004196167,15.430000305175781,15.510000228881836,153900
2019-09-20,DBA,15.470000267028809,15.489999771118164,15.359999656677246,15.420000076293945,417400
2019-09-23,DBA,15.5,15.579999923706055,15.5,15.529999732971191,278900
2019-09-24,DBA,15.529999732971191,15.619999885559082,15.529999732971191,15.5600004196167,234100
2019-09-25,DBA,15.5600004196167,15.710000038146973,15.550000190734863,15.710000038146973,190900
2019-09-26,DBA,15.729999542236328,15.75,15.670000076293945,15.739999771118164,237100
2019-09-27,DBA,15.739999771118164,15.779999732971191,15.710000038146973,15.720000267028809,283400
2019-09-30,DBA,15.739999771118164,15.880000114440918,15.710000038146973,15.859999656677246,238400
2019-10-01,DBA,15.829999923706055,15.880000114440918,15.8100004196167,15.880000114440918,213100
2019-10-02,DBA,15.869999885559082,15.890000343322754,15.779999732971191,15.84000015258789,865800
2019-10-03,DBA,15.770000457763672,15.90999984741211,15.770000457763672,15.880000114440918,380800
2019-10-04,DBA,15.84000015258789,15.850000381469727,15.760000228881836,15.770000457763672,249800
2019-10-07,DBA,15.710000038146973,15.710000038146973,15.5600004196167,15.630000114440918,197000
2019-10-08,DBA,15.569999694824219,15.770000457763672,15.569999694824219,15.720000267028809,163000
2019-10-09,DBA,15.770000457763672,15.8100004196167,15.729999542236328,15.75,344800
2019-10-10,DBA,15.770000457763672,15.789999961853027,15.680000305175781,15.6899995803833,131200
2019-10-11,DBA,15.770000457763672,15.90999984741211,15.770000457763672,15.899999618530273,388100
2019-10-14,DBA,15.930000305175781,15.970000267028809,15.859999656677246,15.890000343322754,178900
2019-10-15,DBA,15.880000114440918,16.010000228881836,15.880000114440918,15.989999771118164,285200
2019-10-16,DBA,15.9399995803833,15.970000267028809,15.880000114440918,15.949999809265137,327200
2019-10-17,DBA,15.979999542236328,16.0,15.890000343322754,15.899999618530273,111300
2019-10-18,DBA,15.90999984741211,15.9399995803833,15.850000381469727,15.930000305175781,116100
2019-10-21,DBA,15.930000305175781,15.9399995803833,15.890000343322754,15.899999618530273,168000
2019-10-22,DBA,15.899999618530273,15.930000305175781,15.850000381469727,15.850000381469727,96900
2019-10-23,DBA,15.8100004196167,15.90999984741211,15.760000228881836,15.880000114440918,445500
2019-10-24,DBA,15.859999656677246,15.899999618530273,15.819999694824219,15.84000015258789,82500
2019-10-25,DBA,15.829999923706055,15.949999809265137,15.8100004196167,15.880000114440918,386400
2019-10-28,DBA,15.890000343322754,15.970000267028809,15.859999656677246,15.970000267028809,138200
2019-10-29,DBA,15.989999771118164,15.989999771118164,15.899999618530273,15.920000076293945,276500
2019-10-30,DBA,15.899999618530273,16.0,15.880000114440918,15.970000267028809,170600
2019-10-31,DBA,15.930000305175781,15.960000038146973,15.829999923706055,15.9399995803833,316800
2019-11-01,DBA,15.930000305175781,16.079999923706055,15.930000305175781,16.06999969482422,279700
2019-11-04,DBA,16.06999969482422,16.1299991607666,16.059999465942383,16.06999969482422,524500
2019-11-05,DBA,16.09000015258789,16.200000762939453,16.079999923706055,16.200000762939453,177000
2019-11-06,DBA,16.15999984741211,16.15999984741211,16.06999969482422,16.100000381469727,279100
2019-11-07,DBA,16.1200008392334,16.1200008392334,16.049999237060547,16.079999923706055,185300
2019-11-08,DBA,16.100000381469727,16.18000030517578,16.059999465942383,16.1200008392334,321600
2019-11-11,DBA,16.079999923706055,16.110000610351562,16.030000686645508,16.06999969482422,193500
2019-11-12,DBA,16.110000610351562,16.260000228881836,16.110000610351562,16.260000228881836,259300
2019-11-13,DBA,16.270000457763672,16.290000915527344,16.18000030517578,16.200000762939453,1509500
2019-11-14,DBA,16.18000030517578,16.209999084472656,16.139999389648438,16.190000534057617,177600
2019-11-15,DBA,16.18000030517578,16.190000534057617,16.110000610351562,16.1299991607666,141100
2019-11-18,DBA,16.100000381469727,16.1200008392334,16.040000915527344,16.049999237060547,173700
2019-11-19,DBA,16.030000686645508,16.049999237060547,15.970000267028809,15.989999771118164,190500
2019-11-20,DBA,16.020000457763672,16.06999969482422,15.979999542236328,15.979999542236328,166400
2019-11-21,DBA,16.030000686645508,16.1299991607666,16.020000457763672,16.040000915527344,119100
2019-11-22,DBA,16.06999969482422,16.06999969482422,16.020000457763672,16.030000686645508,96300
2019-11-25,DBA,16.059999465942383,16.200000762939453,16.059999465942383,16.18000030517578,116000
2019-11-26,DBA,16.1200008392334,16.149999618530273,16.100000381469727,16.1299991607666,221300
2019-11-27,DBA,16.149999618530273,16.149999618530273,16.06999969482422,16.079999923706055,178600
2019-11-29,DBA,16.079999923706055,16.209999084472656,16.079999923706055,16.149999618530273,164100
2019-12-02,DBA,16.1200008392334,16.15999984741211,16.049999237060547,16.079999923706055,129900
2019-12-03,DBA,16.1200008392334,16.200000762939453,16.1200008392334,16.18000030517578,591600
2019-12-04,DBA,16.219999313354492,16.260000228881836,16.09000015258789,16.139999389648438,198900
2019-12-05,DBA,16.100000381469727,16.25,16.100000381469727,16.190000534057617,131900
2019-12-06,DBA,16.270000457763672,16.309999465942383,16.219999313354492,16.260000228881836,112000
2019-12-09,DBA,16.239999771118164,16.389999389648438,16.239999771118164,16.329999923706055,161600
2019-12-10,DBA,16.34000015258789,16.479999542236328,16.34000015258789,16.459999084472656,124400
2019-12-11,DBA,16.389999389648438,16.440000534057617,16.3700008392334,16.43000030517578,297700
2019-12-12,DBA,16.459999084472656,16.610000610351562,16.450000762939453,16.59000015258789,297000
2019-12-13,DBA,16.59000015258789,16.790000915527344,16.540000915527344,16.540000915527344,437600
2019-12-16,DBA,16.670000076293945,16.8799991607666,16.670000076293945,16.829999923706055,352500
2019-12-17,DBA,16.799999237060547,16.799999237060547,16.670000076293945,16.709999084472656,308600
2019-12-18,DBA,16.690000534057617,16.770000457763672,16.639999389648438,16.68000030517578,255700
2019-12-19,DBA,16.600000381469727,16.639999389648438,16.530000686645508,16.549999237060547,480600
2019-12-20,DBA,16.549999237060547,16.6200008392334,16.530000686645508,16.6200008392334,420200
2019-12-23,DBA,16.479999542236328,16.479999542236328,16.229999542236328,16.260000228881836,311700
2019-12-24,DBA,16.280000686645508,16.360000610351562,16.280000686645508,16.34000015258789,95700
2019-12-26,DBA,16.3799991607666,16.40999984741211,16.34000015258789,16.3700008392334,200900
2019-12-27,DBA,16.469999313354492,16.56999969482422,16.469999313354492,16.520000457763672,129900
2019-12-30,DBA,16.559999465942383,16.600000381469727,16.489999771118164,16.530000686645508,165700
2019-12-31,DBA,16.6299991607666,16.6299991607666,16.510000228881836,16.559999465942383,139400
2020-01-02,DBA,16.65999984741211,16.65999984741211,16.459999084472656,16.5,281300
2020-01-03,DBA,16.479999542236328,16.479999542236328,16.299999237060547,16.309999465942383,836700
2020-01-06,DBA,16.40999984741211,16.40999984741211,16.239999771118164,16.350000381469727,296000
2020-01-07,DBA,16.309999465942383,16.389999389648438,16.280000686645508,16.389999389648438,218500
2020-01-08,DBA,16.34000015258789,16.34000015258789,16.290000915527344,16.309999465942383,179400
2020-01-09,DBA,16.34000015258789,16.389999389648438,16.299999237060547,16.350000381469727,154600
2020-01-10,DBA,16.399999618530273,16.5,16.3700008392334,16.5,260200
2020-01-13,DBA,16.600000381469727,16.600000381469727,16.350000381469727,16.399999618530273,173700
2020-01-14,DBA,16.440000534057617,16.520000457763672,16.440000534057617,16.489999771118164,317400
2020-01-15,DBA,16.530000686645508,16.579999923706055,16.479999542236328,16.530000686645508,158200
2020-01-16,DBA,16.530000686645508,16.530000686645508,16.31999969482422,16.350000381469727,219100
2020-01-17,DBA,16.3700008392334,16.520000457763672,16.3700008392334,16.5,158500
2020-01-21,DBA,16.510000228881836,16.520000457763672,16.440000534057617,16.489999771118164,220500
2020-01-22,DBA,16.549999237060547,16.59000015258789,16.43000030517578,16.450000762939453,144600
2020-01-23,DBA,16.540000915527344,16.540000915527344,16.40999984741211,16.40999984741211,82100
2020-01-24,DBA,16.350000381469727,16.350000381469727,16.219999313354492,16.229999542236328,253400
2020-01-27,DBA,16.110000610351562,16.110000610351562,15.960000038146973,15.970000267028809,336200
2020-01-28,DBA,15.970000267028809,16.059999465942383,15.960000038146973,16.0,134900
2020-01-29,DBA,15.960000038146973,15.960000038146973,15.850000381469727,15.859999656677246,135900
2020-01-30,DBA,15.829999923706055,15.84000015258789,15.720000267028809,15.739999771118164,277700
2020-01-31,DBA,15.710000038146973,15.729999542236328,15.630000114440918,15.649999618530273,152400
2020-02-03,DBA,15.550000190734863,15.649999618530273,15.520000457763672,15.619999885559082,204000
2020-02-04,DBA,15.710000038146973,15.779999732971191,15.640000343322754,15.649999618530273,689000
2020-02-05,DBA,15.720000267028809,15.729999542236328,15.619999885559082,15.65999984741211,102100
2020-02-06,DBA,15.65999984741211,15.770000457763672,15.640000343322754,15.770000457763672,167900
2020-02-07,DBA,15.779999732971191,15.880000114440918,15.779999732971191,15.84000015258789,292100
2020-02-10,DBA,15.800000190734863,15.869999885559082,15.779999732971191,15.819999694824219,323200
2020-02-11,DBA,15.829999923706055,15.880000114440918,15.789999961853027,15.819999694824219,90700
2020-02-12,DBA,15.84000015258789,15.869999885559082,15.789999961853027,15.829999923706055,141400
2020-02-13,DBA,15.859999656677246,15.90999984741211,15.829999923706055,15.90999984741211,76100
2020-02-14,DBA,15.960000038146973,16.010000228881836,15.920000076293945,15.9399995803833,133300
2020-02-18,DBA,16.020000457763672,16.09000015258789,15.930000305175781,16.059999465942383,330300
2020-02-19,DBA,16.049999237060547,16.079999923706055,15.989999771118164,16.049999237060547,149600
2020-02-20,DBA,16.0,16.040000915527344,15.930000305175781,15.949999809265137,211900
2020-02-21,DBA,16.010000228881836,16.049999237060547,15.949999809265137,15.970000267028809,91100
2020-02-24,DBA,15.680000305175781,15.680000305175781,15.569999694824219,15.649999618530273,220000
2020-02-25,DBA,15.630000114440918,15.670000076293945,15.600000381469727,15.640000343322754,143800
2020-02-26,DBA,15.5600004196167,15.640000343322754,15.539999961853027,15.569999694824219,164000
2020-02-27,DBA,15.479999542236328,15.489999771118164,15.319999694824219,15.350000381469727,190600
2020-02-28,DBA,15.180000305175781,15.300000190734863,15.109999656677246,15.25,977200
2020-03-02,DBA,15.350000381469727,15.449999809265137,15.329999923706055,15.430000305175781,307600
2020-03-03,DBA,15.510000228881836,15.649999618530273,15.5,15.529999732971191,604500
2020-03-04,DBA,15.520000457763672,15.539999961853027,15.420000076293945,15.430000305175781,153100
2020-03-05,DBA,15.34000015258789,15.34000015258789,15.210000038146973,15.229999542236328,143600
2020-03-06,DBA,15.15999984741211,15.15999984741211,15.020000457763672,15.029999732971191,266700
2020-03-09,DBA,14.729999542236328,14.850000381469727,14.649999618530273,14.770000457763672,324200
2020-03-10,DBA,14.920000076293945,15.050000190734863,14.920000076293945,15.010000228881836,271100
2020-03-11,DBA,14.9399995803833,14.989999771118164,14.8100004196167,14.84000015258789,354800
2020-03-12,DBA,14.5600004196167,14.5600004196167,14.220000267028809,14.270000457763672,594600
2020-03-13,DBA,14.529999732971191,14.609999656677246,14.050000190734863,14.25,868100
2020-03-16,DBA,13.75,13.9399995803833,13.5,13.649999618530273,534200
2020-03-17,DBA,13.539999961853027,13.770000457763672,13.510000228881836,13.630000114440918,290500
2020-03-18,DBA,13.539999961853027,13.9399995803833,13.539999961853027,13.710000038146973,382300
2020-03-19,DBA,13.760000228881836,13.979999542236328,13.760000228881836,13.880000114440918,423900
2020-03-20,DBA,14.0,14.199999809265137,13.880000114440918,13.989999771118164,491300
2020-03-23,DBA,13.930000305175781,14.399999618530273,13.930000305175781,14.34000015258789,251500
2020-03-24,DBA,14.5,14.699999809265137,14.420000076293945,14.699999809265137,418800
2020-03-25,DBA,14.670000076293945,14.800000190734863,14.59000015258789,14.680000305175781,173700
2020-03-26,DBA,14.680000305175781,14.770000457763672,14.40999984741211,14.470000267028809,303600
2020-03-27,DBA,14.380000114440918,14.449999809265137,14.069999694824219,14.130000114440918,285600
2020-03-30,DBA,14.130000114440918,14.220000267028809,13.970000267028809,14.020000457763672,213700
2020-03-31,DBA,14.029999732971191,14.100000381469727,13.930000305175781,14.069999694824219,234600
2020-04-01,DBA,13.949999809265137,13.949999809265137,13.609999656677246,13.630000114440918,249400
2020-04-02,DBA,13.770000457763672,13.770000457763672,13.520000457763672,13.600000381469727,435400
2020-04-03,DBA,13.539999961853027,13.59000015258789,13.329999923706055,13.449999809265137,254700
2020-04-06,DBA,13.510000228881836,13.649999618530273,13.300000190734863,13.630000114440918,605000
2020-04-07,DBA,13.75,14.100000381469727,13.75,13.880000114440918,795300
2020-04-08,DBA,13.899999618530273,14.039999961853027,13.850000381469727,13.930000305175781,243200
2020-04-09,DBA,14.100000381469727,14.100000381469727,13.729999542236328,13.779999732971191,544900
2020-04-13,DBA,13.869999885559082,13.869999885559082,13.470000267028809,13.579999923706055,456700
2020-04-14,DBA,13.579999923706055,13.65999984741211,13.460000038146973,13.600000381469727,343200
2020-04-15,DBA,13.489999771118164,13.5600004196167,13.399999618530273,13.529999732971191,235300
2020-04-16,DBA,13.529999732971191,13.619999885559082,13.4399995803833,13.489999771118164,318500
2020-04-17,DBA,13.680000305175781,13.6899995803833,13.579999923706055,13.649999618530273,347400
2020-04-20,DBA,13.680000305175781,13.699999809265137,13.5,13.529999732971191,298400
2020-04-21,DBA,13.300000190734863,13.4399995803833,13.210000038146973,13.399999618530273,372500
2020-04-22,DBA,13.399999618530273,13.529999732971191,13.359999656677246,13.430000305175781,303200
2020-04-23,DBA,13.529999732971191,13.59000015258789,13.449999809265137,13.5600004196167,382300
2020-04-24,DBA,13.5600004196167,13.5600004196167,13.239999771118164,13.319999694824219,676600
2020-04-27,DBA,13.279999732971191,13.319999694824219,13.199999809265137,13.229999542236328,341800
2020-04-28,DBA,13.300000190734863,13.4399995803833,13.300000190734863,13.350000381469727,375700
2020-04-29,DBA,13.420000076293945,13.449999809265137,13.300000190734863,13.369999885559082,341300
2020-04-30,DBA,13.350000381469727,13.699999809265137,13.300000190734863,13.6899995803833,650800
2020-05-01,DBA,13.670000076293945,13.760000228881836,13.609999656677246,13.729999542236328,350400
2020-05-04,DBA,13.630000114440918,13.770000457763672,13.59000015258789,13.680000305175781,711800
2020-05-05,DBA,13.770000457763672,13.789999961853027,13.640000343322754,13.65999984741211,449300
2020-05-06,DBA,13.680000305175781,13.6899995803833,13.569999694824219,13.65999984741211,135600
2020-05-07,DBA,13.75,13.859999656677246,13.710000038146973,13.850000381469727,256300
2020-05-08,DBA,13.899999618530273,13.920000076293945,13.819999694824219,13.869999885559082,292500
2020-05-11,DBA,13.949999809265137,14.0,13.75,13.75,418100
2020-05-12,DBA,13.75,13.850000381469727,13.630000114440918,13.760000228881836,237100
2020-05-13,DBA,13.75,13.770000457763672,13.539999961853027,13.550000190734863,425900
2020-05-14,DBA,13.539999961853027,13.640000343322754,13.5,13.529999732971191,176600
2020-05-15,DBA,13.600000381469727,13.65999984741211,13.529999732971191,13.529999732971191,207700
2020-05-18,DBA,13.649999618530273,13.680000305175781,13.550000190734863,13.609999656677246,216500
2020-05-19,DBA,13.630000114440918,13.720000267028809,13.600000381469727,13.609999656677246,988300
2020-05-20,DBA,13.6899995803833,13.710000038146973,13.630000114440918,13.680000305175781,804000
2020-05-21,DBA,13.6899995803833,13.699999809265137,13.510000228881836,13.569999694824219,267900
2020-05-22,DBA,13.529999732971191,13.5600004196167,13.420000076293945,13.510000228881836,675900
2020-05-26,DBA,13.65999984741211,13.75,13.619999885559082,13.75,347300
2020-05-27,DBA,13.630000114440918,13.670000076293945,13.579999923706055,13.640000343322754,226500
2020-05-28,DBA,13.640000343322754,13.710000038146973,13.5600004196167,13.670000076293945,168900
2020-05-29,DBA,13.59000015258789,13.65999984741211,13.5,13.65999984741211,372100
2020-06-01,DBA,13.569999694824219,13.710000038146973,13.520000457763672,13.670000076293945,239800
2020-06-02,DBA,13.699999809265137,13.699999809265137,13.569999694824219,13.600000381469727,312800
2020-06-03,DBA,13.600000381469727,13.680000305175781,13.569999694824219,13.680000305175781,307800
2020-06-04,DBA,13.680000305175781,13.829999923706055,13.640000343322754,13.819999694824219,500100
2020-06-05,DBA,13.880000114440918,13.899999618530273,13.779999732971191,13.850000381469727,501400
2020-06-08,DBA,13.890000343322754,13.890000343322754,13.75,13.84000015258789,813900
2020-06-09,DBA,13.829999923706055,13.859999656677246,13.729999542236328,13.850000381469727,1077100
2020-06-10,DBA,13.880000114440918,13.890000343322754,13.770000457763672,13.789999961853027,695900
2020-06-11,DBA,13.6899995803833,13.6899995803833,13.579999923706055,13.600000381469727,993000
2020-06-12,DBA,13.680000305175781,13.739999771118164,13.579999923706055,13.609999656677246,523600
2020-06-15,DBA,13.449999809265137,13.579999923706055,13.369999885559082,13.529999732971191,443400
2020-06-16,DBA,13.65999984741211,13.670000076293945,13.479999542236328,13.529999732971191,541900
2020-06-17,DBA,13.5,13.569999694824219,13.430000305175781,13.529999732971191,410800
2020-06-18,DBA,13.510000228881836,13.550000190734863,13.4399995803833,13.489999771118164,623000
2020-06-19,DBA,13.539999961853027,13.5600004196167,13.479999542236328,13.489999771118164,856200
2020-06-22,DBA,13.449999809265137,13.479999542236328,13.399999618530273,13.479999542236328,280500
2020-06-23,DBA,13.430000305175781,13.539999961853027,13.369999885559082,13.5,419200
2020-06-24,DBA,13.489999771118164,13.5600004196167,13.390000343322754,13.399999618530273,413100
2020-06-25,DBA,13.449999809265137,13.470000267028809,13.329999923706055,13.420000076293945,227200
2020-06-26,DBA,13.329999923706055,13.329999923706055,13.149999618530273,13.15999984741211,534300
2020-06-29,DBA,13.239999771118164,13.359999656677246,13.220000267028809,13.350000381469727,373000
2020-06-30,DBA,13.359999656677246,13.539999961853027,13.34000015258789,13.510000228881836,325500
2020-07-01,DBA,13.579999923706055,13.680000305175781,13.510000228881836,13.680000305175781,484800
2020-07-02,DBA,13.680000305175781,13.699999809265137,13.630000114440918,13.630000114440918,397200
2020-07-06,DBA,13.65999984741211,13.670000076293945,13.5600004196167,13.5600004196167,596900
2020-07-07,DBA,13.520000457763672,13.640000343322754,13.510000228881836,13.609999656677246,2100000
2020-07-08,DBA,13.630000114440918,13.670000076293945,13.579999923706055,13.65999984741211,417600
2020-07-09,DBA,13.739999771118164,13.770000457763672,13.680000305175781,13.710000038146973,647900
2020-07-10,DBA,13.6899995803833,13.699999809265137,13.539999961853027,13.5600004196167,451500
2020-07-13,DBA,13.569999694824219,13.569999694824219,13.4399995803833,13.4399995803833,536900
2020-07-14,DBA,13.420000076293945,13.470000267028809,13.359999656677246,13.390000343322754,391600
2020-07-15,DBA,13.40999984741211,13.59000015258789,13.369999885559082,13.59000015258789,221200
2020-07-16,DBA,13.59000015258789,13.65999984741211,13.529999732971191,13.65999984741211,225400
2020-07-17,DBA,13.720000267028809,13.729999542236328,13.649999618530273,13.710000038146973,395300
2020-07-20,DBA,13.699999809265137,13.699999809265137,13.510000228881836,13.609999656677246,378100
2020-07-21,DBA,13.59000015258789,13.65999984741211,13.569999694824219,13.569999694824219,238900
2020-07-22,DBA,13.65999984741211,13.8100004196167,13.640000343322754,13.800000190734863,772800
2020-07-23,DBA,13.800000190734863,13.800000190734863,13.699999809265137,13.729999542236328,1013000
2020-07-24,DBA,13.75,13.800000190734863,13.6899995803833,13.75,342300
2020-07-27,DBA,13.859999656677246,13.90999984741211,13.84000015258789,13.869999885559082,1165900
2020-07-28,DBA,13.770000457763672,13.800000190734863,13.699999809265137,13.789999961853027,578800
2020-07-29,DBA,13.869999885559082,13.90999984741211,13.800000190734863,13.90999984741211,641500
2020-07-30,DBA,13.920000076293945,14.010000228881836,13.869999885559082,13.960000038146973,712700
2020-07-31,DBA,14.029999732971191,14.1899995803833,14.0,14.180000305175781,1272000
2020-08-03,DBA,14.180000305175781,14.199999809265137,14.119999885559082,14.15999984741211,1669800
2020-08-04,DBA,14.15999984741211,14.170000076293945,14.079999923706055,14.119999885559082,1066000
2020-08-05,DBA,14.170000076293945,14.25,14.079999923706055,14.180000305175781,1186400
2020-08-06,DBA,14.1899995803833,14.199999809265137,14.079999923706055,14.140000343322754,449100
2020-08-07,DBA,14.109999656677246,14.109999656677246,13.970000267028809,13.989999771118164,544600
2020-08-10,DBA,14.0,14.0600004196167,13.9399995803833,13.970000267028809,914200
2020-08-11,DBA,13.920000076293945,14.0,13.920000076293945,13.930000305175781,985500
2020-08-12,DBA,13.970000267028809,14.050000190734863,13.949999809265137,14.050000190734863,919500
2020-08-13,DBA,14.140000343322754,14.300000190734863,14.130000114440918,14.279999732971191,1523800
2020-08-14,DBA,14.3100004196167,14.350000381469727,14.199999809265137,14.229999542236328,1841200
2020-08-17,DBA,14.260000228881836,14.369999885559082,14.25,14.329999923706055,1051900
2020-08-18,DBA,14.380000114440918,14.380000114440918,14.260000228881836,14.319999694824219,621000
2020-08-19,DBA,14.350000381469727,14.390000343322754,14.319999694824219,14.380000114440918,870300
2020-08-20,DBA,14.350000381469727,14.359999656677246,14.270000457763672,14.3100004196167,440500
2020-08-21,DBA,14.270000457763672,14.329999923706055,14.229999542236328,14.289999961853027,549000
2020-08-24,DBA,14.399999618530273,14.399999618530273,14.260000228881836,14.289999961853027,760000
2020-08-25,DBA,14.359999656677246,14.529999732971191,14.359999656677246,14.5,1976100
2020-08-26,DBA,14.510000228881836,14.529999732971191,14.390000343322754,14.420000076293945,1274400
2020-08-27,DBA,14.520000457763672,14.609999656677246,14.430000305175781,14.600000381469727,2401900
2020-08-28,DBA,14.640000343322754,14.670000076293945,14.5600004196167,14.649999618530273,1252600
2020-08-31,DBA,14.739999771118164,14.760000228881836,14.65999984741211,14.739999771118164,1531900
2020-09-01,DBA,14.770000457763672,14.960000038146973,14.760000228881836,14.8100004196167,1398600
2020-09-02,DBA,14.760000228881836,14.8100004196167,14.680000305175781,14.789999961853027,1168400
2020-09-03,DBA,14.779999732971191,14.779999732971191,14.609999656677246,14.670000076293945,1042500
2020-09-04,DBA,14.729999542236328,14.770000457763672,14.600000381469727,14.75,1526900
2020-09-08,DBA,14.539999961853027,14.6899995803833,14.479999542236328,14.670000076293945,1380400
2020-09-09,DBA,14.670000076293945,14.680000305175781,14.569999694824219,14.619999885559082,630300
2020-09-10,DBA,14.699999809265137,14.829999923706055,14.699999809265137,14.720000267028809,898400
2020-09-11,DBA,14.770000457763672,14.859999656677246,14.739999771118164,14.859999656677246,667900
2020-09-14,DBA,14.850000381469727,14.869999885559082,14.680000305175781,14.710000038146973,772900
2020-09-15,DBA,14.760000228881836,14.779999732971191,14.65999984741211,14.75,973400
2020-09-16,DBA,14.720000267028809,14.779999732971191,14.680000305175781,14.720000267028809,543400
2020-09-17,DBA,14.699999809265137,14.899999618530273,14.680000305175781,14.890000343322754,684000
2020-09-18,DBA,14.920000076293945,14.989999771118164,14.829999923706055,14.979999542236328,1024800
2020-09-21,DBA,14.930000305175781,14.930000305175781,14.680000305175781,14.720000267028809,1905700
2020-09-22,DBA,14.729999542236328,14.800000190734863,14.65999984741211,14.670000076293945,655500
2020-09-23,DBA,14.649999618530273,14.729999542236328,14.619999885559082,14.619999885559082,759100
2020-09-24,DBA,14.600000381469727,14.680000305175781,14.569999694824219,14.619999885559082,886800
2020-09-25,DBA,14.619999885559082,14.6899995803833,14.5600004196167,14.630000114440918,310900
2020-09-28,DBA,14.630000114440918,14.649999618530273,14.520000457763672,14.529999732971191,471700
2020-09-29,DBA,14.510000228881836,14.59000015258789,14.479999542236328,14.539999961853027,429400
2020-09-30,DBA,14.539999961853027,14.829999923706055,14.539999961853027,14.739999771118164,1893000
2020-10-01,DBA,14.720000267028809,14.720000267028809,14.619999885559082,14.649999618530273,288600
2020-10-02,DBA,14.550000190734863,14.710000038146973,14.550000190734863,14.640000343322754,881300
2020-10-05,DBA,14.699999809265137,14.729999542236328,14.640000343322754,14.710000038146973,380200
2020-10-06,DBA,14.720000267028809,14.859999656677246,14.710000038146973,14.710000038146973,2146900
2020-10-07,DBA,14.829999923706055,14.9399995803833,14.829999923706055,14.920000076293945,1374600
2020-10-08,DBA,15.0,15.0,14.890000343322754,14.90999984741211,507700
2020-10-09,DBA,14.930000305175781,14.989999771118164,14.880000114440918,14.960000038146973,537800
2020-10-12,DBA,14.960000038146973,14.960000038146973,14.760000228881836,14.789999961853027,1265900
2020-10-13,DBA,14.8100004196167,14.829999923706055,14.739999771118164,14.8100004196167,337000
2020-10-14,DBA,14.8100004196167,14.890000343322754,14.779999732971191,14.890000343322754,460200
2020-10-15,DBA,14.760000228881836,14.899999618530273,14.720000267028809,14.869999885559082,483000
2020-10-16,DBA,14.899999618530273,14.899999618530273,14.819999694824219,14.819999694824219,726500
2020-10-19,DBA,14.920000076293945,14.949999809265137,14.859999656677246,14.880000114440918,1575700
2020-10-20,DBA,14.880000114440918,14.890000343322754,14.789999961853027,14.869999885559082,745000
2020-10-21,DBA,14.920000076293945,14.979999542236328,14.880000114440918,14.880000114440918,866400
2020-10-22,DBA,14.930000305175781,14.979999542236328,14.869999885559082,14.920000076293945,744500
2020-10-23,DBA,14.90999984741211,14.9399995803833,14.869999885559082,14.9399995803833,767700
2020-10-26,DBA,14.880000114440918,14.899999618530273,14.760000228881836,14.890000343322754,1771300
2020-10-27,DBA,14.890000343322754,14.979999542236328,14.770000457763672,14.789999961853027,540700
2020-10-28,DBA,14.59000015258789,14.640000343322754,14.550000190734863,14.59000015258789,1108400
2020-10-29,DBA,14.569999694824219,14.569999694824219,14.470000267028809,14.539999961853027,896300
2020-10-30,DBA,14.529999732971191,14.600000381469727,14.5,14.550000190734863,885100
2020-11-02,DBA,14.529999732971191,14.569999694824219,14.5,14.5600004196167,580600
2020-11-03,DBA,14.65999984741211,14.670000076293945,14.600000381469727,14.619999885559082,567400
2020-11-04,DBA,14.630000114440918,14.710000038146973,14.550000190734863,14.680000305175781,437800
2020-11-05,DBA,14.779999732971191,14.890000343322754,14.779999732971191,14.8100004196167,539500
2020-11-06,DBA,14.869999885559082,14.920000076293945,14.859999656677246,14.880000114440918,400300
2020-11-09,DBA,14.979999542236328,15.050000190734863,14.949999809265137,14.949999809265137,1179100
2020-11-10,DBA,14.930000305175781,15.140000343322754,14.930000305175781,15.119999885559082,1715900
2020-11-11,DBA,15.140000343322754,15.149999618530273,15.029999732971191,15.09000015258789,995400
2020-11-12,DBA,15.039999961853027,15.100000381469727,15.010000228881836,15.010000228881836,558700
2020-11-13,DBA,15.0,15.079999923706055,14.989999771118164,15.020000457763672,378300
2020-11-16,DBA,15.149999618530273,15.239999771118164,15.079999923706055,15.229999542236328,685200
2020-11-17,DBA,15.289999961853027,15.369999885559082,15.270000457763672,15.359999656677246,1024900
2020-11-18,DBA,15.430000305175781,15.520000457763672,15.420000076293945,15.460000038146973,822600
2020-11-19,DBA,15.420000076293945,15.460000038146973,15.359999656677246,15.399999618530273,1068600
2020-11-20,DBA,15.460000038146973,15.479999542236328,15.289999961853027,15.390000343322754,809300
2020-11-23,DBA,15.449999809265137,15.550000190734863,15.449999809265137,15.510000228881836,602200
2020-11-24,DBA,15.40999984741211,15.579999923706055,15.40999984741211,15.569999694824219,1434700
2020-11-25,DBA,15.550000190734863,15.550000190734863,15.420000076293945,15.479999542236328,900700
2020-11-27,DBA,15.550000190734863,15.670000076293945,15.550000190734863,15.65999984741211,632800
2020-11-30,DBA,15.6899995803833,15.6899995803833,15.479999542236328,15.5600004196167,1221100
2020-12-01,DBA,15.600000381469727,15.609999656677246,15.369999885559082,15.390000343322754,804700
2020-12-02,DBA,15.3100004196167,15.4399995803833,15.270000457763672,15.420000076293945,1980600
2020-12-03,DBA,15.5,15.5,15.34000015258789,15.380000114440918,774600
2020-12-04,DBA,15.350000381469727,15.359999656677246,15.210000038146973,15.300000190734863,1240500
2020-12-07,DBA,15.239999771118164,15.329999923706055,15.140000343322754,15.289999961853027,1307700
2020-12-08,DBA,15.239999771118164,15.25,15.170000076293945,15.239999771118164,661600
2020-12-09,DBA,15.229999542236328,15.3100004196167,15.170000076293945,15.270000457763672,987100
2020-12-10,DBA,15.329999923706055,15.430000305175781,15.319999694824219,15.34000015258789,929600
2020-12-11,DBA,15.430000305175781,15.489999771118164,15.359999656677246,15.479999542236328,1021700
2020-12-14,DBA,15.4399995803833,15.510000228881836,15.399999618530273,15.479999542236328,726000
2020-12-15,DBA,15.479999542236328,15.539999961853027,15.460000038146973,15.510000228881836,704900
2020-12-16,DBA,15.550000190734863,15.550000190734863,15.430000305175781,15.520000457763672,576200
2020-12-17,DBA,15.5600004196167,15.649999618530273,15.510000228881836,15.609999656677246,1341200
2020-12-18,DBA,15.569999694824219,15.630000114440918,15.529999732971191,15.609999656677246,662800
2020-12-21,DBA,15.529999732971191,15.680000305175781,15.5,15.680000305175781,608900
2020-12-22,DBA,15.6899995803833,15.6899995803833,15.609999656677246,15.619999885559082,480200
2020-12-23,DBA,15.720000267028809,15.789999961853027,15.680000305175781,15.779999732971191,1053900
2020-12-24,DBA,15.800000190734863,15.84000015258789,15.75,15.829999923706055,429100
2020-12-28,DBA,15.800000190734863,15.8100004196167,15.65999984741211,15.770000457763672,837900
2020-12-29,DBA,15.75,15.829999923706055,15.739999771118164,15.819999694824219,575900
2020-12-30,DBA,15.84000015258789,16.0,15.84000015258789,15.979999542236328,702000
2020-12-31,DBA,16.010000228881836,16.149999618530273,16.0,16.139999389648438,634000
2021-01-04,DBA,16.31999969482422,16.34000015258789,16.010000228881836,16.110000610351562,2284100
2021-01-05,DBA,16.110000610351562,16.25,16.059999465942383,16.200000762939453,920700
2021-01-06,DBA,16.190000534057617,16.25,16.110000610351562,16.1299991607666,1075700
2021-01-07,DBA,16.1200008392334,16.149999618530273,16.06999969482422,16.1200008392334,1536300
2021-01-08,DBA,16.1200008392334,16.170000076293945,16.049999237060547,16.139999389648438,1309500
2021-01-11,DBA,16.079999923706055,16.079999923706055,15.949999809265137,16.020000457763672,1266300
2021-01-12,DBA,16.06999969482422,16.280000686645508,16.010000228881836,16.270000457763672,2171000
2021-01-13,DBA,16.399999618530273,16.399999618530273,16.270000457763672,16.329999923706055,1404400
2021-01-14,DBA,16.329999923706055,16.530000686645508,16.290000915527344,16.510000228881836,892400
2021-01-15,DBA,16.56999969482422,16.600000381469727,16.479999542236328,16.559999465942383,2351400
2021-01-19,DBA,16.6299991607666,16.649999618530273,16.5,16.520000457763672,2044400
2021-01-20,DBA,16.450000762939453,16.489999771118164,16.3700008392334,16.440000534057617,769800
2021-01-21,DBA,16.5,16.5,16.420000076293945,16.469999313354492,797200
2021-01-22,DBA,16.290000915527344,16.34000015258789,16.15999984741211,16.209999084472656,1265200
2021-01-25,DBA,16.149999618530273,16.350000381469727,16.1299991607666,16.329999923706055,852400
2021-01-26,DBA,16.399999618530273,16.510000228881836,16.3799991607666,16.489999771118164,1264600
2021-01-27,DBA,16.520000457763672,16.549999237060547,16.350000381469727,16.43000030517578,804400
2021-01-28,DBA,16.459999084472656,16.5,16.290000915527344,16.299999237060547,722800
2021-01-29,DBA,16.350000381469727,16.43000030517578,16.260000228881836,16.389999389648438,854400
2021-02-01,DBA,16.459999084472656,16.459999084472656,16.309999465942383,16.450000762939453,1078200
2021-02-02,DBA,16.3700008392334,16.479999542236328,16.34000015258789,16.479999542236328,1293000
2021-02-03,DBA,16.43000030517578,16.510000228881836,16.3799991607666,16.5,1033700
2021-02-04,DBA,16.5,16.559999465942383,16.40999984741211,16.559999465942383,1015400
2021-02-05,DBA,16.610000610351562,16.700000762939453,16.56999969482422,16.670000076293945,640600
2021-02-08,DBA,16.729999542236328,16.790000915527344,16.690000534057617,16.75,1041700
2021-02-09,DBA,16.770000457763672,16.84000015258789,16.65999984741211,16.75,2791600
2021-02-10,DBA,16.700000762939453,16.700000762939453,16.559999465942383,16.6200008392334,1596500
2021-02-11,DBA,16.6299991607666,16.709999084472656,16.600000381469727,16.65999984741211,1028800
2021-02-12,DBA,16.670000076293945,16.790000915527344,16.65999984741211,16.690000534057617,726100
2021-02-16,DBA,16.860000610351562,17.0,16.829999923706055,16.959999084472656,2241500
2021-02-17,DBA,16.959999084472656,16.979999542236328,16.799999237060547,16.889999389648438,1664800
2021-02-18,DBA,16.959999084472656,16.979999542236328,16.8799991607666,16.950000762939453,928000
2021-02-19,DBA,17.040000915527344,17.1200008392334,17.010000228881836,17.049999237060547,1419300
2021-02-22,DBA,17.100000381469727,17.329999923706055,17.09000015258789,17.290000915527344,2508100
2021-02-23,DBA,17.34000015258789,17.40999984741211,17.260000228881836,17.3700008392334,2187000
2021-02-24,DBA,17.459999084472656,17.610000610351562,17.450000762939453,17.610000610351562,2197100
2021-02-25,DBA,17.579999923706055,17.600000381469727,17.440000534057617,17.549999237060547,2217000
2021-02-26,DBA,17.3799991607666,17.459999084472656,17.260000228881836,17.299999237060547,1815200
2021-03-01,DBA,17.450000762939453,17.450000762939453,17.18000030517578,17.190000534057617,1464500
2021-03-02,DBA,17.139999389648438,17.309999465942383,17.110000610351562,17.270000457763672,2097000
2021-03-03,DBA,17.149999618530273,17.239999771118164,17.149999618530273,17.170000076293945,1283700
2021-03-04,DBA,17.149999618530273,17.280000686645508,17.079999923706055,17.1200008392334,1430300
2021-03-05,DBA,17.149999618530273,17.209999084472656,17.09000015258789,17.200000762939453,1224000
2021-03-08,DBA,17.190000534057617,17.229999542236328,17.09000015258789,17.170000076293945,1365200
2021-03-09,DBA,17.170000076293945,17.270000457763672,17.1299991607666,17.25,810800
2021-03-10,DBA,17.219999313354492,17.219999313354492,17.09000015258789,17.190000534057617,1612900
2021-03-11,DBA,17.290000915527344,17.329999923706055,17.239999771118164,17.309999465942383,1216100
2021-03-12,DBA,17.25,17.309999465942383,17.200000762939453,17.299999237060547,532900
2021-03-15,DBA,17.25,17.290000915527344,17.200000762939453,17.270000457763672,717000
2021-03-16,DBA,17.309999465942383,17.3799991607666,17.290000915527344,17.360000610351562,695700
2021-03-17,DBA,17.299999237060547,17.309999465942383,17.239999771118164,17.309999465942383,673400
2021-03-18,DBA,17.280000686645508,17.280000686645508,16.93000030517578,16.940000534057617,1595200
2021-03-19,DBA,16.940000534057617,17.010000228881836,16.8799991607666,16.920000076293945,1091500
2021-03-22,DBA,16.920000076293945,16.940000534057617,16.799999237060547,16.93000030517578,1427700
2021-03-23,DBA,16.799999237060547,16.969999313354492,16.790000915527344,16.889999389648438,1212400
2021-03-24,DBA,16.8700008392334,16.90999984741211,16.84000015258789,16.860000610351562,674500
2021-03-25,DBA,16.829999923706055,16.850000381469727,16.760000228881836,16.809999465942383,1168800
2021-03-26,DBA,16.860000610351562,16.940000534057617,16.860000610351562,16.920000076293945,657600
2021-03-29,DBA,16.8700008392334,16.8700008392334,16.790000915527344,16.829999923706055,601000
2021-03-30,DBA,16.770000457763672,16.770000457763672,16.56999969482422,16.6200008392334,1181900
2021-03-31,DBA,16.56999969482422,17.040000915527344,16.56999969482422,16.940000534057617,2311000
2021-04-01,DBA,17.040000915527344,17.100000381469727,16.860000610351562,16.90999984741211,1736600
2021-04-05,DBA,16.969999313354492,17.059999465942383,16.90999984741211,16.920000076293945,750100
2021-04-06,DBA,16.989999771118164,17.09000015258789,16.959999084472656,17.040000915527344,383700
2021-04-07,DBA,17.079999923706055,17.15999984741211,17.049999237060547,17.1299991607666,570400
2021-04-08,DBA,17.190000534057617,17.299999237060547,17.18000030517578,17.290000915527344,1281500
2021-04-09,DBA,17.34000015258789,17.3700008392334,17.25,17.270000457763672,727100
2021-04-12,DBA,17.25,17.25,17.139999389648438,17.149999618530273,674700
2021-04-13,DBA,17.25,17.34000015258789,17.239999771118164,17.290000915527344,791400
2021-04-14,DBA,17.389999389648438,17.549999237060547,17.389999389648438,17.489999771118164,880200
2021-04-15,DBA,17.579999923706055,17.579999923706055,17.479999542236328,17.530000686645508,832600
2021-04-16,DBA,17.579999923706055,17.6299991607666,17.450000762939453,17.489999771118164,606900
2021-04-19,DBA,17.549999237060547,17.610000610351562,17.5,17.549999237060547,434200
2021-04-20,DBA,17.700000762939453,17.81999969482422,17.700000762939453,17.760000228881836,1442600
2021-04-21,DBA,17.760000228881836,17.8700008392334,17.700000762939453,17.84000015258789,756700
2021-04-22,DBA,17.899999618530273,18.1299991607666,17.81999969482422,18.059999465942383,1553100
2021-04-23,DBA,18.100000381469727,18.209999084472656,18.049999237060547,18.209999084472656,834900
2021-04-26,DBA,18.360000610351562,18.579999923706055,18.260000228881836,18.579999923706055,2563200
2021-04-27,DBA,18.579999923706055,18.739999771118164,18.389999389648438,18.579999923706055,2050700
2021-04-28,DBA,18.350000381469727,18.579999923706055,18.309999465942383,18.3700008392334,1571200
2021-04-29,DBA,18.43000030517578,18.43000030517578,18.190000534057617,18.290000915527344,1210300
2021-04-30,DBA,18.190000534057617,18.420000076293945,18.170000076293945,18.399999618530273,712000
2021-05-03,DBA,18.56999969482422,18.579999923706055,18.270000457763672,18.34000015258789,2236900
2021-05-04,DBA,18.43000030517578,18.559999465942383,18.3799991607666,18.489999771118164,1908800
2021-05-05,DBA,18.639999389648438,18.940000534057617,18.549999237060547,18.920000076293945,2055500
2021-05-06,DBA,19.0,19.229999542236328,18.920000076293945,19.209999084472656,2428200
2021-05-07,DBA,19.25,19.360000610351562,19.06999969482422,19.329999923706055,3591100
2021-05-10,DBA,19.25,19.25,18.979999542236328,18.979999542236328,3319400
2021-05-11,DBA,19.100000381469727,19.25,19.100000381469727,19.239999771118164,2297200
2021-05-12,DBA,19.200000762939453,19.270000457763672,19.040000915527344,19.059999465942383,2470000
2021-05-13,DBA,18.889999389648438,18.899999618530273,18.3700008392334,18.530000686645508,2850600
2021-05-14,DBA,18.700000762939453,18.700000762939453,18.329999923706055,18.360000610351562,1911900
2021-05-17,DBA,18.399999618530273,18.469999313354492,18.299999237060547,18.389999389648438,1364600
2021-05-18,DBA,18.59000015258789,18.68000030517578,18.530000686645508,18.59000015258789,1763300
2021-05-19,DBA,18.34000015258789,18.40999984741211,18.200000762939453,18.40999984741211,1636500
2021-05-20,DBA,18.40999984741211,18.489999771118164,18.329999923706055,18.3799991607666,961000
2021-05-21,DBA,18.290000915527344,18.420000076293945,18.260000228881836,18.389999389648438,1319500
2021-05-24,DBA,18.18000030517578,18.299999237060547,18.139999389648438,18.280000686645508,1448300
2021-05-25,DBA,18.350000381469727,18.420000076293945,18.079999923706055,18.190000534057617,1194400
2021-05-26,DBA,18.149999618530273,18.270000457763672,18.020000457763672,18.219999313354492,1082800
2021-05-27,DBA,18.299999237060547,18.6200008392334,18.299999237060547,18.579999923706055,1116200
2021-05-28,DBA,18.639999389648438,18.75,18.579999923706055,18.59000015258789,790100
2021-06-01,DBA,18.899999618530273,19.09000015258789,18.81999969482422,18.889999389648438,1344500
2021-06-02,DBA,18.969999313354492,19.030000686645508,18.729999542236328,18.920000076293945,937500
2021-06-03,DBA,18.959999084472656,18.959999084472656,18.610000610351562,18.670000076293945,744700
2021-06-04,DBA,18.770000457763672,19.040000915527344,18.770000457763672,19.010000228881836,634200
2021-06-07,DBA,19.1299991607666,19.139999389648438,18.940000534057617,19.0,1252100
2021-06-08,DBA,19.079999923706055,19.190000534057617,19.030000686645508,19.079999923706055,549700
2021-06-09,DBA,19.010000228881836,19.06999969482422,18.8799991607666,19.030000686645508,681600
2021-06-10,DBA,19.09000015258789,19.209999084472656,19.040000915527344,19.139999389648438,618800
2021-06-11,DBA,19.010000228881836,19.049999237060547,18.860000610351562,19.040000915527344,629500
2021-06-14,DBA,18.530000686645508,18.780000686645508,18.5,18.68000030517578,1675100
2021-06-15,DBA,18.479999542236328,18.549999237060547,18.40999984741211,18.520000457763672,1328300
2021-06-16,DBA,18.530000686645508,18.610000610351562,18.389999389648438,18.389999389648438,1857900
2021-06-17,DBA,18.1200008392334,18.209999084472656,17.670000076293945,17.68000030517578,2853100
2021-06-18,DBA,17.979999542236328,18.170000076293945,17.850000381469727,18.020000457763672,1996100
2021-06-21,DBA,17.84000015258789,18.110000610351562,17.799999237060547,18.06999969482422,2234300
2021-06-22,DBA,18.030000686645508,18.059999465942383,17.889999389648438,17.889999389648438,909300
2021-06-23,DBA,17.950000762939453,18.020000457763672,17.81999969482422,17.899999618530273,521300
2021-06-24,DBA,17.670000076293945,17.889999389648438,17.540000915527344,17.84000015258789,1346800
2021-06-25,DBA,17.889999389648438,17.90999984741211,17.729999542236328,17.829999923706055,540000
2021-06-28,DBA,17.889999389648438,18.219999313354492,17.889999389648438,18.209999084472656,1097300
2021-06-29,DBA,18.190000534057617,18.290000915527344,18.110000610351562,18.139999389648438,483800
2021-06-30,DBA,18.040000915527344,18.670000076293945,17.940000534057617,18.6299991607666,1597700
2021-07-01,DBA,18.850000381469727,18.90999984741211,18.450000762939453,18.469999313354492,1558200
2021-07-02,DBA,18.559999465942383,18.56999969482422,18.299999237060547,18.350000381469727,810700
2021-07-06,DBA,18.329999923706055,18.329999923706055,17.729999542236328,17.829999923706055,1817800
2021-07-07,DBA,17.809999465942383,17.860000610351562,17.670000076293945,17.799999237060547,1086900
2021-07-08,DBA,17.690000534057617,17.81999969482422,17.670000076293945,17.670000076293945,848700
2021-07-09,DBA,17.670000076293945,17.739999771118164,17.600000381469727,17.709999084472656,577100
2021-07-12,DBA,17.790000915527344,18.020000457763672,17.770000457763672,18.010000228881836,1259600
2021-07-13,DBA,18.0,18.110000610351562,17.93000030517578,18.059999465942383,469800
2021-07-14,DBA,18.15999984741211,18.31999969482422,18.149999618530273,18.260000228881836,615800
2021-07-15,DBA,18.229999542236328,18.350000381469727,18.229999542236328,18.31999969482422,585800
2021-07-16,DBA,18.459999084472656,18.530000686645508,18.360000610351562,18.3700008392334,1297300
2021-07-19,DBA,18.3700008392334,18.3799991607666,18.06999969482422,18.149999618530273,1441000
2021-07-20,DBA,18.3799991607666,18.540000915527344,18.34000015258789,18.459999084472656,1024400
2021-07-21,DBA,18.59000015258789,18.75,18.510000228881836,18.739999771118164,747100
2021-07-22,DBA,18.799999237060547,18.950000762939453,18.75,18.920000076293945,713400
2021-07-23,DBA,19.0,19.020000457763672,18.799999237060547,18.829999923706055,729700
2021-07-26,DBA,19.030000686645508,19.270000457763672,18.950000762939453,19.270000457763672,1117600
2021-07-27,DBA,19.299999237060547,19.389999389648438,19.06999969482422,19.15999984741211,734700
2021-07-28,DBA,19.229999542236328,19.270000457763672,19.100000381469727,19.190000534057617,806200
2021-07-29,DBA,19.170000076293945,19.18000030517578,19.049999237060547,19.1200008392334,624700
2021-07-30,DBA,18.850000381469727,18.850000381469727,18.610000610351562,18.649999618530273,910400
2021-08-02,DBA,18.6299991607666,18.760000228881836,18.6299991607666,18.68000030517578,426200
2021-08-03,DBA,18.6299991607666,18.809999465942383,18.6299991607666,18.75,316300
2021-08-04,DBA,18.760000228881836,18.84000015258789,18.6299991607666,18.65999984741211,587100
2021-08-05,DBA,18.760000228881836,18.809999465942383,18.729999542236328,18.760000228881836,265500
2021-08-06,DBA,18.790000915527344,18.8799991607666,18.719999313354492,18.8799991607666,266700
2021-08-09,DBA,18.770000457763672,18.81999969482422,18.729999542236328,18.760000228881836,605800
2021-08-10,DBA,18.90999984741211,19.049999237060547,18.90999984741211,19.040000915527344,623500
2021-08-11,DBA,19.049999237060547,19.1299991607666,19.0,19.1200008392334,939200
2021-08-12,DBA,19.06999969482422,19.3700008392334,19.06999969482422,19.280000686645508,693400
2021-08-13,DBA,19.360000610351562,19.3700008392334,19.25,19.329999923706055,631700
2021-08-16,DBA,19.420000076293945,19.43000030517578,19.299999237060547,19.40999984741211,418700
2021-08-17,DBA,19.350000381469727,19.360000610351562,19.200000762939453,19.290000915527344,727300
2021-08-18,DBA,19.299999237060547,19.34000015258789,19.260000228881836,19.299999237060547,1094800
2021-08-19,DBA,19.170000076293945,19.190000534057617,18.969999313354492,19.030000686645508,970500
2021-08-20,DBA,18.950000762939453,19.010000228881836,18.799999237060547,18.84000015258789,537900
2021-08-23,DBA,18.940000534057617,19.030000686645508,18.90999984741211,18.950000762939453,1560000
2021-08-24,DBA,19.0,19.18000030517578,19.0,19.149999618530273,802900
2021-08-25,DBA,19.09000015258789,19.280000686645508,19.09000015258789,19.239999771118164,1103500
2021-08-26,DBA,19.219999313354492,19.239999771118164,19.139999389648438,19.170000076293945,396200
2021-08-27,DBA,19.260000228881836,19.350000381469727,19.239999771118164,19.31999969482422,757300
2021-08-30,DBA,19.450000762939453,19.479999542236328,19.309999465942383,19.389999389648438,446000
2021-08-31,DBA,19.25,19.25,19.059999465942383,19.1299991607666,630000
2021-09-01,DBA,19.100000381469727,19.200000762939453,19.020000457763672,19.059999465942383,1446300
2021-09-02,DBA,19.149999618530273,19.170000076293945,19.079999923706055,19.079999923706055,694400
2021-09-03,DBA,19.09000015258789,19.1299991607666,19.049999237060547,19.06999969482422,276700
2021-09-07,DBA,19.100000381469727,19.110000610351562,18.940000534057617,18.950000762939453,855800
2021-09-08,DBA,19.010000228881836,19.049999237060547,18.829999923706055,18.829999923706055,525400
2021-09-09,DBA,18.739999771118164,18.81999969482422,18.65999984741211,18.670000076293945,749000
2021-09-10,DBA,18.600000381469727,18.649999618530273,18.489999771118164,18.59000015258789,1512800
2021-09-13,DBA,18.530000686645508,18.579999923706055,18.469999313354492,18.540000915527344,2118700
2021-09-14,DBA,18.559999465942383,18.649999618530273,18.540000915527344,18.56999969482422,1329700
2021-09-15,DBA,18.68000030517578,18.760000228881836,18.639999389648438,18.760000228881836,569900
2021-09-16,DBA,18.709999084472656,18.75,18.56999969482422,18.75,550100
2021-09-17,DBA,18.700000762939453,18.700000762939453,18.549999237060547,18.600000381469727,653500
2021-09-20,DBA,18.420000076293945,18.459999084472656,18.360000610351562,18.420000076293945,1144200
2021-09-21,DBA,18.440000534057617,18.469999313354492,18.31999969482422,18.399999618530273,374400
2021-09-22,DBA,18.530000686645508,18.600000381469727,18.520000457763672,18.56999969482422,268700
2021-09-23,DBA,18.639999389648438,18.809999465942383,18.639999389648438,18.799999237060547,619900
2021-09-24,DBA,18.739999771118164,18.81999969482422,18.719999313354492,18.799999237060547,486900
2021-09-27,DBA,18.829999923706055,18.969999313354492,18.829999923706055,18.940000534057617,937900
2021-09-28,DBA,18.989999771118164,19.010000228881836,18.90999984741211,19.0,853800
2021-09-29,DBA,19.040000915527344,19.049999237060547,18.950000762939453,19.0,736400
2021-09-30,DBA,19.040000915527344,19.200000762939453,19.0,19.1200008392334,1177000
2021-10-01,DBA,19.200000762939453,19.420000076293945,19.190000534057617,19.399999618530273,1008800
2021-10-04,DBA,19.360000610351562,19.5,19.299999237060547,19.360000610351562,1079400
2021-10-05,DBA,19.209999084472656,19.260000228881836,19.139999389648438,19.239999771118164,368300
2021-10-06,DBA,19.190000534057617,19.25,19.1200008392334,19.209999084472656,858500
2021-10-07,DBA,19.270000457763672,19.3700008392334,19.229999542236328,19.360000610351562,1405600
2021-10-08,DBA,19.450000762939453,19.510000228881836,19.399999618530273,19.40999984741211,750500
2021-10-11,DBA,19.360000610351562,19.43000030517578,19.309999465942383,19.350000381469727,875700
2021-10-12,DBA,19.459999084472656,19.459999084472656,19.31999969482422,19.350000381469727,1269700
2021-10-13,DBA,19.209999084472656,19.209999084472656,19.0,19.049999237060547,1339400
2021-10-14,DBA,19.110000610351562,19.149999618530273,19.049999237060547,19.1200008392334,1030300
2021-10-15,DBA,19.200000762939453,19.270000457763672,19.139999389648438,19.200000762939453,743300
2021-10-18,DBA,19.18000030517578,19.200000762939453,19.100000381469727,19.170000076293945,1011200
2021-10-19,DBA,19.139999389648438,19.18000030517578,19.059999465942383,19.1200008392334,445200
2021-10-20,DBA,19.100000381469727,19.18000030517578,19.06999969482422,19.18000030517578,464100
2021-10-21,DBA,19.100000381469727,19.149999618530273,18.959999084472656,18.989999771118164,582100
2021-10-22,DBA,19.010000228881836,19.079999923706055,18.93000030517578,18.979999542236328,493400
2021-10-25,DBA,19.059999465942383,19.15999984741211,19.059999465942383,19.139999389648438,1018400
2021-10-26,DBA,19.139999389648438,19.299999237060547,19.100000381469727,19.25,989800
2021-10-27,DBA,19.190000534057617,19.34000015258789,19.170000076293945,19.209999084472656,1455300
2021-10-28,DBA,19.290000915527344,19.389999389648438,19.239999771118164,19.299999237060547,755300
2021-10-29,DBA,19.260000228881836,19.309999465942383,19.18000030517578,19.290000915527344,904200
2021-11-01,DBA,19.420000076293945,19.56999969482422,19.40999984741211,19.520000457763672,1185100
2021-11-02,DBA,19.479999542236328,19.540000915527344,19.3700008392334,19.450000762939453,1278400
2021-11-03,DBA,19.399999618530273,19.549999237060547,19.360000610351562,19.43000030517578,634900
2021-11-04,DBA,19.40999984741211,19.559999465942383,19.329999923706055,19.3700008392334,1050500
2021-11-05,DBA,19.34000015258789,19.34000015258789,19.25,19.270000457763672,466300
2021-11-08,DBA,19.270000457763672,19.299999237060547,19.200000762939453,19.219999313354492,1204100
2021-11-09,DBA,19.219999313354492,19.3799991607666,19.1200008392334,19.360000610351562,1420800
2021-11-10,DBA,19.389999389648438,19.5,19.3700008392334,19.489999771118164,893500
2021-11-11,DBA,19.489999771118164,19.649999618530273,19.489999771118164,19.600000381469727,1151900
2021-11-12,DBA,19.649999618530273,19.790000915527344,19.6299991607666,19.75,1475300
2021-11-15,DBA,19.81999969482422,19.8799991607666,19.780000686645508,19.860000610351562,1999900
2021-11-16,DBA,19.799999237060547,19.8700008392334,19.780000686645508,19.8700008392334,582700
2021-11-17,DBA,19.950000762939453,20.1299991607666,19.93000030517578,20.110000610351562,2447200
2021-11-18,DBA,20.149999618530273,20.229999542236328,19.989999771118164,20.020000457763672,972600
2021-11-19,DBA,20.079999923706055,20.1299991607666,20.020000457763672,20.06999969482422,697500
2021-11-22,DBA,20.030000686645508,20.18000030517578,20.030000686645508,20.15999984741211,1577300
2021-11-23,DBA,20.149999618530273,20.309999465942383,20.110000610351562,20.309999465942383,991500
2021-11-24,DBA,20.280000686645508,20.3700008392334,20.260000228881836,20.260000228881836,897300
2021-11-26,DBA,20.010000228881836,20.030000686645508,19.799999237060547,19.969999313354492,1210000
2021-11-29,DBA,20.049999237060547,20.049999237060547,19.68000030517578,19.739999771118164,1270900
2021-11-30,DBA,19.540000915527344,19.579999923706055,19.31999969482422,19.360000610351562,2694000
2021-12-01,DBA,19.420000076293945,19.489999771118164,19.309999465942383,19.329999923706055,2502500
2021-12-02,DBA,19.56999969482422,19.729999542236328,19.5,19.65999984741211,1377800
2021-12-03,DBA,19.790000915527344,19.860000610351562,19.68000030517578,19.739999771118164,715100
2021-12-06,DBA,19.760000228881836,19.81999969482422,19.65999984741211,19.799999237060547,631000
2021-12-07,DBA,19.809999465942383,19.809999465942383,19.700000762939453,19.780000686645508,557100
2021-12-08,DBA,19.780000686645508,19.809999465942383,19.709999084472656,19.790000915527344,617200
2021-12-09,DBA,19.68000030517578,19.729999542236328,19.56999969482422,19.68000030517578,1429700
2021-12-10,DBA,19.6299991607666,19.729999542236328,19.6200008392334,19.719999313354492,512500
2021-12-13,DBA,19.700000762939453,19.809999465942383,19.68000030517578,19.770000457763672,1149200
2021-12-14,DBA,19.760000228881836,19.799999237060547,19.709999084472656,19.770000457763672,717100
2021-12-15,DBA,19.739999771118164,19.75,19.549999237060547,19.68000030517578,1023900
2021-12-16,DBA,19.6200008392334,19.770000457763672,19.59000015258789,19.739999771118164,650400
2021-12-17,DBA,19.690000534057617,19.709999084472656,19.579999923706055,19.579999923706055,604400
2021-12-20,DBA,19.420000076293945,19.43000030517578,19.309999465942383,19.350000381469727,1220500
2021-12-21,DBA,19.420000076293945,19.68000030517578,19.389999389648438,19.670000076293945,687000
2021-12-22,DBA,19.790000915527344,19.899999618530273,19.790000915527344,19.899999618530273,787500
2021-12-23,DBA,19.889999389648438,19.979999542236328,19.84000015258789,19.93000030517578,437300
2021-12-27,DBA,19.920000076293945,19.959999084472656,19.899999618530273,19.950000762939453,462900
2021-12-28,DBA,19.889999389648438,19.899999618530273,19.760000228881836,19.770000457763672,458100
2021-12-29,DBA,19.760000228881836,19.979999542236328,19.760000228881836,19.959999084472656,784200
2021-12-30,DBA,19.899999618530273,19.920000076293945,19.799999237060547,19.81999969482422,502300
2021-12-31,DBA,19.81999969482422,19.84000015258789,19.719999313354492,19.75,352600
2022-01-03,DBA,19.690000534057617,19.760000228881836,19.600000381469727,19.670000076293945,556500
2022-01-04,DBA,19.729999542236328,19.860000610351562,19.709999084472656,19.799999237060547,755100
2022-01-05,DBA,19.719999313354492,19.75,19.65999984741211,19.690000534057617,1111200
2022-01-06,DBA,19.639999389648438,19.68000030517578,19.549999237060547,19.670000076293945,523800
2022-01-07,DBA,19.739999771118164,19.84000015258789,19.700000762939453,19.84000015258789,445500
2022-01-10,DBA,19.709999084472656,19.719999313354492,19.540000915527344,19.68000030517578,714500
2022-01-11,DBA,19.649999618530273,19.81999969482422,19.579999923706055,19.799999237060547,830000
2022-01-12,DBA,19.8700008392334,19.8700008392334,19.739999771118164,19.809999465942383,1310300
2022-01-13,DBA,19.850000381469727,19.850000381469727,19.670000076293945,19.700000762939453,626000
2022-01-14,DBA,19.75,19.940000534057617,19.739999771118164,19.940000534057617,778800
2022-01-18,DBA,19.889999389648438,20.0,19.850000381469727,19.959999084472656,1514700
2022-01-19,DBA,20.09000015258789,20.299999237060547,20.09000015258789,20.299999237060547,2120900
2022-01-20,DBA,20.329999923706055,20.389999389648438,20.260000228881836,20.260000228881836,1584400
2022-01-21,DBA,20.209999084472656,20.209999084472656,20.079999923706055,20.149999618530273,2368100
2022-01-24,DBA,20.0,20.1200008392334,19.860000610351562,20.1200008392334,2892300
2022-01-25,DBA,20.1200008392334,20.239999771118164,20.09000015258789,20.200000762939453,2217400
2022-01-26,DBA,20.190000534057617,20.219999313354492,20.110000610351562,20.170000076293945,1739400
2022-01-27,DBA,20.100000381469727,20.1200008392334,19.920000076293945,19.940000534057617,1318400
2022-01-28,DBA,20.030000686645508,20.18000030517578,20.020000457763672,20.18000030517578,1381800
2022-01-31,DBA,20.219999313354492,20.270000457763672,20.1299991607666,20.190000534057617,1911300
2022-02-01,DBA,20.309999465942383,20.5,20.309999465942383,20.469999313354492,2257000
2022-02-02,DBA,20.520000457763672,20.520000457763672,20.360000610351562,20.420000076293945,2341100
2022-02-03,DBA,20.389999389648438,20.559999465942383,20.3799991607666,20.450000762939453,1201300
2022-02-04,DBA,20.489999771118164,20.6200008392334,20.450000762939453,20.59000015258789,1670200
2022-02-07,DBA,20.670000076293945,20.75,20.639999389648438,20.68000030517578,1397100
2022-02-08,DBA,20.690000534057617,20.84000015258789,20.65999984741211,20.829999923706055,1453900
2022-02-09,DBA,20.950000762939453,21.18000030517578,20.950000762939453,21.18000030517578,2476700
2022-02-10,DBA,21.25,21.3700008392334,21.010000228881836,21.030000686645508,2255500
2022-02-11,DBA,21.030000686645508,21.15999984741211,20.959999084472656,21.100000381469727,1741900
2022-02-14,DBA,21.0,21.020000457763672,20.799999237060547,21.020000457763672,2028300
2022-02-15,DBA,20.90999984741211,20.940000534057617,20.860000610351562,20.940000534057617,1187600
2022-02-16,DBA,20.969999313354492,21.020000457763672,20.950000762939453,21.0,1655400
2022-02-17,DBA,21.049999237060547,21.079999923706055,20.979999542236328,21.06999969482422,1512900
2022-02-18,DBA,21.06999969482422,21.1200008392334,21.020000457763672,21.040000915527344,1414500
2022-02-22,DBA,21.06999969482422,21.399999618530273,21.049999237060547,21.389999389648438,2983900
2022-02-23,DBA,21.450000762939453,21.469999313354492,21.31999969482422,21.399999618530273,2783200
2022-02-24,DBA,21.8799991607666,21.899999618530273,21.15999984741211,21.290000915527344,6757900
2022-02-25,DBA,20.8799991607666,20.979999542236328,20.6299991607666,20.690000534057617,3970800
2022-02-28,DBA,20.959999084472656,21.0,20.770000457763672,20.93000030517578,4196400
2022-03-01,DBA,21.31999969482422,21.530000686645508,21.229999542236328,21.440000534057617,5063200
2022-03-02,DBA,21.649999618530273,21.649999618530273,21.34000015258789,21.43000030517578,5534800
2022-03-03,DBA,21.579999923706055,22.149999618530273,21.510000228881836,21.90999984741211,10096800
2022-03-04,DBA,22.31999969482422,22.639999389648438,21.600000381469727,21.84000015258789,11291500
2022-03-07,DBA,22.229999542236328,22.290000915527344,21.850000381469727,22.229999542236328,8382600
2022-03-08,DBA,22.229999542236328,22.440000534057617,21.68000030517578,22.200000762939453,7919100
2022-03-09,DBA,22.010000228881836,22.010000228881836,21.639999389648438,21.860000610351562,5167100
2022-03-10,DBA,21.969999313354492,22.0,21.6299991607666,21.770000457763672,4536700
2022-03-11,DBA,21.68000030517578,21.90999984741211,21.559999465942383,21.84000015258789,2564100
2022-03-14,DBA,21.729999542236328,21.979999542236328,21.68000030517578,21.799999237060547,3182000
2022-03-15,DBA,21.600000381469727,21.780000686645508,21.510000228881836,21.719999313354492,3719700
2022-03-16,DBA,21.719999313354492,21.780000686645508,21.350000381469727,21.3700008392334,2675400
2022-03-17,DBA,21.399999618530273,21.68000030517578,21.399999618530273,21.6200008392334,2197900
2022-03-18,DBA,21.530000686645508,21.6299991607666,21.459999084472656,21.6299991607666,1799000
2022-03-21,DBA,21.860000610351562,22.15999984741211,21.850000381469727,22.09000015258789,5344800
2022-03-22,DBA,22.200000762939453,22.209999084472656,22.010000228881836,22.1299991607666,3391600
2022-03-23,DBA,22.270000457763672,22.389999389648438,22.18000030517578,22.229999542236328,3799100
2022-03-24,DBA,22.18000030517578,22.229999542236328,22.020000457763672,22.079999923706055,4133200
2022-03-25,DBA,22.09000015258789,22.260000228881836,22.059999465942383,22.25,2659100
2022-03-28,DBA,21.940000534057617,21.979999542236328,21.829999923706055,21.920000076293945,3978400
2022-03-29,DBA,21.610000610351562,21.850000381469727,21.399999618530273,21.75,4256100
2022-03-30,DBA,21.8799991607666,22.09000015258789,21.8700008392334,22.020000457763672,3382400
2022-03-31,DBA,22.079999923706055,22.229999542236328,21.850000381469727,21.8799991607666,2748000
2022-04-01,DBA,21.8799991607666,21.979999542236328,21.700000762939453,21.739999771118164,1578200
2022-04-04,DBA,21.940000534057617,21.969999313354492,21.799999237060547,21.889999389648438,1818100
2022-04-05,DBA,22.06999969482422,22.200000762939453,21.959999084472656,21.969999313354492,3493100
2022-04-06,DBA,21.889999389648438,21.969999313354492,21.84000015258789,21.959999084472656,2217500
2022-04-07,DBA,21.959999084472656,22.040000915527344,21.899999618530273,22.010000228881836,1680300
2022-04-08,DBA,22.1200008392334,22.360000610351562,22.1200008392334,22.350000381469727,5542100
2022-04-11,DBA,22.440000534057617,22.549999237060547,22.350000381469727,22.530000686645508,5246900
2022-04-12,DBA,22.65999984741211,22.770000457763672,22.610000610351562,22.709999084472656,3947400
2022-04-13,DBA,22.639999389648438,22.700000762939453,22.510000228881836,22.68000030517578,2928800
2022-04-14,DBA,22.6299991607666,22.65999984741211,22.530000686645508,22.56999969482422,3274300
2022-04-18,DBA,22.68000030517578,22.8799991607666,22.670000076293945,22.84000015258789,3882200
2022-04-19,DBA,22.75,22.75,22.600000381469727,22.6200008392334,4469000
2022-04-20,DBA,22.700000762939453,22.719999313354492,22.489999771118164,22.649999618530273,3067400
2022-04-21,DBA,22.649999618530273,22.68000030517578,22.540000915527344,22.610000610351562,2723100
2022-04-22,DBA,22.56999969482422,22.600000381469727,22.31999969482422,22.329999923706055,3439600
2022-04-25,DBA,22.1200008392334,22.190000534057617,21.959999084472656,22.149999618530273,5558100
2022-04-26,DBA,22.309999465942383,22.360000610351562,22.049999237060547,22.209999084472656,3047500
2022-04-27,DBA,22.229999542236328,22.299999237060547,22.149999618530273,22.209999084472656,3381900
2022-04-28,DBA,22.270000457763672,22.329999923706055,22.139999389648438,22.309999465942383,1983300
2022-04-29,DBA,22.360000610351562,22.3700008392334,22.059999465942383,22.06999969482422,1489100
2022-05-02,DBA,21.969999313354492,22.0,21.780000686645508,21.989999771118164,2133500
2022-05-03,DBA,22.040000915527344,22.149999618530273,21.829999923706055,21.8700008392334,1353500
2022-05-04,DBA,22.020000457763672,22.139999389648438,21.920000076293945,22.06999969482422,1749400
2022-05-05,DBA,22.170000076293945,22.170000076293945,21.989999771118164,22.110000610351562,1611400
2022-05-06,DBA,21.979999542236328,22.020000457763672,21.790000915527344,21.84000015258789,2595600
2022-05-09,DBA,21.709999084472656,21.729999542236328,21.270000457763672,21.329999923706055,6074400
2022-05-10,DBA,21.56999969482422,21.6299991607666,21.459999084472656,21.479999542236328,2063800
2022-05-11,DBA,21.700000762939453,21.920000076293945,21.68000030517578,21.8700008392334,3349700
2022-05-12,DBA,21.780000686645508,22.0,21.65999984741211,21.969999313354492,3303800
2022-05-13,DBA,22.0,22.190000534057617,21.90999984741211,22.18000030517578,1971300
2022-05-16,DBA,22.6200008392334,22.899999618530273,22.600000381469727,22.84000015258789,7783600
2022-05-17,DBA,22.700000762939453,23.010000228881836,22.700000762939453,22.959999084472656,5074300
2022-05-18,DBA,22.719999313354492,22.729999542236328,22.360000610351562,22.399999618530273,3828600
2022-05-19,DBA,22.270000457763672,22.479999542236328,22.200000762939453,22.389999389648438,2145700
2022-05-20,DBA,22.290000915527344,22.329999923706055,22.200000762939453,22.239999771118164,1437700
2022-05-23,DBA,22.309999465942383,22.450000762939453,22.280000686645508,22.440000534057617,2111400
2022-05-24,DBA,22.3700008392334,22.3700008392334,22.030000686645508,22.170000076293945,1493100
2022-05-25,DBA,21.959999084472656,22.110000610351562,21.920000076293945,22.059999465942383,1982200
2022-05-26,DBA,22.110000610351562,22.389999389648438,22.079999923706055,22.280000686645508,1786600
2022-05-27,DBA,22.31999969482422,22.489999771118164,22.299999237060547,22.420000076293945,1629400
2022-05-31,DBA,22.399999618530273,22.399999618530273,21.950000762939453,21.989999771118164,2333800
2022-06-01,DBA,22.09000015258789,22.200000762939453,21.84000015258789,21.969999313354492,1886500
2022-06-02,DBA,22.1299991607666,22.209999084472656,22.059999465942383,22.079999923706055,1806200
2022-06-03,DBA,22.030000686645508,22.06999969482422,21.84000015258789,21.8700008392334,2339000
2022-06-06,DBA,22.110000610351562,22.219999313354492,22.049999237060547,22.15999984741211,1460400
2022-06-07,DBA,22.100000381469727,22.1299991607666,21.969999313354492,22.110000610351562,2303500
2022-06-08,DBA,22.170000076293945,22.280000686645508,22.1200008392334,22.18000030517578,2097400
2022-06-09,DBA,22.079999923706055,22.25,22.06999969482422,22.18000030517578,1103500
2022-06-10,DBA,22.059999465942383,22.09000015258789,21.93000030517578,22.010000228881836,1473400
2022-06-13,DBA,21.8799991607666,21.8799991607666,21.510000228881836,21.760000228881836,3358700
2022-06-14,DBA,21.75,21.790000915527344,21.6299991607666,21.700000762939453,1970000
2022-06-15,DBA,21.600000381469727,21.799999237060547,21.579999923706055,21.709999084472656,2272200
2022-06-16,DBA,21.790000915527344,21.989999771118164,21.780000686645508,21.93000030517578,2835300
2022-06-17,DBA,22.020000457763672,22.110000610351562,21.799999237060547,21.799999237060547,2004300
2022-06-21,DBA,21.739999771118164,21.809999465942383,21.520000457763672,21.559999465942383,5814000
2022-06-22,DBA,21.479999542236328,21.549999237060547,21.290000915527344,21.299999237060547,3535600
2022-06-23,DBA,21.110000610351562,21.139999389648438,20.649999618530273,20.65999984741211,8575400
2022-06-24,DBA,20.81999969482422,20.860000610351562,20.700000762939453,20.729999542236328,3052900
2022-06-27,DBA,20.709999084472656,20.729999542236328,20.459999084472656,20.479999542236328,2489300
2022-06-28,DBA,20.6200008392334,20.729999542236328,20.549999237060547,20.56999969482422,2234500
2022-06-29,DBA,20.739999771118164,20.739999771118164,20.6299991607666,20.700000762939453,1828800
2022-06-30,DBA,20.6200008392334,20.700000762939453,20.3700008392334,20.3799991607666,2619500
2022-07-01,DBA,20.360000610351562,20.360000610351562,19.969999313354492,19.979999542236328,4772800
2022-07-05,DBA,19.8700008392334,19.8799991607666,19.479999542236328,19.549999237060547,4820200
2022-07-06,DBA,19.75,19.780000686645508,19.479999542236328,19.639999389648438,4061500
2022-07-07,DBA,20.0,20.110000610351562,19.920000076293945,20.010000228881836,2504800
2022-07-08,DBA,20.100000381469727,20.399999618530273,20.09000015258789,20.3799991607666,1228600
2022-07-11,DBA,20.5,20.520000457763672,20.219999313354492,20.25,925400
2022-07-12,DBA,20.040000915527344,20.110000610351562,19.68000030517578,19.690000534057617,2139300
2022-07-13,DBA,19.760000228881836,19.989999771118164,19.709999084472656,19.760000228881836,3541200
2022-07-14,DBA,19.649999618530273,19.65999984741211,19.489999771118164,19.520000457763672,4642600
2022-07-15,DBA,19.559999465942383,19.719999313354492,19.5,19.649999618530273,841500
2022-07-18,DBA,19.969999313354492,20.18000030517578,19.969999313354492,20.06999969482422,1408200
2022-07-19,DBA,19.860000610351562,20.020000457763672,19.770000457763672,19.950000762939453,1758800
2022-07-20,DBA,19.989999771118164,20.0,19.860000610351562,19.950000762939453,1240000
2022-07-21,DBA,19.700000762939453,19.81999969482422,19.56999969482422,19.600000381469727,1981600
2022-07-22,DBA,19.389999389648438,19.540000915527344,19.290000915527344,19.299999237060547,1712600
2022-07-25,DBA,19.530000686645508,19.59000015258789,19.3799991607666,19.559999465942383,834600
2022-07-26,DBA,19.799999237060547,19.860000610351562,19.68000030517578,19.799999237060547,1071200
2022-07-27,DBA,19.950000762939453,20.0,19.860000610351562,19.940000534057617,1275200
2022-07-28,DBA,20.09000015258789,20.190000534057617,20.06999969482422,20.1299991607666,1410700
2022-07-29,DBA,20.239999771118164,20.34000015258789,20.149999618530273,20.190000534057617,1411700
2022-08-01,DBA,19.93000030517578,19.979999542236328,19.75,19.959999084472656,1604400
2022-08-02,DBA,19.780000686645508,19.8700008392334,19.670000076293945,19.68000030517578,1636800
2022-08-03,DBA,19.8799991607666,19.93000030517578,19.6299991607666,19.760000228881836,976200
2022-08-04,DBA,19.760000228881836,20.09000015258789,19.729999542236328,20.059999465942383,825700
2022-08-05,DBA,19.920000076293945,20.100000381469727,19.899999618530273,19.969999313354492,1172800
2022-08-08,DBA,19.940000534057617,20.149999618530273,19.940000534057617,20.079999923706055,1345800
2022-08-09,DBA,20.139999389648438,20.190000534057617,20.049999237060547,20.15999984741211,1171700
2022-08-10,DBA,20.34000015258789,20.489999771118164,20.270000457763672,20.43000030517578,1428600
2022-08-11,DBA,20.489999771118164,20.6200008392334,20.489999771118164,20.6200008392334,1143100
2022-08-12,DBA,20.600000381469727,20.670000076293945,20.43000030517578,20.65999984741211,1518600
2022-08-15,DBA,20.469999313354492,20.56999969482422,20.389999389648438,20.520000457763672,1569500
2022-08-16,DBA,20.420000076293945,20.5,20.200000762939453,20.209999084472656,1118900
2022-08-17,DBA,20.280000686645508,20.329999923706055,20.170000076293945,20.209999084472656,886400
2022-08-18,DBA,20.209999084472656,20.209999084472656,19.90999984741211,19.90999984741211,1780300
2022-08-19,DBA,19.940000534057617,20.1299991607666,19.8700008392334,20.100000381469727,1044400
2022-08-22,DBA,20.100000381469727,20.309999465942383,20.059999465942383,20.260000228881836,1183400
2022-08-23,DBA,20.350000381469727,20.59000015258789,20.350000381469727,20.549999237060547,1954200
2022-08-24,DBA,20.65999984741211,20.739999771118164,20.510000228881836,20.6299991607666,1663800
2022-08-25,DBA,20.610000610351562,20.649999618530273,20.459999084472656,20.5,1455200
2022-08-26,DBA,20.56999969482422,20.790000915527344,20.530000686645508,20.760000228881836,2184800
2022-08-29,DBA,20.65999984741211,20.84000015258789,20.59000015258789,20.790000915527344,2410200
2022-08-30,DBA,20.700000762939453,20.739999771118164,20.610000610351562,20.700000762939453,2312500
2022-08-31,DBA,20.6299991607666,20.68000030517578,20.540000915527344,20.6299991607666,1109300
2022-09-01,DBA,20.520000457763672,20.579999923706055,20.280000686645508,20.309999465942383,2429900
2022-09-02,DBA,20.399999618530273,20.520000457763672,20.3700008392334,20.3799991607666,739000
2022-09-06,DBA,20.399999618530273,20.440000534057617,20.290000915527344,20.43000030517578,1218600
2022-09-07,DBA,20.420000076293945,20.700000762939453,20.280000686645508,20.299999237060547,1670000
2022-09-08,DBA,20.31999969482422,20.420000076293945,20.15999984741211,20.290000915527344,2038600
2022-09-09,DBA,20.420000076293945,20.670000076293945,20.40999984741211,20.670000076293945,1405700
2022-09-12,DBA,20.6299991607666,20.809999465942383,20.549999237060547,20.809999465942383,1550700
2022-09-13,DBA,20.6299991607666,20.739999771118164,20.610000610351562,20.68000030517578,1185900
2022-09-14,DBA,20.6200008392334,20.690000534057617,20.530000686645508,20.549999237060547,765500
2022-09-15,DBA,20.549999237060547,20.719999313354492,20.520000457763672,20.540000915527344,901700
2022-09-16,DBA,20.40999984741211,20.56999969482422,20.34000015258789,20.520000457763672,844400
2022-09-19,DBA,20.3700008392334,20.549999237060547,20.34000015258789,20.520000457763672,1103900
2022-09-20,DBA,20.600000381469727,20.850000381469727,20.579999923706055,20.790000915527344,1002200
2022-09-21,DBA,20.809999465942383,20.829999923706055,20.600000381469727,20.649999618530273,1328400
2022-09-22,DBA,20.65999984741211,20.719999313354492,20.56999969482422,20.65999984741211,733400
2022-09-23,DBA,20.40999984741211,20.40999984741211,20.170000076293945,20.260000228881836,2370100
2022-09-26,DBA,20.299999237060547,20.440000534057617,19.93000030517578,19.93000030517578,4199800
2022-09-27,DBA,20.170000076293945,20.219999313354492,19.959999084472656,19.969999313354492,2556800
2022-09-28,DBA,20.020000457763672,20.15999984741211,20.020000457763672,20.139999389648438,1036600
2022-09-29,DBA,20.18000030517578,20.209999084472656,20.049999237060547,20.149999618530273,695700
2022-09-30,DBA,20.190000534057617,20.270000457763672,20.010000228881836,20.020000457763672,1828100
2022-10-03,DBA,20.049999237060547,20.1200008392334,19.979999542236328,20.059999465942383,885500
2022-10-04,DBA,20.190000534057617,20.299999237060547,20.079999923706055,20.1200008392334,1551100
2022-10-05,DBA,20.1200008392334,20.299999237060547,20.110000610351562,20.239999771118164,1432600
2022-10-06,DBA,20.200000762939453,20.200000762939453,20.049999237060547,20.149999618530273,636600
2022-10-07,DBA,20.170000076293945,20.219999313354492,20.100000381469727,20.18000030517578,603200
2022-10-10,DBA,20.34000015258789,20.479999542236328,20.329999923706055,20.420000076293945,849300
2022-10-11,DBA,20.3700008392334,20.40999984741211,20.309999465942383,20.34000015258789,687500
2022-10-12,DBA,20.229999542236328,20.290000915527344,20.1200008392334,20.18000030517578,1106400
2022-10-13,DBA,20.010000228881836,20.25,19.979999542236328,20.18000030517578,1054400
2022-10-14,DBA,20.200000762939453,20.25,20.020000457763672,20.059999465942383,549500
2022-10-17,DBA,20.079999923706055,20.139999389648438,20.040000915527344,20.059999465942383,516900
2022-10-18,DBA,19.979999542236328,20.030000686645508,19.93000030517578,20.030000686645508,798400
2022-10-19,DBA,19.959999084472656,20.030000686645508,19.920000076293945,19.989999771118164,768200
2022-10-20,DBA,20.0,20.110000610351562,20.0,20.0,450900
2022-10-21,DBA,19.940000534057617,20.149999618530273,19.920000076293945,20.049999237060547,1902400
2022-10-24,DBA,20.06999969482422,20.079999923706055,19.979999542236328,19.979999542236328,936400
2022-10-25,DBA,19.889999389648438,19.969999313354492,19.8799991607666,19.920000076293945,948600
2022-10-26,DBA,19.899999618530273,19.950000762939453,19.829999923706055,19.84000015258789,1695000
2022-10-27,DBA,19.8799991607666,19.93000030517578,19.700000762939453,19.719999313354492,1261500
2022-10-28,DBA,19.610000610351562,19.649999618530273,19.5,19.6200008392334,941300
2022-10-31,DBA,19.790000915527344,19.889999389648438,19.700000762939453,19.829999923706055,1141800
2022-11-01,DBA,19.899999618530273,20.06999969482422,19.8799991607666,20.049999237060547,1188800
2022-11-02,DBA,19.969999313354492,20.030000686645508,19.93000030517578,19.940000534057617,953800
2022-11-03,DBA,19.780000686645508,19.889999389648438,19.739999771118164,19.84000015258789,482500
2022-11-04,DBA,20.059999465942383,20.110000610351562,19.959999084472656,20.09000015258789,723500
2022-11-07,DBA,20.059999465942383,20.170000076293945,20.010000228881836,20.15999984741211,1010200
2022-11-08,DBA,20.100000381469727,20.15999984741211,20.030000686645508,20.059999465942383,720400
2022-11-09,DBA,20.040000915527344,20.09000015258789,19.950000762939453,19.969999313354492,771400
2022-11-10,DBA,20.010000228881836,20.059999465942383,19.90999984741211,20.030000686645508,1432900
2022-11-11,DBA,20.1200008392334,20.18000030517578,20.049999237060547,20.079999923706055,966200
2022-11-14,DBA,19.969999313354492,20.1299991607666,19.959999084472656,20.06999969482422,647100
2022-11-15,DBA,19.969999313354492,20.209999084472656,19.959999084472656,20.1299991607666,951100
2022-11-16,DBA,20.06999969482422,20.06999969482422,19.979999542236328,20.059999465942383,758300
2022-11-17,DBA,19.84000015258789,19.889999389648438,19.809999465942383,19.8799991607666,1302900
2022-11-18,DBA,19.889999389648438,19.93000030517578,19.860000610351562,19.889999389648438,552400
2022-11-21,DBA,19.889999389648438,19.950000762939453,19.84000015258789,19.93000030517578,772100
2022-11-22,DBA,19.93000030517578,20.030000686645508,19.920000076293945,19.959999084472656,1316700
2022-11-23,DBA,19.850000381469727,19.90999984741211,19.829999923706055,19.8799991607666,1524800
2022-11-25,DBA,19.860000610351562,20.020000457763672,19.850000381469727,19.8700008392334,464100
2022-11-28,DBA,19.760000228881836,19.809999465942383,19.690000534057617,19.760000228881836,978600
2022-11-29,DBA,19.799999237060547,19.950000762939453,19.780000686645508,19.81999969482422,1088900
2022-11-30,DBA,19.899999618530273,20.059999465942383,19.860000610351562,20.049999237060547,1369200
2022-12-01,DBA,19.979999542236328,20.0,19.889999389648438,19.920000076293945,2622400
2022-12-02,DBA,19.860000610351562,19.90999984741211,19.790000915527344,19.860000610351562,1518700
2022-12-05,DBA,19.889999389648438,19.899999618530273,19.739999771118164,19.770000457763672,1568900
2022-12-06,DBA,19.770000457763672,19.799999237060547,19.579999923706055,19.6299991607666,1384700
2022-12-07,DBA,19.65999984741211,19.690000534057617,19.56999969482422,19.649999618530273,730000
2022-12-08,DBA,19.68000030517578,19.68000030517578,19.540000915527344,19.65999984741211,701300
2022-12-09,DBA,19.65999984741211,19.729999542236328,19.549999237060547,19.559999465942383,1672700
2022-12-12,DBA,19.6200008392334,19.75,19.579999923706055,19.729999542236328,1032200
2022-12-13,DBA,19.8700008392334,19.950000762939453,19.84000015258789,19.850000381469727,1419100
2022-12-14,DBA,19.790000915527344,19.889999389648438,19.760000228881836,19.829999923706055,1381100
2022-12-15,DBA,19.860000610351562,19.920000076293945,19.790000915527344,19.81999969482422,972500
2022-12-16,DBA,19.729999542236328,19.809999465942383,19.690000534057617,19.760000228881836,1932900
2022-12-19,DBA,19.68000030517578,19.709999084472656,19.6200008392334,19.670000076293945,1334500
2022-12-20,DBA,19.729999542236328,19.860000610351562,19.719999313354492,19.81999969482422,1659800
2022-12-21,DBA,19.829999923706055,20.040000915527344,19.829999923706055,20.040000915527344,2161700
2022-12-22,DBA,20.030000686645508,20.100000381469727,19.989999771118164,20.09000015258789,1722500
2022-12-23,DBA,20.139999389648438,20.200000762939453,20.09000015258789,20.200000762939453,1543200
2022-12-27,DBA,20.149999618530273,20.280000686645508,20.110000610351562,20.110000610351562,2237600
2022-12-28,DBA,20.209999084472656,20.290000915527344,20.190000534057617,20.25,2219100
2022-12-29,DBA,20.15999984741211,20.219999313354492,20.139999389648438,20.149999618530273,1874700
2022-12-30,DBA,20.149999618530273,20.239999771118164,20.1200008392334,20.149999618530273,859500
2023-01-03,DBA,20.110000610351562,20.149999618530273,19.860000610351562,19.93000030517578,448600
2023-01-04,DBA,19.829999923706055,19.84000015258789,19.68000030517578,19.690000534057617,1160100
2023-01-05,DBA,19.690000534057617,19.700000762939453,19.600000381469727,19.639999389648438,464200
2023-01-06,DBA,19.649999618530273,19.68000030517578,19.549999237060547,19.559999465942383,540100
2023-01-09,DBA,19.6299991607666,19.780000686645508,19.6200008392334,19.6299991607666,1029500
2023-01-10,DBA,19.549999237060547,19.549999237060547,19.420000076293945,19.420000076293945,964000
2023-01-11,DBA,19.399999618530273,19.399999618530273,19.34000015258789,19.3700008392334,1194300
2023-01-12,DBA,19.389999389648438,19.540000915527344,19.31999969482422,19.5,1461100
2023-01-13,DBA,19.450000762939453,19.540000915527344,19.43000030517578,19.530000686645508,615600
2023-01-17,DBA,19.5,19.610000610351562,19.469999313354492,19.600000381469727,698400
2023-01-18,DBA,19.649999618530273,19.68000030517578,19.469999313354492,19.469999313354492,1088200
2023-01-19,DBA,19.5,19.510000228881836,19.329999923706055,19.360000610351562,611600
2023-01-20,DBA,19.270000457763672,19.43000030517578,19.25,19.40999984741211,612800
2023-01-23,DBA,19.43000030517578,19.43000030517578,19.350000381469727,19.3799991607666,974300
2023-01-24,DBA,19.420000076293945,19.520000457763672,19.40999984741211,19.510000228881836,491600
2023-01-25,DBA,19.510000228881836,19.600000381469727,19.510000228881836,19.559999465942383,786200
2023-01-26,DBA,19.75,19.860000610351562,19.739999771118164,19.829999923706055,1132500
2023-01-27,DBA,19.829999923706055,19.90999984741211,19.770000457763672,19.8700008392334,399700
2023-01-30,DBA,19.959999084472656,20.020000457763672,19.950000762939453,19.979999542236328,974400
2023-01-31,DBA,20.040000915527344,20.239999771118164,20.020000457763672,20.229999542236328,1040500
2023-02-01,DBA,20.190000534057617,20.219999313354492,19.969999313354492,20.09000015258789,1336200
2023-02-02,DBA,20.190000534057617,20.260000228881836,20.1299991607666,20.170000076293945,1015600
2023-02-03,DBA,20.09000015258789,20.18000030517578,20.030000686645508,20.059999465942383,1863300
2023-02-06,DBA,20.100000381469727,20.100000381469727,19.899999618530273,20.010000228881836,411200
2023-02-07,DBA,19.989999771118164,20.110000610351562,19.969999313354492,20.059999465942383,545300
2023-02-08,DBA,20.040000915527344,20.1299991607666,19.979999542236328,20.1200008392334,441400
2023-02-09,DBA,20.170000076293945,20.170000076293945,19.989999771118164,19.989999771118164,1063700
2023-02-10,DBA,20.020000457763672,20.200000762939453,20.020000457763672,20.18000030517578,1712400
2023-02-13,DBA,20.15999984741211,20.31999969482422,20.15999984741211,20.299999237060547,779600
2023-02-14,DBA,20.299999237060547,20.479999542236328,20.270000457763672,20.459999084472656,1205500
2023-02-15,DBA,20.399999618530273,20.40999984741211,20.229999542236328,20.290000915527344,768700
2023-02-16,DBA,20.25,20.399999618530273,20.25,20.3799991607666,659800
2023-02-17,DBA,20.440000534057617,20.530000686645508,20.440000534057617,20.479999542236328,1033000
2023-02-21,DBA,20.6299991607666,20.739999771118164,20.600000381469727,20.68000030517578,817500
2023-02-22,DBA,20.68000030517578,20.68000030517578,20.56999969482422,20.579999923706055,474800
2023-02-23,DBA,20.600000381469727,20.6299991607666,20.510000228881836,20.559999465942383,285200
2023-02-24,DBA,20.40999984741211,20.40999984741211,20.260000228881836,20.260000228881836,842500
2023-02-27,DBA,20.299999237060547,20.309999465942383,20.219999313354492,20.239999771118164,955600
2023-02-28,DBA,20.270000457763672,20.280000686645508,20.18000030517578,20.190000534057617,522700
2023-03-01,DBA,20.209999084472656,20.360000610351562,20.200000762939453,20.31999969482422,783800
2023-03-02,DBA,20.260000228881836,20.299999237060547,20.15999984741211,20.200000762939453,922000
2023-03-03,DBA,20.209999084472656,20.3799991607666,20.170000076293945,20.31999969482422,2627000
2023-03-06,DBA,20.18000030517578,20.309999465942383,20.149999618530273,20.25,759400
2023-03-07,DBA,20.209999084472656,20.290000915527344,20.170000076293945,20.219999313354492,581900
2023-03-08,DBA,20.18000030517578,20.18000030517578,20.059999465942383,20.06999969482422,914600
2023-03-09,DBA,20.100000381469727,20.15999984741211,19.940000534057617,19.950000762939453,1198900
2023-03-10,DBA,19.93000030517578,20.049999237060547,19.93000030517578,20.030000686645508,1000400
2023-03-13,DBA,19.889999389648438,20.040000915527344,19.8799991607666,19.93000030517578,1149400
2023-03-14,DBA,19.90999984741211,20.010000228881836,19.860000610351562,19.93000030517578,842100
2023-03-15,DBA,19.799999237060547,19.829999923706055,19.700000762939453,19.709999084472656,1213400
2023-03-16,DBA,19.8799991607666,19.920000076293945,19.799999237060547,19.850000381469727,858300
2023-03-17,DBA,19.8799991607666,19.8799991607666,19.75,19.829999923706055,795500
2023-03-20,DBA,19.780000686645508,19.850000381469727,19.75,19.81999969482422,679700
2023-03-21,DBA,19.979999542236328,19.989999771118164,19.829999923706055,19.84000015258789,346500
2023-03-22,DBA,19.889999389648438,19.889999389648438,19.690000534057617,19.770000457763672,552000
2023-03-23,DBA,19.739999771118164,19.799999237060547,19.639999389648438,19.65999984741211,726800
2023-03-24,DBA,19.75,19.969999313354492,19.75,19.959999084472656,989500
2023-03-27,DBA,20.030000686645508,20.18000030517578,20.030000686645508,20.149999618530273,757300
2023-03-28,DBA,20.1200008392334,20.25,20.1200008392334,20.239999771118164,632100
2023-03-29,DBA,20.170000076293945,20.200000762939453,20.09000015258789,20.1200008392334,528900
2023-03-30,DBA,20.290000915527344,20.31999969482422,20.229999542236328,20.309999465942383,606500
2023-03-31,DBA,20.200000762939453,20.469999313354492,20.200000762939453,20.43000030517578,938200
2023-04-03,DBA,20.530000686645508,20.6299991607666,20.43000030517578,20.450000762939453,437800
2023-04-04,DBA,20.459999084472656,20.520000457763672,20.350000381469727,20.350000381469727,1995900
2023-04-05,DBA,20.3799991607666,20.510000228881836,20.3799991607666,20.450000762939453,461600
2023-04-06,DBA,20.520000457763672,20.65999984741211,20.5,20.649999618530273,1111300
2023-04-10,DBA,20.6200008392334,20.739999771118164,20.56999969482422,20.700000762939453,474600
2023-04-11,DBA,20.760000228881836,20.8799991607666,20.760000228881836,20.84000015258789,2304700
2023-04-12,DBA,20.84000015258789,20.84000015258789,20.75,20.770000457763672,498200
2023-04-13,DBA,20.979999542236328,21.049999237060547,20.850000381469727,20.8700008392334,711900
2023-04-14,DBA,20.81999969482422,20.920000076293945,20.790000915527344,20.90999984741211,644100
2023-04-17,DBA,20.979999542236328,21.209999084472656,20.969999313354492,21.200000762939453,1008100
2023-04-18,DBA,21.1299991607666,21.3700008392334,21.1299991607666,21.299999237060547,587100
2023-04-19,DBA,21.18000030517578,21.31999969482422,21.110000610351562,21.110000610351562,795000
2023-04-20,DBA,21.0,21.079999923706055,20.950000762939453,21.079999923706055,621500
2023-04-21,DBA,21.010000228881836,21.049999237060547,20.860000610351562,20.940000534057617,578000
2023-04-24,DBA,20.979999542236328,21.18000030517578,20.920000076293945,21.059999465942383,371400
2023-04-25,DBA,20.899999618530273,21.020000457763672,20.799999237060547,20.989999771118164,1009500
2023-04-26,DBA,21.040000915527344,21.100000381469727,20.969999313354492,21.020000457763672,336900
2023-04-27,DBA,21.049999237060547,21.100000381469727,20.899999618530273,20.979999542236328,406800
2023-04-28,DBA,20.860000610351562,20.989999771118164,20.84000015258789,20.950000762939453,737300
2023-05-01,DBA,20.940000534057617,20.940000534057617,20.690000534057617,20.729999542236328,414900
2023-05-02,DBA,20.709999084472656,20.790000915527344,20.540000915527344,20.540000915527344,526700
2023-05-03,DBA,20.5,20.670000076293945,20.450000762939453,20.600000381469727,1837500
2023-05-04,DBA,20.5,20.729999542236328,20.5,20.700000762939453,529400
2023-05-05,DBA,20.75,21.06999969482422,20.75,21.030000686645508,290000
2023-05-08,DBA,21.030000686645508,21.040000915527344,20.889999389648438,20.90999984741211,250500
2023-05-09,DBA,20.829999923706055,20.989999771118164,20.799999237060547,20.959999084472656,634200
2023-05-10,DBA,20.8700008392334,21.06999969482422,20.8700008392334,21.030000686645508,666600
2023-05-11,DBA,20.860000610351562,20.93000030517578,20.75,20.780000686645508,1833000
2023-05-12,DBA,20.8700008392334,20.93000030517578,20.739999771118164,20.829999923706055,513500
2023-05-15,DBA,20.899999618530273,21.149999618530273,20.899999618530273,21.09000015258789,460100
2023-05-16,DBA,21.110000610351562,21.15999984741211,20.889999389648438,20.940000534057617,430900
2023-05-17,DBA,20.8700008392334,20.940000534057617,20.719999313354492,20.780000686645508,465000
2023-05-18,DBA,20.600000381469727,20.719999313354492,20.559999465942383,20.700000762939453,379200
2023-05-19,DBA,20.940000534057617,20.979999542236328,20.760000228881836,20.780000686645508,359000
2023-05-22,DBA,20.770000457763672,20.790000915527344,20.709999084472656,20.760000228881836,460600
2023-05-23,DBA,20.809999465942383,20.84000015258789,20.719999313354492,20.739999771118164,473800
2023-05-24,DBA,20.700000762939453,20.770000457763672,20.600000381469727,20.6299991607666,365900
2023-05-25,DBA,20.549999237060547,20.549999237060547,20.360000610351562,20.399999618530273,552800
2023-05-26,DBA,20.530000686645508,20.610000610351562,20.510000228881836,20.56999969482422,347200
2023-05-30,DBA,20.5,20.510000228881836,20.40999984741211,20.440000534057617,520400
2023-05-31,DBA,20.350000381469727,20.489999771118164,20.34000015258789,20.459999084472656,1719100
2023-06-01,DBA,20.65999984741211,20.790000915527344,20.6299991607666,20.760000228881836,495400
2023-06-02,DBA,20.780000686645508,20.93000030517578,20.68000030517578,20.8799991607666,4954200
2023-06-05,DBA,20.829999923706055,20.899999618530273,20.809999465942383,20.850000381469727,591500
2023-06-06,DBA,20.940000534057617,21.040000915527344,20.889999389648438,21.020000457763672,1154800
2023-06-07,DBA,21.0,21.049999237060547,20.860000610351562,20.889999389648438,441500
2023-06-08,DBA,20.950000762939453,21.270000457763672,20.950000762939453,21.239999771118164,636800
2023-06-09,DBA,21.1200008392334,21.219999313354492,21.09000015258789,21.190000534057617,333300
2023-06-12,DBA,21.200000762939453,21.309999465942383,21.200000762939453,21.239999771118164,411600
2023-06-13,DBA,21.290000915527344,21.350000381469727,21.239999771118164,21.299999237060547,306800
2023-06-14,DBA,21.229999542236328,21.3700008392334,21.229999542236328,21.329999923706055,517200
2023-06-15,DBA,21.510000228881836,21.719999313354492,21.5,21.700000762939453,401200
2023-06-16,DBA,21.780000686645508,22.0,21.780000686645508,21.989999771118164,534000
2023-06-20,DBA,21.989999771118164,21.989999771118164,21.84000015258789,21.899999618530273,874000
2023-06-21,DBA,21.959999084472656,22.1299991607666,21.940000534057617,22.1299991607666,607100
2023-06-22,DBA,21.959999084472656,22.010000228881836,21.799999237060547,21.950000762939453,1377600
2023-06-23,DBA,21.649999618530273,21.8700008392334,21.489999771118164,21.530000686645508,463200
2023-06-26,DBA,21.540000915527344,21.770000457763672,21.489999771118164,21.510000228881836,488100
2023-06-27,DBA,21.399999618530273,21.399999618530273,21.209999084472656,21.290000915527344,358900
2023-06-28,DBA,21.049999237060547,21.139999389648438,21.030000686645508,21.049999237060547,445700
2023-06-29,DBA,20.959999084472656,20.989999771118164,20.829999923706055,20.93000030517578,503400
2023-06-30,DBA,21.06999969482422,21.25,21.06999969482422,21.06999969482422,1392300
2023-07-03,DBA,21.15999984741211,21.3700008392334,21.15999984741211,21.309999465942383,505600
2023-07-05,DBA,21.399999618530273,21.40999984741211,21.190000534057617,21.239999771118164,710200
2023-07-06,DBA,21.209999084472656,21.309999465942383,21.170000076293945,21.219999313354492,379300
2023-07-07,DBA,21.18000030517578,21.309999465942383,21.1299991607666,21.15999984741211,539200
2023-07-10,DBA,21.209999084472656,21.290000915527344,21.18000030517578,21.18000030517578,554400
2023-07-11,DBA,21.270000457763672,21.420000076293945,21.229999542236328,21.389999389648438,814400
2023-07-12,DBA,21.399999618530273,21.530000686645508,21.209999084472656,21.209999084472656,971200
2023-07-13,DBA,21.209999084472656,21.360000610351562,21.190000534057617,21.350000381469727,1008400
2023-07-14,DBA,21.549999237060547,21.6200008392334,21.479999542236328,21.59000015258789,710200
2023-07-17,DBA,21.68000030517578,21.68000030517578,21.43000030517578,21.440000534057617,838600
2023-07-18,DBA,21.530000686645508,21.780000686645508,21.530000686645508,21.739999771118164,1142500
2023-07-19,DBA,21.860000610351562,22.030000686645508,21.860000610351562,22.0,633800
2023-07-20,DBA,22.110000610351562,22.139999389648438,22.010000228881836,22.049999237060547,680500
2023-07-21,DBA,22.0,22.059999465942383,21.950000762939453,22.010000228881836,668300
2023-07-24,DBA,22.149999618530273,22.3799991607666,22.149999618530273,22.350000381469727,1204000
2023-07-25,DBA,22.31999969482422,22.3799991607666,22.260000228881836,22.360000610351562,408900
2023-07-26,DBA,22.299999237060547,22.3700008392334,22.15999984741211,22.309999465942383,798900
2023-07-27,DBA,22.290000915527344,22.290000915527344,22.100000381469727,22.110000610351562,553300
2023-07-28,DBA,21.959999084472656,22.110000610351562,21.90999984741211,21.989999771118164,717500
2023-07-31,DBA,21.93000030517578,21.93000030517578,21.799999237060547,21.93000030517578,421900
2023-08-01,DBA,21.81999969482422,21.969999313354492,21.790000915527344,21.959999084472656,618400
2023-08-02,DBA,21.90999984741211,21.90999984741211,21.760000228881836,21.790000915527344,441100
2023-08-03,DBA,21.690000534057617,21.75,21.559999465942383,21.6200008392334,396300
2023-08-04,DBA,21.65999984741211,21.719999313354492,21.600000381469727,21.639999389648438,502500
2023-08-07,DBA,21.719999313354492,21.729999542236328,21.579999923706055,21.59000015258789,844400
2023-08-08,DBA,21.479999542236328,21.479999542236328,21.360000610351562,21.43000030517578,443800
2023-08-09,DBA,21.440000534057617,21.469999313354492,21.360000610351562,21.389999389648438,327900
2023-08-10,DBA,21.399999618530273,21.520000457763672,21.399999618530273,21.40999984741211,300400
2023-08-11,DBA,21.420000076293945,21.530000686645508,21.350000381469727,21.40999984741211,649500
2023-08-14,DBA,21.31999969482422,21.329999923706055,21.219999313354492,21.25,803700
2023-08-15,DBA,21.270000457763672,21.270000457763672,21.079999923706055,21.079999923706055,826500
2023-08-16,DBA,21.1200008392334,21.280000686645508,21.1200008392334,21.190000534057617,365200
2023-08-17,DBA,21.229999542236328,21.290000915527344,21.15999984741211,21.18000030517578,772800
2023-08-18,DBA,21.290000915527344,21.3799991607666,21.25,21.350000381469727,750400
2023-08-21,DBA,21.489999771118164,21.489999771118164,21.270000457763672,21.290000915527344,438800
2023-08-22,DBA,21.3799991607666,21.3799991607666,21.1299991607666,21.15999984741211,275000
2023-08-23,DBA,21.299999237060547,21.43000030517578,21.299999237060547,21.3799991607666,216000
2023-08-24,DBA,21.34000015258789,21.559999465942383,21.34000015258789,21.559999465942383,169800
2023-08-25,DBA,21.559999465942383,21.700000762939453,21.530000686645508,21.6200008392334,209200
2023-08-28,DBA,21.690000534057617,21.829999923706055,21.65999984741211,21.829999923706055,379900
2023-08-29,DBA,21.790000915527344,21.8700008392334,21.770000457763672,21.799999237060547,202600
2023-08-30,DBA,21.84000015258789,21.899999618530273,21.790000915527344,21.850000381469727,193700
2023-08-31,DBA,21.81999969482422,21.8799991607666,21.719999313354492,21.739999771118164,330700
2023-09-01,DBA,21.809999465942383,21.889999389648438,21.739999771118164,21.780000686645508,287300
2023-09-05,DBA,21.850000381469727,21.979999542236328,21.799999237060547,21.920000076293945,403400
2023-09-06,DBA,21.899999618530273,22.0,21.899999618530273,21.940000534057617,246700
2023-09-07,DBA,21.8799991607666,21.940000534057617,21.850000381469727,21.899999618530273,258600
2023-09-08,DBA,21.920000076293945,21.920000076293945,21.829999923706055,21.850000381469727,319600
2023-09-11,DBA,21.90999984741211,22.040000915527344,21.90999984741211,22.010000228881836,211800
2023-09-12,DBA,22.030000686645508,22.059999465942383,21.969999313354492,22.040000915527344,352600
2023-09-13,DBA,22.06999969482422,22.1299991607666,22.020000457763672,22.110000610351562,383700
2023-09-14,DBA,22.110000610351562,22.280000686645508,22.110000610351562,22.209999084472656,263100
2023-09-15,DBA,22.309999465942383,22.3799991607666,22.309999465942383,22.34000015258789,250500
2023-09-18,DBA,22.31999969482422,22.31999969482422,22.1200008392334,22.18000030517578,415200
2023-09-19,DBA,22.239999771118164,22.31999969482422,22.229999542236328,22.270000457763672,252500
2023-09-20,DBA,22.1299991607666,22.209999084472656,22.100000381469727,22.209999084472656,277200
2023-09-21,DBA,22.079999923706055,22.079999923706055,21.899999618530273,21.899999618530273,326900
2023-09-22,DBA,21.90999984741211,21.959999084472656,21.81999969482422,21.860000610351562,196400
2023-09-25,DBA,21.729999542236328,21.780000686645508,21.670000076293945,21.75,208900
2023-09-26,DBA,21.75,21.780000686645508,21.649999618530273,21.670000076293945,203500
2023-09-27,DBA,21.649999618530273,21.670000076293945,21.59000015258789,21.610000610351562,227000
2023-09-28,DBA,21.600000381469727,21.809999465942383,21.549999237060547,21.799999237060547,209500
2023-09-29,DBA,21.739999771118164,21.739999771118164,21.389999389648438,21.40999984741211,1023000
2023-10-02,DBA,21.5,21.670000076293945,21.5,21.579999923706055,536300
2023-10-03,DBA,21.510000228881836,21.530000686645508,21.309999465942383,21.3700008392334,523300
2023-10-04,DBA,21.399999618530273,21.399999618530273,21.299999237060547,21.31999969482422,216400
2023-10-05,DBA,21.270000457763672,21.440000534057617,21.260000228881836,21.440000534057617,211000
2023-10-06,DBA,21.40999984741211,21.59000015258789,21.40999984741211,21.579999923706055,153200
2023-10-09,DBA,21.579999923706055,21.610000610351562,21.489999771118164,21.56999969482422,310600
2023-10-10,DBA,21.5,21.579999923706055,21.5,21.549999237060547,167500
2023-10-11,DBA,21.510000228881836,21.540000915527344,21.3700008392334,21.40999984741211,425600
2023-10-12,DBA,21.549999237060547,21.6299991607666,21.420000076293945,21.610000610351562,461600
2023-10-13,DBA,21.760000228881836,21.760000228881836,21.649999618530273,21.709999084472656,273500
2023-10-16,DBA,21.739999771118164,21.790000915527344,21.709999084472656,21.729999542236328,228800
2023-10-17,DBA,21.81999969482422,21.920000076293945,21.809999465942383,21.860000610351562,250300
2023-10-18,DBA,21.93000030517578,21.969999313354492,21.860000610351562,21.920000076293945,227600
2023-10-19,DBA,21.899999618530273,22.010000228881836,21.860000610351562,21.969999313354492,283800
2023-10-20,DBA,22.010000228881836,22.06999969482422,21.889999389648438,21.920000076293945,578300
2023-10-23,DBA,21.940000534057617,22.030000686645508,21.90999984741211,21.93000030517578,359900
2023-10-24,DBA,21.889999389648438,21.950000762939453,21.829999923706055,21.90999984741211,219700
2023-10-25,DBA,21.90999984741211,21.90999984741211,21.719999313354492,21.809999465942383,536500
2023-10-26,DBA,21.809999465942383,21.899999618530273,21.799999237060547,21.850000381469727,267400
2023-10-27,DBA,21.920000076293945,22.059999465942383,21.90999984741211,22.049999237060547,912000
2023-10-30,DBA,21.969999313354492,22.020000457763672,21.899999618530273,21.899999618530273,392700
2023-10-31,DBA,21.969999313354492,22.06999969482422,21.950000762939453,22.010000228881836,221300
2023-11-01,DBA,21.950000762939453,22.0,21.920000076293945,21.979999542236328,672600
2023-11-02,DBA,22.040000915527344,22.239999771118164,22.040000915527344,22.239999771118164,1165300
2023-11-03,DBA,22.209999084472656,22.40999984741211,22.209999084472656,22.399999618530273,293100
2023-11-06,DBA,22.399999618530273,22.489999771118164,22.350000381469727,22.459999084472656,2009600
2023-11-07,DBA,22.350000381469727,22.43000030517578,22.139999389648438,22.15999984741211,363500
2023-11-08,DBA,22.15999984741211,22.299999237060547,22.15999984741211,22.260000228881836,504100
2023-11-09,DBA,22.270000457763672,22.34000015258789,22.1299991607666,22.1299991607666,434700
2023-11-10,DBA,22.1299991607666,22.1299991607666,22.010000228881836,22.040000915527344,305200
2023-11-13,DBA,22.079999923706055,22.3700008392334,22.049999237060547,22.360000610351562,304500
2023-11-14,DBA,22.280000686645508,22.34000015258789,22.229999542236328,22.25,383800
2023-11-15,DBA,22.200000762939453,22.329999923706055,22.200000762939453,22.290000915527344,298400
2023-11-16,DBA,22.219999313354492,22.229999542236328,22.09000015258789,22.1200008392334,320700
2023-11-17,DBA,22.079999923706055,22.110000610351562,22.010000228881836,22.079999923706055,280200
2023-11-20,DBA,22.1299991607666,22.209999084472656,22.06999969482422,22.139999389648438,341700
2023-11-21,DBA,22.15999984741211,22.209999084472656,22.09000015258789,22.18000030517578,129200
2023-11-22,DBA,22.100000381469727,22.15999984741211,22.040000915527344,22.06999969482422,289200
2023-11-24,DBA,22.010000228881836,22.010000228881836,21.729999542236328,21.739999771118164,290300
2023-11-27,DBA,21.790000915527344,21.829999923706055,21.59000015258789,21.59000015258789,672500
2023-11-28,DBA,21.639999389648438,21.979999542236328,21.6299991607666,21.940000534057617,386800
2023-11-29,DBA,21.959999084472656,22.110000610351562,21.940000534057617,22.079999923706055,278100
2023-11-30,DBA,22.139999389648438,22.299999237060547,22.110000610351562,22.280000686645508,406200
2023-12-01,DBA,22.059999465942383,22.190000534057617,22.010000228881836,22.020000457763672,477900
2023-12-04,DBA,21.969999313354492,22.1299991607666,21.950000762939453,21.979999542236328,562700
2023-12-05,DBA,21.899999618530273,22.020000457763672,21.889999389648438,22.010000228881836,208500
2023-12-06,DBA,21.889999389648438,21.959999084472656,21.540000915527344,21.549999237060547,701100
2023-12-07,DBA,21.6200008392334,21.729999542236328,21.59000015258789,21.68000030517578,997900
2023-12-08,DBA,21.700000762939453,21.829999923706055,21.700000762939453,21.81999969482422,215000
2023-12-11,DBA,21.799999237060547,21.829999923706055,21.610000610351562,21.709999084472656,359000
2023-12-12,DBA,21.719999313354492,21.8799991607666,21.65999984741211,21.850000381469727,648600
2023-12-13,DBA,21.770000457763672,21.790000915527344,21.65999984741211,21.719999313354492,729300
2023-12-14,DBA,21.760000228881836,21.90999984741211,21.760000228881836,21.899999618530273,466100
2023-12-15,DBA,21.8799991607666,22.0,21.799999237060547,21.959999084472656,306900
2023-12-18,DBA,20.959999084472656,21.020000457763672,20.899999618530273,21.020000457763672,841100
2023-12-19,DBA,20.950000762939453,21.110000610351562,20.899999618530273,21.06999969482422,853100
2023-12-20,DBA,20.979999542236328,21.0,20.790000915527344,20.81999969482422,478900
2023-12-21,DBA,20.84000015258789,20.899999618530273,20.729999542236328,20.790000915527344,525500
2023-12-22,DBA,20.860000610351562,20.959999084472656,20.829999923706055,20.889999389648438,967600
2023-12-26,DBA,20.899999618530273,21.020000457763672,20.850000381469727,20.979999542236328,752300
2023-12-27,DBA,20.969999313354492,21.040000915527344,20.950000762939453,21.0,847100
2023-12-28,DBA,21.0,21.1299991607666,20.979999542236328,21.049999237060547,537100
2023-12-29,DBA,20.8799991607666,20.920000076293945,20.690000534057617,20.739999771118164,563800
2024-01-02,DBA,20.84000015258789,20.8799991607666,20.670000076293945,20.690000534057617,542600
2024-01-03,DBA,20.670000076293945,20.670000076293945,20.520000457763672,20.59000015258789,282400
2024-01-04,DBA,20.56999969482422,20.719999313354492,20.520000457763672,20.719999313354492,693400
2024-01-05,DBA,20.610000610351562,20.709999084472656,20.56999969482422,20.579999923706055,314700
2024-01-08,DBA,20.450000762939453,20.540000915527344,20.389999389648438,20.510000228881836,2311000
2024-01-09,DBA,20.610000610351562,20.739999771118164,20.540000915527344,20.649999618530273,342500
2024-01-10,DBA,20.649999618530273,20.649999618530273,20.579999923706055,20.610000610351562,219200
2024-01-11,DBA,20.700000762939453,20.780000686645508,20.670000076293945,20.719999313354492,296900
2024-01-12,DBA,20.799999237060547,20.799999237060547,20.530000686645508,20.610000610351562,277300
2024-01-16,DBA,20.809999465942383,20.829999923706055,20.670000076293945,20.760000228881836,177100
2024-01-17,DBA,20.670000076293945,20.700000762939453,20.600000381469727,20.610000610351562,652200
2024-01-18,DBA,20.6200008392334,20.850000381469727,20.559999465942383,20.850000381469727,291600
2024-01-19,DBA,21.010000228881836,21.100000381469727,20.969999313354492,21.010000228881836,391400
2024-01-22,DBA,21.010000228881836,21.1299991607666,20.989999771118164,21.100000381469727,346300
2024-01-23,DBA,21.18000030517578,21.350000381469727,21.18000030517578,21.34000015258789,489300
2024-01-24,DBA,21.3799991607666,21.530000686645508,21.309999465942383,21.5,562800
2024-01-25,DBA,21.450000762939453,21.450000762939453,21.290000915527344,21.399999618530273,348400
2024-01-26,DBA,21.40999984741211,21.479999542236328,21.3700008392334,21.450000762939453,323500
2024-01-29,DBA,21.309999465942383,21.389999389648438,21.260000228881836,21.350000381469727,153300
2024-01-30,DBA,21.360000610351562,21.670000076293945,21.360000610351562,21.670000076293945,867400
2024-01-31,DBA,21.610000610351562,21.6299991607666,21.549999237060547,21.6299991607666,315400
2024-02-01,DBA,21.6299991607666,21.719999313354492,21.579999923706055,21.690000534057617,333200
2024-02-02,DBA,21.690000534057617,21.770000457763672,21.670000076293945,21.700000762939453,239200
2024-02-05,DBA,21.670000076293945,21.770000457763672,21.6299991607666,21.709999084472656,215900
2024-02-06,DBA,21.719999313354492,21.770000457763672,21.6200008392334,21.770000457763672,276200
2024-02-07,DBA,21.81999969482422,21.979999542236328,21.81999969482422,21.850000381469727,260200
2024-02-08,DBA,21.899999618530273,22.079999923706055,21.899999618530273,22.059999465942383,323700
2024-02-09,DBA,22.049999237060547,22.18000030517578,22.0,22.139999389648438,346100
2024-02-12,DBA,22.1299991607666,22.18000030517578,22.049999237060547,22.049999237060547,305900
2024-02-13,DBA,22.06999969482422,22.079999923706055,21.940000534057617,21.989999771118164,275700
2024-02-14,DBA,21.860000610351562,21.959999084472656,21.799999237060547,21.889999389648438,292700
2024-02-15,DBA,21.860000610351562,21.90999984741211,21.780000686645508,21.799999237060547,325500
2024-02-16,DBA,21.790000915527344,21.829999923706055,21.670000076293945,21.690000534057617,312600
2024-02-20,DBA,22.010000228881836,22.09000015258789,21.860000610351562,22.0,682700
2024-02-21,DBA,22.0,22.18000030517578,22.0,22.149999618530273,430700
2024-02-22,DBA,21.920000076293945,22.139999389648438,21.920000076293945,22.09000015258789,564900
2024-02-23,DBA,22.1299991607666,22.260000228881836,22.010000228881836,22.15999984741211,501600
2024-02-26,DBA,22.239999771118164,22.399999618530273,22.139999389648438,22.3799991607666,429300
2024-02-27,DBA,22.420000076293945,22.549999237060547,22.420000076293945,22.440000534057617,547900
2024-02-28,DBA,22.309999465942383,22.309999465942383,22.149999618530273,22.170000076293945,644100
2024-02-29,DBA,22.1200008392334,22.200000762939453,22.040000915527344,22.18000030517578,314100
2024-03-01,DBA,22.209999084472656,22.209999084472656,22.030000686645508,22.200000762939453,471100
2024-03-04,DBA,22.440000534057617,22.520000457763672,22.399999618530273,22.450000762939453,415000
2024-03-05,DBA,22.25,22.299999237060547,22.170000076293945,22.190000534057617,183600
2024-03-06,DBA,22.350000381469727,22.40999984741211,22.270000457763672,22.350000381469727,273600
2024-03-07,DBA,22.3799991607666,22.540000915527344,22.299999237060547,22.450000762939453,335000
2024-03-08,DBA,22.360000610351562,22.43000030517578,22.260000228881836,22.43000030517578,374800
2024-03-11,DBA,22.5,22.790000915527344,22.479999542236328,22.739999771118164,470800
2024-03-12,DBA,22.799999237060547,23.020000457763672,22.75,23.0,422300
2024-03-13,DBA,22.889999389648438,22.989999771118164,22.829999923706055,22.959999084472656,308300
2024-03-14,DBA,23.1299991607666,23.280000686645508,23.0,23.09000015258789,583300
2024-03-15,DBA,23.209999084472656,23.59000015258789,23.190000534057617,23.59000015258789,1023300
2024-03-18,DBA,23.540000915527344,23.719999313354492,23.399999618530273,23.719999313354492,469400
2024-03-19,DBA,23.719999313354492,23.739999771118164,23.459999084472656,23.549999237060547,532000
2024-03-20,DBA,23.440000534057617,23.790000915527344,23.25,23.790000915527344,456200
2024-03-21,DBA,23.850000381469727,23.940000534057617,23.639999389648438,23.920000076293945,672700
2024-03-22,DBA,24.0,24.170000076293945,23.969999313354492,24.079999923706055,556000
2024-03-25,DBA,24.329999923706055,24.670000076293945,24.31999969482422,24.639999389648438,491100
2024-03-26,DBA,24.81999969482422,24.8799991607666,24.510000228881836,24.520000457763672,931100
2024-03-27,DBA,24.360000610351562,24.700000762939453,24.299999237060547,24.670000076293945,736200
2024-03-28,DBA,24.670000076293945,24.850000381469727,24.530000686645508,24.760000228881836,401600
2024-04-01,DBA,24.799999237060547,25.139999389648438,24.790000915527344,25.06999969482422,2221200
2024-04-02,DBA,24.889999389648438,24.940000534057617,24.700000762939453,24.760000228881836,935300
2024-04-03,DBA,24.6299991607666,24.809999465942383,24.549999237060547,24.700000762939453,1460300
2024-04-04,DBA,24.68000030517578,24.809999465942383,24.59000015258789,24.799999237060547,341000
2024-04-05,DBA,24.809999465942383,25.09000015258789,24.790000915527344,25.079999923706055,360900
2024-04-08,DBA,25.239999771118164,25.280000686645508,24.8700008392334,24.8799991607666,821300
2024-04-09,DBA,25.030000686645508,25.149999618530273,24.969999313354492,25.040000915527344,441000
2024-04-10,DBA,25.15999984741211,25.360000610351562,25.09000015258789,25.260000228881836,1613200
2024-04-11,DBA,25.360000610351562,25.3700008392334,25.18000030517578,25.200000762939453,320100
2024-04-12,DBA,25.469999313354492,25.709999084472656,25.329999923706055,25.43000030517578,418900
2024-04-15,DBA,25.75,25.760000228881836,25.59000015258789,25.65999984741211,462700
2024-04-16,DBA,25.469999313354492,25.469999313354492,25.0,25.06999969482422,573500
2024-04-17,DBA,25.239999771118164,25.559999465942383,25.239999771118164,25.40999984741211,693700
2024-04-18,DBA,25.729999542236328,25.959999084472656,25.65999984741211,25.93000030517578,1067500
2024-04-19,DBA,25.850000381469727,26.520000457763672,25.829999923706055,26.510000228881836,893300
2024-04-22,DBA,26.309999465942383,26.530000686645508,26.1200008392334,26.190000534057617,1019300
2024-04-23,DBA,25.6200008392334,25.979999542236328,25.579999923706055,25.950000762939453,1118200
2024-04-24,DBA,26.020000457763672,26.610000610351562,26.020000457763672,26.540000915527344,1072900
2024-04-25,DBA,26.399999618530273,26.549999237060547,25.940000534057617,26.170000076293945,554100
2024-04-26,DBA,26.1200008392334,26.31999969482422,25.969999313354492,26.040000915527344,339800
2024-04-29,DBA,25.59000015258789,25.6299991607666,24.809999465942383,25.100000381469727,1284700
2024-04-30,DBA,24.760000228881836,24.959999084472656,24.610000610351562,24.639999389648438,725600
2024-05-01,DBA,24.34000015258789,24.3700008392334,23.780000686645508,23.84000015258789,1599100
2024-05-02,DBA,24.0,24.040000915527344,23.350000381469727,23.450000762939453,703400
2024-05-03,DBA,23.829999923706055,24.110000610351562,23.670000076293945,23.969999313354492,906700
2024-05-06,DBA,23.719999313354492,23.8799991607666,23.68000030517578,23.780000686645508,1696800
2024-05-07,DBA,24.15999984741211,24.639999389648438,24.15999984741211,24.5,1670200
2024-05-08,DBA,24.549999237060547,24.59000015258789,24.270000457763672,24.43000030517578,443300
2024-05-09,DBA,24.510000228881836,24.56999969482422,24.3700008392334,24.399999618530273,435800
2024-05-10,DBA,24.5,24.700000762939453,24.459999084472656,24.670000076293945,729900
2024-05-13,DBA,24.360000610351562,24.510000228881836,23.43000030517578,23.469999313354492,1122000
2024-05-14,DBA,23.940000534057617,24.010000228881836,23.579999923706055,23.700000762939453,1112500
2024-05-15,DBA,23.84000015258789,23.979999542236328,23.719999313354492,23.860000610351562,515700
2024-05-16,DBA,23.68000030517578,23.75,23.459999084472656,23.5,617700
2024-05-17,DBA,23.709999084472656,23.729999542236328,23.43000030517578,23.489999771118164,1914400
2024-05-20,DBA,23.389999389648438,23.84000015258789,23.360000610351562,23.739999771118164,1058900
2024-05-21,DBA,23.889999389648438,24.06999969482422,23.8700008392334,24.010000228881836,451400
2024-05-22,DBA,24.239999771118164,24.280000686645508,24.06999969482422,24.110000610351562,447700
2024-05-23,DBA,24.31999969482422,24.780000686645508,24.31999969482422,24.6299991607666,417900
2024-05-24,DBA,24.610000610351562,24.770000457763672,24.450000762939453,24.670000076293945,394000
2024-05-28,DBA,24.959999084472656,25.350000381469727,24.8700008392334,25.209999084472656,1112000
2024-05-29,DBA,25.549999237060547,25.780000686645508,25.420000076293945,25.459999084472656,576100
2024-05-30,DBA,25.3700008392334,25.549999237060547,25.260000228881836,25.31999969482422,286000
2024-05-31,DBA,25.280000686645508,25.34000015258789,24.989999771118164,25.1299991607666,489800
2024-06-03,DBA,25.649999618530273,25.690000534057617,25.209999084472656,25.239999771118164,772700
2024-06-04,DBA,25.25,25.43000030517578,25.139999389648438,25.18000030517578,741000
2024-06-05,DBA,25.110000610351562,25.260000228881836,24.989999771118164,25.219999313354492,549100
2024-06-06,DBA,25.389999389648438,25.59000015258789,25.3799991607666,25.530000686645508,196000
2024-06-07,DBA,25.43000030517578,25.43000030517578,25.170000076293945,25.3700008392334,328200
2024-06-10,DBA,25.290000915527344,25.290000915527344,24.889999389648438,24.889999389648438,517400
2024-06-11,DBA,25.200000762939453,25.420000076293945,25.200000762939453,25.270000457763672,703500
2024-06-12,DBA,25.530000686645508,25.829999923706055,25.25,25.75,434100
2024-06-13,DBA,25.989999771118164,26.170000076293945,25.809999465942383,25.850000381469727,800100
2024-06-14,DBA,25.889999389648438,25.920000076293945,25.18000030517578,25.610000610351562,630300
2024-06-17,DBA,25.459999084472656,25.5,25.09000015258789,25.239999771118164,524300
2024-06-18,DBA,25.3799991607666,25.440000534057617,25.149999618530273,25.290000915527344,386200
2024-06-20,DBA,25.399999618530273,25.559999465942383,24.809999465942383,24.81999969482422,376800
2024-06-21,DBA,25.31999969482422,25.31999969482422,24.540000915527344,24.59000015258789,542200
2024-06-24,DBA,24.09000015258789,24.299999237060547,23.989999771118164,24.260000228881836,520300
2024-06-25,DBA,23.809999465942383,24.1200008392334,23.719999313354492,23.959999084472656,548400
2024-06-26,DBA,23.860000610351562,24.06999969482422,23.600000381469727,23.90999984741211,311700
2024-06-27,DBA,24.0,24.049999237060547,23.540000915527344,23.639999389648438,435000
2024-06-28,DBA,23.770000457763672,24.049999237060547,23.75,23.799999237060547,534600
2024-07-01,DBA,23.530000686645508,23.649999618530273,23.239999771118164,23.6200008392334,738700
2024-07-02,DBA,23.670000076293945,24.1200008392334,23.670000076293945,23.969999313354492,290600
2024-07-03,DBA,24.06999969482422,24.229999542236328,23.90999984741211,24.030000686645508,550200
2024-07-05,DBA,23.959999084472656,24.260000228881836,23.959999084472656,24.190000534057617,305300
2024-07-08,DBA,24.170000076293945,24.280000686645508,23.860000610351562,24.010000228881836,381400
2024-07-09,DBA,24.190000534057617,24.489999771118164,24.139999389648438,24.360000610351562,420600
2024-07-10,DBA,24.18000030517578,24.239999771118164,23.969999313354492,24.059999465942383,249000
2024-07-11,DBA,24.260000228881836,24.59000015258789,24.260000228881836,24.489999771118164,712500
2024-07-12,DBA,24.389999389648438,24.459999084472656,24.190000534057617,24.3799991607666,215900
2024-07-15,DBA,24.110000610351562,24.43000030517578,24.059999465942383,24.239999771118164,311000
2024-07-16,DBA,24.0,24.09000015258789,23.850000381469727,23.899999618530273,249900
2024-07-17,DBA,23.84000015258789,23.979999542236328,23.790000915527344,23.899999618530273,276500
2024-07-18,DBA,23.989999771118164,24.049999237060547,23.8799991607666,23.950000762939453,139200
2024-07-19,DBA,23.940000534057617,24.079999923706055,23.6200008392334,23.639999389648438,259100
2024-07-22,DBA,23.950000762939453,24.3799991607666,23.950000762939453,24.270000457763672,252100
2024-07-23,DBA,24.34000015258789,24.360000610351562,24.219999313354492,24.270000457763672,137800
2024-07-24,DBA,24.170000076293945,24.34000015258789,24.059999465942383,24.09000015258789,223600
2024-07-25,DBA,23.84000015258789,24.020000457763672,23.760000228881836,23.93000030517578,149800
2024-07-26,DBA,23.979999542236328,23.989999771118164,23.8799991607666,23.899999618530273,101700
2024-07-29,DBA,23.700000762939453,23.760000228881836,23.520000457763672,23.6299991607666,332200
2024-07-30,DBA,23.68000030517578,23.90999984741211,23.68000030517578,23.829999923706055,135600
2024-07-31,DBA,23.8700008392334,23.899999618530273,23.690000534057617,23.739999771118164,368000
2024-08-01,DBA,23.579999923706055,23.610000610351562,23.219999313354492,23.260000228881836,278600
2024-08-02,DBA,23.200000762939453,23.350000381469727,23.15999984741211,23.290000915527344,210400
2024-08-05,DBA,22.989999771118164,23.56999969482422,22.790000915527344,23.540000915527344,352400
2024-08-06,DBA,23.610000610351562,23.809999465942383,23.56999969482422,23.719999313354492,397900
2024-08-07,DBA,24.15999984741211,24.25,23.979999542236328,24.06999969482422,392500
2024-08-08,DBA,24.020000457763672,24.020000457763672,23.6200008392334,23.780000686645508,230900
2024-08-09,DBA,24.219999313354492,24.290000915527344,23.950000762939453,24.209999084472656,139900
2024-08-12,DBA,24.059999465942383,24.149999618530273,23.780000686645508,23.979999542236328,208600
2024-08-13,DBA,23.899999618530273,23.899999618530273,23.6299991607666,23.75,173900
2024-08-14,DBA,23.530000686645508,23.850000381469727,23.530000686645508,23.760000228881836,135000
2024-08-15,DBA,23.93000030517578,24.020000457763672,23.739999771118164,23.739999771118164,160800
2024-08-16,DBA,23.860000610351562,23.989999771118164,23.739999771118164,23.850000381469727,284800
2024-08-19,DBA,24.0,24.299999237060547,24.0,24.280000686645508,256600
2024-08-20,DBA,24.309999465942383,24.540000915527344,24.309999465942383,24.459999084472656,329000
2024-08-21,DBA,24.479999542236328,24.600000381469727,24.420000076293945,24.469999313354492,282200
2024-08-22,DBA,24.260000228881836,24.489999771118164,24.200000762939453,24.479999542236328,147800
2024-08-23,DBA,24.540000915527344,24.719999313354492,24.489999771118164,24.68000030517578,296300
2024-08-26,DBA,24.739999771118164,24.969999313354492,24.68000030517578,24.969999313354492,276700
2024-08-27,DBA,24.950000762939453,25.1299991607666,24.940000534057617,25.020000457763672,229600
2024-08-28,DBA,25.020000457763672,25.139999389648438,24.860000610351562,24.93000030517578,203900
2024-08-29,DBA,24.709999084472656,24.899999618530273,24.690000534057617,24.8700008392334,230400
2024-08-30,DBA,24.899999618530273,25.049999237060547,24.829999923706055,24.8799991607666,227700
2024-09-03,DBA,24.68000030517578,24.770000457763672,24.510000228881836,24.68000030517578,378900
2024-09-04,DBA,24.34000015258789,24.3700008392334,24.25,24.309999465942383,309300
2024-09-05,DBA,24.40999984741211,24.579999923706055,24.3700008392334,24.489999771118164,197600
2024-09-06,DBA,24.510000228881836,24.690000534057617,24.190000534057617,24.219999313354492,242500
2024-09-09,DBA,24.459999084472656,24.729999542236328,24.450000762939453,24.649999618530273,223500
2024-09-10,DBA,24.600000381469727,24.600000381469727,24.450000762939453,24.489999771118164,347200
2024-09-11,DBA,24.770000457763672,25.049999237060547,24.760000228881836,25.020000457763672,457100
2024-09-12,DBA,25.020000457763672,25.059999465942383,24.889999389648438,24.950000762939453,138800
2024-09-13,DBA,24.989999771118164,25.399999618530273,24.989999771118164,25.190000534057617,492300
2024-09-16,DBA,25.399999618530273,25.520000457763672,25.260000228881836,25.34000015258789,217200
2024-09-17,DBA,25.260000228881836,25.489999771118164,25.229999542236328,25.469999313354492,343100
2024-09-18,DBA,25.59000015258789,25.700000762939453,25.479999542236328,25.639999389648438,334000
2024-09-19,DBA,25.65999984741211,25.780000686645508,25.610000610351562,25.6299991607666,776400
2024-09-20,DBA,25.530000686645508,25.530000686645508,25.360000610351562,25.459999084472656,243500
2024-09-23,DBA,25.829999923706055,25.959999084472656,25.81999969482422,25.950000762939453,226300
2024-09-24,DBA,26.0,26.190000534057617,26.0,26.139999389648438,391400
2024-09-25,DBA,26.030000686645508,26.31999969482422,26.020000457763672,26.31999969482422,218800
2024-09-26,DBA,26.760000228881836,27.100000381469727,26.3799991607666,26.440000534057617,337000
2024-09-27,DBA,26.31999969482422,26.559999465942383,26.31999969482422,26.549999237060547,140500
2024-09-30,DBA,26.030000686645508,26.15999984741211,25.969999313354492,26.09000015258789,219300
2024-10-01,DBA,25.670000076293945,25.670000076293945,25.469999313354492,25.510000228881836,419400
2024-10-02,DBA,25.3799991607666,25.6299991607666,25.360000610351562,25.530000686645508,227800
2024-10-03,DBA,25.520000457763672,25.6299991607666,25.3799991607666,25.549999237060547,333100
2024-10-04,DBA,25.389999389648438,25.479999542236328,25.34000015258789,25.389999389648438,181800
2024-10-07,DBA,25.200000762939453,25.25,25.09000015258789,25.190000534057617,224000
2024-10-08,DBA,25.34000015258789,25.3799991607666,25.200000762939453,25.34000015258789,648700
2024-10-09,DBA,25.450000762939453,25.610000610351562,25.43000030517578,25.56999969482422,381600
2024-10-10,DBA,25.59000015258789,25.850000381469727,25.530000686645508,25.760000228881836,355200
2024-10-11,DBA,25.969999313354492,26.09000015258789,25.8700008392334,25.959999084472656,287600
2024-10-14,DBA,25.899999618530273,25.979999542236328,25.760000228881836,25.809999465942383,307000
2024-10-15,DBA,25.790000915527344,26.010000228881836,25.65999984741211,25.989999771118164,252800
2024-10-16,DBA,25.889999389648438,25.969999313354492,25.68000030517578,25.729999542236328,290800
2024-10-17,DBA,25.56999969482422,25.770000457763672,25.200000762939453,25.670000076293945,183100
2024-10-18,DBA,25.559999465942383,25.600000381469727,25.399999618530273,25.399999618530273,190900
2024-10-21,DBA,25.290000915527344,25.489999771118164,25.290000915527344,25.360000610351562,221800
2024-10-22,DBA,25.139999389648438,25.260000228881836,25.040000915527344,25.260000228881836,517000
2024-10-23,DBA,25.030000686645508,25.219999313354492,25.030000686645508,25.200000762939453,305300
2024-10-24,DBA,24.950000762939453,25.059999465942383,24.780000686645508,24.809999465942383,254900
2024-10-25,DBA,24.829999923706055,24.93000030517578,24.799999237060547,24.84000015258789,125900
2024-10-28,DBA,24.979999542236328,25.059999465942383,24.899999618530273,25.040000915527344,171700
2024-10-29,DBA,25.170000076293945,25.440000534057617,25.170000076293945,25.329999923706055,340900
2024-10-30,DBA,25.260000228881836,25.540000915527344,25.239999771118164,25.530000686645508,238300
2024-10-31,DBA,25.549999237060547,25.549999237060547,25.329999923706055,25.5,236500
2024-11-01,DBA,25.549999237060547,25.549999237060547,25.299999237060547,25.31999969482422,192100
2024-11-04,DBA,25.34000015258789,25.5,25.260000228881836,25.34000015258789,184300
2024-11-05,DBA,25.399999618530273,25.399999618530273,25.290000915527344,25.34000015258789,160300
2024-11-06,DBA,24.93000030517578,25.15999984741211,24.860000610351562,25.149999618530273,258700
2024-11-07,DBA,25.34000015258789,25.739999771118164,25.34000015258789,25.709999084472656,266100
2024-11-08,DBA,25.649999618530273,25.690000534057617,25.389999389648438,25.469999313354492,538800
2024-11-11,DBA,25.350000381469727,25.420000076293945,25.229999542236328,25.3799991607666,681000
2024-11-12,DBA,25.559999465942383,25.6299991607666,25.520000457763672,25.59000015258789,215700
2024-11-13,DBA,25.709999084472656,25.75,25.579999923706055,25.670000076293945,298900
2024-11-14,DBA,25.920000076293945,26.040000915527344,25.84000015258789,25.889999389648438,496500
2024-11-15,DBA,25.940000534057617,26.049999237060547,25.899999618530273,26.0,294800
2024-11-18,DBA,25.899999618530273,26.09000015258789,25.84000015258789,26.079999923706055,350300
2024-11-19,DBA,26.06999969482422,26.219999313354492,26.020000457763672,26.219999313354492,441400
2024-11-20,DBA,26.209999084472656,26.360000610351562,26.110000610351562,26.360000610351562,435200
2024-11-21,DBA,26.34000015258789,26.350000381469727,26.239999771118164,26.309999465942383,331900
2024-11-22,DBA,26.479999542236328,26.649999618530273,26.459999084472656,26.510000228881836,926400
2024-11-25,DBA,26.6299991607666,26.719999313354492,26.5,26.530000686645508,824500
2024-11-26,DBA,26.549999237060547,26.790000915527344,26.549999237060547,26.770000457763672,339700
2024-11-27,DBA,26.829999923706055,26.920000076293945,26.799999237060547,26.889999389648438,221800
2024-11-29,DBA,26.8700008392334,26.889999389648438,26.739999771118164,26.760000228881836,140600
2024-12-02,DBA,26.5,26.579999923706055,26.43000030517578,26.559999465942383,258600
2024-12-03,DBA,26.540000915527344,26.549999237060547,26.43000030517578,26.440000534057617,414800
2024-12-04,DBA,26.600000381469727,26.6299991607666,26.510000228881836,26.549999237060547,523400
2024-12-05,DBA,26.799999237060547,27.0,26.799999237060547,27.0,235800
2024-12-06,DBA,27.09000015258789,27.25,27.06999969482422,27.25,442700
2024-12-09,DBA,27.440000534057617,27.469999313354492,27.170000076293945,27.360000610351562,570400
2024-12-10,DBA,27.600000381469727,27.729999542236328,27.489999771118164,27.579999923706055,363300
2024-12-11,DBA,27.40999984741211,27.559999465942383,27.389999389648438,27.489999771118164,195000
2024-12-12,DBA,27.549999237060547,27.6299991607666,27.43000030517578,27.459999084472656,262700
2024-12-13,DBA,27.520000457763672,27.639999389648438,27.489999771118164,27.639999389648438,118400
2024-12-16,DBA,27.979999542236328,27.989999771118164,27.75,27.760000228881836,176600
2024-12-17,DBA,27.670000076293945,27.729999542236328,27.520000457763672,27.709999084472656,167800
2024-12-18,DBA,27.809999465942383,28.030000686645508,27.719999313354492,27.829999923706055,700900
2024-12-19,DBA,27.90999984741211,27.90999984741211,27.31999969482422,27.329999923706055,486500
2024-12-20,DBA,27.639999389648438,27.709999084472656,27.5,27.600000381469727,347900
2024-12-23,DBA,26.59000015258789,26.600000381469727,26.389999389648438,26.389999389648438,626700
2024-12-24,DBA,26.399999618530273,26.59000015258789,26.389999389648438,26.530000686645508,125500
2024-12-26,DBA,26.190000534057617,26.40999984741211,26.110000610351562,26.25,268600
2024-12-27,DBA,26.200000762939453,26.280000686645508,25.84000015258789,25.850000381469727,407200
2024-12-30,DBA,26.420000076293945,26.420000076293945,26.229999542236328,26.270000457763672,423700
2024-12-31,DBA,26.329999923706055,26.600000381469727,26.309999465942383,26.59000015258789,285900
2025-01-02,DBA,26.670000076293945,26.700000762939453,26.34000015258789,26.6200008392334,487500
2025-01-03,DBA,26.43000030517578,26.520000457763672,26.290000915527344,26.489999771118164,998700
2025-01-06,DBA,26.670000076293945,26.809999465942383,26.389999389648438,26.43000030517578,587100
2025-01-07,DBA,26.479999542236328,26.559999465942383,26.43000030517578,26.5,374300
2025-01-08,DBA,26.200000762939453,26.399999618530273,26.0,26.360000610351562,469900
2025-01-10,DBA,26.270000457763672,26.450000762939453,26.270000457763672,26.450000762939453,325900
2025-01-13,DBA,26.489999771118164,26.760000228881836,26.450000762939453,26.75,528100
2025-01-14,DBA,26.709999084472656,26.860000610351562,26.6299991607666,26.65999984741211,382000
2025-01-15,DBA,26.729999542236328,26.81999969482422,26.670000076293945,26.729999542236328,296100
2025-01-16,DBA,26.479999542236328,26.479999542236328,26.329999923706055,26.34000015258789,390200
2025-01-17,DBA,26.56999969482422,26.68000030517578,26.540000915527344,26.600000381469727,360300
2025-01-21,DBA,26.8799991607666,26.940000534057617,26.799999237060547,26.920000076293945,268900
2025-01-22,DBA,26.989999771118164,27.239999771118164,26.989999771118164,27.219999313354492,401100
2025-01-23,DBA,27.209999084472656,27.3799991607666,27.149999618530273,27.260000228881836,325900
2025-01-24,DBA,27.239999771118164,27.43000030517578,27.200000762939453,27.360000610351562,171100
2025-01-27,DBA,27.270000457763672,27.31999969482422,27.15999984741211,27.31999969482422,259900
2025-01-28,DBA,27.31999969482422,27.6200008392334,27.309999465942383,27.559999465942383,237400
2025-01-29,DBA,27.829999923706055,28.020000457763672,27.799999237060547,27.920000076293945,351700
2025-01-30,DBA,27.8799991607666,27.8799991607666,27.65999984741211,27.719999313354492,171800
2025-01-31,DBA,27.31999969482422,27.690000534057617,27.239999771118164,27.600000381469727,366600
2025-02-03,DBA,27.6299991607666,27.829999923706055,27.5,27.639999389648438,482400
2025-02-04,DBA,27.670000076293945,27.799999237060547,27.6200008392334,27.729999542236328,247900
2025-02-05,DBA,27.690000534057617,27.889999389648438,27.690000534057617,27.8700008392334,738400
2025-02-06,DBA,27.829999923706055,27.829999923706055,27.610000610351562,27.68000030517578,169800
2025-02-07,DBA,27.56999969482422,27.670000076293945,27.450000762939453,27.56999969482422,731400
2025-02-10,DBA,27.700000762939453,27.899999618530273,27.670000076293945,27.889999389648438,759500
2025-02-11,DBA,27.850000381469727,27.989999771118164,27.799999237060547,27.889999389648438,891900
2025-02-12,DBA,27.84000015258789,28.0,27.84000015258789,27.969999313354492,241700
2025-02-13,DBA,28.06999969482422,28.329999923706055,28.059999465942383,28.190000534057617,662300
2025-02-14,DBA,28.329999923706055,28.440000534057617,28.100000381469727,28.170000076293945,301800
2025-02-18,DBA,28.200000762939453,28.389999389648438,28.110000610351562,28.3799991607666,555900
2025-02-19,DBA,28.450000762939453,28.489999771118164,28.149999618530273,28.219999313354492,230800
2025-02-20,DBA,28.1200008392334,28.1200008392334,27.860000610351562,27.920000076293945,305100
2025-02-21,DBA,27.709999084472656,27.709999084472656,27.479999542236328,27.549999237060547,363900
2025-02-24,DBA,27.479999542236328,27.479999542236328,26.979999542236328,27.030000686645508,582800
2025-02-25,DBA,26.959999084472656,27.079999923706055,26.84000015258789,27.059999465942383,382600
2025-02-26,DBA,27.09000015258789,27.190000534057617,27.09000015258789,27.1200008392334,148400
2025-02-27,DBA,26.969999313354492,26.979999542236328,26.770000457763672,26.809999465942383,313000
2025-02-28,DBA,26.809999465942383,26.809999465942383,26.450000762939453,26.489999771118164,468700
2025-03-03,DBA,26.309999465942383,26.350000381469727,25.989999771118164,26.049999237060547,778900
2025-03-04,DBA,25.950000762939453,26.260000228881836,25.860000610351562,26.190000534057617,859400
2025-03-05,DBA,26.450000762939453,26.489999771118164,26.219999313354492,26.389999389648438,514600
2025-03-06,DBA,26.1299991607666,26.3700008392334,26.040000915527344,26.290000915527344,713900
2025-03-07,DBA,26.350000381469727,26.530000686645508,26.329999923706055,26.5,401100
2025-03-10,DBA,26.6299991607666,26.75,26.510000228881836,26.6299991607666,375500
2025-03-11,DBA,26.6299991607666,26.75,26.610000610351562,26.639999389648438,181500
2025-03-12,DBA,26.559999465942383,26.6299991607666,26.510000228881836,26.579999923706055,350800
2025-03-13,DBA,26.700000762939453,26.739999771118164,26.610000610351562,26.6200008392334,205700
2025-03-14,DBA,26.420000076293945,26.489999771118164,26.309999465942383,26.459999084472656,286300
2025-03-17,DBA,26.65999984741211,26.860000610351562,26.65999984741211,26.860000610351562,170200
2025-03-18,DBA,26.950000762939453,27.0,26.790000915527344,26.860000610351562,243500
2025-03-19,DBA,26.860000610351562,26.969999313354492,26.84000015258789,26.850000381469727,246500
2025-03-20,DBA,26.770000457763672,27.030000686645508,26.770000457763672,26.899999618530273,245900
2025-03-21,DBA,26.799999237060547,26.829999923706055,26.68000030517578,26.739999771118164,206000
2025-03-24,DBA,26.799999237060547,26.799999237060547,26.649999618530273,26.68000030517578,345100
2025-03-25,DBA,26.709999084472656,26.799999237060547,26.649999618530273,26.770000457763672,120700
2025-03-26,DBA,26.68000030517578,26.690000534057617,26.549999237060547,26.56999969482422,124700
2025-03-27,DBA,26.450000762939453,26.479999542236328,26.260000228881836,26.43000030517578,182400
2025-03-28,DBA,26.389999389648438,26.469999313354492,26.290000915527344,26.469999313354492,84000
2025-03-31,DBA,26.450000762939453,26.459999084472656,26.309999465942383,26.34000015258789,212300
2025-04-01,DBA,26.510000228881836,26.940000534057617,26.489999771118164,26.93000030517578,413000
2025-04-02,DBA,26.8799991607666,27.219999313354492,26.860000610351562,27.18000030517578,290600
2025-04-03,DBA,26.889999389648438,27.18000030517578,26.829999923706055,26.979999542236328,545100
2025-04-04,DBA,26.549999237060547,26.549999237060547,26.040000915527344,26.139999389648438,802800
2025-04-07,DBA,25.850000381469727,26.229999542236328,25.459999084472656,25.469999313354492,782500
2025-04-08,DBA,25.770000457763672,25.829999923706055,25.270000457763672,25.270000457763672,481700
2025-04-09,DBA,25.3700008392334,26.049999237060547,25.290000915527344,26.020000457763672,658700
2025-04-10,DBA,25.860000610351562,25.940000534057617,25.690000534057617,25.760000228881836,297800
2025-04-11,DBA,25.979999542236328,26.34000015258789,25.979999542236328,26.309999465942383,560100
2025-04-14,DBA,26.260000228881836,26.360000610351562,26.170000076293945,26.280000686645508,181600
2025-04-15,DBA,26.209999084472656,26.239999771118164,26.1299991607666,26.139999389648438,258100
2025-04-16,DBA,26.290000915527344,26.549999237060547,26.290000915527344,26.520000457763672,373000
2025-04-17,DBA,26.670000076293945,26.760000228881836,26.6200008392334,26.649999618530273,257000
2025-04-21,DBA,26.81999969482422,26.8799991607666,26.56999969482422,26.6299991607666,431700
2025-04-22,DBA,26.790000915527344,27.010000228881836,26.739999771118164,26.979999542236328,329900
2025-04-23,DBA,26.940000534057617,27.059999465942383,26.860000610351562,26.969999313354492,301000
2025-04-24,DBA,27.100000381469727,27.309999465942383,27.09000015258789,27.25,279500
2025-04-25,DBA,27.450000762939453,27.530000686645508,27.389999389648438,27.479999542236328,269600
2025-04-28,DBA,27.270000457763672,27.309999465942383,27.020000457763672,27.290000915527344,318400
2025-04-29,DBA,27.229999542236328,27.280000686645508,26.959999084472656,26.979999542236328,204200
2025-04-30,DBA,26.799999237060547,26.940000534057617,26.75,26.809999465942383,537700
2025-05-01,DBA,26.65999984741211,26.719999313354492,26.510000228881836,26.6200008392334,335000
2025-05-02,DBA,26.93000030517578,26.989999771118164,26.770000457763672,26.860000610351562,188500
2025-05-05,DBA,26.81999969482422,26.84000015258789,26.639999389648438,26.709999084472656,547900
2025-05-06,DBA,26.81999969482422,26.969999313354492,26.790000915527344,26.8799991607666,326000
2025-05-07,DBA,26.920000076293945,26.989999771118164,26.809999465942383,26.8700008392334,155000
2025-05-08,DBA,26.729999542236328,26.93000030517578,26.729999542236328,26.90999984741211,196500
2025-05-09,DBA,27.079999923706055,27.15999984741211,26.920000076293945,27.020000457763672,180600
2025-05-12,DBA,26.989999771118164,27.040000915527344,26.950000762939453,26.989999771118164,209800
2025-05-13,DBA,27.1299991607666,27.450000762939453,27.1299991607666,27.3799991607666,315300
2025-05-14,DBA,27.31999969482422,27.350000381469727,27.190000534057617,27.229999542236328,173600
2025-05-15,DBA,27.100000381469727,27.420000076293945,26.950000762939453,27.399999618530273,231800
2025-05-16,DBA,27.43000030517578,27.5,27.190000534057617,27.34000015258789,358300
2025-05-19,DBA,27.3799991607666,27.59000015258789,27.3799991607666,27.579999923706055,414700
2025-05-20,DBA,27.709999084472656,27.709999084472656,27.520000457763672,27.649999618530273,179400
2025-05-21,DBA,27.719999313354492,27.84000015258789,27.540000915527344,27.68000030517578,449800
2025-05-22,DBA,27.459999084472656,27.510000228881836,27.360000610351562,27.399999618530273,246500
2025-05-23,DBA,27.079999923706055,27.190000534057617,27.020000457763672,27.139999389648438,237500
2025-05-27,DBA,27.149999618530273,27.190000534057617,26.940000534057617,27.010000228881836,269500
2025-05-28,DBA,26.8799991607666,26.8799991607666,26.709999084472656,26.719999313354492,228400
2025-05-29,DBA,26.59000015258789,26.59000015258789,26.469999313354492,26.56999969482422,253400
2025-05-30,DBA,26.6200008392334,26.75,26.6200008392334,26.700000762939453,261200
2025-06-02,DBA,26.809999465942383,26.889999389648438,26.6200008392334,26.6299991607666,217000
2025-06-03,DBA,26.600000381469727,26.850000381469727,26.530000686645508,26.700000762939453,216700
2025-06-04,DBA,26.799999237060547,26.920000076293945,26.780000686645508,26.899999618530273,224700
2025-06-05,DBA,27.110000610351562,27.299999237060547,27.040000915527344,27.260000228881836,289500
2025-06-06,DBA,27.5,27.59000015258789,27.31999969482422,27.479999542236328,293200
2025-06-09,DBA,27.440000534057617,27.459999084472656,27.34000015258789,27.389999389648438,469100
2025-06-10,DBA,27.290000915527344,27.34000015258789,26.989999771118164,27.06999969482422,365800
2025-06-11,DBA,27.15999984741211,27.18000030517578,27.020000457763672,27.049999237060547,190000
2025-06-12,DBA,27.1299991607666,27.219999313354492,26.989999771118164,27.010000228881836,140100
2025-06-13,DBA,26.81999969482422,27.040000915527344,26.799999237060547,26.959999084472656,334700
2025-06-16,DBA,26.959999084472656,27.200000762939453,26.90999984741211,27.170000076293945,152800
2025-06-17,DBA,27.110000610351562,27.139999389648438,26.8799991607666,26.889999389648438,146000
2025-06-18,DBA,26.81999969482422,26.899999618530273,26.739999771118164,26.780000686645508,402000
2025-06-20,DBA,26.600000381469727,26.6299991607666,26.389999389648438,26.40999984741211,991100
2025-06-23,DBA,26.3700008392334,26.579999923706055,26.3700008392334,26.479999542236328,569100
2025-06-24,DBA,26.280000686645508,26.469999313354492,26.280000686645508,26.290000915527344,405700
2025-06-25,DBA,26.270000457763672,26.270000457763672,26.030000686645508,26.079999923706055,228000
2025-06-26,DBA,26.079999923706055,26.229999542236328,26.010000228881836,26.139999389648438,383600
2025-06-27,DBA,26.190000534057617,26.350000381469727,26.100000381469727,26.329999923706055,91100
2025-06-30,DBA,26.25,26.309999465942383,26.1299991607666,26.149999618530273,168800
2025-07-01,DBA,25.81999969482422,25.850000381469727,25.639999389648438,25.649999618530273,404400
2025-07-02,DBA,25.649999618530273,25.899999618530273,25.59000015258789,25.8700008392334,216900
2025-07-03,DBA,25.93000030517578,26.06999969482422,25.889999389648438,25.889999389648438,184000
2025-07-07,DBA,25.670000076293945,25.739999771118164,25.600000381469727,25.709999084472656,237400
2025-07-08,DBA,25.719999313354492,25.739999771118164,25.59000015258789,25.739999771118164,120800
2025-07-09,DBA,25.780000686645508,25.93000030517578,25.739999771118164,25.93000030517578,121500
2025-07-10,DBA,25.920000076293945,25.920000076293945,25.700000762939453,25.770000457763672,187600
2025-07-11,DBA,25.860000610351562,25.920000076293945,25.760000228881836,25.770000457763672,334100
2025-07-14,DBA,25.950000762939453,25.979999542236328,25.780000686645508,25.8799991607666,117800
2025-07-15,DBA,25.739999771118164,25.84000015258789,25.6200008392334,25.6200008392334,238900
2025-07-16,DBA,25.719999313354492,25.889999389648438,25.719999313354492,25.8799991607666,125500
2025-07-17,DBA,25.760000228881836,25.850000381469727,25.649999618530273,25.780000686645508,452700
2025-07-18,DBA,25.899999618530273,26.110000610351562,25.899999618530273,26.030000686645508,123600
2025-07-21,DBA,25.940000534057617,25.959999084472656,25.790000915527344,25.899999618530273,238600
2025-07-22,DBA,25.899999618530273,26.030000686645508,25.899999618530273,25.969999313354492,161100
2025-07-23,DBA,26.049999237060547,26.209999084472656,25.969999313354492,26.200000762939453,96100
2025-07-24,DBA,26.270000457763672,26.290000915527344,26.030000686645508,26.200000762939453,225000
2025-07-25,DBA,26.040000915527344,26.09000015258789,25.979999542236328,26.079999923706055,203200
2025-07-28,DBA,26.09000015258789,26.239999771118164,26.040000915527344,26.229999542236328,145100
2025-07-29,DBA,26.110000610351562,26.110000610351562,25.84000015258789,26.010000228881836,298700
2025-07-30,DBA,25.979999542236328,26.1200008392334,25.889999389648438,25.959999084472656,219700
2025-07-31,DBA,26.059999465942383,26.1200008392334,25.8799991607666,25.899999618530273,156700
2025-08-01,DBA,25.81999969482422,25.8799991607666,25.6200008392334,25.670000076293945,236600
2025-08-04,DBA,25.649999618530273,25.81999969482422,25.649999618530273,25.729999542236328,128300
2025-08-05,DBA,25.770000457763672,26.0,25.770000457763672,25.920000076293945,165000
2025-08-06,DBA,25.90999984741211,25.989999771118164,25.81999969482422,25.989999771118164,110200
2025-08-07,DBA,26.030000686645508,26.280000686645508,26.030000686645508,26.25,225000
2025-08-08,DBA,26.389999389648438,26.450000762939453,26.200000762939453,26.209999084472656,107600
2025-08-11,DBA,26.68000030517578,26.760000228881836,26.600000381469727,26.6299991607666,314600
2025-08-12,DBA,26.75,26.829999923706055,26.68000030517578,26.809999465942383,191100
2025-08-13,DBA,26.979999542236328,26.979999542236328,26.780000686645508,26.899999618530273,140100
2025-08-14,DBA,26.709999084472656,26.719999313354492,26.540000915527344,26.600000381469727,135500
2025-08-15,DBA,26.59000015258789,27.06999969482422,26.59000015258789,27.059999465942383,1086200
2025-08-18,DBA,26.940000534057617,27.030000686645508,26.889999389648438,27.020000457763672,214100
2025-08-19,DBA,26.989999771118164,27.139999389648438,26.93000030517578,27.1299991607666,181900
2025-08-20,DBA,27.100000381469727,27.299999237060547,27.040000915527344,27.200000762939453,307800
2025-08-21,DBA,27.239999771118164,27.280000686645508,27.079999923706055,27.280000686645508,203000
2025-08-22,DBA,27.360000610351562,27.600000381469727,27.329999923706055,27.59000015258789,227700
2025-08-25,DBA,27.59000015258789,27.709999084472656,27.530000686645508,27.579999923706055,201300
2025-08-26,DBA,27.450000762939453,27.469999313354492,27.34000015258789,27.420000076293945,173500
2025-08-27,DBA,27.459999084472656,27.770000457763672,27.450000762939453,27.68000030517578,138500
2025-08-28,DBA,27.6200008392334,27.6200008392334,27.510000228881836,27.520000457763672,180200
2025-08-29,DBA,27.5,27.770000457763672,27.5,27.770000457763672,249600
2025-09-02,DBA,27.5,27.5,27.329999923706055,27.450000762939453,206300
2025-09-03,DBA,27.450000762939453,27.489999771118164,27.309999465942383,27.31999969482422,236300
2025-09-04,DBA,27.239999771118164,27.270000457763672,27.110000610351562,27.239999771118164,164500
2025-09-05,DBA,27.079999923706055,27.219999313354492,27.079999923706055,27.15999984741211,117400
2025-09-08,DBA,27.170000076293945,27.299999237060547,27.079999923706055,27.280000686645508,135000
2025-09-09,DBA,27.329999923706055,27.3799991607666,27.100000381469727,27.100000381469727,96800
2025-09-10,DBA,27.200000762939453,27.290000915527344,27.170000076293945,27.209999084472656,98900
2025-09-11,DBA,27.239999771118164,27.43000030517578,27.229999542236328,27.40999984741211,283800
2025-09-12,DBA,27.399999618530273,27.540000915527344,27.3700008392334,27.5,170200
2025-09-15,DBA,27.790000915527344,28.010000228881836,27.790000915527344,27.90999984741211,203800
2025-09-16,DBA,27.860000610351562,27.920000076293945,27.729999542236328,27.760000228881836,154700
2025-09-17,DBA,27.489999771118164,27.5,27.1200008392334,27.18000030517578,516300
2025-09-18,DBA,27.100000381469727,27.110000610351562,26.969999313354492,27.079999923706055,194600
2025-09-19,DBA,26.93000030517578,27.059999465942383,26.8700008392334,26.969999313354492,215300
2025-09-22,DBA,26.760000228881836,26.860000610351562,26.719999313354492,26.850000381469727,197900
2025-09-23,DBA,26.780000686645508,26.989999771118164,26.75,26.809999465942383,159300
2025-09-24,DBA,26.979999542236328,26.989999771118164,26.8799991607666,26.899999618530273,120900
2025-09-25,DBA,26.90999984741211,26.90999984741211,26.719999313354492,26.84000015258789,95900
2025-09-26,DBA,26.899999618530273,27.010000228881836,26.860000610351562,26.979999542236328,431600
2025-09-29,DBA,26.969999313354492,27.040000915527344,26.8799991607666,26.90999984741211,215100
2025-09-30,DBA,26.81999969482422,26.8799991607666,26.739999771118164,26.760000228881836,262600
2025-10-01,DBA,26.700000762939453,26.81999969482422,26.65999984741211,26.809999465942383,284300
2025-10-02,DBA,26.739999771118164,26.739999771118164,26.600000381469727,26.68000030517578,231200
2025-10-03,DBA,26.68000030517578,26.760000228881836,26.610000610351562,26.670000076293945,339400
2025-10-06,DBA,26.690000534057617,26.770000457763672,26.639999389648438,26.739999771118164,146600
2025-10-07,DBA,26.59000015258789,26.6299991607666,26.510000228881836,26.600000381469727,176900
2025-10-08,DBA,26.549999237060547,26.639999389648438,26.549999237060547,26.639999389648438,145900
2025-10-09,DBA,26.600000381469727,26.600000381469727,26.459999084472656,26.489999771118164,128100
2025-10-10,DBA,26.420000076293945,26.440000534057617,26.139999389648438,26.31999969482422,360700
2025-10-13,DBA,26.43000030517578,26.450000762939453,26.329999923706055,26.40999984741211,123800
2025-10-14,DBA,26.450000762939453,26.729999542236328,26.43000030517578,26.59000015258789,363100
2025-10-15,DBA,26.739999771118164,26.780000686645508,26.540000915527344,26.579999923706055,153800
2025-10-16,DBA,26.68000030517578,26.81999969482422,26.68000030517578,26.729999542236328,120000
2025-10-17,DBA,26.579999923706055,26.6299991607666,26.450000762939453,26.540000915527344,106900
2025-10-20,DBA,26.729999542236328,26.809999465942383,26.6299991607666,26.770000457763672,137900
2025-10-21,DBA,26.760000228881836,26.850000381469727,26.670000076293945,26.829999923706055,104400
2025-10-22,DBA,26.989999771118164,27.040000915527344,26.899999618530273,26.959999084472656,216800
2025-10-23,DBA,27.149999618530273,27.190000534057617,26.889999389648438,26.920000076293945,132800
2025-10-24,DBA,26.799999237060547,26.799999237060547,26.540000915527344,26.59000015258789,383000
2025-10-27,DBA,26.479999542236328,26.5,26.200000762939453,26.290000915527344,274300
2025-10-28,DBA,26.190000534057617,26.350000381469727,26.09000015258789,26.15999984741211,249800
2025-10-29,DBA,26.139999389648438,26.450000762939453,26.139999389648438,26.31999969482422,186000
2025-10-30,DBA,26.190000534057617,26.329999923706055,26.049999237060547,26.260000228881836,230800
2025-10-31,DBA,26.299999237060547,26.3700008392334,26.25,26.3700008392334,105900
2025-11-03,DBA,26.559999465942383,26.940000534057617,26.549999237060547,26.920000076293945,183500
2025-11-04,DBA,26.81999969482422,26.8700008392334,26.610000610351562,26.649999618530273,153500
2025-11-05,DBA,26.75,26.760000228881836,26.540000915527344,26.549999237060547,133200
2025-11-06,DBA,26.34000015258789,26.350000381469727,26.059999465942383,26.110000610351562,296600
2025-11-07,DBA,26.170000076293945,26.209999084472656,26.059999465942383,26.200000762939453,118000
2025-11-10,DBA,26.229999542236328,26.639999389648438,26.18000030517578,26.610000610351562,212200
2025-11-11,DBA,26.540000915527344,26.610000610351562,26.510000228881836,26.540000915527344,133500
2025-11-12,DBA,26.420000076293945,26.43000030517578,26.34000015258789,26.399999618530273,121800
2025-11-13,DBA,26.389999389648438,26.40999984741211,26.219999313354492,26.239999771118164,172300
2025-11-14,DBA,26.18000030517578,26.34000015258789,26.06999969482422,26.09000015258789,208100
2025-11-17,DBA,26.1200008392334,26.440000534057617,26.1200008392334,26.43000030517578,268700
2025-11-18,DBA,26.450000762939453,26.5,26.3700008392334,26.399999618530273,87800
2025-11-19,DBA,26.309999465942383,26.329999923706055,26.06999969482422,26.09000015258789,209500
2025-11-20,DBA,26.25,26.25,25.93000030517578,25.940000534057617,234100
2025-11-21,DBA,25.809999465942383,25.93000030517578,25.649999618530273,25.8799991607666,546700
2025-11-24,DBA,25.579999923706055,25.790000915527344,25.549999237060547,25.68000030517578,229600
2025-11-25,DBA,25.670000076293945,25.90999984741211,25.670000076293945,25.850000381469727,339200
2025-11-26,DBA,25.899999618530273,26.170000076293945,25.899999618530273,26.1299991607666,153000
2025-11-28,DBA,26.18000030517578,26.43000030517578,26.18000030517578,26.420000076293945,115800
2025-12-01,DBA,26.31999969482422,26.3700008392334,26.270000457763672,26.290000915527344,251400
2025-12-02,DBA,26.290000915527344,26.489999771118164,26.290000915527344,26.40999984741211,196200
2025-12-03,DBA,26.420000076293945,26.440000534057617,26.329999923706055,26.3799991607666,85500
2025-12-04,DBA,26.3700008392334,26.489999771118164,26.360000610351562,26.459999084472656,98500
2025-12-05,DBA,26.489999771118164,26.56999969482422,26.440000534057617,26.520000457763672,128100
2025-12-08,DBA,26.469999313354492,26.510000228881836,26.360000610351562,26.399999618530273,424400
2025-12-09,DBA,26.389999389648438,26.469999313354492,26.350000381469727,26.399999618530273,128000
2025-12-10,DBA,26.440000534057617,26.520000457763672,26.420000076293945,26.489999771118164,166500
2025-12-11,DBA,26.549999237060547,26.670000076293945,26.549999237060547,26.639999389648438,377700
2025-12-12,DBA,26.6200008392334,26.6200008392334,26.479999542236328,26.520000457763672,274000
2025-12-15,DBA,26.399999618530273,26.399999618530273,26.260000228881836,26.34000015258789,191800
2025-12-16,DBA,26.31999969482422,26.34000015258789,26.219999313354492,26.25,126100
2025-12-17,DBA,26.280000686645508,26.280000686645508,26.170000076293945,26.200000762939453,58700
2025-12-18,DBA,26.1299991607666,26.18000030517578,26.09000015258789,26.149999618530273,131200
2025-12-19,DBA,26.139999389648438,26.25,26.1299991607666,26.200000762939453,186200
2025-12-22,DBA,25.450000762939453,25.5,25.399999618530273,25.440000534057617,385700
2025-12-23,DBA,25.479999542236328,25.530000686645508,25.469999313354492,25.479999542236328,170800
2025-12-24,DBA,25.559999465942383,25.670000076293945,25.540000915527344,25.649999618530273,152900
2025-12-26,DBA,25.670000076293945,25.709999084472656,25.639999389648438,25.65999984741211,316400
2025-12-29,DBA,25.700000762939453,25.739999771118164,25.649999618530273,25.649999618530273,171800
2025-12-30,DBA,25.600000381469727,25.6299991607666,25.549999237060547,25.56999969482422,177100
2025-12-31,DBA,25.610000610351562,25.639999389648438,25.520000457763672,25.520000457763672,677200
2026-01-02,DBA,25.5,25.56999969482422,25.43000030517578,25.559999465942383,307600
2026-01-05,DBA,25.670000076293945,25.850000381469727,25.670000076293945,25.81999969482422,372400
2026-01-06,DBA,25.829999923706055,25.920000076293945,25.809999465942383,25.84000015258789,276500
2026-01-07,DBA,25.950000762939453,25.950000762939453,25.8799991607666,25.90999984741211,190900
2026-01-08,DBA,25.959999084472656,26.049999237060547,25.959999084472656,26.010000228881836,260000
2026-01-09,DBA,25.950000762939453,25.959999084472656,25.75,25.780000686645508,312300
2026-01-12,DBA,25.809999465942383,25.90999984741211,25.56999969482422,25.6299991607666,387800
2026-01-13,DBA,25.559999465942383,25.649999618530273,25.549999237060547,25.56999969482422,240700
2026-01-14,DBA,25.56999969482422,25.6200008392334,25.479999542236328,25.510000228881836,366000
2026-01-15,DBA,25.520000457763672,25.6299991607666,25.520000457763672,25.59000015258789,265200
2026-01-16,DBA,25.690000534057617,25.700000762939453,25.559999465942383,25.600000381469727,229000
2026-01-20,DBA,25.510000228881836,25.579999923706055,25.489999771118164,25.489999771118164,218100
2026-01-21,DBA,25.56999969482422,25.600000381469727,25.5,25.549999237060547,224300
2026-01-22,DBA,25.6200008392334,25.649999618530273,25.579999923706055,25.600000381469727,213500
2026-01-23,DBA,25.610000610351562,25.770000457763672,25.59000015258789,25.739999771118164,207200
2026-01-26,DBA,25.790000915527344,25.84000015258789,25.719999313354492,25.760000228881836,296700
2026-01-27,DBA,25.860000610351562,25.860000610351562,25.799999237060547,25.84000015258789,197000
2026-01-28,DBA,25.8700008392334,25.920000076293945,25.829999923706055,25.8799991607666,210300
2026-01-29,DBA,25.940000534057617,26.010000228881836,25.81999969482422,25.8700008392334,322900
2026-01-30,DBA,25.809999465942383,25.809999465942383,25.559999465942383,25.65999984741211,305100
2026-02-02,DBA,25.549999237060547,25.649999618530273,25.540000915527344,25.649999618530273,196000
2026-02-03,DBA,25.709999084472656,25.760000228881836,25.68000030517578,25.75,245700
2026-02-04,DBA,25.670000076293945,25.93000030517578,25.649999618530273,25.709999084472656,197900
2026-02-05,DBA,25.739999771118164,25.829999923706055,25.549999237060547,25.770000457763672,378600
2026-02-06,DBA,25.790000915527344,25.899999618530273,25.68000030517578,25.770000457763672,406500
2026-02-09,DBA,25.75,25.790000915527344,25.709999084472656,25.75,141900
2026-02-10,DBA,25.75,25.790000915527344,25.709999084472656,25.729999542236328,255900
2026-02-11,DBA,25.770000457763672,25.860000610351562,25.700000762939453,25.81999969482422,149800
2026-02-12,DBA,25.8700008392334,25.920000076293945,25.790000915527344,25.889999389648438,264900
2026-02-13,DBA,25.850000381469727,25.860000610351562,25.729999542236328,25.790000915527344,179100
2026-02-17,DBA,25.639999389648438,25.770000457763672,25.610000610351562,25.709999084472656,175900
2026-02-18,DBA,25.760000228881836,25.84000015258789,25.739999771118164,25.84000015258789,256000
2026-02-19,DBA,25.75,25.920000076293945,25.729999542236328,25.899999618530273,935100
2026-02-20,DBA,25.979999542236328,26.059999465942383,25.860000610351562,26.030000686645508,359600
2026-02-23,DBA,25.93000030517578,26.110000610351562,25.93000030517578,25.969999313354492,338400
2026-02-24,DBA,25.920000076293945,26.040000915527344,25.920000076293945,26.010000228881836,197200
2026-02-25,DBA,26.010000228881836,26.139999389648438,25.959999084472656,26.1200008392334,236800
2026-02-26,DBA,26.149999618530273,26.149999618530273,25.969999313354492,26.049999237060547,313400
2026-02-27,DBA,26.100000381469727,26.139999389648438,25.969999313354492,26.020000457763672,193400
2026-03-02,DBA,26.040000915527344,26.049999237060547,25.90999984741211,25.989999771118164,249600
2026-03-03,DBA,26.049999237060547,26.06999969482422,25.860000610351562,26.020000457763672,632100
2026-03-04,DBA,25.989999771118164,26.1200008392334,25.989999771118164,26.1200008392334,259800
2026-03-05,DBA,26.190000534057617,26.420000076293945,26.15999984741211,26.40999984741211,1279600
2026-03-06,DBA,26.610000610351562,26.760000228881836,26.56999969482422,26.709999084472656,3532700
2026-03-09,DBA,26.829999923706055,26.84000015258789,26.510000228881836,26.549999237060547,1904500
2026-03-10,DBA,26.59000015258789,26.639999389648438,26.469999313354492,26.610000610351562,752000
2026-03-11,DBA,26.770000457763672,26.780000686645508,26.6200008392334,26.700000762939453,2688500
2026-03-12,DBA,26.809999465942383,26.8700008392334,26.709999084472656,26.75,2333000
2026-03-13,DBA,26.700000762939453,26.829999923706055,26.600000381469727,26.75,4488500
2026-03-16,DBA,26.709999084472656,26.760000228881836,26.440000534057617,26.450000762939453,2304300
2026-03-17,DBA,26.600000381469727,26.68000030517578,26.530000686645508,26.6200008392334,1186200
2026-03-18,DBA,26.6299991607666,26.920000076293945,26.610000610351562,26.90999984741211,2617000
2026-03-19,DBA,26.950000762939453,26.979999542236328,26.829999923706055,26.969999313354492,2685900
2026-03-20,DBA,26.850000381469727,26.93000030517578,26.790000915527344,26.850000381469727,1557000
2026-03-23,DBA,26.739999771118164,26.860000610351562,26.65999984741211,26.84000015258789,2924500
2026-03-24,DBA,26.780000686645508,26.959999084472656,26.770000457763672,26.889999389648438,1830200
2026-03-25,DBA,26.790000915527344,27.0,26.75,26.959999084472656,2316100
2026-03-26,DBA,26.940000534057617,27.139999389648438,26.899999618530273,27.110000610351562,1592600
2026-03-27,DBA,27.139999389648438,27.31999969482422,27.09000015258789,27.170000076293945,2147600
2026-03-30,DBA,27.1299991607666,27.270000457763672,27.100000381469727,27.1200008392334,1428900
2026-03-31,DBA,27.18000030517578,27.3700008392334,27.15999984741211,27.31999969482422,2374000
2026-04-01,DBA,27.1299991607666,27.15999984741211,26.959999084472656,27.100000381469727,2251800
2026-04-02,DBA,27.219999313354492,27.229999542236328,27.1200008392334,27.15999984741211,2938700
2026-04-06,DBA,27.200000762939453,27.299999237060547,27.139999389648438,27.280000686645508,1678100
2026-04-07,DBA,27.15999984741211,27.229999542236328,27.0,27.010000228881836,1910900
2026-04-08,DBA,26.90999984741211,26.950000762939453,26.799999237060547,26.8700008392334,2181900
2026-04-09,DBA,26.959999084472656,26.979999542236328,26.770000457763672,26.8700008392334,1718200
2026-04-10,DBA,26.920000076293945,26.950000762939453,26.84000015258789,26.889999389648438,561600
2026-04-13,DBA,26.969999313354492,27.100000381469727,26.93000030517578,26.93000030517578,1508800
2026-04-14,DBA,27.030000686645508,27.139999389648438,26.989999771118164,27.1200008392334,1616900
2026-04-15,DBA,27.149999618530273,27.219999313354492,27.06999969482422,27.170000076293945,1260100
2026-04-16,DBA,27.25,27.280000686645508,27.100000381469727,27.110000610351562,1419600
2026-04-17,DBA,26.90999984741211,26.969999313354492,26.770000457763672,26.920000076293945,2481500
2026-04-20,DBA,27.0,27.139999389648438,26.979999542236328,26.989999771118164,1101100
2026-04-21,DBA,27.040000915527344,27.229999542236328,27.030000686645508,27.170000076293945,1271700
2026-04-22,DBA,27.260000228881836,27.309999465942383,27.110000610351562,27.1299991607666,1047000
2026-04-23,DBA,27.15999984741211,27.420000076293945,27.059999465942383,27.399999618530273,1638800
2026-04-24,DBA,27.3700008392334,27.40999984741211,27.299999237060547,27.389999389648438,1182700
2026-04-27,DBA,27.3799991607666,27.6200008392334,27.3799991607666,27.56999969482422,1917500
2026-04-28,DBA,27.75,27.969999313354492,27.639999389648438,27.959999084472656,2720000
2026-04-29,DBA,28.030000686645508,28.190000534057617,28.010000228881836,28.110000610351562,3153100
2026-04-30,DBA,28.0,28.079999923706055,27.93000030517578,28.030000686645508,1796300
2026-05-01,DBA,28.100000381469727,28.209999084472656,28.040000915527344,28.110000610351562,1362000
2026-05-04,DBA,28.15999984741211,28.329999923706055,28.110000610351562,28.290000915527344,2656000
2026-05-05,DBA,28.280000686645508,28.3700008392334,28.200000762939453,28.3700008392334,1712600
2026-05-06,DBA,28.1299991607666,28.1299991607666,27.940000534057617,28.059999465942383,2013400
2026-05-07,DBA,27.8799991607666,27.8799991607666,27.600000381469727,27.799999237060547,3059900
2026-05-08,DBA,27.889999389648438,28.0,27.84000015258789,27.969999313354492,604000
2026-05-11,DBA,28.209999084472656,28.389999389648438,28.18000030517578,28.329999923706055,1520300
2026-05-12,DBA,28.40999984741211,28.6200008392334,28.350000381469727,28.56999969482422,1863100
2026-05-13,DBA,28.540000915527344,28.84000015258789,28.459999084472656,28.729999542236328,1988100
2026-05-14,DBA,28.329999923706055,28.3799991607666,28.170000076293945,28.25,1221200
2026-05-15,DBA,27.920000076293945,27.969999313354492,27.75,27.829999923706055,2476600
2026-05-18,DBA,28.1299991607666,28.270000457763672,28.110000610351562,28.200000762939453,1713500
2026-05-19,DBA,28.270000457763672,28.329999923706055,28.190000534057617,28.280000686645508,877300
2026-05-20,DBA,28.15999984741211,28.15999984741211,27.889999389648438,27.969999313354492,1094000
2026-05-21,DBA,27.969999313354492,27.989999771118164,27.549999237060547,27.610000610351562,1619500
2026-05-22,DBA,27.639999389648438,27.690000534057617,27.489999771118164,27.559999465942383,917100
2026-05-26,DBA,27.600000381469727,27.649999618530273,27.43000030517578,27.469999313354492,801900
2026-05-27,DBA,27.3700008392334,27.530000686645508,27.329999923706055,27.469999313354492,1309600
2026-05-28,DBA,27.489999771118164,27.59000015258789,27.420000076293945,27.579999923706055,583300
2026-05-29,DBA,27.549999237060547,27.549999237060547,27.190000534057617,27.25,1825400
2026-06-01,DBA,27.420000076293945,27.450000762939453,27.200000762939453,27.239999771118164,1134900
2026-06-02,DBA,27.239999771118164,27.239999771118164,27.059999465942383,27.1200008392334,1658300
2026-06-03,DBA,27.18000030517578,27.209999084472656,26.860000610351562,26.860000610351562,1072900
2026-06-04,DBA,26.809999465942383,26.8700008392334,26.6200008392334,26.690000534057617,1354000
2026-06-05,DBA,26.610000610351562,26.670000076293945,26.3799991607666,26.399999618530273,4275100
2026-06-08,DBA,26.420000076293945,26.520000457763672,26.309999465942383,26.329999923706055,1259500
2026-06-09,DBA,26.360000610351562,26.450000762939453,26.239999771118164,26.280000686645508,759400
2026-06-10,DBA,26.3799991607666,26.420000076293945,26.309999465942383,26.329999923706055,737800
2026-06-11,DBA,26.31999969482422,26.3700008392334,26.219999313354492,26.299999237060547,1014300
2026-06-12,DBA,26.309999465942383,26.360000610351562,26.239999771118164,26.239999771118164,811600
2026-06-15,DBA,26.170000076293945,26.389999389648438,26.15999984741211,26.3799991607666,1406500
2026-06-16,DBA,26.459999084472656,26.729999542236328,26.450000762939453,26.65999984741211,797200
2026-06-17,DBA,26.809999465942383,26.8700008392334,26.770000457763672,26.84000015258789,829100
2026-06-18,DBA,26.75,26.75,26.579999923706055,26.6299991607666,1040900
2026-06-22,DBA,26.729999542236328,26.75,26.639999389648438,26.649999618530273,2362200
2026-06-23,DBA,26.6200008392334,26.729999542236328,26.579999923706055,26.600000381469727,1704800
2026-06-24,DBA,26.649999618530273,26.760000228881836,26.559999465942383,26.559999465942383,834700
2026-06-25,DBA,26.6299991607666,26.940000534057617,26.600000381469727,26.920000076293945,1352800
2026-06-26,DBA,26.790000915527344,26.90999984741211,26.770000457763672,26.799999237060547,621100
2026-06-29,DBA,26.739999771118164,26.739999771118164,26.479999542236328,26.510000228881836,2364400
2026-06-30,DBA,26.6200008392334,26.770000457763672,26.450000762939453,26.670000076293945,707400
2026-07-01,DBA,26.739999771118164,26.920000076293945,26.739999771118164,26.860000610351562,517900
2026-07-02,DBA,26.8700008392334,26.969999313354492,26.719999313354492,26.739999771118164,387300
2026-07-06,DBA,27.18000030517578,27.59000015258789,27.149999618530273,27.540000915527344,1314100
2026-07-07,DBA,27.5,27.579999923706055,27.3799991607666,27.549999237060547,1175500
2026-07-08,DBA,27.639999389648438,27.690000534057617,27.530000686645508,27.6200008392334,681800
2026-07-09,DBA,27.670000076293945,27.8799991607666,27.639999389648438,27.709999084472656,607900
2026-07-10,DBA,27.649999618530273,27.809999465942383,27.5,27.770000457763672,1459200
2026-07-13,DBA,27.809999465942383,27.899999618530273,27.700000762939453,27.719999313354492,1160000
2026-07-14,DBA,27.6299991607666,27.68000030517578,27.549999237060547,27.6299991607666,602500
2026-07-15,DBA,27.670000076293945,28.0,27.670000076293945,27.979999542236328,1448600
2026-07-16,DBA,27.81999969482422,27.829999923706055,27.559999465942383,27.59000015258789,645400
2026-07-17,DBA,27.760000228881836,27.850000381469727,27.690000534057617,27.84000015258789,856300
2026-07-20,DBA,27.979999542236328,28.079999923706055,27.899999618530273,28.020000457763672,713400
2026-07-21,DBA,28.030000686645508,28.15999984741211,27.979999542236328,28.149999618530273,646400
2026-07-22,DBA,28.200000762939453,28.299999237060547,28.149999618530273,28.229999542236328,647600
2026-07-23,DBA,28.309999465942383,28.34000015258789,28.15999984741211,28.239999771118164,600700
2026-07-24,DBA,28.1200008392334,28.360000610351562,28.059999465942383,28.239999771118164,529600
2026-07-27,DBA,27.850000381469727,27.920000076293945,27.610000610351562,27.6200008392334,1139400
2026-07-28,DBA,27.6299991607666,27.860000610351562,27.6299991607666,27.850000381469727,260379
