Date,Ticker,Open,High,Low,Close,Volume
2021-06-09,GAGH.MI,52.650001525878906,52.650001525878906,52.599998474121094,52.599998474121094,2000
2021-06-10,GAGH.MI,52.599998474121094,52.599998474121094,52.599998474121094,52.599998474121094,0
2021-06-11,GAGH.MI,52.72999954223633,52.72999954223633,52.68000030517578,52.68000030517578,3008
2021-06-14,GAGH.MI,52.68000030517578,52.68000030517578,52.68000030517578,52.68000030517578,0
2021-06-15,GAGH.MI,52.65999984741211,52.68000030517578,52.65999984741211,52.68000030517578,3008
2021-06-16,GAGH.MI,52.68000030517578,52.68000030517578,52.68000030517578,52.68000030517578,0
2021-06-17,GAGH.MI,52.68000030517578,52.68000030517578,52.68000030517578,52.68000030517578,0
2021-06-18,GAGH.MI,52.68000030517578,52.68000030517578,52.68000030517578,52.68000030517578,0
2021-06-21,GAGH.MI,52.68000030517578,52.68000030517578,52.68000030517578,52.68000030517578,0
2021-06-22,GAGH.MI,52.68000030517578,52.68000030517578,52.68000030517578,52.68000030517578,0
2021-06-23,GAGH.MI,52.68000030517578,52.68000030517578,52.68000030517578,52.68000030517578,0
2021-06-24,GAGH.MI,52.68000030517578,52.68000030517578,52.68000030517578,52.68000030517578,0
2021-06-25,GAGH.MI,52.68000030517578,52.68000030517578,52.68000030517578,52.68000030517578,0
2021-06-28,GAGH.MI,52.68000030517578,52.68000030517578,52.68000030517578,52.68000030517578,0
2021-06-29,GAGH.MI,52.68000030517578,52.68000030517578,52.68000030517578,52.68000030517578,0
2021-06-30,GAGH.MI,52.68000030517578,52.68000030517578,52.68000030517578,52.68000030517578,0
2021-07-01,GAGH.MI,52.68000030517578,52.68000030517578,52.68000030517578,52.68000030517578,0
2021-07-02,GAGH.MI,52.68000030517578,52.68000030517578,52.68000030517578,52.68000030517578,0
2021-07-05,GAGH.MI,52.68000030517578,52.68000030517578,52.68000030517578,52.68000030517578,0
2021-07-06,GAGH.MI,52.68000030517578,52.68000030517578,52.68000030517578,52.68000030517578,0
2021-07-07,GAGH.MI,52.68000030517578,52.68000030517578,52.68000030517578,52.68000030517578,0
2021-07-08,GAGH.MI,52.68000030517578,52.68000030517578,52.68000030517578,52.68000030517578,0
2021-07-09,GAGH.MI,52.68000030517578,52.68000030517578,52.68000030517578,52.68000030517578,0
2021-07-12,GAGH.MI,52.68000030517578,52.68000030517578,52.68000030517578,52.68000030517578,0
2021-07-13,GAGH.MI,52.68000030517578,52.68000030517578,52.68000030517578,52.68000030517578,0
2021-07-14,GAGH.MI,52.68000030517578,52.68000030517578,52.68000030517578,52.68000030517578,0
2021-07-15,GAGH.MI,52.68000030517578,52.68000030517578,52.68000030517578,52.68000030517578,0
2021-07-16,GAGH.MI,52.68000030517578,52.68000030517578,52.68000030517578,52.68000030517578,0
2021-07-19,GAGH.MI,52.68000030517578,52.68000030517578,52.68000030517578,52.68000030517578,0
2021-07-20,GAGH.MI,52.68000030517578,52.68000030517578,52.68000030517578,52.68000030517578,0
2021-07-21,GAGH.MI,52.68000030517578,52.68000030517578,52.68000030517578,52.68000030517578,0
2021-07-22,GAGH.MI,52.68000030517578,52.68000030517578,52.68000030517578,52.68000030517578,0
2021-07-23,GAGH.MI,52.68000030517578,52.68000030517578,52.68000030517578,52.68000030517578,0
2021-07-26,GAGH.MI,52.68000030517578,52.68000030517578,52.68000030517578,52.68000030517578,0
2021-07-27,GAGH.MI,52.68000030517578,52.68000030517578,52.68000030517578,52.68000030517578,0
2021-07-28,GAGH.MI,52.68000030517578,52.68000030517578,52.68000030517578,52.68000030517578,0
2021-07-29,GAGH.MI,52.68000030517578,52.68000030517578,52.68000030517578,52.68000030517578,0
2021-07-30,GAGH.MI,52.68000030517578,52.68000030517578,52.68000030517578,52.68000030517578,0
2021-08-02,GAGH.MI,52.68000030517578,52.68000030517578,52.68000030517578,52.68000030517578,0
2021-08-03,GAGH.MI,52.68000030517578,52.68000030517578,52.68000030517578,52.68000030517578,0
2021-08-04,GAGH.MI,52.68000030517578,52.68000030517578,52.68000030517578,52.68000030517578,0
2021-08-05,GAGH.MI,52.68000030517578,52.68000030517578,52.68000030517578,52.68000030517578,0
2021-08-06,GAGH.MI,53.47999954223633,53.47999954223633,53.31999969482422,53.31999969482422,100
2021-08-09,GAGH.MI,53.31999969482422,53.31999969482422,53.31999969482422,53.31999969482422,0
2021-08-10,GAGH.MI,53.36000061035156,53.36000061035156,53.25,53.25,160
2021-08-11,GAGH.MI,53.25,53.25,53.25,53.25,0
2021-08-12,GAGH.MI,53.25,53.25,53.25,53.25,0
2021-08-13,GAGH.MI,53.25,53.25,53.25,53.25,0
2021-08-16,GAGH.MI,53.25,53.25,53.25,53.25,0
2021-08-17,GAGH.MI,53.25,53.25,53.25,53.25,0
2021-08-18,GAGH.MI,53.25,53.25,53.25,53.25,0
2021-08-19,GAGH.MI,53.25,53.25,53.25,53.25,0
2021-08-20,GAGH.MI,53.25,53.25,53.25,53.25,0
2021-08-23,GAGH.MI,53.25,53.25,53.25,53.25,0
2021-08-24,GAGH.MI,53.43000030517578,53.43000030517578,53.33000183105469,53.33000183105469,10
2021-08-25,GAGH.MI,53.33000183105469,53.33000183105469,53.33000183105469,53.33000183105469,0
2021-08-26,GAGH.MI,53.33000183105469,53.33000183105469,53.33000183105469,53.33000183105469,0
2021-08-27,GAGH.MI,53.33000183105469,53.33000183105469,53.33000183105469,53.33000183105469,0
2021-08-30,GAGH.MI,53.33000183105469,53.33000183105469,53.33000183105469,53.33000183105469,0
2021-08-31,GAGH.MI,53.33000183105469,53.33000183105469,53.33000183105469,53.33000183105469,0
2021-09-01,GAGH.MI,53.33000183105469,53.33000183105469,53.33000183105469,53.33000183105469,0
2021-09-02,GAGH.MI,53.33000183105469,53.33000183105469,53.33000183105469,53.33000183105469,0
2021-09-03,GAGH.MI,53.33000183105469,53.33000183105469,53.33000183105469,53.33000183105469,0
2021-09-06,GAGH.MI,53.33000183105469,53.33000183105469,53.33000183105469,53.33000183105469,0
2021-09-07,GAGH.MI,53.33000183105469,53.33000183105469,53.33000183105469,53.33000183105469,0
2021-09-08,GAGH.MI,53.33000183105469,53.33000183105469,53.33000183105469,53.33000183105469,0
2021-09-09,GAGH.MI,53.33000183105469,53.33000183105469,53.33000183105469,53.33000183105469,0
2021-09-10,GAGH.MI,53.33000183105469,53.33000183105469,53.33000183105469,53.33000183105469,0
2021-09-13,GAGH.MI,53.33000183105469,53.33000183105469,53.33000183105469,53.33000183105469,0
2021-09-14,GAGH.MI,53.33000183105469,53.33000183105469,53.33000183105469,53.33000183105469,0
2021-09-15,GAGH.MI,53.33000183105469,53.33000183105469,53.33000183105469,53.33000183105469,0
2021-09-16,GAGH.MI,53.33000183105469,53.33000183105469,53.33000183105469,53.33000183105469,0
2021-09-17,GAGH.MI,53.33000183105469,53.33000183105469,53.33000183105469,53.33000183105469,0
2021-09-20,GAGH.MI,53.33000183105469,53.33000183105469,53.33000183105469,53.33000183105469,0
2021-09-21,GAGH.MI,53.33000183105469,53.33000183105469,53.33000183105469,53.33000183105469,0
2021-09-22,GAGH.MI,53.33000183105469,53.33000183105469,53.33000183105469,53.33000183105469,0
2021-09-23,GAGH.MI,53.33000183105469,53.33000183105469,53.33000183105469,53.33000183105469,0
2021-09-24,GAGH.MI,53.33000183105469,53.33000183105469,53.33000183105469,53.33000183105469,0
2021-09-27,GAGH.MI,53.33000183105469,53.33000183105469,53.33000183105469,53.33000183105469,0
2021-09-28,GAGH.MI,53.33000183105469,53.33000183105469,53.33000183105469,53.33000183105469,0
2021-09-29,GAGH.MI,53.33000183105469,53.33000183105469,53.33000183105469,53.33000183105469,0
2021-09-30,GAGH.MI,53.33000183105469,53.33000183105469,53.33000183105469,53.33000183105469,0
2021-10-01,GAGH.MI,53.33000183105469,53.33000183105469,53.33000183105469,53.33000183105469,0
2021-10-04,GAGH.MI,53.33000183105469,53.33000183105469,53.33000183105469,53.33000183105469,0
2021-10-05,GAGH.MI,53.33000183105469,53.33000183105469,53.33000183105469,53.33000183105469,0
2021-10-06,GAGH.MI,53.33000183105469,53.33000183105469,53.33000183105469,53.33000183105469,0
2021-10-07,GAGH.MI,53.33000183105469,53.33000183105469,53.33000183105469,53.33000183105469,0
2021-10-08,GAGH.MI,53.33000183105469,53.33000183105469,53.33000183105469,53.33000183105469,0
2021-10-11,GAGH.MI,53.33000183105469,53.33000183105469,53.33000183105469,53.33000183105469,0
2021-10-12,GAGH.MI,53.33000183105469,53.33000183105469,53.33000183105469,53.33000183105469,0
2021-10-13,GAGH.MI,53.33000183105469,53.33000183105469,53.33000183105469,53.33000183105469,0
2021-10-14,GAGH.MI,53.33000183105469,53.33000183105469,53.33000183105469,53.33000183105469,0
2021-10-15,GAGH.MI,52.689998626708984,52.689998626708984,52.58000183105469,52.58000183105469,2
2021-10-18,GAGH.MI,52.58000183105469,52.58000183105469,52.58000183105469,52.58000183105469,0
2021-10-19,GAGH.MI,52.58000183105469,52.58000183105469,52.58000183105469,52.58000183105469,0
2021-10-20,GAGH.MI,52.58000183105469,52.58000183105469,52.58000183105469,52.58000183105469,0
2021-10-21,GAGH.MI,52.4900016784668,52.529998779296875,52.369998931884766,52.369998931884766,1000
2021-10-22,GAGH.MI,52.369998931884766,52.369998931884766,52.369998931884766,52.369998931884766,0
2021-10-25,GAGH.MI,52.369998931884766,52.369998931884766,52.369998931884766,52.369998931884766,0
2021-10-26,GAGH.MI,52.369998931884766,52.369998931884766,52.369998931884766,52.369998931884766,0
2021-10-27,GAGH.MI,52.369998931884766,52.369998931884766,52.369998931884766,52.369998931884766,0
2021-10-28,GAGH.MI,52.369998931884766,52.369998931884766,52.369998931884766,52.369998931884766,0
2021-10-29,GAGH.MI,52.369998931884766,52.369998931884766,52.369998931884766,52.369998931884766,0
2021-11-01,GAGH.MI,52.369998931884766,52.369998931884766,52.369998931884766,52.369998931884766,0
2021-11-02,GAGH.MI,52.369998931884766,52.369998931884766,52.369998931884766,52.369998931884766,0
2021-11-03,GAGH.MI,52.59000015258789,52.63999938964844,52.52000045776367,52.63999938964844,1000
2021-11-04,GAGH.MI,52.63999938964844,52.63999938964844,52.63999938964844,52.63999938964844,0
2021-11-05,GAGH.MI,52.63999938964844,52.63999938964844,52.63999938964844,52.63999938964844,0
2021-11-08,GAGH.MI,52.63999938964844,52.63999938964844,52.63999938964844,52.63999938964844,0
2021-11-09,GAGH.MI,52.63999938964844,52.63999938964844,52.63999938964844,52.63999938964844,0
2021-11-10,GAGH.MI,52.63999938964844,52.63999938964844,52.63999938964844,52.63999938964844,0
2021-11-11,GAGH.MI,52.63999938964844,52.63999938964844,52.63999938964844,52.63999938964844,0
2021-11-12,GAGH.MI,52.63999938964844,52.63999938964844,52.63999938964844,52.63999938964844,0
2021-11-15,GAGH.MI,52.790000915527344,52.790000915527344,52.61000061035156,52.61000061035156,2
2021-11-16,GAGH.MI,52.61000061035156,52.61000061035156,52.61000061035156,52.61000061035156,0
2021-11-17,GAGH.MI,52.61000061035156,52.61000061035156,52.61000061035156,52.61000061035156,0
2021-11-18,GAGH.MI,52.61000061035156,52.61000061035156,52.61000061035156,52.61000061035156,0
2021-11-19,GAGH.MI,52.61000061035156,52.61000061035156,52.61000061035156,52.61000061035156,0
2021-11-22,GAGH.MI,52.61000061035156,52.61000061035156,52.61000061035156,52.61000061035156,0
2021-11-23,GAGH.MI,52.61000061035156,52.61000061035156,52.61000061035156,52.61000061035156,0
2021-11-24,GAGH.MI,52.61000061035156,52.61000061035156,52.61000061035156,52.61000061035156,0
2021-11-25,GAGH.MI,52.61000061035156,52.61000061035156,52.61000061035156,52.61000061035156,0
2021-11-26,GAGH.MI,52.61000061035156,52.61000061035156,52.61000061035156,52.61000061035156,0
2021-11-29,GAGH.MI,52.61000061035156,52.61000061035156,52.61000061035156,52.61000061035156,0
2021-11-30,GAGH.MI,52.61000061035156,52.61000061035156,52.61000061035156,52.61000061035156,0
2021-12-01,GAGH.MI,52.61000061035156,52.61000061035156,52.61000061035156,52.61000061035156,0
2021-12-02,GAGH.MI,52.61000061035156,52.61000061035156,52.61000061035156,52.61000061035156,0
2021-12-03,GAGH.MI,52.61000061035156,52.61000061035156,52.61000061035156,52.61000061035156,0
2021-12-06,GAGH.MI,52.61000061035156,52.61000061035156,52.61000061035156,52.61000061035156,0
2021-12-07,GAGH.MI,52.61000061035156,52.61000061035156,52.61000061035156,52.61000061035156,0
2021-12-08,GAGH.MI,52.61000061035156,52.61000061035156,52.61000061035156,52.61000061035156,0
2021-12-09,GAGH.MI,52.61000061035156,52.61000061035156,52.61000061035156,52.61000061035156,0
2021-12-10,GAGH.MI,52.61000061035156,52.61000061035156,52.61000061035156,52.61000061035156,0
2021-12-13,GAGH.MI,52.61000061035156,52.61000061035156,52.61000061035156,52.61000061035156,0
2021-12-14,GAGH.MI,52.61000061035156,52.61000061035156,52.61000061035156,52.61000061035156,0
2021-12-15,GAGH.MI,52.61000061035156,52.61000061035156,52.61000061035156,52.61000061035156,0
2021-12-16,GAGH.MI,52.61000061035156,52.61000061035156,52.61000061035156,52.61000061035156,0
2021-12-17,GAGH.MI,52.61000061035156,52.61000061035156,52.61000061035156,52.61000061035156,0
2021-12-20,GAGH.MI,53.040000915527344,53.040000915527344,52.95000076293945,52.95000076293945,2
2021-12-21,GAGH.MI,52.95000076293945,52.95000076293945,52.95000076293945,52.95000076293945,0
2021-12-22,GAGH.MI,52.95000076293945,52.95000076293945,52.95000076293945,52.95000076293945,0
2021-12-23,GAGH.MI,52.95000076293945,52.95000076293945,52.95000076293945,52.95000076293945,0
2021-12-27,GAGH.MI,52.81999969482422,52.81999969482422,52.689998626708984,52.689998626708984,319
2021-12-28,GAGH.MI,52.93000030517578,52.939998626708984,52.56999969482422,52.68000030517578,441
2021-12-29,GAGH.MI,52.81999969482422,52.81999969482422,52.45000076293945,52.58000183105469,66
2021-12-30,GAGH.MI,52.81999969482422,52.81999969482422,52.54999923706055,52.54999923706055,23
2022-01-03,GAGH.MI,53.13999938964844,53.13999938964844,51.93000030517578,52.439998626708984,186
2022-01-04,GAGH.MI,52.459999084472656,52.459999084472656,52.290000915527344,52.29999923706055,64
2022-01-05,GAGH.MI,52.400001525878906,52.40999984741211,52.2400016784668,52.31999969482422,503
2022-01-06,GAGH.MI,52.2599983215332,52.2599983215332,52.18000030517578,52.18000030517578,270
2022-01-07,GAGH.MI,52.18000030517578,52.18000030517578,52.18000030517578,52.18000030517578,0
2022-01-10,GAGH.MI,52.279998779296875,52.279998779296875,51.7400016784668,52.02000045776367,190
2022-01-11,GAGH.MI,52.279998779296875,52.279998779296875,51.7400016784668,52.0099983215332,185
2022-01-12,GAGH.MI,52.310001373291016,52.310001373291016,52.060001373291016,52.060001373291016,229
2022-01-13,GAGH.MI,52.119998931884766,52.13999938964844,52.119998931884766,52.130001068115234,347
2022-01-14,GAGH.MI,52.22999954223633,52.22999954223633,52.02000045776367,52.02000045776367,327
2022-01-17,GAGH.MI,52.029998779296875,52.029998779296875,51.93000030517578,51.93000030517578,2
2022-01-18,GAGH.MI,51.95000076293945,51.95000076293945,51.83000183105469,51.83000183105469,427
2022-01-19,GAGH.MI,51.79999923706055,51.79999923706055,51.790000915527344,51.790000915527344,188
2022-01-20,GAGH.MI,51.880001068115234,51.90999984741211,51.84000015258789,51.84000015258789,119
2022-01-21,GAGH.MI,51.9900016784668,51.9900016784668,51.83000183105469,51.970001220703125,272
2022-01-24,GAGH.MI,52.060001373291016,52.060001373291016,51.91999816894531,52.0099983215332,343
2022-01-25,GAGH.MI,52.029998779296875,52.029998779296875,51.869998931884766,51.970001220703125,300
2022-01-26,GAGH.MI,52.02000045776367,52.02000045776367,51.81999969482422,51.900001525878906,325
2022-01-27,GAGH.MI,51.81999969482422,51.849998474121094,51.68000030517578,51.849998474121094,307
2022-01-28,GAGH.MI,51.81999969482422,51.81999969482422,51.68000030517578,51.7599983215332,3339
2022-01-31,GAGH.MI,51.880001068115234,51.880001068115234,51.68000030517578,51.68000030517578,217
2022-02-01,GAGH.MI,51.75,51.75,51.61000061035156,51.650001525878906,338
2022-02-02,GAGH.MI,51.79999923706055,51.79999923706055,51.630001068115234,51.7400016784668,173
2022-02-03,GAGH.MI,51.790000915527344,51.790000915527344,51.52000045776367,51.52000045776367,95
2022-02-04,GAGH.MI,51.619998931884766,51.619998931884766,51.25,51.25,245
2022-02-07,GAGH.MI,51.33000183105469,51.33000183105469,51.189998626708984,51.189998626708984,211
2022-02-08,GAGH.MI,51.29999923706055,51.29999923706055,51.09000015258789,51.09000015258789,165
2022-02-09,GAGH.MI,51.2400016784668,51.2400016784668,51.150001525878906,51.150001525878906,123
2022-02-10,GAGH.MI,51.189998626708984,51.189998626708984,50.95000076293945,50.95000076293945,250
2022-02-11,GAGH.MI,51.060001373291016,51.060001373291016,50.84000015258789,50.84000015258789,443
2022-02-14,GAGH.MI,51.029998779296875,51.029998779296875,50.779998779296875,50.779998779296875,172
2022-02-15,GAGH.MI,50.79999923706055,50.79999923706055,50.56999969482422,50.720001220703125,151
2022-02-16,GAGH.MI,50.75,50.7599983215332,50.75,50.7599983215332,190
2022-02-17,GAGH.MI,50.939998626708984,50.939998626708984,50.72999954223633,50.900001525878906,246
2022-02-18,GAGH.MI,50.95000076293945,50.95000076293945,50.79999923706055,50.95000076293945,77
2022-02-21,GAGH.MI,50.970001220703125,50.970001220703125,50.95000076293945,50.95000076293945,68
2022-02-22,GAGH.MI,51.06999969482422,51.06999969482422,50.810001373291016,50.869998931884766,90
2022-02-23,GAGH.MI,50.869998931884766,50.869998931884766,50.75,50.810001373291016,735
2022-02-24,GAGH.MI,50.900001525878906,50.900001525878906,50.56999969482422,50.77000045776367,176
2022-02-25,GAGH.MI,50.869998931884766,50.869998931884766,50.7400016784668,50.7400016784668,120
2022-02-28,GAGH.MI,50.959999084472656,50.97999954223633,50.689998626708984,50.939998626708984,525
2022-03-01,GAGH.MI,51.130001068115234,51.38999938964844,50.880001068115234,51.38999938964844,149
2022-03-02,GAGH.MI,51.439998626708984,51.45000076293945,51.150001525878906,51.150001525878906,120
2022-03-03,GAGH.MI,51.130001068115234,51.130001068115234,51.0,51.119998931884766,253
2022-03-04,GAGH.MI,51.220001220703125,51.310001373291016,51.099998474121094,51.310001373291016,66
2022-03-07,GAGH.MI,51.40999984741211,51.40999984741211,51.09000015258789,51.09000015258789,347
2022-03-08,GAGH.MI,50.959999084472656,50.959999084472656,50.689998626708984,50.79999923706055,110
2022-03-09,GAGH.MI,50.86000061035156,50.86000061035156,50.56999969482422,50.66999816894531,92
2022-03-10,GAGH.MI,50.75,50.75,50.400001525878906,50.400001525878906,155
2022-03-11,GAGH.MI,50.58000183105469,50.58000183105469,50.29999923706055,50.38999938964844,203
2022-03-14,GAGH.MI,50.369998931884766,50.369998931884766,50.119998931884766,50.119998931884766,111
2022-03-15,GAGH.MI,50.279998779296875,50.290000915527344,50.08000183105469,50.189998626708984,143
2022-03-16,GAGH.MI,50.13999938964844,50.13999938964844,49.88999938964844,50.130001068115234,141
2022-03-17,GAGH.MI,50.2400016784668,50.2400016784668,50.119998931884766,50.20000076293945,109
2022-03-18,GAGH.MI,50.2599983215332,50.2599983215332,50.22999954223633,50.22999954223633,146
2022-03-21,GAGH.MI,50.27000045776367,50.27000045776367,50.09000015258789,50.09000015258789,168
2022-03-22,GAGH.MI,49.9900016784668,49.9900016784668,49.85499954223633,49.85499954223633,85
2022-03-23,GAGH.MI,49.900001525878906,49.900001525878906,49.845001220703125,49.845001220703125,103
2022-03-24,GAGH.MI,49.959999084472656,49.959999084472656,49.709999084472656,49.834999084472656,130
2022-03-25,GAGH.MI,49.939998626708984,49.939998626708984,49.6150016784668,49.6150016784668,624
2022-03-28,GAGH.MI,49.6150016784668,49.650001525878906,49.44499969482422,49.650001525878906,268
2022-03-29,GAGH.MI,49.595001220703125,49.599998474121094,49.46500015258789,49.599998474121094,240
2022-03-30,GAGH.MI,49.834999084472656,49.834999084472656,49.73500061035156,49.73500061035156,87
2022-03-31,GAGH.MI,49.93000030517578,49.93000030517578,49.915000915527344,49.915000915527344,82
2022-04-01,GAGH.MI,49.810001373291016,49.810001373291016,49.80500030517578,49.80500030517578,138
2022-04-04,GAGH.MI,49.915000915527344,49.915000915527344,49.834999084472656,49.834999084472656,266
2022-04-05,GAGH.MI,49.904998779296875,49.904998779296875,49.55500030517578,49.55500030517578,173
2022-04-06,GAGH.MI,49.54499816894531,49.54499816894531,49.380001068115234,49.39500045776367,41
2022-04-07,GAGH.MI,49.56999969482422,49.56999969482422,49.33000183105469,49.33000183105469,103
2022-04-08,GAGH.MI,49.435001373291016,49.435001373291016,49.23500061035156,49.23500061035156,43
2022-04-11,GAGH.MI,49.23500061035156,49.23500061035156,48.95500183105469,49.040000915527344,103
2022-04-12,GAGH.MI,48.994998931884766,49.150001525878906,48.834999084472656,49.150001525878906,201
2022-04-13,GAGH.MI,49.08000183105469,49.23500061035156,49.08000183105469,49.154998779296875,319
2022-04-14,GAGH.MI,49.275001525878906,49.275001525878906,48.98500061035156,48.98500061035156,50
2022-04-19,GAGH.MI,48.98500061035156,48.98500061035156,48.98500061035156,48.98500061035156,0
2022-04-20,GAGH.MI,48.7400016784668,48.7400016784668,48.7400016784668,48.7400016784668,214
2022-04-21,GAGH.MI,48.81999969482422,48.81999969482422,48.654998779296875,48.654998779296875,65
2022-04-22,GAGH.MI,48.619998931884766,48.625,48.44499969482422,48.54499816894531,319
2022-04-25,GAGH.MI,48.900001525878906,48.900001525878906,48.56999969482422,48.834999084472656,137
2022-04-26,GAGH.MI,48.8849983215332,48.970001220703125,48.7400016784668,48.970001220703125,93
2022-04-27,GAGH.MI,49.025001525878906,49.029998779296875,48.83000183105469,48.880001068115234,448
2022-04-28,GAGH.MI,48.900001525878906,48.900001525878906,48.6349983215332,48.6349983215332,121
2022-04-29,GAGH.MI,48.7599983215332,48.7599983215332,48.53499984741211,48.53499984741211,64
2022-05-02,GAGH.MI,48.525001525878906,48.525001525878906,48.33000183105469,48.33000183105469,38
2022-05-03,GAGH.MI,48.34000015258789,48.39500045776367,48.34000015258789,48.39500045776367,78
2022-05-04,GAGH.MI,48.375,48.380001068115234,48.22999954223633,48.29999923706055,294
2022-05-05,GAGH.MI,48.44499969482422,48.44499969482422,48.11000061035156,48.11000061035156,238
2022-05-06,GAGH.MI,48.21500015258789,48.21500015258789,47.994998931884766,47.994998931884766,61
2022-05-09,GAGH.MI,47.935001373291016,48.040000915527344,47.935001373291016,48.040000915527344,27
2022-05-10,GAGH.MI,48.19499969482422,48.255001068115234,47.9900016784668,48.255001068115234,77
2022-05-11,GAGH.MI,48.404998779296875,48.404998779296875,48.279998779296875,48.279998779296875,82
2022-05-12,GAGH.MI,48.6150016784668,48.6150016784668,48.5099983215332,48.5099983215332,52
2022-05-13,GAGH.MI,48.5099983215332,48.5099983215332,48.5099983215332,48.5099983215332,0
2022-05-16,GAGH.MI,48.5099983215332,48.5099983215332,48.5099983215332,48.5099983215332,0
2022-05-17,GAGH.MI,48.41999816894531,48.43000030517578,48.25,48.25,316
2022-05-18,GAGH.MI,48.30500030517578,48.31999969482422,48.1349983215332,48.31999969482422,120
2022-05-19,GAGH.MI,48.435001373291016,48.439998626708984,48.314998626708984,48.439998626708984,53
2022-05-20,GAGH.MI,48.415000915527344,48.415000915527344,48.29999923706055,48.404998779296875,24
2022-05-23,GAGH.MI,48.46500015258789,48.46500015258789,48.33000183105469,48.33000183105469,46
2022-05-24,GAGH.MI,48.435001373291016,48.560001373291016,48.435001373291016,48.560001373291016,98
2022-05-25,GAGH.MI,48.625,48.625,48.595001220703125,48.595001220703125,14
2022-05-26,GAGH.MI,48.685001373291016,48.70000076293945,48.529998779296875,48.529998779296875,132
2022-05-27,GAGH.MI,48.54499816894531,48.65999984741211,48.54499816894531,48.65999984741211,21
2022-05-30,GAGH.MI,48.64500045776367,48.64500045776367,48.494998931884766,48.56999969482422,188
2022-05-31,GAGH.MI,48.47999954223633,48.47999954223633,48.375,48.375,35
2022-06-01,GAGH.MI,48.375,48.375,48.375,48.375,0
2022-06-02,GAGH.MI,48.35499954223633,48.35499954223633,48.2400016784668,48.2400016784668,41
2022-06-03,GAGH.MI,48.415000915527344,48.415000915527344,48.130001068115234,48.130001068115234,239
2022-06-06,GAGH.MI,48.130001068115234,48.130001068115234,48.130001068115234,48.130001068115234,0
2022-06-07,GAGH.MI,48.125,48.125,47.834999084472656,48.060001373291016,138
2022-06-08,GAGH.MI,48.05500030517578,48.060001373291016,47.88999938964844,47.970001220703125,146
2022-06-09,GAGH.MI,48.0,48.0,47.775001525878906,47.775001525878906,117
2022-06-10,GAGH.MI,47.834999084472656,47.84000015258789,47.52000045776367,47.52000045776367,125
2022-06-13,GAGH.MI,47.52000045776367,47.52000045776367,47.52000045776367,47.52000045776367,0
2022-06-14,GAGH.MI,47.19499969482422,47.19499969482422,46.71500015258789,46.71500015258789,180
2022-06-15,GAGH.MI,46.79499816894531,46.880001068115234,46.79499816894531,46.82500076293945,42
2022-06-16,GAGH.MI,47.005001068115234,47.0099983215332,46.849998474121094,46.849998474121094,101
2022-06-17,GAGH.MI,46.935001373291016,47.064998626708984,46.935001373291016,46.9900016784668,1235
2022-06-20,GAGH.MI,47.0,47.0,46.880001068115234,46.880001068115234,23
2022-06-21,GAGH.MI,46.96500015258789,46.96500015258789,46.790000915527344,46.845001220703125,54
2022-06-22,GAGH.MI,46.974998474121094,47.099998474121094,46.939998626708984,47.099998474121094,272
2022-06-23,GAGH.MI,47.3650016784668,47.47999954223633,47.224998474121094,47.42499923706055,166
2022-06-24,GAGH.MI,47.33000183105469,47.40999984741211,47.33000183105469,47.40999984741211,353
2022-06-27,GAGH.MI,47.29499816894531,47.30500030517578,47.15999984741211,47.18000030517578,2039
2022-06-28,GAGH.MI,47.095001220703125,47.095001220703125,47.04999923706055,47.04999923706055,113
2022-06-29,GAGH.MI,47.095001220703125,47.275001525878906,47.095001220703125,47.275001525878906,15
2022-06-30,GAGH.MI,47.435001373291016,47.5,47.33000183105469,47.5,94
2022-07-01,GAGH.MI,47.63999938964844,47.88999938964844,47.4900016784668,47.84000015258789,147
2022-07-04,GAGH.MI,47.79999923706055,47.79999923706055,47.54499816894531,47.68000030517578,1325
2022-07-05,GAGH.MI,47.650001525878906,47.849998474121094,47.650001525878906,47.849998474121094,47
2022-07-06,GAGH.MI,47.849998474121094,47.849998474121094,47.849998474121094,47.849998474121094,0
2022-07-07,GAGH.MI,47.79999923706055,47.79999923706055,47.63999938964844,47.70500183105469,199
2022-07-08,GAGH.MI,47.6349983215332,47.6349983215332,47.4900016784668,47.4900016784668,13
2022-07-11,GAGH.MI,47.58000183105469,47.654998779296875,47.58000183105469,47.654998779296875,2303
2022-07-12,GAGH.MI,47.73500061035156,48.01499938964844,47.73500061035156,48.01499938964844,5758
2022-07-13,GAGH.MI,47.95500183105469,47.95500183105469,47.689998626708984,47.790000915527344,3527
2022-07-14,GAGH.MI,47.494998931884766,47.744998931884766,47.494998931884766,47.72999954223633,221
2022-07-15,GAGH.MI,48.09000015258789,48.11000061035156,47.810001373291016,47.85499954223633,3102
2022-07-18,GAGH.MI,47.82500076293945,47.82500076293945,47.77000045776367,47.77000045776367,2476
2022-07-19,GAGH.MI,47.79499816894531,47.79499816894531,47.685001373291016,47.685001373291016,254
2022-07-20,GAGH.MI,47.685001373291016,47.685001373291016,47.685001373291016,47.685001373291016,0
2022-07-21,GAGH.MI,47.689998626708984,47.810001373291016,47.689998626708984,47.810001373291016,16
2022-07-22,GAGH.MI,47.9900016784668,48.30500030517578,47.9900016784668,48.185001373291016,2723
2022-07-25,GAGH.MI,48.564998626708984,48.564998626708984,48.20000076293945,48.20000076293945,23
2022-07-26,GAGH.MI,48.494998931884766,48.494998931884766,48.28499984741211,48.314998626708984,139
2022-07-27,GAGH.MI,48.27000045776367,48.34000015258789,48.27000045776367,48.34000015258789,430
2022-07-28,GAGH.MI,48.20000076293945,48.64500045776367,48.189998626708984,48.599998474121094,725
2022-07-29,GAGH.MI,48.67499923706055,48.75,48.53499984741211,48.75,106
2022-08-01,GAGH.MI,48.95500183105469,48.95500183105469,48.45500183105469,48.810001373291016,289
2022-08-02,GAGH.MI,49.025001525878906,49.025001525878906,48.814998626708984,48.814998626708984,17
2022-08-03,GAGH.MI,48.665000915527344,48.665000915527344,48.59000015258789,48.60499954223633,41
2022-08-04,GAGH.MI,48.619998931884766,48.709999084472656,48.619998931884766,48.709999084472656,127
2022-08-05,GAGH.MI,48.505001068115234,48.525001525878906,48.380001068115234,48.40999984741211,276
2022-08-08,GAGH.MI,48.369998931884766,48.45000076293945,48.369998931884766,48.415000915527344,751
2022-08-09,GAGH.MI,48.40999984741211,48.40999984741211,48.36000061035156,48.3849983215332,107
2022-08-10,GAGH.MI,48.5,48.505001068115234,48.47999954223633,48.47999954223633,200
2022-08-11,GAGH.MI,48.540000915527344,48.540000915527344,48.380001068115234,48.380001068115234,42
2022-08-12,GAGH.MI,48.314998626708984,48.314998626708984,48.25,48.25,208
2022-08-16,GAGH.MI,48.404998779296875,48.404998779296875,48.30500030517578,48.314998626708984,459
2022-08-17,GAGH.MI,48.334999084472656,48.334999084472656,48.165000915527344,48.16999816894531,234
2022-08-18,GAGH.MI,48.1349983215332,48.20500183105469,48.1349983215332,48.16999816894531,871
2022-08-19,GAGH.MI,47.935001373291016,47.935001373291016,47.880001068115234,47.904998779296875,74
2022-08-22,GAGH.MI,47.76499938964844,47.76499938964844,47.69499969482422,47.69499969482422,89
2022-08-23,GAGH.MI,47.619998931884766,47.709999084472656,47.56999969482422,47.709999084472656,84
2022-08-24,GAGH.MI,47.52000045776367,47.56999969482422,47.52000045776367,47.56999969482422,2
2022-08-25,GAGH.MI,47.564998626708984,47.564998626708984,47.55500030517578,47.55500030517578,96
2022-08-26,GAGH.MI,47.51499938964844,47.58000183105469,47.51499938964844,47.58000183105469,11
2022-08-29,GAGH.MI,47.42499923706055,47.42499923706055,47.369998931884766,47.369998931884766,79
2022-08-30,GAGH.MI,47.44499969482422,47.44499969482422,47.39500045776367,47.39500045776367,20
2022-08-31,GAGH.MI,47.400001525878906,47.400001525878906,47.345001220703125,47.345001220703125,11
2022-09-01,GAGH.MI,47.209999084472656,47.209999084472656,47.08000183105469,47.17499923706055,97
2022-09-02,GAGH.MI,47.18000030517578,47.18000030517578,47.064998626708984,47.14500045776367,26
2022-09-05,GAGH.MI,47.03499984741211,47.10499954223633,47.03499984741211,47.10499954223633,59
2022-09-06,GAGH.MI,47.025001525878906,47.025001525878906,46.93000030517578,46.93000030517578,17
2022-09-07,GAGH.MI,46.93000030517578,46.93000030517578,46.93000030517578,46.93000030517578,0
2022-09-08,GAGH.MI,46.8849983215332,47.005001068115234,46.8849983215332,46.95500183105469,72
2022-09-09,GAGH.MI,46.95500183105469,46.95500183105469,46.95500183105469,46.95500183105469,0
2022-09-12,GAGH.MI,46.959999084472656,46.96500015258789,46.959999084472656,46.96500015258789,21
2022-09-13,GAGH.MI,46.96500015258789,46.96500015258789,46.96500015258789,46.96500015258789,0
2022-09-14,GAGH.MI,46.96500015258789,46.96500015258789,46.96500015258789,46.96500015258789,0
2022-09-15,GAGH.MI,46.96500015258789,46.96500015258789,46.96500015258789,46.96500015258789,0
2022-09-16,GAGH.MI,46.96500015258789,46.96500015258789,46.96500015258789,46.96500015258789,0
2022-09-19,GAGH.MI,46.96500015258789,46.96500015258789,46.96500015258789,46.96500015258789,0
2022-09-20,GAGH.MI,46.96500015258789,46.96500015258789,46.96500015258789,46.96500015258789,0
2022-09-21,GAGH.MI,46.375,46.375,46.29499816894531,46.29499816894531,188
2022-09-22,GAGH.MI,46.16999816894531,46.28499984741211,46.1349983215332,46.1349983215332,67
2022-09-23,GAGH.MI,45.915000915527344,46.345001220703125,45.845001220703125,45.94499969482422,605
2022-09-26,GAGH.MI,45.814998626708984,45.814998626708984,45.720001220703125,45.720001220703125,97
2022-09-27,GAGH.MI,45.47999954223633,45.47999954223633,45.33000183105469,45.33000183105469,159
2022-09-28,GAGH.MI,45.400001525878906,45.71500015258789,45.400001525878906,45.71500015258789,440
2022-09-29,GAGH.MI,45.470001220703125,45.53499984741211,45.470001220703125,45.53499984741211,30
2022-09-30,GAGH.MI,45.619998931884766,45.69499969482422,45.584999084472656,45.61000061035156,259
2022-10-03,GAGH.MI,45.755001068115234,46.185001373291016,45.73500061035156,46.04499816894531,8315
2022-10-04,GAGH.MI,46.130001068115234,46.130001068115234,46.130001068115234,46.130001068115234,6
2022-10-05,GAGH.MI,45.92499923706055,45.92499923706055,45.755001068115234,45.755001068115234,63
2022-10-06,GAGH.MI,45.71500015258789,45.76499938964844,45.654998779296875,45.654998779296875,265
2022-10-07,GAGH.MI,45.470001220703125,45.505001068115234,45.44499969482422,45.4900016784668,501
2022-10-10,GAGH.MI,45.470001220703125,45.470001220703125,45.224998474121094,45.224998474121094,148
2022-10-11,GAGH.MI,45.150001525878906,45.255001068115234,45.150001525878906,45.255001068115234,103
2022-10-12,GAGH.MI,45.185001373291016,45.185001373291016,45.1349983215332,45.1349983215332,418
2022-10-13,GAGH.MI,45.1349983215332,45.1349983215332,45.1349983215332,45.1349983215332,0
2022-10-14,GAGH.MI,45.130001068115234,45.19499969482422,44.95500183105469,44.95500183105469,125
2022-10-17,GAGH.MI,45.119998931884766,45.119998931884766,45.119998931884766,45.119998931884766,19
2022-10-18,GAGH.MI,45.125,45.125,45.060001373291016,45.060001373291016,90
2022-10-19,GAGH.MI,44.9900016784668,45.03499984741211,44.9900016784668,45.029998779296875,66
2022-10-20,GAGH.MI,44.91999816894531,44.91999816894531,44.88999938964844,44.88999938964844,76
2022-10-21,GAGH.MI,44.625,44.73500061035156,44.625,44.709999084472656,46
2022-10-24,GAGH.MI,44.89500045776367,44.89500045776367,44.775001525878906,44.80500030517578,88
2022-10-25,GAGH.MI,45.099998474121094,45.165000915527344,45.099998474121094,45.150001525878906,2583
2022-10-26,GAGH.MI,45.23500061035156,45.28499984741211,45.23500061035156,45.28499984741211,464
2022-10-27,GAGH.MI,45.255001068115234,45.51499938964844,45.255001068115234,45.51499938964844,467
2022-10-28,GAGH.MI,45.470001220703125,45.474998474121094,45.33000183105469,45.43000030517578,516
2022-10-31,GAGH.MI,45.255001068115234,45.29499816894531,45.25,45.29499816894531,386
2022-11-01,GAGH.MI,45.40999984741211,45.685001373291016,45.40999984741211,45.56999969482422,1500
2022-11-02,GAGH.MI,45.56999969482422,45.56999969482422,45.56999969482422,45.56999969482422,0
2022-11-03,GAGH.MI,45.33000183105469,45.33000183105469,44.994998931884766,45.28499984741211,63
2022-11-04,GAGH.MI,45.29999923706055,45.29999923706055,45.2400016784668,45.2400016784668,20
2022-11-07,GAGH.MI,45.27000045776367,45.33000183105469,45.19499969482422,45.19499969482422,297
2022-11-08,GAGH.MI,45.09000015258789,45.2400016784668,45.09000015258789,45.2400016784668,115
2022-11-09,GAGH.MI,45.310001373291016,45.41999816894531,45.310001373291016,45.41999816894531,185
2022-11-10,GAGH.MI,45.3849983215332,45.904998779296875,45.3849983215332,45.845001220703125,1722
2022-11-11,GAGH.MI,45.90999984741211,45.90999984741211,45.720001220703125,45.75,92
2022-11-14,GAGH.MI,46.01499938964844,46.01499938964844,45.72999954223633,45.775001525878906,47
2022-11-15,GAGH.MI,45.875,46.06999969482422,45.875,46.06999969482422,350
2022-11-16,GAGH.MI,46.025001525878906,46.17499923706055,46.025001525878906,46.150001525878906,218
2022-11-17,GAGH.MI,46.084999084472656,46.27000045776367,46.084999084472656,46.154998779296875,101
2022-11-18,GAGH.MI,46.220001220703125,46.220001220703125,46.16999816894531,46.16999816894531,87
2022-11-21,GAGH.MI,46.1150016784668,46.275001525878906,46.1150016784668,46.220001220703125,399
2022-11-22,GAGH.MI,46.15999984741211,46.244998931884766,46.15999984741211,46.224998474121094,174
2022-11-23,GAGH.MI,46.30500030517578,46.3849983215332,46.29999923706055,46.3849983215332,222
2022-11-24,GAGH.MI,46.439998626708984,46.54499816894531,46.439998626708984,46.54499816894531,18
2022-11-25,GAGH.MI,46.41999816894531,46.41999816894531,46.3849983215332,46.3849983215332,42
2022-11-28,GAGH.MI,46.435001373291016,46.435001373291016,46.375,46.40999984741211,89
2022-11-29,GAGH.MI,46.40999984741211,46.40999984741211,46.40999984741211,46.40999984741211,0
2022-11-30,GAGH.MI,46.599998474121094,46.599998474121094,46.30500030517578,46.30500030517578,107
2022-12-01,GAGH.MI,46.560001373291016,46.68000030517578,46.5099983215332,46.68000030517578,1250
2022-12-02,GAGH.MI,46.7599983215332,46.775001525878906,46.61000061035156,46.61000061035156,143
2022-12-05,GAGH.MI,46.77000045776367,46.77000045776367,46.720001220703125,46.724998474121094,51
2022-12-06,GAGH.MI,46.80500030517578,46.80500030517578,46.73500061035156,46.7599983215332,130
2022-12-07,GAGH.MI,46.90999984741211,46.90999984741211,46.86000061035156,46.89500045776367,40
2022-12-08,GAGH.MI,46.89500045776367,46.89500045776367,46.89500045776367,46.89500045776367,0
2022-12-09,GAGH.MI,46.81999969482422,46.81999969482422,46.77000045776367,46.77000045776367,26
2022-12-12,GAGH.MI,46.845001220703125,46.845001220703125,46.720001220703125,46.720001220703125,109
2022-12-13,GAGH.MI,46.90999984741211,46.91999816894531,46.85499954223633,46.85499954223633,332
2022-12-14,GAGH.MI,46.8650016784668,46.8650016784668,46.81999969482422,46.849998474121094,148
2022-12-15,GAGH.MI,46.650001525878906,46.83000183105469,46.650001525878906,46.83000183105469,76
2022-12-16,GAGH.MI,46.58000183105469,46.650001525878906,46.58000183105469,46.650001525878906,120
2022-12-19,GAGH.MI,46.650001525878906,46.650001525878906,46.650001525878906,46.650001525878906,0
2022-12-20,GAGH.MI,46.310001373291016,46.310001373291016,46.220001220703125,46.23500061035156,62
2022-12-21,GAGH.MI,46.23500061035156,46.23500061035156,46.23500061035156,46.23500061035156,0
2022-12-22,GAGH.MI,46.21500015258789,46.23500061035156,46.21500015258789,46.23500061035156,106
2022-12-23,GAGH.MI,46.099998474121094,46.13999938964844,46.099998474121094,46.13999938964844,23
2022-12-27,GAGH.MI,46.13999938964844,46.13999938964844,46.13999938964844,46.13999938964844,0
2022-12-28,GAGH.MI,45.94499969482422,45.94499969482422,45.86000061035156,45.86000061035156,40
2022-12-29,GAGH.MI,45.845001220703125,45.89500045776367,45.845001220703125,45.89500045776367,65
2022-12-30,GAGH.MI,45.790000915527344,45.790000915527344,45.78499984741211,45.78499984741211,111
2023-01-02,GAGH.MI,45.76499938964844,45.94499969482422,45.76499938964844,45.94499969482422,108
2023-01-03,GAGH.MI,46.10499954223633,46.10499954223633,45.900001525878906,45.96500015258789,212
2023-01-04,GAGH.MI,46.189998626708984,46.189998626708984,46.119998931884766,46.119998931884766,305
2023-01-05,GAGH.MI,46.0099983215332,46.040000915527344,45.96500015258789,46.040000915527344,76
2023-01-06,GAGH.MI,46.16999816894531,46.29499816894531,46.16999816894531,46.29499816894531,85
2023-01-09,GAGH.MI,46.255001068115234,46.3849983215332,46.255001068115234,46.3849983215332,18
2023-01-10,GAGH.MI,46.26499938964844,46.275001525878906,46.26499938964844,46.275001525878906,18
2023-01-11,GAGH.MI,46.41999816894531,46.46500015258789,46.415000915527344,46.46500015258789,182
2023-01-12,GAGH.MI,46.58000183105469,46.59000015258789,46.58000183105469,46.59000015258789,74
2023-01-13,GAGH.MI,46.775001525878906,46.775001525878906,46.58000183105469,46.665000915527344,109
2023-01-16,GAGH.MI,46.7400016784668,46.7400016784668,46.7400016784668,46.7400016784668,78
2023-01-17,GAGH.MI,46.64500045776367,46.72999954223633,46.64500045776367,46.72999954223633,16
2023-01-18,GAGH.MI,46.79999923706055,46.9900016784668,46.79999923706055,46.939998626708984,438
2023-01-19,GAGH.MI,47.029998779296875,47.029998779296875,46.85499954223633,46.939998626708984,178
2023-01-20,GAGH.MI,46.86000061035156,46.86000061035156,46.810001373291016,46.814998626708984,154
2023-01-23,GAGH.MI,46.720001220703125,46.720001220703125,46.67499923706055,46.70500183105469,134
2023-01-24,GAGH.MI,46.91999816894531,46.91999816894531,46.654998779296875,46.790000915527344,105
2023-01-25,GAGH.MI,46.83000183105469,46.83000183105469,46.79499816894531,46.79499816894531,145
2023-01-26,GAGH.MI,46.849998474121094,46.849998474121094,46.76499938964844,46.76499938964844,21
2023-01-27,GAGH.MI,46.71500015258789,46.71500015258789,46.66999816894531,46.70500183105469,164
2023-01-30,GAGH.MI,46.875,46.880001068115234,46.564998626708984,46.595001220703125,773
2023-01-31,GAGH.MI,46.57500076293945,46.66999816894531,46.57500076293945,46.61000061035156,438
2023-02-01,GAGH.MI,46.685001373291016,46.70500183105469,46.625,46.665000915527344,1099
2023-02-02,GAGH.MI,47.0099983215332,47.13999938964844,47.0099983215332,47.13999938964844,28
2023-02-03,GAGH.MI,47.11000061035156,47.11000061035156,46.915000915527344,46.915000915527344,254
2023-02-06,GAGH.MI,46.80500030517578,46.80500030517578,46.685001373291016,46.70500183105469,69
2023-02-07,GAGH.MI,46.599998474121094,46.6349983215332,46.57500076293945,46.619998931884766,6094
2023-02-08,GAGH.MI,46.54999923706055,46.56999969482422,46.51499938964844,46.53499984741211,2472
2023-02-09,GAGH.MI,46.55500030517578,46.61000061035156,46.55500030517578,46.61000061035156,55
2023-02-10,GAGH.MI,46.470001220703125,46.47999954223633,46.375,46.375,2101
2023-02-13,GAGH.MI,46.40999984741211,46.40999984741211,46.27000045776367,46.349998474121094,228
2023-02-14,GAGH.MI,46.3650016784668,46.40999984741211,46.2400016784668,46.26499938964844,337
2023-02-15,GAGH.MI,46.279998779296875,46.400001525878906,46.244998931884766,46.400001525878906,2472
2023-02-16,GAGH.MI,46.400001525878906,46.400001525878906,46.400001525878906,46.400001525878906,0
2023-02-17,GAGH.MI,46.400001525878906,46.400001525878906,46.400001525878906,46.400001525878906,0
2023-02-20,GAGH.MI,46.1150016784668,46.1150016784668,46.10499954223633,46.10499954223633,18
2023-02-21,GAGH.MI,46.025001525878906,46.064998626708984,45.720001220703125,45.91999816894531,2012
2023-02-22,GAGH.MI,46.01499938964844,46.01499938964844,45.935001373291016,45.935001373291016,326
2023-02-23,GAGH.MI,45.89500045776367,45.96500015258789,45.875,45.96500015258789,353
2023-02-24,GAGH.MI,46.21500015258789,46.21500015258789,45.720001220703125,45.875,285
2023-02-27,GAGH.MI,45.869998931884766,45.88999938964844,45.82500076293945,45.82500076293945,442
2023-02-28,GAGH.MI,45.7599983215332,45.82500076293945,45.71500015258789,45.82500076293945,533
2023-03-01,GAGH.MI,45.845001220703125,45.86000061035156,45.625,45.625,5432
2023-03-02,GAGH.MI,45.70000076293945,45.7400016784668,45.625,45.724998474121094,2180
2023-03-03,GAGH.MI,45.689998626708984,45.7599983215332,45.619998931884766,45.70500183105469,4874
2023-03-06,GAGH.MI,45.88999938964844,45.900001525878906,45.76499938964844,45.76499938964844,3288
2023-03-07,GAGH.MI,45.8650016784668,45.8650016784668,45.744998931884766,45.76499938964844,4477
2023-03-08,GAGH.MI,45.849998474121094,45.849998474121094,45.80500030517578,45.814998626708984,132
2023-03-09,GAGH.MI,45.810001373291016,45.810001373291016,45.744998931884766,45.744998931884766,113
2023-03-10,GAGH.MI,46.209999084472656,46.22999954223633,45.959999084472656,46.08000183105469,374
2023-03-13,GAGH.MI,46.78499984741211,46.80500030517578,46.54499816894531,46.54499816894531,477
2023-03-14,GAGH.MI,46.45500183105469,46.45500183105469,46.29999923706055,46.380001068115234,1104
2023-03-15,GAGH.MI,46.79999923706055,46.84000015258789,46.630001068115234,46.84000015258789,209
2023-03-16,GAGH.MI,46.959999084472656,47.0099983215332,46.63999938964844,46.63999938964844,299
2023-03-17,GAGH.MI,46.73500061035156,46.95000076293945,46.73500061035156,46.814998626708984,315
2023-03-20,GAGH.MI,47.04499816894531,47.04499816894531,46.55500030517578,46.724998474121094,10507
2023-03-21,GAGH.MI,46.48500061035156,46.650001525878906,46.46500015258789,46.54999923706055,836
2023-03-22,GAGH.MI,46.42499923706055,46.46500015258789,46.380001068115234,46.46500015258789,338
2023-03-23,GAGH.MI,46.599998474121094,46.685001373291016,46.599998474121094,46.685001373291016,4948
2023-03-24,GAGH.MI,46.939998626708984,46.939998626708984,46.84000015258789,46.84000015258789,688
2023-03-27,GAGH.MI,46.654998779296875,46.84000015258789,46.654998779296875,46.84000015258789,175
2023-03-28,GAGH.MI,46.57500076293945,46.84000015258789,46.5099983215332,46.84000015258789,182
2023-03-29,GAGH.MI,46.505001068115234,46.84000015258789,46.470001220703125,46.84000015258789,363
2023-03-30,GAGH.MI,46.5,46.84000015258789,46.45000076293945,46.84000015258789,55
2023-03-31,GAGH.MI,46.57500076293945,46.84000015258789,46.525001525878906,46.84000015258789,275
2023-04-03,GAGH.MI,46.54999923706055,46.84000015258789,46.54499816894531,46.84000015258789,374
2023-04-04,GAGH.MI,46.71500015258789,46.85499954223633,46.66999816894531,46.84000015258789,91
2023-04-05,GAGH.MI,47.20000076293945,47.20000076293945,46.84000015258789,46.84000015258789,173
2023-04-06,GAGH.MI,46.9900016784668,46.9900016784668,46.84000015258789,46.84000015258789,62
2023-04-11,GAGH.MI,46.779998779296875,46.84000015258789,46.72999954223633,46.84000015258789,262
2023-04-12,GAGH.MI,46.755001068115234,46.84000015258789,46.720001220703125,46.84000015258789,202
2023-04-13,GAGH.MI,46.849998474121094,46.849998474121094,46.84000015258789,46.84000015258789,50
2023-04-14,GAGH.MI,46.724998474121094,46.84000015258789,46.60499954223633,46.84000015258789,709
2023-04-17,GAGH.MI,46.54499816894531,46.84000015258789,46.494998931884766,46.84000015258789,55
2023-04-18,GAGH.MI,46.459999084472656,46.84000015258789,46.459999084472656,46.84000015258789,4
2023-04-19,GAGH.MI,46.435001373291016,46.84000015258789,46.3849983215332,46.84000015258789,199
2023-04-20,GAGH.MI,46.48500061035156,46.84000015258789,46.435001373291016,46.84000015258789,2191
2023-04-21,GAGH.MI,46.529998779296875,46.84000015258789,46.494998931884766,46.84000015258789,266
2023-04-24,GAGH.MI,46.55500030517578,46.84000015258789,46.505001068115234,46.84000015258789,138
2023-04-25,GAGH.MI,46.689998626708984,47.09000015258789,46.654998779296875,46.84000015258789,4928
2023-04-26,GAGH.MI,46.84000015258789,46.84000015258789,46.84000015258789,46.84000015258789,0
2023-04-27,GAGH.MI,46.84000015258789,46.84000015258789,46.84000015258789,46.84000015258789,0
2023-04-28,GAGH.MI,46.98500061035156,46.98500061035156,46.709999084472656,46.84000015258789,862
2023-05-02,GAGH.MI,46.66999816894531,46.84000015258789,46.584999084472656,46.84000015258789,117
2023-05-03,GAGH.MI,46.915000915527344,46.915000915527344,46.81999969482422,46.84000015258789,199
2023-05-04,GAGH.MI,47.27000045776367,47.27000045776367,46.84000015258789,46.84000015258789,162
2023-05-05,GAGH.MI,46.8650016784668,46.880001068115234,46.76499938964844,46.84000015258789,509
2023-05-08,GAGH.MI,46.744998931884766,46.84000015258789,46.69499969482422,46.84000015258789,169
2023-05-09,GAGH.MI,46.72999954223633,46.84000015258789,46.665000915527344,46.84000015258789,378
2023-05-10,GAGH.MI,46.79999923706055,46.84000015258789,46.755001068115234,46.84000015258789,389
2023-05-11,GAGH.MI,47.029998779296875,47.029998779296875,46.84000015258789,46.84000015258789,105
2023-05-12,GAGH.MI,46.97999954223633,46.994998931884766,46.84000015258789,46.84000015258789,397
2023-05-15,GAGH.MI,46.7599983215332,46.84000015258789,46.70000076293945,46.84000015258789,391
2023-05-16,GAGH.MI,46.689998626708984,46.84000015258789,46.650001525878906,46.84000015258789,136
2023-05-17,GAGH.MI,46.88999938964844,46.88999938964844,46.599998474121094,46.625,1734
2023-05-18,GAGH.MI,46.5,46.5,46.45000076293945,46.474998474121094,41
2023-05-19,GAGH.MI,46.474998474121094,46.474998474121094,46.474998474121094,46.474998474121094,0
2023-05-22,GAGH.MI,46.345001220703125,46.345001220703125,46.29999923706055,46.32500076293945,347
2023-05-23,GAGH.MI,46.220001220703125,46.494998931884766,46.16999816894531,46.27000045776367,307
2023-05-24,GAGH.MI,46.314998626708984,46.314998626708984,46.27000045776367,46.275001525878906,35
2023-05-25,GAGH.MI,46.13999938964844,46.150001525878906,46.125,46.150001525878906,121
2023-05-26,GAGH.MI,46.084999084472656,46.084999084472656,46.025001525878906,46.04999923706055,617
2023-05-29,GAGH.MI,46.04999923706055,46.04999923706055,46.04999923706055,46.04999923706055,0
2023-05-30,GAGH.MI,46.279998779296875,46.279998779296875,46.130001068115234,46.244998931884766,277
2023-05-31,GAGH.MI,46.625,46.625,46.40999984741211,46.40999984741211,644
2023-06-01,GAGH.MI,46.439998626708984,46.98500061035156,46.40999984741211,46.40999984741211,1008
2023-06-02,GAGH.MI,46.529998779296875,46.529998779296875,46.439998626708984,46.47999954223633,111
2023-06-05,GAGH.MI,46.31999969482422,46.36000061035156,46.279998779296875,46.36000061035156,202
2023-06-06,GAGH.MI,46.3849983215332,46.3849983215332,46.32500076293945,46.36000061035156,89
2023-06-07,GAGH.MI,46.38999938964844,46.404998779296875,46.26499938964844,46.26499938964844,698
2023-06-08,GAGH.MI,46.334999084472656,46.334999084472656,46.30500030517578,46.30500030517578,37
2023-06-09,GAGH.MI,46.30500030517578,46.30500030517578,46.30500030517578,46.30500030517578,0
2023-06-12,GAGH.MI,46.400001525878906,46.400001525878906,46.349998474121094,46.38999938964844,95
2023-06-13,GAGH.MI,46.39500045776367,46.400001525878906,46.345001220703125,46.400001525878906,839
2023-06-14,GAGH.MI,46.33000183105469,46.4900016784668,46.33000183105469,46.4900016784668,6467
2023-06-15,GAGH.MI,46.30500030517578,46.30500030517578,46.30500030517578,46.30500030517578,8
2023-06-16,GAGH.MI,46.33000183105469,46.380001068115234,46.275001525878906,46.380001068115234,387
2023-06-19,GAGH.MI,46.279998779296875,46.310001373291016,46.279998779296875,46.310001373291016,47
2023-06-20,GAGH.MI,46.435001373291016,46.44499969482422,46.38999938964844,46.44499969482422,133
2023-06-21,GAGH.MI,46.35499954223633,46.39500045776367,46.35499954223633,46.39500045776367,63
2023-06-22,GAGH.MI,46.349998474121094,46.349998474121094,46.32500076293945,46.32500076293945,71
2023-06-23,GAGH.MI,46.665000915527344,46.665000915527344,46.45500183105469,46.45500183105469,582
2023-06-26,GAGH.MI,46.525001525878906,46.54499816894531,46.45500183105469,46.54499816894531,462
2023-06-27,GAGH.MI,46.59000015258789,46.59000015258789,46.474998474121094,46.474998474121094,141
2023-06-28,GAGH.MI,46.505001068115234,46.5099983215332,46.415000915527344,46.4900016784668,308
2023-06-29,GAGH.MI,46.369998931884766,46.38999938964844,46.255001068115234,46.32500076293945,260
2023-06-30,GAGH.MI,46.47999954223633,46.47999954223633,46.28499984741211,46.35499954223633,150
2023-07-03,GAGH.MI,46.380001068115234,46.68000030517578,46.380001068115234,46.459999084472656,378
2023-07-04,GAGH.MI,46.279998779296875,46.279998779296875,46.279998779296875,46.279998779296875,3
2023-07-05,GAGH.MI,46.32500076293945,46.32500076293945,46.275001525878906,46.275001525878906,312
2023-07-06,GAGH.MI,46.27000045776367,46.27000045776367,45.95500183105469,45.95500183105469,238
2023-07-07,GAGH.MI,45.91999816894531,45.92499923706055,45.880001068115234,45.92499923706055,617
2023-07-10,GAGH.MI,45.90999984741211,45.90999984741211,45.86000061035156,45.900001525878906,518
2023-07-11,GAGH.MI,45.95500183105469,45.95500183105469,45.90999984741211,45.935001373291016,315
2023-07-12,GAGH.MI,46.02000045776367,46.224998474121094,46.0099983215332,46.224998474121094,1769
2023-07-13,GAGH.MI,46.28499984741211,46.439998626708984,46.275001525878906,46.33000183105469,3732
2023-07-14,GAGH.MI,46.3650016784668,46.459999084472656,46.32500076293945,46.380001068115234,1672
2023-07-17,GAGH.MI,46.38999938964844,46.41999816894531,46.35499954223633,46.375,679
2023-07-18,GAGH.MI,46.38999938964844,46.51499938964844,46.38999938964844,46.459999084472656,1339
2023-07-19,GAGH.MI,46.529998779296875,46.57500076293945,46.51499938964844,46.51499938964844,620
2023-07-20,GAGH.MI,46.47999954223633,46.5099983215332,46.39500045776367,46.39500045776367,3175
2023-07-21,GAGH.MI,46.38999938964844,46.52000045776367,46.38999938964844,46.47999954223633,889
2023-07-24,GAGH.MI,46.5,46.65999984741211,46.45000076293945,46.4900016784668,6634
2023-07-25,GAGH.MI,46.38999938964844,46.400001525878906,46.3650016784668,46.400001525878906,161
2023-07-26,GAGH.MI,46.38999938964844,46.709999084472656,46.35499954223633,46.3849983215332,5555
2023-07-27,GAGH.MI,46.59000015258789,46.59000015258789,46.44499969482422,46.459999084472656,261
2023-07-28,GAGH.MI,46.34000015258789,46.41999816894531,46.33000183105469,46.33000183105469,918
2023-07-31,GAGH.MI,46.560001373291016,46.560001373291016,46.25,46.32500076293945,396
2023-08-01,GAGH.MI,46.459999084472656,46.54999923706055,46.15999984741211,46.15999984741211,853
2023-08-02,GAGH.MI,46.119998931884766,46.119998931884766,46.10499954223633,46.10499954223633,65
2023-08-03,GAGH.MI,45.95000076293945,45.95000076293945,45.915000915527344,45.94499969482422,169
2023-08-04,GAGH.MI,46.03499984741211,46.04999923706055,46.0,46.04999923706055,160
2023-08-07,GAGH.MI,46.09000015258789,46.095001220703125,46.09000015258789,46.095001220703125,195
2023-08-08,GAGH.MI,46.30500030517578,46.30500030517578,46.27000045776367,46.275001525878906,269
2023-08-09,GAGH.MI,46.28499984741211,46.310001373291016,46.165000915527344,46.310001373291016,4008
2023-08-10,GAGH.MI,46.2400016784668,46.34000015258789,46.2400016784668,46.26499938964844,567
2023-08-11,GAGH.MI,46.1349983215332,46.1349983215332,45.98500061035156,46.04499816894531,3930
2023-08-14,GAGH.MI,45.970001220703125,45.970001220703125,45.849998474121094,45.904998779296875,202
2023-08-16,GAGH.MI,45.845001220703125,45.845001220703125,45.79999923706055,45.845001220703125,216
2023-08-17,GAGH.MI,45.73500061035156,45.75,45.650001525878906,45.650001525878906,748
2023-08-18,GAGH.MI,45.78499984741211,45.78499984741211,45.70000076293945,45.7400016784668,471
2023-08-21,GAGH.MI,45.65999984741211,45.65999984741211,45.564998626708984,45.564998626708984,2165
2023-08-22,GAGH.MI,45.55500030517578,45.6349983215332,45.55500030517578,45.599998474121094,1799
2023-08-23,GAGH.MI,45.904998779296875,45.904998779296875,45.79499816894531,45.869998931884766,160
2023-08-24,GAGH.MI,45.915000915527344,45.915000915527344,45.869998931884766,45.90999984741211,84
2023-08-25,GAGH.MI,45.875,45.875,45.814998626708984,45.81999969482422,198
2023-08-28,GAGH.MI,45.849998474121094,45.88999938964844,45.845001220703125,45.845001220703125,541
2023-08-29,GAGH.MI,45.93000030517578,45.98500061035156,45.83000183105469,45.970001220703125,642
2023-08-30,GAGH.MI,45.95500183105469,46.025001525878906,45.95500183105469,46.0,1801
2023-08-31,GAGH.MI,46.275001525878906,46.275001525878906,46.03499984741211,46.1349983215332,174
2023-09-01,GAGH.MI,46.125,46.125,45.939998626708984,46.0099983215332,421
2023-09-04,GAGH.MI,45.95500183105469,46.040000915527344,45.95000076293945,46.0,2421
2023-09-05,GAGH.MI,45.97999954223633,45.9900016784668,45.900001525878906,45.939998626708984,772
2023-09-06,GAGH.MI,45.83000183105469,45.849998474121094,45.724998474121094,45.78499984741211,2594
2023-09-07,GAGH.MI,45.81999969482422,45.81999969482422,45.7599983215332,45.790000915527344,103
2023-09-08,GAGH.MI,45.8849983215332,45.9900016784668,45.875,45.9900016784668,45356
2023-09-11,GAGH.MI,45.79999923706055,45.81999969482422,45.650001525878906,45.79499816894531,4713
2023-09-12,GAGH.MI,45.775001525878906,45.814998626708984,45.70000076293945,45.70000076293945,294
2023-09-13,GAGH.MI,45.810001373291016,45.810001373291016,45.7400016784668,45.78499984741211,6078
2023-09-14,GAGH.MI,45.834999084472656,45.880001068115234,45.834999084472656,45.8650016784668,2885
2023-09-15,GAGH.MI,45.790000915527344,45.80500030517578,45.7400016784668,45.79999923706055,248
2023-09-18,GAGH.MI,45.75,45.75,45.685001373291016,45.7400016784668,1000
2023-09-19,GAGH.MI,45.685001373291016,45.685001373291016,45.66999816894531,45.66999816894531,362
2023-09-20,GAGH.MI,45.67499923706055,45.744998931884766,45.67499923706055,45.70500183105469,9758
2023-09-21,GAGH.MI,45.58000183105469,45.58000183105469,45.41999816894531,45.459999084472656,3817
2023-09-22,GAGH.MI,45.57500076293945,45.709999084472656,45.46500015258789,45.54499816894531,16368
2023-09-25,GAGH.MI,45.529998779296875,45.58000183105469,45.29999923706055,45.45500183105469,1308
2023-09-26,GAGH.MI,45.45500183105469,45.45500183105469,45.279998779296875,45.375,37
2023-09-27,GAGH.MI,45.349998474121094,45.36000061035156,45.28499984741211,45.28499984741211,753
2023-09-28,GAGH.MI,45.1349983215332,45.1349983215332,44.88999938964844,45.08000183105469,3830
2023-09-29,GAGH.MI,45.209999084472656,45.39500045776367,45.19499969482422,45.255001068115234,3042
2023-10-02,GAGH.MI,45.15999984741211,45.35499954223633,45.06999969482422,45.08000183105469,1778
2023-10-03,GAGH.MI,44.95500183105469,45.025001525878906,44.880001068115234,44.94499969482422,1870
2023-10-04,GAGH.MI,44.755001068115234,44.875,44.744998931884766,44.875,3038
2023-10-05,GAGH.MI,44.90999984741211,44.90999984741211,44.85499954223633,44.875,87
2023-10-06,GAGH.MI,44.775001525878906,44.79999923706055,44.720001220703125,44.79999923706055,1567
2023-10-09,GAGH.MI,44.775001525878906,45.0099983215332,44.775001525878906,45.0099983215332,346
2023-10-10,GAGH.MI,45.08000183105469,45.224998474121094,45.03499984741211,45.224998474121094,303
2023-10-11,GAGH.MI,45.290000915527344,45.334999084472656,45.2400016784668,45.334999084472656,503
2023-10-12,GAGH.MI,45.290000915527344,45.290000915527344,45.185001373291016,45.185001373291016,522
2023-10-13,GAGH.MI,45.189998626708984,45.220001220703125,45.189998626708984,45.20500183105469,912
2023-10-16,GAGH.MI,45.1150016784668,45.150001525878906,45.08000183105469,45.13999938964844,2952
2023-10-17,GAGH.MI,45.06999969482422,45.06999969482422,44.78499984741211,44.84000015258789,3239
2023-10-18,GAGH.MI,44.81999969482422,44.81999969482422,44.70000076293945,44.70000076293945,249
2023-10-19,GAGH.MI,44.70000076293945,44.70000076293945,44.70000076293945,44.70000076293945,0
2023-10-20,GAGH.MI,44.70500183105469,44.71500015258789,44.654998779296875,44.70500183105469,359
2023-10-23,GAGH.MI,44.630001068115234,44.73500061035156,44.529998779296875,44.73500061035156,910
2023-10-24,GAGH.MI,45.025001525878906,45.025001525878906,44.665000915527344,44.7400016784668,681
2023-10-25,GAGH.MI,44.724998474121094,44.73500061035156,44.685001373291016,44.685001373291016,334
2023-10-26,GAGH.MI,44.744998931884766,44.744998931884766,44.70000076293945,44.720001220703125,413
2023-10-27,GAGH.MI,44.82500076293945,44.82500076293945,44.775001525878906,44.78499984741211,354
2023-10-30,GAGH.MI,44.90999984741211,44.92499923706055,44.71500015258789,44.755001068115234,6265
2023-10-31,GAGH.MI,44.8650016784668,44.880001068115234,44.76499938964844,44.79499816894531,724
2023-11-01,GAGH.MI,44.75,45.025001525878906,44.75,44.9900016784668,5457
2023-11-02,GAGH.MI,45.22999954223633,45.2400016784668,45.16999816894531,45.16999816894531,744
2023-11-03,GAGH.MI,45.3849983215332,45.39500045776367,45.349998474121094,45.380001068115234,466
2023-11-06,GAGH.MI,45.29999923706055,45.29999923706055,45.2400016784668,45.2599983215332,298
2023-11-07,GAGH.MI,45.369998931884766,45.380001068115234,45.31999969482422,45.3650016784668,254
2023-11-08,GAGH.MI,45.439998626708984,45.54499816894531,45.439998626708984,45.54499816894531,2741
2023-11-09,GAGH.MI,45.540000915527344,45.625,45.470001220703125,45.529998779296875,6370
2023-11-10,GAGH.MI,45.525001525878906,45.525001525878906,45.349998474121094,45.43000030517578,2063
2023-11-13,GAGH.MI,45.34000015258789,45.3650016784668,45.290000915527344,45.3650016784668,464
2023-11-14,GAGH.MI,45.38999938964844,45.810001373291016,45.38999938964844,45.790000915527344,3684
2023-11-15,GAGH.MI,45.814998626708984,45.814998626708984,45.564998626708984,45.685001373291016,6899
2023-11-16,GAGH.MI,45.724998474121094,45.904998779296875,45.724998474121094,45.84000015258789,6697
2023-11-17,GAGH.MI,45.974998474121094,45.974998474121094,45.849998474121094,45.89500045776367,721
2023-11-20,GAGH.MI,45.86000061035156,45.89500045776367,45.790000915527344,45.85499954223633,2339
2023-11-21,GAGH.MI,46.064998626708984,46.064998626708984,46.0,46.03499984741211,5961
2023-11-22,GAGH.MI,46.06999969482422,46.084999084472656,45.98500061035156,45.98500061035156,1380
2023-11-23,GAGH.MI,45.959999084472656,45.970001220703125,45.900001525878906,45.91999816894531,1991
2023-11-24,GAGH.MI,45.845001220703125,45.95500183105469,45.79999923706055,45.81999969482422,1322
2023-11-27,GAGH.MI,45.939998626708984,45.939998626708984,45.880001068115234,45.93000030517578,707
2023-11-28,GAGH.MI,45.959999084472656,46.13999938964844,45.959999084472656,46.125,4151
2023-11-29,GAGH.MI,46.2400016784668,46.334999084472656,46.2400016784668,46.310001373291016,892
2023-11-30,GAGH.MI,46.310001373291016,46.310001373291016,46.125,46.275001525878906,202
2023-12-01,GAGH.MI,46.310001373291016,46.51499938964844,46.26499938964844,46.5099983215332,196
2023-12-04,GAGH.MI,46.474998474121094,46.474998474121094,46.45000076293945,46.46500015258789,405
2023-12-05,GAGH.MI,46.654998779296875,46.685001373291016,46.584999084472656,46.685001373291016,54
2023-12-06,GAGH.MI,46.61000061035156,46.77000045776367,46.564998626708984,46.77000045776367,7747
2023-12-07,GAGH.MI,46.76499938964844,46.845001220703125,46.654998779296875,46.845001220703125,4760
2023-12-08,GAGH.MI,46.72999954223633,46.72999954223633,46.48500061035156,46.54999923706055,10432
2023-12-11,GAGH.MI,46.5,46.64500045776367,46.459999084472656,46.54999923706055,8877
2023-12-12,GAGH.MI,46.595001220703125,46.6150016784668,46.52000045776367,46.540000915527344,895
2023-12-13,GAGH.MI,46.6349983215332,46.73500061035156,46.6349983215332,46.73500061035156,8928
2023-12-14,GAGH.MI,47.28499984741211,47.31999969482422,47.130001068115234,47.29999923706055,5313
2023-12-15,GAGH.MI,47.314998626708984,47.560001373291016,47.244998931884766,47.43000030517578,7792
2023-12-18,GAGH.MI,47.3849983215332,47.41999816894531,47.26499938964844,47.290000915527344,5590
2023-12-19,GAGH.MI,47.380001068115234,47.380001068115234,47.314998626708984,47.3650016784668,242
2023-12-20,GAGH.MI,47.540000915527344,47.540000915527344,47.459999084472656,47.459999084472656,467
2023-12-21,GAGH.MI,47.54999923706055,47.650001525878906,47.54999923706055,47.625,1373
2023-12-22,GAGH.MI,47.6150016784668,47.6150016784668,47.564998626708984,47.57500076293945,314
2023-12-27,GAGH.MI,47.654998779296875,47.665000915527344,47.599998474121094,47.665000915527344,55
2023-12-28,GAGH.MI,47.71500015258789,47.71500015258789,47.66999816894531,47.70000076293945,626
2023-12-29,GAGH.MI,47.63999938964844,47.70000076293945,47.439998626708984,47.51499938964844,2900
2024-01-02,GAGH.MI,47.5099983215332,47.689998626708984,47.42499923706055,47.474998474121094,673
2024-01-03,GAGH.MI,47.32500076293945,47.41999816894531,47.220001220703125,47.310001373291016,1691
2024-01-04,GAGH.MI,47.29499816894531,47.474998474121094,47.125,47.209999084472656,8679
2024-01-05,GAGH.MI,47.130001068115234,47.209999084472656,47.03499984741211,47.209999084472656,6287
2024-01-08,GAGH.MI,47.154998779296875,47.255001068115234,47.125,47.255001068115234,475
2024-01-09,GAGH.MI,47.1150016784668,47.209999084472656,47.1150016784668,47.18000030517578,193
2024-01-10,GAGH.MI,47.209999084472656,47.224998474121094,47.154998779296875,47.20000076293945,1227
2024-01-11,GAGH.MI,47.314998626708984,47.314998626708984,47.17499923706055,47.18000030517578,694
2024-01-12,GAGH.MI,47.46500015258789,47.474998474121094,47.380001068115234,47.39500045776367,549
2024-01-15,GAGH.MI,47.34000015258789,47.3650016784668,47.28499984741211,47.3650016784668,1075
2024-01-16,GAGH.MI,47.314998626708984,47.314998626708984,47.20500183105469,47.224998474121094,1236
2024-01-17,GAGH.MI,47.10499954223633,47.10499954223633,46.93000030517578,47.05500030517578,4788
2024-01-18,GAGH.MI,47.0099983215332,47.119998931884766,46.91999816894531,47.119998931884766,13504
2024-01-19,GAGH.MI,46.8849983215332,47.095001220703125,46.8650016784668,46.959999084472656,12740
2024-01-22,GAGH.MI,46.959999084472656,47.095001220703125,46.95000076293945,47.08000183105469,2892
2024-01-23,GAGH.MI,46.935001373291016,47.05500030517578,46.845001220703125,46.845001220703125,2581
2024-01-24,GAGH.MI,46.95000076293945,47.18000030517578,46.93000030517578,47.0,399
2024-01-25,GAGH.MI,47.14500045776367,47.14500045776367,47.02000045776367,47.04499816894531,839
2024-01-26,GAGH.MI,47.154998779296875,47.165000915527344,47.084999084472656,47.084999084472656,1152
2024-01-29,GAGH.MI,47.16999816894531,47.19499969482422,47.099998474121094,47.11000061035156,708
2024-01-30,GAGH.MI,47.2400016784668,47.2400016784668,47.06999969482422,47.119998931884766,954
2024-01-31,GAGH.MI,47.42499923706055,47.42499923706055,47.29499816894531,47.380001068115234,358
2024-02-01,GAGH.MI,47.435001373291016,47.56999969482422,47.38999938964844,47.54499816894531,384
2024-02-02,GAGH.MI,47.3650016784668,47.3650016784668,47.244998931884766,47.244998931884766,2647
2024-02-05,GAGH.MI,47.1150016784668,47.125,47.029998779296875,47.029998779296875,436
2024-02-06,GAGH.MI,47.099998474121094,47.10499954223633,46.970001220703125,47.099998474121094,4979
2024-02-07,GAGH.MI,47.16999816894531,47.16999816894531,47.09000015258789,47.095001220703125,561
2024-02-08,GAGH.MI,46.94499969482422,46.970001220703125,46.88999938964844,46.970001220703125,627
2024-02-09,GAGH.MI,46.92499923706055,46.97999954223633,46.685001373291016,46.8650016784668,493
2024-02-12,GAGH.MI,47.025001525878906,47.025001525878906,46.89500045776367,46.91999816894531,1197
2024-02-13,GAGH.MI,46.81999969482422,46.83000183105469,46.72999954223633,46.72999954223633,742
2024-02-14,GAGH.MI,46.790000915527344,46.814998626708984,46.720001220703125,46.814998626708984,559
2024-02-15,GAGH.MI,46.974998474121094,46.9900016784668,46.779998779296875,46.88999938964844,981
2024-02-16,GAGH.MI,46.97999954223633,46.97999954223633,46.72999954223633,46.814998626708984,1319
2024-02-19,GAGH.MI,46.84000015258789,46.845001220703125,46.78499984741211,46.845001220703125,706
2024-02-20,GAGH.MI,46.869998931884766,46.88999938964844,46.75,46.8650016784668,559
2024-02-21,GAGH.MI,46.89500045776367,46.89500045776367,46.80500030517578,46.80500030517578,536
2024-02-22,GAGH.MI,47.275001525878906,47.275001525878906,46.79499816894531,46.814998626708984,916
2024-02-23,GAGH.MI,46.86000061035156,46.900001525878906,46.81999969482422,46.900001525878906,2576
2024-02-26,GAGH.MI,46.974998474121094,47.0099983215332,46.875,46.875,3231
2024-02-27,GAGH.MI,46.88999938964844,46.88999938964844,46.834999084472656,46.88999938964844,706
2024-02-28,GAGH.MI,46.939998626708984,46.939998626708984,46.79499816894531,46.834999084472656,392
2024-02-29,GAGH.MI,46.834999084472656,47.05500030517578,46.834999084472656,47.05500030517578,2268
2024-03-01,GAGH.MI,47.0099983215332,47.40999984741211,46.84000015258789,47.060001373291016,688
2024-03-04,GAGH.MI,47.01499938964844,47.025001525878906,46.959999084472656,47.025001525878906,340
2024-03-05,GAGH.MI,47.09000015258789,47.20500183105469,47.09000015258789,47.154998779296875,818
2024-03-06,GAGH.MI,47.3849983215332,47.3849983215332,47.23500061035156,47.2400016784668,321
2024-03-07,GAGH.MI,47.255001068115234,47.33000183105469,47.220001220703125,47.279998779296875,10368
2024-03-08,GAGH.MI,47.28499984741211,47.40999984741211,47.255001068115234,47.349998474121094,1715
2024-03-11,GAGH.MI,47.415000915527344,47.720001220703125,47.28499984741211,47.28499984741211,5313
2024-03-12,GAGH.MI,47.209999084472656,47.220001220703125,47.15999984741211,47.20500183105469,1028
2024-03-13,GAGH.MI,47.19499969482422,47.19499969482422,47.14500045776367,47.19499969482422,4571
2024-03-14,GAGH.MI,47.150001525878906,47.15999984741211,46.935001373291016,46.9900016784668,1150
2024-03-15,GAGH.MI,46.91999816894531,46.94499969482422,46.880001068115234,46.94499969482422,1159
2024-03-18,GAGH.MI,46.935001373291016,46.935001373291016,46.869998931884766,46.880001068115234,1689
2024-03-19,GAGH.MI,46.9900016784668,46.9900016784668,46.88999938964844,46.88999938964844,1482
2024-03-20,GAGH.MI,47.060001373291016,47.064998626708984,46.9900016784668,47.060001373291016,1802
2024-03-21,GAGH.MI,47.09000015258789,47.119998931884766,47.040000915527344,47.119998931884766,985
2024-03-22,GAGH.MI,47.15999984741211,47.2400016784668,47.15999984741211,47.209999084472656,531
2024-03-25,GAGH.MI,47.209999084472656,47.209999084472656,47.08000183105469,47.119998931884766,644
2024-03-26,GAGH.MI,47.130001068115234,47.130001068115234,47.095001220703125,47.1150016784668,455
2024-03-27,GAGH.MI,47.25,47.255001068115234,47.21500015258789,47.25,1655
2024-03-28,GAGH.MI,47.2400016784668,47.28499984741211,47.2400016784668,47.28499984741211,53
2024-04-02,GAGH.MI,46.935001373291016,47.064998626708984,46.72999954223633,46.95500183105469,960
2024-04-03,GAGH.MI,46.90999984741211,47.35499954223633,46.790000915527344,46.880001068115234,5169
2024-04-04,GAGH.MI,46.959999084472656,47.26499938964844,46.939998626708984,47.0099983215332,5870
2024-04-05,GAGH.MI,47.04499816894531,47.04499816894531,46.8650016784668,46.91999816894531,3081
2024-04-08,GAGH.MI,46.82500076293945,46.904998779296875,46.79499816894531,46.79499816894531,1456
2024-04-09,GAGH.MI,46.95000076293945,47.029998779296875,46.95000076293945,47.029998779296875,420
2024-04-10,GAGH.MI,46.84000015258789,46.869998931884766,46.72999954223633,46.7599983215332,1570
2024-04-11,GAGH.MI,46.7599983215332,46.7599983215332,46.56999969482422,46.56999969482422,143
2024-04-12,GAGH.MI,46.83000183105469,46.83000183105469,46.7599983215332,46.80500030517578,678
2024-04-15,GAGH.MI,46.54999923706055,46.55500030517578,46.474998474121094,46.525001525878906,1721
2024-04-16,GAGH.MI,46.435001373291016,46.435001373291016,46.435001373291016,46.435001373291016,96
2024-04-17,GAGH.MI,46.439998626708984,46.5,46.43000030517578,46.47999954223633,699
2024-04-18,GAGH.MI,46.51499938964844,46.51499938964844,46.47999954223633,46.5099983215332,218
2024-04-19,GAGH.MI,46.540000915527344,46.540000915527344,46.470001220703125,46.5,362
2024-04-22,GAGH.MI,46.5099983215332,46.5099983215332,46.474998474121094,46.505001068115234,371
2024-04-23,GAGH.MI,46.57500076293945,46.57500076293945,46.505001068115234,46.52000045776367,214
2024-04-24,GAGH.MI,46.51499938964844,46.525001525878906,46.369998931884766,46.3849983215332,1696
2024-04-25,GAGH.MI,46.26499938964844,46.29999923706055,46.19499969482422,46.29999923706055,514
2024-04-26,GAGH.MI,46.290000915527344,46.435001373291016,46.28499984741211,46.43000030517578,10772
2024-04-29,GAGH.MI,46.404998779296875,46.54999923706055,46.375,46.459999084472656,3432
2024-04-30,GAGH.MI,46.44499969482422,46.47999954223633,46.345001220703125,46.38999938964844,1285
2024-05-02,GAGH.MI,46.55500030517578,46.685001373291016,46.46500015258789,46.685001373291016,4367
2024-05-03,GAGH.MI,46.685001373291016,46.834999084472656,46.595001220703125,46.75,17357
2024-05-06,GAGH.MI,46.79499816894531,46.810001373291016,46.7599983215332,46.7599983215332,10521
2024-05-07,GAGH.MI,46.86000061035156,46.92499923706055,46.86000061035156,46.8650016784668,282
2024-05-08,GAGH.MI,46.810001373291016,46.83000183105469,46.78499984741211,46.790000915527344,2168
2024-05-09,GAGH.MI,46.779998779296875,46.790000915527344,46.72999954223633,46.790000915527344,258
2024-05-10,GAGH.MI,46.849998474121094,46.849998474121094,46.755001068115234,46.755001068115234,591
2024-05-13,GAGH.MI,46.790000915527344,46.810001373291016,46.75,46.75,497
2024-05-14,GAGH.MI,46.73500061035156,46.744998931884766,46.654998779296875,46.654998779296875,1020
2024-05-15,GAGH.MI,46.869998931884766,47.11000061035156,46.869998931884766,47.11000061035156,2516
2024-05-16,GAGH.MI,47.119998931884766,47.13999938964844,46.9900016784668,47.01499938964844,2239
2024-05-17,GAGH.MI,46.95000076293945,46.95000076293945,46.90999984741211,46.95000076293945,657
2024-05-20,GAGH.MI,46.880001068115234,46.880001068115234,46.85499954223633,46.85499954223633,218
2024-05-21,GAGH.MI,46.94499969482422,46.94499969482422,46.875,46.875,680
2024-05-22,GAGH.MI,46.869998931884766,46.875,46.83000183105469,46.86000061035156,553
2024-05-23,GAGH.MI,46.834999084472656,47.04499816894531,46.685001373291016,46.71500015258789,9656
2024-05-24,GAGH.MI,46.71500015258789,46.71500015258789,46.71500015258789,46.71500015258789,0
2024-05-27,GAGH.MI,46.845001220703125,46.845001220703125,46.79499816894531,46.814998626708984,302
2024-05-28,GAGH.MI,46.849998474121094,46.85499954223633,46.75,46.75,2087
2024-05-29,GAGH.MI,46.584999084472656,46.584999084472656,46.4900016784668,46.4900016784668,831
2024-05-30,GAGH.MI,46.54999923706055,46.6349983215332,46.54999923706055,46.6349983215332,619
2024-05-31,GAGH.MI,46.6349983215332,46.6349983215332,46.6349983215332,46.6349983215332,0
2024-06-03,GAGH.MI,46.77000045776367,46.970001220703125,46.77000045776367,46.90999984741211,1824
2024-06-04,GAGH.MI,46.959999084472656,47.04499816894531,46.92499923706055,47.01499938964844,7059
2024-06-05,GAGH.MI,46.994998931884766,47.33000183105469,46.974998474121094,47.099998474121094,1168
2024-06-06,GAGH.MI,47.099998474121094,47.119998931884766,47.04499816894531,47.09000015258789,419
2024-06-07,GAGH.MI,46.88999938964844,46.89500045776367,46.81999969482422,46.89500045776367,446
2024-06-10,GAGH.MI,46.82500076293945,46.82500076293945,46.779998779296875,46.78499984741211,121
2024-06-11,GAGH.MI,46.86000061035156,46.8650016784668,46.81999969482422,46.81999969482422,371
2024-06-12,GAGH.MI,47.19499969482422,47.19499969482422,47.17499923706055,47.17499923706055,95
2024-06-13,GAGH.MI,47.060001373291016,47.17499923706055,47.060001373291016,47.17499923706055,166
2024-06-14,GAGH.MI,47.369998931884766,47.369998931884766,47.28499984741211,47.34000015258789,157
2024-06-17,GAGH.MI,47.34000015258789,47.34000015258789,47.165000915527344,47.20500183105469,1033
2024-06-18,GAGH.MI,47.20500183105469,47.28499984741211,47.20500183105469,47.2599983215332,957
2024-06-19,GAGH.MI,47.31999969482422,47.31999969482422,47.2599983215332,47.27000045776367,309
2024-06-20,GAGH.MI,47.220001220703125,47.220001220703125,47.19499969482422,47.220001220703125,263
2024-06-21,GAGH.MI,47.310001373291016,47.310001373291016,47.220001220703125,47.220001220703125,70
2024-06-24,GAGH.MI,47.26499938964844,47.26499938964844,47.224998474121094,47.224998474121094,143
2024-06-25,GAGH.MI,47.28499984741211,47.28499984741211,47.20500183105469,47.244998931884766,229
2024-06-26,GAGH.MI,47.165000915527344,47.165000915527344,47.099998474121094,47.099998474121094,309
2024-06-27,GAGH.MI,47.13999938964844,47.154998779296875,47.03499984741211,47.1150016784668,1044
2024-06-28,GAGH.MI,47.18000030517578,47.334999084472656,47.04999923706055,47.064998626708984,672
2024-07-01,GAGH.MI,46.959999084472656,46.994998931884766,46.85499954223633,46.85499954223633,3497
2024-07-02,GAGH.MI,46.974998474121094,46.974998474121094,46.83000183105469,46.83000183105469,228
2024-07-03,GAGH.MI,46.90999984741211,47.09000015258789,46.89500045776367,47.09000015258789,4470
2024-07-04,GAGH.MI,47.03499984741211,47.084999084472656,47.03499984741211,47.040000915527344,7566
2024-07-05,GAGH.MI,47.08000183105469,47.275001525878906,47.08000183105469,47.275001525878906,10680
2024-07-08,GAGH.MI,47.20000076293945,47.26499938964844,47.20000076293945,47.224998474121094,3583
2024-07-09,GAGH.MI,47.22999954223633,47.22999954223633,47.125,47.125,660
2024-07-10,GAGH.MI,47.29499816894531,47.29999923706055,47.224998474121094,47.224998474121094,651
2024-07-11,GAGH.MI,47.4900016784668,47.505001068115234,47.470001220703125,47.5,2323
2024-07-12,GAGH.MI,47.39500045776367,47.48500061035156,47.39500045776367,47.44499969482422,7219
2024-07-15,GAGH.MI,47.45000076293945,47.470001220703125,47.3849983215332,47.470001220703125,253
2024-07-16,GAGH.MI,47.505001068115234,47.5099983215332,47.459999084472656,47.474998474121094,673
2024-07-17,GAGH.MI,47.584999084472656,47.599998474121094,47.494998931884766,47.564998626708984,3892
2024-07-18,GAGH.MI,47.59000015258789,47.6150016784668,47.55500030517578,47.584999084472656,4946
2024-07-19,GAGH.MI,47.459999084472656,47.459999084472656,47.404998779296875,47.404998779296875,70
2024-07-22,GAGH.MI,47.494998931884766,47.505001068115234,47.470001220703125,47.470001220703125,733
2024-07-23,GAGH.MI,47.494998931884766,47.5,47.459999084472656,47.47999954223633,2055
2024-07-24,GAGH.MI,47.494998931884766,47.564998626708984,47.3650016784668,47.45000076293945,5046
2024-07-25,GAGH.MI,47.494998931884766,47.540000915527344,47.43000030517578,47.48500061035156,7012
2024-07-26,GAGH.MI,47.48500061035156,47.60499954223633,47.459999084472656,47.54999923706055,4798
2024-07-29,GAGH.MI,47.67499923706055,47.67499923706055,47.6150016784668,47.6150016784668,620
2024-07-30,GAGH.MI,47.685001373291016,47.685001373291016,47.57500076293945,47.64500045776367,321
2024-07-31,GAGH.MI,47.71500015258789,47.849998474121094,47.71500015258789,47.775001525878906,3459
2024-08-01,GAGH.MI,47.91999816894531,48.185001373291016,47.8650016784668,48.01499938964844,1712
2024-08-02,GAGH.MI,48.095001220703125,48.334999084472656,48.095001220703125,48.334999084472656,759
2024-08-05,GAGH.MI,48.54499816894531,48.625,48.310001373291016,48.310001373291016,15133
2024-08-06,GAGH.MI,48.21500015258789,48.290000915527344,48.10499954223633,48.10499954223633,6721
2024-08-07,GAGH.MI,48.07500076293945,48.08000183105469,48.03499984741211,48.040000915527344,5204
2024-08-08,GAGH.MI,48.14500045776367,48.14500045776367,47.959999084472656,47.9900016784668,250
2024-08-09,GAGH.MI,48.16999816894531,48.17499923706055,48.150001525878906,48.154998779296875,1156
2024-08-12,GAGH.MI,48.084999084472656,48.1349983215332,48.064998626708984,48.1150016784668,1571
2024-08-13,GAGH.MI,48.27000045776367,48.28499984741211,48.23500061035156,48.23500061035156,449
2024-08-14,GAGH.MI,48.275001525878906,48.3650016784668,48.275001525878906,48.3650016784668,2858
2024-08-16,GAGH.MI,48.22999954223633,48.22999954223633,48.14500045776367,48.18000030517578,10956
2024-08-19,GAGH.MI,48.185001373291016,48.349998474121094,48.185001373291016,48.27000045776367,1263
2024-08-20,GAGH.MI,48.32500076293945,48.404998779296875,48.32500076293945,48.39500045776367,3244
2024-08-21,GAGH.MI,48.404998779296875,48.435001373291016,48.3849983215332,48.435001373291016,2215
2024-08-22,GAGH.MI,48.404998779296875,48.630001068115234,48.28499984741211,48.29999923706055,2370
2024-08-23,GAGH.MI,48.345001220703125,48.4900016784668,48.345001220703125,48.4900016784668,738
2024-08-26,GAGH.MI,48.51499938964844,48.51499938964844,48.400001525878906,48.43000030517578,3282
2024-08-27,GAGH.MI,48.404998779296875,48.404998779296875,48.2599983215332,48.34000015258789,4026
2024-08-28,GAGH.MI,48.3650016784668,48.44499969482422,48.3650016784668,48.44499969482422,1501
2024-08-29,GAGH.MI,48.36000061035156,48.435001373291016,48.22999954223633,48.275001525878906,2469
2024-08-30,GAGH.MI,48.375,48.375,48.28499984741211,48.29499816894531,136
2024-09-02,GAGH.MI,48.150001525878906,48.18000030517578,48.130001068115234,48.18000030517578,1396
2024-09-03,GAGH.MI,48.21500015258789,48.45500183105469,48.189998626708984,48.349998474121094,3251
2024-09-04,GAGH.MI,48.5,48.560001373291016,48.5,48.54999923706055,1223
2024-09-05,GAGH.MI,48.59000015258789,48.685001373291016,48.560001373291016,48.595001220703125,2182
2024-09-06,GAGH.MI,48.85499954223633,48.85499954223633,48.630001068115234,48.755001068115234,3623
2024-09-09,GAGH.MI,48.584999084472656,48.720001220703125,48.584999084472656,48.720001220703125,1632
2024-09-10,GAGH.MI,48.69499969482422,48.78499984741211,48.69499969482422,48.78499984741211,226
2024-09-11,GAGH.MI,48.91999816894531,48.96500015258789,48.915000915527344,48.91999816894531,2040
2024-09-12,GAGH.MI,48.91999816894531,48.91999816894531,48.91999816894531,48.91999816894531,0
2024-09-13,GAGH.MI,48.875,48.94499969482422,48.875,48.94499969482422,306
2024-09-16,GAGH.MI,48.96500015258789,48.96500015258789,48.915000915527344,48.915000915527344,964
2024-09-17,GAGH.MI,49.099998474121094,49.099998474121094,48.869998931884766,48.869998931884766,766
2024-09-18,GAGH.MI,48.845001220703125,48.845001220703125,48.80500030517578,48.810001373291016,783
2024-09-19,GAGH.MI,48.834999084472656,48.849998474121094,48.775001525878906,48.79999923706055,1314
2024-09-20,GAGH.MI,48.77000045776367,48.77000045776367,48.709999084472656,48.709999084472656,2416
2024-09-23,GAGH.MI,48.84000015258789,48.84000015258789,48.75,48.75,776
2024-09-24,GAGH.MI,48.71500015258789,48.834999084472656,48.71500015258789,48.834999084472656,574
2024-09-25,GAGH.MI,48.78499984741211,48.78499984741211,48.724998474121094,48.76499938964844,92
2024-09-26,GAGH.MI,48.7599983215332,48.80500030517578,48.724998474121094,48.7400016784668,3594
2024-09-27,GAGH.MI,48.79999923706055,48.82500076293945,48.73500061035156,48.75,7139
2024-09-30,GAGH.MI,48.810001373291016,48.82500076293945,48.7400016784668,48.7400016784668,861
2024-10-01,GAGH.MI,48.79499816894531,49.025001525878906,48.78499984741211,48.93000030517578,3285
2024-10-02,GAGH.MI,48.72999954223633,48.779998779296875,48.685001373291016,48.779998779296875,12711
2024-10-03,GAGH.MI,48.779998779296875,48.790000915527344,48.64500045776367,48.72999954223633,255
2024-10-04,GAGH.MI,48.685001373291016,48.685001373291016,48.46500015258789,48.46500015258789,216
2024-10-07,GAGH.MI,48.404998779296875,48.404998779296875,48.334999084472656,48.334999084472656,102
2024-10-08,GAGH.MI,48.36000061035156,48.375,48.310001373291016,48.36000061035156,4871
2024-10-09,GAGH.MI,48.400001525878906,48.40999984741211,48.30500030517578,48.32500076293945,3322
2024-10-10,GAGH.MI,48.35499954223633,48.36000061035156,48.310001373291016,48.33000183105469,3844
2024-10-11,GAGH.MI,48.209999084472656,48.31999969482422,48.209999084472656,48.31999969482422,299
2024-10-14,GAGH.MI,48.279998779296875,48.279998779296875,48.220001220703125,48.25,1103
2024-10-15,GAGH.MI,48.34000015258789,48.43000030517578,48.34000015258789,48.35499954223633,5339
2024-10-16,GAGH.MI,48.53499984741211,48.540000915527344,48.48500061035156,48.529998779296875,198
2024-10-17,GAGH.MI,48.470001220703125,48.5,48.3849983215332,48.43000030517578,1108
2024-10-18,GAGH.MI,48.439998626708984,48.48500061035156,48.435001373291016,48.470001220703125,1065
2024-10-21,GAGH.MI,48.314998626708984,48.32500076293945,48.244998931884766,48.244998931884766,528
2024-10-22,GAGH.MI,48.130001068115234,48.334999084472656,48.130001068115234,48.334999084472656,5667
2024-10-23,GAGH.MI,48.1150016784668,48.130001068115234,48.04999923706055,48.04999923706055,1105
2024-10-24,GAGH.MI,48.154998779296875,48.255001068115234,48.099998474121094,48.185001373291016,2707
2024-10-25,GAGH.MI,48.25,48.2599983215332,48.18000030517578,48.21500015258789,21237
2024-10-28,GAGH.MI,48.02000045776367,48.224998474121094,48.02000045776367,48.04499816894531,6898
2024-10-29,GAGH.MI,47.994998931884766,48.1349983215332,47.939998626708984,47.959999084472656,10281
2024-10-30,GAGH.MI,48.15999984741211,48.16999816894531,48.0,48.05500030517578,6209
2024-10-31,GAGH.MI,48.02000045776367,48.03499984741211,47.904998779296875,48.03499984741211,4931
2024-11-01,GAGH.MI,48.02000045776367,48.04499816894531,47.95500183105469,47.95500183105469,1229
2024-11-04,GAGH.MI,48.029998779296875,48.13999938964844,48.0099983215332,48.029998779296875,417
2024-11-05,GAGH.MI,48.125,48.125,47.900001525878906,47.900001525878906,463
2024-11-06,GAGH.MI,47.900001525878906,47.900001525878906,47.900001525878906,47.900001525878906,0
2024-11-07,GAGH.MI,47.79499816894531,47.98500061035156,47.790000915527344,47.959999084472656,4681
2024-11-08,GAGH.MI,48.09000015258789,48.130001068115234,48.060001373291016,48.130001068115234,3654
2024-11-11,GAGH.MI,48.14500045776367,48.15999984741211,48.084999084472656,48.099998474121094,339
2024-11-12,GAGH.MI,48.095001220703125,48.1349983215332,47.89500045776367,47.89500045776367,2490
2024-11-13,GAGH.MI,47.915000915527344,48.099998474121094,47.90999984741211,47.95500183105469,3265
2024-11-14,GAGH.MI,47.89500045776367,48.060001373291016,47.8849983215332,48.060001373291016,3545
2024-11-15,GAGH.MI,47.90999984741211,48.040000915527344,47.82500076293945,47.8849983215332,4697
2024-11-18,GAGH.MI,47.90999984741211,47.91999816894531,47.82500076293945,47.86000061035156,3790
2024-11-19,GAGH.MI,47.98500061035156,48.119998931884766,47.974998474121094,48.025001525878906,4674
2024-11-20,GAGH.MI,47.96500015258789,47.97999954223633,47.89500045776367,47.97999954223633,3525
2024-11-21,GAGH.MI,47.939998626708984,48.08000183105469,47.939998626708984,47.970001220703125,1301
2024-11-22,GAGH.MI,48.06999969482422,48.185001373291016,47.98500061035156,48.029998779296875,6425
2024-11-25,GAGH.MI,48.125,48.2599983215332,48.09000015258789,48.22999954223633,9412
2024-11-26,GAGH.MI,48.20000076293945,48.2400016784668,48.1150016784668,48.189998626708984,4779
2024-11-27,GAGH.MI,48.29499816894531,48.400001525878906,48.18000030517578,48.31999969482422,3619
2024-11-28,GAGH.MI,48.34000015258789,48.400001525878906,48.29999923706055,48.36000061035156,3102
2024-11-29,GAGH.MI,48.400001525878906,48.5,48.400001525878906,48.43000030517578,375
2024-12-02,GAGH.MI,48.55500030517578,48.650001525878906,48.470001220703125,48.619998931884766,4745
2024-12-03,GAGH.MI,48.525001525878906,48.654998779296875,48.525001525878906,48.6150016784668,2557
2024-12-04,GAGH.MI,48.529998779296875,48.59000015258789,48.529998779296875,48.59000015258789,218
2024-12-05,GAGH.MI,48.66999816894531,48.66999816894531,48.529998779296875,48.584999084472656,5162
2024-12-06,GAGH.MI,48.6349983215332,48.755001068115234,48.619998931884766,48.654998779296875,738
2024-12-09,GAGH.MI,48.81999969482422,48.81999969482422,48.630001068115234,48.64500045776367,247
2024-12-10,GAGH.MI,48.755001068115234,48.755001068115234,48.57500076293945,48.57500076293945,1834
2024-12-11,GAGH.MI,48.650001525878906,48.755001068115234,48.599998474121094,48.599998474121094,132077
2024-12-12,GAGH.MI,48.540000915527344,48.56999969482422,48.4900016784668,48.52000045776367,7040
2024-12-13,GAGH.MI,48.46500015258789,48.470001220703125,48.375,48.375,16566
2024-12-16,GAGH.MI,48.3650016784668,48.54499816894531,48.36000061035156,48.36000061035156,22063
2024-12-17,GAGH.MI,48.369998931884766,48.369998931884766,48.310001373291016,48.310001373291016,21249
2024-12-18,GAGH.MI,48.21500015258789,48.349998474121094,48.21500015258789,48.31999969482422,506
2024-12-19,GAGH.MI,48.1150016784668,48.150001525878906,48.060001373291016,48.08000183105469,1183
2024-12-20,GAGH.MI,48.154998779296875,48.17499923706055,48.14500045776367,48.17499923706055,285
2024-12-23,GAGH.MI,48.08000183105469,48.14500045776367,48.064998626708984,48.11000061035156,11247
2024-12-27,GAGH.MI,48.08000183105469,48.08000183105469,47.939998626708984,47.9900016784668,722
2024-12-30,GAGH.MI,47.97999954223633,48.15999984741211,47.97999954223633,48.095001220703125,1309
2025-01-02,GAGH.MI,48.27000045776367,48.27000045776367,48.04499816894531,48.19499969482422,3654
2025-01-03,GAGH.MI,48.15999984741211,48.16999816894531,48.084999084472656,48.09000015258789,853
2025-01-06,GAGH.MI,47.96500015258789,48.125,47.96500015258789,48.03499984741211,37005
2025-01-07,GAGH.MI,48.02000045776367,48.02000045776367,47.869998931884766,47.869998931884766,6356
2025-01-08,GAGH.MI,47.93000030517578,47.935001373291016,47.81999969482422,47.81999969482422,6071
2025-01-09,GAGH.MI,47.915000915527344,47.915000915527344,47.86000061035156,47.86000061035156,710
2025-01-10,GAGH.MI,47.650001525878906,47.744998931884766,47.63999938964844,47.685001373291016,7641
2025-01-13,GAGH.MI,47.60499954223633,47.65999984741211,47.59000015258789,47.59000015258789,876
2025-01-14,GAGH.MI,47.619998931884766,47.64500045776367,47.55500030517578,47.55500030517578,3852
2025-01-15,GAGH.MI,47.630001068115234,47.834999084472656,47.630001068115234,47.834999084472656,86306
2025-01-16,GAGH.MI,47.814998626708984,47.904998779296875,47.790000915527344,47.904998779296875,4010
2025-01-17,GAGH.MI,48.03499984741211,48.03499984741211,47.92499923706055,47.974998474121094,1401
2025-01-20,GAGH.MI,47.935001373291016,48.0,47.935001373291016,47.95500183105469,1625
2025-01-21,GAGH.MI,48.02000045776367,48.04999923706055,48.0,48.0,4671
2025-01-22,GAGH.MI,48.0099983215332,48.084999084472656,48.0099983215332,48.01499938964844,853
2025-01-23,GAGH.MI,48.03499984741211,48.03499984741211,47.91999816894531,47.970001220703125,4531
2025-01-24,GAGH.MI,48.005001068115234,48.15999984741211,47.904998779296875,47.970001220703125,3437
2025-01-27,GAGH.MI,48.11000061035156,48.14500045776367,48.07500076293945,48.130001068115234,4157
2025-01-28,GAGH.MI,48.125,48.14500045776367,48.05500030517578,48.05500030517578,3121
2025-01-29,GAGH.MI,48.18000030517578,48.19499969482422,48.125,48.125,983
2025-01-30,GAGH.MI,48.23500061035156,48.244998931884766,48.165000915527344,48.17499923706055,399
2025-01-31,GAGH.MI,48.2400016784668,48.2400016784668,48.185001373291016,48.185001373291016,1806
2025-02-03,GAGH.MI,48.21500015258789,48.40999984741211,48.21500015258789,48.334999084472656,16234
2025-02-04,GAGH.MI,48.2599983215332,48.27000045776367,48.2400016784668,48.2599983215332,704
2025-02-05,GAGH.MI,48.375,48.47999954223633,48.375,48.47999954223633,3007
2025-02-06,GAGH.MI,48.39500045776367,48.48500061035156,48.39500045776367,48.439998626708984,1005
2025-02-07,GAGH.MI,48.38999938964844,48.39500045776367,48.27000045776367,48.34000015258789,1764
2025-02-10,GAGH.MI,48.33000183105469,48.45000076293945,48.33000183105469,48.44499969482422,55765
2025-02-11,GAGH.MI,48.28499984741211,48.314998626708984,48.2400016784668,48.314998626708984,1587
2025-02-12,GAGH.MI,48.26499938964844,48.26499938964844,48.02000045776367,48.02000045776367,4119
2025-02-13,GAGH.MI,48.119998931884766,48.275001525878906,48.10499954223633,48.27000045776367,6508
2025-02-14,GAGH.MI,48.19499969482422,48.349998474121094,48.19499969482422,48.349998474121094,4116
2025-02-17,GAGH.MI,48.35499954223633,48.35499954223633,48.23500061035156,48.279998779296875,648
2025-02-18,GAGH.MI,48.27000045776367,48.27000045776367,48.209999084472656,48.26499938964844,1621
2025-02-19,GAGH.MI,48.22999954223633,48.22999954223633,48.15999984741211,48.189998626708984,781
2025-02-20,GAGH.MI,48.209999084472656,48.22999954223633,48.17499923706055,48.22999954223633,1753
2025-02-21,GAGH.MI,48.31999969482422,48.44499969482422,48.255001068115234,48.290000915527344,3623
2025-02-24,GAGH.MI,48.34000015258789,48.380001068115234,48.31999969482422,48.35499954223633,1595
2025-02-25,GAGH.MI,48.43000030517578,48.525001525878906,48.43000030517578,48.525001525878906,2404
2025-02-26,GAGH.MI,48.4900016784668,48.6150016784668,48.4900016784668,48.56999969482422,5043
2025-02-27,GAGH.MI,48.59000015258789,48.619998931884766,48.53499984741211,48.619998931884766,3727
2025-02-28,GAGH.MI,48.685001373291016,48.709999084472656,48.61000061035156,48.70000076293945,1895
2025-03-03,GAGH.MI,48.625,48.744998931884766,48.540000915527344,48.6349983215332,1774
2025-03-04,GAGH.MI,48.7599983215332,48.76499938964844,48.68000030517578,48.68000030517578,1813
2025-03-05,GAGH.MI,48.404998779296875,48.470001220703125,48.310001373291016,48.3849983215332,952
2025-03-06,GAGH.MI,48.224998474121094,48.279998779296875,48.154998779296875,48.17499923706055,360
2025-03-07,GAGH.MI,48.345001220703125,48.349998474121094,48.28499984741211,48.31999969482422,1420
2025-03-10,GAGH.MI,48.369998931884766,48.38999938964844,48.30500030517578,48.30500030517578,815
2025-03-11,GAGH.MI,48.30500030517578,48.31999969482422,48.185001373291016,48.185001373291016,1210
2025-03-12,GAGH.MI,48.275001525878906,48.275001525878906,48.16999816894531,48.16999816894531,1414
2025-03-13,GAGH.MI,48.165000915527344,48.19499969482422,48.060001373291016,48.165000915527344,2459
2025-03-14,GAGH.MI,48.1349983215332,48.20500183105469,48.1349983215332,48.18000030517578,1168
2025-03-17,GAGH.MI,48.314998626708984,48.334999084472656,48.21500015258789,48.29499816894531,7406
2025-03-18,GAGH.MI,48.36000061035156,48.36000061035156,48.17499923706055,48.20500183105469,2388
2025-03-19,GAGH.MI,48.255001068115234,48.279998779296875,48.244998931884766,48.255001068115234,552
2025-03-20,GAGH.MI,48.540000915527344,48.540000915527344,48.35499954223633,48.3849983215332,1482
2025-03-21,GAGH.MI,48.42499923706055,48.42499923706055,48.34000015258789,48.369998931884766,1138
2025-03-24,GAGH.MI,48.29499816894531,48.32500076293945,48.21500015258789,48.32500076293945,1269
2025-03-25,GAGH.MI,48.32500076293945,48.32500076293945,48.209999084472656,48.29499816894531,927
2025-03-26,GAGH.MI,48.27000045776367,48.349998474121094,48.18000030517578,48.22999954223633,3803
2025-03-27,GAGH.MI,48.125,48.209999084472656,48.125,48.189998626708984,1894
2025-03-28,GAGH.MI,48.28499984741211,48.380001068115234,48.27000045776367,48.36000061035156,2265
2025-03-31,GAGH.MI,47.15999984741211,48.53499984741211,47.15999984741211,48.404998779296875,16066
2025-04-01,GAGH.MI,48.45500183105469,48.625,48.45500183105469,48.525001525878906,1864
2025-04-02,GAGH.MI,48.540000915527344,48.540000915527344,48.5099983215332,48.5099983215332,287
2025-04-03,GAGH.MI,48.57500076293945,48.82500076293945,48.57500076293945,48.79499816894531,4390
2025-04-04,GAGH.MI,48.849998474121094,49.084999084472656,48.79499816894531,48.79499816894531,3155
2025-04-07,GAGH.MI,49.08000183105469,49.08000183105469,48.584999084472656,48.755001068115234,123923
2025-04-08,GAGH.MI,48.42499923706055,48.53499984741211,48.36000061035156,48.435001373291016,12375
2025-04-09,GAGH.MI,48.05500030517578,48.26499938964844,48.05500030517578,48.15999984741211,2489
2025-04-10,GAGH.MI,48.18000030517578,48.51499938964844,48.18000030517578,48.36000061035156,3532
2025-04-11,GAGH.MI,48.29999923706055,48.34000015258789,48.0,48.040000915527344,1218
2025-04-14,GAGH.MI,48.22999954223633,48.32500076293945,48.209999084472656,48.26499938964844,2749
2025-04-15,GAGH.MI,48.345001220703125,48.415000915527344,48.33000183105469,48.345001220703125,2410
2025-04-16,GAGH.MI,48.5,48.540000915527344,48.46500015258789,48.51499938964844,846
2025-04-17,GAGH.MI,48.57500076293945,48.595001220703125,48.474998474121094,48.494998931884766,420
2025-04-22,GAGH.MI,48.439998626708984,48.525001525878906,48.435001373291016,48.48500061035156,3704
2025-04-23,GAGH.MI,48.45500183105469,48.724998474121094,48.45500183105469,48.47999954223633,3300
2025-04-24,GAGH.MI,48.61000061035156,48.630001068115234,48.56999969482422,48.61000061035156,133
2025-04-25,GAGH.MI,48.59000015258789,48.66999816894531,48.564998626708984,48.63999938964844,552
2025-04-28,GAGH.MI,48.64500045776367,48.69499969482422,48.64500045776367,48.68000030517578,3658
2025-04-29,GAGH.MI,48.65999984741211,48.790000915527344,48.65999984741211,48.77000045776367,2130
2025-04-30,GAGH.MI,48.85499954223633,48.994998931884766,48.779998779296875,48.85499954223633,5348
2025-05-02,GAGH.MI,48.845001220703125,48.845001220703125,48.60499954223633,48.64500045776367,3123
2025-05-05,GAGH.MI,48.57500076293945,48.66999816894531,48.57500076293945,48.59000015258789,561
2025-05-06,GAGH.MI,48.52000045776367,48.529998779296875,48.45500183105469,48.474998474121094,2002
2025-05-07,GAGH.MI,48.6150016784668,48.70500183105469,48.6150016784668,48.70500183105469,1142
2025-05-08,GAGH.MI,48.619998931884766,48.67499923706055,48.56999969482422,48.630001068115234,1479
2025-05-09,GAGH.MI,48.529998779296875,48.564998626708984,48.494998931884766,48.564998626708984,938
2025-05-12,GAGH.MI,48.380001068115234,48.404998779296875,48.32500076293945,48.39500045776367,7935
2025-05-13,GAGH.MI,48.35499954223633,48.38999938964844,48.29499816894531,48.29499816894531,1583
2025-05-14,GAGH.MI,48.38999938964844,48.38999938964844,48.27000045776367,48.27000045776367,601
2025-05-15,GAGH.MI,48.275001525878906,48.38999938964844,48.25,48.38999938964844,905
2025-05-16,GAGH.MI,48.470001220703125,48.470001220703125,48.35499954223633,48.41999816894531,56766
2025-05-19,GAGH.MI,48.29999923706055,48.334999084472656,48.28499984741211,48.334999084472656,668
2025-05-20,GAGH.MI,48.41999816894531,48.494998931884766,48.290000915527344,48.310001373291016,2138
2025-05-21,GAGH.MI,48.224998474121094,48.28499984741211,48.209999084472656,48.25,970
2025-05-22,GAGH.MI,48.209999084472656,48.27000045776367,48.029998779296875,48.1349983215332,514
2025-05-23,GAGH.MI,48.35499954223633,48.375,48.255001068115234,48.334999084472656,495
2025-05-26,GAGH.MI,48.334999084472656,48.334999084472656,48.224998474121094,48.314998626708984,296
2025-05-27,GAGH.MI,48.505001068115234,48.505001068115234,48.314998626708984,48.44499969482422,15239
2025-05-28,GAGH.MI,48.439998626708984,48.439998626708984,48.349998474121094,48.41999816894531,3433
2025-05-29,GAGH.MI,48.279998779296875,48.53499984741211,48.279998779296875,48.51499938964844,440
2025-05-30,GAGH.MI,48.505001068115234,48.540000915527344,48.474998474121094,48.540000915527344,530
2025-06-02,GAGH.MI,48.459999084472656,48.54999923706055,48.439998626708984,48.4900016784668,1173
2025-06-03,GAGH.MI,48.564998626708984,48.60499954223633,48.525001525878906,48.55500030517578,2874
2025-06-04,GAGH.MI,48.619998931884766,48.619998931884766,48.525001525878906,48.57500076293945,974
2025-06-05,GAGH.MI,48.64500045776367,48.650001525878906,48.55500030517578,48.60499954223633,1648
2025-06-06,GAGH.MI,48.51499938964844,48.53499984741211,48.45000076293945,48.48500061035156,270
2025-06-09,GAGH.MI,48.48500061035156,48.48500061035156,48.48500061035156,48.48500061035156,0
2025-06-10,GAGH.MI,48.584999084472656,48.584999084472656,48.54499816894531,48.560001373291016,630
2025-06-11,GAGH.MI,48.529998779296875,48.650001525878906,48.529998779296875,48.6150016784668,1123
2025-06-12,GAGH.MI,48.650001525878906,48.790000915527344,48.650001525878906,48.76499938964844,3456
2025-06-13,GAGH.MI,48.83000183105469,48.83000183105469,48.625,48.625,717
2025-06-16,GAGH.MI,48.57500076293945,48.67499923706055,48.57500076293945,48.65999984741211,3162
2025-06-17,GAGH.MI,48.63999938964844,48.64500045776367,48.58000183105469,48.58000183105469,377
2025-06-18,GAGH.MI,48.66999816894531,48.75,48.63999938964844,48.75,1254
2025-06-19,GAGH.MI,48.73500061035156,48.7400016784668,48.69499969482422,48.724998474121094,271
2025-06-20,GAGH.MI,48.334999084472656,48.64500045776367,48.334999084472656,48.64500045776367,186
2025-06-23,GAGH.MI,48.650001525878906,49.01499938964844,48.650001525878906,48.81999969482422,1474
2025-06-24,GAGH.MI,48.80500030517578,48.810001373291016,48.724998474121094,48.78499984741211,1557
2025-06-25,GAGH.MI,48.8849983215332,48.8849983215332,48.76499938964844,48.83000183105469,1226
2025-06-26,GAGH.MI,48.89500045776367,48.915000915527344,48.84000015258789,48.869998931884766,475
2025-06-27,GAGH.MI,48.875,48.875,48.83000183105469,48.86000061035156,810
2025-06-30,GAGH.MI,48.8650016784668,48.970001220703125,48.8650016784668,48.869998931884766,730
2025-07-01,GAGH.MI,49.0,49.005001068115234,48.97999954223633,49.005001068115234,276
2025-07-02,GAGH.MI,48.82500076293945,48.904998779296875,48.814998626708984,48.85499954223633,3071
2025-07-03,GAGH.MI,48.94499969482422,48.94499969482422,48.81999969482422,48.8650016784668,1352
2025-07-04,GAGH.MI,48.90999984741211,48.95500183105469,48.875,48.8849983215332,1106
2025-07-07,GAGH.MI,48.79499816894531,48.79499816894531,48.76499938964844,48.76499938964844,537
2025-07-08,GAGH.MI,48.66999816894531,48.66999816894531,48.630001068115234,48.630001068115234,850
2025-07-09,GAGH.MI,48.70500183105469,48.75,48.69499969482422,48.75,1224
2025-07-10,GAGH.MI,48.75,48.76499938964844,48.70000076293945,48.71500015258789,648
2025-07-11,GAGH.MI,48.7400016784668,48.7400016784668,48.630001068115234,48.6349983215332,682
2025-07-14,GAGH.MI,48.625,48.630001068115234,48.564998626708984,48.59000015258789,10167
2025-07-15,GAGH.MI,48.60499954223633,48.630001068115234,48.540000915527344,48.540000915527344,3078
2025-07-16,GAGH.MI,48.54999923706055,48.630001068115234,48.54999923706055,48.55500030517578,345
2025-07-17,GAGH.MI,48.53499984741211,48.665000915527344,48.53499984741211,48.665000915527344,1729
2025-07-18,GAGH.MI,48.60499954223633,48.64500045776367,48.599998474121094,48.64500045776367,4011
2025-07-21,GAGH.MI,48.64500045776367,48.77000045776367,48.64500045776367,48.76499938964844,811
2025-07-22,GAGH.MI,48.75,48.78499984741211,48.7400016784668,48.78499984741211,189
2025-07-23,GAGH.MI,48.76499938964844,48.790000915527344,48.720001220703125,48.790000915527344,348
2025-07-24,GAGH.MI,48.61000061035156,48.790000915527344,48.595001220703125,48.654998779296875,493
2025-07-25,GAGH.MI,48.64500045776367,48.64500045776367,48.59000015258789,48.625,137
2025-07-28,GAGH.MI,48.7400016784668,48.7400016784668,48.68000030517578,48.70000076293945,733
2025-07-29,GAGH.MI,48.70500183105469,48.7599983215332,48.68000030517578,48.755001068115234,3768
2025-07-30,GAGH.MI,48.90999984741211,48.90999984741211,48.70000076293945,48.755001068115234,6894
2025-07-31,GAGH.MI,48.790000915527344,48.814998626708984,48.75,48.80500030517578,32665
2025-08-01,GAGH.MI,48.88999938964844,48.98500061035156,48.88999938964844,48.970001220703125,8326
2025-08-04,GAGH.MI,49.02000045776367,49.025001525878906,48.94499969482422,49.0099983215332,2573
2025-08-05,GAGH.MI,49.005001068115234,49.029998779296875,48.9900016784668,49.02000045776367,969
2025-08-06,GAGH.MI,48.98500061035156,49.01499938964844,48.98500061035156,49.01499938964844,1033
2025-08-07,GAGH.MI,49.04499816894531,49.099998474121094,49.029998779296875,49.064998626708984,9617
2025-08-08,GAGH.MI,48.994998931884766,48.994998931884766,48.904998779296875,48.939998626708984,1808
2025-08-11,GAGH.MI,48.9900016784668,48.9900016784668,48.939998626708984,48.970001220703125,900
2025-08-12,GAGH.MI,48.97999954223633,48.97999954223633,48.86000061035156,48.8849983215332,417
2025-08-13,GAGH.MI,48.98500061035156,49.06999969482422,48.98500061035156,49.06999969482422,6945
2025-08-14,GAGH.MI,48.970001220703125,48.970001220703125,48.92499923706055,48.939998626708984,720
2025-08-18,GAGH.MI,48.7599983215332,48.90999984741211,48.7599983215332,48.775001525878906,2141
2025-08-19,GAGH.MI,48.81999969482422,48.88999938964844,48.81999969482422,48.88999938964844,713
2025-08-20,GAGH.MI,48.880001068115234,48.880001068115234,48.869998931884766,48.869998931884766,210
2025-08-21,GAGH.MI,48.845001220703125,48.845001220703125,48.810001373291016,48.810001373291016,6
2025-08-22,GAGH.MI,48.875,48.97999954223633,48.814998626708984,48.95000076293945,1082
2025-08-25,GAGH.MI,48.79999923706055,48.85499954223633,48.79499816894531,48.85499954223633,363
2025-08-26,GAGH.MI,48.939998626708984,48.939998626708984,48.81999969482422,48.834999084472656,10607
2025-08-27,GAGH.MI,48.935001373291016,48.94499969482422,48.82500076293945,48.89500045776367,2703
2025-08-28,GAGH.MI,48.974998474121094,48.974998474121094,48.904998779296875,48.94499969482422,558
2025-08-29,GAGH.MI,48.92499923706055,49.119998931884766,48.880001068115234,48.88999938964844,447
2025-09-01,GAGH.MI,48.88999938964844,48.915000915527344,48.86000061035156,48.915000915527344,625
2025-09-02,GAGH.MI,48.93000030517578,49.029998779296875,48.724998474121094,48.76499938964844,473
2025-09-03,GAGH.MI,48.81999969482422,48.93000030517578,48.81999969482422,48.93000030517578,2390
2025-09-04,GAGH.MI,48.98500061035156,49.029998779296875,48.95000076293945,48.97999954223633,1132
2025-09-05,GAGH.MI,49.04499816894531,49.23500061035156,49.04499816894531,49.189998626708984,1020
2025-09-08,GAGH.MI,49.19499969482422,49.29999923706055,49.19499969482422,49.29999923706055,4376
2025-09-09,GAGH.MI,49.29499816894531,49.30500030517578,49.224998474121094,49.224998474121094,1600
2025-09-10,GAGH.MI,49.224998474121094,49.28499984741211,49.20500183105469,49.26499938964844,627
2025-09-11,GAGH.MI,49.40999984741211,49.40999984741211,49.27000045776367,49.345001220703125,981
2025-09-12,GAGH.MI,49.26499938964844,49.27000045776367,49.224998474121094,49.244998931884766,318
2025-09-15,GAGH.MI,49.279998779296875,49.375,49.279998779296875,49.375,1263
2025-09-16,GAGH.MI,49.459999084472656,49.459999084472656,49.30500030517578,49.30500030517578,1673
2025-09-17,GAGH.MI,49.40999984741211,49.40999984741211,49.33000183105469,49.33000183105469,681
2025-09-18,GAGH.MI,49.349998474121094,49.349998474121094,49.16999816894531,49.224998474121094,1222
2025-09-19,GAGH.MI,49.2599983215332,49.2599983215332,49.17499923706055,49.17499923706055,2125
2025-09-22,GAGH.MI,49.17499923706055,49.209999084472656,49.17499923706055,49.19499969482422,1005
2025-09-23,GAGH.MI,49.20000076293945,49.38999938964844,49.16999816894531,49.16999816894531,3478
2025-09-24,GAGH.MI,49.20000076293945,49.20000076293945,49.14500045776367,49.16999816894531,305
2025-09-25,GAGH.MI,49.17499923706055,49.17499923706055,49.060001373291016,49.09000015258789,1077
2025-09-26,GAGH.MI,49.15999984741211,49.17499923706055,49.10499954223633,49.17499923706055,2608
2025-09-29,GAGH.MI,49.209999084472656,49.209999084472656,49.154998779296875,49.189998626708984,2631
2025-09-30,GAGH.MI,49.19499969482422,49.2599983215332,49.19499969482422,49.255001068115234,4500
2025-10-01,GAGH.MI,49.2400016784668,49.404998779296875,49.2400016784668,49.29499816894531,303
2025-10-02,GAGH.MI,49.2400016784668,49.279998779296875,49.2400016784668,49.279998779296875,285
2025-10-03,GAGH.MI,49.334999084472656,49.345001220703125,49.290000915527344,49.29499816894531,332
2025-10-06,GAGH.MI,49.17499923706055,49.2400016784668,49.165000915527344,49.2400016784668,971
2025-10-07,GAGH.MI,49.18000030517578,49.349998474121094,49.18000030517578,49.349998474121094,522
2025-10-08,GAGH.MI,49.275001525878906,49.30500030517578,49.2400016784668,49.30500030517578,3647
2025-10-09,GAGH.MI,49.310001373291016,49.310001373291016,49.20500183105469,49.2400016784668,3156
2025-10-10,GAGH.MI,49.290000915527344,49.380001068115234,49.279998779296875,49.34000015258789,1214
2025-10-13,GAGH.MI,49.380001068115234,49.400001525878906,49.33000183105469,49.369998931884766,1639
2025-10-14,GAGH.MI,49.43000030517578,49.474998474121094,49.36000061035156,49.36000061035156,3357
2025-10-15,GAGH.MI,49.4900016784668,49.560001373291016,49.4900016784668,49.540000915527344,2801
2025-10-16,GAGH.MI,49.61000061035156,49.61000061035156,49.494998931884766,49.56999969482422,431
2025-10-17,GAGH.MI,49.625,49.689998626708984,49.505001068115234,49.525001525878906,5613
2025-10-20,GAGH.MI,49.525001525878906,49.59000015258789,49.52000045776367,49.564998626708984,680
2025-10-21,GAGH.MI,49.6150016784668,49.67499923706055,49.61000061035156,49.61000061035156,1434
2025-10-22,GAGH.MI,49.66999816894531,49.70000076293945,49.6150016784668,49.630001068115234,2325
2025-10-23,GAGH.MI,49.619998931884766,49.630001068115234,49.564998626708984,49.630001068115234,1259
2025-10-27,GAGH.MI,49.52000045776367,49.60499954223633,49.5099983215332,49.60499954223633,1678
2025-10-28,GAGH.MI,49.67499923706055,49.67499923706055,49.595001220703125,49.595001220703125,4242
2025-10-29,GAGH.MI,49.65999984741211,49.65999984741211,49.58000183105469,49.63999938964844,1319
2025-10-30,GAGH.MI,49.494998931884766,49.494998931884766,49.45500183105469,49.494998931884766,144
2025-10-31,GAGH.MI,49.4900016784668,49.5,49.44499969482422,49.44499969482422,3327
2025-11-03,GAGH.MI,49.345001220703125,49.47999954223633,49.345001220703125,49.47999954223633,324
2025-11-04,GAGH.MI,49.439998626708984,49.45500183105469,49.415000915527344,49.41999816894531,652
2025-11-05,GAGH.MI,49.459999084472656,49.459999084472656,49.33000183105469,49.345001220703125,718
2025-11-06,GAGH.MI,49.39500045776367,49.46500015258789,49.39500045776367,49.42499923706055,656
2025-11-07,GAGH.MI,49.45000076293945,49.45000076293945,49.40999984741211,49.42499923706055,995
2025-11-10,GAGH.MI,49.334999084472656,49.46500015258789,49.334999084472656,49.46500015258789,460
2025-11-11,GAGH.MI,49.52000045776367,49.52000045776367,49.380001068115234,49.43000030517578,7354
2025-11-12,GAGH.MI,49.41999816894531,49.5,49.41999816894531,49.47999954223633,2403
2025-11-13,GAGH.MI,49.494998931884766,49.5,49.3849983215332,49.39500045776367,1334
2025-11-14,GAGH.MI,49.32500076293945,49.40999984741211,49.31999969482422,49.33000183105469,731
2025-11-17,GAGH.MI,49.345001220703125,49.35499954223633,49.279998779296875,49.31999969482422,1969
2025-11-18,GAGH.MI,49.35499954223633,49.35499954223633,49.27000045776367,49.27000045776367,488
2025-11-19,GAGH.MI,49.349998474121094,49.349998474121094,49.27000045776367,49.29499816894531,355
2025-11-20,GAGH.MI,49.29999923706055,49.31999969482422,49.28499984741211,49.310001373291016,3444
2025-11-21,GAGH.MI,49.42499923706055,49.42499923706055,49.35499954223633,49.369998931884766,3003
2025-11-24,GAGH.MI,49.51499938964844,49.51499938964844,49.404998779296875,49.459999084472656,15376
2025-11-25,GAGH.MI,49.459999084472656,49.470001220703125,49.43000030517578,49.459999084472656,633
2025-11-26,GAGH.MI,49.505001068115234,49.53499984741211,49.3849983215332,49.46500015258789,2883
2025-11-27,GAGH.MI,49.48500061035156,49.525001525878906,49.48500061035156,49.505001068115234,983
2025-11-28,GAGH.MI,49.525001525878906,49.53499984741211,49.44499969482422,49.44499969482422,2734
2025-12-01,GAGH.MI,49.5099983215332,49.5099983215332,49.279998779296875,49.279998779296875,1710
2025-12-02,GAGH.MI,49.40999984741211,49.40999984741211,49.29499816894531,49.310001373291016,943
2025-12-03,GAGH.MI,49.36000061035156,49.40999984741211,49.36000061035156,49.3650016784668,881
2025-12-04,GAGH.MI,49.334999084472656,49.34000015258789,49.290000915527344,49.30500030517578,1312
2025-12-05,GAGH.MI,49.310001373291016,49.31999969482422,49.26499938964844,49.26499938964844,653
2025-12-08,GAGH.MI,49.26499938964844,49.26499938964844,49.125,49.15999984741211,1202
2025-12-09,GAGH.MI,49.209999084472656,49.209999084472656,49.150001525878906,49.165000915527344,362
2025-12-10,GAGH.MI,49.1150016784668,49.20000076293945,49.1150016784668,49.1349983215332,2180
2025-12-11,GAGH.MI,49.275001525878906,49.33000183105469,49.220001220703125,49.29999923706055,1974
2025-12-12,GAGH.MI,49.119998931884766,49.165000915527344,49.119998931884766,49.13999938964844,829
2025-12-15,GAGH.MI,49.19499969482422,49.26499938964844,49.19499969482422,49.209999084472656,7502
2025-12-16,GAGH.MI,49.244998931884766,49.244998931884766,49.16999816894531,49.20500183105469,1280
2025-12-17,GAGH.MI,49.29999923706055,49.29999923706055,49.15999984741211,49.15999984741211,2006
2025-12-18,GAGH.MI,49.29999923706055,49.32500076293945,49.27000045776367,49.30500030517578,1767
2025-12-19,GAGH.MI,49.20500183105469,49.220001220703125,49.185001373291016,49.209999084472656,2401
2025-12-23,GAGH.MI,49.255001068115234,49.30500030517578,49.185001373291016,49.275001525878906,2752
2025-12-29,GAGH.MI,49.494998931884766,49.494998931884766,49.29999923706055,49.40999984741211,2633
2025-12-30,GAGH.MI,49.4900016784668,49.4900016784668,49.244998931884766,49.290000915527344,1013
2026-01-02,GAGH.MI,49.33000183105469,49.33000183105469,49.22999954223633,49.2599983215332,1590
2026-01-05,GAGH.MI,49.31999969482422,49.31999969482422,49.23500061035156,49.23500061035156,444
2026-01-06,GAGH.MI,49.29499816894531,49.33000183105469,49.2599983215332,49.2599983215332,673
2026-01-07,GAGH.MI,49.38999938964844,49.38999938964844,49.31999969482422,49.35499954223633,819
2026-01-08,GAGH.MI,49.45000076293945,49.45000076293945,49.290000915527344,49.30500030517578,1068
2026-01-09,GAGH.MI,49.27000045776367,49.369998931884766,49.244998931884766,49.349998474121094,8040
2026-01-12,GAGH.MI,49.30500030517578,49.3650016784668,49.30500030517578,49.35499954223633,4181
2026-01-13,GAGH.MI,49.35499954223633,49.36000061035156,49.310001373291016,49.32500076293945,4704
2026-01-14,GAGH.MI,49.375,49.46500015258789,49.36000061035156,49.46500015258789,651
2026-01-15,GAGH.MI,49.45000076293945,49.46500015258789,49.39500045776367,49.45500183105469,1661
2026-01-16,GAGH.MI,49.39500045776367,49.40999984741211,49.32500076293945,49.334999084472656,9468
2026-01-19,GAGH.MI,49.41999816894531,49.41999816894531,49.25,49.255001068115234,6821
2026-01-20,GAGH.MI,49.150001525878906,49.21500015258789,49.150001525878906,49.21500015258789,5492
2026-01-21,GAGH.MI,49.20000076293945,49.20500183105469,49.15999984741211,49.19499969482422,2041
2026-01-22,GAGH.MI,49.2599983215332,49.314998626708984,49.220001220703125,49.22999954223633,5871
2026-01-23,GAGH.MI,49.27000045776367,49.29499816894531,49.244998931884766,49.255001068115234,2198
2026-01-26,GAGH.MI,49.375,49.375,49.32500076293945,49.33000183105469,1775
2026-01-27,GAGH.MI,49.32500076293945,49.3650016784668,49.314998626708984,49.314998626708984,2665
2026-01-28,GAGH.MI,49.34000015258789,49.3650016784668,49.290000915527344,49.29999923706055,5731
2026-01-29,GAGH.MI,49.31999969482422,49.400001525878906,49.29999923706055,49.34000015258789,1519
2026-01-30,GAGH.MI,49.310001373291016,49.369998931884766,49.29499816894531,49.36000061035156,523
2026-02-02,GAGH.MI,49.43000030517578,49.43000030517578,49.279998779296875,49.314998626708984,1017
2026-02-03,GAGH.MI,49.275001525878906,49.275001525878906,49.209999084472656,49.209999084472656,1178
2026-02-04,GAGH.MI,49.2599983215332,49.29999923706055,49.2599983215332,49.290000915527344,109
2026-02-05,GAGH.MI,49.290000915527344,49.375,49.275001525878906,49.375,1595
2026-02-06,GAGH.MI,49.38999938964844,49.404998779296875,49.310001373291016,49.369998931884766,508
2026-02-09,GAGH.MI,49.34000015258789,49.39500045776367,49.33000183105469,49.39500045776367,6224
2026-02-10,GAGH.MI,49.55500030517578,49.560001373291016,49.5,49.5099983215332,893
2026-02-11,GAGH.MI,49.564998626708984,49.564998626708984,49.435001373291016,49.44499969482422,2003
2026-02-12,GAGH.MI,49.51499938964844,49.60499954223633,49.4900016784668,49.60499954223633,6577
2026-02-13,GAGH.MI,49.71500015258789,49.755001068115234,49.68000030517578,49.71500015258789,860
2026-02-16,GAGH.MI,49.744998931884766,49.84000015258789,49.70500183105469,49.810001373291016,11950
2026-02-17,GAGH.MI,49.810001373291016,49.810001373291016,49.73500061035156,49.73500061035156,1080
2026-02-18,GAGH.MI,49.72999954223633,49.77000045776367,49.72999954223633,49.75,524
2026-02-19,GAGH.MI,49.755001068115234,49.755001068115234,49.65999984741211,49.68000030517578,1175
2026-02-20,GAGH.MI,49.709999084472656,50.220001220703125,49.67499923706055,49.720001220703125,1144
2026-02-23,GAGH.MI,49.81999969482422,49.81999969482422,49.75,49.80500030517578,1079
2026-02-24,GAGH.MI,49.81999969482422,49.849998474121094,49.78499984741211,49.78499984741211,825
2026-02-25,GAGH.MI,49.79999923706055,49.81999969482422,49.75,49.77000045776367,14436
2026-02-26,GAGH.MI,49.834999084472656,49.845001220703125,49.77000045776367,49.82500076293945,1280
2026-02-27,GAGH.MI,49.880001068115234,49.994998931884766,49.880001068115234,49.94499969482422,2435
2026-03-02,GAGH.MI,50.13999938964844,50.13999938964844,49.52000045776367,49.52000045776367,10201
2026-03-03,GAGH.MI,49.915000915527344,49.915000915527344,49.58000183105469,49.599998474121094,250
2026-03-04,GAGH.MI,49.7400016784668,49.75,49.625,49.69499969482422,366
2026-03-05,GAGH.MI,49.56999969482422,49.70000076293945,49.4900016784668,49.560001373291016,18725
2026-03-09,GAGH.MI,49.40999984741211,49.46500015258789,49.314998626708984,49.46500015258789,427
2026-03-10,GAGH.MI,49.5,49.525001525878906,49.435001373291016,49.435001373291016,2072
2026-03-11,GAGH.MI,49.51499938964844,49.51499938964844,49.290000915527344,49.290000915527344,57
2026-03-12,GAGH.MI,49.224998474121094,49.224998474121094,49.13999938964844,49.18000030517578,1243
2026-03-13,GAGH.MI,49.084999084472656,49.150001525878906,49.03499984741211,49.099998474121094,2387
2026-03-16,GAGH.MI,49.060001373291016,49.20000076293945,49.060001373291016,49.1349983215332,725
2026-03-17,GAGH.MI,49.18000030517578,49.23500061035156,49.18000030517578,49.20500183105469,1313
2026-03-18,GAGH.MI,49.400001525878906,49.400001525878906,49.18000030517578,49.21500015258789,1131
2026-03-19,GAGH.MI,49.130001068115234,49.279998779296875,49.029998779296875,49.099998474121094,3170
2026-03-20,GAGH.MI,49.18000030517578,49.18000030517578,48.77000045776367,48.84000015258789,1634
2026-03-23,GAGH.MI,48.70000076293945,49.10499954223633,48.70000076293945,49.01499938964844,2828
2026-03-24,GAGH.MI,49.01499938964844,49.01499938964844,48.76499938964844,48.880001068115234,286
2026-03-25,GAGH.MI,49.029998779296875,49.03499984741211,48.95000076293945,49.025001525878906,753
2026-03-26,GAGH.MI,48.96500015258789,48.96500015258789,48.96500015258789,48.96500015258789,19
2026-03-27,GAGH.MI,48.775001525878906,48.775001525878906,48.65999984741211,48.65999984741211,311
2026-03-30,GAGH.MI,48.91999816894531,48.959999084472656,48.810001373291016,48.814998626708984,3075
2026-03-31,GAGH.MI,48.93000030517578,49.18000030517578,48.869998931884766,48.869998931884766,1591
2026-04-01,GAGH.MI,49.040000915527344,49.25,48.90999984741211,49.13999938964844,485
2026-04-02,GAGH.MI,49.04499816894531,49.04499816894531,48.939998626708984,48.98500061035156,2357
2026-04-07,GAGH.MI,49.10499954223633,49.10499954223633,48.900001525878906,48.959999084472656,395
2026-04-08,GAGH.MI,49.22999954223633,49.334999084472656,49.20000076293945,49.32500076293945,314
2026-04-09,GAGH.MI,49.20000076293945,49.20000076293945,48.97999954223633,49.1150016784668,181
2026-04-10,GAGH.MI,49.16999816894531,49.16999816894531,48.935001373291016,48.970001220703125,2249
2026-04-13,GAGH.MI,49.099998474121094,49.099998474121094,49.09000015258789,49.09000015258789,330
2026-04-14,GAGH.MI,49.14500045776367,49.16999816894531,49.13999938964844,49.16999816894531,2862
2026-04-15,GAGH.MI,49.3650016784668,49.3650016784668,49.21500015258789,49.224998474121094,1188
2026-04-16,GAGH.MI,49.27000045776367,49.29499816894531,49.185001373291016,49.189998626708984,10093
2026-04-17,GAGH.MI,49.23500061035156,49.380001068115234,49.22999954223633,49.29999923706055,561
2026-04-20,GAGH.MI,49.3849983215332,49.3849983215332,49.279998779296875,49.290000915527344,1990
2026-04-21,GAGH.MI,49.349998474121094,49.349998474121094,49.22999954223633,49.22999954223633,963
2026-04-22,GAGH.MI,49.314998626708984,49.314998626708984,49.26499938964844,49.27000045776367,724
2026-04-23,GAGH.MI,49.28499984741211,49.41999816894531,49.20500183105469,49.25,2160
2026-04-24,GAGH.MI,49.19499969482422,49.22999954223633,49.130001068115234,49.22999954223633,340
2026-04-27,GAGH.MI,49.30500030517578,49.30500030517578,49.18000030517578,49.189998626708984,3878
2026-04-28,GAGH.MI,49.20500183105469,49.20500183105469,48.994998931884766,49.060001373291016,892
2026-04-29,GAGH.MI,49.130001068115234,49.130001068115234,49.0,49.02000045776367,539
2026-04-30,GAGH.MI,48.994998931884766,49.11000061035156,48.98500061035156,49.064998626708984,128
2026-05-04,GAGH.MI,49.209999084472656,49.209999084472656,49.0,49.01499938964844,555
2026-05-05,GAGH.MI,48.90999984741211,49.10499954223633,48.90999984741211,48.9900016784668,666
2026-05-06,GAGH.MI,49.21500015258789,49.2599983215332,49.15999984741211,49.25,1200
2026-05-07,GAGH.MI,49.21500015258789,49.255001068115234,49.10499954223633,49.10499954223633,7335
2026-05-08,GAGH.MI,49.18000030517578,49.22999954223633,49.1150016784668,49.185001373291016,2507
2026-05-11,GAGH.MI,49.16999816894531,49.17499923706055,49.09000015258789,49.125,747
2026-05-12,GAGH.MI,49.14500045776367,49.14500045776367,48.959999084472656,48.97999954223633,1048
2026-05-13,GAGH.MI,48.959999084472656,49.064998626708984,48.89500045776367,48.89500045776367,2475
2026-05-14,GAGH.MI,48.970001220703125,49.04499816894531,48.970001220703125,49.040000915527344,423
2026-05-15,GAGH.MI,48.80500030517578,48.845001220703125,48.744998931884766,48.744998931884766,344
2026-05-18,GAGH.MI,48.584999084472656,48.810001373291016,48.584999084472656,48.70500183105469,591
2026-05-19,GAGH.MI,48.70000076293945,48.70000076293945,48.584999084472656,48.584999084472656,239
2026-05-20,GAGH.MI,48.73500061035156,48.89500045776367,48.685001373291016,48.81999969482422,518
2026-05-21,GAGH.MI,48.68000030517578,48.82500076293945,48.68000030517578,48.82500076293945,484
2026-05-22,GAGH.MI,48.775001525878906,48.974998474121094,48.775001525878906,48.900001525878906,3467
2026-05-25,GAGH.MI,49.084999084472656,49.20000076293945,49.0,49.20000076293945,505
2026-05-26,GAGH.MI,49.27000045776367,49.27000045776367,49.01499938964844,49.04499816894531,3584
2026-05-27,GAGH.MI,49.119998931884766,49.15999984741211,49.119998931884766,49.1349983215332,592
2026-05-28,GAGH.MI,49.130001068115234,49.20000076293945,49.10499954223633,49.165000915527344,1782
2026-05-29,GAGH.MI,49.18000030517578,49.29999923706055,49.18000030517578,49.26499938964844,10779
2026-06-01,GAGH.MI,49.185001373291016,49.185001373291016,49.084999084472656,49.15999984741211,1006
2026-06-02,GAGH.MI,49.275001525878906,49.275001525878906,49.220001220703125,49.255001068115234,501
2026-06-03,GAGH.MI,49.20500183105469,49.20500183105469,49.095001220703125,49.095001220703125,518
2026-06-04,GAGH.MI,49.23500061035156,49.23500061035156,48.880001068115234,49.185001373291016,3185
2026-06-05,GAGH.MI,49.209999084472656,49.209999084472656,49.025001525878906,49.060001373291016,243
2026-06-08,GAGH.MI,48.939998626708984,49.07500076293945,48.939998626708984,49.01499938964844,1099
2026-06-09,GAGH.MI,49.0,49.09000015258789,49.0,49.02000045776367,3568
2026-06-10,GAGH.MI,49.060001373291016,49.064998626708984,49.025001525878906,49.025001525878906,378
2026-06-11,GAGH.MI,49.025001525878906,49.13999938964844,49.005001068115234,49.11000061035156,1079
2026-06-12,GAGH.MI,49.25,49.25,49.11000061035156,49.20000076293945,1055
2026-06-15,GAGH.MI,49.42499923706055,49.42499923706055,49.30500030517578,49.34000015258789,454
2026-06-16,GAGH.MI,49.34000015258789,49.35499954223633,49.30500030517578,49.314998626708984,837
2026-06-17,GAGH.MI,49.42499923706055,49.42499923706055,49.349998474121094,49.349998474121094,515
2026-06-18,GAGH.MI,49.345001220703125,49.40999984741211,49.310001373291016,49.40999984741211,1714
2026-06-19,GAGH.MI,49.33000183105469,49.33000183105469,49.23500061035156,49.25,115
2026-06-22,GAGH.MI,49.27000045776367,49.275001525878906,49.22999954223633,49.22999954223633,777
2026-06-23,GAGH.MI,49.26499938964844,49.334999084472656,49.255001068115234,49.28499984741211,1116
2026-06-24,GAGH.MI,49.28499984741211,49.400001525878906,49.279998779296875,49.400001525878906,409
2026-06-25,GAGH.MI,49.439998626708984,49.459999084472656,49.41999816894531,49.41999816894531,487
2026-06-26,GAGH.MI,49.5,49.5,49.43000030517578,49.45000076293945,422
2026-06-29,GAGH.MI,49.439998626708984,49.54999923706055,49.439998626708984,49.51499938964844,496
2026-06-30,GAGH.MI,49.540000915527344,49.540000915527344,49.41999816894531,49.41999816894531,1278
2026-07-01,GAGH.MI,49.334999084472656,49.3650016784668,49.29499816894531,49.3650016784668,459
2026-07-02,GAGH.MI,49.345001220703125,49.35499954223633,49.29999923706055,49.35499954223633,629
2026-07-03,GAGH.MI,49.2599983215332,49.29499816894531,49.25,49.275001525878906,323
2026-07-06,GAGH.MI,49.380001068115234,49.380001068115234,49.2400016784668,49.255001068115234,598
2026-07-07,GAGH.MI,49.2400016784668,49.27000045776367,49.165000915527344,49.17499923706055,649
2026-07-08,GAGH.MI,48.974998474121094,49.05500030517578,48.96500015258789,49.05500030517578,249
2026-07-09,GAGH.MI,49.060001373291016,49.10499954223633,49.0099983215332,49.10499954223633,686
2026-07-10,GAGH.MI,49.165000915527344,49.165000915527344,49.119998931884766,49.130001068115234,817
2026-07-13,GAGH.MI,49.125,49.125,48.994998931884766,48.994998931884766,184
2026-07-14,GAGH.MI,48.95000076293945,49.03499984741211,48.95000076293945,49.0099983215332,2082
2026-07-15,GAGH.MI,49.01499938964844,49.10499954223633,48.98500061035156,49.10499954223633,1627
2026-07-16,GAGH.MI,49.01499938964844,49.04499816894531,48.95000076293945,49.04499816894531,266
2026-07-17,GAGH.MI,49.165000915527344,49.209999084472656,49.05500030517578,49.209999084472656,14856
2026-07-20,GAGH.MI,49.130001068115234,49.130001068115234,48.97999954223633,49.095001220703125,129510
2026-07-21,GAGH.MI,49.060001373291016,49.060001373291016,48.915000915527344,48.9900016784668,200370
2026-07-22,GAGH.MI,48.8650016784668,48.95500183105469,48.8650016784668,48.95500183105469,148355
2026-07-23,GAGH.MI,48.82500076293945,48.86000061035156,48.70000076293945,48.775001525878906,345
2026-07-24,GAGH.MI,48.78499984741211,48.86000061035156,48.78499984741211,48.86000061035156,531
2026-07-27,GAGH.MI,48.900001525878906,48.96500015258789,48.88999938964844,48.96500015258789,20586
2026-07-28,GAGH.MI,48.91999816894531,49.0,48.91999816894531,49.0,405
