Date,Ticker,Open,High,Low,Close,Volume
2019-11-21,GSLC.MI,37.61000061035156,37.650001525878906,37.599998474121094,37.619998931884766,476
2019-11-22,GSLC.MI,37.7400016784668,37.790000915527344,37.70000076293945,37.72999954223633,150
2019-11-25,GSLC.MI,37.959999084472656,38.099998474121094,37.959999084472656,38.099998474121094,5250
2019-11-26,GSLC.MI,38.16999816894531,38.189998626708984,38.16999816894531,38.189998626708984,466
2019-11-27,GSLC.MI,38.400001525878906,38.439998626708984,38.39500045776367,38.39500045776367,381
2019-11-28,GSLC.MI,38.439998626708984,38.439998626708984,38.415000915527344,38.415000915527344,3
2019-11-29,GSLC.MI,38.36000061035156,38.36000061035156,38.33000183105469,38.33000183105469,177
2019-12-02,GSLC.MI,38.29999923706055,38.29999923706055,37.68000030517578,37.68000030517578,160
2019-12-03,GSLC.MI,37.77000045776367,37.77000045776367,37.220001220703125,37.220001220703125,50
2019-12-04,GSLC.MI,37.599998474121094,37.689998626708984,37.599998474121094,37.689998626708984,60
2019-12-05,GSLC.MI,37.720001220703125,37.720001220703125,37.61000061035156,37.61000061035156,50
2019-12-06,GSLC.MI,37.61000061035156,37.61000061035156,37.61000061035156,37.61000061035156,0
2019-12-09,GSLC.MI,38.04999923706055,38.060001373291016,38.04999923706055,38.060001373291016,54
2019-12-10,GSLC.MI,38.060001373291016,38.060001373291016,38.060001373291016,38.060001373291016,0
2019-12-11,GSLC.MI,38.060001373291016,38.060001373291016,38.060001373291016,38.060001373291016,0
2019-12-12,GSLC.MI,37.86000061035156,38.05500030517578,37.86000061035156,38.05500030517578,15
2019-12-13,GSLC.MI,38.08000183105469,38.08000183105469,37.96500015258789,37.96500015258789,30
2019-12-16,GSLC.MI,38.189998626708984,38.3650016784668,38.189998626708984,38.3650016784668,160
2019-12-17,GSLC.MI,38.290000915527344,38.290000915527344,38.290000915527344,38.290000915527344,30
2019-12-18,GSLC.MI,38.380001068115234,38.44499969482422,38.380001068115234,38.44499969482422,115
2019-12-19,GSLC.MI,38.380001068115234,38.5,38.380001068115234,38.5,600
2019-12-20,GSLC.MI,38.5,38.5,38.5,38.5,0
2019-12-23,GSLC.MI,38.5,38.5,38.5,38.5,0
2019-12-27,GSLC.MI,38.5,38.5,38.5,38.5,0
2019-12-30,GSLC.MI,38.65999984741211,38.689998626708984,38.439998626708984,38.439998626708984,327
2020-01-02,GSLC.MI,38.779998779296875,38.849998474121094,38.7599983215332,38.7599983215332,55
2020-01-03,GSLC.MI,38.7599983215332,38.7599983215332,38.7599983215332,38.7599983215332,0
2020-01-06,GSLC.MI,38.7599983215332,38.7599983215332,38.7599983215332,38.7599983215332,0
2020-01-07,GSLC.MI,38.7599983215332,38.7599983215332,38.7599983215332,38.7599983215332,0
2020-01-08,GSLC.MI,38.7599983215332,38.7599983215332,38.7599983215332,38.7599983215332,0
2020-01-09,GSLC.MI,38.7599983215332,38.7599983215332,38.7599983215332,38.7599983215332,0
2020-01-10,GSLC.MI,38.7599983215332,38.7599983215332,38.7599983215332,38.7599983215332,0
2020-01-13,GSLC.MI,38.7599983215332,38.7599983215332,38.7599983215332,38.7599983215332,0
2020-01-14,GSLC.MI,38.7599983215332,38.7599983215332,38.7599983215332,38.7599983215332,0
2020-01-15,GSLC.MI,38.7599983215332,38.7599983215332,38.7599983215332,38.7599983215332,0
2020-01-16,GSLC.MI,38.7599983215332,38.7599983215332,38.7599983215332,38.7599983215332,0
2020-01-17,GSLC.MI,38.7599983215332,38.7599983215332,38.7599983215332,38.7599983215332,0
2020-01-20,GSLC.MI,38.7599983215332,38.7599983215332,38.7599983215332,38.7599983215332,0
2020-01-21,GSLC.MI,38.7599983215332,38.7599983215332,38.7599983215332,38.7599983215332,0
2020-01-22,GSLC.MI,38.7599983215332,38.7599983215332,38.7599983215332,38.7599983215332,0
2020-01-23,GSLC.MI,38.7599983215332,38.7599983215332,38.7599983215332,38.7599983215332,0
2020-01-24,GSLC.MI,38.7599983215332,38.7599983215332,38.7599983215332,38.7599983215332,0
2020-01-27,GSLC.MI,38.7599983215332,38.7599983215332,38.7599983215332,38.7599983215332,0
2020-01-28,GSLC.MI,38.7599983215332,38.7599983215332,38.7599983215332,38.7599983215332,0
2020-01-29,GSLC.MI,38.7599983215332,38.7599983215332,38.7599983215332,38.7599983215332,0
2020-01-30,GSLC.MI,38.7599983215332,38.7599983215332,38.7599983215332,38.7599983215332,0
2020-01-31,GSLC.MI,38.7599983215332,38.7599983215332,38.7599983215332,38.7599983215332,0
2020-02-03,GSLC.MI,39.36000061035156,39.540000915527344,39.36000061035156,39.540000915527344,4
2020-02-04,GSLC.MI,39.540000915527344,39.540000915527344,39.540000915527344,39.540000915527344,0
2020-02-05,GSLC.MI,39.540000915527344,39.540000915527344,39.540000915527344,39.540000915527344,0
2020-02-06,GSLC.MI,39.540000915527344,39.540000915527344,39.540000915527344,39.540000915527344,0
2020-02-07,GSLC.MI,39.540000915527344,39.540000915527344,39.540000915527344,39.540000915527344,0
2020-02-10,GSLC.MI,40.869998931884766,41.09000015258789,40.869998931884766,41.09000015258789,56
2020-02-11,GSLC.MI,41.09000015258789,41.09000015258789,41.09000015258789,41.09000015258789,0
2020-02-12,GSLC.MI,41.09000015258789,41.09000015258789,41.09000015258789,41.09000015258789,0
2020-02-13,GSLC.MI,41.599998474121094,41.81999969482422,41.599998474121094,41.81999969482422,424
2020-02-14,GSLC.MI,41.900001525878906,41.93000030517578,41.900001525878906,41.93000030517578,207
2020-02-17,GSLC.MI,41.93000030517578,41.93000030517578,41.93000030517578,41.93000030517578,0
2020-02-18,GSLC.MI,41.849998474121094,41.849998474121094,41.79499816894531,41.79499816894531,15
2020-02-19,GSLC.MI,41.79499816894531,41.79499816894531,41.79499816894531,41.79499816894531,0
2020-02-20,GSLC.MI,41.79499816894531,41.79499816894531,41.79499816894531,41.79499816894531,0
2020-02-21,GSLC.MI,41.79499816894531,41.79499816894531,41.79499816894531,41.79499816894531,0
2020-02-24,GSLC.MI,41.79499816894531,41.79499816894531,41.79499816894531,41.79499816894531,0
2020-02-25,GSLC.MI,41.79499816894531,41.79499816894531,41.79499816894531,41.79499816894531,0
2020-02-26,GSLC.MI,41.79499816894531,41.79499816894531,41.79499816894531,41.79499816894531,0
2020-02-27,GSLC.MI,41.79499816894531,41.79499816894531,41.79499816894531,41.79499816894531,0
2020-02-28,GSLC.MI,35.90999984741211,35.90999984741211,35.84000015258789,35.84000015258789,120
2020-03-02,GSLC.MI,36.11000061035156,36.2599983215332,36.11000061035156,36.2599983215332,56
2020-03-03,GSLC.MI,37.650001525878906,37.650001525878906,36.744998931884766,36.744998931884766,3
2020-03-04,GSLC.MI,36.744998931884766,36.744998931884766,36.744998931884766,36.744998931884766,0
2020-03-05,GSLC.MI,36.744998931884766,36.744998931884766,36.744998931884766,36.744998931884766,0
2020-03-06,GSLC.MI,36.744998931884766,36.744998931884766,36.744998931884766,36.744998931884766,0
2020-03-09,GSLC.MI,34.0,34.0,32.970001220703125,33.3849983215332,307
2020-03-10,GSLC.MI,33.3849983215332,33.3849983215332,33.3849983215332,33.3849983215332,0
2020-03-11,GSLC.MI,33.3849983215332,33.3849983215332,33.3849983215332,33.3849983215332,0
2020-03-12,GSLC.MI,33.3849983215332,33.3849983215332,33.3849983215332,33.3849983215332,0
2020-03-13,GSLC.MI,32.13999938964844,32.13999938964844,31.049999237060547,31.049999237060547,10
2020-03-16,GSLC.MI,31.049999237060547,31.049999237060547,31.049999237060547,31.049999237060547,0
2020-03-17,GSLC.MI,31.049999237060547,31.049999237060547,31.049999237060547,31.049999237060547,0
2020-03-18,GSLC.MI,31.049999237060547,31.049999237060547,31.049999237060547,31.049999237060547,0
2020-03-19,GSLC.MI,31.049999237060547,31.049999237060547,31.049999237060547,31.049999237060547,0
2020-03-20,GSLC.MI,31.049999237060547,31.049999237060547,31.049999237060547,31.049999237060547,0
2020-03-23,GSLC.MI,31.049999237060547,31.049999237060547,31.049999237060547,31.049999237060547,0
2020-03-24,GSLC.MI,31.049999237060547,31.049999237060547,31.049999237060547,31.049999237060547,0
2020-03-25,GSLC.MI,31.270000457763672,31.270000457763672,30.40999984741211,31.075000762939453,300
2020-03-26,GSLC.MI,31.075000762939453,31.075000762939453,31.075000762939453,31.075000762939453,0
2020-03-27,GSLC.MI,31.075000762939453,31.075000762939453,31.075000762939453,31.075000762939453,0
2020-03-30,GSLC.MI,31.8799991607666,32.04499816894531,31.8799991607666,32.04499816894531,200
2020-03-31,GSLC.MI,32.04499816894531,32.04499816894531,32.04499816894531,32.04499816894531,0
2020-04-01,GSLC.MI,31.1200008392334,31.1200008392334,30.989999771118164,30.989999771118164,3
2020-04-02,GSLC.MI,30.579999923706055,31.135000228881836,30.579999923706055,31.135000228881836,34
2020-04-03,GSLC.MI,31.135000228881836,31.135000228881836,31.135000228881836,31.135000228881836,0
2020-04-06,GSLC.MI,32.25,32.654998779296875,32.25,32.654998779296875,100
2020-04-07,GSLC.MI,32.654998779296875,32.654998779296875,32.654998779296875,32.654998779296875,0
2020-04-08,GSLC.MI,32.654998779296875,32.654998779296875,32.654998779296875,32.654998779296875,0
2020-04-09,GSLC.MI,32.654998779296875,32.654998779296875,32.654998779296875,32.654998779296875,0
2020-04-14,GSLC.MI,32.654998779296875,32.654998779296875,32.654998779296875,32.654998779296875,0
2020-04-15,GSLC.MI,32.654998779296875,32.654998779296875,32.654998779296875,32.654998779296875,0
2020-04-16,GSLC.MI,32.654998779296875,32.654998779296875,32.654998779296875,32.654998779296875,0
2020-04-17,GSLC.MI,32.654998779296875,32.654998779296875,32.654998779296875,32.654998779296875,0
2020-04-20,GSLC.MI,32.654998779296875,32.654998779296875,32.654998779296875,32.654998779296875,0
2020-04-21,GSLC.MI,32.654998779296875,32.654998779296875,32.654998779296875,32.654998779296875,0
2020-04-22,GSLC.MI,32.654998779296875,32.654998779296875,32.654998779296875,32.654998779296875,0
2020-04-23,GSLC.MI,32.654998779296875,32.654998779296875,32.654998779296875,32.654998779296875,0
2020-04-24,GSLC.MI,32.654998779296875,32.654998779296875,32.654998779296875,32.654998779296875,0
2020-04-27,GSLC.MI,32.654998779296875,32.654998779296875,32.654998779296875,32.654998779296875,0
2020-04-28,GSLC.MI,32.654998779296875,32.654998779296875,32.654998779296875,32.654998779296875,0
2020-04-29,GSLC.MI,32.654998779296875,32.654998779296875,32.654998779296875,32.654998779296875,0
2020-04-30,GSLC.MI,36.810001373291016,36.810001373291016,36.1150016784668,36.1150016784668,60
2020-05-04,GSLC.MI,34.709999084472656,35.03499984741211,34.68000030517578,35.03499984741211,13
2020-05-05,GSLC.MI,35.03499984741211,35.03499984741211,35.03499984741211,35.03499984741211,0
2020-05-06,GSLC.MI,35.03499984741211,35.03499984741211,35.03499984741211,35.03499984741211,0
2020-05-07,GSLC.MI,35.03499984741211,35.03499984741211,35.03499984741211,35.03499984741211,0
2020-05-08,GSLC.MI,35.03499984741211,35.03499984741211,35.03499984741211,35.03499984741211,0
2020-05-11,GSLC.MI,36.65999984741211,36.68000030517578,36.65999984741211,36.68000030517578,10
2020-05-12,GSLC.MI,36.68000030517578,36.68000030517578,36.68000030517578,36.68000030517578,0
2020-05-13,GSLC.MI,36.68000030517578,36.68000030517578,36.68000030517578,36.68000030517578,0
2020-05-14,GSLC.MI,36.68000030517578,36.68000030517578,36.68000030517578,36.68000030517578,0
2020-05-15,GSLC.MI,36.68000030517578,36.68000030517578,36.68000030517578,36.68000030517578,0
2020-05-18,GSLC.MI,36.68000030517578,36.68000030517578,36.68000030517578,36.68000030517578,0
2020-05-19,GSLC.MI,36.68000030517578,36.68000030517578,36.68000030517578,36.68000030517578,0
2020-05-20,GSLC.MI,36.82500076293945,36.85499954223633,36.82500076293945,36.85499954223633,10
2020-05-21,GSLC.MI,36.85499954223633,36.85499954223633,36.85499954223633,36.85499954223633,0
2020-05-22,GSLC.MI,36.85499954223633,36.85499954223633,36.85499954223633,36.85499954223633,0
2020-05-25,GSLC.MI,36.85499954223633,36.85499954223633,36.85499954223633,36.85499954223633,0
2020-05-26,GSLC.MI,36.85499954223633,36.85499954223633,36.85499954223633,36.85499954223633,0
2020-05-27,GSLC.MI,36.85499954223633,36.85499954223633,36.85499954223633,36.85499954223633,0
2020-05-28,GSLC.MI,37.55500030517578,37.60499954223633,37.525001525878906,37.53499984741211,254
2020-05-29,GSLC.MI,37.53499984741211,37.53499984741211,37.53499984741211,37.53499984741211,0
2020-06-01,GSLC.MI,37.53499984741211,37.53499984741211,37.53499984741211,37.53499984741211,0
2020-06-02,GSLC.MI,37.470001220703125,37.54499816894531,37.31999969482422,37.31999969482422,103
2020-06-03,GSLC.MI,37.31999969482422,37.31999969482422,37.31999969482422,37.31999969482422,0
2020-06-04,GSLC.MI,37.31999969482422,37.31999969482422,37.31999969482422,37.31999969482422,0
2020-06-05,GSLC.MI,37.31999969482422,37.31999969482422,37.31999969482422,37.31999969482422,0
2020-06-08,GSLC.MI,37.31999969482422,37.31999969482422,37.31999969482422,37.31999969482422,0
2020-06-09,GSLC.MI,37.31999969482422,37.31999969482422,37.31999969482422,37.31999969482422,0
2020-06-10,GSLC.MI,37.31999969482422,37.31999969482422,37.31999969482422,37.31999969482422,0
2020-06-11,GSLC.MI,37.31999969482422,37.31999969482422,37.31999969482422,37.31999969482422,0
2020-06-12,GSLC.MI,37.31999969482422,37.31999969482422,37.31999969482422,37.31999969482422,0
2020-06-15,GSLC.MI,37.31999969482422,37.31999969482422,37.31999969482422,37.31999969482422,0
2020-06-16,GSLC.MI,37.31999969482422,37.31999969482422,37.31999969482422,37.31999969482422,0
2020-06-17,GSLC.MI,37.31999969482422,37.31999969482422,37.31999969482422,37.31999969482422,0
2020-06-18,GSLC.MI,37.61000061035156,37.65999984741211,37.61000061035156,37.65999984741211,300
2020-06-19,GSLC.MI,37.65999984741211,37.65999984741211,37.65999984741211,37.65999984741211,0
2020-06-22,GSLC.MI,37.65999984741211,37.65999984741211,37.65999984741211,37.65999984741211,0
2020-06-23,GSLC.MI,37.65999984741211,37.65999984741211,37.65999984741211,37.65999984741211,0
2020-06-24,GSLC.MI,37.65999984741211,37.65999984741211,37.65999984741211,37.65999984741211,0
2020-06-25,GSLC.MI,37.65999984741211,37.65999984741211,37.65999984741211,37.65999984741211,0
2020-06-26,GSLC.MI,37.65999984741211,37.65999984741211,37.65999984741211,37.65999984741211,0
2020-06-29,GSLC.MI,37.65999984741211,37.65999984741211,37.65999984741211,37.65999984741211,0
2020-06-30,GSLC.MI,37.65999984741211,37.65999984741211,37.65999984741211,37.65999984741211,0
2020-07-01,GSLC.MI,37.654998779296875,37.654998779296875,37.40999984741211,37.40999984741211,3
2020-07-02,GSLC.MI,37.40999984741211,37.40999984741211,37.40999984741211,37.40999984741211,0
2020-07-03,GSLC.MI,38.04999923706055,38.04999923706055,37.79499816894531,37.79499816894531,300
2020-07-06,GSLC.MI,37.79499816894531,37.79499816894531,37.79499816894531,37.79499816894531,0
2020-07-07,GSLC.MI,37.79499816894531,37.79499816894531,37.79499816894531,37.79499816894531,0
2020-07-08,GSLC.MI,37.79499816894531,37.79499816894531,37.79499816894531,37.79499816894531,0
2020-07-09,GSLC.MI,38.125,38.125,37.6349983215332,37.6349983215332,13
2020-07-10,GSLC.MI,37.6349983215332,37.6349983215332,37.6349983215332,37.6349983215332,0
2020-07-13,GSLC.MI,37.6349983215332,37.6349983215332,37.6349983215332,37.6349983215332,0
2020-07-14,GSLC.MI,37.6349983215332,37.6349983215332,37.6349983215332,37.6349983215332,0
2020-07-15,GSLC.MI,37.6349983215332,37.6349983215332,37.6349983215332,37.6349983215332,0
2020-07-16,GSLC.MI,37.6349983215332,37.6349983215332,37.6349983215332,37.6349983215332,0
2020-07-17,GSLC.MI,37.6349983215332,37.6349983215332,37.6349983215332,37.6349983215332,0
2020-07-20,GSLC.MI,37.6349983215332,37.6349983215332,37.6349983215332,37.6349983215332,0
2020-07-21,GSLC.MI,37.6349983215332,37.6349983215332,37.6349983215332,37.6349983215332,0
2020-07-22,GSLC.MI,37.6349983215332,37.6349983215332,37.6349983215332,37.6349983215332,0
2020-07-23,GSLC.MI,37.6349983215332,37.6349983215332,37.6349983215332,37.6349983215332,0
2020-07-24,GSLC.MI,37.6349983215332,37.6349983215332,37.6349983215332,37.6349983215332,0
2020-07-27,GSLC.MI,37.6349983215332,37.6349983215332,37.6349983215332,37.6349983215332,0
2020-07-28,GSLC.MI,37.6349983215332,37.6349983215332,37.6349983215332,37.6349983215332,0
2020-07-29,GSLC.MI,37.6349983215332,37.6349983215332,37.6349983215332,37.6349983215332,0
2020-07-30,GSLC.MI,37.6349983215332,37.6349983215332,37.6349983215332,37.6349983215332,0
2020-07-31,GSLC.MI,37.6349983215332,37.6349983215332,37.6349983215332,37.6349983215332,0
2020-08-03,GSLC.MI,38.025001525878906,38.314998626708984,38.025001525878906,38.314998626708984,4
2020-08-04,GSLC.MI,38.314998626708984,38.314998626708984,38.314998626708984,38.314998626708984,0
2020-08-05,GSLC.MI,38.314998626708984,38.314998626708984,38.314998626708984,38.314998626708984,0
2020-08-06,GSLC.MI,38.314998626708984,38.314998626708984,38.314998626708984,38.314998626708984,0
2020-08-07,GSLC.MI,38.314998626708984,38.314998626708984,38.314998626708984,38.314998626708984,0
2020-08-10,GSLC.MI,38.56999969482422,38.630001068115234,38.56999969482422,38.630001068115234,7
2020-08-11,GSLC.MI,38.630001068115234,38.630001068115234,38.630001068115234,38.630001068115234,0
2020-08-12,GSLC.MI,38.70000076293945,38.81999969482422,38.70000076293945,38.81999969482422,42
2020-08-13,GSLC.MI,38.79999923706055,38.834999084472656,38.79999923706055,38.834999084472656,48
2020-08-14,GSLC.MI,38.834999084472656,38.834999084472656,38.834999084472656,38.834999084472656,0
2020-08-17,GSLC.MI,38.834999084472656,38.834999084472656,38.834999084472656,38.834999084472656,0
2020-08-18,GSLC.MI,38.834999084472656,38.834999084472656,38.834999084472656,38.834999084472656,0
2020-08-19,GSLC.MI,38.834999084472656,38.834999084472656,38.834999084472656,38.834999084472656,0
2020-08-20,GSLC.MI,38.834999084472656,38.834999084472656,38.834999084472656,38.834999084472656,0
2020-08-21,GSLC.MI,38.834999084472656,38.834999084472656,38.834999084472656,38.834999084472656,0
2020-08-24,GSLC.MI,39.33000183105469,39.35499954223633,39.33000183105469,39.35499954223633,28
2020-08-25,GSLC.MI,39.564998626708984,39.564998626708984,39.459999084472656,39.459999084472656,8
2020-08-26,GSLC.MI,39.459999084472656,39.459999084472656,39.459999084472656,39.459999084472656,0
2020-08-27,GSLC.MI,39.459999084472656,39.459999084472656,39.459999084472656,39.459999084472656,0
2020-08-28,GSLC.MI,39.459999084472656,39.459999084472656,39.459999084472656,39.459999084472656,0
2020-08-31,GSLC.MI,39.459999084472656,39.459999084472656,39.459999084472656,39.459999084472656,0
2020-09-01,GSLC.MI,39.689998626708984,39.90999984741211,39.689998626708984,39.90999984741211,4
2020-09-02,GSLC.MI,39.90999984741211,39.90999984741211,39.90999984741211,39.90999984741211,0
2020-09-03,GSLC.MI,39.90999984741211,39.90999984741211,39.90999984741211,39.90999984741211,0
2020-09-04,GSLC.MI,39.90999984741211,39.90999984741211,39.90999984741211,39.90999984741211,0
2020-09-07,GSLC.MI,39.90999984741211,39.90999984741211,39.90999984741211,39.90999984741211,0
2020-09-08,GSLC.MI,39.01499938964844,39.01499938964844,38.63999938964844,38.63999938964844,220
2020-09-09,GSLC.MI,38.69499969482422,38.959999084472656,38.69499969482422,38.959999084472656,300
2020-09-10,GSLC.MI,38.959999084472656,38.959999084472656,38.959999084472656,38.959999084472656,0
2020-09-11,GSLC.MI,38.959999084472656,38.959999084472656,38.959999084472656,38.959999084472656,0
2020-09-14,GSLC.MI,38.959999084472656,38.959999084472656,38.959999084472656,38.959999084472656,0
2020-09-15,GSLC.MI,38.959999084472656,38.959999084472656,38.959999084472656,38.959999084472656,0
2020-09-16,GSLC.MI,38.959999084472656,38.959999084472656,38.959999084472656,38.959999084472656,0
2020-09-17,GSLC.MI,38.959999084472656,38.959999084472656,38.959999084472656,38.959999084472656,0
2020-09-18,GSLC.MI,38.959999084472656,38.959999084472656,38.959999084472656,38.959999084472656,0
2020-09-21,GSLC.MI,38.959999084472656,38.959999084472656,38.959999084472656,38.959999084472656,0
2020-09-22,GSLC.MI,38.959999084472656,38.959999084472656,38.959999084472656,38.959999084472656,0
2020-09-23,GSLC.MI,38.959999084472656,38.959999084472656,38.959999084472656,38.959999084472656,0
2020-09-24,GSLC.MI,38.959999084472656,38.959999084472656,38.959999084472656,38.959999084472656,0
2020-09-25,GSLC.MI,38.959999084472656,38.959999084472656,38.959999084472656,38.959999084472656,0
2020-09-28,GSLC.MI,38.959999084472656,38.959999084472656,38.959999084472656,38.959999084472656,0
2020-09-29,GSLC.MI,38.959999084472656,38.959999084472656,38.959999084472656,38.959999084472656,0
2020-09-30,GSLC.MI,38.959999084472656,38.959999084472656,38.959999084472656,38.959999084472656,0
2020-10-01,GSLC.MI,38.959999084472656,38.959999084472656,38.959999084472656,38.959999084472656,0
2020-10-02,GSLC.MI,39.084999084472656,39.185001373291016,39.084999084472656,39.185001373291016,25
2020-10-05,GSLC.MI,39.334999084472656,39.380001068115234,39.334999084472656,39.380001068115234,50
2020-10-06,GSLC.MI,39.380001068115234,39.380001068115234,39.380001068115234,39.380001068115234,0
2020-10-07,GSLC.MI,39.380001068115234,39.380001068115234,39.380001068115234,39.380001068115234,0
2020-10-08,GSLC.MI,39.380001068115234,39.380001068115234,39.380001068115234,39.380001068115234,0
2020-10-09,GSLC.MI,40.03499984741211,40.11000061035156,40.03499984741211,40.11000061035156,25
2020-10-12,GSLC.MI,40.11000061035156,40.11000061035156,40.11000061035156,40.11000061035156,0
2020-10-13,GSLC.MI,40.834999084472656,41.04999923706055,40.834999084472656,41.04999923706055,125
2020-10-14,GSLC.MI,41.04999923706055,41.04999923706055,41.04999923706055,41.04999923706055,0
2020-10-15,GSLC.MI,40.3650016784668,40.529998779296875,40.3650016784668,40.529998779296875,24
2020-10-16,GSLC.MI,40.529998779296875,40.529998779296875,40.529998779296875,40.529998779296875,0
2020-10-19,GSLC.MI,40.529998779296875,40.529998779296875,40.529998779296875,40.529998779296875,0
2020-10-20,GSLC.MI,40.529998779296875,40.529998779296875,40.529998779296875,40.529998779296875,0
2020-10-21,GSLC.MI,40.529998779296875,40.529998779296875,40.529998779296875,40.529998779296875,0
2020-10-22,GSLC.MI,40.529998779296875,40.529998779296875,40.529998779296875,40.529998779296875,0
2020-10-23,GSLC.MI,40.529998779296875,40.529998779296875,40.529998779296875,40.529998779296875,0
2020-10-26,GSLC.MI,40.529998779296875,40.529998779296875,40.529998779296875,40.529998779296875,0
2020-10-27,GSLC.MI,40.529998779296875,40.529998779296875,40.529998779296875,40.529998779296875,0
2020-10-28,GSLC.MI,40.529998779296875,40.529998779296875,40.529998779296875,40.529998779296875,0
2020-10-29,GSLC.MI,40.529998779296875,40.529998779296875,40.529998779296875,40.529998779296875,0
2020-10-30,GSLC.MI,40.529998779296875,40.529998779296875,40.529998779296875,40.529998779296875,0
2020-11-02,GSLC.MI,40.529998779296875,40.529998779296875,40.529998779296875,40.529998779296875,0
2020-11-03,GSLC.MI,40.529998779296875,40.529998779296875,40.529998779296875,40.529998779296875,0
2020-11-04,GSLC.MI,40.529998779296875,40.529998779296875,40.529998779296875,40.529998779296875,0
2020-11-05,GSLC.MI,40.529998779296875,40.529998779296875,40.529998779296875,40.529998779296875,0
2020-11-06,GSLC.MI,40.529998779296875,40.529998779296875,40.529998779296875,40.529998779296875,0
2020-11-09,GSLC.MI,41.42499923706055,41.51499938964844,41.42499923706055,41.51499938964844,24
2020-11-10,GSLC.MI,40.35499954223633,40.45000076293945,40.35499954223633,40.45000076293945,50
2020-11-11,GSLC.MI,40.45000076293945,40.45000076293945,40.45000076293945,40.45000076293945,0
2020-11-12,GSLC.MI,40.45000076293945,40.45000076293945,40.45000076293945,40.45000076293945,0
2020-11-13,GSLC.MI,40.45000076293945,40.45000076293945,40.45000076293945,40.45000076293945,0
2020-11-16,GSLC.MI,41.310001373291016,41.68000030517578,41.2599983215332,41.44499969482422,4207
2020-11-17,GSLC.MI,41.060001373291016,41.20000076293945,41.060001373291016,41.189998626708984,96
2020-11-18,GSLC.MI,41.32500076293945,41.32500076293945,41.16999816894531,41.21500015258789,180
2020-11-19,GSLC.MI,40.834999084472656,41.11000061035156,40.755001068115234,40.880001068115234,1615
2020-11-20,GSLC.MI,40.834999084472656,41.0099983215332,40.834999084472656,41.0099983215332,250
2020-11-23,GSLC.MI,41.0099983215332,41.0099983215332,40.84000015258789,40.88999938964844,605
2020-11-24,GSLC.MI,41.099998474121094,41.28499984741211,41.099998474121094,41.28499984741211,525
2020-11-25,GSLC.MI,41.28499984741211,41.28499984741211,41.18000030517578,41.18000030517578,360
2020-11-26,GSLC.MI,41.279998779296875,41.279998779296875,41.040000915527344,41.279998779296875,350
2020-11-27,GSLC.MI,41.32500076293945,41.35499954223633,41.31999969482422,41.31999969482422,160
2020-11-30,GSLC.MI,41.02000045776367,41.099998474121094,41.02000045776367,41.02000045776367,296
2020-12-01,GSLC.MI,41.45500183105469,41.71500015258789,41.35499954223633,41.35499954223633,365
2020-12-02,GSLC.MI,41.35499954223633,41.35499954223633,41.35499954223633,41.35499954223633,0
2020-12-03,GSLC.MI,41.0,41.04999923706055,41.0,41.04999923706055,23
2020-12-04,GSLC.MI,41.28499984741211,41.5,41.27000045776367,41.27000045776367,480
2020-12-07,GSLC.MI,41.30500030517578,41.349998474121094,41.20000076293945,41.349998474121094,310
2020-12-08,GSLC.MI,41.25,41.459999084472656,41.25,41.459999084472656,24
2020-12-09,GSLC.MI,41.54499816894531,41.6349983215332,41.51499938964844,41.51499938964844,560
2020-12-10,GSLC.MI,41.20000076293945,41.209999084472656,41.11000061035156,41.209999084472656,275
2020-12-11,GSLC.MI,40.90999984741211,41.2599983215332,40.90999984741211,40.935001373291016,807
2020-12-14,GSLC.MI,41.220001220703125,41.494998931884766,41.220001220703125,41.29499816894531,370
2020-12-15,GSLC.MI,41.29499816894531,41.29499816894531,41.29499816894531,41.29499816894531,0
2020-12-16,GSLC.MI,41.29499816894531,41.29499816894531,41.29499816894531,41.29499816894531,0
2020-12-17,GSLC.MI,41.45000076293945,41.45000076293945,41.45000076293945,41.45000076293945,95
2020-12-18,GSLC.MI,41.52000045776367,41.54499816894531,41.3650016784668,41.3650016784668,55
2020-12-21,GSLC.MI,41.540000915527344,41.540000915527344,41.05500030517578,41.05500030517578,296
2020-12-22,GSLC.MI,41.5,41.58000183105469,41.5,41.58000183105469,20
2020-12-23,GSLC.MI,41.685001373291016,41.915000915527344,41.58000183105469,41.58000183105469,624
2020-12-28,GSLC.MI,41.70000076293945,41.75,41.650001525878906,41.75,1957
2020-12-29,GSLC.MI,41.630001068115234,41.665000915527344,41.630001068115234,41.665000915527344,25
2020-12-30,GSLC.MI,41.70000076293945,41.70000076293945,41.5099983215332,41.5099983215332,250
2021-01-04,GSLC.MI,41.540000915527344,41.540000915527344,41.189998626708984,41.189998626708984,305
2021-01-05,GSLC.MI,41.19499969482422,41.19499969482422,41.130001068115234,41.130001068115234,15
2021-01-06,GSLC.MI,40.959999084472656,41.724998474121094,40.935001373291016,41.724998474121094,56
2021-01-07,GSLC.MI,41.724998474121094,41.724998474121094,41.724998474121094,41.724998474121094,0
2021-01-08,GSLC.MI,42.3849983215332,42.40999984741211,42.380001068115234,42.40999984741211,104
2021-01-11,GSLC.MI,42.6349983215332,42.7599983215332,42.6349983215332,42.7599983215332,620
2021-01-12,GSLC.MI,42.619998931884766,42.650001525878906,42.619998931884766,42.650001525878906,69
2021-01-13,GSLC.MI,42.54999923706055,42.72999954223633,42.54999923706055,42.72999954223633,705
2021-01-14,GSLC.MI,42.72999954223633,42.72999954223633,42.72999954223633,42.72999954223633,0
2021-01-15,GSLC.MI,42.529998779296875,42.564998626708984,42.400001525878906,42.564998626708984,210
2021-01-18,GSLC.MI,42.54499816894531,42.66999816894531,42.54499816894531,42.625,140
2021-01-19,GSLC.MI,42.70000076293945,42.70000076293945,42.625,42.625,350
2021-01-20,GSLC.MI,42.8650016784668,43.28499984741211,42.8650016784668,43.28499984741211,10
2021-01-21,GSLC.MI,43.5,44.0,43.28499984741211,43.3650016784668,610
2021-01-22,GSLC.MI,43.1349983215332,43.1349983215332,43.08000183105469,43.08000183105469,25
2021-01-25,GSLC.MI,43.25,43.29999923706055,43.0,43.064998626708984,780
2021-01-26,GSLC.MI,43.415000915527344,43.415000915527344,43.290000915527344,43.29499816894531,394
2021-01-27,GSLC.MI,43.29499816894531,43.29999923706055,42.880001068115234,42.880001068115234,150
2021-01-28,GSLC.MI,42.369998931884766,42.89500045776367,42.2599983215332,42.89500045776367,26
2021-01-29,GSLC.MI,42.89500045776367,42.89500045776367,42.89500045776367,42.89500045776367,0
2021-02-01,GSLC.MI,42.334999084472656,42.505001068115234,42.334999084472656,42.505001068115234,20
2021-02-02,GSLC.MI,42.505001068115234,42.505001068115234,42.505001068115234,42.505001068115234,0
2021-02-03,GSLC.MI,42.505001068115234,42.505001068115234,42.505001068115234,42.505001068115234,0
2021-02-04,GSLC.MI,43.64500045776367,43.89500045776367,43.64500045776367,43.89500045776367,1
2021-02-05,GSLC.MI,44.2599983215332,44.52000045776367,44.06999969482422,44.06999969482422,1551
2021-02-08,GSLC.MI,44.20000076293945,44.2599983215332,44.20000076293945,44.255001068115234,116
2021-02-09,GSLC.MI,44.099998474121094,44.185001373291016,44.099998474121094,44.185001373291016,6
2021-02-10,GSLC.MI,44.310001373291016,44.310001373291016,44.01499938964844,44.01499938964844,72
2021-02-11,GSLC.MI,44.18000030517578,44.275001525878906,44.18000030517578,44.275001525878906,69
2021-02-12,GSLC.MI,44.290000915527344,44.36000061035156,44.290000915527344,44.36000061035156,23
2021-02-15,GSLC.MI,44.36000061035156,44.36000061035156,44.36000061035156,44.36000061035156,0
2021-02-16,GSLC.MI,44.52000045776367,44.52000045776367,44.42499923706055,44.42499923706055,91
2021-02-17,GSLC.MI,44.47999954223633,44.47999954223633,44.32500076293945,44.32500076293945,4
2021-02-18,GSLC.MI,44.32500076293945,44.32500076293945,44.32500076293945,44.32500076293945,0
2021-02-19,GSLC.MI,44.32500076293945,44.32500076293945,44.32500076293945,44.32500076293945,0
2021-02-22,GSLC.MI,44.32500076293945,44.32500076293945,44.32500076293945,44.32500076293945,0
2021-02-23,GSLC.MI,43.19499969482422,43.19499969482422,42.7400016784668,43.0,454
2021-02-24,GSLC.MI,43.380001068115234,43.5,43.380001068115234,43.5,165
2021-02-25,GSLC.MI,43.5,43.5,43.5,43.5,0
2021-02-26,GSLC.MI,42.70000076293945,42.79999923706055,42.70000076293945,42.79999923706055,10
2021-03-01,GSLC.MI,43.65999984741211,43.68000030517578,43.65999984741211,43.68000030517578,120
2021-03-02,GSLC.MI,43.79999923706055,43.79999923706055,43.51499938964844,43.51499938964844,1
2021-03-03,GSLC.MI,43.529998779296875,43.529998779296875,43.150001525878906,43.150001525878906,15
2021-03-04,GSLC.MI,43.150001525878906,43.150001525878906,43.150001525878906,43.150001525878906,0
2021-03-05,GSLC.MI,43.150001525878906,43.150001525878906,43.150001525878906,43.150001525878906,0
2021-03-08,GSLC.MI,43.150001525878906,43.150001525878906,43.150001525878906,43.150001525878906,0
2021-03-09,GSLC.MI,43.150001525878906,43.150001525878906,43.150001525878906,43.150001525878906,0
2021-03-10,GSLC.MI,43.84000015258789,44.119998931884766,43.84000015258789,44.119998931884766,2
2021-03-11,GSLC.MI,44.119998931884766,44.119998931884766,44.119998931884766,44.119998931884766,0
2021-03-12,GSLC.MI,44.119998931884766,44.119998931884766,44.119998931884766,44.119998931884766,0
2021-03-15,GSLC.MI,44.650001525878906,44.650001525878906,44.48500061035156,44.505001068115234,54
2021-03-16,GSLC.MI,44.89500045776367,45.099998474121094,44.869998931884766,44.974998474121094,225
2021-03-17,GSLC.MI,44.974998474121094,44.974998474121094,44.974998474121094,44.974998474121094,0
2021-03-18,GSLC.MI,44.650001525878906,44.689998626708984,44.650001525878906,44.689998626708984,157
2021-03-19,GSLC.MI,44.689998626708984,44.689998626708984,44.689998626708984,44.689998626708984,0
2021-03-22,GSLC.MI,44.35499954223633,44.64500045776367,44.35499954223633,44.64500045776367,9
2021-03-23,GSLC.MI,44.64500045776367,44.64500045776367,44.64500045776367,44.64500045776367,0
2021-03-24,GSLC.MI,44.875,44.875,44.83000183105469,44.83000183105469,314
2021-03-25,GSLC.MI,44.44499969482422,44.5,44.44499969482422,44.5,25
2021-03-26,GSLC.MI,44.5,44.5,44.5,44.5,0
2021-03-29,GSLC.MI,45.29499816894531,45.29499816894531,45.244998931884766,45.244998931884766,150
2021-03-30,GSLC.MI,45.244998931884766,45.244998931884766,45.244998931884766,45.244998931884766,0
2021-03-31,GSLC.MI,45.244998931884766,45.244998931884766,45.244998931884766,45.244998931884766,0
2021-04-01,GSLC.MI,45.244998931884766,45.244998931884766,45.244998931884766,45.244998931884766,0
2021-04-06,GSLC.MI,46.47999954223633,46.529998779296875,46.47999954223633,46.529998779296875,152
2021-04-07,GSLC.MI,46.529998779296875,46.529998779296875,46.529998779296875,46.529998779296875,0
2021-04-08,GSLC.MI,46.529998779296875,46.529998779296875,46.529998779296875,46.529998779296875,0
2021-04-09,GSLC.MI,46.54999923706055,46.619998931884766,46.54999923706055,46.599998474121094,18
2021-04-12,GSLC.MI,46.599998474121094,46.599998474121094,46.599998474121094,46.599998474121094,0
2021-04-13,GSLC.MI,46.88999938964844,46.88999938964844,46.77000045776367,46.77000045776367,95
2021-04-14,GSLC.MI,46.79999923706055,46.79999923706055,46.67499923706055,46.67499923706055,11
2021-04-15,GSLC.MI,46.67499923706055,46.67499923706055,46.67499923706055,46.67499923706055,0
2021-04-16,GSLC.MI,46.67499923706055,46.67499923706055,46.67499923706055,46.67499923706055,0
2021-04-19,GSLC.MI,47.040000915527344,47.040000915527344,46.790000915527344,46.790000915527344,250
2021-04-20,GSLC.MI,46.47999954223633,46.47999954223633,46.3650016784668,46.3650016784668,77
2021-04-21,GSLC.MI,46.3650016784668,46.3650016784668,46.3650016784668,46.3650016784668,0
2021-04-22,GSLC.MI,46.8650016784668,46.9900016784668,46.8650016784668,46.9900016784668,5
2021-04-23,GSLC.MI,46.40999984741211,46.810001373291016,46.40999984741211,46.810001373291016,1
2021-04-26,GSLC.MI,46.7400016784668,46.89500045776367,46.7400016784668,46.89500045776367,145
2021-04-27,GSLC.MI,46.89500045776367,46.89500045776367,46.89500045776367,46.89500045776367,0
2021-04-28,GSLC.MI,46.790000915527344,46.790000915527344,46.78499984741211,46.78499984741211,46
2021-04-29,GSLC.MI,46.78499984741211,46.78499984741211,46.78499984741211,46.78499984741211,0
2021-04-30,GSLC.MI,46.814998626708984,46.85499954223633,46.814998626708984,46.85499954223633,160
2021-05-03,GSLC.MI,46.85499954223633,46.85499954223633,46.85499954223633,46.85499954223633,0
2021-05-04,GSLC.MI,46.630001068115234,46.630001068115234,46.349998474121094,46.349998474121094,38
2021-05-05,GSLC.MI,46.86000061035156,46.86000061035156,46.79499816894531,46.79499816894531,100
2021-05-06,GSLC.MI,46.79499816894531,46.79499816894531,46.79499816894531,46.79499816894531,0
2021-05-07,GSLC.MI,46.61000061035156,46.775001525878906,46.345001220703125,46.775001525878906,380
2021-05-10,GSLC.MI,46.775001525878906,46.775001525878906,46.775001525878906,46.775001525878906,0
2021-05-11,GSLC.MI,45.95000076293945,45.95000076293945,45.775001525878906,45.775001525878906,24
2021-05-12,GSLC.MI,45.775001525878906,45.775001525878906,45.775001525878906,45.775001525878906,0
2021-05-13,GSLC.MI,45.060001373291016,45.64500045776367,45.060001373291016,45.64500045776367,195
2021-05-14,GSLC.MI,45.849998474121094,46.04499816894531,45.849998474121094,46.04499816894531,70
2021-05-17,GSLC.MI,46.04499816894531,46.04499816894531,46.04499816894531,46.04499816894531,0
2021-05-18,GSLC.MI,45.77000045776367,45.810001373291016,45.77000045776367,45.810001373291016,7
2021-05-19,GSLC.MI,45.810001373291016,45.810001373291016,45.810001373291016,45.810001373291016,0
2021-05-20,GSLC.MI,45.810001373291016,45.810001373291016,45.810001373291016,45.810001373291016,0
2021-05-21,GSLC.MI,45.810001373291016,45.810001373291016,45.810001373291016,45.810001373291016,0
2021-05-24,GSLC.MI,46.29499816894531,46.31999969482422,46.29499816894531,46.31999969482422,250
2021-05-25,GSLC.MI,46.2400016784668,46.2400016784668,46.1150016784668,46.1150016784668,190
2021-05-26,GSLC.MI,46.2400016784668,46.30500030517578,46.20000076293945,46.30500030517578,30
2021-05-27,GSLC.MI,46.21500015258789,46.47999954223633,45.939998626708984,46.47999954223633,526
2021-05-28,GSLC.MI,46.47999954223633,46.47999954223633,46.47999954223633,46.47999954223633,0
2021-05-31,GSLC.MI,46.47999954223633,46.47999954223633,46.47999954223633,46.47999954223633,0
2021-06-01,GSLC.MI,46.474998474121094,46.474998474121094,46.23500061035156,46.23500061035156,100
2021-06-02,GSLC.MI,46.23500061035156,46.23500061035156,46.23500061035156,46.23500061035156,0
2021-06-03,GSLC.MI,46.23500061035156,46.23500061035156,46.23500061035156,46.23500061035156,0
2021-06-04,GSLC.MI,46.23500061035156,46.23500061035156,46.23500061035156,46.23500061035156,0
2021-06-07,GSLC.MI,46.23500061035156,46.23500061035156,46.23500061035156,46.23500061035156,0
2021-06-08,GSLC.MI,46.23500061035156,46.23500061035156,46.23500061035156,46.23500061035156,0
2021-06-09,GSLC.MI,46.23500061035156,46.23500061035156,46.23500061035156,46.23500061035156,0
2021-06-10,GSLC.MI,46.23500061035156,46.23500061035156,46.23500061035156,46.23500061035156,0
2021-06-11,GSLC.MI,47.02000045776367,47.29499816894531,47.02000045776367,47.29499816894531,5
2021-06-14,GSLC.MI,47.529998779296875,47.529998779296875,47.255001068115234,47.255001068115234,10
2021-06-15,GSLC.MI,47.255001068115234,47.255001068115234,47.255001068115234,47.255001068115234,0
2021-06-16,GSLC.MI,47.369998931884766,47.369998931884766,47.33000183105469,47.349998474121094,270
2021-06-17,GSLC.MI,47.90999984741211,47.93000030517578,47.83000183105469,47.93000030517578,740
2021-06-18,GSLC.MI,47.98500061035156,47.98500061035156,47.68000030517578,47.68000030517578,302
2021-06-21,GSLC.MI,47.68000030517578,47.68000030517578,47.68000030517578,47.68000030517578,0
2021-06-22,GSLC.MI,48.08000183105469,48.31999969482422,48.08000183105469,48.31999969482422,3
2021-06-23,GSLC.MI,48.2599983215332,48.2599983215332,48.20500183105469,48.20500183105469,200
2021-06-24,GSLC.MI,48.380001068115234,48.46500015258789,48.380001068115234,48.46500015258789,2
2021-06-25,GSLC.MI,48.470001220703125,48.58000183105469,48.400001525878906,48.58000183105469,14
2021-06-28,GSLC.MI,48.58000183105469,48.58000183105469,48.58000183105469,48.58000183105469,0
2021-06-29,GSLC.MI,48.58000183105469,48.58000183105469,48.58000183105469,48.58000183105469,0
2021-06-30,GSLC.MI,49.060001373291016,49.23500061035156,49.060001373291016,49.23500061035156,100
2021-07-01,GSLC.MI,49.3849983215332,49.3849983215332,49.34000015258789,49.34000015258789,21
2021-07-02,GSLC.MI,49.650001525878906,49.98500061035156,49.59000015258789,49.68000030517578,670
2021-07-05,GSLC.MI,49.720001220703125,49.790000915527344,49.720001220703125,49.790000915527344,264
2021-07-06,GSLC.MI,49.84000015258789,49.84000015258789,49.68000030517578,49.68000030517578,3
2021-07-07,GSLC.MI,49.68000030517578,49.68000030517578,49.68000030517578,49.68000030517578,0
2021-07-08,GSLC.MI,49.689998626708984,49.689998626708984,49.494998931884766,49.494998931884766,500
2021-07-09,GSLC.MI,49.775001525878906,49.96500015258789,49.775001525878906,49.96500015258789,250
2021-07-12,GSLC.MI,50.08000183105469,50.099998474121094,50.040000915527344,50.08000183105469,260
2021-07-13,GSLC.MI,50.209999084472656,50.439998626708984,50.209999084472656,50.439998626708984,4
2021-07-14,GSLC.MI,50.209999084472656,50.31999969482422,50.15999984741211,50.15999984741211,140
2021-07-15,GSLC.MI,50.02000045776367,50.04999923706055,50.02000045776367,50.04999923706055,25
2021-07-16,GSLC.MI,50.04999923706055,50.04999923706055,50.04999923706055,50.04999923706055,0
2021-07-19,GSLC.MI,49.619998931884766,49.619998931884766,48.9900016784668,49.13999938964844,140
2021-07-20,GSLC.MI,49.525001525878906,49.95500183105469,49.525001525878906,49.95500183105469,23
2021-07-21,GSLC.MI,49.95500183105469,49.95500183105469,49.95500183105469,49.95500183105469,0
2021-07-22,GSLC.MI,49.95500183105469,49.95500183105469,49.95500183105469,49.95500183105469,0
2021-07-23,GSLC.MI,50.86000061035156,51.09000015258789,50.86000061035156,51.09000015258789,35
2021-07-26,GSLC.MI,51.0099983215332,51.0099983215332,50.95000076293945,50.9900016784668,217
2021-07-27,GSLC.MI,51.0,51.0,50.45000076293945,50.45000076293945,92
2021-07-28,GSLC.MI,50.86000061035156,50.88999938964844,50.779998779296875,50.779998779296875,25
2021-07-29,GSLC.MI,50.779998779296875,50.779998779296875,50.779998779296875,50.779998779296875,0
2021-07-30,GSLC.MI,50.779998779296875,50.779998779296875,50.779998779296875,50.779998779296875,0
2021-08-02,GSLC.MI,50.779998779296875,50.779998779296875,50.779998779296875,50.779998779296875,0
2021-08-03,GSLC.MI,50.47999954223633,50.52000045776367,50.47999954223633,50.52000045776367,50
2021-08-04,GSLC.MI,50.52000045776367,50.52000045776367,50.52000045776367,50.52000045776367,0
2021-08-05,GSLC.MI,50.52000045776367,50.52000045776367,50.52000045776367,50.52000045776367,0
2021-08-06,GSLC.MI,51.06999969482422,51.369998931884766,51.06999969482422,51.369998931884766,46
2021-08-09,GSLC.MI,51.369998931884766,51.369998931884766,51.369998931884766,51.369998931884766,0
2021-08-10,GSLC.MI,51.369998931884766,51.369998931884766,51.369998931884766,51.369998931884766,0
2021-08-11,GSLC.MI,51.369998931884766,51.369998931884766,51.369998931884766,51.369998931884766,0
2021-08-12,GSLC.MI,51.369998931884766,51.369998931884766,51.369998931884766,51.369998931884766,0
2021-08-13,GSLC.MI,51.369998931884766,51.369998931884766,51.369998931884766,51.369998931884766,0
2021-08-16,GSLC.MI,51.47999954223633,51.47999954223633,51.47999954223633,51.47999954223633,20
2021-08-17,GSLC.MI,51.47999954223633,51.47999954223633,51.47999954223633,51.47999954223633,0
2021-08-18,GSLC.MI,51.47999954223633,51.47999954223633,51.47999954223633,51.47999954223633,0
2021-08-19,GSLC.MI,51.02000045776367,51.38999938964844,50.939998626708984,51.38999938964844,14
2021-08-20,GSLC.MI,51.369998931884766,51.810001373291016,51.369998931884766,51.810001373291016,20
2021-08-23,GSLC.MI,51.869998931884766,52.15999984741211,51.869998931884766,52.15999984741211,24
2021-08-24,GSLC.MI,52.209999084472656,52.209999084472656,52.119998931884766,52.119998931884766,13
2021-08-25,GSLC.MI,52.119998931884766,52.119998931884766,52.119998931884766,52.119998931884766,0
2021-08-26,GSLC.MI,52.18000030517578,52.18000030517578,52.0,52.0,10
2021-08-27,GSLC.MI,52.0,52.0,52.0,52.0,0
2021-08-30,GSLC.MI,52.20000076293945,52.45000076293945,52.20000076293945,52.45000076293945,8
2021-08-31,GSLC.MI,52.45000076293945,52.45000076293945,52.45000076293945,52.45000076293945,0
2021-09-01,GSLC.MI,52.459999084472656,52.459999084472656,52.11000061035156,52.11000061035156,84
2021-09-02,GSLC.MI,52.11000061035156,52.11000061035156,52.11000061035156,52.11000061035156,0
2021-09-03,GSLC.MI,52.189998626708984,52.189998626708984,52.13999938964844,52.13999938964844,10
2021-09-06,GSLC.MI,52.279998779296875,52.38999938964844,52.279998779296875,52.36000061035156,72
2021-09-07,GSLC.MI,52.11000061035156,52.11000061035156,52.029998779296875,52.060001373291016,15
2021-09-08,GSLC.MI,52.060001373291016,52.060001373291016,52.060001373291016,52.060001373291016,0
2021-09-09,GSLC.MI,51.77000045776367,52.060001373291016,51.77000045776367,52.060001373291016,490
2021-09-10,GSLC.MI,52.0,52.0,51.68000030517578,51.68000030517578,300
2021-09-13,GSLC.MI,51.68000030517578,51.68000030517578,51.68000030517578,51.68000030517578,0
2021-09-14,GSLC.MI,51.720001220703125,51.720001220703125,51.40999984741211,51.40999984741211,290
2021-09-15,GSLC.MI,51.40999984741211,51.40999984741211,51.40999984741211,51.40999984741211,0
2021-09-16,GSLC.MI,51.40999984741211,51.40999984741211,51.40999984741211,51.40999984741211,0
2021-09-17,GSLC.MI,51.40999984741211,51.40999984741211,51.40999984741211,51.40999984741211,0
2021-09-20,GSLC.MI,51.40999984741211,51.40999984741211,51.40999984741211,51.40999984741211,0
2021-09-21,GSLC.MI,51.40999984741211,51.40999984741211,51.40999984741211,51.40999984741211,0
2021-09-22,GSLC.MI,51.40999984741211,51.40999984741211,51.40999984741211,51.40999984741211,0
2021-09-23,GSLC.MI,51.40999984741211,51.40999984741211,51.40999984741211,51.40999984741211,0
2021-09-24,GSLC.MI,51.40999984741211,51.40999984741211,51.40999984741211,51.40999984741211,0
2021-09-27,GSLC.MI,51.970001220703125,52.0,51.66999816894531,51.66999816894531,39
2021-09-28,GSLC.MI,51.66999816894531,51.66999816894531,51.66999816894531,51.66999816894531,0
2021-09-29,GSLC.MI,51.66999816894531,51.66999816894531,51.66999816894531,51.66999816894531,0
2021-09-30,GSLC.MI,51.66999816894531,51.66999816894531,51.66999816894531,51.66999816894531,0
2021-10-01,GSLC.MI,51.66999816894531,51.66999816894531,51.66999816894531,51.66999816894531,0
2021-10-04,GSLC.MI,51.66999816894531,51.66999816894531,51.66999816894531,51.66999816894531,0
2021-10-05,GSLC.MI,50.34000015258789,50.900001525878906,50.290000915527344,50.900001525878906,38
2021-10-06,GSLC.MI,50.900001525878906,50.900001525878906,50.900001525878906,50.900001525878906,0
2021-10-07,GSLC.MI,50.900001525878906,50.900001525878906,50.900001525878906,50.900001525878906,0
2021-10-08,GSLC.MI,51.41999816894531,51.560001373291016,51.41999816894531,51.560001373291016,32
2021-10-11,GSLC.MI,51.2400016784668,51.58000183105469,51.2400016784668,51.58000183105469,1048
2021-10-12,GSLC.MI,51.18000030517578,51.2599983215332,51.18000030517578,51.2599983215332,7
2021-10-13,GSLC.MI,51.2599983215332,51.2599983215332,51.2599983215332,51.2599983215332,0
2021-10-14,GSLC.MI,51.400001525878906,51.91999816894531,51.400001525878906,51.91999816894531,20
2021-10-15,GSLC.MI,51.91999816894531,51.91999816894531,51.91999816894531,51.91999816894531,0
2021-10-18,GSLC.MI,52.189998626708984,52.41999816894531,51.88999938964844,52.40999984741211,898
2021-10-19,GSLC.MI,52.40999984741211,52.40999984741211,52.40999984741211,52.40999984741211,0
2021-10-20,GSLC.MI,52.810001373291016,52.91999816894531,52.810001373291016,52.91999816894531,28
2021-10-21,GSLC.MI,52.81999969482422,52.939998626708984,52.81999969482422,52.939998626708984,106
2021-10-22,GSLC.MI,52.939998626708984,52.939998626708984,52.939998626708984,52.939998626708984,0
2021-10-25,GSLC.MI,53.16999816894531,53.38999938964844,53.099998474121094,53.38999938964844,177
2021-10-26,GSLC.MI,53.63999938964844,53.790000915527344,53.63999938964844,53.790000915527344,30
2021-10-27,GSLC.MI,53.599998474121094,53.599998474121094,53.439998626708984,53.470001220703125,200
2021-10-28,GSLC.MI,53.470001220703125,53.470001220703125,53.470001220703125,53.470001220703125,0
2021-10-29,GSLC.MI,53.470001220703125,53.470001220703125,53.470001220703125,53.470001220703125,0
2021-11-01,GSLC.MI,54.189998626708984,54.189998626708984,53.93000030517578,53.93000030517578,15
2021-11-02,GSLC.MI,53.93000030517578,53.93000030517578,53.93000030517578,53.93000030517578,0
2021-11-03,GSLC.MI,53.93000030517578,53.93000030517578,53.93000030517578,53.93000030517578,0
2021-11-04,GSLC.MI,54.70000076293945,54.93000030517578,54.70000076293945,54.93000030517578,53
2021-11-05,GSLC.MI,55.400001525878906,55.400001525878906,55.16999816894531,55.16999816894531,14
2021-11-08,GSLC.MI,55.150001525878906,55.150001525878906,55.029998779296875,55.029998779296875,60
2021-11-09,GSLC.MI,55.029998779296875,55.04999923706055,54.95000076293945,54.95000076293945,102
2021-11-10,GSLC.MI,54.9900016784668,55.209999084472656,54.9900016784668,55.209999084472656,40
2021-11-11,GSLC.MI,55.209999084472656,55.2400016784668,55.209999084472656,55.2400016784668,6
2021-11-12,GSLC.MI,55.2400016784668,55.2400016784668,55.2400016784668,55.2400016784668,0
2021-11-15,GSLC.MI,55.2400016784668,55.2400016784668,55.2400016784668,55.2400016784668,0
2021-11-16,GSLC.MI,55.2400016784668,55.2400016784668,55.2400016784668,55.2400016784668,0
2021-11-17,GSLC.MI,56.72999954223633,56.72999954223633,56.599998474121094,56.63999938964844,29
2021-11-18,GSLC.MI,56.439998626708984,56.439998626708984,56.41999816894531,56.41999816894531,5
2021-11-19,GSLC.MI,56.869998931884766,57.0,56.849998474121094,56.849998474121094,180
2021-11-22,GSLC.MI,57.150001525878906,57.15999984741211,57.150001525878906,57.15999984741211,6
2021-11-23,GSLC.MI,56.63999938964844,56.63999938964844,56.2400016784668,56.369998931884766,74
2021-11-24,GSLC.MI,56.75,56.970001220703125,56.75,56.970001220703125,118
2021-11-25,GSLC.MI,56.970001220703125,56.970001220703125,56.970001220703125,56.970001220703125,0
2021-11-26,GSLC.MI,55.61000061035156,55.880001068115234,55.290000915527344,55.369998931884766,728
2021-11-29,GSLC.MI,55.88999938964844,56.18000030517578,55.849998474121094,56.040000915527344,600
2021-11-30,GSLC.MI,55.380001068115234,55.40999984741211,55.380001068115234,55.40999984741211,1
2021-12-01,GSLC.MI,55.31999969482422,55.7599983215332,55.31999969482422,55.7599983215332,380
2021-12-02,GSLC.MI,54.4900016784668,54.91999816894531,54.2400016784668,54.90999984741211,80
2021-12-03,GSLC.MI,54.90999984741211,54.90999984741211,54.90999984741211,54.90999984741211,0
2021-12-06,GSLC.MI,54.9900016784668,55.13999938964844,54.9900016784668,55.13999938964844,5
2021-12-07,GSLC.MI,55.720001220703125,56.63999938964844,55.720001220703125,56.63999938964844,150
2021-12-08,GSLC.MI,56.63999938964844,56.63999938964844,56.63999938964844,56.63999938964844,0
2021-12-09,GSLC.MI,56.63999938964844,56.63999938964844,56.63999938964844,56.63999938964844,0
2021-12-10,GSLC.MI,56.63999938964844,56.63999938964844,56.63999938964844,56.63999938964844,0
2021-12-13,GSLC.MI,56.9900016784668,56.9900016784668,56.22999954223633,56.22999954223633,217
2021-12-14,GSLC.MI,55.630001068115234,55.7400016784668,55.630001068115234,55.7400016784668,75
2021-12-15,GSLC.MI,55.75,55.75,55.7400016784668,55.7400016784668,1
2021-12-16,GSLC.MI,55.7400016784668,55.7400016784668,55.7400016784668,55.7400016784668,0
2021-12-17,GSLC.MI,55.7400016784668,55.7400016784668,55.7400016784668,55.7400016784668,0
2021-12-20,GSLC.MI,54.84000015258789,54.84000015258789,54.58000183105469,54.58000183105469,22
2021-12-21,GSLC.MI,54.58000183105469,54.58000183105469,54.58000183105469,54.58000183105469,0
2021-12-22,GSLC.MI,54.58000183105469,54.58000183105469,54.58000183105469,54.58000183105469,0
2021-12-23,GSLC.MI,54.58000183105469,54.58000183105469,54.58000183105469,54.58000183105469,0
2021-12-27,GSLC.MI,56.689998626708984,57.20000076293945,56.689998626708984,57.20000076293945,183
2021-12-28,GSLC.MI,57.400001525878906,57.630001068115234,57.400001525878906,57.5099983215332,61
2021-12-29,GSLC.MI,57.5099983215332,57.5099983215332,57.5099983215332,57.5099983215332,0
2021-12-30,GSLC.MI,57.5099983215332,57.5099983215332,57.5099983215332,57.5099983215332,0
2022-01-03,GSLC.MI,57.439998626708984,57.439998626708984,57.290000915527344,57.290000915527344,13
2022-01-04,GSLC.MI,57.619998931884766,57.619998931884766,57.439998626708984,57.470001220703125,313
2022-01-05,GSLC.MI,57.470001220703125,57.470001220703125,57.470001220703125,57.470001220703125,0
2022-01-06,GSLC.MI,57.470001220703125,57.470001220703125,57.470001220703125,57.470001220703125,0
2022-01-07,GSLC.MI,55.970001220703125,55.970001220703125,55.7599983215332,55.880001068115234,270
2022-01-10,GSLC.MI,55.91999816894531,55.91999816894531,54.9900016784668,55.119998931884766,111
2022-01-11,GSLC.MI,55.119998931884766,55.119998931884766,55.119998931884766,55.119998931884766,0
2022-01-12,GSLC.MI,56.20000076293945,56.20000076293945,55.81999969482422,55.81999969482422,78
2022-01-13,GSLC.MI,55.81999969482422,55.81999969482422,55.81999969482422,55.81999969482422,0
2022-01-14,GSLC.MI,55.04999923706055,55.04999923706055,54.779998779296875,54.779998779296875,5
2022-01-17,GSLC.MI,54.779998779296875,54.779998779296875,54.779998779296875,54.779998779296875,0
2022-01-18,GSLC.MI,54.779998779296875,54.779998779296875,54.779998779296875,54.779998779296875,0
2022-01-19,GSLC.MI,54.599998474121094,54.599998474121094,54.38999938964844,54.38999938964844,40
2022-01-20,GSLC.MI,54.119998931884766,54.7400016784668,53.9900016784668,54.7400016784668,446
2022-01-21,GSLC.MI,53.2599983215332,53.47999954223633,53.2599983215332,53.47999954223633,37
2022-01-24,GSLC.MI,52.7599983215332,52.79999923706055,51.310001373291016,51.310001373291016,227
2022-01-25,GSLC.MI,52.599998474121094,52.689998626708984,52.0,52.0,52
2022-01-26,GSLC.MI,52.540000915527344,52.93000030517578,52.540000915527344,52.93000030517578,751
2022-01-27,GSLC.MI,52.93000030517578,52.93000030517578,52.93000030517578,52.93000030517578,0
2022-01-28,GSLC.MI,52.52000045776367,52.7400016784668,52.439998626708984,52.7400016784668,160
2022-01-31,GSLC.MI,53.4900016784668,53.720001220703125,53.4900016784668,53.720001220703125,75
2022-02-01,GSLC.MI,53.939998626708984,54.119998931884766,53.939998626708984,54.119998931884766,176
2022-02-02,GSLC.MI,54.119998931884766,54.119998931884766,54.119998931884766,54.119998931884766,0
2022-02-03,GSLC.MI,53.560001373291016,53.70000076293945,53.45000076293945,53.45000076293945,24
2022-02-04,GSLC.MI,53.45000076293945,53.45000076293945,53.45000076293945,53.45000076293945,0
2022-02-07,GSLC.MI,53.45000076293945,53.45000076293945,53.45000076293945,53.45000076293945,0
2022-02-08,GSLC.MI,53.45000076293945,53.45000076293945,53.45000076293945,53.45000076293945,0
2022-02-09,GSLC.MI,53.45000076293945,53.45000076293945,53.45000076293945,53.45000076293945,0
2022-02-10,GSLC.MI,53.45000076293945,53.45000076293945,53.45000076293945,53.45000076293945,0
2022-02-11,GSLC.MI,53.5,53.5,53.150001525878906,53.150001525878906,5
2022-02-14,GSLC.MI,52.459999084472656,52.58000183105469,52.22999954223633,52.58000183105469,398
2022-02-15,GSLC.MI,52.58000183105469,52.58000183105469,52.58000183105469,52.58000183105469,0
2022-02-16,GSLC.MI,52.810001373291016,52.810001373291016,52.599998474121094,52.599998474121094,90
2022-02-17,GSLC.MI,52.599998474121094,52.599998474121094,52.599998474121094,52.599998474121094,0
2022-02-18,GSLC.MI,52.0,52.0,51.83000183105469,51.83000183105469,22
2022-02-21,GSLC.MI,51.970001220703125,51.970001220703125,51.27000045776367,51.27000045776367,25
2022-02-22,GSLC.MI,51.2400016784668,51.45000076293945,51.2400016784668,51.349998474121094,303
2022-02-23,GSLC.MI,51.349998474121094,51.349998474121094,51.349998474121094,51.349998474121094,0
2022-02-24,GSLC.MI,49.70500183105469,50.630001068115234,49.70500183105469,50.61000061035156,164
2022-02-25,GSLC.MI,50.61000061035156,50.61000061035156,50.61000061035156,50.61000061035156,0
2022-02-28,GSLC.MI,52.2400016784668,52.560001373291016,52.2400016784668,52.560001373291016,3
2022-03-01,GSLC.MI,52.29999923706055,52.900001525878906,52.29999923706055,52.59000015258789,22
2022-03-02,GSLC.MI,52.68000030517578,53.279998779296875,52.68000030517578,53.279998779296875,14
2022-03-03,GSLC.MI,53.279998779296875,53.279998779296875,53.279998779296875,53.279998779296875,0
2022-03-04,GSLC.MI,53.310001373291016,53.54999923706055,53.20000076293945,53.20000076293945,25
2022-03-07,GSLC.MI,53.20000076293945,53.20000076293945,53.20000076293945,53.20000076293945,0
2022-03-08,GSLC.MI,53.20000076293945,53.20000076293945,53.20000076293945,53.20000076293945,0
2022-03-09,GSLC.MI,52.2400016784668,52.27000045776367,51.880001068115234,51.880001068115234,9
2022-03-10,GSLC.MI,51.880001068115234,51.880001068115234,51.880001068115234,51.880001068115234,0
2022-03-11,GSLC.MI,51.880001068115234,51.880001068115234,51.880001068115234,51.880001068115234,0
2022-03-14,GSLC.MI,51.880001068115234,51.880001068115234,51.880001068115234,51.880001068115234,0
2022-03-15,GSLC.MI,51.25,52.25,51.25,52.25,130
2022-03-16,GSLC.MI,52.84000015258789,53.11000061035156,52.84000015258789,53.09000015258789,210
2022-03-17,GSLC.MI,53.2400016784668,53.2400016784668,53.150001525878906,53.150001525878906,5
2022-03-18,GSLC.MI,53.150001525878906,53.150001525878906,53.150001525878906,53.150001525878906,0
2022-03-21,GSLC.MI,53.150001525878906,53.150001525878906,53.150001525878906,53.150001525878906,0
2022-03-22,GSLC.MI,53.150001525878906,53.150001525878906,53.150001525878906,53.150001525878906,0
2022-03-23,GSLC.MI,53.150001525878906,53.150001525878906,53.150001525878906,53.150001525878906,0
2022-03-24,GSLC.MI,55.0,55.0,54.83000183105469,54.83000183105469,100
2022-03-25,GSLC.MI,55.279998779296875,55.279998779296875,55.20000076293945,55.20000076293945,91
2022-03-28,GSLC.MI,55.599998474121094,55.599998474121094,55.540000915527344,55.540000915527344,80
2022-03-29,GSLC.MI,55.540000915527344,55.540000915527344,55.540000915527344,55.540000915527344,0
2022-03-30,GSLC.MI,55.65999984741211,55.68000030517578,55.459999084472656,55.459999084472656,2178
2022-03-31,GSLC.MI,55.68000030517578,55.70000076293945,55.54999923706055,55.54999923706055,108
2022-04-01,GSLC.MI,55.31999969482422,55.31999969482422,55.119998931884766,55.119998931884766,14
2022-04-04,GSLC.MI,55.119998931884766,55.119998931884766,55.119998931884766,55.119998931884766,0
2022-04-05,GSLC.MI,56.0,56.0,55.97999954223633,55.97999954223633,100
2022-04-06,GSLC.MI,55.0099983215332,55.029998779296875,55.0099983215332,55.029998779296875,4
2022-04-07,GSLC.MI,55.029998779296875,55.029998779296875,55.029998779296875,55.029998779296875,0
2022-04-08,GSLC.MI,55.880001068115234,55.97999954223633,55.84000015258789,55.849998474121094,75
2022-04-11,GSLC.MI,55.849998474121094,55.849998474121094,55.849998474121094,55.849998474121094,0
2022-04-12,GSLC.MI,55.849998474121094,55.849998474121094,55.849998474121094,55.849998474121094,0
2022-04-13,GSLC.MI,54.9900016784668,54.9900016784668,54.790000915527344,54.939998626708984,8
2022-04-14,GSLC.MI,55.47999954223633,55.47999954223633,55.34000015258789,55.34000015258789,2
2022-04-19,GSLC.MI,54.79999923706055,55.58000183105469,54.790000915527344,55.58000183105469,444
2022-04-20,GSLC.MI,55.58000183105469,55.58000183105469,55.58000183105469,55.58000183105469,0
2022-04-21,GSLC.MI,55.58000183105469,55.58000183105469,55.58000183105469,55.58000183105469,0
2022-04-22,GSLC.MI,54.959999084472656,54.959999084472656,54.40999984741211,54.40999984741211,1
2022-04-25,GSLC.MI,53.380001068115234,53.380001068115234,53.27000045776367,53.33000183105469,140
2022-04-26,GSLC.MI,53.33000183105469,53.33000183105469,53.33000183105469,53.33000183105469,0
2022-04-27,GSLC.MI,53.33000183105469,53.33000183105469,53.33000183105469,53.33000183105469,0
2022-04-28,GSLC.MI,54.61000061035156,54.61000061035156,54.31999969482422,54.31999969482422,20
2022-04-29,GSLC.MI,54.54999923706055,54.54999923706055,54.22999954223633,54.22999954223633,278
2022-05-02,GSLC.MI,53.04999923706055,53.31999969482422,53.040000915527344,53.040000915527344,13
2022-05-03,GSLC.MI,53.040000915527344,53.040000915527344,53.040000915527344,53.040000915527344,0
2022-05-04,GSLC.MI,53.790000915527344,53.790000915527344,53.150001525878906,53.150001525878906,1
2022-05-05,GSLC.MI,53.150001525878906,53.150001525878906,53.150001525878906,53.150001525878906,0
2022-05-06,GSLC.MI,52.63999938964844,52.869998931884766,52.63999938964844,52.869998931884766,50
2022-05-09,GSLC.MI,52.869998931884766,52.869998931884766,52.869998931884766,52.869998931884766,0
2022-05-10,GSLC.MI,52.869998931884766,52.869998931884766,52.869998931884766,52.869998931884766,0
2022-05-11,GSLC.MI,52.869998931884766,52.869998931884766,52.869998931884766,52.869998931884766,0
2022-05-12,GSLC.MI,50.900001525878906,51.279998779296875,50.900001525878906,51.279998779296875,146
2022-05-13,GSLC.MI,52.02000045776367,52.38999938964844,52.02000045776367,52.38999938964844,42
2022-05-16,GSLC.MI,52.38999938964844,52.38999938964844,52.38999938964844,52.38999938964844,0
2022-05-17,GSLC.MI,52.790000915527344,52.790000915527344,52.20000076293945,52.20000076293945,5
2022-05-18,GSLC.MI,52.20000076293945,52.20000076293945,52.20000076293945,52.20000076293945,0
2022-05-19,GSLC.MI,49.97999954223633,49.97999954223633,49.77000045776367,49.77000045776367,57
2022-05-20,GSLC.MI,49.849998474121094,49.849998474121094,49.584999084472656,49.584999084472656,4
2022-05-23,GSLC.MI,49.584999084472656,49.584999084472656,49.584999084472656,49.584999084472656,0
2022-05-24,GSLC.MI,49.18000030517578,49.18000030517578,48.974998474121094,48.974998474121094,50
2022-05-25,GSLC.MI,50.0,50.189998626708984,50.0,50.189998626708984,80
2022-05-26,GSLC.MI,50.189998626708984,50.189998626708984,50.189998626708984,50.189998626708984,0
2022-05-27,GSLC.MI,50.189998626708984,50.189998626708984,50.189998626708984,50.189998626708984,0
2022-05-30,GSLC.MI,50.189998626708984,50.189998626708984,50.189998626708984,50.189998626708984,0
2022-05-31,GSLC.MI,52.25,52.25,52.0,52.0,237
2022-06-01,GSLC.MI,52.34000015258789,52.5099983215332,51.939998626708984,51.939998626708984,61
2022-06-02,GSLC.MI,51.939998626708984,51.939998626708984,51.939998626708984,51.939998626708984,0
2022-06-03,GSLC.MI,51.939998626708984,51.939998626708984,51.939998626708984,51.939998626708984,0
2022-06-06,GSLC.MI,51.939998626708984,51.939998626708984,51.939998626708984,51.939998626708984,0
2022-06-07,GSLC.MI,51.84000015258789,52.08000183105469,51.84000015258789,52.08000183105469,60
2022-06-08,GSLC.MI,52.22999954223633,52.29999923706055,52.22999954223633,52.29999923706055,4
2022-06-09,GSLC.MI,52.29999923706055,52.29999923706055,52.29999923706055,52.29999923706055,0
2022-06-10,GSLC.MI,52.29999923706055,52.29999923706055,52.29999923706055,52.29999923706055,0
2022-06-13,GSLC.MI,52.29999923706055,52.29999923706055,52.29999923706055,52.29999923706055,0
2022-06-14,GSLC.MI,48.77000045776367,48.77000045776367,48.69499969482422,48.69499969482422,40
2022-06-15,GSLC.MI,48.69499969482422,48.69499969482422,48.69499969482422,48.69499969482422,0
2022-06-16,GSLC.MI,48.22999954223633,48.22999954223633,47.41999816894531,47.474998474121094,300
2022-06-17,GSLC.MI,47.72999954223633,47.72999954223633,47.665000915527344,47.665000915527344,25
2022-06-20,GSLC.MI,47.665000915527344,47.665000915527344,47.665000915527344,47.665000915527344,0
2022-06-21,GSLC.MI,47.89500045776367,48.32500076293945,47.89500045776367,48.32500076293945,300
2022-06-22,GSLC.MI,48.32500076293945,48.32500076293945,48.32500076293945,48.32500076293945,0
2022-06-23,GSLC.MI,48.32500076293945,48.32500076293945,48.32500076293945,48.32500076293945,0
2022-06-24,GSLC.MI,49.810001373291016,49.94499969482422,49.810001373291016,49.94499969482422,11
2022-06-27,GSLC.MI,50.279998779296875,50.279998779296875,50.220001220703125,50.220001220703125,20
2022-06-28,GSLC.MI,50.220001220703125,50.220001220703125,50.220001220703125,50.220001220703125,0
2022-06-29,GSLC.MI,50.220001220703125,50.220001220703125,50.220001220703125,50.220001220703125,0
2022-06-30,GSLC.MI,50.220001220703125,50.220001220703125,50.220001220703125,50.220001220703125,0
2022-07-01,GSLC.MI,49.459999084472656,49.459999084472656,49.28499984741211,49.28499984741211,6
2022-07-04,GSLC.MI,49.28499984741211,49.28499984741211,49.28499984741211,49.28499984741211,0
2022-07-05,GSLC.MI,49.28499984741211,49.28499984741211,49.28499984741211,49.28499984741211,0
2022-07-06,GSLC.MI,49.28499984741211,49.28499984741211,49.28499984741211,49.28499984741211,0
2022-07-07,GSLC.MI,51.400001525878906,51.9900016784668,51.400001525878906,51.9900016784668,15
2022-07-08,GSLC.MI,52.060001373291016,52.290000915527344,52.060001373291016,52.290000915527344,60
2022-07-11,GSLC.MI,51.900001525878906,52.13999938964844,51.900001525878906,52.13999938964844,10
2022-07-12,GSLC.MI,52.13999938964844,52.13999938964844,52.13999938964844,52.13999938964844,0
2022-07-13,GSLC.MI,52.13999938964844,52.13999938964844,52.13999938964844,52.13999938964844,0
2022-07-14,GSLC.MI,50.93000030517578,51.04999923706055,50.93000030517578,51.04999923706055,195
2022-07-15,GSLC.MI,51.04999923706055,51.04999923706055,51.04999923706055,51.04999923706055,0
2022-07-18,GSLC.MI,51.04999923706055,51.04999923706055,51.04999923706055,51.04999923706055,0
2022-07-19,GSLC.MI,51.38999938964844,51.869998931884766,51.38999938964844,51.869998931884766,96
2022-07-20,GSLC.MI,52.34000015258789,52.79999923706055,52.34000015258789,52.79999923706055,50
2022-07-21,GSLC.MI,52.79999923706055,52.79999923706055,52.79999923706055,52.79999923706055,0
2022-07-22,GSLC.MI,52.79999923706055,52.79999923706055,52.79999923706055,52.79999923706055,0
2022-07-25,GSLC.MI,52.79999923706055,52.79999923706055,52.79999923706055,52.79999923706055,0
2022-07-26,GSLC.MI,52.47999954223633,52.619998931884766,52.47999954223633,52.619998931884766,5
2022-07-27,GSLC.MI,53.790000915527344,53.790000915527344,53.16999816894531,53.16999816894531,50
2022-07-28,GSLC.MI,53.16999816894531,53.16999816894531,53.16999816894531,53.16999816894531,0
2022-07-29,GSLC.MI,53.16999816894531,53.16999816894531,53.16999816894531,53.16999816894531,0
2022-08-01,GSLC.MI,54.310001373291016,54.650001525878906,54.2400016784668,54.650001525878906,86
2022-08-02,GSLC.MI,54.650001525878906,54.650001525878906,54.650001525878906,54.650001525878906,0
2022-08-03,GSLC.MI,54.650001525878906,54.650001525878906,54.650001525878906,54.650001525878906,0
2022-08-04,GSLC.MI,54.650001525878906,54.650001525878906,54.650001525878906,54.650001525878906,0
2022-08-05,GSLC.MI,54.650001525878906,54.650001525878906,54.650001525878906,54.650001525878906,0
2022-08-08,GSLC.MI,54.650001525878906,54.650001525878906,54.650001525878906,54.650001525878906,0
2022-08-09,GSLC.MI,54.650001525878906,54.650001525878906,54.650001525878906,54.650001525878906,0
2022-08-10,GSLC.MI,54.650001525878906,54.650001525878906,54.650001525878906,54.650001525878906,0
2022-08-11,GSLC.MI,54.650001525878906,54.650001525878906,54.650001525878906,54.650001525878906,0
2022-08-12,GSLC.MI,54.650001525878906,54.650001525878906,54.650001525878906,54.650001525878906,0
2022-08-16,GSLC.MI,54.650001525878906,54.650001525878906,54.650001525878906,54.650001525878906,0
2022-08-17,GSLC.MI,54.650001525878906,54.650001525878906,54.650001525878906,54.650001525878906,0
2022-08-18,GSLC.MI,57.15999984741211,57.34000015258789,57.15999984741211,57.34000015258789,6
2022-08-19,GSLC.MI,57.2599983215332,57.2599983215332,57.16999816894531,57.16999816894531,200
2022-08-22,GSLC.MI,56.790000915527344,56.84000015258789,56.790000915527344,56.84000015258789,4
2022-08-23,GSLC.MI,56.84000015258789,56.84000015258789,56.84000015258789,56.84000015258789,0
2022-08-24,GSLC.MI,56.18000030517578,56.529998779296875,56.18000030517578,56.529998779296875,3
2022-08-25,GSLC.MI,56.61000061035156,56.7400016784668,56.61000061035156,56.7400016784668,82
2022-08-26,GSLC.MI,56.7400016784668,56.7400016784668,56.7400016784668,56.7400016784668,0
2022-08-29,GSLC.MI,54.84000015258789,54.84000015258789,54.7400016784668,54.79999923706055,195
2022-08-30,GSLC.MI,55.099998474121094,55.099998474121094,54.02000045776367,54.13999938964844,61
2022-08-31,GSLC.MI,54.13999938964844,54.13999938964844,54.13999938964844,54.13999938964844,0
2022-09-01,GSLC.MI,53.58000183105469,53.58000183105469,53.41999816894531,53.54999923706055,99
2022-09-02,GSLC.MI,53.54999923706055,53.54999923706055,53.54999923706055,53.54999923706055,0
2022-09-05,GSLC.MI,53.849998474121094,53.939998626708984,53.849998474121094,53.939998626708984,200
2022-09-06,GSLC.MI,53.939998626708984,53.939998626708984,53.939998626708984,53.939998626708984,0
2022-09-07,GSLC.MI,53.939998626708984,53.939998626708984,53.939998626708984,53.939998626708984,0
2022-09-08,GSLC.MI,53.939998626708984,53.939998626708984,53.939998626708984,53.939998626708984,0
2022-09-09,GSLC.MI,54.459999084472656,55.0,54.459999084472656,55.0,7
2022-09-12,GSLC.MI,55.0,55.0,55.0,55.0,0
2022-09-13,GSLC.MI,55.0,55.0,55.0,55.0,0
2022-09-14,GSLC.MI,55.0,55.0,55.0,55.0,0
2022-09-15,GSLC.MI,55.0,55.0,55.0,55.0,0
2022-09-16,GSLC.MI,55.0,55.0,55.0,55.0,0
2022-09-19,GSLC.MI,55.0,55.0,55.0,55.0,0
2022-09-20,GSLC.MI,55.0,55.0,55.0,55.0,0
2022-09-21,GSLC.MI,55.0,55.0,55.0,55.0,0
2022-09-22,GSLC.MI,52.11000061035156,52.11000061035156,51.970001220703125,51.970001220703125,20
2022-09-23,GSLC.MI,51.970001220703125,51.970001220703125,51.970001220703125,51.970001220703125,0
2022-09-26,GSLC.MI,51.970001220703125,51.970001220703125,51.970001220703125,51.970001220703125,0
2022-09-27,GSLC.MI,51.970001220703125,51.970001220703125,51.970001220703125,51.970001220703125,0
2022-09-28,GSLC.MI,51.970001220703125,51.970001220703125,51.970001220703125,51.970001220703125,0
2022-09-29,GSLC.MI,51.77000045776367,51.77000045776367,50.7400016784668,50.7400016784668,20
2022-09-30,GSLC.MI,51.0,51.0099983215332,51.0,51.0099983215332,40
2022-10-03,GSLC.MI,50.15999984741211,50.79999923706055,50.15999984741211,50.79999923706055,55
2022-10-04,GSLC.MI,51.599998474121094,51.77000045776367,51.599998474121094,51.77000045776367,32
2022-10-05,GSLC.MI,51.77000045776367,51.77000045776367,51.77000045776367,51.77000045776367,0
2022-10-06,GSLC.MI,51.77000045776367,51.77000045776367,51.77000045776367,51.77000045776367,0
2022-10-07,GSLC.MI,51.77000045776367,51.77000045776367,51.77000045776367,51.77000045776367,0
2022-10-10,GSLC.MI,51.29999923706055,51.29999923706055,51.0099983215332,51.0099983215332,60
2022-10-11,GSLC.MI,50.650001525878906,50.81999969482422,50.5099983215332,50.81999969482422,23
2022-10-12,GSLC.MI,50.869998931884766,50.869998931884766,50.779998779296875,50.779998779296875,10
2022-10-13,GSLC.MI,50.5,50.619998931884766,49.81999969482422,50.619998931884766,21
2022-10-14,GSLC.MI,50.619998931884766,50.619998931884766,50.619998931884766,50.619998931884766,0
2022-10-17,GSLC.MI,50.619998931884766,50.619998931884766,50.619998931884766,50.619998931884766,0
2022-10-18,GSLC.MI,50.619998931884766,50.619998931884766,50.619998931884766,50.619998931884766,0
2022-10-19,GSLC.MI,50.619998931884766,50.619998931884766,50.619998931884766,50.619998931884766,0
2022-10-20,GSLC.MI,50.619998931884766,50.619998931884766,50.619998931884766,50.619998931884766,0
2022-10-21,GSLC.MI,50.619998931884766,50.619998931884766,50.619998931884766,50.619998931884766,0
2022-10-24,GSLC.MI,52.349998474121094,52.349998474121094,51.959999084472656,52.16999816894531,51
2022-10-25,GSLC.MI,52.16999816894531,52.16999816894531,52.16999816894531,52.16999816894531,0
2022-10-26,GSLC.MI,52.16999816894531,52.16999816894531,52.16999816894531,52.16999816894531,0
2022-10-27,GSLC.MI,52.16999816894531,52.16999816894531,52.16999816894531,52.16999816894531,0
2022-10-28,GSLC.MI,52.150001525878906,53.119998931884766,52.150001525878906,53.119998931884766,2
2022-10-31,GSLC.MI,53.119998931884766,53.119998931884766,53.119998931884766,53.119998931884766,0
2022-11-01,GSLC.MI,53.95000076293945,53.95000076293945,53.52000045776367,53.52000045776367,5
2022-11-02,GSLC.MI,53.52000045776367,53.52000045776367,53.52000045776367,53.52000045776367,0
2022-11-03,GSLC.MI,53.52000045776367,53.52000045776367,53.52000045776367,53.52000045776367,0
2022-11-04,GSLC.MI,53.52000045776367,53.52000045776367,53.52000045776367,53.52000045776367,0
2022-11-07,GSLC.MI,51.83000183105469,51.869998931884766,51.83000183105469,51.869998931884766,4
2022-11-08,GSLC.MI,51.869998931884766,51.869998931884766,51.869998931884766,51.869998931884766,0
2022-11-09,GSLC.MI,51.869998931884766,51.869998931884766,51.869998931884766,51.869998931884766,0
2022-11-10,GSLC.MI,51.869998931884766,51.869998931884766,51.869998931884766,51.869998931884766,0
2022-11-11,GSLC.MI,51.869998931884766,51.869998931884766,51.869998931884766,51.869998931884766,0
2022-11-14,GSLC.MI,51.869998931884766,51.869998931884766,51.869998931884766,51.869998931884766,0
2022-11-15,GSLC.MI,51.869998931884766,51.869998931884766,51.869998931884766,51.869998931884766,0
2022-11-16,GSLC.MI,51.869998931884766,51.869998931884766,51.869998931884766,51.869998931884766,0
2022-11-17,GSLC.MI,51.93000030517578,51.95000076293945,51.86000061035156,51.869998931884766,18
2022-11-18,GSLC.MI,52.150001525878906,52.33000183105469,52.150001525878906,52.33000183105469,19
2022-11-21,GSLC.MI,52.33000183105469,52.33000183105469,52.33000183105469,52.33000183105469,0
2022-11-22,GSLC.MI,52.33000183105469,52.33000183105469,52.33000183105469,52.33000183105469,0
2022-11-23,GSLC.MI,52.33000183105469,52.33000183105469,52.33000183105469,52.33000183105469,0
2022-11-24,GSLC.MI,52.33000183105469,52.33000183105469,52.33000183105469,52.33000183105469,0
2022-11-25,GSLC.MI,52.95000076293945,53.04999923706055,52.95000076293945,53.04999923706055,3
2022-11-28,GSLC.MI,53.04999923706055,53.04999923706055,53.04999923706055,53.04999923706055,0
2022-11-29,GSLC.MI,53.04999923706055,53.04999923706055,53.04999923706055,53.04999923706055,0
2022-11-30,GSLC.MI,52.290000915527344,52.56999969482422,52.290000915527344,52.56999969482422,5
2022-12-01,GSLC.MI,52.56999969482422,52.56999969482422,52.56999969482422,52.56999969482422,0
2022-12-02,GSLC.MI,53.189998626708984,53.189998626708984,52.83000183105469,52.83000183105469,9
2022-12-05,GSLC.MI,52.83000183105469,52.83000183105469,52.83000183105469,52.83000183105469,0
2022-12-06,GSLC.MI,52.83000183105469,52.83000183105469,52.83000183105469,52.83000183105469,0
2022-12-07,GSLC.MI,51.77000045776367,51.79999923706055,51.380001068115234,51.380001068115234,25
2022-12-08,GSLC.MI,51.380001068115234,51.380001068115234,51.380001068115234,51.380001068115234,0
2022-12-09,GSLC.MI,51.380001068115234,51.380001068115234,51.380001068115234,51.380001068115234,0
2022-12-12,GSLC.MI,51.380001068115234,51.380001068115234,51.380001068115234,51.380001068115234,0
2022-12-13,GSLC.MI,51.380001068115234,51.380001068115234,51.380001068115234,51.380001068115234,0
2022-12-14,GSLC.MI,51.380001068115234,51.380001068115234,51.380001068115234,51.380001068115234,0
2022-12-15,GSLC.MI,51.130001068115234,51.130001068115234,50.130001068115234,50.130001068115234,57
2022-12-16,GSLC.MI,50.130001068115234,50.130001068115234,50.130001068115234,50.130001068115234,0
2022-12-19,GSLC.MI,49.724998474121094,49.724998474121094,49.53499984741211,49.53499984741211,1
2022-12-20,GSLC.MI,49.279998779296875,49.279998779296875,49.1349983215332,49.1349983215332,1
2022-12-21,GSLC.MI,49.1349983215332,49.1349983215332,49.1349983215332,49.1349983215332,0
2022-12-22,GSLC.MI,49.1349983215332,49.1349983215332,49.1349983215332,49.1349983215332,0
2022-12-23,GSLC.MI,49.1349983215332,49.1349983215332,49.1349983215332,49.1349983215332,0
2022-12-27,GSLC.MI,49.1349983215332,49.1349983215332,49.1349983215332,49.1349983215332,0
2022-12-28,GSLC.MI,49.345001220703125,49.345001220703125,49.209999084472656,49.209999084472656,24
2022-12-29,GSLC.MI,49.209999084472656,49.209999084472656,49.209999084472656,49.209999084472656,0
2022-12-30,GSLC.MI,49.209999084472656,49.209999084472656,49.209999084472656,49.209999084472656,0
2023-01-02,GSLC.MI,49.209999084472656,49.209999084472656,49.209999084472656,49.209999084472656,0
2023-01-03,GSLC.MI,50.54999923706055,50.54999923706055,49.5099983215332,49.5099983215332,8
2023-01-04,GSLC.MI,49.5099983215332,49.5099983215332,49.5099983215332,49.5099983215332,0
2023-01-05,GSLC.MI,49.5099983215332,49.5099983215332,49.5099983215332,49.5099983215332,0
2023-01-06,GSLC.MI,49.5099983215332,49.5099983215332,49.5099983215332,49.5099983215332,0
2023-01-09,GSLC.MI,50.0,50.27000045776367,50.0,50.27000045776367,401
2023-01-10,GSLC.MI,49.66999816894531,49.66999816894531,49.630001068115234,49.630001068115234,5
2023-01-11,GSLC.MI,49.630001068115234,49.630001068115234,49.630001068115234,49.630001068115234,0
2023-01-12,GSLC.MI,49.630001068115234,49.630001068115234,49.630001068115234,49.630001068115234,0
2023-01-13,GSLC.MI,50.0,50.22999954223633,50.0,50.22999954223633,10
2023-01-16,GSLC.MI,50.22999954223633,50.22999954223633,50.22999954223633,50.22999954223633,0
2023-01-17,GSLC.MI,50.22999954223633,50.22999954223633,50.22999954223633,50.22999954223633,0
2023-01-18,GSLC.MI,50.34000015258789,50.34000015258789,50.150001525878906,50.150001525878906,10
2023-01-19,GSLC.MI,50.150001525878906,50.150001525878906,50.150001525878906,50.150001525878906,0
2023-01-20,GSLC.MI,49.599998474121094,49.66999816894531,49.599998474121094,49.66999816894531,16
2023-01-23,GSLC.MI,49.66999816894531,49.66999816894531,49.66999816894531,49.66999816894531,0
2023-01-24,GSLC.MI,49.66999816894531,49.66999816894531,49.66999816894531,49.66999816894531,0
2023-01-25,GSLC.MI,49.66999816894531,49.66999816894531,49.66999816894531,49.66999816894531,0
2023-01-26,GSLC.MI,49.66999816894531,49.66999816894531,49.66999816894531,49.66999816894531,0
2023-01-27,GSLC.MI,49.66999816894531,49.66999816894531,49.66999816894531,49.66999816894531,0
2023-01-30,GSLC.MI,49.66999816894531,49.66999816894531,49.66999816894531,49.66999816894531,0
2023-01-31,GSLC.MI,49.66999816894531,49.66999816894531,49.66999816894531,49.66999816894531,0
2023-02-01,GSLC.MI,51.18000030517578,51.18000030517578,50.88999938964844,50.88999938964844,353
2023-02-02,GSLC.MI,52.290000915527344,52.290000915527344,52.2599983215332,52.2599983215332,75
2023-02-03,GSLC.MI,52.029998779296875,52.58000183105469,51.9900016784668,52.58000183105469,75
2023-02-06,GSLC.MI,52.58000183105469,52.58000183105469,52.58000183105469,52.58000183105469,0
2023-02-07,GSLC.MI,52.58000183105469,52.58000183105469,52.58000183105469,52.58000183105469,0
2023-02-08,GSLC.MI,52.58000183105469,52.58000183105469,52.58000183105469,52.58000183105469,0
2023-02-09,GSLC.MI,52.58000183105469,52.58000183105469,52.58000183105469,52.58000183105469,0
2023-02-10,GSLC.MI,52.33000183105469,52.33000183105469,52.31999969482422,52.31999969482422,18
2023-02-13,GSLC.MI,52.31999969482422,52.31999969482422,52.31999969482422,52.31999969482422,0
2023-02-14,GSLC.MI,52.31999969482422,52.31999969482422,52.31999969482422,52.31999969482422,0
2023-02-15,GSLC.MI,52.31999969482422,52.31999969482422,52.31999969482422,52.31999969482422,0
2023-02-16,GSLC.MI,52.31999969482422,52.31999969482422,52.31999969482422,52.31999969482422,0
2023-02-17,GSLC.MI,52.31999969482422,52.31999969482422,52.31999969482422,52.31999969482422,0
2023-02-20,GSLC.MI,52.31999969482422,52.31999969482422,52.31999969482422,52.31999969482422,0
2023-02-21,GSLC.MI,52.31999969482422,52.31999969482422,52.31999969482422,52.31999969482422,0
2023-02-22,GSLC.MI,51.63999938964844,51.709999084472656,51.63999938964844,51.709999084472656,27
2023-02-23,GSLC.MI,51.709999084472656,51.709999084472656,51.709999084472656,51.709999084472656,0
2023-02-24,GSLC.MI,51.709999084472656,51.709999084472656,51.709999084472656,51.709999084472656,0
2023-02-27,GSLC.MI,51.709999084472656,51.709999084472656,51.709999084472656,51.709999084472656,0
2023-02-28,GSLC.MI,51.5,51.599998474121094,51.5,51.599998474121094,5
2023-03-01,GSLC.MI,51.41999816894531,51.41999816894531,50.81999969482422,50.81999969482422,16
2023-03-02,GSLC.MI,50.880001068115234,51.13999938964844,50.880001068115234,51.13999938964844,3
2023-03-03,GSLC.MI,51.13999938964844,51.13999938964844,51.13999938964844,51.13999938964844,0
2023-03-06,GSLC.MI,51.13999938964844,51.13999938964844,51.13999938964844,51.13999938964844,0
2023-03-07,GSLC.MI,51.13999938964844,51.13999938964844,51.13999938964844,51.13999938964844,0
2023-03-08,GSLC.MI,52.0,52.0,51.900001525878906,51.900001525878906,48
2023-03-09,GSLC.MI,51.900001525878906,51.900001525878906,51.900001525878906,51.900001525878906,0
2023-03-10,GSLC.MI,50.72999954223633,50.72999954223633,50.25,50.599998474121094,320
2023-03-13,GSLC.MI,49.97999954223633,49.97999954223633,49.665000915527344,49.665000915527344,32
2023-03-14,GSLC.MI,49.665000915527344,49.665000915527344,49.665000915527344,49.665000915527344,0
2023-03-15,GSLC.MI,49.665000915527344,49.665000915527344,49.665000915527344,49.665000915527344,0
2023-03-16,GSLC.MI,49.665000915527344,49.665000915527344,49.665000915527344,49.665000915527344,0
2023-03-17,GSLC.MI,51.130001068115234,51.130001068115234,50.40999984741211,50.40999984741211,10
2023-03-20,GSLC.MI,50.130001068115234,50.349998474121094,50.130001068115234,50.349998474121094,10
2023-03-21,GSLC.MI,50.349998474121094,50.349998474121094,50.349998474121094,50.349998474121094,0
2023-03-22,GSLC.MI,50.349998474121094,50.349998474121094,50.349998474121094,50.349998474121094,0
2023-03-23,GSLC.MI,49.93000030517578,50.18000030517578,49.91999816894531,50.18000030517578,30
2023-03-24,GSLC.MI,50.150001525878906,50.150001525878906,49.900001525878906,50.130001068115234,220
2023-03-27,GSLC.MI,50.130001068115234,50.130001068115234,50.130001068115234,50.130001068115234,0
2023-03-28,GSLC.MI,50.130001068115234,50.130001068115234,50.130001068115234,50.130001068115234,0
2023-03-29,GSLC.MI,50.130001068115234,50.130001068115234,50.130001068115234,50.130001068115234,0
2023-03-30,GSLC.MI,50.130001068115234,50.130001068115234,50.130001068115234,50.130001068115234,0
2023-03-31,GSLC.MI,50.130001068115234,50.130001068115234,50.130001068115234,50.130001068115234,0
2023-04-03,GSLC.MI,51.95000076293945,51.95000076293945,51.70000076293945,51.70000076293945,8
2023-04-04,GSLC.MI,51.70000076293945,51.70000076293945,51.70000076293945,51.70000076293945,0
2023-04-05,GSLC.MI,51.70000076293945,51.70000076293945,51.70000076293945,51.70000076293945,0
2023-04-06,GSLC.MI,51.70000076293945,51.70000076293945,51.70000076293945,51.70000076293945,0
2023-04-11,GSLC.MI,51.70000076293945,51.70000076293945,51.70000076293945,51.70000076293945,0
2023-04-12,GSLC.MI,51.70000076293945,51.70000076293945,51.70000076293945,51.70000076293945,0
2023-04-13,GSLC.MI,51.70000076293945,51.70000076293945,51.70000076293945,51.70000076293945,0
2023-04-14,GSLC.MI,51.70000076293945,51.70000076293945,51.70000076293945,51.70000076293945,0
2023-04-17,GSLC.MI,51.650001525878906,51.849998474121094,51.650001525878906,51.849998474121094,211
2023-04-18,GSLC.MI,51.849998474121094,51.849998474121094,51.849998474121094,51.849998474121094,0
2023-04-19,GSLC.MI,51.849998474121094,51.849998474121094,51.849998474121094,51.849998474121094,0
2023-04-20,GSLC.MI,51.849998474121094,51.849998474121094,51.849998474121094,51.849998474121094,0
2023-04-21,GSLC.MI,51.849998474121094,51.849998474121094,51.849998474121094,51.849998474121094,0
2023-04-24,GSLC.MI,51.849998474121094,51.849998474121094,51.849998474121094,51.849998474121094,0
2023-04-25,GSLC.MI,51.849998474121094,51.849998474121094,51.849998474121094,51.849998474121094,0
2023-04-26,GSLC.MI,51.849998474121094,51.849998474121094,51.849998474121094,51.849998474121094,0
2023-04-27,GSLC.MI,51.849998474121094,51.849998474121094,51.849998474121094,51.849998474121094,0
2023-04-28,GSLC.MI,51.380001068115234,51.40999984741211,51.349998474121094,51.40999984741211,91
2023-05-02,GSLC.MI,52.0099983215332,52.0099983215332,51.0,51.0,3
2023-05-03,GSLC.MI,51.0,51.0,51.0,51.0,0
2023-05-04,GSLC.MI,51.0,51.0,51.0,51.0,0
2023-05-05,GSLC.MI,51.0,51.0,51.0,51.0,0
2023-05-08,GSLC.MI,51.0,51.0,51.0,51.0,0
2023-05-09,GSLC.MI,51.0,51.0,51.0,51.0,0
2023-05-10,GSLC.MI,51.529998779296875,51.529998779296875,51.5,51.5,48
2023-05-11,GSLC.MI,51.939998626708984,51.939998626708984,51.650001525878906,51.650001525878906,1821
2023-05-12,GSLC.MI,51.650001525878906,51.650001525878906,51.650001525878906,51.650001525878906,0
2023-05-15,GSLC.MI,51.650001525878906,51.650001525878906,51.650001525878906,51.650001525878906,0
2023-05-16,GSLC.MI,51.650001525878906,51.650001525878906,51.650001525878906,51.650001525878906,0
2023-05-17,GSLC.MI,51.970001220703125,52.099998474121094,51.970001220703125,52.099998474121094,1
2023-05-18,GSLC.MI,52.400001525878906,53.0099983215332,52.400001525878906,53.0099983215332,30
2023-05-19,GSLC.MI,53.36000061035156,53.36000061035156,53.02000045776367,53.02000045776367,2
2023-05-22,GSLC.MI,53.02000045776367,53.02000045776367,53.02000045776367,53.02000045776367,0
2023-05-23,GSLC.MI,53.02000045776367,53.02000045776367,53.02000045776367,53.02000045776367,0
2023-05-24,GSLC.MI,53.02000045776367,53.02000045776367,53.02000045776367,53.02000045776367,0
2023-05-25,GSLC.MI,53.02000045776367,53.02000045776367,53.02000045776367,53.02000045776367,0
2023-05-26,GSLC.MI,53.02000045776367,53.02000045776367,53.02000045776367,53.02000045776367,0
2023-05-29,GSLC.MI,53.02000045776367,53.02000045776367,53.02000045776367,53.02000045776367,0
2023-05-30,GSLC.MI,53.02000045776367,53.02000045776367,53.02000045776367,53.02000045776367,0
2023-05-31,GSLC.MI,53.41999816894531,53.41999816894531,53.22999954223633,53.22999954223633,20
2023-06-01,GSLC.MI,53.470001220703125,53.470001220703125,53.22999954223633,53.22999954223633,6
2023-06-02,GSLC.MI,53.630001068115234,54.220001220703125,53.630001068115234,54.220001220703125,187
2023-06-05,GSLC.MI,54.220001220703125,54.220001220703125,54.220001220703125,54.220001220703125,0
2023-06-06,GSLC.MI,54.34000015258789,54.470001220703125,54.34000015258789,54.45000076293945,90
2023-06-07,GSLC.MI,54.31999969482422,54.40999984741211,54.31999969482422,54.40999984741211,30
2023-06-08,GSLC.MI,54.40999984741211,54.40999984741211,54.40999984741211,54.40999984741211,0
2023-06-09,GSLC.MI,54.119998931884766,54.36000061035156,54.119998931884766,54.36000061035156,58
2023-06-12,GSLC.MI,54.36000061035156,54.36000061035156,54.36000061035156,54.36000061035156,0
2023-06-13,GSLC.MI,54.36000061035156,54.36000061035156,54.36000061035156,54.36000061035156,0
2023-06-14,GSLC.MI,54.959999084472656,54.97999954223633,54.959999084472656,54.97999954223633,2
2023-06-15,GSLC.MI,54.97999954223633,54.97999954223633,54.97999954223633,54.97999954223633,0
2023-06-16,GSLC.MI,54.83000183105469,55.060001373291016,54.22999954223633,55.060001373291016,9
2023-06-19,GSLC.MI,55.060001373291016,55.060001373291016,55.060001373291016,55.060001373291016,0
2023-06-20,GSLC.MI,54.810001373291016,54.810001373291016,54.56999969482422,54.56999969482422,12
2023-06-21,GSLC.MI,54.56999969482422,54.56999969482422,54.56999969482422,54.56999969482422,0
2023-06-22,GSLC.MI,54.56999969482422,54.56999969482422,54.56999969482422,54.56999969482422,0
2023-06-23,GSLC.MI,54.54999923706055,54.54999923706055,54.41999816894531,54.41999816894531,13
2023-06-26,GSLC.MI,54.41999816894531,54.41999816894531,54.41999816894531,54.41999816894531,0
2023-06-27,GSLC.MI,54.41999816894531,54.41999816894531,54.41999816894531,54.41999816894531,0
2023-06-28,GSLC.MI,55.58000183105469,55.58000183105469,54.470001220703125,54.65999984741211,71
2023-06-29,GSLC.MI,54.65999984741211,54.65999984741211,54.65999984741211,54.65999984741211,0
2023-06-30,GSLC.MI,55.33000183105469,55.459999084472656,55.33000183105469,55.459999084472656,100
2023-07-03,GSLC.MI,55.459999084472656,55.459999084472656,55.459999084472656,55.459999084472656,0
2023-07-04,GSLC.MI,55.5099983215332,55.630001068115234,55.5099983215332,55.630001068115234,189
2023-07-05,GSLC.MI,55.470001220703125,55.56999969482422,55.470001220703125,55.56999969482422,18
2023-07-06,GSLC.MI,55.56999969482422,55.56999969482422,55.56999969482422,55.56999969482422,0
2023-07-07,GSLC.MI,55.56999969482422,55.56999969482422,55.56999969482422,55.56999969482422,0
2023-07-10,GSLC.MI,54.38999938964844,54.70000076293945,54.38999938964844,54.68000030517578,294
2023-07-11,GSLC.MI,54.68000030517578,54.68000030517578,54.68000030517578,54.68000030517578,0
2023-07-12,GSLC.MI,54.68000030517578,54.68000030517578,54.68000030517578,54.68000030517578,0
2023-07-13,GSLC.MI,54.68000030517578,54.68000030517578,54.68000030517578,54.68000030517578,0
2023-07-14,GSLC.MI,54.68000030517578,54.68000030517578,54.68000030517578,54.68000030517578,0
2023-07-17,GSLC.MI,54.68000030517578,54.68000030517578,54.68000030517578,54.68000030517578,0
2023-07-18,GSLC.MI,54.779998779296875,55.0,54.779998779296875,55.0,9
2023-07-19,GSLC.MI,55.0,55.0,55.0,55.0,0
2023-07-20,GSLC.MI,55.0,55.0,55.0,55.0,0
2023-07-21,GSLC.MI,55.58000183105469,55.79999923706055,55.58000183105469,55.79999923706055,200
2023-07-24,GSLC.MI,55.79999923706055,55.79999923706055,55.79999923706055,55.79999923706055,0
2023-07-25,GSLC.MI,56.11000061035156,56.279998779296875,56.11000061035156,56.279998779296875,31
2023-07-26,GSLC.MI,56.279998779296875,56.279998779296875,56.279998779296875,56.279998779296875,0
2023-07-27,GSLC.MI,56.279998779296875,56.279998779296875,56.279998779296875,56.279998779296875,0
2023-07-28,GSLC.MI,56.54999923706055,56.66999816894531,56.54999923706055,56.66999816894531,10
2023-07-31,GSLC.MI,56.66999816894531,56.66999816894531,56.66999816894531,56.66999816894531,0
2023-08-01,GSLC.MI,56.720001220703125,56.869998931884766,56.720001220703125,56.869998931884766,20
2023-08-02,GSLC.MI,56.869998931884766,56.869998931884766,56.869998931884766,56.869998931884766,0
2023-08-03,GSLC.MI,56.869998931884766,56.869998931884766,56.869998931884766,56.869998931884766,0
2023-08-04,GSLC.MI,56.869998931884766,56.869998931884766,56.869998931884766,56.869998931884766,0
2023-08-07,GSLC.MI,56.869998931884766,56.869998931884766,56.869998931884766,56.869998931884766,0
2023-08-08,GSLC.MI,56.869998931884766,56.869998931884766,56.869998931884766,56.869998931884766,0
2023-08-09,GSLC.MI,56.869998931884766,56.869998931884766,56.869998931884766,56.869998931884766,0
2023-08-10,GSLC.MI,56.040000915527344,56.040000915527344,55.849998474121094,55.849998474121094,35
2023-08-11,GSLC.MI,55.849998474121094,55.849998474121094,55.849998474121094,55.849998474121094,0
2023-08-14,GSLC.MI,55.849998474121094,55.849998474121094,55.849998474121094,55.849998474121094,0
2023-08-16,GSLC.MI,55.849998474121094,55.849998474121094,55.849998474121094,55.849998474121094,0
2023-08-17,GSLC.MI,55.849998474121094,55.849998474121094,55.849998474121094,55.849998474121094,0
2023-08-18,GSLC.MI,54.61000061035156,54.90999984741211,54.61000061035156,54.90999984741211,20
2023-08-21,GSLC.MI,54.90999984741211,54.90999984741211,54.90999984741211,54.90999984741211,0
2023-08-22,GSLC.MI,54.90999984741211,54.90999984741211,54.90999984741211,54.90999984741211,0
2023-08-23,GSLC.MI,54.90999984741211,54.90999984741211,54.90999984741211,54.90999984741211,0
2023-08-24,GSLC.MI,54.90999984741211,54.90999984741211,54.90999984741211,54.90999984741211,0
2023-08-25,GSLC.MI,54.90999984741211,54.90999984741211,54.90999984741211,54.90999984741211,0
2023-08-28,GSLC.MI,55.91999816894531,55.95000076293945,55.880001068115234,55.880001068115234,28
2023-08-29,GSLC.MI,56.15999984741211,56.33000183105469,56.15999984741211,56.33000183105469,8
2023-08-30,GSLC.MI,56.599998474121094,56.599998474121094,56.33000183105469,56.33000183105469,205
2023-08-31,GSLC.MI,56.33000183105469,56.33000183105469,56.33000183105469,56.33000183105469,0
2023-09-01,GSLC.MI,57.04999923706055,57.150001525878906,57.04999923706055,57.150001525878906,39
2023-09-04,GSLC.MI,57.0099983215332,57.04999923706055,57.0,57.04999923706055,150
2023-09-05,GSLC.MI,57.04999923706055,57.04999923706055,57.04999923706055,57.04999923706055,0
2023-09-06,GSLC.MI,57.04999923706055,57.04999923706055,57.04999923706055,57.04999923706055,0
2023-09-07,GSLC.MI,56.65999984741211,56.75,56.65999984741211,56.689998626708984,52
2023-09-08,GSLC.MI,56.599998474121094,56.939998626708984,56.599998474121094,56.939998626708984,30
2023-09-11,GSLC.MI,57.040000915527344,57.040000915527344,56.90999984741211,56.90999984741211,84
2023-09-12,GSLC.MI,56.90999984741211,56.90999984741211,56.90999984741211,56.90999984741211,0
2023-09-13,GSLC.MI,56.90999984741211,56.90999984741211,56.90999984741211,56.90999984741211,0
2023-09-14,GSLC.MI,56.90999984741211,56.90999984741211,56.90999984741211,56.90999984741211,0
2023-09-15,GSLC.MI,56.90999984741211,56.90999984741211,56.90999984741211,56.90999984741211,0
2023-09-18,GSLC.MI,56.90999984741211,56.90999984741211,56.90999984741211,56.90999984741211,0
2023-09-19,GSLC.MI,56.779998779296875,56.779998779296875,56.47999954223633,56.47999954223633,50
2023-09-20,GSLC.MI,56.47999954223633,56.47999954223633,56.47999954223633,56.47999954223633,0
2023-09-21,GSLC.MI,56.47999954223633,56.47999954223633,56.47999954223633,56.47999954223633,0
2023-09-22,GSLC.MI,55.75,55.84000015258789,55.68000030517578,55.84000015258789,26
2023-09-25,GSLC.MI,55.790000915527344,55.91999816894531,55.790000915527344,55.91999816894531,2
2023-09-26,GSLC.MI,55.91999816894531,55.91999816894531,55.91999816894531,55.91999816894531,0
2023-09-27,GSLC.MI,55.91999816894531,55.91999816894531,55.91999816894531,55.91999816894531,0
2023-09-28,GSLC.MI,55.91999816894531,55.91999816894531,55.91999816894531,55.91999816894531,0
2023-09-29,GSLC.MI,55.91999816894531,55.91999816894531,55.91999816894531,55.91999816894531,0
2023-10-02,GSLC.MI,55.70000076293945,56.06999969482422,55.70000076293945,56.06999969482422,150
2023-10-03,GSLC.MI,56.06999969482422,56.06999969482422,56.06999969482422,56.06999969482422,0
2023-10-04,GSLC.MI,55.04999923706055,55.220001220703125,55.04999923706055,55.220001220703125,18
2023-10-05,GSLC.MI,55.220001220703125,55.220001220703125,55.220001220703125,55.220001220703125,0
2023-10-06,GSLC.MI,55.220001220703125,55.220001220703125,55.220001220703125,55.220001220703125,0
2023-10-09,GSLC.MI,55.5,55.709999084472656,55.5,55.709999084472656,32
2023-10-10,GSLC.MI,55.709999084472656,55.709999084472656,55.709999084472656,55.709999084472656,0
2023-10-11,GSLC.MI,55.709999084472656,55.709999084472656,55.709999084472656,55.709999084472656,0
2023-10-12,GSLC.MI,55.709999084472656,55.709999084472656,55.709999084472656,55.709999084472656,0
2023-10-13,GSLC.MI,55.709999084472656,55.709999084472656,55.709999084472656,55.709999084472656,0
2023-10-16,GSLC.MI,56.43000030517578,56.84000015258789,56.43000030517578,56.84000015258789,2
2023-10-17,GSLC.MI,56.84000015258789,56.84000015258789,56.84000015258789,56.84000015258789,0
2023-10-18,GSLC.MI,56.84000015258789,56.84000015258789,56.84000015258789,56.84000015258789,0
2023-10-19,GSLC.MI,55.810001373291016,55.810001373291016,55.7400016784668,55.7400016784668,20
2023-10-20,GSLC.MI,55.7400016784668,55.7400016784668,55.7400016784668,55.7400016784668,0
2023-10-23,GSLC.MI,54.279998779296875,54.47999954223633,54.279998779296875,54.47999954223633,80
2023-10-24,GSLC.MI,54.47999954223633,54.47999954223633,54.47999954223633,54.47999954223633,0
2023-10-25,GSLC.MI,54.47999954223633,54.47999954223633,54.47999954223633,54.47999954223633,0
2023-10-26,GSLC.MI,54.47999954223633,54.47999954223633,54.47999954223633,54.47999954223633,0
2023-10-27,GSLC.MI,54.47999954223633,54.47999954223633,54.47999954223633,54.47999954223633,0
2023-10-30,GSLC.MI,54.47999954223633,54.47999954223633,54.47999954223633,54.47999954223633,0
2023-10-31,GSLC.MI,54.47999954223633,54.47999954223633,54.47999954223633,54.47999954223633,0
2023-11-01,GSLC.MI,54.279998779296875,54.650001525878906,54.279998779296875,54.650001525878906,92
2023-11-02,GSLC.MI,54.9900016784668,55.439998626708984,54.9900016784668,55.439998626708984,50
2023-11-03,GSLC.MI,55.65999984741211,55.79999923706055,55.650001525878906,55.79999923706055,106
2023-11-06,GSLC.MI,55.79999923706055,55.79999923706055,55.79999923706055,55.79999923706055,0
2023-11-07,GSLC.MI,56.04999923706055,56.209999084472656,56.04999923706055,56.209999084472656,92
2023-11-08,GSLC.MI,56.209999084472656,56.209999084472656,56.209999084472656,56.209999084472656,0
2023-11-09,GSLC.MI,56.209999084472656,56.209999084472656,56.209999084472656,56.209999084472656,0
2023-11-10,GSLC.MI,56.209999084472656,56.209999084472656,56.209999084472656,56.209999084472656,0
2023-11-13,GSLC.MI,56.4900016784668,56.540000915527344,56.47999954223633,56.540000915527344,107
2023-11-14,GSLC.MI,56.540000915527344,56.540000915527344,56.540000915527344,56.540000915527344,0
2023-11-15,GSLC.MI,56.540000915527344,56.540000915527344,56.540000915527344,56.540000915527344,0
2023-11-16,GSLC.MI,56.540000915527344,56.540000915527344,56.540000915527344,56.540000915527344,0
2023-11-17,GSLC.MI,56.540000915527344,56.540000915527344,56.540000915527344,56.540000915527344,0
2023-11-20,GSLC.MI,56.540000915527344,56.540000915527344,56.540000915527344,56.540000915527344,0
2023-11-21,GSLC.MI,56.540000915527344,56.540000915527344,56.540000915527344,56.540000915527344,0
2023-11-22,GSLC.MI,56.540000915527344,56.540000915527344,56.540000915527344,56.540000915527344,0
2023-11-23,GSLC.MI,56.540000915527344,56.540000915527344,56.540000915527344,56.540000915527344,0
2023-11-24,GSLC.MI,57.2400016784668,57.2400016784668,57.029998779296875,57.029998779296875,6
2023-11-27,GSLC.MI,56.9900016784668,57.0099983215332,56.9900016784668,57.0099983215332,92
2023-11-28,GSLC.MI,57.0099983215332,57.0099983215332,57.0099983215332,57.0099983215332,0
2023-11-29,GSLC.MI,57.0099983215332,57.0099983215332,57.0099983215332,57.0099983215332,0
2023-11-30,GSLC.MI,57.0099983215332,57.0099983215332,57.0099983215332,57.0099983215332,0
2023-12-01,GSLC.MI,57.459999084472656,57.63999938964844,57.459999084472656,57.63999938964844,200
2023-12-04,GSLC.MI,57.63999938964844,57.63999938964844,57.63999938964844,57.63999938964844,0
2023-12-05,GSLC.MI,57.83000183105469,58.06999969482422,57.83000183105469,58.06999969482422,208
2023-12-06,GSLC.MI,58.34000015258789,58.34000015258789,58.20000076293945,58.20000076293945,184
2023-12-07,GSLC.MI,58.150001525878906,58.220001220703125,58.150001525878906,58.220001220703125,18
2023-12-08,GSLC.MI,58.220001220703125,58.220001220703125,58.220001220703125,58.220001220703125,0
2023-12-11,GSLC.MI,58.79999923706055,58.970001220703125,58.79999923706055,58.970001220703125,1
2023-12-12,GSLC.MI,58.970001220703125,58.970001220703125,58.970001220703125,58.970001220703125,0
2023-12-13,GSLC.MI,58.970001220703125,58.970001220703125,58.970001220703125,58.970001220703125,0
2023-12-14,GSLC.MI,59.52000045776367,59.560001373291016,59.060001373291016,59.060001373291016,49
2023-12-15,GSLC.MI,59.29999923706055,59.47999954223633,59.29999923706055,59.47999954223633,60
2023-12-18,GSLC.MI,59.47999954223633,59.47999954223633,59.47999954223633,59.47999954223633,0
2023-12-19,GSLC.MI,59.47999954223633,59.47999954223633,59.47999954223633,59.47999954223633,0
2023-12-20,GSLC.MI,59.47999954223633,59.47999954223633,59.47999954223633,59.47999954223633,0
2023-12-21,GSLC.MI,59.189998626708984,59.189998626708984,59.189998626708984,59.189998626708984,480
2023-12-22,GSLC.MI,59.13999938964844,59.40999984741211,59.13999938964844,59.40999984741211,578
2023-12-27,GSLC.MI,59.40999984741211,59.40999984741211,59.40999984741211,59.40999984741211,0
2023-12-28,GSLC.MI,59.40999984741211,59.40999984741211,59.40999984741211,59.40999984741211,0
2023-12-29,GSLC.MI,59.4900016784668,59.4900016784668,59.189998626708984,59.189998626708984,50
2024-01-02,GSLC.MI,59.43000030517578,59.470001220703125,59.43000030517578,59.470001220703125,9
2024-01-03,GSLC.MI,59.43000030517578,59.43000030517578,59.38999938964844,59.38999938964844,15
2024-01-04,GSLC.MI,59.119998931884766,59.22999954223633,59.060001373291016,59.22999954223633,118
2024-01-05,GSLC.MI,58.7599983215332,59.029998779296875,58.7599983215332,59.029998779296875,60
2024-01-08,GSLC.MI,59.029998779296875,59.029998779296875,59.029998779296875,59.029998779296875,0
2024-01-09,GSLC.MI,59.029998779296875,59.029998779296875,59.029998779296875,59.029998779296875,0
2024-01-10,GSLC.MI,59.029998779296875,59.029998779296875,59.029998779296875,59.029998779296875,0
2024-01-11,GSLC.MI,60.09000015258789,60.09000015258789,59.68000030517578,59.68000030517578,7
2024-01-12,GSLC.MI,59.68000030517578,59.68000030517578,59.68000030517578,59.68000030517578,0
2024-01-15,GSLC.MI,59.68000030517578,59.68000030517578,59.68000030517578,59.68000030517578,0
2024-01-16,GSLC.MI,59.68000030517578,59.68000030517578,59.68000030517578,59.68000030517578,0
2024-01-17,GSLC.MI,60.13999938964844,60.220001220703125,60.13999938964844,60.220001220703125,80
2024-01-18,GSLC.MI,60.68000030517578,60.68000030517578,60.36000061035156,60.36000061035156,198
2024-01-19,GSLC.MI,60.779998779296875,60.79999923706055,60.779998779296875,60.790000915527344,6
2024-01-22,GSLC.MI,61.470001220703125,61.470001220703125,61.41999816894531,61.41999816894531,159
2024-01-23,GSLC.MI,61.380001068115234,61.560001373291016,61.380001068115234,61.560001373291016,70
2024-01-24,GSLC.MI,61.810001373291016,61.810001373291016,61.790000915527344,61.790000915527344,30
2024-01-25,GSLC.MI,62.0099983215332,62.09000015258789,62.0099983215332,62.09000015258789,20
2024-01-26,GSLC.MI,62.09000015258789,62.09000015258789,62.09000015258789,62.09000015258789,0
2024-01-29,GSLC.MI,62.38999938964844,62.38999938964844,62.310001373291016,62.310001373291016,3
2024-01-30,GSLC.MI,62.310001373291016,62.310001373291016,62.310001373291016,62.310001373291016,0
2024-01-31,GSLC.MI,62.310001373291016,62.310001373291016,62.310001373291016,62.310001373291016,0
2024-02-01,GSLC.MI,62.310001373291016,62.310001373291016,62.310001373291016,62.310001373291016,0
2024-02-02,GSLC.MI,62.61000061035156,63.150001525878906,62.61000061035156,63.150001525878906,20
2024-02-05,GSLC.MI,63.150001525878906,63.150001525878906,63.150001525878906,63.150001525878906,0
2024-02-06,GSLC.MI,63.150001525878906,63.150001525878906,63.150001525878906,63.150001525878906,0
2024-02-07,GSLC.MI,63.720001220703125,63.849998474121094,63.720001220703125,63.849998474121094,20
2024-02-08,GSLC.MI,63.849998474121094,63.849998474121094,63.849998474121094,63.849998474121094,0
2024-02-09,GSLC.MI,63.849998474121094,63.849998474121094,63.849998474121094,63.849998474121094,0
2024-02-12,GSLC.MI,63.849998474121094,63.849998474121094,63.849998474121094,63.849998474121094,0
2024-02-13,GSLC.MI,63.849998474121094,63.849998474121094,63.849998474121094,63.849998474121094,0
2024-02-14,GSLC.MI,63.849998474121094,63.849998474121094,63.849998474121094,63.849998474121094,0
2024-02-15,GSLC.MI,63.849998474121094,63.849998474121094,63.849998474121094,63.849998474121094,0
2024-02-16,GSLC.MI,63.849998474121094,63.849998474121094,63.849998474121094,63.849998474121094,0
2024-02-19,GSLC.MI,63.849998474121094,63.849998474121094,63.849998474121094,63.849998474121094,0
2024-02-20,GSLC.MI,63.88999938964844,63.88999938964844,63.58000183105469,63.58000183105469,3
2024-02-21,GSLC.MI,63.58000183105469,63.58000183105469,63.58000183105469,63.58000183105469,0
2024-02-22,GSLC.MI,63.58000183105469,63.58000183105469,63.58000183105469,63.58000183105469,0
2024-02-23,GSLC.MI,63.58000183105469,63.58000183105469,63.58000183105469,63.58000183105469,0
2024-02-26,GSLC.MI,64.73999786376953,64.73999786376953,64.72000122070312,64.72000122070312,20
2024-02-27,GSLC.MI,64.72000122070312,64.72000122070312,64.72000122070312,64.72000122070312,0
2024-02-28,GSLC.MI,64.72000122070312,64.72000122070312,64.72000122070312,64.72000122070312,0
2024-02-29,GSLC.MI,64.72000122070312,64.72000122070312,64.72000122070312,64.72000122070312,0
2024-03-01,GSLC.MI,65.01000213623047,65.33999633789062,65.01000213623047,65.33999633789062,198
2024-03-04,GSLC.MI,65.5,65.5,65.33999633789062,65.41000366210938,108
2024-03-05,GSLC.MI,65.20999908447266,65.23999786376953,64.79000091552734,64.79000091552734,553
2024-03-06,GSLC.MI,64.91999816894531,65.0199966430664,64.91999816894531,65.0199966430664,76
2024-03-07,GSLC.MI,65.0199966430664,65.0199966430664,65.0199966430664,65.0199966430664,0
2024-03-08,GSLC.MI,65.55000305175781,65.55000305175781,65.26000213623047,65.26000213623047,5
2024-03-11,GSLC.MI,65.26000213623047,65.26000213623047,65.26000213623047,65.26000213623047,0
2024-03-12,GSLC.MI,65.26000213623047,65.26000213623047,65.26000213623047,65.26000213623047,0
2024-03-13,GSLC.MI,65.26000213623047,65.26000213623047,65.26000213623047,65.26000213623047,0
2024-03-14,GSLC.MI,65.66999816894531,65.66999816894531,65.48999786376953,65.48999786376953,3
2024-03-15,GSLC.MI,65.48999786376953,65.48999786376953,65.48999786376953,65.48999786376953,0
2024-03-18,GSLC.MI,65.48999786376953,65.48999786376953,65.48999786376953,65.48999786376953,0
2024-03-19,GSLC.MI,65.48999786376953,65.48999786376953,65.48999786376953,65.48999786376953,0
2024-03-20,GSLC.MI,66.19000244140625,66.19000244140625,66.05000305175781,66.05000305175781,38
2024-03-21,GSLC.MI,66.5199966430664,67.08000183105469,66.5199966430664,67.08000183105469,5
2024-03-22,GSLC.MI,67.08000183105469,67.08000183105469,67.08000183105469,67.08000183105469,0
2024-03-25,GSLC.MI,67.08000183105469,67.08000183105469,67.08000183105469,67.08000183105469,0
2024-03-26,GSLC.MI,67.08000183105469,67.08000183105469,67.08000183105469,67.08000183105469,0
2024-03-27,GSLC.MI,67.08000183105469,67.08000183105469,67.08000183105469,67.08000183105469,0
2024-03-28,GSLC.MI,67.08000183105469,67.08000183105469,67.08000183105469,67.08000183105469,0
2024-04-02,GSLC.MI,67.18000030517578,67.18000030517578,66.72000122070312,66.72000122070312,156
2024-04-03,GSLC.MI,66.72000122070312,66.72000122070312,66.72000122070312,66.72000122070312,0
2024-04-04,GSLC.MI,66.63999938964844,66.76000213623047,66.63999938964844,66.76000213623047,30
2024-04-05,GSLC.MI,66.76000213623047,66.76000213623047,66.76000213623047,66.76000213623047,0
2024-04-08,GSLC.MI,66.76000213623047,66.76000213623047,66.76000213623047,66.76000213623047,0
2024-04-09,GSLC.MI,66.76000213623047,66.76000213623047,66.76000213623047,66.76000213623047,0
2024-04-10,GSLC.MI,66.16999816894531,66.37999725341797,66.16999816894531,66.37999725341797,15
2024-04-11,GSLC.MI,66.37999725341797,66.37999725341797,66.37999725341797,66.37999725341797,0
2024-04-12,GSLC.MI,67.19999694824219,67.19999694824219,66.79000091552734,66.79000091552734,12
2024-04-15,GSLC.MI,66.79000091552734,66.79000091552734,66.79000091552734,66.79000091552734,0
2024-04-16,GSLC.MI,66.79000091552734,66.79000091552734,66.79000091552734,66.79000091552734,0
2024-04-17,GSLC.MI,65.27999877929688,65.27999877929688,65.27999877929688,65.27999877929688,26
2024-04-18,GSLC.MI,65.13999938964844,65.43000030517578,65.13999938964844,65.43000030517578,74
2024-04-19,GSLC.MI,64.79000091552734,64.81999969482422,64.79000091552734,64.81999969482422,70
2024-04-22,GSLC.MI,64.68000030517578,64.81999969482422,64.5199966430664,64.5199966430664,14
2024-04-23,GSLC.MI,64.5199966430664,64.5199966430664,64.5199966430664,64.5199966430664,0
2024-04-24,GSLC.MI,64.5199966430664,64.5199966430664,64.5199966430664,64.5199966430664,0
2024-04-25,GSLC.MI,65.20999908447266,65.20999908447266,64.55999755859375,64.55999755859375,66
2024-04-26,GSLC.MI,64.55999755859375,64.55999755859375,64.55999755859375,64.55999755859375,0
2024-04-29,GSLC.MI,64.55999755859375,64.55999755859375,64.55999755859375,64.55999755859375,0
2024-04-30,GSLC.MI,65.68000030517578,65.68000030517578,65.56999969482422,65.56999969482422,300
2024-05-02,GSLC.MI,64.9000015258789,64.93000030517578,64.9000015258789,64.93000030517578,100
2024-05-03,GSLC.MI,64.93000030517578,64.93000030517578,64.93000030517578,64.93000030517578,0
2024-05-06,GSLC.MI,65.83000183105469,66.05000305175781,65.83000183105469,65.94000244140625,366
2024-05-07,GSLC.MI,65.94000244140625,65.94000244140625,65.94000244140625,65.94000244140625,0
2024-05-08,GSLC.MI,65.94000244140625,65.94000244140625,65.94000244140625,65.94000244140625,0
2024-05-09,GSLC.MI,65.94000244140625,65.94000244140625,65.94000244140625,65.94000244140625,0
2024-05-10,GSLC.MI,66.86000061035156,66.86000061035156,66.80999755859375,66.80999755859375,12
2024-05-13,GSLC.MI,66.81999969482422,66.83000183105469,66.70999908447266,66.70999908447266,12
2024-05-14,GSLC.MI,66.5999984741211,66.5999984741211,66.58999633789062,66.58999633789062,4
2024-05-15,GSLC.MI,66.58999633789062,66.58999633789062,66.58999633789062,66.58999633789062,0
2024-05-16,GSLC.MI,67.4000015258789,67.47000122070312,67.4000015258789,67.47000122070312,300
2024-05-17,GSLC.MI,67.16999816894531,67.19999694824219,67.16999816894531,67.19999694824219,3
2024-05-20,GSLC.MI,67.30999755859375,67.55000305175781,67.30999755859375,67.55000305175781,3
2024-05-21,GSLC.MI,67.55000305175781,67.55000305175781,67.55000305175781,67.55000305175781,0
2024-05-22,GSLC.MI,67.5,67.72000122070312,67.5,67.72000122070312,595
2024-05-23,GSLC.MI,67.72000122070312,67.72000122070312,67.72000122070312,67.72000122070312,0
2024-05-24,GSLC.MI,67.18000030517578,67.43000030517578,67.18000030517578,67.43000030517578,4
2024-05-27,GSLC.MI,67.43000030517578,67.43000030517578,67.43000030517578,67.43000030517578,0
2024-05-28,GSLC.MI,67.43000030517578,67.43000030517578,67.43000030517578,67.43000030517578,0
2024-05-29,GSLC.MI,66.77999877929688,67.0999984741211,66.7300033569336,67.0999984741211,230
2024-05-30,GSLC.MI,66.7300033569336,66.7300033569336,66.72000122070312,66.72000122070312,14
2024-05-31,GSLC.MI,66.72000122070312,66.72000122070312,66.72000122070312,66.72000122070312,0
2024-06-03,GSLC.MI,67.2300033569336,67.2300033569336,66.58000183105469,66.58000183105469,12
2024-06-04,GSLC.MI,66.58000183105469,66.58000183105469,66.58000183105469,66.58000183105469,0
2024-06-05,GSLC.MI,66.58000183105469,66.58000183105469,66.58000183105469,66.58000183105469,0
2024-06-06,GSLC.MI,66.58000183105469,66.58000183105469,66.58000183105469,66.58000183105469,0
2024-06-07,GSLC.MI,67.87999725341797,68.05000305175781,67.87999725341797,68.05000305175781,3
2024-06-10,GSLC.MI,68.05000305175781,68.05000305175781,68.05000305175781,68.05000305175781,0
2024-06-11,GSLC.MI,68.56999969482422,68.58999633789062,68.56999969482422,68.58999633789062,15
2024-06-12,GSLC.MI,68.95999908447266,69.2300033569336,68.95999908447266,69.2300033569336,2
2024-06-13,GSLC.MI,69.2300033569336,69.2300033569336,69.2300033569336,69.2300033569336,0
2024-06-14,GSLC.MI,69.2300033569336,69.2300033569336,69.2300033569336,69.2300033569336,0
2024-06-17,GSLC.MI,69.72000122070312,69.75,69.72000122070312,69.75,20
2024-06-18,GSLC.MI,69.75,69.75,69.75,69.75,0
2024-06-19,GSLC.MI,70.9800033569336,70.9800033569336,70.01000213623047,70.01000213623047,72
2024-06-20,GSLC.MI,70.6500015258789,70.6500015258789,70.47000122070312,70.4800033569336,63
2024-06-21,GSLC.MI,70.47000122070312,70.47000122070312,70.30000305175781,70.30000305175781,285
2024-06-24,GSLC.MI,70.30999755859375,70.47000122070312,70.0,70.30000305175781,131
2024-06-25,GSLC.MI,70.30000305175781,70.30000305175781,70.30000305175781,70.30000305175781,0
2024-06-26,GSLC.MI,70.6500015258789,70.6500015258789,70.22000122070312,70.22000122070312,4
2024-06-27,GSLC.MI,70.33000183105469,70.33000183105469,70.31999969482422,70.31999969482422,5
2024-06-28,GSLC.MI,70.75,70.75,70.55000305175781,70.55000305175781,4
2024-07-01,GSLC.MI,70.04000091552734,70.06999969482422,69.87999725341797,69.87999725341797,5207
2024-07-02,GSLC.MI,69.87999725341797,69.87999725341797,69.87999725341797,69.87999725341797,0
2024-07-03,GSLC.MI,69.87999725341797,69.87999725341797,69.87999725341797,69.87999725341797,0
2024-07-04,GSLC.MI,70.37999725341797,70.4000015258789,70.19000244140625,70.19000244140625,5
2024-07-05,GSLC.MI,70.30999755859375,70.30999755859375,70.2300033569336,70.2300033569336,75
2024-07-08,GSLC.MI,70.58999633789062,70.58999633789062,70.47000122070312,70.55000305175781,65
2024-07-09,GSLC.MI,70.76000213623047,70.83999633789062,70.76000213623047,70.83999633789062,4
2024-07-10,GSLC.MI,70.7300033569336,70.77999877929688,70.69999694824219,70.73999786376953,1325
2024-07-11,GSLC.MI,71.08000183105469,71.08000183105469,70.83000183105469,70.83000183105469,50
2024-07-12,GSLC.MI,70.55999755859375,70.97000122070312,70.55999755859375,70.97000122070312,42
2024-07-15,GSLC.MI,70.87999725341797,71.31999969482422,70.87999725341797,71.31999969482422,4059
2024-07-16,GSLC.MI,71.45999908447266,71.55000305175781,71.37999725341797,71.37999725341797,8
2024-07-17,GSLC.MI,71.37999725341797,71.37999725341797,71.37999725341797,71.37999725341797,0
2024-07-18,GSLC.MI,70.54000091552734,70.54000091552734,70.16000366210938,70.16000366210938,22
2024-07-19,GSLC.MI,70.16999816894531,70.16999816894531,69.80999755859375,69.80999755859375,12
2024-07-22,GSLC.MI,69.80999755859375,69.80999755859375,69.80999755859375,69.80999755859375,0
2024-07-23,GSLC.MI,70.44999694824219,71.08999633789062,70.44999694824219,71.08999633789062,2411
2024-07-24,GSLC.MI,71.08999633789062,71.08999633789062,71.08999633789062,71.08999633789062,0
2024-07-25,GSLC.MI,68.77999877929688,69.20999908447266,68.77999877929688,69.20999908447266,1689
2024-07-26,GSLC.MI,69.30000305175781,69.43000030517578,69.30000305175781,69.43000030517578,44
2024-07-29,GSLC.MI,69.43000030517578,69.43000030517578,69.43000030517578,69.43000030517578,0
2024-07-30,GSLC.MI,70.0,70.0,69.58999633789062,69.58999633789062,166
2024-07-31,GSLC.MI,70.2300033569336,70.47000122070312,70.2300033569336,70.47000122070312,245
2024-08-01,GSLC.MI,70.47000122070312,70.47000122070312,70.47000122070312,70.47000122070312,0
2024-08-02,GSLC.MI,67.79000091552734,67.79000091552734,67.05000305175781,67.05000305175781,1062
2024-08-05,GSLC.MI,64.30000305175781,65.44000244140625,64.30000305175781,65.44000244140625,36
2024-08-06,GSLC.MI,65.44000244140625,65.44000244140625,65.44000244140625,65.44000244140625,0
2024-08-07,GSLC.MI,65.44000244140625,65.44000244140625,65.44000244140625,65.44000244140625,0
2024-08-08,GSLC.MI,65.55000305175781,66.88999938964844,65.55000305175781,66.88999938964844,63
2024-08-09,GSLC.MI,67.2699966430664,67.2699966430664,67.20999908447266,67.20999908447266,3
2024-08-12,GSLC.MI,67.80000305175781,67.80000305175781,67.37999725341797,67.37999725341797,50
2024-08-13,GSLC.MI,67.37999725341797,67.37999725341797,67.37999725341797,67.37999725341797,0
2024-08-14,GSLC.MI,67.37999725341797,67.37999725341797,67.37999725341797,67.37999725341797,0
2024-08-16,GSLC.MI,67.37999725341797,67.37999725341797,67.37999725341797,67.37999725341797,0
2024-08-19,GSLC.MI,69.19000244140625,69.38999938964844,69.19000244140625,69.38999938964844,151
2024-08-20,GSLC.MI,69.38999938964844,69.38999938964844,69.38999938964844,69.38999938964844,0
2024-08-21,GSLC.MI,69.37999725341797,69.38999938964844,69.37999725341797,69.38999938964844,57
2024-08-22,GSLC.MI,69.38999938964844,69.38999938964844,69.38999938964844,69.38999938964844,0
2024-08-23,GSLC.MI,69.38999938964844,69.38999938964844,69.38999938964844,69.38999938964844,0
2024-08-26,GSLC.MI,69.51000213623047,69.58999633789062,69.51000213623047,69.58999633789062,358
2024-08-27,GSLC.MI,69.58999633789062,69.58999633789062,69.58999633789062,69.58999633789062,0
2024-08-28,GSLC.MI,69.58999633789062,69.58999633789062,69.58999633789062,69.58999633789062,0
2024-08-29,GSLC.MI,69.58999633789062,69.58999633789062,69.58999633789062,69.58999633789062,0
2024-08-30,GSLC.MI,70.01000213623047,70.01000213623047,69.83999633789062,69.83999633789062,22
2024-09-02,GSLC.MI,69.83999633789062,69.83999633789062,69.83999633789062,69.83999633789062,0
2024-09-03,GSLC.MI,69.83999633789062,69.83999633789062,69.83999633789062,69.83999633789062,0
2024-09-04,GSLC.MI,69.83999633789062,69.83999633789062,69.83999633789062,69.83999633789062,0
2024-09-05,GSLC.MI,69.83999633789062,69.83999633789062,69.83999633789062,69.83999633789062,0
2024-09-06,GSLC.MI,69.83999633789062,69.83999633789062,69.83999633789062,69.83999633789062,0
2024-09-09,GSLC.MI,69.83999633789062,69.83999633789062,69.83999633789062,69.83999633789062,0
2024-09-10,GSLC.MI,68.37999725341797,68.38999938964844,68.37000274658203,68.37000274658203,3500
2024-09-11,GSLC.MI,68.37000274658203,68.37000274658203,68.37000274658203,68.37000274658203,0
2024-09-12,GSLC.MI,68.37000274658203,68.37000274658203,68.37000274658203,68.37000274658203,0
2024-09-13,GSLC.MI,69.55999755859375,69.87000274658203,69.55999755859375,69.87000274658203,121
2024-09-16,GSLC.MI,69.87000274658203,69.87000274658203,69.87000274658203,69.87000274658203,0
2024-09-17,GSLC.MI,69.87000274658203,69.87000274658203,69.87000274658203,69.87000274658203,0
2024-09-18,GSLC.MI,69.87000274658203,69.87000274658203,69.87000274658203,69.87000274658203,0
2024-09-19,GSLC.MI,69.87000274658203,69.87000274658203,69.87000274658203,69.87000274658203,0
2024-09-20,GSLC.MI,69.87000274658203,69.87000274658203,69.87000274658203,69.87000274658203,0
2024-09-23,GSLC.MI,70.58999633789062,70.58999633789062,70.48999786376953,70.48999786376953,300
2024-09-24,GSLC.MI,70.48999786376953,70.48999786376953,70.48999786376953,70.48999786376953,0
2024-09-25,GSLC.MI,70.48999786376953,70.48999786376953,70.48999786376953,70.48999786376953,0
2024-09-26,GSLC.MI,70.48999786376953,70.48999786376953,70.48999786376953,70.48999786376953,0
2024-09-27,GSLC.MI,70.48999786376953,70.48999786376953,70.48999786376953,70.48999786376953,0
2024-09-30,GSLC.MI,70.56999969482422,70.83999633789062,70.56999969482422,70.83999633789062,22
2024-10-01,GSLC.MI,70.83999633789062,70.83999633789062,70.83999633789062,70.83999633789062,0
2024-10-02,GSLC.MI,70.83999633789062,70.83999633789062,70.83999633789062,70.83999633789062,0
2024-10-03,GSLC.MI,70.83999633789062,70.83999633789062,70.83999633789062,70.83999633789062,0
2024-10-04,GSLC.MI,72.05000305175781,72.05000305175781,71.5199966430664,71.5199966430664,6
2024-10-07,GSLC.MI,72.04000091552734,72.19999694824219,71.93000030517578,72.19999694824219,168
2024-10-08,GSLC.MI,72.3499984741211,72.55999755859375,72.3499984741211,72.55999755859375,2
2024-10-09,GSLC.MI,72.7300033569336,73.16999816894531,72.7300033569336,73.16999816894531,9
2024-10-10,GSLC.MI,73.43000030517578,73.47000122070312,73.0,73.47000122070312,4
2024-10-11,GSLC.MI,73.4000015258789,73.88999938964844,73.38999938964844,73.88999938964844,18
2024-10-14,GSLC.MI,74.19000244140625,74.70999908447266,74.11000061035156,74.70999908447266,204
2024-10-15,GSLC.MI,75.16000366210938,75.16000366210938,74.62000274658203,74.62000274658203,2
2024-10-16,GSLC.MI,74.62000274658203,74.62000274658203,74.62000274658203,74.62000274658203,0
2024-10-17,GSLC.MI,75.7300033569336,75.7300033569336,75.44999694824219,75.44999694824219,2
2024-10-18,GSLC.MI,75.33999633789062,75.33999633789062,75.12999725341797,75.12999725341797,2
2024-10-21,GSLC.MI,75.16999816894531,75.16999816894531,74.86000061035156,74.86000061035156,4
2024-10-22,GSLC.MI,74.86000061035156,74.86000061035156,74.86000061035156,74.86000061035156,0
2024-10-23,GSLC.MI,74.86000061035156,74.86000061035156,74.68000030517578,74.68000030517578,4
2024-10-24,GSLC.MI,74.68000030517578,74.68000030517578,74.68000030517578,74.68000030517578,0
2024-10-25,GSLC.MI,74.68000030517578,74.68000030517578,74.68000030517578,74.68000030517578,0
2024-10-28,GSLC.MI,74.68000030517578,74.68000030517578,74.68000030517578,74.68000030517578,0
2024-10-29,GSLC.MI,74.68000030517578,74.68000030517578,74.68000030517578,74.68000030517578,0
2024-10-30,GSLC.MI,74.16000366210938,74.16000366210938,73.9000015258789,73.9000015258789,173
2024-10-31,GSLC.MI,73.9000015258789,73.9000015258789,73.9000015258789,73.9000015258789,0
2024-11-01,GSLC.MI,73.9000015258789,73.9000015258789,73.9000015258789,73.9000015258789,0
2024-11-04,GSLC.MI,73.05000305175781,73.2300033569336,72.0,73.2300033569336,29
2024-11-05,GSLC.MI,73.5199966430664,73.5199966430664,72.91999816894531,73.29000091552734,38
2024-11-06,GSLC.MI,73.29000091552734,73.29000091552734,73.29000091552734,73.29000091552734,0
2024-11-07,GSLC.MI,76.91999816894531,76.94999694824219,76.5,76.5,123
2024-11-08,GSLC.MI,77.51000213623047,77.58000183105469,76.7300033569336,76.7300033569336,13
2024-11-11,GSLC.MI,78.3499984741211,78.55999755859375,78.3499984741211,78.55999755859375,6
2024-11-12,GSLC.MI,78.55000305175781,78.55999755859375,78.33999633789062,78.54000091552734,25
2024-11-13,GSLC.MI,78.2699966430664,78.73999786376953,78.06999969482422,78.73999786376953,4324
2024-11-14,GSLC.MI,78.70999908447266,79.1500015258789,78.4000015258789,78.4000015258789,29
2024-11-15,GSLC.MI,77.41000366210938,77.41000366210938,77.2699966430664,77.2699966430664,30
2024-11-18,GSLC.MI,77.0,77.47000122070312,77.0,77.47000122070312,8
2024-11-19,GSLC.MI,77.47000122070312,77.47000122070312,77.47000122070312,77.47000122070312,0
2024-11-20,GSLC.MI,78.18000030517578,78.7300033569336,77.27999877929688,77.27999877929688,116
2024-11-21,GSLC.MI,77.27999877929688,77.27999877929688,77.27999877929688,77.27999877929688,0
2024-11-22,GSLC.MI,79.08000183105469,79.72000122070312,79.08000183105469,79.72000122070312,34
2024-11-25,GSLC.MI,79.66000366210938,79.66999816894531,79.44000244140625,79.66999816894531,1211
2024-11-26,GSLC.MI,79.66999816894531,79.66999816894531,79.66999816894531,79.66999816894531,0
2024-11-27,GSLC.MI,79.66999816894531,79.66999816894531,79.66999816894531,79.66999816894531,0
2024-11-28,GSLC.MI,79.66999816894531,79.66999816894531,79.66999816894531,79.66999816894531,0
2024-11-29,GSLC.MI,79.66999816894531,79.66999816894531,79.66999816894531,79.66999816894531,0
2024-12-02,GSLC.MI,79.80000305175781,80.0999984741211,79.80000305175781,79.94000244140625,89
2024-12-03,GSLC.MI,79.80000305175781,79.8499984741211,79.77999877929688,79.77999877929688,2
2024-12-04,GSLC.MI,80.25,80.73999786376953,80.0999984741211,80.0999984741211,126
2024-12-05,GSLC.MI,80.3499984741211,80.3499984741211,79.91000366210938,79.91000366210938,16
2024-12-06,GSLC.MI,80.05000305175781,80.05000305175781,79.80000305175781,79.80000305175781,3
2024-12-09,GSLC.MI,79.58999633789062,79.58999633789062,78.98999786376953,78.98999786376953,60
2024-12-10,GSLC.MI,79.11000061035156,79.12999725341797,79.11000061035156,79.12999725341797,5
2024-12-11,GSLC.MI,79.12999725341797,79.12999725341797,79.12999725341797,79.12999725341797,0
2024-12-12,GSLC.MI,79.2699966430664,79.27999877929688,79.05000305175781,79.05000305175781,40
2024-12-13,GSLC.MI,78.8499984741211,78.8499984741211,78.66000366210938,78.66000366210938,41
2024-12-16,GSLC.MI,78.66000366210938,78.66000366210938,78.66000366210938,78.66000366210938,0
2024-12-17,GSLC.MI,78.66000366210938,78.66000366210938,78.66000366210938,78.66000366210938,0
2024-12-18,GSLC.MI,78.62999725341797,78.62999725341797,78.5,78.55000305175781,6
2024-12-19,GSLC.MI,78.55000305175781,78.55000305175781,78.55000305175781,78.55000305175781,0
2024-12-20,GSLC.MI,76.6500015258789,77.91999816894531,76.6500015258789,77.91999816894531,41
2024-12-23,GSLC.MI,77.91999816894531,77.91999816894531,77.91999816894531,77.91999816894531,0
2024-12-27,GSLC.MI,77.91999816894531,77.91999816894531,77.91999816894531,77.91999816894531,0
2024-12-30,GSLC.MI,77.91999816894531,77.91999816894531,77.91999816894531,77.91999816894531,0
2025-01-02,GSLC.MI,78.12999725341797,78.76000213623047,77.9800033569336,78.76000213623047,104
2025-01-03,GSLC.MI,78.76000213623047,78.76000213623047,78.76000213623047,78.76000213623047,0
2025-01-06,GSLC.MI,78.76000213623047,78.76000213623047,78.76000213623047,78.76000213623047,0
2025-01-07,GSLC.MI,78.76000213623047,78.76000213623047,78.76000213623047,78.76000213623047,0
2025-01-08,GSLC.MI,78.7300033569336,78.7300033569336,78.36000061035156,78.36000061035156,39
2025-01-09,GSLC.MI,78.36000061035156,78.36000061035156,78.36000061035156,78.36000061035156,0
2025-01-10,GSLC.MI,78.4800033569336,78.4800033569336,77.79000091552734,77.91000366210938,166
2025-01-13,GSLC.MI,77.61000061035156,77.72000122070312,77.61000061035156,77.72000122070312,75
2025-01-14,GSLC.MI,77.72000122070312,77.72000122070312,77.72000122070312,77.72000122070312,0
2025-01-15,GSLC.MI,77.72000122070312,77.72000122070312,77.72000122070312,77.72000122070312,0
2025-01-16,GSLC.MI,77.72000122070312,77.72000122070312,77.72000122070312,77.72000122070312,0
2025-01-17,GSLC.MI,77.72000122070312,77.72000122070312,77.72000122070312,77.72000122070312,0
2025-01-20,GSLC.MI,77.72000122070312,77.72000122070312,77.72000122070312,77.72000122070312,0
2025-01-21,GSLC.MI,79.9000015258789,79.91000366210938,79.87000274658203,79.87000274658203,84
2025-01-22,GSLC.MI,79.87000274658203,79.87000274658203,79.87000274658203,79.87000274658203,0
2025-01-23,GSLC.MI,80.61000061035156,80.69999694824219,80.61000061035156,80.69999694824219,4
2025-01-24,GSLC.MI,80.3499984741211,80.38999938964844,80.3499984741211,80.38999938964844,5
2025-01-27,GSLC.MI,78.56999969482422,78.56999969482422,78.5,78.5,2
2025-01-28,GSLC.MI,78.5,78.5,78.5,78.5,0
2025-01-29,GSLC.MI,78.5,78.5,78.5,78.5,0
2025-01-30,GSLC.MI,78.5,78.5,78.5,78.5,0
2025-01-31,GSLC.MI,78.5,78.5,78.5,78.5,0
2025-02-03,GSLC.MI,79.68000030517578,80.2300033569336,79.68000030517578,80.2300033569336,250
2025-02-04,GSLC.MI,79.73999786376953,79.91999816894531,79.73999786376953,79.91999816894531,173
2025-02-05,GSLC.MI,79.51000213623047,79.94000244140625,79.51000213623047,79.94000244140625,385
2025-02-06,GSLC.MI,80.83999633789062,81.0,80.83999633789062,81.0,4
2025-02-07,GSLC.MI,81.0,81.0,81.0,81.0,0
2025-02-10,GSLC.MI,81.0,81.0,81.0,81.0,0
2025-02-11,GSLC.MI,81.3499984741211,81.3499984741211,81.13999938964844,81.13999938964844,24
2025-02-12,GSLC.MI,81.13999938964844,81.13999938964844,81.13999938964844,81.13999938964844,0
2025-02-13,GSLC.MI,81.13999938964844,81.13999938964844,81.13999938964844,81.13999938964844,0
2025-02-14,GSLC.MI,81.13999938964844,81.13999938964844,81.13999938964844,81.13999938964844,0
2025-02-17,GSLC.MI,81.13999938964844,81.13999938964844,81.13999938964844,81.13999938964844,0
2025-02-18,GSLC.MI,81.05000305175781,81.05000305175781,80.98999786376953,80.98999786376953,24
2025-02-19,GSLC.MI,80.98999786376953,80.98999786376953,80.98999786376953,80.98999786376953,0
2025-02-20,GSLC.MI,80.58000183105469,80.58000183105469,80.25,80.25,99
2025-02-21,GSLC.MI,80.30000305175781,80.33999633789062,80.30000305175781,80.33999633789062,40
2025-02-24,GSLC.MI,80.33999633789062,80.33999633789062,80.33999633789062,80.33999633789062,0
2025-02-25,GSLC.MI,78.63999938964844,78.63999938964844,78.0199966430664,78.0199966430664,68
2025-02-26,GSLC.MI,78.7300033569336,79.27999877929688,78.7300033569336,79.27999877929688,250
2025-02-27,GSLC.MI,79.27999877929688,79.27999877929688,79.27999877929688,79.27999877929688,0
2025-02-28,GSLC.MI,79.27999877929688,79.27999877929688,79.27999877929688,79.27999877929688,0
2025-03-03,GSLC.MI,79.2699966430664,79.2699966430664,78.56999969482422,78.56999969482422,2307
2025-03-04,GSLC.MI,82.4800033569336,82.4800033569336,75.37999725341797,75.37999725341797,235
2025-03-05,GSLC.MI,75.77999877929688,75.77999877929688,74.08999633789062,74.08999633789062,20
2025-03-06,GSLC.MI,74.08999633789062,74.08999633789062,74.08999633789062,74.08999633789062,0
2025-03-07,GSLC.MI,73.5,73.5,72.19999694824219,72.19999694824219,53
2025-03-10,GSLC.MI,72.19999694824219,72.19999694824219,72.19999694824219,72.19999694824219,0
2025-03-11,GSLC.MI,69.4800033569336,70.51000213623047,69.4800033569336,70.51000213623047,230
2025-03-12,GSLC.MI,70.51000213623047,70.51000213623047,70.51000213623047,70.51000213623047,0
2025-03-13,GSLC.MI,70.51000213623047,70.51000213623047,70.51000213623047,70.51000213623047,0
2025-03-14,GSLC.MI,70.72000122070312,71.29000091552734,70.6500015258789,71.29000091552734,37
2025-03-17,GSLC.MI,71.41000366210938,71.6500015258789,71.41000366210938,71.6500015258789,3
2025-03-18,GSLC.MI,71.6500015258789,71.6500015258789,71.6500015258789,71.6500015258789,0
2025-03-19,GSLC.MI,71.80000305175781,72.02999877929688,71.80000305175781,72.02999877929688,13
2025-03-20,GSLC.MI,72.02999877929688,72.02999877929688,72.02999877929688,72.02999877929688,0
2025-03-21,GSLC.MI,71.9800033569336,72.25,71.9800033569336,72.25,15
2025-03-24,GSLC.MI,72.25,72.25,72.25,72.25,0
2025-03-25,GSLC.MI,72.25,72.25,72.25,72.25,0
2025-03-26,GSLC.MI,72.25,72.25,72.25,72.25,0
2025-03-27,GSLC.MI,72.25,72.25,72.25,72.25,0
2025-03-28,GSLC.MI,72.25,72.25,72.25,72.25,0
2025-03-31,GSLC.MI,72.25,72.25,72.25,72.25,0
2025-04-01,GSLC.MI,71.51000213623047,71.80999755859375,71.51000213623047,71.80999755859375,736
2025-04-02,GSLC.MI,71.80999755859375,71.80999755859375,71.80999755859375,71.80999755859375,0
2025-04-03,GSLC.MI,69.22000122070312,69.2300033569336,67.81999969482422,67.81999969482422,143
2025-04-04,GSLC.MI,66.80999755859375,66.80999755859375,65.33000183105469,65.33000183105469,301
2025-04-07,GSLC.MI,61.16999816894531,62.880001068115234,61.15999984741211,62.880001068115234,145
2025-04-08,GSLC.MI,66.66000366210938,66.66000366210938,65.58000183105469,65.58000183105469,25
2025-04-09,GSLC.MI,62.900001525878906,62.900001525878906,62.41999816894531,62.41999816894531,3
2025-04-10,GSLC.MI,66.58000183105469,66.58000183105469,64.81999969482422,64.81999969482422,80
2025-04-11,GSLC.MI,64.0199966430664,64.0199966430664,63.84000015258789,63.84000015258789,21
2025-04-14,GSLC.MI,63.84000015258789,63.84000015258789,63.84000015258789,63.84000015258789,0
2025-04-15,GSLC.MI,63.84000015258789,63.84000015258789,63.84000015258789,63.84000015258789,0
2025-04-16,GSLC.MI,65.0199966430664,65.22000122070312,64.6500015258789,65.22000122070312,635
2025-04-17,GSLC.MI,65.22000122070312,65.22000122070312,65.22000122070312,65.22000122070312,0
2025-04-22,GSLC.MI,62.900001525878906,63.75,62.900001525878906,63.75,600
2025-04-23,GSLC.MI,65.62000274658203,66.5199966430664,65.62000274658203,65.77999877929688,2055
2025-04-24,GSLC.MI,65.45999908447266,66.30999755859375,65.12000274658203,66.30999755859375,1676
2025-04-25,GSLC.MI,66.87000274658203,66.87000274658203,66.54000091552734,66.54000091552734,120
2025-04-28,GSLC.MI,66.87000274658203,66.87000274658203,66.62000274658203,66.62000274658203,1
2025-04-29,GSLC.MI,66.62000274658203,66.62000274658203,66.62000274658203,66.62000274658203,0
2025-04-30,GSLC.MI,67.37000274658203,67.37000274658203,66.69000244140625,67.12000274658203,1200
2025-05-02,GSLC.MI,68.51000213623047,69.0,68.5,69.0,1267
2025-05-05,GSLC.MI,69.41999816894531,69.44999694824219,69.41999816894531,69.43000030517578,750
2025-05-06,GSLC.MI,69.43000030517578,69.43000030517578,69.43000030517578,69.43000030517578,0
2025-05-07,GSLC.MI,68.7300033569336,68.75,68.7300033569336,68.75,600
2025-05-08,GSLC.MI,70.08000183105469,70.11000061035156,69.9800033569336,70.11000061035156,603
2025-05-09,GSLC.MI,70.19000244140625,70.19000244140625,69.81999969482422,69.81999969482422,17
2025-05-12,GSLC.MI,72.04000091552734,72.36000061035156,72.04000091552734,72.36000061035156,650
2025-05-13,GSLC.MI,72.7300033569336,73.27999877929688,72.7300033569336,73.27999877929688,30
2025-05-14,GSLC.MI,72.55000305175781,72.80999755859375,72.55000305175781,72.80999755859375,600
2025-05-15,GSLC.MI,72.55000305175781,73.06999969482422,72.41999816894531,73.06999969482422,634
2025-05-16,GSLC.MI,73.5,73.80999755859375,73.4800033569336,73.80999755859375,1200
2025-05-19,GSLC.MI,73.37999725341797,73.44999694824219,72.80999755859375,73.43000030517578,1200
2025-05-20,GSLC.MI,73.43000030517578,73.43000030517578,73.43000030517578,73.43000030517578,0
2025-05-21,GSLC.MI,72.70999908447266,72.70999908447266,72.5,72.58000183105469,1200
2025-05-22,GSLC.MI,71.87999725341797,71.87999725341797,71.72000122070312,71.72000122070312,1389
2025-05-23,GSLC.MI,71.0,71.0,70.8499984741211,70.8499984741211,709
2025-05-26,GSLC.MI,70.8499984741211,70.8499984741211,70.8499984741211,70.8499984741211,0
2025-05-27,GSLC.MI,71.9000015258789,72.23999786376953,71.9000015258789,72.23999786376953,609
2025-05-28,GSLC.MI,72.23999786376953,72.23999786376953,72.23999786376953,72.23999786376953,0
2025-05-29,GSLC.MI,73.55000305175781,73.75,72.27999877929688,72.27999877929688,3000
2025-05-30,GSLC.MI,72.16000366210938,72.2300033569336,72.16000366210938,72.2300033569336,100
2025-06-02,GSLC.MI,71.5199966430664,71.69999694824219,71.5199966430664,71.69999694824219,35
2025-06-03,GSLC.MI,71.69999694824219,71.69999694824219,71.69999694824219,71.69999694824219,0
2025-06-04,GSLC.MI,73.30000305175781,73.30000305175781,73.2300033569336,73.2300033569336,600
2025-06-05,GSLC.MI,73.08000183105469,73.19999694824219,72.9000015258789,73.19999694824219,1201
2025-06-06,GSLC.MI,73.6500015258789,73.6500015258789,73.58000183105469,73.58000183105469,600
2025-06-09,GSLC.MI,73.58000183105469,73.58000183105469,73.58000183105469,73.58000183105469,0
2025-06-10,GSLC.MI,73.26000213623047,73.48999786376953,73.26000213623047,73.48999786376953,681
2025-06-11,GSLC.MI,73.5999984741211,73.5999984741211,73.45999908447266,73.45999908447266,1200
2025-06-12,GSLC.MI,73.06999969482422,73.08000183105469,72.0,72.80999755859375,3631
2025-06-13,GSLC.MI,72.0999984741211,72.43000030517578,72.0999984741211,72.43000030517578,220
2025-06-16,GSLC.MI,72.43000030517578,72.43000030517578,72.43000030517578,72.43000030517578,0
2025-06-17,GSLC.MI,72.43000030517578,72.43000030517578,72.43000030517578,72.43000030517578,0
2025-06-18,GSLC.MI,72.43000030517578,72.43000030517578,72.43000030517578,72.43000030517578,0
2025-06-19,GSLC.MI,72.43000030517578,72.43000030517578,72.43000030517578,72.43000030517578,0
2025-06-20,GSLC.MI,72.43000030517578,72.43000030517578,72.43000030517578,72.43000030517578,0
2025-06-23,GSLC.MI,72.43000030517578,72.43000030517578,72.43000030517578,72.43000030517578,0
2025-06-24,GSLC.MI,72.93000030517578,72.93000030517578,72.81999969482422,72.81999969482422,600
2025-06-25,GSLC.MI,72.81999969482422,72.81999969482422,72.81999969482422,72.81999969482422,0
2025-06-26,GSLC.MI,72.81999969482422,72.81999969482422,72.81999969482422,72.81999969482422,0
2025-06-27,GSLC.MI,73.5999984741211,73.69999694824219,73.5999984741211,73.69999694824219,898
2025-06-30,GSLC.MI,73.76000213623047,73.80000305175781,73.58999633789062,73.58999633789062,760
2025-07-01,GSLC.MI,73.62000274658203,73.62000274658203,73.61000061035156,73.61000061035156,7
2025-07-02,GSLC.MI,73.73999786376953,73.75,73.55000305175781,73.55000305175781,1473
2025-07-03,GSLC.MI,73.75,74.3499984741211,73.75,74.3499984741211,2870
2025-07-04,GSLC.MI,73.73999786376953,73.83000183105469,73.73999786376953,73.83000183105469,8
2025-07-07,GSLC.MI,73.83000183105469,73.83000183105469,73.83000183105469,73.83000183105469,0
2025-07-08,GSLC.MI,73.83000183105469,73.83000183105469,73.83000183105469,73.83000183105469,0
2025-07-09,GSLC.MI,73.83000183105469,73.83000183105469,73.83000183105469,73.83000183105469,0
2025-07-10,GSLC.MI,73.83000183105469,73.83000183105469,73.83000183105469,73.83000183105469,0
2025-07-11,GSLC.MI,74.25,74.33000183105469,74.25,74.33000183105469,650
2025-07-14,GSLC.MI,74.33000183105469,74.33000183105469,74.33000183105469,74.33000183105469,0
2025-07-15,GSLC.MI,75.01000213623047,75.01000213623047,74.98999786376953,74.98999786376953,400
2025-07-16,GSLC.MI,73.75,73.75,73.75,73.75,650
2025-07-17,GSLC.MI,75.0999984741211,75.4000015258789,75.0999984741211,75.4000015258789,1300
2025-07-18,GSLC.MI,75.4000015258789,75.4000015258789,75.4000015258789,75.4000015258789,0
2025-07-21,GSLC.MI,75.4000015258789,75.4000015258789,75.4000015258789,75.4000015258789,0
2025-07-22,GSLC.MI,75.4000015258789,75.4000015258789,75.4000015258789,75.4000015258789,0
2025-07-23,GSLC.MI,75.4000015258789,75.4000015258789,75.4000015258789,75.4000015258789,0
2025-07-24,GSLC.MI,75.33999633789062,75.33999633789062,75.33999633789062,75.33999633789062,6
2025-07-25,GSLC.MI,75.33999633789062,75.33999633789062,75.33999633789062,75.33999633789062,0
2025-07-28,GSLC.MI,75.33999633789062,75.33999633789062,75.33999633789062,75.33999633789062,0
2025-07-29,GSLC.MI,75.33999633789062,75.33999633789062,75.33999633789062,75.33999633789062,0
2025-07-30,GSLC.MI,75.33999633789062,75.33999633789062,75.33999633789062,75.33999633789062,0
2025-07-31,GSLC.MI,77.94000244140625,77.94000244140625,77.66000366210938,77.66000366210938,95
2025-08-01,GSLC.MI,77.66000366210938,77.66000366210938,77.66000366210938,77.66000366210938,0
2025-08-04,GSLC.MI,75.62999725341797,76.08000183105469,75.62999725341797,76.08000183105469,65
2025-08-05,GSLC.MI,76.08000183105469,76.08000183105469,76.08000183105469,76.08000183105469,0
2025-08-06,GSLC.MI,76.08000183105469,76.08000183105469,76.08000183105469,76.08000183105469,0
2025-08-07,GSLC.MI,76.08000183105469,76.08000183105469,76.08000183105469,76.08000183105469,0
2025-08-08,GSLC.MI,76.08000183105469,76.08000183105469,76.08000183105469,76.08000183105469,0
2025-08-11,GSLC.MI,76.08000183105469,76.08000183105469,76.08000183105469,76.08000183105469,0
2025-08-12,GSLC.MI,76.29000091552734,76.29000091552734,76.16000366210938,76.22000122070312,2132
2025-08-13,GSLC.MI,76.54000091552734,76.54000091552734,76.41999816894531,76.41999816894531,137
2025-08-14,GSLC.MI,76.72000122070312,76.80999755859375,76.72000122070312,76.80999755859375,651
2025-08-18,GSLC.MI,76.5199966430664,76.63999938964844,76.5199966430664,76.63999938964844,29
2025-08-19,GSLC.MI,76.5199966430664,76.58000183105469,76.5199966430664,76.58000183105469,31
2025-08-20,GSLC.MI,76.58000183105469,76.58000183105469,76.58000183105469,76.58000183105469,0
2025-08-21,GSLC.MI,76.41000366210938,76.41000366210938,76.13999938964844,76.33000183105469,562
2025-08-22,GSLC.MI,76.33000183105469,76.33000183105469,76.33000183105469,76.33000183105469,0
2025-08-25,GSLC.MI,76.88999938964844,76.93000030517578,76.88999938964844,76.93000030517578,5
2025-08-26,GSLC.MI,76.93000030517578,76.93000030517578,76.93000030517578,76.93000030517578,0
2025-08-27,GSLC.MI,76.93000030517578,76.93000030517578,76.93000030517578,76.93000030517578,0
2025-08-28,GSLC.MI,76.93000030517578,76.93000030517578,76.93000030517578,76.93000030517578,0
2025-08-29,GSLC.MI,76.93000030517578,76.93000030517578,76.93000030517578,76.93000030517578,0
2025-09-01,GSLC.MI,76.93000030517578,76.93000030517578,76.93000030517578,76.93000030517578,0
2025-09-02,GSLC.MI,76.93000030517578,76.93000030517578,76.93000030517578,76.93000030517578,0
2025-09-03,GSLC.MI,76.93000030517578,76.93000030517578,76.93000030517578,76.93000030517578,0
2025-09-04,GSLC.MI,76.93000030517578,76.93000030517578,76.93000030517578,76.93000030517578,0
2025-09-05,GSLC.MI,76.93000030517578,76.93000030517578,76.93000030517578,76.93000030517578,0
2025-09-08,GSLC.MI,77.01000213623047,77.16999816894531,77.01000213623047,77.16999816894531,7
2025-09-09,GSLC.MI,77.22000122070312,77.22000122070312,77.20999908447266,77.20999908447266,176
2025-09-10,GSLC.MI,77.20999908447266,77.20999908447266,77.20999908447266,77.20999908447266,0
2025-09-11,GSLC.MI,78.33000183105469,78.44999694824219,78.33000183105469,78.44999694824219,400
2025-09-12,GSLC.MI,78.44999694824219,78.44999694824219,78.44999694824219,78.44999694824219,0
2025-09-15,GSLC.MI,78.06999969482422,78.11000061035156,78.0,78.11000061035156,534
2025-09-16,GSLC.MI,78.08000183105469,78.08000183105469,77.23999786376953,77.23999786376953,278
2025-09-17,GSLC.MI,77.23999786376953,77.23999786376953,77.23999786376953,77.23999786376953,0
2025-09-18,GSLC.MI,77.93000030517578,78.38999938964844,77.93000030517578,78.38999938964844,20
2025-09-19,GSLC.MI,78.38999938964844,78.38999938964844,78.38999938964844,78.38999938964844,0
2025-09-22,GSLC.MI,78.38999938964844,78.38999938964844,78.38999938964844,78.38999938964844,0
2025-09-23,GSLC.MI,78.38999938964844,78.38999938964844,78.38999938964844,78.38999938964844,0
2025-09-24,GSLC.MI,78.20999908447266,78.41999816894531,78.20999908447266,78.27999877929688,14
2025-09-25,GSLC.MI,78.27999877929688,78.27999877929688,78.27999877929688,78.27999877929688,0
2025-09-26,GSLC.MI,78.19999694824219,78.19999694824219,78.04000091552734,78.04000091552734,10
2025-09-29,GSLC.MI,78.58999633789062,78.58999633789062,78.29000091552734,78.29000091552734,140
2025-09-30,GSLC.MI,78.29000091552734,78.29000091552734,78.29000091552734,78.29000091552734,0
2025-10-01,GSLC.MI,78.29000091552734,78.29000091552734,78.29000091552734,78.29000091552734,0
2025-10-02,GSLC.MI,78.75,78.80000305175781,78.75,78.80000305175781,945
2025-10-03,GSLC.MI,79.22000122070312,79.23999786376953,79.16000366210938,79.16000366210938,253
2025-10-06,GSLC.MI,79.56999969482422,79.56999969482422,79.01000213623047,79.01000213623047,62
2025-10-07,GSLC.MI,78.88999938964844,78.88999938964844,78.88999938964844,78.88999938964844,5
2025-10-08,GSLC.MI,79.55999755859375,79.81999969482422,79.54000091552734,79.81999969482422,12
2025-10-09,GSLC.MI,79.94999694824219,80.0999984741211,79.94999694824219,80.05999755859375,3
2025-10-10,GSLC.MI,80.05999755859375,80.05999755859375,80.05999755859375,80.05999755859375,0
2025-10-13,GSLC.MI,80.05999755859375,80.05999755859375,80.05999755859375,80.05999755859375,0
2025-10-14,GSLC.MI,78.5999984741211,78.66000366210938,78.5999984741211,78.66000366210938,31
2025-10-15,GSLC.MI,79.58999633789062,79.58999633789062,79.5,79.5,75
2025-10-16,GSLC.MI,79.05999755859375,79.05999755859375,78.76000213623047,78.76000213623047,12
2025-10-17,GSLC.MI,78.76000213623047,78.76000213623047,78.76000213623047,78.76000213623047,0
2025-10-20,GSLC.MI,78.76000213623047,78.76000213623047,78.76000213623047,78.76000213623047,0
2025-10-21,GSLC.MI,79.38999938964844,79.79000091552734,79.38999938964844,79.79000091552734,20
2025-10-22,GSLC.MI,79.79000091552734,79.79000091552734,79.79000091552734,79.79000091552734,0
2025-10-23,GSLC.MI,79.2699966430664,79.29000091552734,79.23999786376953,79.29000091552734,692
2025-10-27,GSLC.MI,80.76000213623047,80.76000213623047,80.5999984741211,80.66999816894531,39
2025-10-28,GSLC.MI,80.66999816894531,80.66999816894531,80.66999816894531,80.66999816894531,0
2025-10-29,GSLC.MI,80.66999816894531,80.66999816894531,80.66999816894531,80.66999816894531,0
2025-10-30,GSLC.MI,80.66999816894531,80.66999816894531,80.66999816894531,80.66999816894531,0
2025-10-31,GSLC.MI,80.66999816894531,80.66999816894531,80.66999816894531,80.66999816894531,0
2025-11-03,GSLC.MI,79.9000015258789,79.9000015258789,79.9000015258789,79.9000015258789,140
2025-11-04,GSLC.MI,79.9000015258789,80.45999908447266,79.9000015258789,80.45999908447266,459
2025-11-05,GSLC.MI,80.45999908447266,80.45999908447266,80.45999908447266,80.45999908447266,0
2025-11-06,GSLC.MI,80.45999908447266,80.45999908447266,80.45999908447266,80.45999908447266,0
2025-11-07,GSLC.MI,80.45999908447266,80.45999908447266,80.45999908447266,80.45999908447266,0
2025-11-10,GSLC.MI,80.45999908447266,80.45999908447266,80.45999908447266,80.45999908447266,0
2025-11-11,GSLC.MI,80.45999908447266,80.45999908447266,80.45999908447266,80.45999908447266,0
2025-11-12,GSLC.MI,80.45999908447266,80.45999908447266,80.45999908447266,80.45999908447266,0
2025-11-13,GSLC.MI,80.45999908447266,80.45999908447266,80.45999908447266,80.45999908447266,0
2025-11-14,GSLC.MI,80.45999908447266,80.45999908447266,80.45999908447266,80.45999908447266,0
2025-11-17,GSLC.MI,78.63999938964844,78.63999938964844,78.05000305175781,78.05000305175781,177
2025-11-18,GSLC.MI,76.75,77.1500015258789,76.75,77.1500015258789,19
2025-11-19,GSLC.MI,77.1500015258789,77.1500015258789,77.1500015258789,77.1500015258789,0
2025-11-20,GSLC.MI,77.1500015258789,77.1500015258789,77.1500015258789,77.1500015258789,0
2025-11-21,GSLC.MI,77.1500015258789,77.1500015258789,77.1500015258789,77.1500015258789,0
2025-11-24,GSLC.MI,77.70999908447266,78.4000015258789,77.70999908447266,78.4000015258789,10
2025-11-25,GSLC.MI,78.4000015258789,78.4000015258789,78.4000015258789,78.4000015258789,0
2025-11-26,GSLC.MI,79.19000244140625,79.54000091552734,79.19000244140625,79.54000091552734,2
2025-11-27,GSLC.MI,79.54000091552734,79.54000091552734,79.54000091552734,79.54000091552734,0
2025-11-28,GSLC.MI,79.54000091552734,79.54000091552734,79.54000091552734,79.54000091552734,0
2025-12-01,GSLC.MI,79.54000091552734,79.54000091552734,79.54000091552734,79.54000091552734,0
2025-12-02,GSLC.MI,79.5999984741211,79.5999984741211,79.31999969482422,79.31999969482422,65
2025-12-03,GSLC.MI,79.31999969482422,79.31999969482422,79.31999969482422,79.31999969482422,0
2025-12-04,GSLC.MI,79.31999969482422,79.31999969482422,79.31999969482422,79.31999969482422,0
2025-12-05,GSLC.MI,79.31999969482422,79.31999969482422,79.31999969482422,79.31999969482422,0
2025-12-08,GSLC.MI,79.31999969482422,79.31999969482422,79.31999969482422,79.31999969482422,0
2025-12-09,GSLC.MI,79.31999969482422,79.31999969482422,79.31999969482422,79.31999969482422,0
2025-12-10,GSLC.MI,79.31999969482422,79.31999969482422,79.31999969482422,79.31999969482422,0
2025-12-11,GSLC.MI,79.31999969482422,79.31999969482422,79.31999969482422,79.31999969482422,0
2025-12-12,GSLC.MI,79.31999969482422,79.31999969482422,79.31999969482422,79.31999969482422,0
2025-12-15,GSLC.MI,79.31999969482422,79.31999969482422,79.31999969482422,79.31999969482422,0
2025-12-16,GSLC.MI,79.31999969482422,79.31999969482422,79.31999969482422,79.31999969482422,0
2025-12-17,GSLC.MI,79.31999969482422,79.31999969482422,79.31999969482422,79.31999969482422,0
2025-12-18,GSLC.MI,79.31999969482422,79.31999969482422,79.31999969482422,79.31999969482422,0
2025-12-19,GSLC.MI,79.08000183105469,79.81999969482422,79.08000183105469,79.81999969482422,5
2025-12-22,GSLC.MI,79.81999969482422,79.81999969482422,79.81999969482422,79.81999969482422,0
2025-12-23,GSLC.MI,80.02999877929688,80.16000366210938,80.02999877929688,80.16000366210938,25
2025-12-29,GSLC.MI,80.06999969482422,80.4000015258789,80.06999969482422,80.2699966430664,28
2025-12-30,GSLC.MI,80.2699966430664,80.2699966430664,80.2699966430664,80.2699966430664,0
2026-01-02,GSLC.MI,80.2699966430664,80.2699966430664,80.2699966430664,80.2699966430664,0
2026-01-05,GSLC.MI,80.2699966430664,80.2699966430664,80.2699966430664,80.2699966430664,0
2026-01-06,GSLC.MI,80.2699966430664,80.2699966430664,80.2699966430664,80.2699966430664,0
2026-01-07,GSLC.MI,81.76000213623047,81.79000091552734,81.5999984741211,81.69000244140625,932
2026-01-08,GSLC.MI,81.69000244140625,81.69000244140625,81.69000244140625,81.69000244140625,0
2026-01-09,GSLC.MI,81.94999694824219,82.08000183105469,81.94999694824219,82.08000183105469,10
2026-01-12,GSLC.MI,81.54000091552734,81.69000244140625,81.36000061035156,81.69000244140625,66
2026-01-13,GSLC.MI,81.69000244140625,81.69000244140625,81.69000244140625,81.69000244140625,0
2026-01-14,GSLC.MI,81.69000244140625,81.69000244140625,81.69000244140625,81.69000244140625,0
2026-01-15,GSLC.MI,81.69000244140625,81.69000244140625,81.69000244140625,81.69000244140625,0
2026-01-16,GSLC.MI,81.69000244140625,81.69000244140625,81.69000244140625,81.69000244140625,0
2026-01-19,GSLC.MI,81.69000244140625,81.69000244140625,81.69000244140625,81.69000244140625,0
2026-01-20,GSLC.MI,79.66000366210938,79.91000366210938,79.66000366210938,79.91000366210938,25
2026-01-21,GSLC.MI,79.91000366210938,79.91000366210938,79.91000366210938,79.91000366210938,0
2026-01-22,GSLC.MI,79.91000366210938,79.91000366210938,79.91000366210938,79.91000366210938,0
2026-01-23,GSLC.MI,80.56999969482422,80.58999633789062,80.27999877929688,80.27999877929688,372
2026-01-26,GSLC.MI,80.27999877929688,80.27999877929688,80.27999877929688,80.27999877929688,0
2026-01-27,GSLC.MI,80.27999877929688,80.27999877929688,80.27999877929688,80.27999877929688,0
2026-01-28,GSLC.MI,80.27999877929688,80.27999877929688,80.27999877929688,80.27999877929688,0
2026-01-29,GSLC.MI,80.27999877929688,80.27999877929688,80.27999877929688,80.27999877929688,0
2026-01-30,GSLC.MI,79.30000305175781,79.58000183105469,79.30000305175781,79.58000183105469,2
2026-02-02,GSLC.MI,79.58000183105469,79.58000183105469,79.58000183105469,79.58000183105469,0
2026-02-03,GSLC.MI,79.58000183105469,79.58000183105469,79.58000183105469,79.58000183105469,0
2026-02-04,GSLC.MI,79.58000183105469,79.58000183105469,79.58000183105469,79.58000183105469,0
2026-02-05,GSLC.MI,79.58000183105469,79.58000183105469,79.58000183105469,79.58000183105469,0
2026-02-06,GSLC.MI,79.58000183105469,79.58000183105469,79.58000183105469,79.58000183105469,0
2026-02-09,GSLC.MI,79.58000183105469,79.58000183105469,79.58000183105469,79.58000183105469,0
2026-02-10,GSLC.MI,79.58000183105469,79.58000183105469,79.58000183105469,79.58000183105469,0
2026-02-11,GSLC.MI,79.58000183105469,79.58000183105469,79.58000183105469,79.58000183105469,0
2026-02-12,GSLC.MI,79.58000183105469,79.58000183105469,79.58000183105469,79.58000183105469,0
2026-02-13,GSLC.MI,79.58000183105469,79.58000183105469,79.58000183105469,79.58000183105469,0
2026-02-16,GSLC.MI,79.58000183105469,79.58000183105469,79.58000183105469,79.58000183105469,0
2026-02-17,GSLC.MI,79.58000183105469,79.58000183105469,79.58000183105469,79.58000183105469,0
2026-02-18,GSLC.MI,79.58000183105469,79.58000183105469,79.58000183105469,79.58000183105469,0
2026-02-19,GSLC.MI,79.58000183105469,79.58000183105469,79.58000183105469,79.58000183105469,0
2026-02-20,GSLC.MI,79.58000183105469,79.58000183105469,79.58000183105469,79.58000183105469,0
2026-02-23,GSLC.MI,79.58000183105469,79.58000183105469,79.58000183105469,79.58000183105469,0
2026-02-24,GSLC.MI,79.58000183105469,79.58000183105469,79.58000183105469,79.58000183105469,0
2026-02-25,GSLC.MI,79.58000183105469,79.58000183105469,79.58000183105469,79.58000183105469,0
2026-02-26,GSLC.MI,79.58000183105469,79.58000183105469,79.58000183105469,79.58000183105469,0
2026-02-27,GSLC.MI,79.58000183105469,79.58000183105469,79.58000183105469,79.58000183105469,0
2026-03-02,GSLC.MI,79.58000183105469,79.58000183105469,79.58000183105469,79.58000183105469,0
2026-03-03,GSLC.MI,79.58000183105469,79.58000183105469,79.58000183105469,79.58000183105469,0
2026-03-04,GSLC.MI,79.58000183105469,79.58000183105469,79.58000183105469,79.58000183105469,0
2026-03-05,GSLC.MI,79.58000183105469,79.58000183105469,79.58000183105469,79.58000183105469,0
2026-03-09,GSLC.MI,78.05999755859375,78.4000015258789,78.05999755859375,78.4000015258789,17
2026-03-10,GSLC.MI,78.4000015258789,78.4000015258789,78.4000015258789,78.4000015258789,0
2026-03-11,GSLC.MI,78.4000015258789,78.4000015258789,78.4000015258789,78.4000015258789,0
2026-03-12,GSLC.MI,78.4000015258789,78.4000015258789,78.4000015258789,78.4000015258789,0
2026-03-13,GSLC.MI,78.4000015258789,78.4000015258789,78.4000015258789,78.4000015258789,0
2026-03-16,GSLC.MI,78.4000015258789,78.4000015258789,78.4000015258789,78.4000015258789,0
2026-03-17,GSLC.MI,78.4000015258789,78.4000015258789,78.4000015258789,78.4000015258789,0
2026-03-18,GSLC.MI,78.4000015258789,78.4000015258789,78.4000015258789,78.4000015258789,0
2026-03-19,GSLC.MI,77.0,77.0,77.0,77.0,5
2026-03-20,GSLC.MI,77.0,77.0,77.0,77.0,0
2026-03-23,GSLC.MI,77.0,77.0,77.0,77.0,0
2026-03-24,GSLC.MI,77.0,77.0,77.0,77.0,0
2026-03-25,GSLC.MI,77.0,77.0,77.0,77.0,0
2026-03-26,GSLC.MI,77.0,77.0,77.0,77.0,0
2026-03-27,GSLC.MI,77.0,77.0,77.0,77.0,0
2026-03-30,GSLC.MI,77.0,77.0,77.0,77.0,0
2026-03-31,GSLC.MI,77.0,77.0,77.0,77.0,0
2026-04-01,GSLC.MI,77.0,77.0,77.0,77.0,0
2026-04-02,GSLC.MI,77.0,77.0,77.0,77.0,0
2026-04-07,GSLC.MI,77.33000183105469,77.33000183105469,76.6500015258789,76.6500015258789,100
2026-04-08,GSLC.MI,78.76000213623047,78.76000213623047,78.51000213623047,78.51000213623047,25
2026-04-09,GSLC.MI,78.51000213623047,78.51000213623047,78.51000213623047,78.51000213623047,0
2026-04-10,GSLC.MI,78.51000213623047,78.51000213623047,78.51000213623047,78.51000213623047,0
2026-04-13,GSLC.MI,78.51000213623047,78.51000213623047,78.51000213623047,78.51000213623047,0
2026-04-14,GSLC.MI,78.51000213623047,78.51000213623047,78.51000213623047,78.51000213623047,0
2026-04-15,GSLC.MI,78.51000213623047,78.51000213623047,78.51000213623047,78.51000213623047,0
2026-04-16,GSLC.MI,78.51000213623047,78.51000213623047,78.51000213623047,78.51000213623047,0
2026-04-17,GSLC.MI,78.51000213623047,78.51000213623047,78.51000213623047,78.51000213623047,0
2026-04-20,GSLC.MI,78.51000213623047,78.51000213623047,78.51000213623047,78.51000213623047,0
2026-04-21,GSLC.MI,82.77999877929688,82.77999877929688,82.45999908447266,82.45999908447266,657
2026-04-22,GSLC.MI,82.45999908447266,82.45999908447266,82.45999908447266,82.45999908447266,0
2026-04-23,GSLC.MI,82.58000183105469,82.88999938964844,82.58000183105469,82.8499984741211,643
2026-04-24,GSLC.MI,82.70999908447266,82.76000213623047,82.70999908447266,82.76000213623047,4
2026-04-27,GSLC.MI,82.80000305175781,82.80999755859375,82.69000244140625,82.69000244140625,62
2026-04-28,GSLC.MI,82.9800033569336,82.9800033569336,82.13999938964844,82.13999938964844,690
2026-04-29,GSLC.MI,82.13999938964844,82.13999938964844,82.13999938964844,82.13999938964844,0
2026-04-30,GSLC.MI,82.13999938964844,82.13999938964844,82.13999938964844,82.13999938964844,0
2026-05-04,GSLC.MI,82.75,82.75,82.5999984741211,82.5999984741211,625
2026-05-05,GSLC.MI,82.5999984741211,82.5999984741211,82.5999984741211,82.5999984741211,0
2026-05-06,GSLC.MI,83.5999984741211,84.0999984741211,83.5999984741211,84.0999984741211,4
2026-05-07,GSLC.MI,84.3499984741211,84.4000015258789,84.12999725341797,84.12999725341797,41
2026-05-08,GSLC.MI,84.16999816894531,84.16999816894531,83.81999969482422,84.02999877929688,1250
2026-05-11,GSLC.MI,84.11000061035156,84.36000061035156,84.11000061035156,84.36000061035156,178
2026-05-12,GSLC.MI,84.05000305175781,84.05000305175781,83.6500015258789,83.6500015258789,1
2026-05-13,GSLC.MI,84.83000183105469,84.83000183105469,84.44000244140625,84.44000244140625,2
2026-05-14,GSLC.MI,84.44000244140625,84.44000244140625,84.44000244140625,84.44000244140625,0
2026-05-15,GSLC.MI,84.44000244140625,84.44000244140625,84.44000244140625,84.44000244140625,0
2026-05-18,GSLC.MI,84.44000244140625,84.44000244140625,84.44000244140625,84.44000244140625,0
2026-05-19,GSLC.MI,84.44000244140625,84.44000244140625,84.44000244140625,84.44000244140625,0
2026-05-20,GSLC.MI,84.44000244140625,84.44000244140625,84.44000244140625,84.44000244140625,0
2026-05-21,GSLC.MI,85.56999969482422,85.58000183105469,85.4000015258789,85.4000015258789,14320
2026-05-22,GSLC.MI,85.4000015258789,85.4000015258789,85.4000015258789,85.4000015258789,0
2026-05-25,GSLC.MI,85.4000015258789,85.4000015258789,85.4000015258789,85.4000015258789,0
2026-05-26,GSLC.MI,87.0999984741211,87.0999984741211,87.05000305175781,87.05000305175781,5
2026-05-27,GSLC.MI,86.94999694824219,86.9800033569336,86.94999694824219,86.9800033569336,6
2026-05-28,GSLC.MI,87.13999938964844,87.44999694824219,87.13999938964844,87.44999694824219,56
2026-05-29,GSLC.MI,87.44999694824219,87.44999694824219,87.44999694824219,87.44999694824219,0
2026-06-01,GSLC.MI,88.05000305175781,88.16999816894531,88.04000091552734,88.16999816894531,31
2026-06-02,GSLC.MI,88.16999816894531,88.16999816894531,88.16999816894531,88.16999816894531,0
2026-06-03,GSLC.MI,88.16999816894531,88.16999816894531,88.16999816894531,88.16999816894531,0
2026-06-04,GSLC.MI,88.16999816894531,88.16999816894531,88.16999816894531,88.16999816894531,0
2026-06-05,GSLC.MI,88.16999816894531,88.16999816894531,88.16999816894531,88.16999816894531,0
2026-06-08,GSLC.MI,87.05000305175781,87.43000030517578,87.05000305175781,87.43000030517578,154
2026-06-09,GSLC.MI,87.54000091552734,87.54000091552734,86.33000183105469,86.33000183105469,68
2026-06-10,GSLC.MI,86.69999694824219,86.69999694824219,86.54000091552734,86.54000091552734,105
2026-06-11,GSLC.MI,86.54000091552734,86.54000091552734,86.54000091552734,86.54000091552734,0
2026-06-12,GSLC.MI,87.56999969482422,88.16999816894531,87.56999969482422,88.16999816894531,28
2026-06-15,GSLC.MI,89.0,89.37999725341797,89.0,89.37999725341797,15
2026-06-16,GSLC.MI,89.37999725341797,89.37999725341797,89.37999725341797,89.37999725341797,0
2026-06-17,GSLC.MI,89.37999725341797,89.37999725341797,89.37999725341797,89.37999725341797,0
2026-06-18,GSLC.MI,89.37999725341797,89.37999725341797,89.37999725341797,89.37999725341797,0
2026-06-19,GSLC.MI,89.94000244140625,89.94000244140625,89.66000366210938,89.66000366210938,60
2026-06-22,GSLC.MI,90.16999816894531,90.16999816894531,89.97000122070312,89.97000122070312,80
2026-06-23,GSLC.MI,89.37999725341797,89.37999725341797,89.05999755859375,89.05999755859375,606
2026-06-24,GSLC.MI,89.05999755859375,89.05999755859375,89.05999755859375,89.05999755859375,0
2026-06-25,GSLC.MI,89.05999755859375,89.05999755859375,89.05999755859375,89.05999755859375,0
2026-06-26,GSLC.MI,89.05999755859375,89.05999755859375,89.05999755859375,89.05999755859375,0
2026-06-29,GSLC.MI,89.05999755859375,89.05999755859375,89.05999755859375,89.05999755859375,0
2026-06-30,GSLC.MI,90.69999694824219,90.77999877929688,90.69999694824219,90.77999877929688,15
2026-07-01,GSLC.MI,91.2300033569336,91.37999725341797,91.2300033569336,91.37999725341797,35
2026-07-02,GSLC.MI,90.70999908447266,90.70999908447266,90.02999877929688,90.02999877929688,4
2026-07-03,GSLC.MI,90.02999877929688,90.02999877929688,90.02999877929688,90.02999877929688,0
2026-07-06,GSLC.MI,90.55000305175781,90.66000366210938,90.55000305175781,90.66000366210938,150
2026-07-07,GSLC.MI,90.08999633789062,90.08999633789062,89.8499984741211,89.8499984741211,6
2026-07-08,GSLC.MI,89.63999938964844,89.63999938964844,89.2699966430664,89.2699966430664,133
2026-07-09,GSLC.MI,90.72000122070312,90.8499984741211,90.72000122070312,90.8499984741211,5
2026-07-10,GSLC.MI,90.8499984741211,90.8499984741211,90.8499984741211,90.8499984741211,0
2026-07-13,GSLC.MI,90.8499984741211,90.8499984741211,90.8499984741211,90.8499984741211,0
2026-07-14,GSLC.MI,90.56999969482422,90.69000244140625,90.56999969482422,90.69000244140625,5
2026-07-15,GSLC.MI,90.69000244140625,90.69000244140625,90.69000244140625,90.69000244140625,0
2026-07-16,GSLC.MI,90.69000244140625,90.69000244140625,90.69000244140625,90.69000244140625,0
2026-07-17,GSLC.MI,90.69000244140625,90.69000244140625,90.69000244140625,90.69000244140625,0
2026-07-20,GSLC.MI,90.69000244140625,90.69000244140625,90.69000244140625,90.69000244140625,0
2026-07-21,GSLC.MI,90.69000244140625,90.69000244140625,90.69000244140625,90.69000244140625,0
2026-07-22,GSLC.MI,90.69000244140625,90.69000244140625,90.69000244140625,90.69000244140625,0
2026-07-23,GSLC.MI,90.69000244140625,90.69000244140625,90.69000244140625,90.69000244140625,0
2026-07-24,GSLC.MI,90.69000244140625,90.69000244140625,90.69000244140625,90.69000244140625,0
2026-07-27,GSLC.MI,90.69000244140625,90.69000244140625,90.69000244140625,90.69000244140625,0
