Date,Ticker,Open,High,Low,Close,Volume
2018-01-02,HLTW.MI,247.0,247.0,242.85000610351562,245.5500030517578,525
2018-01-03,HLTW.MI,246.85000610351562,247.9499969482422,246.0,247.9499969482422,478
2018-01-04,HLTW.MI,249.14999389648438,249.14999389648438,247.64999389648438,247.89999389648438,306
2018-01-05,HLTW.MI,248.4499969482422,250.5500030517578,248.39999389648438,250.5500030517578,1336
2018-01-08,HLTW.MI,251.0,252.5,250.5,250.64999389648438,3793
2018-01-09,HLTW.MI,252.0,254.3000030517578,251.75,254.3000030517578,1459
2018-01-10,HLTW.MI,254.3000030517578,254.3000030517578,251.35000610351562,252.0,800
2018-01-11,HLTW.MI,253.6999969482422,253.6999969482422,250.3000030517578,250.85000610351562,288
2018-01-12,HLTW.MI,250.85000610351562,251.5500030517578,250.0500030517578,251.0500030517578,808
2018-01-15,HLTW.MI,251.35000610351562,251.35000610351562,249.0500030517578,249.75,536
2018-01-16,HLTW.MI,250.75,252.35000610351562,250.0,250.89999389648438,1193
2018-01-17,HLTW.MI,250.10000610351562,251.9499969482422,250.0500030517578,251.1999969482422,4547
2018-01-18,HLTW.MI,252.0,252.35000610351562,250.5,250.85000610351562,1040
2018-01-19,HLTW.MI,251.6999969482422,252.6999969482422,250.60000610351562,252.1999969482422,656
2018-01-22,HLTW.MI,251.8000030517578,253.10000610351562,251.8000030517578,253.0,896
2018-01-23,HLTW.MI,254.0,255.1999969482422,254.0,254.35000610351562,1003
2018-01-24,HLTW.MI,253.0,254.85000610351562,252.39999389648438,252.39999389648438,394
2018-01-25,HLTW.MI,252.35000610351562,253.5,251.0,251.60000610351562,636
2018-01-26,HLTW.MI,252.3000030517578,256.1499938964844,252.3000030517578,256.04998779296875,1739
2018-01-29,HLTW.MI,257.54998779296875,259.0,256.04998779296875,258.3999938964844,2748
2018-01-30,HLTW.MI,257.95001220703125,258.0,251.9499969482422,254.14999389648438,768
2018-01-31,HLTW.MI,253.1999969482422,253.3000030517578,249.85000610351562,249.85000610351562,1000
2018-02-01,HLTW.MI,250.39999389648438,250.5500030517578,247.10000610351562,247.10000610351562,2075
2018-02-02,HLTW.MI,247.1999969482422,247.1999969482422,245.1999969482422,247.0500030517578,1177
2018-02-05,HLTW.MI,244.5,244.6999969482422,242.9499969482422,243.25,1104
2018-02-06,HLTW.MI,242.10000610351562,242.10000610351562,230.0,233.35000610351562,3327
2018-02-07,HLTW.MI,236.9499969482422,241.5,236.1999969482422,241.25,460
2018-02-08,HLTW.MI,240.3000030517578,240.3000030517578,237.1999969482422,237.1999969482422,417
2018-02-09,HLTW.MI,234.14999389648438,235.85000610351562,232.25,232.25,4357
2018-02-12,HLTW.MI,235.75,237.60000610351562,235.75,236.35000610351562,331
2018-02-13,HLTW.MI,236.10000610351562,236.10000610351562,234.10000610351562,234.10000610351562,687
2018-02-14,HLTW.MI,236.85000610351562,236.85000610351562,235.39999389648438,236.10000610351562,862
2018-02-15,HLTW.MI,237.39999389648438,238.5500030517578,237.35000610351562,237.39999389648438,997
2018-02-16,HLTW.MI,239.1999969482422,242.1999969482422,239.1999969482422,242.1999969482422,2660
2018-02-19,HLTW.MI,243.64999389648438,243.64999389648438,241.39999389648438,241.39999389648438,1266
2018-02-20,HLTW.MI,242.0500030517578,242.6999969482422,241.5500030517578,242.6999969482422,2267
2018-02-21,HLTW.MI,241.6999969482422,242.5,240.0500030517578,242.5,533
2018-02-22,HLTW.MI,241.3000030517578,242.4499969482422,240.1999969482422,242.4499969482422,222
2018-02-23,HLTW.MI,242.0,242.10000610351562,241.0500030517578,242.0,743
2018-02-26,HLTW.MI,245.14999389648438,245.5,243.1999969482422,245.5,422
2018-02-27,HLTW.MI,246.89999389648438,247.3000030517578,245.1999969482422,246.8000030517578,735
2018-02-28,HLTW.MI,245.89999389648438,246.85000610351562,244.6999969482422,244.6999969482422,619
2018-03-01,HLTW.MI,242.0,242.14999389648438,241.0500030517578,241.0500030517578,203
2018-03-02,HLTW.MI,240.1999969482422,240.1999969482422,235.3000030517578,236.75,765
2018-03-05,HLTW.MI,238.25,239.1999969482422,237.39999389648438,239.1999969482422,564
2018-03-06,HLTW.MI,241.25,241.4499969482422,238.39999389648438,238.5,613
2018-03-07,HLTW.MI,237.4499969482422,239.60000610351562,236.8000030517578,239.35000610351562,1473
2018-03-08,HLTW.MI,240.35000610351562,243.3000030517578,240.35000610351562,243.3000030517578,243
2018-03-09,HLTW.MI,243.8000030517578,245.1999969482422,243.5500030517578,244.89999389648438,479
2018-03-12,HLTW.MI,245.5,247.25,245.5,245.9499969482422,541
2018-03-13,HLTW.MI,245.5,246.5,243.89999389648438,244.39999389648438,1013
2018-03-14,HLTW.MI,243.89999389648438,245.5,243.5500030517578,243.5500030517578,748
2018-03-15,HLTW.MI,244.8000030517578,245.39999389648438,244.3000030517578,245.10000610351562,1231
2018-03-16,HLTW.MI,243.9499969482422,245.6999969482422,243.9499969482422,245.4499969482422,234
2018-03-19,HLTW.MI,244.35000610351562,244.8000030517578,241.3000030517578,241.39999389648438,1717
2018-03-20,HLTW.MI,241.0,242.3000030517578,240.3000030517578,241.85000610351562,630
2018-03-21,HLTW.MI,241.60000610351562,242.35000610351562,241.10000610351562,242.35000610351562,778
2018-03-22,HLTW.MI,241.9499969482422,241.9499969482422,236.75,237.39999389648438,1394
2018-03-23,HLTW.MI,234.6999969482422,234.6999969482422,233.0500030517578,233.75,835
2018-03-26,HLTW.MI,232.5,232.5500030517578,228.0,228.6999969482422,2376
2018-03-27,HLTW.MI,233.4499969482422,234.75,232.3000030517578,233.14999389648438,1199
2018-03-28,HLTW.MI,232.3000030517578,234.5,230.89999389648438,234.1999969482422,906
2018-03-29,HLTW.MI,234.0,236.14999389648438,234.0,236.14999389648438,622
2018-04-03,HLTW.MI,234.14999389648438,234.14999389648438,231.25,233.4499969482422,472
2018-04-04,HLTW.MI,233.64999389648438,234.25,231.3000030517578,233.25,1086
2018-04-05,HLTW.MI,238.10000610351562,239.3000030517578,238.0,239.3000030517578,853
2018-04-06,HLTW.MI,238.0,238.0,235.39999389648438,235.39999389648438,117
2018-04-09,HLTW.MI,236.14999389648438,236.14999389648438,234.0500030517578,235.8000030517578,755
2018-04-10,HLTW.MI,236.9499969482422,238.1999969482422,235.8000030517578,238.1999969482422,1019
2018-04-11,HLTW.MI,235.60000610351562,236.1999969482422,234.6999969482422,235.5500030517578,781
2018-04-12,HLTW.MI,236.0500030517578,238.3000030517578,235.1999969482422,238.0500030517578,17535
2018-04-13,HLTW.MI,238.64999389648438,238.64999389648438,236.60000610351562,236.85000610351562,285
2018-04-16,HLTW.MI,237.0,238.1999969482422,237.0,237.89999389648438,65
2018-04-17,HLTW.MI,238.3000030517578,239.89999389648438,237.0,239.89999389648438,1284
2018-04-18,HLTW.MI,239.89999389648438,240.60000610351562,238.64999389648438,239.8000030517578,830
2018-04-19,HLTW.MI,240.0,240.0,238.5,238.8000030517578,658
2018-04-20,HLTW.MI,238.85000610351562,239.35000610351562,237.4499969482422,237.85000610351562,1619
2018-04-23,HLTW.MI,239.0,240.1999969482422,234.75,240.1999969482422,1565
2018-04-24,HLTW.MI,240.89999389648438,241.10000610351562,239.25,240.0,179
2018-04-25,HLTW.MI,238.75,238.75,237.35000610351562,238.25,64
2018-04-26,HLTW.MI,238.25,242.1999969482422,238.25,242.1999969482422,357
2018-04-27,HLTW.MI,242.6999969482422,243.89999389648438,242.35000610351562,243.6999969482422,921
2018-04-30,HLTW.MI,244.6999969482422,245.1999969482422,243.8000030517578,244.8000030517578,387
2018-05-02,HLTW.MI,243.60000610351562,244.3000030517578,242.3000030517578,243.14999389648438,308
2018-05-03,HLTW.MI,242.14999389648438,242.1999969482422,238.85000610351562,238.85000610351562,388
2018-05-04,HLTW.MI,241.0500030517578,241.75,240.14999389648438,241.75,483
2018-05-07,HLTW.MI,242.0,243.85000610351562,240.25,243.60000610351562,363
2018-05-08,HLTW.MI,243.10000610351562,244.10000610351562,243.0500030517578,243.85000610351562,999
2018-05-09,HLTW.MI,243.5,243.5,241.9499969482422,242.9499969482422,1975
2018-05-10,HLTW.MI,243.64999389648438,245.85000610351562,243.1999969482422,245.85000610351562,877
2018-05-11,HLTW.MI,244.9499969482422,246.3000030517578,244.6999969482422,246.1999969482422,10911
2018-05-14,HLTW.MI,246.5,250.0,246.5,249.1999969482422,1040
2018-05-15,HLTW.MI,249.6999969482422,250.0,248.39999389648438,248.60000610351562,2443
2018-05-16,HLTW.MI,249.0,251.0,246.85000610351562,250.89999389648438,5935
2018-05-17,HLTW.MI,251.10000610351562,251.6999969482422,250.4499969482422,251.6999969482422,4509
2018-05-18,HLTW.MI,252.0,252.4499969482422,250.4499969482422,252.25,2285
2018-05-21,HLTW.MI,252.64999389648438,254.8000030517578,252.64999389648438,253.3000030517578,1635
2018-05-22,HLTW.MI,251.9499969482422,253.39999389648438,251.9499969482422,253.14999389648438,664
2018-05-23,HLTW.MI,253.0,253.6999969482422,251.5500030517578,253.14999389648438,1009
2018-05-24,HLTW.MI,253.10000610351562,253.89999389648438,251.8000030517578,252.25,178
2018-05-25,HLTW.MI,253.39999389648438,254.39999389648438,253.0,253.60000610351562,971
2018-05-28,HLTW.MI,253.60000610351562,254.35000610351562,253.60000610351562,254.35000610351562,1160
2018-05-29,HLTW.MI,254.3000030517578,254.3000030517578,252.4499969482422,253.10000610351562,770
2018-05-30,HLTW.MI,253.10000610351562,254.60000610351562,253.10000610351562,254.4499969482422,542
2018-05-31,HLTW.MI,253.3000030517578,254.35000610351562,247.39999389648438,252.8000030517578,1231
2018-06-01,HLTW.MI,252.25,254.5500030517578,251.6999969482422,253.9499969482422,1027
2018-06-04,HLTW.MI,254.89999389648438,254.89999389648438,253.10000610351562,254.25,553
2018-06-05,HLTW.MI,254.39999389648438,255.35000610351562,253.89999389648438,253.89999389648438,1186
2018-06-06,HLTW.MI,254.14999389648438,254.14999389648438,252.39999389648438,253.64999389648438,617
2018-06-07,HLTW.MI,250.75,254.75,250.6999969482422,253.3000030517578,728
2018-06-08,HLTW.MI,253.39999389648438,255.10000610351562,253.0,254.75,250
2018-06-11,HLTW.MI,255.35000610351562,255.8000030517578,255.10000610351562,255.8000030517578,814
2018-06-12,HLTW.MI,256.0,256.8999938964844,255.1999969482422,255.35000610351562,784
2018-06-13,HLTW.MI,256.1000061035156,257.20001220703125,255.25,257.20001220703125,2212
2018-06-14,HLTW.MI,255.14999389648438,260.25,254.39999389648438,260.0,800
2018-06-15,HLTW.MI,257.8999938964844,261.79998779296875,257.8999938964844,260.29998779296875,1265
2018-06-18,HLTW.MI,261.45001220703125,261.45001220703125,258.1000061035156,258.3999938964844,656
2018-06-19,HLTW.MI,256.1499938964844,259.0,256.04998779296875,259.0,988
2018-06-20,HLTW.MI,258.45001220703125,261.3500061035156,258.45001220703125,260.6000061035156,954
2018-06-21,HLTW.MI,261.3999938964844,262.3999938964844,259.04998779296875,259.04998779296875,1412
2018-06-22,HLTW.MI,258.3500061035156,260.45001220703125,258.20001220703125,260.45001220703125,462
2018-06-25,HLTW.MI,258.44000244140625,259.54998779296875,255.6699981689453,256.07000732421875,816
2018-06-26,HLTW.MI,256.69000244140625,257.5400085449219,255.77999877929688,256.1099853515625,180
2018-06-27,HLTW.MI,255.3300018310547,258.6199951171875,255.0,257.4700012207031,267
2018-06-28,HLTW.MI,257.0,257.0,254.4600067138672,254.75,582
2018-06-29,HLTW.MI,255.0,256.9200134277344,254.9499969482422,256.79998779296875,777
2018-07-02,HLTW.MI,254.7899932861328,255.1999969482422,254.27000427246094,255.1300048828125,324
2018-07-03,HLTW.MI,255.4499969482422,257.3699951171875,255.4499969482422,257.239990234375,246
2018-07-04,HLTW.MI,256.989990234375,258.1700134277344,255.97000122070312,257.42999267578125,343
2018-07-05,HLTW.MI,257.6400146484375,257.6400146484375,257.1099853515625,257.2799987792969,483
2018-07-06,HLTW.MI,258.92999267578125,259.7900085449219,257.69000244140625,259.7900085449219,316
2018-07-09,HLTW.MI,260.0,262.1600036621094,260.0,262.1600036621094,693
2018-07-10,HLTW.MI,262.2900085449219,263.6700134277344,261.7699890136719,263.0400085449219,585
2018-07-11,HLTW.MI,261.4800109863281,262.0,260.1600036621094,261.489990234375,1159
2018-07-12,HLTW.MI,261.92999267578125,264.80999755859375,261.92999267578125,264.54998779296875,830
2018-07-13,HLTW.MI,265.0,266.94000244140625,265.0,266.20001220703125,1055
2018-07-16,HLTW.MI,266.760009765625,266.760009765625,264.05999755859375,264.1099853515625,570
2018-07-17,HLTW.MI,263.9200134277344,265.25,263.2699890136719,264.989990234375,340
2018-07-18,HLTW.MI,266.7200012207031,267.70001220703125,266.7200012207031,267.0199890136719,2723
2018-07-19,HLTW.MI,266.739990234375,267.8999938964844,266.0,266.6400146484375,976
2018-07-20,HLTW.MI,266.489990234375,266.489990234375,264.30999755859375,265.2200012207031,660
2018-07-23,HLTW.MI,263.9700012207031,265.4599914550781,263.9700012207031,265.3399963378906,1180
2018-07-24,HLTW.MI,266.20001220703125,267.6499938964844,265.3999938964844,267.6499938964844,1240
2018-07-25,HLTW.MI,267.94000244140625,269.0299987792969,266.7699890136719,268.4100036621094,297
2018-07-26,HLTW.MI,269.95001220703125,271.80999755859375,268.6099853515625,271.4700012207031,1132
2018-07-27,HLTW.MI,271.0799865722656,272.2099914550781,270.0,270.5199890136719,827
2018-07-30,HLTW.MI,269.510009765625,269.510009765625,268.239990234375,268.3299865722656,1468
2018-07-31,HLTW.MI,268.6000061035156,270.6400146484375,267.8299865722656,270.6400146484375,1652
2018-08-01,HLTW.MI,270.5400085449219,271.94000244140625,269.9100036621094,271.6700134277344,3466
2018-08-02,HLTW.MI,271.3299865722656,271.8900146484375,270.4599914550781,271.8399963378906,546
2018-08-03,HLTW.MI,272.0,274.2799987792969,272.0,274.2799987792969,896
2018-08-06,HLTW.MI,275.0,275.9800109863281,274.3500061035156,275.1000061035156,726
2018-08-07,HLTW.MI,274.2900085449219,275.75,274.2900085449219,275.4800109863281,2740
2018-08-08,HLTW.MI,274.8399963378906,275.0400085449219,274.2699890136719,274.6400146484375,456
2018-08-09,HLTW.MI,274.6099853515625,275.989990234375,274.1300048828125,275.6300048828125,464
2018-08-10,HLTW.MI,276.4200134277344,277.1700134277344,275.45001220703125,277.1700134277344,858
2018-08-13,HLTW.MI,276.4100036621094,277.05999755859375,275.95001220703125,276.32000732421875,706
2018-08-14,HLTW.MI,277.05999755859375,278.29998779296875,277.05999755859375,278.0400085449219,322
2018-08-16,HLTW.MI,278.29998779296875,278.45001220703125,277.1700134277344,278.45001220703125,742
2018-08-17,HLTW.MI,278.989990234375,279.9800109863281,278.05999755859375,278.82000732421875,1177
2018-08-20,HLTW.MI,279.0,280.6199951171875,278.9599914550781,280.1499938964844,1159
2018-08-21,HLTW.MI,279.3900146484375,280.25,278.79998779296875,278.79998779296875,370
2018-08-22,HLTW.MI,278.0,278.0,276.260009765625,277.8999938964844,398
2018-08-23,HLTW.MI,278.70001220703125,278.79998779296875,277.6199951171875,277.6199951171875,174
2018-08-24,HLTW.MI,277.5,279.0799865722656,276.9200134277344,277.4700012207031,566
2018-08-27,HLTW.MI,279.69000244140625,279.69000244140625,277.7699890136719,278.0799865722656,1800
2018-08-28,HLTW.MI,278.0299987792969,278.0299987792969,277.1099853515625,277.42999267578125,181
2018-08-29,HLTW.MI,277.92999267578125,279.1700134277344,277.82000732421875,279.0299987792969,1777
2018-08-30,HLTW.MI,279.70001220703125,280.6600036621094,278.3599853515625,279.6700134277344,255
2018-08-31,HLTW.MI,280.1000061035156,280.17999267578125,278.760009765625,279.94000244140625,917
2018-09-03,HLTW.MI,279.67999267578125,281.25,279.67999267578125,280.42999267578125,1035
2018-09-04,HLTW.MI,282.7200012207031,282.7200012207031,279.6600036621094,279.6600036621094,2383
2018-09-05,HLTW.MI,278.95001220703125,279.0400085449219,276.4800109863281,276.7099914550781,1274
2018-09-06,HLTW.MI,277.07000732421875,277.67999267578125,275.7799987792969,275.7799987792969,636
2018-09-07,HLTW.MI,275.79998779296875,277.92999267578125,275.79998779296875,277.8299865722656,349
2018-09-10,HLTW.MI,277.6499938964844,279.6000061035156,277.6499938964844,277.8500061035156,2008
2018-09-11,HLTW.MI,278.04998779296875,278.04998779296875,276.510009765625,277.42999267578125,776
2018-09-12,HLTW.MI,278.7799987792969,278.7799987792969,277.82000732421875,278.2699890136719,484
2018-09-13,HLTW.MI,279.0199890136719,279.3999938964844,278.489990234375,278.489990234375,107
2018-09-14,HLTW.MI,280.1400146484375,280.489990234375,279.1099853515625,280.3299865722656,362
2018-09-17,HLTW.MI,279.3900146484375,280.239990234375,278.260009765625,278.7699890136719,414
2018-09-18,HLTW.MI,277.94000244140625,279.82000732421875,277.8599853515625,279.82000732421875,528
2018-09-19,HLTW.MI,279.8500061035156,280.739990234375,278.82000732421875,280.32000732421875,421
2018-09-20,HLTW.MI,280.44000244140625,280.44000244140625,278.9599914550781,279.8599853515625,259
2018-09-21,HLTW.MI,280.92999267578125,281.1700134277344,279.2900085449219,280.94000244140625,1210
2018-09-24,HLTW.MI,280.0,280.3900146484375,278.8699951171875,279.6700134277344,741
2018-09-25,HLTW.MI,279.70001220703125,281.57000732421875,279.70001220703125,281.57000732421875,898
2018-09-26,HLTW.MI,280.0,283.0400085449219,278.19000244140625,282.8699951171875,1191
2018-09-27,HLTW.MI,282.5,285.4599914550781,281.4700012207031,284.9200134277344,3022
2018-09-28,HLTW.MI,280.010009765625,286.760009765625,280.010009765625,286.1499938964844,1240
2018-10-01,HLTW.MI,288.2900085449219,289.4599914550781,287.05999755859375,289.4599914550781,575
2018-10-02,HLTW.MI,290.0,292.1000061035156,286.010009765625,287.989990234375,1362
2018-10-03,HLTW.MI,288.75,290.7799987792969,288.739990234375,290.1400146484375,1306
2018-10-04,HLTW.MI,288.54998779296875,288.92999267578125,285.010009765625,285.54998779296875,389
2018-10-05,HLTW.MI,284.0,286.75,284.0,285.6499938964844,1401
2018-10-08,HLTW.MI,291.3399963378906,291.3399963378906,284.010009765625,284.6000061035156,2744
2018-10-09,HLTW.MI,283.760009765625,285.2799987792969,283.4599914550781,284.8599853515625,915
2018-10-10,HLTW.MI,284.1700134277344,285.17999267578125,280.8599853515625,283.4599914550781,1127
2018-10-11,HLTW.MI,280.0,280.0,272.6000061035156,273.2300109863281,3393
2018-10-12,HLTW.MI,273.3500061035156,275.07000732421875,272.7200012207031,273.8800048828125,4008
2018-10-15,HLTW.MI,273.739990234375,273.739990234375,271.760009765625,273.57000732421875,894
2018-10-16,HLTW.MI,273.70001220703125,278.1300048828125,273.1300048828125,277.55999755859375,1350
2018-10-17,HLTW.MI,279.25,280.8800048828125,278.489990234375,279.57000732421875,1059
2018-10-18,HLTW.MI,281.6000061035156,282.5899963378906,280.010009765625,280.010009765625,519
2018-10-19,HLTW.MI,282.0,282.0,280.0,280.1499938964844,821
2018-10-22,HLTW.MI,278.55999755859375,278.57000732421875,276.0799865722656,276.3800048828125,394
2018-10-23,HLTW.MI,273.8699951171875,273.9200134277344,270.79998779296875,271.6000061035156,900
2018-10-24,HLTW.MI,273.7200012207031,275.79998779296875,273.6700134277344,273.94000244140625,948
2018-10-25,HLTW.MI,272.0,272.0,263.6499938964844,270.260009765625,989
2018-10-26,HLTW.MI,273.70001220703125,273.70001220703125,264.6000061035156,267.25,3575
2018-10-29,HLTW.MI,267.5,271.8299865722656,266.4599914550781,269.5,939
2018-10-30,HLTW.MI,269.94000244140625,270.5400085449219,268.760009765625,270.5400085449219,586
2018-10-31,HLTW.MI,272.95001220703125,276.29998779296875,272.95001220703125,273.9100036621094,936
2018-11-01,HLTW.MI,272.45001220703125,275.0,272.45001220703125,274.9100036621094,703
2018-11-02,HLTW.MI,278.239990234375,278.239990234375,274.3800048828125,274.57000732421875,314
2018-11-05,HLTW.MI,274.30999755859375,275.7200012207031,273.5199890136719,275.7200012207031,816
2018-11-06,HLTW.MI,275.8599853515625,276.6300048828125,274.6600036621094,276.239990234375,1150
2018-11-07,HLTW.MI,274.5299987792969,281.1400146484375,274.5299987792969,281.1400146484375,3354
2018-11-08,HLTW.MI,282.7799987792969,284.1400146484375,282.7799987792969,283.67999267578125,907
2018-11-09,HLTW.MI,284.29998779296875,285.8399963378906,282.3999938964844,284.5899963378906,1145
2018-11-12,HLTW.MI,286.2799987792969,287.3599853515625,283.7900085449219,283.9200134277344,914
2018-11-13,HLTW.MI,285.1199951171875,285.25,282.57000732421875,283.25,391
2018-11-14,HLTW.MI,281.05999755859375,281.2900085449219,278.7699890136719,278.7699890136719,499
2018-11-15,HLTW.MI,277.9100036621094,278.2900085449219,274.30999755859375,276.3500061035156,423
2018-11-16,HLTW.MI,278.3999938964844,279.2799987792969,278.29998779296875,278.9100036621094,222
2018-11-19,HLTW.MI,280.8299865722656,280.8299865722656,276.42999267578125,276.42999267578125,282
2018-11-20,HLTW.MI,275.0,275.75,274.3500061035156,275.17999267578125,716
2018-11-21,HLTW.MI,274.7099914550781,275.5299987792969,273.6099853515625,274.489990234375,386
2018-11-22,HLTW.MI,273.6199951171875,274.0,272.1099853515625,272.42999267578125,2979
2018-11-23,HLTW.MI,273.5899963378906,276.989990234375,273.0,276.7099914550781,745
2018-11-26,HLTW.MI,276.989990234375,277.79998779296875,276.0,277.1300048828125,539
2018-11-27,HLTW.MI,278.6499938964844,278.6499938964844,276.510009765625,278.1199951171875,120
2018-11-28,HLTW.MI,280.0,282.5,275.5,281.7300109863281,1134
2018-11-29,HLTW.MI,284.05999755859375,284.489990234375,282.55999755859375,284.489990234375,1524
2018-11-30,HLTW.MI,284.1700134277344,287.8900146484375,284.1700134277344,286.80999755859375,556
2018-12-03,HLTW.MI,289.04998779296875,292.75,286.4599914550781,288.739990234375,1685
2018-12-04,HLTW.MI,288.04998779296875,289.489990234375,286.8500061035156,289.1300048828125,1096
2018-12-05,HLTW.MI,284.239990234375,285.3900146484375,283.8800048828125,283.8800048828125,741
2018-12-06,HLTW.MI,280.8800048828125,280.8800048828125,273.1000061035156,273.8599853515625,470
2018-12-07,HLTW.MI,280.2900085449219,281.1499938964844,275.67999267578125,275.67999267578125,1516
2018-12-10,HLTW.MI,273.94000244140625,274.8399963378906,270.0,270.4800109863281,824
2018-12-11,HLTW.MI,272.8299865722656,279.8399963378906,272.8299865722656,278.04998779296875,1196
2018-12-12,HLTW.MI,278.489990234375,281.7200012207031,278.489990234375,281.7200012207031,125
2018-12-13,HLTW.MI,281.5,281.5,278.510009765625,279.3399963378906,268
2018-12-14,HLTW.MI,278.3999938964844,279.2900085449219,273.8299865722656,273.8299865722656,1761
2018-12-17,HLTW.MI,271.7099914550781,273.0899963378906,268.7900085449219,270.8900146484375,540
2018-12-18,HLTW.MI,267.1600036621094,268.739990234375,266.0,266.2799987792969,2251
2018-12-19,HLTW.MI,266.0,266.0,263.05999755859375,264.3699951171875,424
2018-12-20,HLTW.MI,263.0,263.0,258.0,258.8900146484375,1120
2018-12-21,HLTW.MI,259.1000061035156,261.239990234375,256.6600036621094,258.45001220703125,1054
2018-12-27,HLTW.MI,255.0,262.3999938964844,252.8699951171875,254.91000366210938,1171
2018-12-28,HLTW.MI,258.6600036621094,262.0,258.6600036621094,259.95001220703125,271
2019-01-02,HLTW.MI,260.0,262.6400146484375,257.0,261.92999267578125,642
2019-01-03,HLTW.MI,259.3599853515625,262.5400085449219,257.25,258.42999267578125,1166
2019-01-04,HLTW.MI,258.05999755859375,264.45001220703125,258.05999755859375,263.5799865722656,160
2019-01-07,HLTW.MI,265.5199890136719,265.5199890136719,262.1600036621094,264.510009765625,456
2019-01-08,HLTW.MI,266.1400146484375,266.9200134277344,265.1000061035156,265.1300048828125,1375
2019-01-09,HLTW.MI,266.6700134277344,268.4599914550781,266.6700134277344,267.42999267578125,745
2019-01-10,HLTW.MI,266.1600036621094,267.489990234375,263.8999938964844,267.0,442
2019-01-11,HLTW.MI,268.20001220703125,268.239990234375,266.260009765625,267.8399963378906,271
2019-01-14,HLTW.MI,267.8900146484375,267.8900146484375,265.5400085449219,266.2099914550781,440
2019-01-15,HLTW.MI,266.9700012207031,270.9200134277344,266.42999267578125,270.9200134277344,575
2019-01-16,HLTW.MI,273.1700134277344,273.1700134277344,270.8599853515625,271.7799987792969,1114
2019-01-17,HLTW.MI,271.1700134277344,272.8999938964844,270.3999938964844,272.57000732421875,441
2019-01-18,HLTW.MI,275.04998779296875,275.8999938964844,273.2200012207031,275.82000732421875,676
2019-01-21,HLTW.MI,274.8599853515625,276.3900146484375,274.8599853515625,275.8399963378906,307
2019-01-22,HLTW.MI,275.0,276.239990234375,274.3800048828125,274.8599853515625,240
2019-01-23,HLTW.MI,273.54998779296875,276.7900085449219,273.5199890136719,273.5299987792969,519
2019-01-24,HLTW.MI,274.8800048828125,276.04998779296875,273.760009765625,273.760009765625,203
2019-01-25,HLTW.MI,275.0,275.239990234375,272.7099914550781,272.7099914550781,925
2019-01-28,HLTW.MI,268.010009765625,272.6499938964844,268.010009765625,269.0400085449219,565
2019-01-29,HLTW.MI,269.8399963378906,270.9200134277344,268.2699890136719,269.94000244140625,438
2019-01-30,HLTW.MI,271.0,271.94000244140625,269.5,271.92999267578125,603
2019-01-31,HLTW.MI,273.7200012207031,275.5899963378906,271.79998779296875,275.5899963378906,760
2019-02-01,HLTW.MI,276.489990234375,277.42999267578125,275.1199951171875,276.6199951171875,1322
2019-02-04,HLTW.MI,277.5,278.5,275.0,275.9599914550781,609
2019-02-05,HLTW.MI,277.6400146484375,279.5,276.82000732421875,279.2799987792969,614
2019-02-06,HLTW.MI,279.1300048828125,279.3800048828125,276.8500061035156,278.8800048828125,603
2019-02-07,HLTW.MI,279.6000061035156,280.0,276.1700134277344,276.1700134277344,827
2019-02-08,HLTW.MI,277.0,277.2699890136719,275.3500061035156,276.6400146484375,701
2019-02-11,HLTW.MI,277.2799987792969,279.8299865722656,277.2799987792969,278.4700012207031,805
2019-02-12,HLTW.MI,279.4800109863281,280.8999938964844,279.4800109863281,280.5400085449219,1565
2019-02-13,HLTW.MI,281.0,284.989990234375,280.5899963378906,281.55999755859375,411
2019-02-14,HLTW.MI,283.7900085449219,283.7900085449219,280.5199890136719,282.25,806
2019-02-15,HLTW.MI,282.9800109863281,288.30999755859375,282.3800048828125,286.1700134277344,842
2019-02-18,HLTW.MI,286.70001220703125,286.989990234375,285.32000732421875,286.42999267578125,1065
2019-02-19,HLTW.MI,288.9800109863281,289.0,285.6099853515625,285.7699890136719,317
2019-02-20,HLTW.MI,284.55999755859375,285.510009765625,284.260009765625,284.7799987792969,1185
2019-02-21,HLTW.MI,284.8999938964844,287.2200012207031,283.3399963378906,283.45001220703125,1506
2019-02-22,HLTW.MI,286.0799865722656,286.0799865722656,282.5899963378906,285.19000244140625,471
2019-02-25,HLTW.MI,285.4599914550781,287.1000061035156,285.1099853515625,286.70001220703125,202
2019-02-26,HLTW.MI,287.7099914550781,287.7099914550781,284.30999755859375,285.4599914550781,599
2019-02-27,HLTW.MI,286.7900085449219,286.7900085449219,283.6499938964844,283.760009765625,743
2019-02-28,HLTW.MI,285.57000732421875,285.57000732421875,282.0,283.8599853515625,4186
2019-03-01,HLTW.MI,286.010009765625,286.1400146484375,284.510009765625,285.69000244140625,743
2019-03-04,HLTW.MI,287.2099914550781,289.3299865722656,286.54998779296875,286.54998779296875,833
2019-03-05,HLTW.MI,286.54998779296875,286.989990234375,284.8800048828125,286.760009765625,757
2019-03-06,HLTW.MI,286.8800048828125,286.8800048828125,282.8599853515625,283.7300109863281,943
2019-03-07,HLTW.MI,282.6600036621094,284.489990234375,281.6499938964844,283.25,779
2019-03-08,HLTW.MI,283.19000244140625,283.19000244140625,280.0,280.8500061035156,592
2019-03-11,HLTW.MI,281.45001220703125,284.57000732421875,281.45001220703125,284.0400085449219,1122
2019-03-12,HLTW.MI,284.1700134277344,285.7799987792969,284.1700134277344,285.0799865722656,477
2019-03-13,HLTW.MI,285.79998779296875,287.989990234375,284.4700012207031,287.1499938964844,6595
2019-03-14,HLTW.MI,287.989990234375,287.989990234375,286.2699890136719,287.3699951171875,577
2019-03-15,HLTW.MI,286.79998779296875,288.5899963378906,286.29998779296875,288.1600036621094,810
2019-03-18,HLTW.MI,288.1700134277344,289.2900085449219,287.0,287.1700134277344,1244
2019-03-19,HLTW.MI,288.7900085449219,290.0,287.1199951171875,289.67999267578125,657
2019-03-20,HLTW.MI,289.2900085449219,289.79998779296875,286.7099914550781,287.17999267578125,669
2019-03-21,HLTW.MI,285.95001220703125,288.29998779296875,284.79998779296875,287.8800048828125,168
2019-03-22,HLTW.MI,287.3699951171875,288.7900085449219,285.5,285.5,465
2019-03-25,HLTW.MI,284.25,284.3399963378906,282.1000061035156,283.7200012207031,1079
2019-03-26,HLTW.MI,285.69000244140625,287.8900146484375,285.19000244140625,287.1400146484375,863
2019-03-27,HLTW.MI,287.70001220703125,288.1400146484375,284.010009765625,285.1000061035156,844
2019-03-28,HLTW.MI,285.4599914550781,287.5,285.4599914550781,286.4200134277344,741
2019-03-29,HLTW.MI,286.57000732421875,288.8599853515625,286.55999755859375,288.8599853515625,591
2019-04-01,HLTW.MI,290.6000061035156,291.8500061035156,289.9800109863281,291.29998779296875,824
2019-04-02,HLTW.MI,291.29998779296875,291.3399963378906,290.07000732421875,291.0299987792969,746
2019-04-03,HLTW.MI,291.04998779296875,292.0,289.4700012207031,289.9700012207031,6078
2019-04-04,HLTW.MI,289.42999267578125,290.1400146484375,288.5899963378906,288.6300048828125,1177
2019-04-05,HLTW.MI,289.4700012207031,290.6499938964844,287.6000061035156,290.6300048828125,2020
2019-04-08,HLTW.MI,290.20001220703125,290.4800109863281,287.4700012207031,288.9100036621094,1039
2019-04-09,HLTW.MI,289.9200134277344,289.9200134277344,284.6000061035156,287.5,4320
2019-04-10,HLTW.MI,288.3599853515625,289.5199890136719,287.9100036621094,289.04998779296875,745
2019-04-11,HLTW.MI,289.04998779296875,289.04998779296875,286.1099853515625,286.44000244140625,990
2019-04-12,HLTW.MI,284.739990234375,284.94000244140625,282.45001220703125,282.67999267578125,1127
2019-04-15,HLTW.MI,282.0,282.2300109863281,280.70001220703125,282.0400085449219,784
2019-04-16,HLTW.MI,283.3999938964844,284.8599853515625,281.44000244140625,281.44000244140625,471
2019-04-17,HLTW.MI,278.6400146484375,278.6400146484375,272.3500061035156,272.9700012207031,2376
2019-04-18,HLTW.MI,270.5,272.0199890136719,269.0,269.7200012207031,2029
2019-04-23,HLTW.MI,272.4200134277344,276.9200134277344,271.2699890136719,276.5400085449219,1174
2019-04-24,HLTW.MI,277.79998779296875,277.94000244140625,276.0,276.6300048828125,1820
2019-04-25,HLTW.MI,277.1000061035156,279.2900085449219,277.1000061035156,279.2900085449219,392
2019-04-26,HLTW.MI,279.79998779296875,282.75,279.79998779296875,281.510009765625,765
2019-04-29,HLTW.MI,282.0199890136719,283.3900146484375,281.7300109863281,282.9700012207031,505
2019-04-30,HLTW.MI,283.1400146484375,283.1400146484375,280.82000732421875,281.55999755859375,3874
2019-05-02,HLTW.MI,282.260009765625,283.54998779296875,281.6499938964844,281.6499938964844,1026
2019-05-03,HLTW.MI,283.1499938964844,286.0299987792969,283.1499938964844,284.1700134277344,2166
2019-05-06,HLTW.MI,281.989990234375,282.7799987792969,280.010009765625,282.7799987792969,1103
2019-05-07,HLTW.MI,285.1300048828125,286.0,281.6499938964844,281.9700012207031,891
2019-05-08,HLTW.MI,280.6700134277344,282.0799865722656,279.4599914550781,281.92999267578125,731
2019-05-09,HLTW.MI,282.0,282.0,276.8599853515625,277.2699890136719,1491
2019-05-10,HLTW.MI,281.5,281.5,276.1099853515625,276.1099853515625,885
2019-05-13,HLTW.MI,277.6600036621094,278.05999755859375,274.05999755859375,275.20001220703125,1830
2019-05-14,HLTW.MI,275.2799987792969,277.8900146484375,275.2799987792969,277.3500061035156,1093
2019-05-15,HLTW.MI,276.19000244140625,277.8800048828125,275.4599914550781,277.7799987792969,665
2019-05-16,HLTW.MI,277.260009765625,282.6000061035156,277.25,282.6000061035156,415
2019-05-17,HLTW.MI,280.5,282.510009765625,279.7099914550781,282.510009765625,113
2019-05-20,HLTW.MI,281.30999755859375,281.7099914550781,279.260009765625,280.55999755859375,857
2019-05-21,HLTW.MI,282.8500061035156,283.1700134277344,281.32000732421875,282.510009765625,818
2019-05-22,HLTW.MI,282.70001220703125,283.25,281.25,283.2200012207031,986
2019-05-23,HLTW.MI,284.04998779296875,284.04998779296875,281.8999938964844,282.4800109863281,818
2019-05-24,HLTW.MI,283.260009765625,284.739990234375,282.8999938964844,282.8999938964844,311
2019-05-27,HLTW.MI,284.6000061035156,285.1099853515625,283.8999938964844,284.260009765625,277
2019-05-28,HLTW.MI,284.3299865722656,284.79998779296875,283.20001220703125,283.70001220703125,352
2019-05-29,HLTW.MI,282.2099914550781,282.489990234375,277.6499938964844,278.1099853515625,2042
2019-05-30,HLTW.MI,278.05999755859375,280.2099914550781,278.05999755859375,279.510009765625,211
2019-05-31,HLTW.MI,279.0,279.0,276.739990234375,277.8500061035156,206
2019-06-03,HLTW.MI,276.94000244140625,278.82000732421875,275.70001220703125,278.82000732421875,512
2019-06-04,HLTW.MI,277.25,279.54998779296875,276.3500061035156,279.0799865722656,404
2019-06-05,HLTW.MI,279.7300109863281,281.989990234375,279.7300109863281,281.510009765625,215
2019-06-06,HLTW.MI,283.0799865722656,283.6099853515625,280.6700134277344,282.3500061035156,637
2019-06-07,HLTW.MI,283.30999755859375,284.0899963378906,281.7099914550781,283.95001220703125,278
2019-06-10,HLTW.MI,284.6400146484375,285.989990234375,284.6400146484375,285.2900085449219,237
2019-06-11,HLTW.MI,286.0799865722656,287.82000732421875,286.0799865722656,286.260009765625,1082
2019-06-12,HLTW.MI,285.5,286.07000732421875,284.6099853515625,286.07000732421875,256
2019-06-13,HLTW.MI,288.0,288.9100036621094,286.9200134277344,286.9200134277344,3433
2019-06-14,HLTW.MI,286.2699890136719,288.3900146484375,286.2699890136719,288.0,278
2019-06-17,HLTW.MI,288.20001220703125,288.3999938964844,287.0199890136719,288.0299987792969,261
2019-06-18,HLTW.MI,288.57000732421875,292.989990234375,287.75,292.4100036621094,939
2019-06-19,HLTW.MI,292.0,293.8399963378906,291.510009765625,293.0899963378906,938
2019-06-20,HLTW.MI,294.3999938964844,295.9700012207031,293.8900146484375,294.2200012207031,973
2019-06-21,HLTW.MI,293.0,293.19000244140625,291.1400146484375,291.8299865722656,541
2019-06-24,HLTW.MI,291.989990234375,292.7300109863281,290.5299987792969,290.5299987792969,457
2019-06-25,HLTW.MI,290.1099853515625,292.0299987792969,289.8699951171875,291.6400146484375,554
2019-06-26,HLTW.MI,290.8299865722656,293.04998779296875,287.3900146484375,287.4700012207031,1073
2019-06-27,HLTW.MI,288.5,289.5799865722656,287.2099914550781,288.55999755859375,699
2019-06-28,HLTW.MI,289.3900146484375,289.7900085449219,287.6600036621094,288.92999267578125,192
2019-07-01,HLTW.MI,293.0,294.32000732421875,289.0299987792969,293.0199890136719,316
2019-07-02,HLTW.MI,293.6099853515625,294.69000244140625,293.0,293.7900085449219,785
2019-07-03,HLTW.MI,295.0,297.5899963378906,295.0,297.0,968
2019-07-04,HLTW.MI,298.20001220703125,298.67999267578125,297.1600036621094,298.04998779296875,1748
2019-07-05,HLTW.MI,298.0,298.3800048828125,297.0,297.4200134277344,437
2019-07-08,HLTW.MI,296.57000732421875,296.57000732421875,293.9800109863281,294.2699890136719,898
2019-07-09,HLTW.MI,294.32000732421875,295.6400146484375,293.4100036621094,295.1000061035156,497
2019-07-10,HLTW.MI,295.4700012207031,296.79998779296875,293.8599853515625,294.7699890136719,469
2019-07-11,HLTW.MI,294.260009765625,297.0,293.42999267578125,294.2200012207031,1786
2019-07-12,HLTW.MI,296.239990234375,296.25,291.07000732421875,291.510009765625,908
2019-07-15,HLTW.MI,291.79998779296875,292.3900146484375,291.1400146484375,292.1400146484375,434
2019-07-16,HLTW.MI,292.2200012207031,293.739990234375,292.2200012207031,292.4700012207031,112
2019-07-17,HLTW.MI,293.1499938964844,293.54998779296875,292.20001220703125,292.5799865722656,795
2019-07-18,HLTW.MI,292.2300109863281,293.8500061035156,291.70001220703125,292.7200012207031,609
2019-07-19,HLTW.MI,294.2699890136719,294.7099914550781,292.7699890136719,293.2300109863281,361
2019-07-22,HLTW.MI,292.3399963378906,292.5,291.0299987792969,291.5899963378906,1356
2019-07-23,HLTW.MI,292.5,294.6199951171875,292.5,293.6300048828125,685
2019-07-24,HLTW.MI,294.1499938964844,294.989990234375,292.8800048828125,293.1700134277344,527
2019-07-25,HLTW.MI,295.69000244140625,296.79998779296875,293.260009765625,294.1499938964844,564
2019-07-26,HLTW.MI,294.8900146484375,294.9599914550781,293.3900146484375,294.7099914550781,538
2019-07-29,HLTW.MI,295.0,296.20001220703125,295.0,295.95001220703125,386
2019-07-30,HLTW.MI,295.6600036621094,295.6600036621094,292.6499938964844,294.1300048828125,1071
2019-07-31,HLTW.MI,294.6199951171875,295.3500061035156,294.1300048828125,295.3500061035156,86
2019-08-01,HLTW.MI,295.6000061035156,296.80999755859375,295.5,296.80999755859375,622
2019-08-02,HLTW.MI,293.6300048828125,295.0199890136719,292.2900085449219,292.3500061035156,2106
2019-08-05,HLTW.MI,290.989990234375,290.989990234375,285.8800048828125,287.04998779296875,1802
2019-08-06,HLTW.MI,283.3299865722656,287.1099853515625,283.3299865722656,285.0299987792969,653
2019-08-07,HLTW.MI,288.1499938964844,289.0799865722656,282.3900146484375,285.2799987792969,1983
2019-08-08,HLTW.MI,287.6600036621094,290.6199951171875,287.6600036621094,290.4800109863281,153
2019-08-09,HLTW.MI,292.5199890136719,293.5899963378906,290.3900146484375,290.3900146484375,1152
2019-08-12,HLTW.MI,293.0,294.29998779296875,290.6700134277344,290.94000244140625,211
2019-08-13,HLTW.MI,290.6499938964844,294.8500061035156,289.0899963378906,293.55999755859375,441
2019-08-14,HLTW.MI,295.239990234375,295.239990234375,290.0,290.3800048828125,88
2019-08-16,HLTW.MI,290.2099914550781,293.3900146484375,290.2099914550781,293.2799987792969,476
2019-08-19,HLTW.MI,295.5199890136719,295.9700012207031,294.760009765625,295.6199951171875,173
2019-08-20,HLTW.MI,295.9700012207031,297.04998779296875,295.45001220703125,295.8900146484375,374
2019-08-21,HLTW.MI,295.0299987792969,296.3399963378906,294.19000244140625,296.17999267578125,149
2019-08-22,HLTW.MI,295.0299987792969,297.4599914550781,294.6300048828125,294.6300048828125,378
2019-08-23,HLTW.MI,295.55999755859375,296.3599853515625,291.0299987792969,291.0299987792969,349
2019-08-26,HLTW.MI,290.0,291.8999938964844,287.94000244140625,290.8399963378906,202
2019-08-27,HLTW.MI,291.70001220703125,294.1199951171875,290.29998779296875,292.1700134277344,113
2019-08-28,HLTW.MI,291.6499938964844,292.4200134277344,289.5199890136719,292.4200134277344,1022
2019-08-29,HLTW.MI,293.2200012207031,295.1400146484375,293.2200012207031,294.1499938964844,852
2019-08-30,HLTW.MI,296.0,297.0,295.260009765625,295.5899963378906,325
2019-09-02,HLTW.MI,296.5,298.30999755859375,295.9599914550781,296.5199890136719,2153
2019-09-03,HLTW.MI,296.2900085449219,297.4599914550781,295.6400146484375,295.6400146484375,666
2019-09-04,HLTW.MI,298.6600036621094,298.6600036621094,294.95001220703125,294.95001220703125,405
2019-09-05,HLTW.MI,295.9100036621094,296.7300109863281,295.5899963378906,296.0400085449219,239
2019-09-06,HLTW.MI,297.0,297.9800109863281,296.2099914550781,297.9100036621094,641
2019-09-09,HLTW.MI,298.3299865722656,298.57000732421875,294.17999267578125,294.17999267578125,98
2019-09-10,HLTW.MI,292.3500061035156,293.3399963378906,290.0,291.739990234375,360
2019-09-11,HLTW.MI,293.3800048828125,296.7799987792969,293.3800048828125,296.7799987792969,1239
2019-09-12,HLTW.MI,298.0,301.2699890136719,296.2300109863281,297.5199890136719,443
2019-09-13,HLTW.MI,297.20001220703125,297.5899963378906,295.010009765625,296.6499938964844,324
2019-09-16,HLTW.MI,295.0,297.5899963378906,293.45001220703125,297.2300109863281,613
2019-09-17,HLTW.MI,297.44000244140625,297.7900085449219,296.5,296.9700012207031,890
2019-09-18,HLTW.MI,297.0,297.3599853515625,296.1099853515625,296.5,983
2019-09-19,HLTW.MI,297.0,299.94000244140625,296.1700134277344,298.9700012207031,1197
2019-09-20,HLTW.MI,299.3999938964844,303.07000732421875,298.760009765625,302.239990234375,1721
2019-09-23,HLTW.MI,302.5,303.5899963378906,300.57000732421875,300.7099914550781,1588
2019-09-24,HLTW.MI,300.010009765625,302.54998779296875,300.010009765625,301.17999267578125,685
2019-09-25,HLTW.MI,300.0,300.0400085449219,295.8500061035156,299.0199890136719,4885
2019-09-26,HLTW.MI,298.8299865722656,300.5400085449219,297.3500061035156,297.3500061035156,1353
2019-09-27,HLTW.MI,299.2699890136719,299.2699890136719,297.67999267578125,297.760009765625,798
2019-09-30,HLTW.MI,297.57000732421875,298.8399963378906,297.0,298.79998779296875,697
2019-10-01,HLTW.MI,299.6000061035156,300.6099853515625,296.489990234375,296.6600036621094,739
2019-10-02,HLTW.MI,295.9200134277344,295.9200134277344,290.0,290.0,1210
2019-10-03,HLTW.MI,290.67999267578125,290.7699890136719,287.20001220703125,290.1099853515625,395
2019-10-04,HLTW.MI,292.5,295.0400085449219,291.2799987792969,293.989990234375,192
2019-10-07,HLTW.MI,295.8399963378906,296.6099853515625,295.0,295.8800048828125,569
2019-10-08,HLTW.MI,296.3599853515625,296.3599853515625,291.510009765625,292.0799865722656,958
2019-10-09,HLTW.MI,291.5,292.989990234375,290.75,292.0,419
2019-10-10,HLTW.MI,292.1700134277344,293.1199951171875,290.1000061035156,293.1199951171875,555
2019-10-11,HLTW.MI,292.6400146484375,296.4700012207031,292.6199951171875,296.239990234375,533
2019-10-14,HLTW.MI,296.1000061035156,296.1000061035156,292.80999755859375,295.19000244140625,836
2019-10-15,HLTW.MI,295.7200012207031,299.30999755859375,295.6000061035156,299.17999267578125,455
2019-10-16,HLTW.MI,299.239990234375,299.239990234375,298.0,298.4599914550781,486
2019-10-17,HLTW.MI,298.0400085449219,299.19000244140625,297.05999755859375,298.69000244140625,864
2019-10-18,HLTW.MI,298.6600036621094,298.69000244140625,296.7099914550781,297.44000244140625,574
2019-10-21,HLTW.MI,296.5,297.8999938964844,296.05999755859375,296.7900085449219,666
2019-10-22,HLTW.MI,297.5,299.7699890136719,295.30999755859375,299.0400085449219,796
2019-10-23,HLTW.MI,298.1199951171875,300.0,298.1000061035156,299.6300048828125,704
2019-10-24,HLTW.MI,299.70001220703125,300.6000061035156,299.3599853515625,299.9200134277344,229
2019-10-25,HLTW.MI,300.5,301.1099853515625,299.1000061035156,301.1099853515625,532
2019-10-28,HLTW.MI,301.04998779296875,303.75,300.30999755859375,303.5,751
2019-10-29,HLTW.MI,303.0,306.70001220703125,303.0,305.9800109863281,1333
2019-10-30,HLTW.MI,306.3399963378906,307.3500061035156,305.3800048828125,306.9800109863281,1277
2019-10-31,HLTW.MI,306.32000732421875,307.30999755859375,305.510009765625,305.92999267578125,1615
2019-11-01,HLTW.MI,307.3500061035156,309.1400146484375,306.9599914550781,308.510009765625,335
2019-11-04,HLTW.MI,308.54998779296875,309.7200012207031,307.760009765625,308.6499938964844,478
2019-11-05,HLTW.MI,307.6000061035156,309.4599914550781,306.8599853515625,307.8500061035156,513
2019-11-06,HLTW.MI,306.8599853515625,308.489990234375,305.6099853515625,308.05999755859375,1845
2019-11-07,HLTW.MI,309.9700012207031,310.0,308.3800048828125,309.70001220703125,697
2019-11-08,HLTW.MI,309.489990234375,312.1499938964844,309.05999755859375,311.29998779296875,609
2019-11-11,HLTW.MI,312.17999267578125,312.8599853515625,310.80999755859375,311.32000732421875,3815
2019-11-12,HLTW.MI,312.0799865722656,314.75,311.0,313.9100036621094,402
2019-11-13,HLTW.MI,314.1700134277344,314.1700134277344,311.8599853515625,313.8699951171875,411
2019-11-14,HLTW.MI,312.7300109863281,314.8699951171875,312.05999755859375,312.5799865722656,942
2019-11-15,HLTW.MI,313.010009765625,315.6499938964844,313.010009765625,315.4200134277344,1373
2019-11-18,HLTW.MI,317.54998779296875,318.6199951171875,316.760009765625,317.0299987792969,976
2019-11-19,HLTW.MI,318.0799865722656,318.739990234375,317.3999938964844,317.80999755859375,1476
2019-11-20,HLTW.MI,318.1499938964844,319.0,317.7200012207031,318.6600036621094,772
2019-11-21,HLTW.MI,318.0,318.489990234375,316.54998779296875,317.7699890136719,717
2019-11-22,HLTW.MI,319.6000061035156,320.6400146484375,319.239990234375,320.2699890136719,823
2019-11-25,HLTW.MI,320.5,325.010009765625,320.5,324.6199951171875,657
2019-11-26,HLTW.MI,324.010009765625,325.69000244140625,324.010009765625,325.29998779296875,716
2019-11-27,HLTW.MI,327.17999267578125,327.17999267578125,325.20001220703125,326.25,969
2019-11-28,HLTW.MI,326.45001220703125,327.2799987792969,325.7099914550781,326.8299865722656,1450
2019-11-29,HLTW.MI,326.3999938964844,327.0899963378906,325.0,325.32000732421875,1049
2019-12-02,HLTW.MI,325.95001220703125,327.57000732421875,320.5,321.07000732421875,850
2019-12-03,HLTW.MI,321.79998779296875,322.989990234375,318.4100036621094,320.1199951171875,1139
2019-12-04,HLTW.MI,320.20001220703125,323.3999938964844,319.8599853515625,322.92999267578125,565
2019-12-05,HLTW.MI,325.0,325.6600036621094,322.2099914550781,322.6400146484375,840
2019-12-06,HLTW.MI,323.94000244140625,327.20001220703125,323.3699951171875,326.9800109863281,1121
2019-12-09,HLTW.MI,326.0,327.1000061035156,324.5,325.2300109863281,1412
2019-12-10,HLTW.MI,325.0,325.0,322.5,324.2699890136719,1200
2019-12-11,HLTW.MI,325.1499938964844,325.92999267578125,324.29998779296875,324.6000061035156,365
2019-12-12,HLTW.MI,323.4100036621094,326.5,322.54998779296875,324.9200134277344,788
2019-12-13,HLTW.MI,322.6499938964844,327.79998779296875,322.6499938964844,325.4100036621094,1214
2019-12-16,HLTW.MI,327.0,329.6000061035156,325.95001220703125,329.5799865722656,1619
2019-12-17,HLTW.MI,328.8500061035156,330.0,328.1099853515625,328.7799987792969,1200
2019-12-18,HLTW.MI,329.45001220703125,330.1499938964844,328.6600036621094,329.55999755859375,1334
2019-12-19,HLTW.MI,330.0899963378906,330.8999938964844,328.9700012207031,330.57000732421875,709
2019-12-20,HLTW.MI,331.5899963378906,334.5799865722656,330.30999755859375,334.3800048828125,1320
2019-12-23,HLTW.MI,334.6000061035156,335.989990234375,333.6300048828125,335.2300109863281,642
2019-12-27,HLTW.MI,335.3500061035156,335.989990234375,331.9100036621094,333.1700134277344,1574
2019-12-30,HLTW.MI,333.3599853515625,333.3599853515625,330.20001220703125,330.42999267578125,1936
2020-01-02,HLTW.MI,332.2300109863281,333.54998779296875,330.9100036621094,331.0799865722656,1092
2020-01-03,HLTW.MI,331.5899963378906,331.8900146484375,327.010009765625,330.739990234375,1061
2020-01-06,HLTW.MI,329.9100036621094,329.9100036621094,326.55999755859375,329.0899963378906,803
2020-01-07,HLTW.MI,332.0899963378906,332.2900085449219,330.05999755859375,331.489990234375,840
2020-01-08,HLTW.MI,329.4100036621094,335.55999755859375,329.4100036621094,333.8299865722656,735
2020-01-09,HLTW.MI,335.7200012207031,337.20001220703125,335.7200012207031,336.94000244140625,1055
2020-01-10,HLTW.MI,337.1499938964844,338.44000244140625,337.1499938964844,337.3500061035156,1457
2020-01-13,HLTW.MI,337.8399963378906,338.0199890136719,335.2300109863281,335.2300109863281,1391
2020-01-14,HLTW.MI,335.0,335.8900146484375,333.80999755859375,335.57000732421875,1286
2020-01-15,HLTW.MI,337.0299987792969,339.7900085449219,336.75,339.3500061035156,749
2020-01-16,HLTW.MI,340.0,341.2099914550781,339.2099914550781,340.0299987792969,2065
2020-01-17,HLTW.MI,341.2300109863281,343.3900146484375,341.0,342.6300048828125,1435
2020-01-20,HLTW.MI,342.6499938964844,342.7300109863281,341.20001220703125,342.239990234375,1630
2020-01-21,HLTW.MI,342.6400146484375,343.7900085449219,340.9599914550781,343.32000732421875,2040
2020-01-22,HLTW.MI,344.7900085449219,344.8800048828125,342.4700012207031,343.0799865722656,4326
2020-01-23,HLTW.MI,344.3299865722656,344.3299865722656,341.79998779296875,341.79998779296875,2007
2020-01-24,HLTW.MI,344.0,346.1199951171875,340.17999267578125,340.5799865722656,2815
2020-01-27,HLTW.MI,343.3900146484375,343.3900146484375,332.8999938964844,336.45001220703125,6051
2020-01-28,HLTW.MI,339.3399963378906,339.92999267578125,336.54998779296875,339.510009765625,3580
2020-01-29,HLTW.MI,341.25,342.1600036621094,338.8999938964844,340.57000732421875,3714
2020-01-30,HLTW.MI,339.0,339.0,334.1600036621094,334.80999755859375,3927
2020-01-31,HLTW.MI,336.3900146484375,336.3900146484375,329.25,329.739990234375,3507
2020-02-03,HLTW.MI,329.75,335.010009765625,329.75,332.75,2042
2020-02-04,HLTW.MI,335.760009765625,339.489990234375,335.1000061035156,338.760009765625,2501
2020-02-05,HLTW.MI,338.8999938964844,344.70001220703125,336.3699951171875,344.30999755859375,2601
2020-02-06,HLTW.MI,345.0,348.1499938964844,344.6199951171875,346.70001220703125,3198
2020-02-07,HLTW.MI,346.9700012207031,347.54998779296875,345.0,345.989990234375,1910
2020-02-10,HLTW.MI,345.7900085449219,347.2099914550781,343.5400085449219,347.20001220703125,1569
2020-02-11,HLTW.MI,348.75,350.05999755859375,348.0,349.1000061035156,2893
2020-02-12,HLTW.MI,351.0899963378906,351.6700134277344,349.6499938964844,350.55999755859375,2333
2020-02-13,HLTW.MI,351.5,351.5,348.1499938964844,350.5899963378906,1551
2020-02-14,HLTW.MI,350.29998779296875,351.5799865722656,348.80999755859375,349.7799987792969,2115
2020-02-17,HLTW.MI,353.8500061035156,353.8500061035156,348.1600036621094,351.260009765625,1794
2020-02-18,HLTW.MI,349.7900085449219,351.8999938964844,349.2799987792969,349.5,1647
2020-02-19,HLTW.MI,349.8500061035156,353.739990234375,349.8500061035156,353.3399963378906,2382
2020-02-20,HLTW.MI,353.989990234375,353.989990234375,348.5799865722656,349.7099914550781,2134
2020-02-21,HLTW.MI,349.239990234375,350.5799865722656,346.6099853515625,347.94000244140625,1537
2020-02-24,HLTW.MI,345.8500061035156,346.989990234375,338.29998779296875,338.29998779296875,6566
2020-02-25,HLTW.MI,340.82000732421875,340.82000732421875,331.04998779296875,333.0899963378906,3321
2020-02-26,HLTW.MI,330.989990234375,333.2900085449219,322.94000244140625,333.0,4119
2020-02-27,HLTW.MI,326.1099853515625,326.3399963378906,316.0899963378906,321.29998779296875,2396
2020-02-28,HLTW.MI,311.70001220703125,312.2200012207031,303.0,305.489990234375,7699
2020-03-02,HLTW.MI,300.010009765625,314.8900146484375,300.010009765625,311.75,13223
2020-03-03,HLTW.MI,312.010009765625,321.8999938964844,312.010009765625,314.2699890136719,4018
2020-03-04,HLTW.MI,318.1000061035156,324.95001220703125,316.1700134277344,322.6400146484375,2400
2020-03-05,HLTW.MI,325.0,326.45001220703125,319.19000244140625,323.67999267578125,2909
2020-03-06,HLTW.MI,317.239990234375,318.510009765625,305.8699951171875,310.1499938964844,2779
2020-03-09,HLTW.MI,301.5,305.8699951171875,260.0,297.5299987792969,4202
2020-03-10,HLTW.MI,301.9800109863281,310.2799987792969,293.6499938964844,297.69000244140625,1936
2020-03-11,HLTW.MI,302.0,303.2900085449219,296.010009765625,298.4200134277344,2095
2020-03-12,HLTW.MI,291.3399963378906,291.3399963378906,270.0,276.6499938964844,3177
2020-03-13,HLTW.MI,283.6499938964844,296.04998779296875,272.6499938964844,278.0,7190
2020-03-16,HLTW.MI,272.04998779296875,280.0,260.0,276.260009765625,4934
2020-03-17,HLTW.MI,276.010009765625,287.2900085449219,267.54998779296875,284.04998779296875,2361
2020-03-18,HLTW.MI,280.0,280.0,266.1499938964844,274.4599914550781,2631
2020-03-19,HLTW.MI,274.0,284.8999938964844,274.0,280.5899963378906,1789
2020-03-20,HLTW.MI,282.010009765625,291.3500061035156,276.32000732421875,276.32000732421875,3061
2020-03-23,HLTW.MI,270.0,276.989990234375,258.0,261.42999267578125,3284
2020-03-24,HLTW.MI,269.6499938964844,275.0,266.0199890136719,275.0,2790
2020-03-25,HLTW.MI,285.489990234375,287.70001220703125,271.8500061035156,280.4599914550781,6323
2020-03-26,HLTW.MI,274.489990234375,288.94000244140625,270.6300048828125,286.3999938964844,1885
2020-03-27,HLTW.MI,288.54998779296875,288.9800109863281,282.9700012207031,284.94000244140625,2432
2020-03-30,HLTW.MI,289.5,297.010009765625,283.0,295.9700012207031,2144
2020-03-31,HLTW.MI,299.989990234375,302.94000244140625,296.94000244140625,299.82000732421875,5951
2020-04-01,HLTW.MI,296.0,296.0,290.0,293.8500061035156,3244
2020-04-02,HLTW.MI,294.010009765625,296.4800109863281,289.3900146484375,295.2300109863281,3830
2020-04-03,HLTW.MI,300.0,302.6400146484375,297.29998779296875,298.19000244140625,5335
2020-04-06,HLTW.MI,306.3500061035156,312.0899963378906,306.0799865722656,307.5400085449219,3600
2020-04-07,HLTW.MI,313.55999755859375,317.7300109863281,309.5,313.7099914550781,6176
2020-04-08,HLTW.MI,308.239990234375,310.05999755859375,305.0299987792969,310.05999755859375,2550
2020-04-09,HLTW.MI,317.2099914550781,320.0799865722656,313.9200134277344,316.2099914550781,4336
2020-04-14,HLTW.MI,320.0,323.5,317.8999938964844,322.0,7175
2020-04-15,HLTW.MI,323.8900146484375,325.3299865722656,320.0,320.95001220703125,3722
2020-04-16,HLTW.MI,325.0,329.8900146484375,324.8500061035156,329.4800109863281,4821
2020-04-17,HLTW.MI,336.9100036621094,340.3500061035156,333.0,334.4700012207031,8235
2020-04-20,HLTW.MI,337.3399963378906,338.82000732421875,333.6099853515625,337.6000061035156,5241
2020-04-21,HLTW.MI,337.6000061035156,337.6600036621094,328.69000244140625,328.69000244140625,9016
2020-04-22,HLTW.MI,333.3599853515625,334.7300109863281,330.3900146484375,334.7300109863281,2966
2020-04-23,HLTW.MI,337.2799987792969,339.95001220703125,333.20001220703125,339.04998779296875,4422
2020-04-24,HLTW.MI,338.5199890136719,339.3500061035156,336.0,337.3299865722656,3708
2020-04-27,HLTW.MI,340.8599853515625,343.7900085449219,340.0199890136719,343.2900085449219,3708
2020-04-28,HLTW.MI,344.0,349.239990234375,338.3599853515625,341.7799987792969,7761
2020-04-29,HLTW.MI,340.1600036621094,344.19000244140625,337.7900085449219,339.1300048828125,11135
2020-04-30,HLTW.MI,340.0,340.0,335.6700134277344,336.6499938964844,5665
2020-05-04,HLTW.MI,331.0,331.0,325.0400085449219,328.2799987792969,7926
2020-05-05,HLTW.MI,334.0799865722656,338.7799987792969,332.0,338.69000244140625,3659
2020-05-06,HLTW.MI,339.54998779296875,342.69000244140625,338.7200012207031,340.2799987792969,3795
2020-05-07,HLTW.MI,339.3999938964844,341.44000244140625,337.8399963378906,339.05999755859375,2508
2020-05-08,HLTW.MI,340.7900085449219,340.7900085449219,336.8999938964844,338.45001220703125,2867
2020-05-11,HLTW.MI,339.04998779296875,340.95001220703125,336.1099853515625,340.8500061035156,4198
2020-05-12,HLTW.MI,341.5400085449219,344.7300109863281,341.5400085449219,344.04998779296875,2791
2020-05-13,HLTW.MI,340.5899963378906,341.9599914550781,338.6000061035156,339.9599914550781,3506
2020-05-14,HLTW.MI,342.0,342.0,333.9700012207031,335.70001220703125,4045
2020-05-15,HLTW.MI,341.1300048828125,341.8299865722656,336.57000732421875,339.1099853515625,2697
2020-05-18,HLTW.MI,343.9599914550781,347.1000061035156,343.9599914550781,345.7300109863281,3170
2020-05-19,HLTW.MI,343.3500061035156,346.4700012207031,339.19000244140625,339.95001220703125,4653
2020-05-20,HLTW.MI,339.1600036621094,342.739990234375,339.0,341.1300048828125,2931
2020-05-21,HLTW.MI,336.989990234375,338.7200012207031,336.0199890136719,336.5,2604
2020-05-22,HLTW.MI,335.1300048828125,339.0,333.95001220703125,338.4200134277344,5477
2020-05-25,HLTW.MI,340.75,344.8399963378906,340.6499938964844,343.94000244140625,3337
2020-05-26,HLTW.MI,344.6000061035156,345.0,339.0799865722656,339.69000244140625,3173
2020-05-27,HLTW.MI,340.8900146484375,340.8900146484375,331.2699890136719,332.989990234375,3217
2020-05-28,HLTW.MI,337.2799987792969,343.6000061035156,337.0,343.1000061035156,3610
2020-05-29,HLTW.MI,342.010009765625,342.3699951171875,337.2200012207031,338.2799987792969,2493
2020-06-01,HLTW.MI,345.0,345.0,339.20001220703125,339.4599914550781,10560
2020-06-02,HLTW.MI,340.0,340.6600036621094,337.0,337.80999755859375,1308
2020-06-03,HLTW.MI,339.489990234375,341.0,337.1700134277344,337.9800109863281,2598
2020-06-04,HLTW.MI,338.67999267578125,340.44000244140625,333.2200012207031,334.05999755859375,6784
2020-06-05,HLTW.MI,333.44000244140625,338.3800048828125,332.05999755859375,338.3800048828125,2919
2020-06-08,HLTW.MI,336.489990234375,337.8399963378906,333.7200012207031,337.75,3456
2020-06-09,HLTW.MI,337.95001220703125,340.239990234375,335.8800048828125,336.94000244140625,2453
2020-06-10,HLTW.MI,337.760009765625,338.42999267578125,334.510009765625,335.94000244140625,1959
2020-06-11,HLTW.MI,335.1300048828125,335.1300048828125,325.1700134277344,325.80999755859375,4588
2020-06-12,HLTW.MI,323.75,328.2300109863281,321.2699890136719,323.57000732421875,2516
2020-06-15,HLTW.MI,322.79998779296875,323.07000732421875,316.760009765625,322.29998779296875,3653
2020-06-16,HLTW.MI,325.4599914550781,333.69000244140625,325.4599914550781,331.57000732421875,4500
2020-06-17,HLTW.MI,334.010009765625,337.0,332.7300109863281,335.44000244140625,1361
2020-06-18,HLTW.MI,335.0899963378906,335.6199951171875,332.7200012207031,334.25,2767
2020-06-19,HLTW.MI,336.70001220703125,338.8399963378906,335.17999267578125,338.2300109863281,3085
2020-06-22,HLTW.MI,336.3999938964844,338.45001220703125,333.0,334.4599914550781,3381
2020-06-23,HLTW.MI,335.6000061035156,338.0,335.6000061035156,337.9200134277344,1757
2020-06-24,HLTW.MI,335.989990234375,336.0,328.8900146484375,328.8900146484375,1732
2020-06-25,HLTW.MI,329.0,331.6099853515625,328.0,331.0799865722656,784
2020-06-26,HLTW.MI,334.3399963378906,334.7900085449219,330.0,330.45001220703125,990
2020-06-29,HLTW.MI,330.989990234375,331.5,327.8299865722656,331.4200134277344,1324
2020-06-30,HLTW.MI,330.6199951171875,331.5199890136719,329.1600036621094,331.1400146484375,592
2020-07-01,HLTW.MI,333.0,335.5799865722656,332.2699890136719,333.69000244140625,1450
2020-07-02,HLTW.MI,337.32000732421875,338.95001220703125,334.9800109863281,338.95001220703125,2725
2020-07-03,HLTW.MI,339.0,339.989990234375,336.5299987792969,337.32000732421875,1264
2020-07-06,HLTW.MI,339.5799865722656,340.6300048828125,337.6700134277344,340.6300048828125,2429
2020-07-07,HLTW.MI,338.3800048828125,340.1700134277344,336.7200012207031,340.1400146484375,1839
2020-07-08,HLTW.MI,337.92999267578125,338.6000061035156,334.67999267578125,334.82000732421875,2788
2020-07-09,HLTW.MI,334.92999267578125,337.1000061035156,331.760009765625,332.3999938964844,2054
2020-07-10,HLTW.MI,334.5299987792969,336.1000061035156,332.8500061035156,333.44000244140625,2203
2020-07-13,HLTW.MI,339.989990234375,339.989990234375,334.3699951171875,338.489990234375,1587
2020-07-14,HLTW.MI,335.8500061035156,335.8500061035156,331.8999938964844,333.82000732421875,1034
2020-07-15,HLTW.MI,338.54998779296875,342.79998779296875,338.20001220703125,342.6099853515625,7896
2020-07-16,HLTW.MI,342.0,343.0,336.0199890136719,339.5299987792969,3565
2020-07-17,HLTW.MI,341.5,344.29998779296875,340.8699951171875,343.8900146484375,1569
2020-07-20,HLTW.MI,343.5,347.2900085449219,343.30999755859375,345.8800048828125,3244
2020-07-21,HLTW.MI,346.92999267578125,348.25,344.5,344.5,1845
2020-07-22,HLTW.MI,342.7799987792969,342.7799987792969,339.6099853515625,340.70001220703125,1913
2020-07-23,HLTW.MI,342.510009765625,344.739990234375,342.510009765625,343.20001220703125,1257
2020-07-24,HLTW.MI,338.0,340.0,334.20001220703125,334.95001220703125,1582
2020-07-27,HLTW.MI,334.95001220703125,335.45001220703125,332.7099914550781,333.4200134277344,1038
2020-07-28,HLTW.MI,335.45001220703125,337.6300048828125,334.70001220703125,336.6400146484375,1165
2020-07-29,HLTW.MI,335.9100036621094,337.0799865722656,334.6199951171875,336.6400146484375,548
2020-07-30,HLTW.MI,336.2799987792969,336.30999755859375,330.7699890136719,332.3800048828125,1911
2020-07-31,HLTW.MI,330.5,334.0,328.6000061035156,329.8999938964844,1323
2020-08-03,HLTW.MI,331.510009765625,337.25,330.8500061035156,336.8299865722656,10966
2020-08-04,HLTW.MI,336.54998779296875,337.0899963378906,333.2900085449219,335.32000732421875,804
2020-08-05,HLTW.MI,333.79998779296875,334.9800109863281,331.6600036621094,332.1300048828125,1471
2020-08-06,HLTW.MI,333.0,334.2900085449219,329.7900085449219,329.7900085449219,1687
2020-08-07,HLTW.MI,330.0,334.20001220703125,330.0,333.0299987792969,941
2020-08-10,HLTW.MI,334.489990234375,335.04998779296875,331.80999755859375,332.45001220703125,806
2020-08-11,HLTW.MI,335.0,335.7099914550781,332.9100036621094,334.19000244140625,480
2020-08-12,HLTW.MI,334.1499938964844,336.1600036621094,333.20001220703125,336.1600036621094,600
2020-08-13,HLTW.MI,335.8900146484375,335.8900146484375,333.0,334.7200012207031,1054
2020-08-14,HLTW.MI,336.0400085449219,336.0400085449219,333.75,334.6700134277344,1286
2020-08-17,HLTW.MI,333.44000244140625,336.05999755859375,333.0,336.05999755859375,425
2020-08-18,HLTW.MI,335.07000732421875,335.80999755859375,332.6000061035156,333.79998779296875,1751
2020-08-19,HLTW.MI,334.54998779296875,335.80999755859375,333.5199890136719,335.80999755859375,168
2020-08-20,HLTW.MI,333.67999267578125,335.2699890136719,333.67999267578125,333.739990234375,542
2020-08-21,HLTW.MI,333.7900085449219,335.8399963378906,333.260009765625,333.7200012207031,1457
2020-08-24,HLTW.MI,335.7900085449219,337.1400146484375,334.1600036621094,334.1600036621094,1778
2020-08-25,HLTW.MI,334.3900146484375,335.17999267578125,334.0899963378906,334.5299987792969,586
2020-08-26,HLTW.MI,335.75,336.239990234375,332.4100036621094,332.7900085449219,1831
2020-08-27,HLTW.MI,335.3800048828125,336.9700012207031,333.3999938964844,335.79998779296875,1223
2020-08-28,HLTW.MI,334.6700134277344,334.6700134277344,331.8900146484375,332.8500061035156,1336
2020-08-31,HLTW.MI,333.0400085449219,334.2900085449219,332.2099914550781,333.05999755859375,1169
2020-09-01,HLTW.MI,334.20001220703125,334.6400146484375,330.5,330.6000061035156,1264
2020-09-02,HLTW.MI,334.4100036621094,337.79998779296875,334.1099853515625,337.55999755859375,1536
2020-09-03,HLTW.MI,340.6700134277344,341.1000061035156,331.8800048828125,333.1499938964844,2207
2020-09-04,HLTW.MI,330.0,333.55999755859375,325.5,326.739990234375,2190
2020-09-07,HLTW.MI,328.0,331.8900146484375,328.0,331.5299987792969,537
2020-09-08,HLTW.MI,328.9599914550781,333.17999267578125,325.70001220703125,327.2200012207031,1975
2020-09-09,HLTW.MI,326.7099914550781,331.6199951171875,326.70001220703125,331.4700012207031,832
2020-09-10,HLTW.MI,331.29998779296875,331.29998779296875,327.8399963378906,329.07000732421875,320
2020-09-11,HLTW.MI,328.5400085449219,329.30999755859375,327.8299865722656,328.8900146484375,1250
2020-09-14,HLTW.MI,330.4100036621094,332.67999267578125,328.69000244140625,331.5400085449219,1029
2020-09-15,HLTW.MI,331.3299865722656,335.6099853515625,331.3299865722656,335.1600036621094,945
2020-09-16,HLTW.MI,334.8599853515625,336.2900085449219,334.4100036621094,335.55999755859375,968
2020-09-17,HLTW.MI,333.1400146484375,334.92999267578125,331.9200134277344,334.260009765625,887
2020-09-18,HLTW.MI,333.8999938964844,335.0,333.17999267578125,333.5299987792969,504
2020-09-21,HLTW.MI,333.7300109863281,333.7300109863281,326.5199890136719,327.42999267578125,1125
2020-09-22,HLTW.MI,329.6199951171875,330.80999755859375,328.4800109863281,328.4800109863281,694
2020-09-23,HLTW.MI,330.2799987792969,332.80999755859375,330.2799987792969,332.1099853515625,641
2020-09-24,HLTW.MI,329.3999938964844,330.44000244140625,326.30999755859375,326.739990234375,2408
2020-09-25,HLTW.MI,327.4200134277344,330.010009765625,325.1700134277344,329.7099914550781,1011
2020-09-28,HLTW.MI,331.739990234375,335.70001220703125,331.739990234375,334.82000732421875,1243
2020-09-29,HLTW.MI,334.6000061035156,334.92999267578125,332.1199951171875,332.1199951171875,1846
2020-09-30,HLTW.MI,331.0400085449219,335.04998779296875,329.70001220703125,335.04998779296875,1361
2020-10-01,HLTW.MI,336.0,337.3699951171875,333.75,333.75,3669
2020-10-02,HLTW.MI,330.5799865722656,333.1199951171875,328.9700012207031,331.79998779296875,1238
2020-10-05,HLTW.MI,333.9700012207031,335.1600036621094,331.6199951171875,335.010009765625,679
2020-10-06,HLTW.MI,334.739990234375,336.0,334.0,334.1400146484375,496
2020-10-07,HLTW.MI,333.2099914550781,335.510009765625,332.67999267578125,335.510009765625,1027
2020-10-08,HLTW.MI,336.0899963378906,339.3999938964844,336.0899963378906,338.3900146484375,2936
2020-10-09,HLTW.MI,339.8900146484375,339.8900146484375,338.260009765625,339.739990234375,1230
2020-10-12,HLTW.MI,340.260009765625,343.0,340.19000244140625,342.8800048828125,2712
2020-10-13,HLTW.MI,342.5299987792969,343.5400085449219,340.3699951171875,342.0,1729
2020-10-14,HLTW.MI,342.5,344.2300109863281,341.0,341.2099914550781,1710
2020-10-15,HLTW.MI,338.6000061035156,338.95001220703125,335.010009765625,336.5299987792969,2340
2020-10-16,HLTW.MI,336.9599914550781,341.8900146484375,336.2300109863281,340.80999755859375,1182
2020-10-19,HLTW.MI,341.0,341.989990234375,337.260009765625,337.260009765625,3717
2020-10-20,HLTW.MI,336.25,336.25,333.2799987792969,333.6199951171875,756
2020-10-21,HLTW.MI,333.0,333.6099853515625,329.54998779296875,329.6000061035156,1269
2020-10-22,HLTW.MI,329.3699951171875,332.7099914550781,327.20001220703125,332.2799987792969,1827
2020-10-23,HLTW.MI,333.95001220703125,335.7300109863281,333.6000061035156,333.92999267578125,833
2020-10-26,HLTW.MI,332.0199890136719,333.0899963378906,329.92999267578125,329.92999267578125,1133
2020-10-27,HLTW.MI,331.0400085449219,332.7799987792969,330.4700012207031,330.69000244140625,542
2020-10-28,HLTW.MI,328.6499938964844,329.44000244140625,322.5400085449219,323.8800048828125,2355
2020-10-29,HLTW.MI,323.0,325.44000244140625,319.3999938964844,321.70001220703125,2010
2020-10-30,HLTW.MI,318.8999938964844,321.7200012207031,317.17999267578125,320.69000244140625,1883
2020-11-02,HLTW.MI,321.7099914550781,326.95001220703125,321.5,325.4599914550781,1060
2020-11-03,HLTW.MI,328.1499938964844,331.25,327.7900085449219,331.0,1327
2020-11-04,HLTW.MI,332.0,347.0,332.0,346.260009765625,3837
2020-11-05,HLTW.MI,346.260009765625,347.9599914550781,343.1199951171875,345.0299987792969,2872
2020-11-06,HLTW.MI,343.6199951171875,343.6199951171875,339.3699951171875,342.75,2630
2020-11-09,HLTW.MI,345.0,352.0,343.25,348.0899963378906,4835
2020-11-10,HLTW.MI,346.3599853515625,347.9599914550781,342.04998779296875,344.2099914550781,4939
2020-11-11,HLTW.MI,347.0299987792969,351.0,347.0299987792969,348.489990234375,2305
2020-11-12,HLTW.MI,345.989990234375,347.0299987792969,344.9599914550781,346.9800109863281,1180
2020-11-13,HLTW.MI,346.8999938964844,348.19000244140625,345.7900085449219,347.8699951171875,702
2020-11-16,HLTW.MI,347.989990234375,352.0,347.989990234375,349.8699951171875,3175
2020-11-17,HLTW.MI,349.8699951171875,350.8599853515625,343.260009765625,344.54998779296875,4814
2020-11-18,HLTW.MI,343.5299987792969,346.5400085449219,342.1300048828125,343.0299987792969,9167
2020-11-19,HLTW.MI,340.54998779296875,341.489990234375,338.0799865722656,338.3299865722656,1780
2020-11-20,HLTW.MI,338.2799987792969,340.6000061035156,338.239990234375,340.32000732421875,2040
2020-11-23,HLTW.MI,340.79998779296875,341.7300109863281,338.260009765625,338.5299987792969,7059
2020-11-24,HLTW.MI,340.3599853515625,341.0199890136719,338.2099914550781,339.4200134277344,2148
2020-11-25,HLTW.MI,338.4800109863281,339.1199951171875,335.6099853515625,336.44000244140625,3188
2020-11-26,HLTW.MI,337.6400146484375,339.30999755859375,336.7200012207031,337.94000244140625,4171
2020-11-27,HLTW.MI,338.19000244140625,339.45001220703125,336.8500061035156,338.8500061035156,1349
2020-11-30,HLTW.MI,338.8500061035156,340.20001220703125,336.6099853515625,339.29998779296875,2234
2020-12-01,HLTW.MI,340.0,343.75,339.8599853515625,341.3599853515625,2444
2020-12-02,HLTW.MI,341.3599853515625,341.3599853515625,337.05999755859375,340.260009765625,1916
2020-12-03,HLTW.MI,338.7300109863281,339.7900085449219,337.4200134277344,338.44000244140625,1016
2020-12-04,HLTW.MI,338.20001220703125,340.4100036621094,337.6099853515625,340.3900146484375,1730
2020-12-07,HLTW.MI,340.8500061035156,341.6300048828125,339.4200134277344,340.4200134277344,1502
2020-12-08,HLTW.MI,339.20001220703125,341.8699951171875,338.1300048828125,341.4700012207031,441
2020-12-09,HLTW.MI,343.0,344.2799987792969,342.4599914550781,342.9599914550781,913
2020-12-10,HLTW.MI,343.3399963378906,343.6300048828125,340.3500061035156,342.2099914550781,859
2020-12-11,HLTW.MI,340.5,340.7300109863281,338.95001220703125,339.989990234375,2318
2020-12-14,HLTW.MI,341.0,342.7799987792969,340.0,340.44000244140625,1761
2020-12-15,HLTW.MI,338.75,338.9700012207031,337.1700134277344,337.9599914550781,1797
2020-12-16,HLTW.MI,339.989990234375,339.989990234375,337.07000732421875,339.94000244140625,929
2020-12-17,HLTW.MI,339.8900146484375,339.8900146484375,338.0,339.1099853515625,1780
2020-12-18,HLTW.MI,339.989990234375,341.0,338.6400146484375,338.8800048828125,1555
2020-12-21,HLTW.MI,339.010009765625,341.32000732421875,332.3500061035156,334.8399963378906,1312
2020-12-22,HLTW.MI,337.5299987792969,339.2300109863281,335.4599914550781,339.2300109863281,3205
2020-12-23,HLTW.MI,338.6400146484375,339.1000061035156,337.29998779296875,338.25,494
2020-12-28,HLTW.MI,338.25,340.8999938964844,338.0199890136719,338.8699951171875,783
2020-12-29,HLTW.MI,340.8999938964844,340.9700012207031,339.4200134277344,340.7200012207031,1306
2020-12-30,HLTW.MI,340.7200012207031,341.2699890136719,339.4100036621094,339.8299865722656,2005
2021-01-04,HLTW.MI,343.67999267578125,344.44000244140625,339.8999938964844,339.8999938964844,3103
2021-01-05,HLTW.MI,339.0400085449219,342.04998779296875,339.0400085449219,339.989990234375,1884
2021-01-06,HLTW.MI,340.25,345.0,336.0,344.4200134277344,1689
2021-01-07,HLTW.MI,344.8599853515625,348.739990234375,344.0,347.6099853515625,3786
2021-01-08,HLTW.MI,350.2200012207031,352.8399963378906,349.57000732421875,351.05999755859375,2689
2021-01-11,HLTW.MI,351.45001220703125,355.1600036621094,349.92999267578125,355.1600036621094,2425
2021-01-12,HLTW.MI,354.69000244140625,356.0199890136719,353.0,353.0,1786
2021-01-13,HLTW.MI,352.05999755859375,353.45001220703125,351.4100036621094,353.1400146484375,1273
2021-01-14,HLTW.MI,354.0799865722656,356.2900085449219,354.0799865722656,355.2699890136719,2671
2021-01-15,HLTW.MI,353.70001220703125,355.8800048828125,353.1199951171875,355.80999755859375,1385
2021-01-18,HLTW.MI,356.55999755859375,357.3500061035156,355.3999938964844,356.95001220703125,5566
2021-01-19,HLTW.MI,357.32000732421875,358.5799865722656,356.79998779296875,357.739990234375,993
2021-01-20,HLTW.MI,357.17999267578125,361.07000732421875,357.17999267578125,359.55999755859375,3807
2021-01-21,HLTW.MI,360.3999938964844,361.739990234375,356.6700134277344,357.7900085449219,2169
2021-01-22,HLTW.MI,357.29998779296875,357.29998779296875,354.5,356.8299865722656,1180
2021-01-25,HLTW.MI,357.82000732421875,360.8900146484375,357.2099914550781,358.5899963378906,1998
2021-01-26,HLTW.MI,359.0,361.4599914550781,358.6600036621094,359.70001220703125,2437
2021-01-27,HLTW.MI,358.1000061035156,358.5799865722656,353.2200012207031,354.2699890136719,1594
2021-01-28,HLTW.MI,350.2200012207031,355.5799865722656,346.760009765625,355.5799865722656,1372
2021-01-29,HLTW.MI,350.0400085449219,353.1199951171875,349.3599853515625,349.7699890136719,1412
2021-02-01,HLTW.MI,352.8399963378906,353.760009765625,351.6700134277344,352.6000061035156,1675
2021-02-02,HLTW.MI,353.0,356.94000244140625,352.0,356.20001220703125,1554
2021-02-03,HLTW.MI,355.2300109863281,356.2099914550781,351.6300048828125,352.489990234375,565
2021-02-04,HLTW.MI,352.5,356.4599914550781,352.5,356.3800048828125,857
2021-02-05,HLTW.MI,357.0,357.8500061035156,355.0,355.29998779296875,1273
2021-02-08,HLTW.MI,356.3299865722656,356.80999755859375,355.29998779296875,355.7200012207031,1370
2021-02-09,HLTW.MI,355.489990234375,355.489990234375,353.5899963378906,354.9200134277344,2111
2021-02-10,HLTW.MI,355.8800048828125,356.42999267578125,352.4599914550781,354.67999267578125,1044
2021-02-11,HLTW.MI,354.69000244140625,356.0899963378906,354.1000061035156,355.489990234375,1170
2021-02-12,HLTW.MI,355.4800109863281,357.5799865722656,354.2699890136719,357.3500061035156,1519
2021-02-15,HLTW.MI,358.45001220703125,359.6499938964844,358.010009765625,359.25,884
2021-02-16,HLTW.MI,359.1600036621094,359.8900146484375,356.0,356.05999755859375,891
2021-02-17,HLTW.MI,355.1700134277344,357.4100036621094,355.1700134277344,356.6700134277344,760
2021-02-18,HLTW.MI,356.1199951171875,357.0,353.4100036621094,354.8900146484375,1104
2021-02-19,HLTW.MI,353.0,353.29998779296875,350.95001220703125,351.1300048828125,1064
2021-02-22,HLTW.MI,348.1099853515625,350.8599853515625,345.0799865722656,345.7699890136719,1135
2021-02-23,HLTW.MI,345.6700134277344,346.010009765625,343.67999267578125,344.04998779296875,1190
2021-02-24,HLTW.MI,343.2099914550781,347.2099914550781,343.2099914550781,346.9200134277344,1079
2021-02-25,HLTW.MI,346.5,346.5,342.2799987792969,342.8699951171875,654
2021-02-26,HLTW.MI,341.80999755859375,344.29998779296875,338.510009765625,341.1700134277344,2627
2021-03-01,HLTW.MI,344.29998779296875,346.7900085449219,344.29998779296875,346.1099853515625,1354
2021-03-02,HLTW.MI,346.1099853515625,347.5799865722656,344.45001220703125,344.79998779296875,824
2021-03-03,HLTW.MI,344.57000732421875,345.7300109863281,339.1700134277344,340.739990234375,1112
2021-03-04,HLTW.MI,339.7300109863281,340.25,337.5799865722656,339.70001220703125,1456
2021-03-05,HLTW.MI,337.42999267578125,339.010009765625,335.6600036621094,336.8599853515625,5834
2021-03-08,HLTW.MI,340.8699951171875,347.6300048828125,340.8699951171875,347.6300048828125,2131
2021-03-09,HLTW.MI,344.0,350.0,344.0,349.0,1455
2021-03-10,HLTW.MI,346.8999938964844,349.1199951171875,346.010009765625,349.1199951171875,1687
2021-03-11,HLTW.MI,348.0,350.1600036621094,345.3599853515625,347.8399963378906,646
2021-03-12,HLTW.MI,347.79998779296875,348.1499938964844,346.1300048828125,347.010009765625,1364
2021-03-15,HLTW.MI,345.6000061035156,350.1099853515625,345.6000061035156,350.0199890136719,2420
2021-03-16,HLTW.MI,351.739990234375,353.69000244140625,351.4800109863281,352.9200134277344,865
2021-03-17,HLTW.MI,354.1300048828125,354.1300048828125,349.4800109863281,351.2099914550781,2227
2021-03-18,HLTW.MI,350.0,353.0799865722656,349.2200012207031,352.510009765625,1942
2021-03-19,HLTW.MI,349.6600036621094,352.0400085449219,349.6600036621094,351.57000732421875,603
2021-03-22,HLTW.MI,351.57000732421875,353.9700012207031,350.4599914550781,353.7099914550781,698
2021-03-23,HLTW.MI,353.510009765625,355.0,353.04998779296875,354.1700134277344,1334
2021-03-24,HLTW.MI,352.6499938964844,353.70001220703125,352.1199951171875,353.57000732421875,703
2021-03-25,HLTW.MI,352.6099853515625,353.5899963378906,350.260009765625,351.989990234375,301
2021-03-26,HLTW.MI,355.0799865722656,356.0299987792969,354.3699951171875,356.0299987792969,1048
2021-03-29,HLTW.MI,357.7699890136719,360.0,357.7699890136719,360.0,1260
2021-03-30,HLTW.MI,360.1000061035156,360.9700012207031,358.8299865722656,359.3399963378906,1092
2021-03-31,HLTW.MI,359.2300109863281,360.0899963378906,357.6700134277344,360.0899963378906,527
2021-04-01,HLTW.MI,360.79998779296875,360.989990234375,358.7200012207031,359.6600036621094,959
2021-04-06,HLTW.MI,360.0,360.0,353.2099914550781,359.0,1731
2021-04-07,HLTW.MI,355.6099853515625,357.1400146484375,354.6700134277344,355.2799987792969,930
2021-04-08,HLTW.MI,355.2799987792969,357.19000244140625,355.2799987792969,356.69000244140625,941
2021-04-09,HLTW.MI,357.4700012207031,358.19000244140625,355.7900085449219,358.19000244140625,626
2021-04-12,HLTW.MI,359.3299865722656,359.4800109863281,357.510009765625,358.5299987792969,931
2021-04-13,HLTW.MI,358.7900085449219,360.20001220703125,357.0199890136719,358.8299865722656,615
2021-04-14,HLTW.MI,359.3399963378906,360.5,355.0,359.489990234375,728
2021-04-15,HLTW.MI,358.3699951171875,365.2900085449219,358.3699951171875,365.04998779296875,3434
2021-04-16,HLTW.MI,363.69000244140625,365.54998779296875,363.69000244140625,365.4200134277344,1660
2021-04-19,HLTW.MI,366.5899963378906,366.5899963378906,364.3399963378906,365.04998779296875,867
2021-04-20,HLTW.MI,364.70001220703125,365.04998779296875,361.4599914550781,364.07000732421875,2853
2021-04-21,HLTW.MI,367.0199890136719,369.2099914550781,366.0,368.8900146484375,634
2021-04-22,HLTW.MI,369.79998779296875,371.1700134277344,368.4100036621094,370.69000244140625,597
2021-04-23,HLTW.MI,368.20001220703125,369.489990234375,367.4599914550781,368.8500061035156,792
2021-04-26,HLTW.MI,369.3999938964844,369.3999938964844,367.25,368.239990234375,2168
2021-04-27,HLTW.MI,367.75,368.6099853515625,365.32000732421875,367.5199890136719,684
2021-04-28,HLTW.MI,367.2900085449219,367.2900085449219,364.5199890136719,364.5199890136719,735
2021-04-29,HLTW.MI,365.0,366.57000732421875,361.80999755859375,361.80999755859375,561
2021-04-30,HLTW.MI,361.80999755859375,364.79998779296875,361.80999755859375,364.20001220703125,676
2021-05-03,HLTW.MI,365.54998779296875,368.29998779296875,364.2699890136719,366.9599914550781,880
2021-05-04,HLTW.MI,367.5899963378906,367.69000244140625,364.5199890136719,364.80999755859375,762
2021-05-05,HLTW.MI,366.80999755859375,368.6199951171875,366.1199951171875,367.739990234375,2295
2021-05-06,HLTW.MI,367.3399963378906,367.3399963378906,362.3599853515625,364.2200012207031,549
2021-05-07,HLTW.MI,365.54998779296875,368.2900085449219,364.8900146484375,367.2300109863281,556
2021-05-10,HLTW.MI,366.9200134277344,367.5199890136719,365.55999755859375,367.5199890136719,356
2021-05-11,HLTW.MI,365.0,365.0,360.7200012207031,362.30999755859375,975
2021-05-12,HLTW.MI,362.2200012207031,369.0,360.95001220703125,362.739990234375,1390
2021-05-13,HLTW.MI,360.0,363.8800048828125,358.42999267578125,363.7300109863281,2006
2021-05-14,HLTW.MI,362.739990234375,365.2099914550781,362.739990234375,365.2099914550781,304
2021-05-17,HLTW.MI,364.4200134277344,365.67999267578125,363.1199951171875,364.4200134277344,524
2021-05-18,HLTW.MI,365.6700134277344,365.6700134277344,362.7099914550781,364.0799865722656,1082
2021-05-19,HLTW.MI,361.239990234375,362.05999755859375,359.010009765625,360.45001220703125,955
2021-05-20,HLTW.MI,362.1199951171875,367.1300048828125,361.7300109863281,367.1300048828125,2357
2021-05-21,HLTW.MI,367.6700134277344,370.5,366.6700134277344,370.3399963378906,922
2021-05-24,HLTW.MI,370.0400085449219,370.2900085449219,367.82000732421875,369.4200134277344,1112
2021-05-25,HLTW.MI,368.45001220703125,368.45001220703125,366.1099853515625,366.510009765625,247
2021-05-26,HLTW.MI,367.6300048828125,367.82000732421875,364.1400146484375,365.9700012207031,881
2021-05-27,HLTW.MI,364.4800109863281,366.8399963378906,364.4800109863281,365.4599914550781,1016
2021-05-28,HLTW.MI,365.1400146484375,370.07000732421875,365.1400146484375,368.3699951171875,932
2021-05-31,HLTW.MI,368.0199890136719,368.0199890136719,365.6499938964844,365.6499938964844,312
2021-06-01,HLTW.MI,365.8399963378906,368.1499938964844,361.1700134277344,361.5799865722656,947
2021-06-02,HLTW.MI,362.20001220703125,362.989990234375,361.0,361.6000061035156,178
2021-06-03,HLTW.MI,361.9200134277344,364.04998779296875,360.0,364.04998779296875,411
2021-06-04,HLTW.MI,363.7799987792969,366.6400146484375,363.7799987792969,366.3999938964844,934
2021-06-07,HLTW.MI,366.1300048828125,368.6099853515625,364.9800109863281,368.4700012207031,550
2021-06-08,HLTW.MI,369.0,369.4100036621094,365.2699890136719,365.2699890136719,1043
2021-06-09,HLTW.MI,366.7200012207031,370.9700012207031,366.70001220703125,370.6400146484375,450
2021-06-10,HLTW.MI,372.6600036621094,375.7300109863281,370.6300048828125,375.7300109863281,1815
2021-06-11,HLTW.MI,376.5,379.0400085449219,376.5,377.0299987792969,2109
2021-06-14,HLTW.MI,376.79998779296875,377.3800048828125,375.4200134277344,375.8699951171875,831
2021-06-15,HLTW.MI,378.4800109863281,378.8900146484375,376.3299865722656,376.45001220703125,3956
2021-06-16,HLTW.MI,376.45001220703125,379.4200134277344,376.45001220703125,379.0299987792969,1012
2021-06-17,HLTW.MI,379.8900146484375,383.3999938964844,378.7900085449219,383.3999938964844,650
2021-06-18,HLTW.MI,384.010009765625,384.6099853515625,381.75,381.75,1148
2021-06-21,HLTW.MI,381.07000732421875,384.30999755859375,380.70001220703125,383.9700012207031,1030
2021-06-22,HLTW.MI,384.30999755859375,384.3500061035156,382.8699951171875,384.32000732421875,1139
2021-06-23,HLTW.MI,383.54998779296875,383.55999755859375,381.3900146484375,381.8699951171875,457
2021-06-24,HLTW.MI,383.010009765625,385.67999267578125,382.0299987792969,384.20001220703125,2612
2021-06-25,HLTW.MI,383.92999267578125,384.8800048828125,383.1400146484375,384.6300048828125,1014
2021-06-28,HLTW.MI,385.70001220703125,386.8299865722656,385.3699951171875,385.9200134277344,1580
2021-06-29,HLTW.MI,387.5400085449219,389.30999755859375,386.80999755859375,388.0,664
2021-06-30,HLTW.MI,387.8900146484375,388.3299865722656,387.2699890136719,388.1300048828125,930
2021-07-01,HLTW.MI,388.1700134277344,389.94000244140625,387.2799987792969,389.7900085449219,1613
2021-07-02,HLTW.MI,391.3599853515625,392.57000732421875,391.0199890136719,391.9100036621094,1243
2021-07-05,HLTW.MI,391.9599914550781,392.5299987792969,391.2099914550781,392.2900085449219,2637
2021-07-06,HLTW.MI,391.8999938964844,393.4599914550781,391.3500061035156,392.30999755859375,958
2021-07-07,HLTW.MI,393.760009765625,395.0,393.4599914550781,394.7200012207031,2171
2021-07-08,HLTW.MI,394.489990234375,394.489990234375,389.69000244140625,391.739990234375,1308
2021-07-09,HLTW.MI,392.739990234375,395.1000061035156,392.4800109863281,394.69000244140625,834
2021-07-12,HLTW.MI,395.3599853515625,397.0799865722656,393.5899963378906,396.2900085449219,701
2021-07-13,HLTW.MI,395.1400146484375,397.5,394.3800048828125,397.0299987792969,636
2021-07-14,HLTW.MI,397.0,397.0,395.30999755859375,395.739990234375,781
2021-07-15,HLTW.MI,392.8999938964844,394.6199951171875,391.8900146484375,393.489990234375,1107
2021-07-16,HLTW.MI,394.6000061035156,395.2900085449219,394.0,395.2900085449219,593
2021-07-19,HLTW.MI,394.9800109863281,394.9800109863281,391.0,392.8399963378906,995
2021-07-20,HLTW.MI,393.8800048828125,399.1000061035156,393.29998779296875,398.4700012207031,724
2021-07-21,HLTW.MI,398.45001220703125,399.6300048828125,394.5,396.32000732421875,4989
2021-07-22,HLTW.MI,398.3299865722656,399.8800048828125,396.239990234375,399.7099914550781,1096
2021-07-23,HLTW.MI,400.2799987792969,404.2900085449219,400.2799987792969,404.2900085449219,1269
2021-07-26,HLTW.MI,403.7799987792969,405.5,399.3800048828125,400.4100036621094,1108
2021-07-27,HLTW.MI,399.6000061035156,400.1000061035156,399.0,399.489990234375,376
2021-07-28,HLTW.MI,401.6300048828125,403.239990234375,400.7200012207031,402.739990234375,477
2021-07-29,HLTW.MI,405.20001220703125,405.20001220703125,401.2200012207031,402.05999755859375,1275
2021-07-30,HLTW.MI,399.8599853515625,402.9599914550781,399.2200012207031,402.79998779296875,278
2021-08-02,HLTW.MI,402.04998779296875,404.5400085449219,402.04998779296875,404.07000732421875,550
2021-08-03,HLTW.MI,404.44000244140625,405.7099914550781,403.3299865722656,405.17999267578125,1291
2021-08-04,HLTW.MI,406.2200012207031,409.1700134277344,405.489990234375,407.6000061035156,626
2021-08-05,HLTW.MI,409.239990234375,409.75,404.8599853515625,405.8699951171875,2144
2021-08-06,HLTW.MI,407.6000061035156,408.7699890136719,406.6400146484375,407.17999267578125,719
2021-08-09,HLTW.MI,409.2200012207031,410.7900085449219,407.5299987792969,410.239990234375,2444
2021-08-10,HLTW.MI,411.42999267578125,412.3800048828125,409.4800109863281,410.1300048828125,970
2021-08-11,HLTW.MI,410.1499938964844,411.04998779296875,407.94000244140625,408.4100036621094,696
2021-08-12,HLTW.MI,407.7799987792969,409.7300109863281,407.7799987792969,409.5400085449219,834
2021-08-13,HLTW.MI,411.2799987792969,411.2799987792969,409.8800048828125,410.55999755859375,542
2021-08-16,HLTW.MI,410.4599914550781,412.7799987792969,410.0,412.7799987792969,595
2021-08-17,HLTW.MI,413.17999267578125,419.6400146484375,413.1099853515625,418.7300109863281,556
2021-08-18,HLTW.MI,419.8999938964844,421.3999938964844,419.8999938964844,421.0,960
2021-08-19,HLTW.MI,416.3399963378906,420.0,413.67999267578125,419.0899963378906,758
2021-08-20,HLTW.MI,418.1000061035156,422.0899963378906,416.19000244140625,420.79998779296875,815
2021-08-23,HLTW.MI,422.0,422.6400146484375,420.3800048828125,421.7799987792969,677
2021-08-24,HLTW.MI,421.2699890136719,421.2699890136719,418.0400085449219,419.1700134277344,625
2021-08-25,HLTW.MI,419.69000244140625,419.69000244140625,416.0,417.20001220703125,656
2021-08-26,HLTW.MI,416.8299865722656,417.75,413.94000244140625,415.2300109863281,645
2021-08-27,HLTW.MI,415.82000732421875,416.5400085449219,415.20001220703125,415.8599853515625,601
2021-08-30,HLTW.MI,414.44000244140625,416.7799987792969,413.5899963378906,416.4599914550781,606
2021-08-31,HLTW.MI,416.1300048828125,417.8900146484375,415.0899963378906,415.3999938964844,872
2021-09-01,HLTW.MI,417.2200012207031,417.92999267578125,412.6300048828125,413.3999938964844,774
2021-09-02,HLTW.MI,415.6400146484375,417.57000732421875,414.70001220703125,417.2300109863281,1198
2021-09-03,HLTW.MI,418.0,418.9599914550781,415.70001220703125,417.4200134277344,1297
2021-09-06,HLTW.MI,418.69000244140625,420.4599914550781,418.69000244140625,420.1600036621094,1029
2021-09-07,HLTW.MI,419.3999938964844,419.3999938964844,415.2099914550781,415.79998779296875,712
2021-09-08,HLTW.MI,416.2099914550781,417.3299865722656,415.260009765625,416.3399963378906,368
2021-09-09,HLTW.MI,414.7200012207031,415.94000244140625,413.1400146484375,413.760009765625,900
2021-09-10,HLTW.MI,413.79998779296875,413.79998779296875,408.79998779296875,409.2200012207031,2891
2021-09-13,HLTW.MI,410.30999755859375,412.010009765625,405.0799865722656,405.0799865722656,2112
2021-09-14,HLTW.MI,405.8299865722656,408.30999755859375,405.19000244140625,407.3399963378906,653
2021-09-15,HLTW.MI,406.69000244140625,408.239990234375,405.4700012207031,407.4700012207031,623
2021-09-16,HLTW.MI,410.1300048828125,410.6000061035156,407.45001220703125,407.79998779296875,2670
2021-09-17,HLTW.MI,409.2300109863281,409.5799865722656,407.4800109863281,409.0899963378906,1205
2021-09-20,HLTW.MI,407.010009765625,408.9599914550781,404.69000244140625,408.6300048828125,951
2021-09-21,HLTW.MI,405.8599853515625,410.82000732421875,405.8599853515625,410.82000732421875,1368
2021-09-22,HLTW.MI,410.3999938964844,410.5,408.0,409.1099853515625,511
2021-09-23,HLTW.MI,409.4599914550781,412.7900085449219,409.44000244140625,412.1300048828125,929
2021-09-24,HLTW.MI,410.7900085449219,411.7699890136719,410.0,410.1000061035156,914
2021-09-27,HLTW.MI,411.9700012207031,411.9700012207031,405.5,405.5,1588
2021-09-28,HLTW.MI,404.0,404.0,396.6600036621094,397.2900085449219,869
2021-09-29,HLTW.MI,399.6199951171875,402.8500061035156,399.6199951171875,402.8500061035156,1100
2021-09-30,HLTW.MI,405.5799865722656,406.5199890136719,404.0799865722656,404.0799865722656,1612
2021-10-01,HLTW.MI,398.5799865722656,400.6099853515625,395.07000732421875,397.8399963378906,906
2021-10-04,HLTW.MI,397.8399963378906,399.739990234375,393.7799987792969,393.7799987792969,5775
2021-10-05,HLTW.MI,394.57000732421875,399.8299865722656,394.57000732421875,398.989990234375,773
2021-10-06,HLTW.MI,395.9200134277344,396.010009765625,392.9800109863281,395.5299987792969,574
2021-10-07,HLTW.MI,398.25,403.3699951171875,397.57000732421875,403.0400085449219,373
2021-10-08,HLTW.MI,402.5400085449219,402.8399963378906,399.8299865722656,400.3900146484375,890
2021-10-11,HLTW.MI,399.8299865722656,401.3599853515625,396.239990234375,400.92999267578125,1079
2021-10-12,HLTW.MI,397.95001220703125,399.760009765625,396.7099914550781,397.80999755859375,460
2021-10-13,HLTW.MI,396.5899963378906,397.8699951171875,395.80999755859375,396.45001220703125,721
2021-10-14,HLTW.MI,397.6000061035156,403.0899963378906,397.30999755859375,402.67999267578125,646
2021-10-15,HLTW.MI,401.760009765625,404.5199890136719,401.760009765625,404.0899963378906,1308
2021-10-18,HLTW.MI,403.0,403.07000732421875,399.6700134277344,401.30999755859375,1286
2021-10-19,HLTW.MI,398.0199890136719,404.75,398.0199890136719,404.75,1469
2021-10-20,HLTW.MI,406.42999267578125,407.79998779296875,404.4599914550781,407.79998779296875,725
2021-10-21,HLTW.MI,407.55999755859375,408.5799865722656,407.1300048828125,407.8900146484375,927
2021-10-22,HLTW.MI,411.04998779296875,411.989990234375,409.5299987792969,410.8299865722656,1680
2021-10-25,HLTW.MI,412.1499938964844,413.44000244140625,410.8299865722656,413.42999267578125,920
2021-10-26,HLTW.MI,412.1300048828125,415.2799987792969,412.1300048828125,414.260009765625,1202
2021-10-27,HLTW.MI,414.7099914550781,415.3699951171875,412.04998779296875,412.9800109863281,938
2021-10-28,HLTW.MI,412.04998779296875,413.7900085449219,408.6099853515625,413.25,419
2021-10-29,HLTW.MI,412.0199890136719,417.3500061035156,411.75,417.3500061035156,760
2021-11-01,HLTW.MI,418.8900146484375,420.6300048828125,416.7699890136719,419.2200012207031,1035
2021-11-02,HLTW.MI,419.69000244140625,423.6000061035156,419.5299987792969,423.6000061035156,1308
2021-11-03,HLTW.MI,422.92999267578125,423.239990234375,420.7200012207031,422.260009765625,488
2021-11-04,HLTW.MI,426.92999267578125,427.67999267578125,423.44000244140625,423.4700012207031,804
2021-11-05,HLTW.MI,425.0,425.239990234375,418.2900085449219,418.9700012207031,4191
2021-11-08,HLTW.MI,420.0,420.739990234375,418.7099914550781,419.0199890136719,1047
2021-11-09,HLTW.MI,420.5299987792969,421.2799987792969,419.04998779296875,419.57000732421875,1033
2021-11-10,HLTW.MI,419.57000732421875,423.239990234375,419.0199890136719,422.57000732421875,857
2021-11-11,HLTW.MI,423.0,423.95001220703125,421.6000061035156,421.8900146484375,973
2021-11-12,HLTW.MI,423.0,424.8800048828125,422.29998779296875,423.739990234375,710
2021-11-15,HLTW.MI,424.7900085449219,425.7699890136719,424.2699890136719,425.3999938964844,1886
2021-11-16,HLTW.MI,424.7300109863281,427.239990234375,423.9800109863281,426.8999938964844,709
2021-11-17,HLTW.MI,430.2799987792969,430.2799987792969,424.1000061035156,428.3500061035156,1346
2021-11-18,HLTW.MI,428.1499938964844,428.989990234375,424.7300109863281,425.70001220703125,1503
2021-11-19,HLTW.MI,426.6199951171875,430.0,425.7300109863281,426.2099914550781,1068
2021-11-22,HLTW.MI,429.0,429.0,425.7099914550781,427.489990234375,1854
2021-11-23,HLTW.MI,425.0,425.260009765625,421.67999267578125,422.739990234375,1422
2021-11-24,HLTW.MI,423.0,425.4599914550781,423.0,425.4599914550781,596
2021-11-25,HLTW.MI,425.5,426.4700012207031,425.0,425.7900085449219,694
2021-11-26,HLTW.MI,422.20001220703125,424.4200134277344,416.7099914550781,420.1700134277344,2839
2021-11-29,HLTW.MI,422.260009765625,424.0,420.20001220703125,422.29998779296875,912
2021-11-30,HLTW.MI,416.69000244140625,418.45001220703125,414.54998779296875,416.04998779296875,1547
2021-12-01,HLTW.MI,415.4700012207031,418.19000244140625,413.45001220703125,418.19000244140625,1195
2021-12-02,HLTW.MI,413.3299865722656,413.3299865722656,409.0,411.3900146484375,729
2021-12-03,HLTW.MI,414.79998779296875,416.1199951171875,411.0,412.4700012207031,1535
2021-12-06,HLTW.MI,414.44000244140625,416.510009765625,412.0299987792969,414.5,1396
2021-12-07,HLTW.MI,417.8399963378906,423.0,416.4100036621094,422.9100036621094,1096
2021-12-08,HLTW.MI,422.9100036621094,424.6400146484375,419.9599914550781,420.7900085449219,457
2021-12-09,HLTW.MI,423.6400146484375,425.9200134277344,422.3999938964844,425.9200134277344,877
2021-12-10,HLTW.MI,423.8500061035156,425.69000244140625,423.30999755859375,423.5,1955
2021-12-13,HLTW.MI,425.0,427.489990234375,424.9200134277344,427.29998779296875,602
2021-12-14,HLTW.MI,429.04998779296875,429.8599853515625,425.0,426.3399963378906,1649
2021-12-15,HLTW.MI,426.6199951171875,429.6400146484375,426.0199890136719,429.57000732421875,1193
2021-12-16,HLTW.MI,434.4599914550781,437.44000244140625,432.1099853515625,436.57000732421875,1978
2021-12-17,HLTW.MI,434.44000244140625,435.4700012207031,431.79998779296875,435.010009765625,2807
2021-12-20,HLTW.MI,429.4200134277344,432.42999267578125,424.3800048828125,428.1199951171875,631
2021-12-21,HLTW.MI,434.6000061035156,434.6000061035156,428.6700134277344,431.7699890136719,1702
2021-12-22,HLTW.MI,434.07000732421875,434.4100036621094,431.79998779296875,434.2699890136719,461
2021-12-23,HLTW.MI,436.44000244140625,438.739990234375,436.1600036621094,438.739990234375,1379
2021-12-27,HLTW.MI,438.70001220703125,440.8699951171875,438.70001220703125,440.07000732421875,1145
2021-12-28,HLTW.MI,441.8999938964844,444.2300109863281,441.8999938964844,442.5799865722656,917
2021-12-29,HLTW.MI,442.94000244140625,445.239990234375,440.20001220703125,441.1300048828125,1592
2021-12-30,HLTW.MI,442.510009765625,445.989990234375,441.8699951171875,444.6600036621094,963
2022-01-03,HLTW.MI,443.3800048828125,443.94000244140625,435.92999267578125,437.3699951171875,1265
2022-01-04,HLTW.MI,443.0,443.0,433.1700134277344,436.05999755859375,1395
2022-01-05,HLTW.MI,433.010009765625,435.8299865722656,432.4100036621094,433.6300048828125,1531
2022-01-06,HLTW.MI,428.989990234375,429.2799987792969,423.4100036621094,427.7799987792969,642
2022-01-07,HLTW.MI,424.3399963378906,425.0400085449219,420.6400146484375,421.760009765625,734
2022-01-10,HLTW.MI,422.0,422.4800109863281,418.1099853515625,419.67999267578125,3618
2022-01-11,HLTW.MI,424.010009765625,426.82000732421875,422.94000244140625,423.989990234375,2512
2022-01-12,HLTW.MI,425.7300109863281,426.0400085449219,422.2799987792969,422.2799987792969,754
2022-01-13,HLTW.MI,420.0,421.67999267578125,417.510009765625,419.4100036621094,2149
2022-01-14,HLTW.MI,415.0,416.2900085449219,413.1400146484375,413.9800109863281,687
2022-01-17,HLTW.MI,416.2799987792969,418.7799987792969,416.2799987792969,418.260009765625,761
2022-01-18,HLTW.MI,416.2300109863281,416.75,413.2099914550781,413.8999938964844,381
2022-01-19,HLTW.MI,412.70001220703125,415.989990234375,411.6199951171875,414.3999938964844,632
2022-01-20,HLTW.MI,412.3399963378906,416.7300109863281,411.6199951171875,416.7300109863281,985
2022-01-21,HLTW.MI,413.9599914550781,413.9599914550781,408.0,409.6099853515625,1831
2022-01-24,HLTW.MI,407.79998779296875,407.79998779296875,394.9800109863281,394.9800109863281,2771
2022-01-25,HLTW.MI,400.04998779296875,403.510009765625,398.1499938964844,399.5899963378906,1193
2022-01-26,HLTW.MI,400.45001220703125,405.8699951171875,400.45001220703125,404.8900146484375,837
2022-01-27,HLTW.MI,400.19000244140625,410.94000244140625,396.1600036621094,410.94000244140625,598
2022-01-28,HLTW.MI,406.95001220703125,408.19000244140625,402.6600036621094,408.19000244140625,884
2022-01-31,HLTW.MI,410.69000244140625,413.5299987792969,410.5299987792969,412.32000732421875,782
2022-02-01,HLTW.MI,413.6000061035156,414.1300048828125,411.7799987792969,414.04998779296875,1355
2022-02-02,HLTW.MI,412.1499938964844,415.32000732421875,412.1499938964844,415.0199890136719,771
2022-02-03,HLTW.MI,416.9700012207031,417.5,410.20001220703125,410.20001220703125,921
2022-02-04,HLTW.MI,411.5799865722656,411.5799865722656,404.7200012207031,406.4599914550781,1003
2022-02-07,HLTW.MI,407.6600036621094,408.8599853515625,405.6600036621094,408.2699890136719,562
2022-02-08,HLTW.MI,410.1499938964844,410.1499938964844,406.1600036621094,408.79998779296875,384
2022-02-09,HLTW.MI,412.010009765625,414.489990234375,412.010009765625,414.0299987792969,1123
2022-02-10,HLTW.MI,414.20001220703125,414.6499938964844,410.30999755859375,410.30999755859375,624
2022-02-11,HLTW.MI,408.30999755859375,411.2699890136719,407.6000061035156,407.739990234375,574
2022-02-14,HLTW.MI,404.8299865722656,407.3900146484375,401.30999755859375,401.9200134277344,1134
2022-02-15,HLTW.MI,402.0899963378906,407.79998779296875,402.0899963378906,406.6199951171875,1399
2022-02-16,HLTW.MI,406.94000244140625,407.6700134277344,404.739990234375,405.32000732421875,421
2022-02-17,HLTW.MI,407.0400085449219,407.80999755859375,402.510009765625,404.17999267578125,996
2022-02-18,HLTW.MI,404.0,404.0,400.7300109863281,400.94000244140625,327
2022-02-21,HLTW.MI,399.75,401.6099853515625,396.8599853515625,396.8699951171875,2076
2022-02-22,HLTW.MI,396.6400146484375,400.95001220703125,392.5299987792969,399.54998779296875,1064
2022-02-23,HLTW.MI,400.95001220703125,401.8500061035156,399.95001220703125,400.20001220703125,6455
2022-02-24,HLTW.MI,392.7900085449219,399.0199890136719,390.5199890136719,399.0199890136719,2765
2022-02-25,HLTW.MI,401.1300048828125,410.5,399.0899963378906,410.5,815
2022-02-28,HLTW.MI,411.8800048828125,412.239990234375,407.0,410.7799987792969,1829
2022-03-01,HLTW.MI,411.1400146484375,415.0899963378906,409.45001220703125,411.54998779296875,957
2022-03-02,HLTW.MI,412.0,419.2699890136719,411.54998779296875,418.6700134277344,1629
2022-03-03,HLTW.MI,416.3500061035156,420.0400085449219,415.9700012207031,417.80999755859375,594
2022-03-04,HLTW.MI,416.6000061035156,422.3599853515625,415.05999755859375,419.4700012207031,8225
2022-03-07,HLTW.MI,417.2900085449219,422.739990234375,415.42999267578125,419.1700134277344,1637
2022-03-08,HLTW.MI,419.0,420.2200012207031,410.7200012207031,411.5199890136719,1088
2022-03-09,HLTW.MI,412.0799865722656,414.20001220703125,410.5,410.70001220703125,1080
2022-03-10,HLTW.MI,412.2699890136719,413.6199951171875,409.05999755859375,411.0199890136719,591
2022-03-11,HLTW.MI,415.1600036621094,420.55999755859375,413.489990234375,417.4100036621094,770
2022-03-14,HLTW.MI,417.79998779296875,420.79998779296875,413.8599853515625,416.3999938964844,412
2022-03-15,HLTW.MI,411.6099853515625,421.20001220703125,411.4599914550781,421.20001220703125,946
2022-03-16,HLTW.MI,425.0199890136719,425.6600036621094,423.0,424.7699890136719,1022
2022-03-17,HLTW.MI,425.239990234375,428.3599853515625,424.0,428.3599853515625,459
2022-03-18,HLTW.MI,428.3599853515625,433.8900146484375,428.3599853515625,433.0,585
2022-03-21,HLTW.MI,434.0,437.8699951171875,431.30999755859375,435.760009765625,1114
2022-03-22,HLTW.MI,435.9599914550781,437.70001220703125,434.04998779296875,436.3599853515625,1265
2022-03-23,HLTW.MI,436.5,436.5799865722656,432.6700134277344,432.6700134277344,1442
2022-03-24,HLTW.MI,432.0299987792969,434.04998779296875,431.7699890136719,433.9800109863281,338
2022-03-25,HLTW.MI,435.4599914550781,436.3800048828125,433.4200134277344,435.17999267578125,400
2022-03-28,HLTW.MI,433.6099853515625,438.8800048828125,433.6099853515625,438.5299987792969,1156
2022-03-29,HLTW.MI,439.8299865722656,441.25,436.92999267578125,437.82000732421875,988
2022-03-30,HLTW.MI,438.0,438.5299987792969,436.25,438.07000732421875,1206
2022-03-31,HLTW.MI,438.32000732421875,441.0,438.32000732421875,439.739990234375,443
2022-04-01,HLTW.MI,440.0,440.0,437.6000061035156,439.30999755859375,986
2022-04-04,HLTW.MI,441.92999267578125,445.94000244140625,441.92999267578125,443.3599853515625,4107
2022-04-05,HLTW.MI,443.739990234375,449.04998779296875,442.3800048828125,448.9100036621094,1398
2022-04-06,HLTW.MI,447.3900146484375,448.4700012207031,443.2900085449219,448.4700012207031,937
2022-04-07,HLTW.MI,451.760009765625,457.0,451.7099914550781,456.4800109863281,2429
2022-04-08,HLTW.MI,461.9599914550781,463.739990234375,460.42999267578125,463.739990234375,981
2022-04-11,HLTW.MI,461.8399963378906,462.989990234375,457.8500061035156,459.07000732421875,2195
2022-04-12,HLTW.MI,450.8800048828125,456.04998779296875,450.8800048828125,456.04998779296875,700
2022-04-13,HLTW.MI,454.9599914550781,455.19000244140625,451.3999938964844,452.489990234375,823
2022-04-14,HLTW.MI,451.9100036621094,457.70001220703125,451.6300048828125,456.54998779296875,476
2022-04-19,HLTW.MI,449.0,452.8500061035156,446.510009765625,451.6600036621094,1775
2022-04-20,HLTW.MI,450.32000732421875,454.4599914550781,449.75,454.4599914550781,1275
2022-04-21,HLTW.MI,453.5400085449219,455.0,452.19000244140625,453.260009765625,848
2022-04-22,HLTW.MI,449.9100036621094,450.44000244140625,441.239990234375,441.7799987792969,951
2022-04-25,HLTW.MI,435.7699890136719,438.4200134277344,434.8399963378906,436.8399963378906,314
2022-04-26,HLTW.MI,442.0299987792969,443.2300109863281,439.6700134277344,439.8800048828125,3279
2022-04-27,HLTW.MI,438.5,443.010009765625,436.70001220703125,441.7799987792969,1055
2022-04-28,HLTW.MI,442.5,445.5799865722656,440.57000732421875,441.2699890136719,887
2022-04-29,HLTW.MI,445.6300048828125,445.8900146484375,439.9800109863281,441.79998779296875,321
2022-05-02,HLTW.MI,438.260009765625,440.1700134277344,433.7300109863281,435.2799987792969,2277
2022-05-03,HLTW.MI,439.2699890136719,439.2699890136719,433.6499938964844,438.54998779296875,1015
2022-05-04,HLTW.MI,436.239990234375,437.0799865722656,432.0039978027344,432.94000244140625,1230
2022-05-05,HLTW.MI,439.3999938964844,440.9800109863281,435.1199951171875,435.44000244140625,1100
2022-05-06,HLTW.MI,433.70001220703125,434.5,426.9700012207031,428.32000732421875,722
2022-05-09,HLTW.MI,428.29998779296875,428.3500061035156,421.19000244140625,421.3800048828125,2099
2022-05-10,HLTW.MI,421.0,425.7799987792969,419.05999755859375,420.4599914550781,1897
2022-05-11,HLTW.MI,424.04998779296875,425.2099914550781,416.19000244140625,425.2099914550781,1264
2022-05-12,HLTW.MI,417.8900146484375,423.20001220703125,417.8599853515625,422.4700012207031,1300
2022-05-13,HLTW.MI,428.8900146484375,433.2099914550781,428.0799865722656,431.0,802
2022-05-16,HLTW.MI,425.3599853515625,433.7099914550781,425.3599853515625,433.7099914550781,783
2022-05-17,HLTW.MI,434.6400146484375,436.67999267578125,431.45001220703125,434.4200134277344,956
2022-05-18,HLTW.MI,434.3999938964844,435.0799865722656,429.04998779296875,429.04998779296875,241
2022-05-19,HLTW.MI,428.8299865722656,428.8299865722656,421.3699951171875,422.3900146484375,491
2022-05-20,HLTW.MI,429.20001220703125,431.3599853515625,426.8999938964844,426.8999938964844,656
2022-05-23,HLTW.MI,433.0199890136719,434.19000244140625,428.9800109863281,430.760009765625,774
2022-05-24,HLTW.MI,427.7900085449219,428.739990234375,425.3599853515625,426.1700134277344,340
2022-05-25,HLTW.MI,430.0,435.19000244140625,429.5,431.2799987792969,405
2022-05-26,HLTW.MI,430.75,432.5799865722656,430.75,430.8699951171875,658
2022-05-27,HLTW.MI,429.510009765625,435.8900146484375,428.92999267578125,435.8900146484375,325
2022-05-30,HLTW.MI,438.0,439.05999755859375,436.2300109863281,436.44000244140625,318
2022-05-31,HLTW.MI,438.92999267578125,438.92999267578125,430.5,431.6199951171875,908
2022-06-01,HLTW.MI,436.0,436.0,427.92999267578125,427.92999267578125,1328
2022-06-02,HLTW.MI,429.510009765625,429.95001220703125,423.04998779296875,424.69000244140625,152
2022-06-03,HLTW.MI,428.4200134277344,429.1000061035156,425.9599914550781,426.6099853515625,220
2022-06-06,HLTW.MI,429.1000061035156,429.45001220703125,426.7699890136719,427.5199890136719,407
2022-06-07,HLTW.MI,425.0,427.9700012207031,423.79998779296875,427.489990234375,762
2022-06-08,HLTW.MI,430.69000244140625,430.69000244140625,427.1000061035156,428.9200134277344,538
2022-06-09,HLTW.MI,427.6600036621094,429.0400085449219,424.9599914550781,426.0899963378906,439
2022-06-10,HLTW.MI,421.3599853515625,423.0,410.0,418.04998779296875,1681
2022-06-13,HLTW.MI,417.2099914550781,417.2099914550781,410.5899963378906,412.04998779296875,1905
2022-06-14,HLTW.MI,410.0,410.5,404.25,405.2099914550781,8300
2022-06-15,HLTW.MI,402.010009765625,408.6400146484375,402.010009765625,408.4599914550781,553
2022-06-16,HLTW.MI,405.8800048828125,405.8800048828125,397.79998779296875,399.2799987792969,655
2022-06-17,HLTW.MI,399.2799987792969,405.29998779296875,399.2799987792969,403.69000244140625,745
2022-06-20,HLTW.MI,404.5400085449219,404.5400085449219,401.07000732421875,403.54998779296875,2044
2022-06-21,HLTW.MI,405.7300109863281,407.1400146484375,403.3500061035156,407.1400146484375,1115
2022-06-22,HLTW.MI,405.989990234375,413.1000061035156,403.19000244140625,413.1000061035156,452
2022-06-23,HLTW.MI,411.79998779296875,419.8900146484375,411.79998779296875,418.82000732421875,507
2022-06-24,HLTW.MI,424.4800109863281,426.1400146484375,423.9599914550781,426.1400146484375,317
2022-06-27,HLTW.MI,427.9599914550781,430.489990234375,427.29998779296875,430.010009765625,437
2022-06-28,HLTW.MI,429.0,432.8500061035156,429.0,429.6000061035156,3710
2022-06-29,HLTW.MI,425.2200012207031,430.20001220703125,424.0199890136719,430.20001220703125,381
2022-06-30,HLTW.MI,427.4599914550781,429.5,427.2099914550781,428.1499938964844,1190
2022-07-01,HLTW.MI,427.0299987792969,431.489990234375,426.20001220703125,431.489990234375,912
2022-07-04,HLTW.MI,434.989990234375,434.989990234375,431.1099853515625,434.489990234375,781
2022-07-05,HLTW.MI,435.0,439.8599853515625,432.2799987792969,433.70001220703125,577
2022-07-06,HLTW.MI,440.0,446.5799865722656,439.8900146484375,445.29998779296875,783
2022-07-07,HLTW.MI,447.25,448.92999267578125,444.70001220703125,448.54998779296875,1800
2022-07-08,HLTW.MI,449.0,452.0,446.4599914550781,451.79998779296875,774
2022-07-11,HLTW.MI,451.0899963378906,453.29998779296875,449.510009765625,452.5,285
2022-07-12,HLTW.MI,452.6400146484375,454.0,450.3599853515625,451.2300109863281,510
2022-07-13,HLTW.MI,449.5,450.29998779296875,443.04998779296875,444.95001220703125,1461
2022-07-14,HLTW.MI,445.0,445.0,440.5400085449219,441.5199890136719,311
2022-07-15,HLTW.MI,445.0,451.6700134277344,444.5,451.6700134277344,3374
2022-07-18,HLTW.MI,452.0,454.94000244140625,446.1099853515625,446.8900146484375,1065
2022-07-19,HLTW.MI,445.4700012207031,445.4700012207031,437.5799865722656,445.2699890136719,949
2022-07-20,HLTW.MI,447.8999938964844,447.8999938964844,444.0,444.79998779296875,682
2022-07-21,HLTW.MI,443.04998779296875,448.010009765625,440.30999755859375,448.010009765625,101
2022-07-22,HLTW.MI,448.0,450.8900146484375,446.8999938964844,447.7300109863281,516
2022-07-25,HLTW.MI,446.82000732421875,448.2300109863281,445.79998779296875,447.9700012207031,339
2022-07-26,HLTW.MI,447.3399963378906,453.70001220703125,447.3299865722656,452.260009765625,598
2022-07-27,HLTW.MI,455.0,455.9599914550781,452.07000732421875,453.1199951171875,266
2022-07-28,HLTW.MI,451.9599914550781,457.3999938964844,450.45001220703125,456.1400146484375,259
2022-07-29,HLTW.MI,452.6099853515625,457.1300048828125,451.67999267578125,451.67999267578125,298
2022-08-01,HLTW.MI,450.489990234375,455.20001220703125,449.6300048828125,450.8800048828125,767
2022-08-02,HLTW.MI,446.3999938964844,454.4599914550781,446.3999938964844,452.9200134277344,734
2022-08-03,HLTW.MI,451.9700012207031,454.57000732421875,450.0,454.4599914550781,1252
2022-08-04,HLTW.MI,454.1499938964844,454.1499938964844,449.7099914550781,449.7099914550781,868
2022-08-05,HLTW.MI,450.5799865722656,450.6600036621094,448.1499938964844,450.29998779296875,615
2022-08-08,HLTW.MI,450.29998779296875,452.4800109863281,449.010009765625,451.79998779296875,301
2022-08-09,HLTW.MI,452.2200012207031,452.2200012207031,448.8999938964844,450.82000732421875,473
2022-08-10,HLTW.MI,448.54998779296875,449.3399963378906,447.29998779296875,447.29998779296875,131
2022-08-11,HLTW.MI,449.0,449.8800048828125,445.7900085449219,449.0400085449219,1401
2022-08-12,HLTW.MI,447.57000732421875,450.5299987792969,446.260009765625,450.5299987792969,536
2022-08-16,HLTW.MI,459.989990234375,460.9599914550781,455.29998779296875,457.3999938964844,898
2022-08-17,HLTW.MI,457.0,457.7300109863281,453.9700012207031,454.6600036621094,347
2022-08-18,HLTW.MI,453.0,456.0,452.6499938964844,454.0,491
2022-08-19,HLTW.MI,454.8800048828125,458.739990234375,454.0,457.3599853515625,652
2022-08-22,HLTW.MI,457.8500061035156,460.3599853515625,456.4200134277344,460.3599853515625,515
2022-08-23,HLTW.MI,457.55999755859375,458.1400146484375,449.4700012207031,450.69000244140625,517
2022-08-24,HLTW.MI,452.1700134277344,453.3999938964844,449.0199890136719,452.7799987792969,996
2022-08-25,HLTW.MI,455.0899963378906,455.8999938964844,452.79998779296875,453.1000061035156,382
2022-08-26,HLTW.MI,454.05999755859375,455.989990234375,449.3999938964844,449.3999938964844,613
2022-08-29,HLTW.MI,445.6499938964844,445.6499938964844,438.9800109863281,441.0,957
2022-08-30,HLTW.MI,441.55999755859375,441.95001220703125,436.489990234375,437.6300048828125,3353
2022-08-31,HLTW.MI,438.4599914550781,438.4599914550781,433.9800109863281,433.9800109863281,134
2022-09-01,HLTW.MI,433.45001220703125,437.2799987792969,430.010009765625,437.2799987792969,471
2022-09-02,HLTW.MI,438.9800109863281,440.2699890136719,436.3999938964844,440.1300048828125,416
2022-09-05,HLTW.MI,435.0400085449219,438.7900085449219,435.0400085449219,438.7900085449219,370
2022-09-06,HLTW.MI,437.0,441.3699951171875,436.32000732421875,440.3999938964844,434
2022-09-07,HLTW.MI,439.2099914550781,439.2099914550781,435.0199890136719,438.6199951171875,357
2022-09-08,HLTW.MI,440.0,447.0299987792969,438.7799987792969,446.67999267578125,670
2022-09-09,HLTW.MI,445.0400085449219,449.57000732421875,444.79998779296875,449.57000732421875,350
2022-09-12,HLTW.MI,443.92999267578125,450.44000244140625,443.6199951171875,450.44000244140625,348
2022-09-13,HLTW.MI,450.44000244140625,450.44000244140625,450.44000244140625,450.44000244140625,0
2022-09-14,HLTW.MI,450.44000244140625,450.44000244140625,450.44000244140625,450.44000244140625,0
2022-09-15,HLTW.MI,450.44000244140625,450.44000244140625,450.44000244140625,450.44000244140625,0
2022-09-16,HLTW.MI,450.44000244140625,450.44000244140625,450.44000244140625,450.44000244140625,0
2022-09-19,HLTW.MI,450.44000244140625,450.44000244140625,450.44000244140625,450.44000244140625,0
2022-09-20,HLTW.MI,450.44000244140625,450.44000244140625,450.44000244140625,450.44000244140625,0
2022-09-21,HLTW.MI,432.8399963378906,436.7799987792969,432.8399963378906,436.17999267578125,325
2022-09-22,HLTW.MI,429.7900085449219,431.0199890136719,426.8699951171875,430.2799987792969,389
2022-09-23,HLTW.MI,431.3599853515625,432.1000061035156,429.1300048828125,430.19000244140625,707
2022-09-26,HLTW.MI,431.0,434.5899963378906,429.1600036621094,432.1700134277344,2223
2022-09-27,HLTW.MI,433.75,436.0,433.010009765625,433.2300109863281,477
2022-09-28,HLTW.MI,433.510009765625,438.8999938964844,433.510009765625,438.44000244140625,682
2022-09-29,HLTW.MI,438.70001220703125,438.70001220703125,430.0,431.0899963378906,227
2022-09-30,HLTW.MI,432.6499938964844,434.7799987792969,431.4200134277344,433.57000732421875,522
2022-10-03,HLTW.MI,429.9599914550781,432.7799987792969,422.5799865722656,431.07000732421875,611
2022-10-04,HLTW.MI,435.2300109863281,437.0199890136719,433.0,436.3999938964844,520
2022-10-05,HLTW.MI,436.1600036621094,438.95001220703125,436.1400146484375,438.95001220703125,473
2022-10-06,HLTW.MI,439.9100036621094,444.4100036621094,438.95001220703125,441.20001220703125,331
2022-10-07,HLTW.MI,439.5199890136719,441.3699951171875,435.57000732421875,435.57000732421875,435
2022-10-10,HLTW.MI,434.92999267578125,436.7200012207031,431.79998779296875,432.8299865722656,750
2022-10-11,HLTW.MI,430.0,434.6700134277344,429.239990234375,433.92999267578125,368
2022-10-12,HLTW.MI,435.0,436.8399963378906,433.95001220703125,434.45001220703125,278
2022-10-13,HLTW.MI,432.010009765625,434.45001220703125,426.55999755859375,432.69000244140625,794
2022-10-14,HLTW.MI,435.7699890136719,442.239990234375,435.7699890136719,437.7799987792969,430
2022-10-17,HLTW.MI,438.0899963378906,441.5199890136719,437.8699951171875,439.739990234375,637
2022-10-18,HLTW.MI,442.4599914550781,445.7699890136719,441.3599853515625,441.3599853515625,480
2022-10-19,HLTW.MI,440.5400085449219,444.1199951171875,437.3999938964844,437.3999938964844,251
2022-10-20,HLTW.MI,435.69000244140625,437.5899963378906,435.2699890136719,435.95001220703125,240
2022-10-21,HLTW.MI,436.6600036621094,436.7799987792969,432.0,436.7799987792969,1321
2022-10-24,HLTW.MI,439.3599853515625,444.489990234375,438.0799865722656,444.489990234375,355
2022-10-25,HLTW.MI,445.20001220703125,446.9200134277344,442.7799987792969,443.8999938964844,335
2022-10-26,HLTW.MI,446.1300048828125,449.6000061035156,444.0899963378906,449.45001220703125,561
2022-10-27,HLTW.MI,448.8399963378906,449.0,447.0,447.7699890136719,204
2022-10-28,HLTW.MI,447.8800048828125,453.989990234375,447.3999938964844,453.2200012207031,705
2022-10-31,HLTW.MI,454.4700012207031,459.0,452.75,458.32000732421875,424
2022-11-01,HLTW.MI,459.79998779296875,460.0,456.82000732421875,458.2300109863281,375
2022-11-02,HLTW.MI,460.0,460.0,456.760009765625,459.1300048828125,1911
2022-11-03,HLTW.MI,457.0,457.6199951171875,454.0899963378906,456.29998779296875,802
2022-11-04,HLTW.MI,454.1099853515625,457.9200134277344,449.6300048828125,449.6300048828125,1125
2022-11-07,HLTW.MI,450.5899963378906,452.0,449.0,451.5799865722656,640
2022-11-08,HLTW.MI,452.0899963378906,454.32000732421875,451.94000244140625,454.29998779296875,342
2022-11-09,HLTW.MI,452.20001220703125,454.7200012207031,451.3399963378906,454.1700134277344,988
2022-11-10,HLTW.MI,453.07000732421875,458.1199951171875,452.6400146484375,454.79998779296875,2368
2022-11-11,HLTW.MI,458.1700134277344,458.1700134277344,441.9200134277344,442.8399963378906,1435
2022-11-14,HLTW.MI,442.2900085449219,448.70001220703125,442.2900085449219,447.3299865722656,1009
2022-11-15,HLTW.MI,445.70001220703125,446.6600036621094,443.4599914550781,446.6600036621094,1356
2022-11-16,HLTW.MI,446.6000061035156,446.6000061035156,442.17999267578125,443.0400085449219,1081
2022-11-17,HLTW.MI,442.3299865722656,443.3900146484375,440.20001220703125,442.80999755859375,437
2022-11-18,HLTW.MI,442.44000244140625,447.80999755859375,442.44000244140625,447.80999755859375,664
2022-11-21,HLTW.MI,450.989990234375,453.4599914550781,450.32000732421875,453.2900085449219,1047
2022-11-22,HLTW.MI,453.2900085449219,454.29998779296875,451.7300109863281,454.25,735
2022-11-23,HLTW.MI,453.7799987792969,455.239990234375,452.0899963378906,453.42999267578125,807
2022-11-24,HLTW.MI,452.82000732421875,453.7300109863281,451.8299865722656,453.3500061035156,556
2022-11-25,HLTW.MI,453.7099914550781,456.260009765625,452.54998779296875,455.54998779296875,317
2022-11-28,HLTW.MI,456.0,456.489990234375,450.3800048828125,455.010009765625,484
2022-11-29,HLTW.MI,455.0,455.1600036621094,452.3500061035156,452.3500061035156,145
2022-11-30,HLTW.MI,454.54998779296875,455.3999938964844,452.4800109863281,455.3999938964844,449
2022-12-01,HLTW.MI,461.3399963378906,463.0,458.05999755859375,459.17999267578125,954
2022-12-02,HLTW.MI,459.0,459.4200134277344,456.0,458.6499938964844,1210
2022-12-05,HLTW.MI,458.989990234375,458.989990234375,454.3399963378906,456.54998779296875,1234
2022-12-06,HLTW.MI,456.54998779296875,457.0199890136719,451.8999938964844,451.8999938964844,437
2022-12-07,HLTW.MI,451.8999938964844,455.57000732421875,450.0,454.55999755859375,420
2022-12-08,HLTW.MI,453.9100036621094,457.4700012207031,453.9100036621094,456.5299987792969,464
2022-12-09,HLTW.MI,456.75,458.6300048828125,455.8399963378906,457.1499938964844,309
2022-12-12,HLTW.MI,453.1499938964844,455.75,452.3299865722656,455.6400146484375,294
2022-12-13,HLTW.MI,456.17999267578125,466.0,456.1499938964844,458.1700134277344,2197
2022-12-14,HLTW.MI,457.8699951171875,459.6499938964844,455.0199890136719,459.3399963378906,236
2022-12-15,HLTW.MI,455.0,455.2799987792969,446.5,448.6499938964844,497
2022-12-16,HLTW.MI,448.239990234375,448.239990234375,442.0,443.6400146484375,411
2022-12-19,HLTW.MI,444.07000732421875,444.6099853515625,441.5,442.010009765625,601
2022-12-20,HLTW.MI,441.8999938964844,441.8999938964844,436.2699890136719,440.6199951171875,215
2022-12-21,HLTW.MI,443.2200012207031,447.3900146484375,442.3999938964844,447.30999755859375,207
2022-12-22,HLTW.MI,446.75,446.8900146484375,444.3500061035156,445.2799987792969,184
2022-12-23,HLTW.MI,446.6000061035156,446.9700012207031,443.5199890136719,444.9700012207031,342
2022-12-27,HLTW.MI,445.1000061035156,446.9100036621094,443.2300109863281,443.82000732421875,419
2022-12-28,HLTW.MI,441.94000244140625,445.5199890136719,441.3599853515625,443.2300109863281,285
2022-12-29,HLTW.MI,442.9100036621094,445.9100036621094,439.8999938964844,445.8299865722656,806
2022-12-30,HLTW.MI,445.2900085449219,445.2900085449219,438.9100036621094,439.9599914550781,185
2023-01-02,HLTW.MI,448.1700134277344,448.5799865722656,445.7300109863281,448.5799865722656,168
2023-01-03,HLTW.MI,451.9200134277344,452.2300109863281,445.54998779296875,445.54998779296875,143
2023-01-04,HLTW.MI,446.5799865722656,448.0,445.6099853515625,448.0,1096
2023-01-05,HLTW.MI,445.0,446.4700012207031,443.70001220703125,444.5400085449219,167
2023-01-06,HLTW.MI,445.2699890136719,447.0,443.95001220703125,445.4200134277344,63
2023-01-09,HLTW.MI,444.0,445.0,440.95001220703125,441.1499938964844,247
2023-01-10,HLTW.MI,435.9700012207031,439.5299987792969,435.0299987792969,437.9599914550781,919
2023-01-11,HLTW.MI,438.70001220703125,439.82000732421875,437.1000061035156,437.20001220703125,1205
2023-01-12,HLTW.MI,440.0,440.6499938964844,434.0,436.5899963378906,488
2023-01-13,HLTW.MI,436.8599853515625,440.1199951171875,436.3599853515625,440.1199951171875,4261
2023-01-16,HLTW.MI,440.1400146484375,442.19000244140625,439.3699951171875,442.19000244140625,923
2023-01-17,HLTW.MI,438.4100036621094,441.9800109863281,438.4100036621094,441.9800109863281,619
2023-01-18,HLTW.MI,439.6400146484375,441.04998779296875,437.1300048828125,437.8599853515625,419
2023-01-19,HLTW.MI,436.4100036621094,436.4200134277344,432.7900085449219,435.5899963378906,1074
2023-01-20,HLTW.MI,435.07000732421875,435.29998779296875,433.5799865722656,433.75,351
2023-01-23,HLTW.MI,434.0,437.760009765625,432.67999267578125,436.94000244140625,325
2023-01-24,HLTW.MI,435.4100036621094,436.5400085449219,431.2799987792969,432.2699890136719,1412
2023-01-25,HLTW.MI,431.8500061035156,431.8500061035156,429.3599853515625,430.45001220703125,421
2023-01-26,HLTW.MI,431.45001220703125,433.79998779296875,431.45001220703125,431.7900085449219,1422
2023-01-27,HLTW.MI,433.0,435.20001220703125,431.6199951171875,432.4200134277344,578
2023-01-30,HLTW.MI,430.0,432.29998779296875,427.4700012207031,430.3699951171875,475
2023-01-31,HLTW.MI,429.0199890136719,430.1199951171875,425.6499938964844,428.75,932
2023-02-01,HLTW.MI,430.3299865722656,431.1600036621094,428.70001220703125,428.8299865722656,404
2023-02-02,HLTW.MI,426.8900146484375,429.5,426.3500061035156,427.5,776
2023-02-03,HLTW.MI,429.1700134277344,433.3500061035156,428.5899963378906,433.3500061035156,696
2023-02-06,HLTW.MI,432.2099914550781,434.3900146484375,430.4800109863281,434.1499938964844,620
2023-02-07,HLTW.MI,432.6300048828125,434.2900085449219,432.2099914550781,433.55999755859375,389
2023-02-08,HLTW.MI,434.70001220703125,437.2200012207031,433.9200134277344,436.32000732421875,582
2023-02-09,HLTW.MI,437.9100036621094,437.9100036621094,435.42999267578125,435.44000244140625,494
2023-02-10,HLTW.MI,432.4700012207031,435.95001220703125,431.2699890136719,435.95001220703125,1286
2023-02-13,HLTW.MI,436.79998779296875,437.6300048828125,436.1099853515625,437.6300048828125,503
2023-02-14,HLTW.MI,438.6600036621094,439.04998779296875,435.4800109863281,435.4800109863281,427
2023-02-15,HLTW.MI,435.510009765625,437.010009765625,434.75,437.010009765625,287
2023-02-16,HLTW.MI,435.2099914550781,436.4100036621094,433.2099914550781,434.07000732421875,985
2023-02-17,HLTW.MI,432.29998779296875,435.1099853515625,430.80999755859375,434.4700012207031,1930
2023-02-20,HLTW.MI,434.69000244140625,436.20001220703125,434.20001220703125,434.8800048828125,70
2023-02-21,HLTW.MI,433.5400085449219,436.1600036621094,433.5,433.75,243
2023-02-22,HLTW.MI,432.7699890136719,434.3299865722656,431.9100036621094,433.1099853515625,291
2023-02-23,HLTW.MI,433.9800109863281,435.260009765625,431.010009765625,432.9200134277344,818
2023-02-24,HLTW.MI,433.5400085449219,434.17999267578125,428.8500061035156,430.9599914550781,584
2023-02-27,HLTW.MI,430.3599853515625,431.5,429.0799865722656,429.0799865722656,1319
2023-02-28,HLTW.MI,426.1000061035156,427.17999267578125,423.5799865722656,423.7200012207031,633
2023-03-01,HLTW.MI,423.0,423.1099853515625,419.19000244140625,419.7699890136719,1221
2023-03-02,HLTW.MI,418.6700134277344,423.5899963378906,418.6700134277344,423.5899963378906,555
2023-03-03,HLTW.MI,424.44000244140625,427.489990234375,424.44000244140625,427.3500061035156,301
2023-03-06,HLTW.MI,427.30999755859375,428.7900085449219,426.69000244140625,426.69000244140625,1667
2023-03-07,HLTW.MI,426.92999267578125,428.2099914550781,425.3699951171875,425.3699951171875,488
2023-03-08,HLTW.MI,425.44000244140625,425.69000244140625,422.510009765625,423.0199890136719,281
2023-03-09,HLTW.MI,422.5,423.8699951171875,422.07000732421875,422.9599914550781,423
2023-03-10,HLTW.MI,417.1000061035156,418.0299987792969,414.7099914550781,416.9200134277344,827
2023-03-13,HLTW.MI,413.6600036621094,417.07000732421875,409.0199890136719,414.17999267578125,687
2023-03-14,HLTW.MI,416.8900146484375,417.67999267578125,414.9599914550781,416.32000732421875,998
2023-03-15,HLTW.MI,415.3399963378906,420.510009765625,415.20001220703125,419.1000061035156,684
2023-03-16,HLTW.MI,419.1000061035156,422.4599914550781,417.79998779296875,421.8900146484375,260
2023-03-17,HLTW.MI,423.69000244140625,423.7699890136719,418.760009765625,418.760009765625,214
2023-03-20,HLTW.MI,415.4800109863281,420.0,415.010009765625,419.07000732421875,341
2023-03-21,HLTW.MI,421.1099853515625,421.739990234375,419.0400085449219,419.0400085449219,882
2023-03-22,HLTW.MI,419.8699951171875,421.3500061035156,419.6000061035156,420.30999755859375,420
2023-03-23,HLTW.MI,415.0799865722656,416.3999938964844,413.3999938964844,415.8699951171875,821
2023-03-24,HLTW.MI,414.92999267578125,418.989990234375,414.92999267578125,418.6099853515625,415
2023-03-27,HLTW.MI,426.69000244140625,426.69000244140625,423.0400085449219,424.5400085449219,1953
2023-03-28,HLTW.MI,423.32000732421875,425.17999267578125,421.6700134277344,421.6700134277344,201
2023-03-29,HLTW.MI,421.70001220703125,423.42999267578125,421.1600036621094,421.1600036621094,404
2023-03-30,HLTW.MI,423.3500061035156,423.5199890136719,420.9100036621094,421.1499938964844,435
2023-03-31,HLTW.MI,422.5,426.4800109863281,422.5,426.32000732421875,186
2023-04-03,HLTW.MI,428.3299865722656,430.0,427.0,428.8999938964844,261
2023-04-04,HLTW.MI,428.95001220703125,430.260009765625,427.80999755859375,427.80999755859375,526
2023-04-05,HLTW.MI,427.3299865722656,435.2099914550781,427.3299865722656,435.2099914550781,293
2023-04-06,HLTW.MI,435.3900146484375,439.010009765625,435.3900146484375,437.1600036621094,362
2023-04-11,HLTW.MI,437.1600036621094,439.5,436.2699890136719,438.9700012207031,929
2023-04-12,HLTW.MI,438.5,439.7900085449219,437.9599914550781,437.9599914550781,319
2023-04-13,HLTW.MI,437.19000244140625,439.010009765625,436.1000061035156,439.010009765625,634
2023-04-14,HLTW.MI,439.94000244140625,441.5400085449219,438.57000732421875,439.3599853515625,616
2023-04-17,HLTW.MI,440.0,442.44000244140625,439.2300109863281,441.8299865722656,841
2023-04-18,HLTW.MI,441.8299865722656,442.6300048828125,437.8699951171875,438.45001220703125,310
2023-04-19,HLTW.MI,439.4100036621094,439.6300048828125,437.54998779296875,438.6099853515625,156
2023-04-20,HLTW.MI,438.45001220703125,438.45001220703125,435.8900146484375,436.92999267578125,349
2023-04-21,HLTW.MI,437.19000244140625,441.8699951171875,437.19000244140625,439.7300109863281,157
2023-04-24,HLTW.MI,440.7300109863281,441.2900085449219,439.55999755859375,440.8800048828125,252
2023-04-25,HLTW.MI,441.0,443.05999755859375,440.5799865722656,441.8599853515625,451
2023-04-26,HLTW.MI,440.5,440.5,429.0,430.69000244140625,1105
2023-04-27,HLTW.MI,433.1099853515625,433.1400146484375,429.6600036621094,429.6600036621094,378
2023-04-28,HLTW.MI,430.5199890136719,434.1099853515625,430.5199890136719,434.1099853515625,425
2023-05-02,HLTW.MI,437.92999267578125,441.3800048828125,436.0,436.2200012207031,388
2023-05-03,HLTW.MI,437.7300109863281,438.8800048828125,435.79998779296875,436.79998779296875,703
2023-05-04,HLTW.MI,433.8599853515625,435.8900146484375,433.8599853515625,434.3800048828125,928
2023-05-05,HLTW.MI,434.05999755859375,437.8900146484375,429.9100036621094,437.67999267578125,91
2023-05-08,HLTW.MI,438.2099914550781,438.6499938964844,436.5,438.04998779296875,184
2023-05-09,HLTW.MI,438.7200012207031,439.19000244140625,437.489990234375,439.1700134277344,445
2023-05-10,HLTW.MI,437.0199890136719,438.0,435.7799987792969,436.3999938964844,266
2023-05-11,HLTW.MI,439.8599853515625,440.7200012207031,436.6700134277344,437.55999755859375,248
2023-05-12,HLTW.MI,438.92999267578125,441.25,438.92999267578125,440.2099914550781,404
2023-05-15,HLTW.MI,441.4200134277344,441.92999267578125,438.3399963378906,438.9599914550781,692
2023-05-16,HLTW.MI,438.70001220703125,439.30999755859375,435.82000732421875,437.2099914550781,742
2023-05-17,HLTW.MI,437.0299987792969,438.9700012207031,434.010009765625,434.010009765625,636
2023-05-18,HLTW.MI,437.4700012207031,439.5199890136719,436.25,438.1099853515625,1565
2023-05-19,HLTW.MI,440.44000244140625,443.2099914550781,438.55999755859375,440.3399963378906,1928
2023-05-22,HLTW.MI,439.3399963378906,442.2699890136719,439.0,441.7200012207031,521
2023-05-23,HLTW.MI,439.5,441.7900085449219,438.0199890136719,438.0199890136719,621
2023-05-24,HLTW.MI,437.0,437.0,433.0,433.9200134277344,302
2023-05-25,HLTW.MI,433.9200134277344,435.80999755859375,430.3999938964844,430.5,411
2023-05-26,HLTW.MI,431.1000061035156,433.55999755859375,429.8500061035156,432.9800109863281,351
2023-05-29,HLTW.MI,431.1099853515625,432.70001220703125,431.1099853515625,432.1700134277344,235
2023-05-30,HLTW.MI,433.0,433.0,427.5899963378906,427.8900146484375,543
2023-05-31,HLTW.MI,428.57000732421875,430.3900146484375,426.9599914550781,430.3900146484375,680
2023-06-01,HLTW.MI,432.4700012207031,435.8500061035156,430.3399963378906,430.3900146484375,464
2023-06-02,HLTW.MI,432.2099914550781,438.7300109863281,432.0,438.7300109863281,288
2023-06-05,HLTW.MI,439.6499938964844,441.260009765625,438.8500061035156,438.8500061035156,743
2023-06-06,HLTW.MI,440.0,443.80999755859375,439.7099914550781,439.7099914550781,585
2023-06-07,HLTW.MI,439.5899963378906,439.6700134277344,435.1499938964844,436.9599914550781,423
2023-06-08,HLTW.MI,435.4200134277344,435.4200134277344,433.3399963378906,435.04998779296875,271
2023-06-09,HLTW.MI,435.82000732421875,437.1499938964844,434.6600036621094,437.1499938964844,406
2023-06-12,HLTW.MI,438.4700012207031,438.4700012207031,435.75,436.9700012207031,238
2023-06-13,HLTW.MI,438.260009765625,438.260009765625,436.0299987792969,437.6700134277344,288
2023-06-14,HLTW.MI,437.42999267578125,437.7099914550781,432.55999755859375,433.5,971
2023-06-15,HLTW.MI,433.0,435.3599853515625,431.5400085449219,433.29998779296875,1727
2023-06-16,HLTW.MI,435.260009765625,437.4200134277344,434.7699890136719,435.239990234375,441
2023-06-19,HLTW.MI,435.239990234375,435.5,431.7300109863281,431.7300109863281,423
2023-06-20,HLTW.MI,433.0,434.0,432.7300109863281,433.4100036621094,1963
2023-06-21,HLTW.MI,433.3699951171875,434.3399963378906,431.489990234375,433.5199890136719,253
2023-06-22,HLTW.MI,430.6000061035156,434.20001220703125,428.6099853515625,433.0899963378906,709
2023-06-23,HLTW.MI,434.25,438.1000061035156,434.25,435.4599914550781,782
2023-06-26,HLTW.MI,435.010009765625,435.010009765625,429.30999755859375,430.8699951171875,502
2023-06-27,HLTW.MI,430.42999267578125,430.42999267578125,425.6199951171875,427.010009765625,250
2023-06-28,HLTW.MI,430.1300048828125,430.1300048828125,428.0,429.25,360
2023-06-29,HLTW.MI,429.739990234375,431.1700134277344,428.010009765625,431.1700134277344,746
2023-06-30,HLTW.MI,432.05999755859375,434.9800109863281,432.05999755859375,434.6000061035156,993
2023-07-03,HLTW.MI,434.2300109863281,435.2900085449219,430.0899963378906,430.30999755859375,366
2023-07-04,HLTW.MI,431.7099914550781,431.8599853515625,430.0799865722656,430.8800048828125,202
2023-07-05,HLTW.MI,430.760009765625,432.5199890136719,429.4700012207031,432.5199890136719,363
2023-07-06,HLTW.MI,430.8500061035156,431.7300109863281,426.6600036621094,428.3900146484375,319
2023-07-07,HLTW.MI,427.45001220703125,427.45001220703125,421.17999267578125,421.17999267578125,499
2023-07-10,HLTW.MI,419.0899963378906,422.17999267578125,419.0,421.4100036621094,451
2023-07-11,HLTW.MI,421.4100036621094,421.7200012207031,420.17999267578125,421.2200012207031,535
2023-07-12,HLTW.MI,420.19000244140625,421.2099914550781,418.4200134277344,419.45001220703125,178
2023-07-13,HLTW.MI,419.0299987792969,419.79998779296875,416.989990234375,416.989990234375,441
2023-07-14,HLTW.MI,416.010009765625,420.2699890136719,415.510009765625,419.4200134277344,527
2023-07-17,HLTW.MI,419.42999267578125,421.0199890136719,419.1499938964844,419.1499938964844,416
2023-07-18,HLTW.MI,418.5,423.3800048828125,418.2900085449219,422.9599914550781,627
2023-07-19,HLTW.MI,424.0,427.6600036621094,422.739990234375,425.2799987792969,390
2023-07-20,HLTW.MI,425.20001220703125,433.1499938964844,425.20001220703125,433.1499938964844,423
2023-07-21,HLTW.MI,433.95001220703125,437.4700012207031,432.45001220703125,437.4700012207031,623
2023-07-24,HLTW.MI,437.3800048828125,439.739990234375,437.3800048828125,438.69000244140625,300
2023-07-25,HLTW.MI,437.8999938964844,439.4700012207031,434.8900146484375,438.19000244140625,1259
2023-07-26,HLTW.MI,437.80999755859375,438.19000244140625,433.9100036621094,436.5299987792969,1392
2023-07-27,HLTW.MI,435.4700012207031,441.1300048828125,435.4700012207031,439.67999267578125,637
2023-07-28,HLTW.MI,439.8699951171875,440.2099914550781,435.3599853515625,437.1199951171875,411
2023-07-31,HLTW.MI,436.5,439.94000244140625,435.7300109863281,435.8999938964844,2436
2023-08-01,HLTW.MI,438.0899963378906,439.1000061035156,435.3999938964844,435.3999938964844,599
2023-08-02,HLTW.MI,432.3900146484375,436.8999938964844,431.5,436.8999938964844,341
2023-08-03,HLTW.MI,435.25,435.25,432.2900085449219,432.760009765625,766
2023-08-04,HLTW.MI,431.4800109863281,433.7900085449219,429.6700134277344,430.44000244140625,768
2023-08-07,HLTW.MI,430.44000244140625,432.92999267578125,430.44000244140625,432.8999938964844,670
2023-08-08,HLTW.MI,433.75,440.79998779296875,433.3500061035156,439.239990234375,285
2023-08-09,HLTW.MI,441.0,441.07000732421875,439.1000061035156,440.55999755859375,1042
2023-08-10,HLTW.MI,439.5,442.4800109863281,438.3999938964844,441.79998779296875,919
2023-08-11,HLTW.MI,438.6000061035156,440.8399963378906,437.7300109863281,440.44000244140625,443
2023-08-14,HLTW.MI,441.57000732421875,445.0,441.0899963378906,443.75,498
2023-08-16,HLTW.MI,443.3900146484375,443.3900146484375,440.80999755859375,441.9800109863281,1776
2023-08-17,HLTW.MI,440.760009765625,441.1499938964844,438.6000061035156,439.7300109863281,608
2023-08-18,HLTW.MI,437.5199890136719,437.80999755859375,435.510009765625,436.8999938964844,284
2023-08-21,HLTW.MI,437.20001220703125,439.510009765625,436.1199951171875,436.79998779296875,326
2023-08-22,HLTW.MI,437.19000244140625,440.2200012207031,437.19000244140625,438.6400146484375,162
2023-08-23,HLTW.MI,440.5,442.0,439.9200134277344,440.2099914550781,91
2023-08-24,HLTW.MI,442.8500061035156,442.8500061035156,438.80999755859375,439.55999755859375,879
2023-08-25,HLTW.MI,438.6099853515625,440.1499938964844,437.75,440.1499938964844,104
2023-08-28,HLTW.MI,441.6000061035156,443.6199951171875,440.1199951171875,441.9700012207031,925
2023-08-29,HLTW.MI,441.1099853515625,444.7799987792969,441.1099853515625,441.9200134277344,707
2023-08-30,HLTW.MI,444.7300109863281,445.0,441.489990234375,441.489990234375,166
2023-08-31,HLTW.MI,441.4700012207031,445.19000244140625,441.4700012207031,442.67999267578125,324
2023-09-01,HLTW.MI,441.0199890136719,443.6499938964844,440.1099853515625,442.8900146484375,151
2023-09-04,HLTW.MI,444.3800048828125,444.3800048828125,442.0199890136719,442.6099853515625,1285
2023-09-05,HLTW.MI,443.0199890136719,445.260009765625,442.739990234375,444.29998779296875,572
2023-09-06,HLTW.MI,441.2900085449219,442.3500061035156,438.1499938964844,438.95001220703125,312
2023-09-07,HLTW.MI,440.7799987792969,442.95001220703125,439.5,442.95001220703125,587
2023-09-08,HLTW.MI,442.5,442.82000732421875,440.5899963378906,442.510009765625,105
2023-09-11,HLTW.MI,442.70001220703125,444.0799865722656,441.25,442.8399963378906,598
2023-09-12,HLTW.MI,443.4100036621094,445.19000244140625,441.9200134277344,443.04998779296875,129
2023-09-13,HLTW.MI,443.0,443.7900085449219,441.5299987792969,443.32000732421875,135
2023-09-14,HLTW.MI,444.17999267578125,447.30999755859375,442.9700012207031,447.1600036621094,482
2023-09-15,HLTW.MI,448.5,449.69000244140625,445.32000732421875,446.3900146484375,345
2023-09-18,HLTW.MI,445.4200134277344,445.4200134277344,441.1000061035156,442.5,359
2023-09-19,HLTW.MI,441.42999267578125,442.4599914550781,439.4100036621094,439.760009765625,259
2023-09-20,HLTW.MI,442.010009765625,444.0799865722656,441.6099853515625,443.260009765625,373
2023-09-21,HLTW.MI,443.9700012207031,443.9700012207031,439.010009765625,439.010009765625,152
2023-09-22,HLTW.MI,438.3500061035156,439.7699890136719,437.20001220703125,439.0,231
2023-09-25,HLTW.MI,438.92999267578125,439.7799987792969,437.0,439.7799987792969,228
2023-09-26,HLTW.MI,440.5,441.0,438.9200134277344,438.9200134277344,523
2023-09-27,HLTW.MI,440.8999938964844,442.57000732421875,439.1000061035156,439.1000061035156,299
2023-09-28,HLTW.MI,440.010009765625,441.20001220703125,438.30999755859375,439.0,930
2023-09-29,HLTW.MI,438.29998779296875,439.8599853515625,437.69000244140625,437.69000244140625,382
2023-10-02,HLTW.MI,437.5,437.5,434.6000061035156,436.3500061035156,256
2023-10-03,HLTW.MI,437.79998779296875,439.19000244140625,432.8399963378906,432.8399963378906,519
2023-10-04,HLTW.MI,432.5899963378906,434.1700134277344,432.17999267578125,432.17999267578125,423
2023-10-05,HLTW.MI,435.05999755859375,435.80999755859375,433.1000061035156,434.0299987792969,782
2023-10-06,HLTW.MI,436.3900146484375,437.75,434.9100036621094,437.75,125
2023-10-09,HLTW.MI,437.5899963378906,439.760009765625,434.2300109863281,439.05999755859375,413
2023-10-10,HLTW.MI,440.5,441.8999938964844,438.7099914550781,441.8999938964844,575
2023-10-11,HLTW.MI,442.0,444.2799987792969,438.54998779296875,440.5,606
2023-10-12,HLTW.MI,442.7099914550781,443.3999938964844,440.0299987792969,442.04998779296875,1549
2023-10-13,HLTW.MI,439.9100036621094,443.1000061035156,438.17999267578125,441.79998779296875,1076
2023-10-16,HLTW.MI,442.8500061035156,444.4599914550781,441.2300109863281,444.4599914550781,609
2023-10-17,HLTW.MI,443.1600036621094,444.4700012207031,439.6600036621094,442.3699951171875,273
2023-10-18,HLTW.MI,439.989990234375,441.3900146484375,439.82000732421875,440.2200012207031,895
2023-10-19,HLTW.MI,435.9700012207031,438.70001220703125,428.8900146484375,430.8599853515625,397
2023-10-20,HLTW.MI,430.95001220703125,431.2699890136719,428.5899963378906,430.04998779296875,546
2023-10-23,HLTW.MI,429.8299865722656,430.3800048828125,426.7099914550781,427.29998779296875,497
2023-10-24,HLTW.MI,425.2900085449219,429.6300048828125,423.8999938964844,429.6300048828125,268
2023-10-25,HLTW.MI,429.07000732421875,429.5,425.010009765625,427.9700012207031,479
2023-10-26,HLTW.MI,424.2799987792969,426.5799865722656,423.42999267578125,424.44000244140625,583
2023-10-27,HLTW.MI,423.07000732421875,423.07000732421875,414.25,414.25,636
2023-10-30,HLTW.MI,415.1600036621094,416.42999267578125,413.6300048828125,413.6300048828125,358
2023-10-31,HLTW.MI,415.25,417.17999267578125,414.260009765625,416.9700012207031,179
2023-11-01,HLTW.MI,419.20001220703125,421.1400146484375,419.20001220703125,421.1400146484375,43
2023-11-02,HLTW.MI,421.69000244140625,423.8599853515625,419.1099853515625,423.8599853515625,728
2023-11-03,HLTW.MI,426.07000732421875,426.1600036621094,422.760009765625,424.7699890136719,789
2023-11-06,HLTW.MI,423.9200134277344,424.79998779296875,422.1600036621094,424.79998779296875,238
2023-11-07,HLTW.MI,424.79998779296875,426.9700012207031,424.7699890136719,426.760009765625,426
2023-11-08,HLTW.MI,426.3599853515625,429.75,425.20001220703125,425.20001220703125,493
2023-11-09,HLTW.MI,425.3699951171875,428.0299987792969,422.2200012207031,422.6000061035156,415
2023-11-10,HLTW.MI,420.989990234375,420.989990234375,416.0299987792969,417.0299987792969,464
2023-11-13,HLTW.MI,419.3800048828125,422.1199951171875,419.010009765625,421.2699890136719,864
2023-11-14,HLTW.MI,423.0899963378906,423.0899963378906,420.9100036621094,421.8999938964844,167
2023-11-15,HLTW.MI,421.1300048828125,421.760009765625,419.3999938964844,420.07000732421875,350
2023-11-16,HLTW.MI,420.1000061035156,421.6000061035156,419.3699951171875,419.6199951171875,694
2023-11-17,HLTW.MI,424.5,424.510009765625,420.510009765625,420.6700134277344,647
2023-11-20,HLTW.MI,420.5199890136719,420.7699890136719,417.82000732421875,419.95001220703125,862
2023-11-21,HLTW.MI,420.3599853515625,423.3299865722656,420.0,423.3299865722656,149
2023-11-22,HLTW.MI,424.0899963378906,428.07000732421875,423.3999938964844,426.42999267578125,675
2023-11-23,HLTW.MI,426.7900085449219,427.3599853515625,425.1199951171875,426.7900085449219,275
2023-11-24,HLTW.MI,427.4800109863281,428.3399963378906,426.32000732421875,428.3399963378906,295
2023-11-27,HLTW.MI,427.3900146484375,427.3900146484375,425.489990234375,425.489990234375,241
2023-11-28,HLTW.MI,424.5,424.5,420.7099914550781,421.9200134277344,1252
2023-11-29,HLTW.MI,421.3599853515625,423.04998779296875,421.20001220703125,422.25,503
2023-11-30,HLTW.MI,422.6300048828125,427.4800109863281,422.05999755859375,427.4800109863281,420
2023-12-01,HLTW.MI,429.3999938964844,431.6000061035156,427.7200012207031,431.6000061035156,874
2023-12-04,HLTW.MI,431.3599853515625,434.69000244140625,430.2099914550781,434.05999755859375,760
2023-12-05,HLTW.MI,433.70001220703125,433.9100036621094,432.2799987792969,433.9100036621094,547
2023-12-06,HLTW.MI,435.0,436.1499938964844,434.2099914550781,434.7099914550781,309
2023-12-07,HLTW.MI,435.0,435.6199951171875,432.6199951171875,433.55999755859375,584
2023-12-08,HLTW.MI,433.4100036621094,435.5,433.4100036621094,434.6300048828125,377
2023-12-11,HLTW.MI,437.9800109863281,438.4599914550781,435.4100036621094,437.3999938964844,1031
2023-12-12,HLTW.MI,437.9700012207031,437.9700012207031,435.80999755859375,437.70001220703125,821
2023-12-13,HLTW.MI,438.79998779296875,441.0,438.6099853515625,441.0,158
2023-12-14,HLTW.MI,444.0,444.32000732421875,437.3399963378906,437.8999938964844,434
2023-12-15,HLTW.MI,439.2699890136719,439.3599853515625,435.0,435.8599853515625,927
2023-12-18,HLTW.MI,437.79998779296875,438.4800109863281,436.20001220703125,437.6099853515625,300
2023-12-19,HLTW.MI,437.1099853515625,438.67999267578125,435.510009765625,437.55999755859375,800
2023-12-20,HLTW.MI,438.010009765625,440.2900085449219,437.2099914550781,437.80999755859375,306
2023-12-21,HLTW.MI,435.8599853515625,437.1099853515625,433.25,437.1099853515625,810
2023-12-22,HLTW.MI,437.1099853515625,439.05999755859375,435.4200134277344,439.05999755859375,7272
2023-12-27,HLTW.MI,439.05999755859375,439.05999755859375,435.9800109863281,436.8900146484375,749
2023-12-28,HLTW.MI,438.4800109863281,440.6700134277344,437.6499938964844,440.4599914550781,1288
2023-12-29,HLTW.MI,441.0199890136719,442.0799865722656,440.8800048828125,440.95001220703125,673
2024-01-02,HLTW.MI,442.4100036621094,450.4599914550781,441.9100036621094,449.8399963378906,463
2024-01-03,HLTW.MI,451.489990234375,453.30999755859375,450.6099853515625,452.4200134277344,799
2024-01-04,HLTW.MI,453.0,455.2900085449219,451.5199890136719,455.2900085449219,647
2024-01-05,HLTW.MI,455.1700134277344,455.5299987792969,451.54998779296875,453.7699890136719,964
2024-01-08,HLTW.MI,454.010009765625,455.2799987792969,450.82000732421875,452.989990234375,488
2024-01-09,HLTW.MI,456.57000732421875,461.0400085449219,456.239990234375,459.6000061035156,791
2024-01-10,HLTW.MI,459.19000244140625,460.5,457.5899963378906,457.5899963378906,501
2024-01-11,HLTW.MI,459.9100036621094,460.7699890136719,457.2200012207031,457.2200012207031,472
2024-01-12,HLTW.MI,459.19000244140625,459.6000061035156,456.30999755859375,457.989990234375,247
2024-01-15,HLTW.MI,458.75,459.0,457.0,459.0,264
2024-01-16,HLTW.MI,458.0299987792969,459.5299987792969,457.05999755859375,458.739990234375,412
2024-01-17,HLTW.MI,456.1000061035156,459.0,454.9700012207031,459.0,385
2024-01-18,HLTW.MI,456.3599853515625,456.3599853515625,452.7099914550781,453.45001220703125,847
2024-01-19,HLTW.MI,455.79998779296875,456.760009765625,455.0,455.9200134277344,366
2024-01-22,HLTW.MI,455.8999938964844,459.1099853515625,455.3399963378906,457.6600036621094,610
2024-01-23,HLTW.MI,457.739990234375,458.760009765625,455.44000244140625,456.9100036621094,801
2024-01-24,HLTW.MI,458.2099914550781,459.5899963378906,455.0,455.8299865722656,382
2024-01-25,HLTW.MI,454.4700012207031,454.5,449.0400085449219,452.3299865722656,1229
2024-01-26,HLTW.MI,457.5899963378906,457.7900085449219,455.1600036621094,457.7900085449219,921
2024-01-29,HLTW.MI,456.9599914550781,460.4700012207031,456.9599914550781,459.7300109863281,589
2024-01-30,HLTW.MI,460.9700012207031,461.69000244140625,457.9100036621094,460.25,2803
2024-01-31,HLTW.MI,463.989990234375,463.989990234375,461.19000244140625,463.5,449
2024-02-01,HLTW.MI,461.92999267578125,464.0,460.79998779296875,461.9800109863281,539
2024-02-02,HLTW.MI,462.6000061035156,466.20001220703125,462.010009765625,465.57000732421875,353
2024-02-05,HLTW.MI,464.0299987792969,470.79998779296875,464.0299987792969,469.3999938964844,745
2024-02-06,HLTW.MI,468.5799865722656,471.9100036621094,468.55999755859375,470.6000061035156,566
2024-02-07,HLTW.MI,472.92999267578125,475.2799987792969,471.0,474.5,1265
2024-02-08,HLTW.MI,473.6000061035156,473.6000061035156,469.760009765625,469.760009765625,780
2024-02-09,HLTW.MI,469.92999267578125,472.75,469.42999267578125,470.6000061035156,1659
2024-02-12,HLTW.MI,470.7200012207031,471.44000244140625,469.30999755859375,470.239990234375,476
2024-02-13,HLTW.MI,470.82000732421875,473.6499938964844,469.55999755859375,470.9700012207031,363
2024-02-14,HLTW.MI,470.6700134277344,472.17999267578125,470.2200012207031,472.17999267578125,237
2024-02-15,HLTW.MI,473.5,475.19000244140625,473.3500061035156,473.9100036621094,546
2024-02-16,HLTW.MI,475.25,478.07000732421875,474.510009765625,478.07000732421875,767
2024-02-19,HLTW.MI,477.9800109863281,478.989990234375,477.3299865722656,478.30999755859375,1504
2024-02-20,HLTW.MI,477.8900146484375,478.5400085449219,474.9800109863281,475.5299987792969,1036
2024-02-21,HLTW.MI,473.0199890136719,473.6300048828125,471.010009765625,472.6400146484375,561
2024-02-22,HLTW.MI,474.989990234375,478.0799865722656,474.2200012207031,478.0799865722656,635
2024-02-23,HLTW.MI,478.6400146484375,481.5400085449219,478.6400146484375,481.5400085449219,400
2024-02-26,HLTW.MI,482.20001220703125,482.5,479.79998779296875,479.79998779296875,560
2024-02-27,HLTW.MI,479.5400085449219,479.5400085449219,476.4200134277344,478.2799987792969,488
2024-02-28,HLTW.MI,479.5899963378906,480.04998779296875,475.1499938964844,475.1499938964844,395
2024-02-29,HLTW.MI,477.6000061035156,477.7900085449219,473.3900146484375,474.6400146484375,327
2024-03-01,HLTW.MI,473.8999938964844,477.3900146484375,472.80999755859375,476.7699890136719,715
2024-03-04,HLTW.MI,477.1000061035156,478.1700134277344,476.32000732421875,476.8299865722656,649
2024-03-05,HLTW.MI,476.8299865722656,478.5,473.739990234375,474.20001220703125,261
2024-03-06,HLTW.MI,474.1199951171875,476.3500061035156,472.80999755859375,475.5799865722656,1033
2024-03-07,HLTW.MI,476.4800109863281,480.0,475.6000061035156,479.5199890136719,1587
2024-03-08,HLTW.MI,478.8900146484375,479.04998779296875,477.010009765625,478.7699890136719,754
2024-03-11,HLTW.MI,477.7900085449219,478.4100036621094,475.1400146484375,476.8299865722656,559
2024-03-12,HLTW.MI,478.79998779296875,480.6199951171875,476.739990234375,479.3800048828125,636
2024-03-13,HLTW.MI,479.0,480.20001220703125,478.0400085449219,478.69000244140625,429
2024-03-14,HLTW.MI,479.0,479.1400146484375,474.9100036621094,477.3500061035156,283
2024-03-15,HLTW.MI,478.0799865722656,479.0400085449219,474.5899963378906,474.6400146484375,1250
2024-03-18,HLTW.MI,475.1099853515625,477.32000732421875,473.0199890136719,477.2799987792969,474
2024-03-19,HLTW.MI,475.8999938964844,477.2799987792969,475.3999938964844,476.55999755859375,208
2024-03-20,HLTW.MI,478.19000244140625,478.989990234375,475.5299987792969,475.5299987792969,268
2024-03-21,HLTW.MI,476.3800048828125,479.0,474.30999755859375,478.6000061035156,309
2024-03-22,HLTW.MI,479.0,480.5899963378906,478.989990234375,478.989990234375,457
2024-03-25,HLTW.MI,478.1600036621094,478.760009765625,476.9200134277344,477.92999267578125,558
2024-03-26,HLTW.MI,477.69000244140625,479.44000244140625,476.6600036621094,479.44000244140625,321
2024-03-27,HLTW.MI,481.0400085449219,483.3800048828125,480.1199951171875,483.3599853515625,466
2024-03-28,HLTW.MI,484.82000732421875,487.0,484.82000732421875,486.6600036621094,354
2024-04-02,HLTW.MI,483.760009765625,484.8699951171875,473.42999267578125,475.6600036621094,411
2024-04-03,HLTW.MI,475.7200012207031,476.8399963378906,475.0,475.20001220703125,414
2024-04-04,HLTW.MI,474.29998779296875,474.29998779296875,471.8999938964844,472.70001220703125,581
2024-04-05,HLTW.MI,468.1000061035156,471.0799865722656,466.19000244140625,470.1199951171875,295
2024-04-08,HLTW.MI,470.19000244140625,471.3599853515625,468.82000732421875,469.2699890136719,445
2024-04-09,HLTW.MI,469.2699890136719,469.6000061035156,467.04998779296875,468.44000244140625,1740
2024-04-10,HLTW.MI,470.989990234375,470.989990234375,468.44000244140625,469.5,736
2024-04-11,HLTW.MI,468.8299865722656,471.17999267578125,468.0,469.45001220703125,331
2024-04-12,HLTW.MI,469.92999267578125,472.8500061035156,468.3999938964844,468.3999938964844,1374
2024-04-15,HLTW.MI,467.7200012207031,471.3399963378906,466.92999267578125,469.8699951171875,378
2024-04-16,HLTW.MI,465.8399963378906,468.7799987792969,464.4100036621094,466.0199890136719,203
2024-04-17,HLTW.MI,465.1300048828125,465.8500061035156,462.8299865722656,462.8299865722656,700
2024-04-18,HLTW.MI,462.9200134277344,464.19000244140625,461.0,463.3399963378906,153
2024-04-19,HLTW.MI,462.1199951171875,463.25,460.30999755859375,462.7300109863281,205
2024-04-22,HLTW.MI,464.8999938964844,468.4700012207031,464.6099853515625,467.2799987792969,299
2024-04-23,HLTW.MI,468.510009765625,472.0400085449219,467.4100036621094,471.0,783
2024-04-24,HLTW.MI,471.3699951171875,472.3500061035156,469.0899963378906,469.44000244140625,379
2024-04-25,HLTW.MI,471.9700012207031,471.9700012207031,466.2900085449219,466.2900085449219,77
2024-04-26,HLTW.MI,467.1199951171875,469.7200012207031,465.6600036621094,469.07000732421875,202
2024-04-29,HLTW.MI,469.010009765625,472.4800109863281,468.7200012207031,470.05999755859375,330
2024-04-30,HLTW.MI,470.6499938964844,473.4100036621094,468.8599853515625,471.25,387
2024-05-02,HLTW.MI,473.30999755859375,473.5,469.4599914550781,469.4599914550781,441
2024-05-03,HLTW.MI,468.82000732421875,469.1000061035156,467.0299987792969,468.30999755859375,1315
2024-05-06,HLTW.MI,469.8900146484375,470.3900146484375,468.29998779296875,468.6700134277344,1371
2024-05-07,HLTW.MI,472.3500061035156,474.1499938964844,468.6099853515625,473.739990234375,683
2024-05-08,HLTW.MI,476.1300048828125,476.489990234375,474.1499938964844,474.2300109863281,249
2024-05-09,HLTW.MI,474.0400085449219,475.6400146484375,473.010009765625,475.1099853515625,395
2024-05-10,HLTW.MI,477.0,479.0,476.7699890136719,478.0,376
2024-05-13,HLTW.MI,478.3699951171875,479.1499938964844,477.3299865722656,477.7099914550781,428
2024-05-14,HLTW.MI,479.5,479.5,476.6300048828125,476.6300048828125,152
2024-05-15,HLTW.MI,478.80999755859375,482.19000244140625,478.4599914550781,481.79998779296875,316
2024-05-16,HLTW.MI,484.69000244140625,484.69000244140625,482.0,483.010009765625,227
2024-05-17,HLTW.MI,482.1300048828125,482.8699951171875,480.8999938964844,481.19000244140625,146
2024-05-20,HLTW.MI,482.760009765625,483.2300109863281,481.20001220703125,482.67999267578125,890
2024-05-21,HLTW.MI,481.6400146484375,483.5899963378906,481.6099853515625,482.6499938964844,182
2024-05-22,HLTW.MI,481.54998779296875,484.0799865722656,481.54998779296875,484.0799865722656,238
2024-05-23,HLTW.MI,484.8399963378906,486.2900085449219,481.9599914550781,483.0400085449219,330
2024-05-24,HLTW.MI,481.30999755859375,481.6700134277344,479.0199890136719,479.5,259
2024-05-27,HLTW.MI,478.70001220703125,478.70001220703125,476.7200012207031,477.8999938964844,212
2024-05-28,HLTW.MI,476.6400146484375,476.94000244140625,471.7099914550781,471.7099914550781,652
2024-05-29,HLTW.MI,470.04998779296875,471.6199951171875,469.0,470.29998779296875,225
2024-05-30,HLTW.MI,470.42999267578125,471.0899963378906,469.4200134277344,470.7099914550781,178
2024-05-31,HLTW.MI,471.989990234375,474.29998779296875,469.9100036621094,473.8599853515625,128
2024-06-03,HLTW.MI,477.1400146484375,479.5,475.2900085449219,477.3999938964844,1007
2024-06-04,HLTW.MI,477.3999938964844,480.0,476.5199890136719,478.45001220703125,279
2024-06-05,HLTW.MI,481.17999267578125,483.20001220703125,480.3399963378906,483.20001220703125,587
2024-06-06,HLTW.MI,484.19000244140625,485.5299987792969,481.9100036621094,485.5299987792969,380
2024-06-07,HLTW.MI,485.2699890136719,490.0,483.8299865722656,489.7300109863281,679
2024-06-10,HLTW.MI,489.8999938964844,490.92999267578125,488.239990234375,489.3999938964844,1656
2024-06-11,HLTW.MI,492.0,492.8800048828125,489.2900085449219,489.2900085449219,306
2024-06-12,HLTW.MI,489.9700012207031,491.2900085449219,486.2200012207031,486.2200012207031,271
2024-06-13,HLTW.MI,487.8800048828125,489.67999267578125,483.4100036621094,486.5400085449219,265
2024-06-14,HLTW.MI,488.8999938964844,490.1400146484375,487.7099914550781,489.989990234375,611
2024-06-17,HLTW.MI,489.989990234375,489.989990234375,487.0199890136719,487.30999755859375,737
2024-06-18,HLTW.MI,487.0199890136719,489.0,485.9200134277344,488.510009765625,307
2024-06-19,HLTW.MI,487.2300109863281,487.69000244140625,486.1099853515625,486.70001220703125,100
2024-06-20,HLTW.MI,487.739990234375,490.1300048828125,486.70001220703125,490.1300048828125,282
2024-06-21,HLTW.MI,492.29998779296875,493.489990234375,491.19000244140625,491.79998779296875,640
2024-06-24,HLTW.MI,492.2900085449219,495.5899963378906,491.82000732421875,495.5899963378906,529
2024-06-25,HLTW.MI,495.7900085449219,497.489990234375,494.20001220703125,496.3500061035156,273
2024-06-26,HLTW.MI,496.510009765625,497.07000732421875,494.5899963378906,494.5899963378906,229
2024-06-27,HLTW.MI,494.3900146484375,494.5899963378906,491.510009765625,492.010009765625,169
2024-06-28,HLTW.MI,493.010009765625,495.3699951171875,493.0,493.9200134277344,291
2024-07-01,HLTW.MI,490.0,493.0,488.8599853515625,490.7300109863281,296
2024-07-02,HLTW.MI,487.3999938964844,488.6000061035156,484.2699890136719,485.4700012207031,728
2024-07-03,HLTW.MI,485.6600036621094,486.54998779296875,478.6000061035156,480.19000244140625,946
2024-07-04,HLTW.MI,480.8599853515625,482.8699951171875,480.55999755859375,481.57000732421875,171
2024-07-05,HLTW.MI,482.04998779296875,482.04998779296875,479.79998779296875,481.9200134277344,213
2024-07-08,HLTW.MI,483.0,484.2300109863281,483.0,483.1499938964844,410
2024-07-09,HLTW.MI,483.1199951171875,484.95001220703125,482.0,483.04998779296875,394
2024-07-10,HLTW.MI,485.67999267578125,487.0299987792969,484.6099853515625,487.0299987792969,145
2024-07-11,HLTW.MI,489.989990234375,491.19000244140625,488.2900085449219,491.19000244140625,526
2024-07-12,HLTW.MI,493.1000061035156,495.0199890136719,491.5199890136719,494.1099853515625,297
2024-07-15,HLTW.MI,495.2900085449219,496.8999938964844,491.8699951171875,491.8699951171875,153
2024-07-16,HLTW.MI,491.0,496.0,490.0199890136719,495.1099853515625,792
2024-07-17,HLTW.MI,494.8900146484375,497.0,491.010009765625,495.69000244140625,587
2024-07-18,HLTW.MI,496.1700134277344,497.2900085449219,491.1600036621094,491.1600036621094,525
2024-07-19,HLTW.MI,487.510009765625,491.0,487.510009765625,488.7200012207031,133
2024-07-22,HLTW.MI,491.20001220703125,493.19000244140625,490.6000061035156,492.4200134277344,257
2024-07-23,HLTW.MI,493.5899963378906,497.57000732421875,493.5799865722656,495.3399963378906,185
2024-07-24,HLTW.MI,494.7900085449219,495.45001220703125,493.0,495.0400085449219,196
2024-07-25,HLTW.MI,498.0199890136719,500.9599914550781,495.04998779296875,499.5199890136719,1209
2024-07-26,HLTW.MI,496.54998779296875,500.20001220703125,496.25,499.8299865722656,614
2024-07-29,HLTW.MI,499.8800048828125,502.2900085449219,499.4100036621094,500.8599853515625,344
2024-07-30,HLTW.MI,502.8900146484375,504.45001220703125,500.5,500.70001220703125,212
2024-07-31,HLTW.MI,503.7799987792969,505.2900085449219,501.0,504.2099914550781,310
2024-08-01,HLTW.MI,503.17999267578125,506.54998779296875,502.1199951171875,505.2900085449219,446
2024-08-02,HLTW.MI,504.44000244140625,505.0799865722656,493.6000061035156,493.6000061035156,629
2024-08-05,HLTW.MI,493.7099914550781,493.7099914550781,481.2300109863281,486.6400146484375,2455
2024-08-06,HLTW.MI,489.1700134277344,492.04998779296875,487.2099914550781,490.20001220703125,487
2024-08-07,HLTW.MI,489.7200012207031,493.2699890136719,489.0,489.8900146484375,2827
2024-08-08,HLTW.MI,483.7900085449219,494.70001220703125,483.010009765625,494.2200012207031,819
2024-08-09,HLTW.MI,495.1400146484375,499.8900146484375,493.0799865722656,498.3999938964844,276
2024-08-12,HLTW.MI,497.260009765625,498.9700012207031,495.7200012207031,496.5899963378906,199
2024-08-13,HLTW.MI,496.42999267578125,500.0899963378906,496.42999267578125,500.0,480
2024-08-14,HLTW.MI,500.0,500.3900146484375,497.9200134277344,500.3599853515625,168
2024-08-16,HLTW.MI,505.9100036621094,507.8900146484375,504.29998779296875,505.1000061035156,2907
2024-08-19,HLTW.MI,504.1199951171875,506.2699890136719,503.79998779296875,506.2699890136719,997
2024-08-20,HLTW.MI,505.69000244140625,508.5799865722656,505.3500061035156,506.32000732421875,238
2024-08-21,HLTW.MI,506.8999938964844,507.7799987792969,505.0,505.239990234375,351
2024-08-22,HLTW.MI,506.3699951171875,509.4700012207031,506.010009765625,507.4100036621094,179
2024-08-23,HLTW.MI,507.739990234375,510.989990234375,507.0,507.1600036621094,281
2024-08-26,HLTW.MI,507.92999267578125,510.0899963378906,506.6199951171875,507.80999755859375,250
2024-08-27,HLTW.MI,508.6000061035156,509.8699951171875,505.5899963378906,507.1099853515625,418
2024-08-28,HLTW.MI,509.1199951171875,513.0,509.1199951171875,511.6199951171875,233
2024-08-29,HLTW.MI,511.6499938964844,516.97998046875,511.6499938964844,515.9500122070312,360
2024-08-30,HLTW.MI,515.6699829101562,517.280029296875,515.22998046875,515.22998046875,273
2024-09-02,HLTW.MI,517.6900024414062,518.5,515.8200073242188,518.5,446
2024-09-03,HLTW.MI,517.72998046875,519.510009765625,516.6300048828125,518.260009765625,680
2024-09-04,HLTW.MI,514.6900024414062,516.0499877929688,512.3099975585938,513.5900268554688,1002
2024-09-05,HLTW.MI,512.9000244140625,512.9500122070312,504.67999267578125,504.67999267578125,426
2024-09-06,HLTW.MI,504.489990234375,508.7900085449219,502.8999938964844,503.3999938964844,440
2024-09-09,HLTW.MI,506.7200012207031,509.3900146484375,506.4100036621094,509.1000061035156,137
2024-09-10,HLTW.MI,508.19000244140625,509.6199951171875,507.7900085449219,509.6199951171875,213
2024-09-11,HLTW.MI,508.8900146484375,509.989990234375,505.0,506.9700012207031,402
2024-09-12,HLTW.MI,510.0,512.4400024414062,507.5,507.5,262
2024-09-13,HLTW.MI,509.5899963378906,510.3699951171875,507.4200134277344,510.29998779296875,265
2024-09-16,HLTW.MI,509.3399963378906,511.0199890136719,508.4100036621094,509.92999267578125,1866
2024-09-17,HLTW.MI,510.1000061035156,511.5799865722656,508.05999755859375,508.5199890136719,291
2024-09-18,HLTW.MI,506.3399963378906,506.3900146484375,502.42999267578125,505.1700134277344,1035
2024-09-19,HLTW.MI,506.3900146484375,508.8800048828125,505.67999267578125,505.67999267578125,431
2024-09-20,HLTW.MI,505.19000244140625,505.8999938964844,501.0,501.9200134277344,415
2024-09-23,HLTW.MI,501.760009765625,504.7799987792969,501.5199890136719,501.7200012207031,369
2024-09-24,HLTW.MI,501.3999938964844,503.6300048828125,498.5299987792969,499.7799987792969,574
2024-09-25,HLTW.MI,497.3999938964844,500.4800109863281,495.9200134277344,497.5,1090
2024-09-26,HLTW.MI,498.75,500.2799987792969,496.6000061035156,496.6000061035156,478
2024-09-27,HLTW.MI,499.25,499.54998779296875,495.2799987792969,499.54998779296875,607
2024-09-30,HLTW.MI,497.3999938964844,498.239990234375,494.92999267578125,496.8999938964844,441
2024-10-01,HLTW.MI,499.8900146484375,502.8900146484375,499.6700134277344,500.70001220703125,1289
2024-10-02,HLTW.MI,500.8800048828125,501.4200134277344,497.0,500.8399963378906,632
2024-10-03,HLTW.MI,499.6700134277344,500.9100036621094,497.6199951171875,497.6199951171875,584
2024-10-04,HLTW.MI,496.3599853515625,501.4800109863281,494.7200012207031,497.17999267578125,316
2024-10-07,HLTW.MI,498.239990234375,499.8800048828125,496.30999755859375,498.6700134277344,842
2024-10-08,HLTW.MI,496.69000244140625,499.5799865722656,495.32000732421875,498.3699951171875,643
2024-10-09,HLTW.MI,500.6099853515625,502.79998779296875,498.07000732421875,502.79998779296875,406
2024-10-10,HLTW.MI,505.70001220703125,506.57000732421875,503.9200134277344,504.8900146484375,320
2024-10-11,HLTW.MI,503.7900085449219,507.4100036621094,502.4200134277344,506.7699890136719,664
2024-10-14,HLTW.MI,508.239990234375,509.9800109863281,506.82000732421875,509.239990234375,614
2024-10-15,HLTW.MI,512.2999877929688,513.9600219726562,507.0,508.4100036621094,345
2024-10-16,HLTW.MI,506.8599853515625,508.8800048828125,504.9100036621094,507.6400146484375,414
2024-10-17,HLTW.MI,509.3900146484375,511.3900146484375,507.80999755859375,508.94000244140625,388
2024-10-18,HLTW.MI,508.1499938964844,509.9800109863281,506.9700012207031,507.6099853515625,358
2024-10-21,HLTW.MI,510.0799865722656,510.0899963378906,505.8900146484375,505.8900146484375,384
2024-10-22,HLTW.MI,505.239990234375,505.239990234375,501.8500061035156,504.07000732421875,654
2024-10-23,HLTW.MI,505.2699890136719,506.510009765625,501.260009765625,501.260009765625,230
2024-10-24,HLTW.MI,505.0,505.0,501.92999267578125,501.92999267578125,288
2024-10-25,HLTW.MI,499.1000061035156,500.55999755859375,498.44000244140625,498.6199951171875,2580
2024-10-28,HLTW.MI,498.9800109863281,500.260009765625,496.0299987792969,497.5299987792969,547
2024-10-29,HLTW.MI,499.2799987792969,499.4200134277344,496.5199890136719,496.5199890136719,300
2024-10-30,HLTW.MI,495.5299987792969,495.5299987792969,487.5,490.7900085449219,491
2024-10-31,HLTW.MI,491.17999267578125,491.17999267578125,487.19000244140625,489.30999755859375,845
2024-11-01,HLTW.MI,488.489990234375,492.6600036621094,488.489990234375,492.6600036621094,720
2024-11-04,HLTW.MI,490.6700134277344,490.94000244140625,487.17999267578125,487.17999267578125,286
2024-11-05,HLTW.MI,488.07000732421875,488.07000732421875,483.8500061035156,484.8900146484375,163
2024-11-06,HLTW.MI,499.8299865722656,505.42999267578125,492.7799987792969,493.260009765625,856
2024-11-07,HLTW.MI,490.80999755859375,494.0799865722656,490.260009765625,491.239990234375,732
2024-11-08,HLTW.MI,494.5899963378906,498.57000732421875,493.04998779296875,498.57000732421875,891
2024-11-11,HLTW.MI,500.7300109863281,503.2900085449219,500.7300109863281,502.79998779296875,778
2024-11-12,HLTW.MI,500.3399963378906,500.6000061035156,496.2799987792969,496.2799987792969,309
2024-11-13,HLTW.MI,494.2099914550781,495.82000732421875,491.3900146484375,495.82000732421875,639
2024-11-14,HLTW.MI,494.0400085449219,496.75,490.29998779296875,492.57000732421875,469
2024-11-15,HLTW.MI,486.3500061035156,486.3500061035156,477.95001220703125,479.92999267578125,1128
2024-11-18,HLTW.MI,477.45001220703125,478.010009765625,475.3800048828125,477.55999755859375,3941
2024-11-19,HLTW.MI,477.55999755859375,478.1499938964844,472.2699890136719,476.239990234375,546
2024-11-20,HLTW.MI,476.8500061035156,481.239990234375,476.8500061035156,480.0400085449219,472
2024-11-21,HLTW.MI,483.44000244140625,485.1499938964844,479.67999267578125,485.1499938964844,466
2024-11-22,HLTW.MI,488.07000732421875,494.0799865722656,488.07000732421875,492.7799987792969,291
2024-11-25,HLTW.MI,491.5299987792969,493.1499938964844,490.0,491.8900146484375,305
2024-11-26,HLTW.MI,492.1199951171875,493.79998779296875,491.3699951171875,493.79998779296875,213
2024-11-27,HLTW.MI,494.6099853515625,495.0299987792969,491.3900146484375,495.0299987792969,371
2024-11-28,HLTW.MI,495.8800048828125,496.6300048828125,494.04998779296875,495.19000244140625,2096
2024-11-29,HLTW.MI,493.5899963378906,497.0299987792969,492.0899963378906,497.0299987792969,1129
2024-12-02,HLTW.MI,499.0,499.010009765625,497.3699951171875,499.010009765625,451
2024-12-03,HLTW.MI,498.5400085449219,499.9599914550781,498.0299987792969,499.95001220703125,301
2024-12-04,HLTW.MI,496.94000244140625,499.9599914550781,495.6700134277344,498.3399963378906,1372
2024-12-05,HLTW.MI,495.6199951171875,496.95001220703125,491.6300048828125,492.0199890136719,338
2024-12-06,HLTW.MI,489.9700012207031,492.5799865722656,489.5199890136719,490.3699951171875,720
2024-12-09,HLTW.MI,490.79998779296875,491.44000244140625,488.3800048828125,490.1099853515625,374
2024-12-10,HLTW.MI,492.45001220703125,493.29998779296875,489.67999267578125,491.0400085449219,421
2024-12-11,HLTW.MI,489.44000244140625,490.20001220703125,486.5,486.9599914550781,816
2024-12-12,HLTW.MI,485.4700012207031,487.1300048828125,484.4100036621094,485.75,385
2024-12-13,HLTW.MI,483.95001220703125,483.95001220703125,478.6400146484375,480.9200134277344,1004
2024-12-16,HLTW.MI,481.2200012207031,483.0,479.2200012207031,481.0,417
2024-12-17,HLTW.MI,475.2699890136719,479.6099853515625,475.2699890136719,477.3800048828125,931
2024-12-18,HLTW.MI,478.8599853515625,479.760009765625,477.6400146484375,479.7099914550781,782
2024-12-19,HLTW.MI,476.25,477.239990234375,471.0899963378906,471.92999267578125,1037
2024-12-20,HLTW.MI,472.1499938964844,472.44000244140625,466.2699890136719,472.44000244140625,571
2024-12-23,HLTW.MI,473.04998779296875,474.70001220703125,470.8699951171875,472.1199951171875,1541
2024-12-27,HLTW.MI,476.1499938964844,477.3399963378906,475.07000732421875,476.3399963378906,356
2024-12-30,HLTW.MI,474.6400146484375,475.5400085449219,470.9599914550781,473.4200134277344,2190
2025-01-02,HLTW.MI,476.489990234375,481.2300109863281,476.489990234375,481.1499938964844,375
2025-01-03,HLTW.MI,480.20001220703125,481.0,477.5,480.55999755859375,198
2025-01-06,HLTW.MI,480.42999267578125,480.42999267578125,477.1099853515625,479.4200134277344,152
2025-01-07,HLTW.MI,475.80999755859375,483.5899963378906,474.9700012207031,481.25,458
2025-01-08,HLTW.MI,483.8699951171875,485.5299987792969,481.8900146484375,485.29998779296875,471
2025-01-09,HLTW.MI,485.8500061035156,487.3299865722656,485.8500061035156,487.3299865722656,209
2025-01-10,HLTW.MI,487.8999938964844,488.5,485.8999938964844,488.2099914550781,276
2025-01-13,HLTW.MI,487.3500061035156,490.5,484.29998779296875,489.3599853515625,431
2025-01-14,HLTW.MI,489.79998779296875,491.6400146484375,481.1099853515625,482.1199951171875,544
2025-01-15,HLTW.MI,482.4200134277344,485.7200012207031,481.3399963378906,484.5799865722656,294
2025-01-16,HLTW.MI,485.70001220703125,486.55999755859375,483.5199890136719,486.5400085449219,232
2025-01-17,HLTW.MI,488.3500061035156,489.82000732421875,485.6099853515625,486.2799987792969,455
2025-01-20,HLTW.MI,484.9100036621094,485.3999938964844,480.510009765625,480.510009765625,454
2025-01-21,HLTW.MI,482.7200012207031,488.30999755859375,482.7200012207031,485.3800048828125,299
2025-01-22,HLTW.MI,488.0799865722656,489.1300048828125,486.5,487.7900085449219,340
2025-01-23,HLTW.MI,487.7300109863281,490.3900146484375,486.7799987792969,490.1600036621094,328
2025-01-24,HLTW.MI,490.1700134277344,491.07000732421875,487.94000244140625,490.32000732421875,331
2025-01-27,HLTW.MI,489.79998779296875,498.8599853515625,489.79998779296875,497.9599914550781,1188
2025-01-28,HLTW.MI,500.8599853515625,504.20001220703125,500.5,500.8699951171875,927
2025-01-29,HLTW.MI,501.989990234375,501.989990234375,499.739990234375,500.260009765625,854
2025-01-30,HLTW.MI,499.04998779296875,502.80999755859375,499.04998779296875,502.30999755859375,628
2025-01-31,HLTW.MI,506.5899963378906,508.69000244140625,504.6199951171875,507.8800048828125,1422
2025-02-03,HLTW.MI,505.8299865722656,508.8299865722656,503.92999267578125,508.8299865722656,623
2025-02-04,HLTW.MI,507.29998779296875,508.05999755859375,500.92999267578125,502.44000244140625,655
2025-02-05,HLTW.MI,504.1000061035156,506.20001220703125,502.94000244140625,505.5400085449219,550
2025-02-06,HLTW.MI,508.9800109863281,512.4099731445312,508.760009765625,509.67999267578125,652
2025-02-07,HLTW.MI,505.1199951171875,510.1700134277344,505.0,505.70001220703125,417
2025-02-10,HLTW.MI,506.42999267578125,507.6700134277344,503.70001220703125,504.6199951171875,660
2025-02-11,HLTW.MI,505.04998779296875,505.04998779296875,501.3599853515625,502.3800048828125,410
2025-02-12,HLTW.MI,501.0899963378906,502.0,499.25,499.25,421
2025-02-13,HLTW.MI,499.07000732421875,501.1300048828125,498.5299987792969,500.010009765625,261
2025-02-14,HLTW.MI,499.010009765625,499.010009765625,495.4800109863281,495.4800109863281,647
2025-02-17,HLTW.MI,494.25,495.54998779296875,492.0,495.54998779296875,532
2025-02-18,HLTW.MI,495.30999755859375,496.57000732421875,494.05999755859375,494.6199951171875,537
2025-02-19,HLTW.MI,494.8699951171875,499.57000732421875,494.19000244140625,499.2099914550781,738
2025-02-20,HLTW.MI,499.0899963378906,500.5,497.29998779296875,500.0899963378906,609
2025-02-21,HLTW.MI,499.2699890136719,502.07000732421875,496.1199951171875,502.0,408
2025-02-24,HLTW.MI,501.8900146484375,503.9100036621094,499.4800109863281,503.9100036621094,265
2025-02-25,HLTW.MI,506.2200012207031,506.5,504.3599853515625,504.3599853515625,763
2025-02-26,HLTW.MI,506.0299987792969,507.8299865722656,504.3599853515625,505.17999267578125,293
2025-02-27,HLTW.MI,504.9599914550781,508.6700134277344,504.010009765625,508.6700134277344,696
2025-02-28,HLTW.MI,506.3500061035156,506.3500061035156,503.5400085449219,504.6400146484375,528
2025-03-03,HLTW.MI,510.70001220703125,511.5400085449219,508.5,508.6600036621094,380
2025-03-04,HLTW.MI,507.9800109863281,507.9800109863281,503.5,503.5,1016
2025-03-05,HLTW.MI,497.7300109863281,498.54998779296875,493.9700012207031,494.1499938964844,1025
2025-03-06,HLTW.MI,494.80999755859375,494.80999755859375,490.010009765625,493.6400146484375,1364
2025-03-07,HLTW.MI,490.92999267578125,492.0400085449219,489.3900146484375,491.2699890136719,696
2025-03-10,HLTW.MI,490.8299865722656,491.6600036621094,487.010009765625,490.07000732421875,552
2025-03-11,HLTW.MI,483.95001220703125,484.2699890136719,474.2099914550781,474.94000244140625,2589
2025-03-12,HLTW.MI,478.5799865722656,479.239990234375,470.79998779296875,475.05999755859375,481
2025-03-13,HLTW.MI,475.2300109863281,477.1499938964844,473.8399963378906,474.75,523
2025-03-14,HLTW.MI,474.94000244140625,476.1400146484375,472.19000244140625,475.6099853515625,769
2025-03-17,HLTW.MI,475.6099853515625,479.5899963378906,474.7200012207031,479.4700012207031,1065
2025-03-18,HLTW.MI,480.82000732421875,482.3599853515625,479.239990234375,479.55999755859375,549
2025-03-19,HLTW.MI,480.2300109863281,482.239990234375,480.2300109863281,481.8399963378906,465
2025-03-20,HLTW.MI,483.4100036621094,486.1199951171875,482.3399963378906,484.30999755859375,211
2025-03-21,HLTW.MI,484.25,484.25,481.1600036621094,483.2300109863281,164
2025-03-24,HLTW.MI,483.7099914550781,486.2699890136719,482.5400085449219,486.2699890136719,469
2025-03-25,HLTW.MI,487.44000244140625,488.010009765625,482.5899963378906,482.5899963378906,655
2025-03-26,HLTW.MI,481.07000732421875,481.1700134277344,478.8299865722656,479.17999267578125,358
2025-03-27,HLTW.MI,478.7699890136719,479.989990234375,478.20001220703125,478.9599914550781,617
2025-03-28,HLTW.MI,479.3800048828125,480.5799865722656,476.3800048828125,477.07000732421875,225
2025-03-31,HLTW.MI,475.0,477.30999755859375,472.0400085449219,476.9200134277344,769
2025-04-01,HLTW.MI,479.6600036621094,480.9100036621094,475.489990234375,477.7200012207031,480
2025-04-02,HLTW.MI,473.0199890136719,473.0199890136719,468.0,471.6700134277344,317
2025-04-03,HLTW.MI,463.9599914550781,465.1300048828125,457.7200012207031,463.1499938964844,1941
2025-04-04,HLTW.MI,459.260009765625,460.0,446.6300048828125,447.3699951171875,1275
2025-04-07,HLTW.MI,420.6300048828125,438.0299987792969,418.6400146484375,431.2799987792969,2030
2025-04-08,HLTW.MI,443.2799987792969,449.0199890136719,437.1400146484375,443.0899963378906,823
2025-04-09,HLTW.MI,426.1700134277344,426.1700134277344,410.55999755859375,417.1099853515625,1055
2025-04-10,HLTW.MI,448.9599914550781,448.9599914550781,423.6600036621094,423.6600036621094,1466
2025-04-11,HLTW.MI,424.55999755859375,424.6700134277344,417.7699890136719,420.760009765625,469
2025-04-14,HLTW.MI,428.9599914550781,434.29998779296875,428.9599914550781,433.5899963378906,346
2025-04-15,HLTW.MI,436.79998779296875,437.1099853515625,433.29998779296875,435.54998779296875,327
2025-04-16,HLTW.MI,432.0799865722656,434.3699951171875,430.0,434.3699951171875,395
2025-04-17,HLTW.MI,431.0799865722656,432.0400085449219,422.5,426.8999938964844,497
2025-04-22,HLTW.MI,419.8900146484375,422.6099853515625,417.5,422.45001220703125,1006
2025-04-23,HLTW.MI,430.7099914550781,438.7900085449219,429.739990234375,430.6199951171875,268
2025-04-24,HLTW.MI,429.6700134277344,433.6700134277344,428.260009765625,433.6700134277344,92
2025-04-25,HLTW.MI,435.0,436.3999938964844,432.8800048828125,432.8800048828125,137
2025-04-28,HLTW.MI,438.3699951171875,438.8999938964844,436.2200012207031,436.80999755859375,414
2025-04-29,HLTW.MI,438.9700012207031,441.9599914550781,437.239990234375,439.9599914550781,331
2025-04-30,HLTW.MI,442.80999755859375,445.0,441.0,444.94000244140625,519
2025-05-02,HLTW.MI,443.6199951171875,446.489990234375,442.0400085449219,443.3500061035156,154
2025-05-05,HLTW.MI,445.1000061035156,446.0299987792969,443.6300048828125,444.989990234375,708
2025-05-06,HLTW.MI,444.54998779296875,444.67999267578125,436.75,438.29998779296875,282
2025-05-07,HLTW.MI,433.0299987792969,434.6199951171875,431.510009765625,433.67999267578125,241
2025-05-08,HLTW.MI,435.0199890136719,435.0199890136719,430.0,432.9700012207031,748
2025-05-09,HLTW.MI,434.2699890136719,434.4200134277344,432.32000732421875,432.32000732421875,594
2025-05-12,HLTW.MI,430.3299865722656,440.3500061035156,426.2900085449219,440.3500061035156,847
2025-05-13,HLTW.MI,441.75,442.6000061035156,431.5299987792969,431.5799865722656,683
2025-05-14,HLTW.MI,430.2099914550781,430.2799987792969,422.1000061035156,422.80999755859375,1897
2025-05-15,HLTW.MI,418.8500061035156,422.3599853515625,417.5799865722656,422.3599853515625,333
2025-05-16,HLTW.MI,426.510009765625,430.9800109863281,426.510009765625,430.9800109863281,817
2025-05-19,HLTW.MI,431.010009765625,432.6499938964844,429.239990234375,432.6499938964844,549
2025-05-20,HLTW.MI,434.6700134277344,437.8999938964844,434.6700134277344,436.42999267578125,753
2025-05-21,HLTW.MI,434.2300109863281,434.2300109863281,430.67999267578125,431.6099853515625,1567
2025-05-22,HLTW.MI,427.75,428.25,424.4599914550781,425.1000061035156,533
2025-05-23,HLTW.MI,425.510009765625,426.20001220703125,421.5,424.1300048828125,427
2025-05-26,HLTW.MI,424.0,427.2900085449219,424.0,427.2900085449219,510
2025-05-27,HLTW.MI,426.9100036621094,429.0299987792969,426.9100036621094,428.8299865722656,847
2025-05-28,HLTW.MI,430.2300109863281,430.3900146484375,428.010009765625,428.69000244140625,633
2025-05-29,HLTW.MI,431.5899963378906,432.19000244140625,426.07000732421875,427.3299865722656,847
2025-05-30,HLTW.MI,429.1300048828125,431.32000732421875,428.19000244140625,429.9599914550781,590
2025-06-02,HLTW.MI,427.7099914550781,429.3599853515625,424.8900146484375,427.239990234375,413
2025-06-03,HLTW.MI,427.7799987792969,431.0,426.6300048828125,430.0199890136719,320
2025-06-04,HLTW.MI,430.94000244140625,433.04998779296875,430.010009765625,432.04998779296875,442
2025-06-05,HLTW.MI,430.7900085449219,432.9800109863281,427.3900146484375,431.3399963378906,1300
2025-06-06,HLTW.MI,431.0,435.9599914550781,431.0,435.19000244140625,222
2025-06-09,HLTW.MI,434.69000244140625,435.9100036621094,432.6300048828125,433.94000244140625,382
2025-06-10,HLTW.MI,435.92999267578125,437.7799987792969,434.0,437.7799987792969,2147
2025-06-11,HLTW.MI,439.4200134277344,439.4200134277344,437.1000061035156,437.2699890136719,535
2025-06-12,HLTW.MI,435.1600036621094,436.1099853515625,432.1099853515625,436.1099853515625,298
2025-06-13,HLTW.MI,435.5799865722656,437.3900146484375,433.5400085449219,436.7300109863281,437
2025-06-16,HLTW.MI,435.04998779296875,435.04998779296875,429.17999267578125,431.2799987792969,774
2025-06-17,HLTW.MI,430.7699890136719,430.7699890136719,426.9700012207031,428.5199890136719,242
2025-06-18,HLTW.MI,426.75,426.75,424.0,426.260009765625,77
2025-06-19,HLTW.MI,424.82000732421875,426.1199951171875,424.0799865722656,425.19000244140625,423
2025-06-20,HLTW.MI,425.29998779296875,425.9200134277344,422.8399963378906,423.69000244140625,650
2025-06-23,HLTW.MI,423.42999267578125,426.1099853515625,421.1400146484375,421.1400146484375,484
2025-06-24,HLTW.MI,423.5899963378906,423.6199951171875,421.0,421.45001220703125,254
2025-06-25,HLTW.MI,425.5799865722656,425.5799865722656,422.2300109863281,422.3699951171875,442
2025-06-26,HLTW.MI,421.8699951171875,423.57000732421875,420.6199951171875,422.7900085449219,500
2025-06-27,HLTW.MI,423.2300109863281,423.3299865722656,421.1000061035156,422.489990234375,441
2025-06-30,HLTW.MI,421.3500061035156,422.0799865722656,420.239990234375,421.0299987792969,645
2025-07-01,HLTW.MI,421.739990234375,427.9200134277344,418.8699951171875,427.3800048828125,552
2025-07-02,HLTW.MI,426.5400085449219,426.5400085449219,423.5,424.1199951171875,307
2025-07-03,HLTW.MI,423.42999267578125,424.760009765625,422.0,422.2799987792969,287
2025-07-04,HLTW.MI,420.6499938964844,422.5,419.8500061035156,422.4700012207031,328
2025-07-07,HLTW.MI,423.54998779296875,424.1600036621094,421.010009765625,421.0299987792969,1052
2025-07-08,HLTW.MI,420.6000061035156,426.239990234375,419.8500061035156,424.760009765625,411
2025-07-09,HLTW.MI,423.4100036621094,424.3999938964844,422.70001220703125,423.42999267578125,438
2025-07-10,HLTW.MI,424.44000244140625,432.5199890136719,424.44000244140625,430.54998779296875,368
2025-07-11,HLTW.MI,428.2200012207031,428.2200012207031,422.2900085449219,422.2900085449219,161
2025-07-14,HLTW.MI,423.4599914550781,424.67999267578125,422.70001220703125,424.0199890136719,936
2025-07-15,HLTW.MI,424.75,425.9200134277344,420.67999267578125,421.010009765625,261
2025-07-16,HLTW.MI,419.25,425.1000061035156,419.010009765625,419.55999755859375,545
2025-07-17,HLTW.MI,424.0,424.4200134277344,421.55999755859375,422.3500061035156,149
2025-07-18,HLTW.MI,420.8699951171875,420.8699951171875,417.8999938964844,418.3900146484375,272
2025-07-21,HLTW.MI,417.8900146484375,417.8900146484375,414.5199890136719,414.9599914550781,493
2025-07-22,HLTW.MI,414.4700012207031,418.0,412.4800109863281,416.9599914550781,485
2025-07-23,HLTW.MI,420.1000061035156,426.1600036621094,420.1000061035156,425.04998779296875,287
2025-07-24,HLTW.MI,427.44000244140625,428.4700012207031,426.8599853515625,426.8599853515625,523
2025-07-25,HLTW.MI,427.57000732421875,428.57000732421875,427.239990234375,427.239990234375,293
2025-07-28,HLTW.MI,430.80999755859375,431.989990234375,429.6400146484375,430.92999267578125,1820
2025-07-29,HLTW.MI,431.989990234375,432.3399963378906,426.0400085449219,428.3299865722656,937
2025-07-30,HLTW.MI,427.70001220703125,431.0899963378906,426.7900085449219,429.5400085449219,630
2025-07-31,HLTW.MI,428.3399963378906,429.6400146484375,425.9700012207031,425.9700012207031,764
2025-08-01,HLTW.MI,417.1099853515625,418.510009765625,413.5,415.1499938964844,1701
2025-08-04,HLTW.MI,416.19000244140625,420.510009765625,416.19000244140625,420.2699890136719,1341
2025-08-05,HLTW.MI,422.70001220703125,422.8599853515625,419.6600036621094,420.2200012207031,1057
2025-08-06,HLTW.MI,422.0199890136719,422.0199890136719,413.70001220703125,414.1600036621094,1395
2025-08-07,HLTW.MI,411.55999755859375,413.8900146484375,407.8399963378906,407.8399963378906,1864
2025-08-08,HLTW.MI,411.1499938964844,412.80999755859375,410.6199951171875,410.6199951171875,547
2025-08-11,HLTW.MI,413.75,416.29998779296875,413.75,415.44000244140625,208
2025-08-12,HLTW.MI,415.989990234375,415.989990234375,413.4599914550781,414.17999267578125,365
2025-08-13,HLTW.MI,415.1199951171875,419.20001220703125,415.1199951171875,418.7300109863281,284
2025-08-14,HLTW.MI,421.2799987792969,422.9700012207031,421.0299987792969,422.9700012207031,479
2025-08-18,HLTW.MI,430.0,432.79998779296875,427.9800109863281,432.7300109863281,368
2025-08-19,HLTW.MI,430.2699890136719,433.239990234375,429.0899963378906,432.5899963378906,401
2025-08-20,HLTW.MI,432.7699890136719,436.20001220703125,432.0299987792969,433.8800048828125,287
2025-08-21,HLTW.MI,435.7699890136719,438.6400146484375,433.7200012207031,438.6400146484375,1495
2025-08-22,HLTW.MI,436.45001220703125,439.29998779296875,435.0,435.2300109863281,314
2025-08-25,HLTW.MI,434.7699890136719,435.5,431.9800109863281,432.1000061035156,984
2025-08-26,HLTW.MI,431.7300109863281,433.0,431.20001220703125,431.7200012207031,303
2025-08-27,HLTW.MI,434.1600036621094,436.9700012207031,434.1600036621094,435.2200012207031,189
2025-08-28,HLTW.MI,434.989990234375,435.1099853515625,429.989990234375,430.6000061035156,190
2025-08-29,HLTW.MI,431.8399963378906,432.6199951171875,429.8299865722656,430.010009765625,142
2025-09-01,HLTW.MI,433.2799987792969,433.2799987792969,431.8800048828125,432.95001220703125,244
2025-09-02,HLTW.MI,432.3800048828125,434.3500061035156,431.3299865722656,432.1099853515625,327
2025-09-03,HLTW.MI,434.1600036621094,435.42999267578125,432.8999938964844,432.8999938964844,460
2025-09-04,HLTW.MI,434.29998779296875,435.5899963378906,432.8999938964844,435.5899963378906,474
2025-09-05,HLTW.MI,435.05999755859375,435.75,433.5199890136719,434.4599914550781,772
2025-09-08,HLTW.MI,434.3999938964844,434.69000244140625,430.4100036621094,432.8900146484375,322
2025-09-09,HLTW.MI,432.989990234375,435.82000732421875,432.70001220703125,435.82000732421875,1205
2025-09-10,HLTW.MI,436.67999267578125,437.1099853515625,432.0,432.5899963378906,793
2025-09-11,HLTW.MI,434.3800048828125,438.1000061035156,433.8599853515625,438.1000061035156,752
2025-09-12,HLTW.MI,437.8299865722656,438.7699890136719,435.5,435.5,290
2025-09-15,HLTW.MI,434.2900085449219,434.5400085449219,429.3399963378906,429.45001220703125,814
2025-09-16,HLTW.MI,428.8399963378906,431.75,426.0400085449219,426.7200012207031,606
2025-09-17,HLTW.MI,426.0,429.17999267578125,426.0,429.17999267578125,396
2025-09-18,HLTW.MI,428.8500061035156,431.42999267578125,428.42999267578125,430.1099853515625,579
2025-09-19,HLTW.MI,430.67999267578125,433.0899963378906,430.67999267578125,430.9599914550781,575
2025-09-22,HLTW.MI,431.739990234375,432.0899963378906,430.0,431.8800048828125,2251
2025-09-23,HLTW.MI,430.0,430.3699951171875,429.20001220703125,430.04998779296875,316
2025-09-24,HLTW.MI,429.6300048828125,430.7099914550781,428.8399963378906,429.6300048828125,334
2025-09-25,HLTW.MI,427.8999938964844,428.5899963378906,422.7900085449219,422.7900085449219,438
2025-09-26,HLTW.MI,423.3500061035156,426.489990234375,423.3500061035156,424.9599914550781,421
2025-09-29,HLTW.MI,427.45001220703125,427.45001220703125,423.7200012207031,426.04998779296875,1741
2025-09-30,HLTW.MI,426.2099914550781,431.3900146484375,425.04998779296875,430.1499938964844,499
2025-10-01,HLTW.MI,434.7099914550781,449.2900085449219,434.7099914550781,446.739990234375,2808
2025-10-02,HLTW.MI,452.30999755859375,452.3800048828125,449.1400146484375,450.4599914550781,2551
2025-10-03,HLTW.MI,451.6099853515625,457.70001220703125,451.5,455.489990234375,1592
2025-10-06,HLTW.MI,457.3699951171875,459.5,456.5799865722656,456.6099853515625,826
2025-10-07,HLTW.MI,455.6600036621094,456.739990234375,454.5400085449219,456.739990234375,577
2025-10-08,HLTW.MI,457.3800048828125,460.04998779296875,457.3800048828125,460.04998779296875,1564
2025-10-09,HLTW.MI,459.5799865722656,461.6000061035156,459.2300109863281,460.82000732421875,559
2025-10-10,HLTW.MI,460.04998779296875,460.5400085449219,453.30999755859375,453.30999755859375,311
2025-10-13,HLTW.MI,453.0,455.5199890136719,452.6199951171875,455.5199890136719,1329
2025-10-14,HLTW.MI,451.07000732421875,452.4100036621094,449.9100036621094,449.9100036621094,943
2025-10-15,HLTW.MI,452.5299987792969,453.25,449.8800048828125,451.9100036621094,970
2025-10-16,HLTW.MI,451.2900085449219,454.82000732421875,451.2900085449219,453.30999755859375,948
2025-10-17,HLTW.MI,446.79998779296875,452.8399963378906,445.5,452.1300048828125,539
2025-10-20,HLTW.MI,454.1400146484375,457.9800109863281,454.1400146484375,457.5299987792969,603
2025-10-21,HLTW.MI,459.010009765625,461.4100036621094,458.44000244140625,460.92999267578125,780
2025-10-22,HLTW.MI,462.0199890136719,463.8999938964844,462.0199890136719,463.0199890136719,1237
2025-10-23,HLTW.MI,462.1700134277344,462.1700134277344,459.8699951171875,460.69000244140625,709
2025-10-24,HLTW.MI,460.222412109375,460.222412109375,460.222412109375,460.222412109375,0
2025-10-27,HLTW.MI,461.95001220703125,462.6199951171875,458.70001220703125,460.0299987792969,521
2025-10-28,HLTW.MI,459.5899963378906,461.04998779296875,455.79998779296875,457.010009765625,634
2025-10-29,HLTW.MI,456.3299865722656,456.989990234375,453.95001220703125,454.8999938964844,920
2025-10-30,HLTW.MI,454.75,458.489990234375,453.8800048828125,457.4599914550781,1180
2025-10-31,HLTW.MI,455.010009765625,456.1700134277344,453.0,455.8399963378906,542
2025-11-03,HLTW.MI,456.75,458.44000244140625,454.3599853515625,454.75,498
2025-11-04,HLTW.MI,454.989990234375,461.05999755859375,453.4200134277344,460.3699951171875,459
2025-11-05,HLTW.MI,458.19000244140625,461.2799987792969,458.19000244140625,460.30999755859375,5516
2025-11-06,HLTW.MI,460.30999755859375,460.6000061035156,459.2099914550781,459.8900146484375,607
2025-11-07,HLTW.MI,461.2099914550781,461.2099914550781,455.67999267578125,458.0899963378906,442
2025-11-10,HLTW.MI,460.6000061035156,464.3599853515625,459.32000732421875,462.3999938964844,692
2025-11-11,HLTW.MI,465.6000061035156,470.9800109863281,464.80999755859375,470.44000244140625,1624
2025-11-12,HLTW.MI,475.010009765625,480.0,473.760009765625,479.6499938964844,3880
2025-11-13,HLTW.MI,480.0,481.5799865722656,476.8900146484375,480.4599914550781,3652
2025-11-14,HLTW.MI,477.4800109863281,477.5199890136719,473.9700012207031,477.20001220703125,531
2025-11-17,HLTW.MI,476.8999938964844,478.6199951171875,474.5299987792969,478.5199890136719,2098
2025-11-18,HLTW.MI,475.7099914550781,476.6099853515625,474.80999755859375,476.5,723
2025-11-19,HLTW.MI,477.7900085449219,479.6600036621094,477.3999938964844,477.5899963378906,952
2025-11-20,HLTW.MI,479.7300109863281,480.8599853515625,478.29998779296875,478.82000732421875,749
2025-11-21,HLTW.MI,476.94000244140625,484.6199951171875,476.8900146484375,484.6199951171875,1701
2025-11-24,HLTW.MI,485.9700012207031,487.6099853515625,482.42999267578125,487.2900085449219,1113
2025-11-25,HLTW.MI,486.95001220703125,492.7900085449219,485.6199951171875,492.7900085449219,751
2025-11-26,HLTW.MI,494.2099914550781,495.7799987792969,493.4599914550781,493.4599914550781,445
2025-11-27,HLTW.MI,493.3500061035156,493.6300048828125,492.0899963378906,492.3399963378906,7041
2025-11-28,HLTW.MI,495.19000244140625,495.19000244140625,490.7699890136719,490.95001220703125,371
2025-12-01,HLTW.MI,489.05999755859375,490.5899963378906,486.7799987792969,488.8699951171875,1300
2025-12-02,HLTW.MI,484.7200012207031,486.4700012207031,484.2200012207031,485.5,3089
2025-12-03,HLTW.MI,483.19000244140625,484.5799865722656,481.67999267578125,484.5799865722656,1111
2025-12-04,HLTW.MI,483.82000732421875,483.82000732421875,480.2300109863281,480.6499938964844,1292
2025-12-05,HLTW.MI,480.9599914550781,483.239990234375,480.4100036621094,481.04998779296875,318
2025-12-08,HLTW.MI,480.0,480.30999755859375,476.2699890136719,476.45001220703125,264
2025-12-09,HLTW.MI,476.67999267578125,476.67999267578125,472.4700012207031,473.4200134277344,435
2025-12-10,HLTW.MI,470.30999755859375,473.3500061035156,469.7699890136719,473.07000732421875,262
2025-12-11,HLTW.MI,473.3500061035156,477.0899963378906,473.0,477.0899963378906,1142
2025-12-12,HLTW.MI,477.29998779296875,477.8299865722656,475.6300048828125,475.6300048828125,568
2025-12-15,HLTW.MI,476.1700134277344,480.0,475.9100036621094,479.6700134277344,429
2025-12-16,HLTW.MI,481.0,481.9800109863281,474.05999755859375,474.8299865722656,574
2025-12-17,HLTW.MI,476.9700012207031,477.489990234375,476.1700134277344,476.29998779296875,562
2025-12-18,HLTW.MI,473.7900085449219,478.30999755859375,473.7900085449219,478.30999755859375,541
2025-12-19,HLTW.MI,477.20001220703125,481.0199890136719,475.510009765625,480.2699890136719,912
2025-12-22,HLTW.MI,480.1199951171875,480.20001220703125,477.7300109863281,479.45001220703125,276
2025-12-23,HLTW.MI,480.9200134277344,482.5299987792969,480.2699890136719,481.54998779296875,613
2025-12-29,HLTW.MI,484.80999755859375,484.80999755859375,482.2699890136719,484.0899963378906,1637
2025-12-30,HLTW.MI,484.0799865722656,484.0799865722656,482.3999938964844,482.94000244140625,137
2026-01-02,HLTW.MI,481.79998779296875,483.9100036621094,480.2900085449219,481.30999755859375,613
2026-01-05,HLTW.MI,485.1600036621094,485.1600036621094,477.6600036621094,478.69000244140625,765
2026-01-06,HLTW.MI,482.75,492.1700134277344,482.1199951171875,491.2900085449219,344
2026-01-07,HLTW.MI,494.94000244140625,500.0,493.8399963378906,498.07000732421875,873
2026-01-08,HLTW.MI,498.92999267578125,501.94000244140625,497.8699951171875,499.6400146484375,4938
2026-01-09,HLTW.MI,497.57000732421875,500.1600036621094,495.7699890136719,496.1400146484375,523
2026-01-12,HLTW.MI,493.8999938964844,495.0299987792969,491.8699951171875,492.2799987792969,862
2026-01-13,HLTW.MI,493.3399963378906,494.9200134277344,491.3699951171875,493.489990234375,337
2026-01-14,HLTW.MI,492.8500061035156,495.7300109863281,492.8500061035156,495.7300109863281,501
2026-01-15,HLTW.MI,497.0,497.5,491.6400146484375,493.07000732421875,1523
2026-01-16,HLTW.MI,495.8399963378906,495.8399963378906,492.69000244140625,494.5,602
2026-01-19,HLTW.MI,489.8699951171875,490.4700012207031,487.760009765625,488.80999755859375,485
2026-01-20,HLTW.MI,485.5799865722656,486.3500061035156,479.2799987792969,486.3500061035156,702
2026-01-21,HLTW.MI,486.3800048828125,490.1499938964844,483.6499938964844,489.25,672
2026-01-22,HLTW.MI,493.2300109863281,495.3999938964844,491.7300109863281,493.9800109863281,565
2026-01-23,HLTW.MI,494.0199890136719,495.0,491.1000061035156,491.3599853515625,779
2026-01-26,HLTW.MI,488.3599853515625,489.5199890136719,486.8299865722656,489.1000061035156,805
2026-01-27,HLTW.MI,488.3299865722656,488.3299865722656,482.1400146484375,484.3500061035156,2054
2026-01-28,HLTW.MI,479.0199890136719,479.1700134277344,475.05999755859375,477.760009765625,698
2026-01-29,HLTW.MI,476.4100036621094,477.94000244140625,475.239990234375,476.8599853515625,1164
2026-01-30,HLTW.MI,475.5799865722656,478.9800109863281,474.1600036621094,478.9800109863281,477
2026-02-02,HLTW.MI,481.0799865722656,486.4700012207031,480.2099914550781,485.70001220703125,2202
2026-02-03,HLTW.MI,486.57000732421875,489.7300109863281,484.9800109863281,485.4599914550781,833
2026-02-04,HLTW.MI,480.3299865722656,487.8599853515625,480.0,486.8500061035156,1581
2026-02-05,HLTW.MI,485.9800109863281,487.5199890136719,484.80999755859375,485.2300109863281,572
2026-02-06,HLTW.MI,482.9200134277344,488.29998779296875,482.9200134277344,488.29998779296875,672
2026-02-09,HLTW.MI,489.6300048828125,490.6199951171875,483.4700012207031,484.92999267578125,589
2026-02-10,HLTW.MI,484.7799987792969,486.7099914550781,484.44000244140625,485.6000061035156,1046
2026-02-11,HLTW.MI,483.7799987792969,485.9700012207031,482.0799865722656,485.25,743
2026-02-12,HLTW.MI,488.6099853515625,488.7699890136719,485.7799987792969,487.1000061035156,406
2026-02-13,HLTW.MI,486.8500061035156,493.0,486.2799987792969,492.8999938964844,433
2026-02-16,HLTW.MI,490.1700134277344,492.3999938964844,490.1700134277344,492.3999938964844,771
2026-02-17,HLTW.MI,492.8800048828125,495.0,491.7200012207031,494.2799987792969,696
2026-02-18,HLTW.MI,492.7699890136719,494.4800109863281,491.67999267578125,492.4800109863281,246
2026-02-19,HLTW.MI,494.8599853515625,495.55999755859375,492.739990234375,493.0199890136719,745
2026-02-20,HLTW.MI,495.5199890136719,495.5199890136719,490.2699890136719,491.6499938964844,563
2026-02-23,HLTW.MI,490.5299987792969,494.0899963378906,489.6600036621094,493.739990234375,1275
2026-02-24,HLTW.MI,493.739990234375,494.8699951171875,493.1499938964844,493.1499938964844,802
2026-02-25,HLTW.MI,493.0,496.0899963378906,491.5899963378906,493.0799865722656,1029
2026-02-26,HLTW.MI,491.4599914550781,493.17999267578125,488.80999755859375,489.0899963378906,493
2026-02-27,HLTW.MI,490.239990234375,494.8299865722656,489.8999938964844,494.8299865722656,258
2026-03-02,HLTW.MI,493.989990234375,497.4599914550781,493.3500061035156,494.7300109863281,2136
2026-03-03,HLTW.MI,493.5,493.5,488.1199951171875,488.9100036621094,891
2026-03-04,HLTW.MI,491.6400146484375,492.7900085449219,489.6700134277344,491.7099914550781,1194
2026-03-05,HLTW.MI,492.0,492.8900146484375,482.94000244140625,482.94000244140625,248
2026-03-06,HLTW.MI,483.8599853515625,483.8599853515625,476.5899963378906,477.6400146484375,4607
2026-03-09,HLTW.MI,473.0,480.30999755859375,472.79998779296875,480.30999755859375,2339
2026-03-10,HLTW.MI,483.4200134277344,485.0299987792969,480.510009765625,482.3699951171875,337
2026-03-11,HLTW.MI,480.6700134277344,480.80999755859375,478.54998779296875,479.4200134277344,951
2026-03-12,HLTW.MI,480.2900085449219,480.2900085449219,475.0,476.260009765625,347
2026-03-13,HLTW.MI,475.989990234375,479.739990234375,475.2099914550781,477.67999267578125,224
2026-03-16,HLTW.MI,477.2900085449219,478.82000732421875,475.2799987792969,477.55999755859375,350
2026-03-17,HLTW.MI,477.29998779296875,479.04998779296875,475.0400085449219,475.0400085449219,120
2026-03-18,HLTW.MI,475.25,475.3900146484375,467.79998779296875,468.7799987792969,788
2026-03-19,HLTW.MI,467.2699890136719,468.1099853515625,463.5400085449219,463.80999755859375,441
2026-03-20,HLTW.MI,463.2099914550781,463.3399963378906,459.19000244140625,459.19000244140625,694
2026-03-23,HLTW.MI,454.82000732421875,463.82000732421875,454.70001220703125,457.3299865722656,1710
2026-03-24,HLTW.MI,457.1000061035156,457.92999267578125,455.0,457.25,314
2026-03-25,HLTW.MI,461.57000732421875,464.1499938964844,460.04998779296875,464.1499938964844,336
2026-03-26,HLTW.MI,462.8800048828125,465.04998779296875,460.69000244140625,464.3599853515625,609
2026-03-27,HLTW.MI,464.3900146484375,464.6199951171875,459.6300048828125,460.489990234375,283
2026-03-30,HLTW.MI,460.5199890136719,464.5,458.8500061035156,464.5,394
2026-03-31,HLTW.MI,464.6199951171875,468.0199890136719,463.69000244140625,464.0799865722656,685
2026-04-01,HLTW.MI,471.8900146484375,472.1099853515625,469.1300048828125,471.7200012207031,690
2026-04-02,HLTW.MI,466.82000732421875,473.6099853515625,466.82000732421875,471.30999755859375,701
2026-04-07,HLTW.MI,471.30999755859375,471.57000732421875,463.17999267578125,465.5199890136719,423
2026-04-08,HLTW.MI,472.3900146484375,472.3900146484375,469.5,471.7900085449219,438
2026-04-09,HLTW.MI,473.4100036621094,473.4100036621094,469.0299987792969,469.8999938964844,200
2026-04-10,HLTW.MI,471.19000244140625,472.6700134277344,465.44000244140625,465.44000244140625,162
2026-04-13,HLTW.MI,464.30999755859375,468.6300048828125,463.5400085449219,463.8800048828125,979
2026-04-14,HLTW.MI,465.010009765625,470.0,464.6600036621094,469.7099914550781,1149
2026-04-15,HLTW.MI,469.4100036621094,470.6199951171875,465.2900085449219,465.8599853515625,444
2026-04-16,HLTW.MI,465.8699951171875,466.6700134277344,463.3299865722656,464.1300048828125,473
2026-04-17,HLTW.MI,463.7300109863281,469.2099914550781,462.8900146484375,469.2099914550781,2391
2026-04-20,HLTW.MI,468.2200012207031,468.260009765625,466.3500061035156,467.5799865722656,2729
2026-04-21,HLTW.MI,464.6000061035156,467.8299865722656,460.04998779296875,460.4599914550781,3173
2026-04-22,HLTW.MI,460.739990234375,463.0400085449219,459.5400085449219,461.55999755859375,395
2026-04-23,HLTW.MI,460.6199951171875,461.4800109863281,459.75,461.0199890136719,373
2026-04-24,HLTW.MI,459.8800048828125,459.8800048828125,453.010009765625,453.010009765625,200
2026-04-27,HLTW.MI,453.0799865722656,454.25,451.6199951171875,452.6199951171875,2772
2026-04-28,HLTW.MI,451.2900085449219,454.3599853515625,451.2900085449219,453.8900146484375,381
2026-04-29,HLTW.MI,452.9599914550781,452.9599914550781,447.2099914550781,448.6499938964844,948
2026-04-30,HLTW.MI,448.5,458.0,448.5,456.79998779296875,275
2026-05-04,HLTW.MI,457.010009765625,457.010009765625,454.0899963378906,455.2099914550781,439
2026-05-05,HLTW.MI,456.0299987792969,457.04998779296875,454.8399963378906,455.8800048828125,967
2026-05-06,HLTW.MI,457.69000244140625,459.0,456.6600036621094,457.6300048828125,1307
2026-05-07,HLTW.MI,457.5299987792969,457.6400146484375,452.6600036621094,453.0,631
2026-05-08,HLTW.MI,452.0899963378906,452.8800048828125,448.95001220703125,449.0899963378906,614
2026-05-11,HLTW.MI,448.3800048828125,452.7099914550781,448.3299865722656,449.19000244140625,620
2026-05-12,HLTW.MI,446.1199951171875,456.0899963378906,446.1199951171875,455.3999938964844,955
2026-05-13,HLTW.MI,456.70001220703125,458.9800109863281,455.19000244140625,457.5799865722656,461
2026-05-14,HLTW.MI,459.1099853515625,462.0400085449219,458.8699951171875,460.989990234375,1559
2026-05-15,HLTW.MI,462.79998779296875,462.8800048828125,458.2900085449219,458.2900085449219,706
2026-05-18,HLTW.MI,454.1199951171875,459.0199890136719,453.3800048828125,455.8399963378906,534
2026-05-19,HLTW.MI,458.8399963378906,466.9200134277344,458.5899963378906,465.3500061035156,539
2026-05-20,HLTW.MI,464.8999938964844,466.9200134277344,463.4800109863281,463.4800109863281,564
2026-05-21,HLTW.MI,464.6300048828125,467.6199951171875,463.0,467.19000244140625,1412
2026-05-22,HLTW.MI,468.70001220703125,473.8599853515625,467.7200012207031,471.1000061035156,501
2026-05-25,HLTW.MI,474.989990234375,474.989990234375,472.55999755859375,474.05999755859375,527
2026-05-26,HLTW.MI,472.7900085449219,472.8900146484375,468.05999755859375,468.7099914550781,630
2026-05-27,HLTW.MI,467.6400146484375,471.9599914550781,467.5,470.6099853515625,553
2026-05-28,HLTW.MI,469.8900146484375,472.7300109863281,467.8500061035156,471.4700012207031,572
2026-05-29,HLTW.MI,472.3500061035156,473.989990234375,468.1099853515625,468.1099853515625,317
2026-06-01,HLTW.MI,467.1300048828125,468.0,462.3800048828125,462.57000732421875,521
2026-06-02,HLTW.MI,462.57000732421875,462.57000732421875,456.25,458.3800048828125,207
2026-06-03,HLTW.MI,459.3999938964844,460.5799865722656,456.239990234375,460.5799865722656,570
2026-06-04,HLTW.MI,460.739990234375,474.1400146484375,460.739990234375,474.1300048828125,592
2026-06-05,HLTW.MI,475.5400085449219,482.8599853515625,474.8999938964844,481.2099914550781,3484
2026-06-08,HLTW.MI,481.32000732421875,482.0,479.0,480.30999755859375,1076
2026-06-09,HLTW.MI,478.1300048828125,480.7699890136719,476.2200012207031,479.79998779296875,1726
2026-06-10,HLTW.MI,481.55999755859375,482.239990234375,480.8500061035156,481.6199951171875,621
2026-06-11,HLTW.MI,479.239990234375,483.2799987792969,478.5899963378906,482.67999267578125,666
2026-06-12,HLTW.MI,481.6600036621094,486.3500061035156,480.19000244140625,481.0299987792969,1541
2026-06-15,HLTW.MI,480.17999267578125,481.25,473.9700012207031,478.0199890136719,666
2026-06-16,HLTW.MI,478.5199890136719,478.5199890136719,473.55999755859375,476.30999755859375,2004
2026-06-17,HLTW.MI,476.0,477.92999267578125,474.94000244140625,477.32000732421875,530
2026-06-18,HLTW.MI,475.6600036621094,476.8299865722656,469.8399963378906,471.0400085449219,794
2026-06-19,HLTW.MI,471.82000732421875,475.1099853515625,471.82000732421875,474.510009765625,1266
2026-06-22,HLTW.MI,472.8500061035156,475.7200012207031,472.3699951171875,475.7200012207031,1030
2026-06-23,HLTW.MI,478.45001220703125,484.30999755859375,478.45001220703125,483.0899963378906,202
2026-06-24,HLTW.MI,486.3399963378906,494.8399963378906,485.79998779296875,490.8399963378906,873
2026-06-25,HLTW.MI,489.5899963378906,500.6099853515625,488.7300109863281,499.1000061035156,416
2026-06-26,HLTW.MI,498.82000732421875,506.1300048828125,494.3999938964844,506.1300048828125,589
2026-06-29,HLTW.MI,506.80999755859375,508.45001220703125,505.8399963378906,506.55999755859375,1036
2026-06-30,HLTW.MI,508.3399963378906,510.0,501.0299987792969,505.510009765625,529
2026-07-01,HLTW.MI,504.2699890136719,509.75,503.0,504.8800048828125,491
2026-07-02,HLTW.MI,506.45001220703125,517.0499877929688,506.45001220703125,516.030029296875,443
2026-07-03,HLTW.MI,515.4099731445312,517.8599853515625,513.530029296875,514.8400268554688,676
2026-07-06,HLTW.MI,518.1900024414062,520.0,510.0,512.0900268554688,1070
2026-07-07,HLTW.MI,513.8499755859375,522.4299926757812,513.8499755859375,519.7100219726562,893
2026-07-08,HLTW.MI,518.9299926757812,518.9299926757812,515.0,515.9299926757812,1177
2026-07-09,HLTW.MI,511.70001220703125,513.1500244140625,510.0199890136719,511.3699951171875,811
2026-07-10,HLTW.MI,512.739990234375,514.1599731445312,508.0199890136719,508.1400146484375,601
2026-07-13,HLTW.MI,510.2699890136719,510.5899963378906,506.6000061035156,508.94000244140625,702
2026-07-14,HLTW.MI,507.45001220703125,507.45001220703125,497.739990234375,498.9100036621094,522
2026-07-15,HLTW.MI,497.2799987792969,501.42999267578125,496.010009765625,501.42999267578125,435
2026-07-16,HLTW.MI,497.94000244140625,509.6600036621094,497.94000244140625,508.3500061035156,881
2026-07-17,HLTW.MI,508.2200012207031,513.5599975585938,508.2200012207031,510.42999267578125,846
2026-07-20,HLTW.MI,506.1000061035156,508.57000732421875,505.45001220703125,505.45001220703125,564
2026-07-21,HLTW.MI,501.17999267578125,505.6300048828125,499.010009765625,504.1099853515625,666
2026-07-22,HLTW.MI,505.25,506.989990234375,504.6600036621094,504.8800048828125,940
2026-07-23,HLTW.MI,501.4100036621094,509.6499938964844,501.2099914550781,509.6499938964844,227
2026-07-24,HLTW.MI,509.79998779296875,514.260009765625,509.2200012207031,513.0599975585938,1875
2026-07-27,HLTW.MI,514.9299926757812,518.7999877929688,513.0900268554688,517.9400024414062,614
2026-07-28,HLTW.MI,517.7000122070312,529.47998046875,517.3900146484375,525.280029296875,963
