Date,Ticker,Open,High,Low,Close,Volume
2018-01-02,IWDA.AS,45.39500045776367,45.39500045776367,44.869998931884766,45.165000915527344,98762
2018-01-03,IWDA.AS,45.334999084472656,45.709999084472656,45.30500030517578,45.5099983215332,34668
2018-01-04,IWDA.AS,45.67499923706055,45.79999923706055,45.6150016784668,45.76499938964844,52315
2018-01-05,IWDA.AS,45.869998931884766,46.08000183105469,45.845001220703125,46.08000183105469,36390
2018-01-08,IWDA.AS,46.380001068115234,46.41999816894531,46.25,46.38999938964844,79016
2018-01-09,IWDA.AS,46.529998779296875,46.75,46.529998779296875,46.75,96812
2018-01-10,IWDA.AS,46.560001373291016,46.61000061035156,46.21500015258789,46.46500015258789,88070
2018-01-11,IWDA.AS,46.599998474121094,46.630001068115234,46.25,46.32500076293945,46680
2018-01-12,IWDA.AS,46.45000076293945,46.45000076293945,46.17499923706055,46.404998779296875,36146
2018-01-15,IWDA.AS,46.25,46.25,46.040000915527344,46.150001525878906,56017
2018-01-16,IWDA.AS,46.25,46.494998931884766,46.20000076293945,46.279998779296875,32616
2018-01-17,IWDA.AS,46.1349983215332,46.314998626708984,46.07500076293945,46.224998474121094,36519
2018-01-18,IWDA.AS,46.349998474121094,46.375,46.125,46.255001068115234,26239
2018-01-19,IWDA.AS,46.20000076293945,46.43000030517578,46.150001525878906,46.40999984741211,47372
2018-01-22,IWDA.AS,46.44499969482422,46.584999084472656,46.349998474121094,46.54999923706055,34050
2018-01-23,IWDA.AS,46.86000061035156,46.89500045776367,46.61000061035156,46.7599983215332,64870
2018-01-24,IWDA.AS,46.6349983215332,46.70000076293945,46.34000015258789,46.34000015258789,44776
2018-01-25,IWDA.AS,46.290000915527344,46.505001068115234,45.880001068115234,46.064998626708984,84110
2018-01-26,IWDA.AS,46.130001068115234,46.46500015258789,46.099998474121094,46.46500015258789,326224
2018-01-29,IWDA.AS,46.625,46.75,46.43000030517578,46.6349983215332,88109
2018-01-30,IWDA.AS,46.3650016784668,46.41999816894531,45.775001525878906,46.05500030517578,55405
2018-01-31,IWDA.AS,45.959999084472656,46.025001525878906,45.78499984741211,45.875,51063
2018-02-01,IWDA.AS,46.099998474121094,46.099998474121094,45.59000015258789,45.720001220703125,76544
2018-02-02,IWDA.AS,45.47999954223633,45.494998931884766,45.255001068115234,45.255001068115234,67415
2018-02-05,IWDA.AS,44.59000015258789,44.77000045776367,44.369998931884766,44.6349983215332,138722
2018-02-06,IWDA.AS,42.744998931884766,43.90999984741211,42.54999923706055,43.095001220703125,618771
2018-02-07,IWDA.AS,43.630001068115234,44.599998474121094,43.48500061035156,44.5099983215332,404072
2018-02-08,IWDA.AS,44.11000061035156,44.20000076293945,43.599998474121094,43.6349983215332,151354
2018-02-09,IWDA.AS,43.150001525878906,43.26499938964844,42.56999969482422,42.849998474121094,255663
2018-02-12,IWDA.AS,43.38999938964844,43.724998474121094,43.334999084472656,43.5,121910
2018-02-13,IWDA.AS,43.45500183105469,43.45500183105469,43.165000915527344,43.19499969482422,64450
2018-02-14,IWDA.AS,43.58000183105469,43.685001373291016,43.189998626708984,43.5099983215332,62039
2018-02-15,IWDA.AS,43.85499954223633,44.060001373291016,43.64500045776367,43.76499938964844,42741
2018-02-16,IWDA.AS,44.209999084472656,44.48500061035156,44.165000915527344,44.48500061035156,129154
2018-02-19,IWDA.AS,44.584999084472656,44.65999984741211,44.29999923706055,44.3650016784668,55380
2018-02-20,IWDA.AS,44.45000076293945,44.65999984741211,44.290000915527344,44.630001068115234,62883
2018-02-21,IWDA.AS,44.45500183105469,44.755001068115234,44.28499984741211,44.7400016784668,70548
2018-02-22,IWDA.AS,44.255001068115234,44.619998931884766,44.20000076293945,44.58000183105469,106428
2018-02-23,IWDA.AS,44.650001525878906,44.689998626708984,44.46500015258789,44.68000030517578,45983
2018-02-26,IWDA.AS,45.025001525878906,45.220001220703125,45.0,45.154998779296875,136100
2018-02-27,IWDA.AS,45.29999923706055,45.540000915527344,45.16999816894531,45.375,237837
2018-02-28,IWDA.AS,45.17499923706055,45.380001068115234,45.01499938964844,45.01499938964844,118175
2018-03-01,IWDA.AS,44.77000045776367,44.79999923706055,44.43000030517578,44.51499938964844,34102
2018-03-02,IWDA.AS,43.88999938964844,44.005001068115234,43.25,43.41999816894531,91883
2018-03-05,IWDA.AS,43.56999969482422,43.9900016784668,43.54499816894531,43.959999084472656,158122
2018-03-06,IWDA.AS,44.29999923706055,44.32500076293945,43.939998626708984,43.95500183105469,71694
2018-03-07,IWDA.AS,43.7400016784668,44.07500076293945,43.560001373291016,44.0099983215332,47353
2018-03-08,IWDA.AS,44.060001373291016,44.525001525878906,44.040000915527344,44.46500015258789,66209
2018-03-09,IWDA.AS,44.58000183105469,44.939998626708984,44.54499816894531,44.939998626708984,75122
2018-03-12,IWDA.AS,45.2599983215332,45.36000061035156,45.05500030517578,45.19499969482422,135893
2018-03-13,IWDA.AS,45.189998626708984,45.25,44.650001525878906,44.755001068115234,84887
2018-03-14,IWDA.AS,44.744998931884766,44.93000030517578,44.47999954223633,44.57500076293945,74805
2018-03-15,IWDA.AS,44.654998779296875,44.8650016784668,44.584999084472656,44.80500030517578,56998
2018-03-16,IWDA.AS,44.7400016784668,45.040000915527344,44.68000030517578,44.88999938964844,85507
2018-03-19,IWDA.AS,44.80500030517578,44.86000061035156,44.099998474121094,44.154998779296875,100336
2018-03-20,IWDA.AS,44.20000076293945,44.494998931884766,44.1150016784668,44.47999954223633,36015
2018-03-21,IWDA.AS,44.474998474121094,44.60499954223633,44.290000915527344,44.60499954223633,51378
2018-03-22,IWDA.AS,43.95000076293945,44.099998474121094,43.53499984741211,43.790000915527344,135677
2018-03-23,IWDA.AS,43.30500030517578,43.38999938964844,42.900001525878906,43.029998779296875,100079
2018-03-26,IWDA.AS,42.93000030517578,43.0,42.369998931884766,42.505001068115234,98608
2018-03-27,IWDA.AS,43.29499816894531,43.52000045776367,43.20000076293945,43.31999969482422,88381
2018-03-28,IWDA.AS,42.779998779296875,43.09000015258789,42.54499816894531,42.89500045776367,57721
2018-03-29,IWDA.AS,43.119998931884766,43.560001373291016,43.0,43.41999816894531,81138
2018-04-03,IWDA.AS,42.8650016784668,43.14500045776367,42.724998474121094,43.04499816894531,105095
2018-04-04,IWDA.AS,43.119998931884766,43.119998931884766,42.47999954223633,43.0,100990
2018-04-05,IWDA.AS,43.85499954223633,44.22999954223633,43.72999954223633,44.22999954223633,36502
2018-04-06,IWDA.AS,43.82500076293945,43.915000915527344,43.5,43.619998931884766,58642
2018-04-09,IWDA.AS,43.60499954223633,43.654998779296875,43.30500030517578,43.64500045776367,65827
2018-04-10,IWDA.AS,43.8650016784668,43.88999938964844,43.54999923706055,43.88999938964844,98018
2018-04-11,IWDA.AS,43.58000183105469,43.70000076293945,43.334999084472656,43.630001068115234,84698
2018-04-12,IWDA.AS,43.595001220703125,44.09000015258789,43.540000915527344,44.02000045776367,107406
2018-04-13,IWDA.AS,44.02000045776367,44.20500183105469,43.79999923706055,43.95500183105469,46976
2018-04-16,IWDA.AS,44.01499938964844,44.02000045776367,43.79999923706055,43.90999984741211,63130
2018-04-17,IWDA.AS,44.04999923706055,44.474998474121094,44.0,44.44499969482422,48368
2018-04-18,IWDA.AS,44.474998474121094,44.540000915527344,44.400001525878906,44.494998931884766,64301
2018-04-19,IWDA.AS,44.45000076293945,44.4900016784668,44.224998474121094,44.35499954223633,48443
2018-04-20,IWDA.AS,44.334999084472656,44.564998626708984,44.25,44.334999084472656,90867
2018-04-23,IWDA.AS,44.33000183105469,44.630001068115234,44.275001525878906,44.619998931884766,40105
2018-04-24,IWDA.AS,44.6349983215332,44.79499816894531,44.45000076293945,44.529998779296875,61834
2018-04-25,IWDA.AS,44.029998779296875,44.220001220703125,43.86000061035156,44.095001220703125,63968
2018-04-26,IWDA.AS,44.22999954223633,44.76499938964844,44.220001220703125,44.685001373291016,50757
2018-04-27,IWDA.AS,44.93000030517578,45.04499816894531,44.75,44.880001068115234,27505
2018-04-30,IWDA.AS,44.959999084472656,45.14500045776367,44.94499969482422,45.07500076293945,95326
2018-05-02,IWDA.AS,45.060001373291016,45.20000076293945,44.994998931884766,45.150001525878906,72143
2018-05-03,IWDA.AS,44.95500183105469,45.029998779296875,44.47999954223633,44.58000183105469,94280
2018-05-04,IWDA.AS,44.95000076293945,45.345001220703125,44.810001373291016,45.334999084472656,57827
2018-05-07,IWDA.AS,45.5,45.775001525878906,45.4900016784668,45.71500015258789,72409
2018-05-08,IWDA.AS,45.689998626708984,45.845001220703125,45.595001220703125,45.7599983215332,102397
2018-05-09,IWDA.AS,45.915000915527344,46.05500030517578,45.849998474121094,45.97999954223633,25787
2018-05-10,IWDA.AS,46.23500061035156,46.34000015258789,46.04499816894531,46.29999923706055,42937
2018-05-11,IWDA.AS,46.43000030517578,46.43000030517578,46.220001220703125,46.380001068115234,89270
2018-05-14,IWDA.AS,46.45000076293945,46.4900016784668,46.26499938964844,46.435001373291016,97261
2018-05-15,IWDA.AS,46.369998931884766,46.58000183105469,46.32500076293945,46.404998779296875,74681
2018-05-16,IWDA.AS,46.54999923706055,46.77000045776367,46.5,46.75,91594
2018-05-17,IWDA.AS,46.70000076293945,46.974998474121094,46.54999923706055,46.959999084472656,100314
2018-05-18,IWDA.AS,46.790000915527344,46.974998474121094,46.71500015258789,46.83000183105469,95288
2018-05-21,IWDA.AS,47.10499954223633,47.2400016784668,47.029998779296875,47.095001220703125,85885
2018-05-22,IWDA.AS,47.189998626708984,47.22999954223633,46.98500061035156,47.150001525878906,48039
2018-05-23,IWDA.AS,47.01499938964844,47.01499938964844,46.77000045776367,46.939998626708984,77703
2018-05-24,IWDA.AS,47.040000915527344,47.275001525878906,46.650001525878906,46.79999923706055,81994
2018-05-25,IWDA.AS,47.06999969482422,47.1349983215332,46.94499969482422,47.084999084472656,72133
2018-05-28,IWDA.AS,47.10499954223633,47.17499923706055,47.04999923706055,47.130001068115234,30470
2018-05-29,IWDA.AS,47.0,47.02000045776367,46.849998474121094,46.92499923706055,54386
2018-05-30,IWDA.AS,46.869998931884766,46.974998474121094,46.70000076293945,46.900001525878906,54282
2018-05-31,IWDA.AS,46.915000915527344,46.94499969482422,46.6150016784668,46.709999084472656,125795
2018-06-01,IWDA.AS,46.75,47.099998474121094,46.724998474121094,47.029998779296875,91080
2018-06-04,IWDA.AS,47.220001220703125,47.220001220703125,47.0099983215332,47.185001373291016,43497
2018-06-05,IWDA.AS,47.130001068115234,47.349998474121094,47.099998474121094,47.185001373291016,53156
2018-06-06,IWDA.AS,47.14500045776367,47.189998626708984,46.8650016784668,47.130001068115234,92545
2018-06-07,IWDA.AS,47.22999954223633,47.244998931884766,47.040000915527344,47.08000183105469,37732
2018-06-08,IWDA.AS,47.04999923706055,47.20500183105469,46.88999938964844,47.14500045776367,153112
2018-06-11,IWDA.AS,47.189998626708984,47.314998626708984,47.18000030517578,47.28499984741211,59445
2018-06-12,IWDA.AS,47.42499923706055,47.42499923706055,47.25,47.314998626708984,81239
2018-06-13,IWDA.AS,47.45000076293945,47.51499938964844,47.39500045776367,47.435001373291016,82415
2018-06-14,IWDA.AS,47.025001525878906,48.0099983215332,46.97999954223633,47.8849983215332,56255
2018-06-15,IWDA.AS,48.185001373291016,48.185001373291016,47.599998474121094,47.599998474121094,44180
2018-06-18,IWDA.AS,47.78499984741211,47.81999969482422,47.42499923706055,47.619998931884766,31405
2018-06-19,IWDA.AS,47.209999084472656,47.48500061035156,47.11000061035156,47.400001525878906,89824
2018-06-20,IWDA.AS,47.67499923706055,47.775001525878906,47.54499816894531,47.54499816894531,22181
2018-06-21,IWDA.AS,47.75,47.82500076293945,47.130001068115234,47.279998779296875,38018
2018-06-22,IWDA.AS,47.165000915527344,47.39500045776367,47.165000915527344,47.38999938964844,28985
2018-06-25,IWDA.AS,47.09000015258789,47.125,46.34000015258789,46.34000015258789,37859
2018-06-26,IWDA.AS,46.6150016784668,46.70000076293945,46.45000076293945,46.529998779296875,55694
2018-06-27,IWDA.AS,46.560001373291016,47.16999816894531,46.345001220703125,46.974998474121094,86410
2018-06-28,IWDA.AS,46.8650016784668,46.90999984741211,46.400001525878906,46.68000030517578,50827
2018-06-29,IWDA.AS,46.849998474121094,46.94499969482422,46.66999816894531,46.80500030517578,73883
2018-07-02,IWDA.AS,46.34000015258789,46.6150016784668,46.255001068115234,46.5099983215332,48671
2018-07-03,IWDA.AS,46.650001525878906,46.875,46.599998474121094,46.7400016784668,78510
2018-07-04,IWDA.AS,46.540000915527344,46.70000076293945,46.5,46.65999984741211,67410
2018-07-05,IWDA.AS,46.439998626708984,46.724998474121094,46.439998626708984,46.61000061035156,60702
2018-07-06,IWDA.AS,46.71500015258789,46.845001220703125,46.45000076293945,46.845001220703125,98042
2018-07-09,IWDA.AS,47.08000183105469,47.2400016784668,46.970001220703125,47.209999084472656,54002
2018-07-10,IWDA.AS,47.310001373291016,47.55500030517578,47.29499816894531,47.45500183105469,53473
2018-07-11,IWDA.AS,47.10499954223633,47.224998474121094,46.9900016784668,47.099998474121094,66320
2018-07-12,IWDA.AS,47.30500030517578,47.529998779296875,47.22999954223633,47.46500015258789,45212
2018-07-13,IWDA.AS,47.72999954223633,47.85499954223633,47.61000061035156,47.68000030517578,117126
2018-07-16,IWDA.AS,47.595001220703125,47.69499969482422,47.42499923706055,47.48500061035156,70147
2018-07-17,IWDA.AS,47.380001068115234,47.67499923706055,47.30500030517578,47.6349983215332,134154
2018-07-18,IWDA.AS,47.880001068115234,47.994998931884766,47.84000015258789,47.95000076293945,152003
2018-07-19,IWDA.AS,47.94499969482422,48.040000915527344,47.86000061035156,48.0,116960
2018-07-20,IWDA.AS,47.790000915527344,47.845001220703125,47.42499923706055,47.70000076293945,200737
2018-07-23,IWDA.AS,47.470001220703125,47.64500045776367,47.38999938964844,47.619998931884766,160597
2018-07-24,IWDA.AS,47.875,48.04999923706055,47.75,47.994998931884766,123934
2018-07-25,IWDA.AS,47.915000915527344,48.01499938964844,47.810001373291016,48.0099983215332,90264
2018-07-26,IWDA.AS,48.04999923706055,48.42499923706055,48.03499984741211,48.400001525878906,149242
2018-07-27,IWDA.AS,48.439998626708984,48.61000061035156,48.3650016784668,48.404998779296875,114534
2018-07-30,IWDA.AS,48.095001220703125,48.119998931884766,47.89500045776367,47.89500045776367,59034
2018-07-31,IWDA.AS,47.80500030517578,48.01499938964844,47.72999954223633,47.95000076293945,114815
2018-08-01,IWDA.AS,48.084999084472656,48.150001525878906,47.92499923706055,48.02000045776367,54102
2018-08-02,IWDA.AS,47.91999816894531,48.05500030517578,47.724998474121094,48.05500030517578,134880
2018-08-03,IWDA.AS,48.28499984741211,48.459999084472656,48.22999954223633,48.38999938964844,61055
2018-08-06,IWDA.AS,48.584999084472656,48.709999084472656,48.459999084472656,48.60499954223633,101621
2018-08-07,IWDA.AS,48.76499938964844,48.845001220703125,48.70000076293945,48.7599983215332,87779
2018-08-08,IWDA.AS,48.650001525878906,48.779998779296875,48.564998626708984,48.71500015258789,59889
2018-08-09,IWDA.AS,48.67499923706055,48.875,48.6349983215332,48.82500076293945,61672
2018-08-10,IWDA.AS,48.81999969482422,48.95000076293945,48.73500061035156,48.95000076293945,97888
2018-08-13,IWDA.AS,48.71500015258789,48.900001525878906,48.69499969482422,48.79499816894531,99420
2018-08-14,IWDA.AS,48.869998931884766,49.07500076293945,48.79999923706055,49.04499816894531,231499
2018-08-15,IWDA.AS,49.04499816894531,49.1349983215332,48.494998931884766,48.625,102070
2018-08-16,IWDA.AS,48.709999084472656,48.88999938964844,48.650001525878906,48.845001220703125,118893
2018-08-17,IWDA.AS,48.93000030517578,48.93000030517578,48.63999938964844,48.80500030517578,69886
2018-08-20,IWDA.AS,48.935001373291016,49.09000015258789,48.900001525878906,48.915000915527344,60764
2018-08-21,IWDA.AS,48.724998474121094,48.88999938964844,48.69499969482422,48.779998779296875,51543
2018-08-22,IWDA.AS,48.48500061035156,48.6150016784668,48.35499954223633,48.60499954223633,41847
2018-08-23,IWDA.AS,48.59000015258789,48.66999816894531,48.4900016784668,48.4900016784668,62307
2018-08-24,IWDA.AS,48.525001525878906,48.61000061035156,48.435001373291016,48.564998626708984,44900
2018-08-27,IWDA.AS,48.810001373291016,48.85499954223633,48.709999084472656,48.755001068115234,78338
2018-08-28,IWDA.AS,48.80500030517578,48.80500030517578,48.650001525878906,48.650001525878906,61796
2018-08-29,IWDA.AS,48.834999084472656,48.900001525878906,48.73500061035156,48.900001525878906,36659
2018-08-30,IWDA.AS,48.81999969482422,48.959999084472656,48.7400016784668,48.89500045776367,96438
2018-08-31,IWDA.AS,48.73500061035156,48.900001525878906,48.630001068115234,48.900001525878906,62308
2018-09-03,IWDA.AS,48.96500015258789,49.01499938964844,48.8650016784668,48.92499923706055,61418
2018-09-04,IWDA.AS,49.119998931884766,49.125,48.75,48.834999084472656,38845
2018-09-05,IWDA.AS,48.665000915527344,48.685001373291016,48.2599983215332,48.290000915527344,46318
2018-09-06,IWDA.AS,48.275001525878906,48.43000030517578,48.08000183105469,48.15999984741211,41155
2018-09-07,IWDA.AS,48.130001068115234,48.3650016784668,48.03499984741211,48.3650016784668,84827
2018-09-10,IWDA.AS,48.439998626708984,48.47999954223633,48.255001068115234,48.334999084472656,53695
2018-09-11,IWDA.AS,48.29999923706055,48.38999938964844,48.125,48.38999938964844,75841
2018-09-12,IWDA.AS,48.52000045776367,48.60499954223633,48.27000045776367,48.415000915527344,45527
2018-09-13,IWDA.AS,48.439998626708984,48.595001220703125,48.375,48.380001068115234,30739
2018-09-14,IWDA.AS,48.48500061035156,48.630001068115234,48.41999816894531,48.630001068115234,29267
2018-09-17,IWDA.AS,48.63999938964844,48.66999816894531,48.404998779296875,48.45000076293945,30588
2018-09-18,IWDA.AS,48.39500045776367,48.685001373291016,48.310001373291016,48.66999816894531,33661
2018-09-19,IWDA.AS,48.71500015258789,48.86000061035156,48.595001220703125,48.80500030517578,21101
2018-09-20,IWDA.AS,48.744998931884766,48.84000015258789,48.64500045776367,48.834999084472656,73831
2018-09-21,IWDA.AS,48.8650016784668,49.099998474121094,48.8650016784668,49.05500030517578,108533
2018-09-24,IWDA.AS,48.880001068115234,48.880001068115234,48.59000015258789,48.66999816894531,60779
2018-09-25,IWDA.AS,48.78499984741211,48.93000030517578,48.70000076293945,48.83000183105469,21852
2018-09-26,IWDA.AS,48.85499954223633,48.96500015258789,48.81999969482422,48.96500015258789,17745
2018-09-27,IWDA.AS,48.89500045776367,49.255001068115234,48.775001525878906,49.22999954223633,30284
2018-09-28,IWDA.AS,49.220001220703125,49.349998474121094,49.154998779296875,49.224998474121094,81316
2018-10-01,IWDA.AS,49.474998474121094,49.63999938964844,49.41999816894531,49.63999938964844,77016
2018-10-02,IWDA.AS,49.459999084472656,49.55500030517578,49.41999816894531,49.44499969482422,120448
2018-10-03,IWDA.AS,49.46500015258789,49.72999954223633,49.43000030517578,49.709999084472656,38910
2018-10-04,IWDA.AS,49.54999923706055,49.55500030517578,49.099998474121094,49.189998626708984,141216
2018-10-05,IWDA.AS,49.15999984741211,49.22999954223633,48.915000915527344,48.915000915527344,166542
2018-10-08,IWDA.AS,48.86000061035156,48.91999816894531,48.7400016784668,48.7400016784668,90871
2018-10-09,IWDA.AS,48.81999969482422,48.970001220703125,48.689998626708984,48.89500045776367,68429
2018-10-10,IWDA.AS,48.790000915527344,48.834999084472656,47.8849983215332,47.90999984741211,78337
2018-10-11,IWDA.AS,46.80500030517578,47.13999938964844,46.45000076293945,46.619998931884766,288789
2018-10-12,IWDA.AS,46.78499984741211,46.90999984741211,46.595001220703125,46.599998474121094,185362
2018-10-15,IWDA.AS,46.4900016784668,46.65999984741211,46.255001068115234,46.65999984741211,263745
2018-10-16,IWDA.AS,46.529998779296875,47.130001068115234,46.52000045776367,47.130001068115234,88454
2018-10-17,IWDA.AS,47.56999969482422,47.6150016784668,47.060001373291016,47.275001525878906,69468
2018-10-18,IWDA.AS,47.5,47.529998779296875,47.095001220703125,47.095001220703125,45715
2018-10-19,IWDA.AS,47.255001068115234,47.39500045776367,47.060001373291016,47.165000915527344,45411
2018-10-22,IWDA.AS,47.029998779296875,47.15999984741211,46.779998779296875,46.915000915527344,87598
2018-10-23,IWDA.AS,46.33000183105469,46.375,45.849998474121094,46.025001525878906,119397
2018-10-24,IWDA.AS,46.28499984741211,46.82500076293945,46.189998626708984,46.189998626708984,78162
2018-10-25,IWDA.AS,45.584999084472656,46.275001525878906,45.52000045776367,46.2400016784668,88981
2018-10-26,IWDA.AS,45.744998931884766,45.7599983215332,45.099998474121094,45.63999938964844,40228
2018-10-29,IWDA.AS,45.82500076293945,46.369998931884766,45.78499984741211,45.834999084472656,72749
2018-10-30,IWDA.AS,45.80500030517578,45.904998779296875,45.400001525878906,45.724998474121094,55473
2018-10-31,IWDA.AS,46.38999938964844,47.0,46.38999938964844,46.82500076293945,140810
2018-11-01,IWDA.AS,46.650001525878906,46.849998474121094,46.5,46.79499816894531,64608
2018-11-02,IWDA.AS,47.2599983215332,47.279998779296875,46.70000076293945,46.70000076293945,99114
2018-11-05,IWDA.AS,46.744998931884766,46.974998474121094,46.68000030517578,46.775001525878906,52941
2018-11-06,IWDA.AS,46.95000076293945,47.03499984741211,46.709999084472656,46.91999816894531,59919
2018-11-07,IWDA.AS,47.14500045776367,47.45500183105469,47.14500045776367,47.45500183105469,72011
2018-11-08,IWDA.AS,47.86000061035156,47.90999984741211,47.69499969482422,47.814998626708984,60489
2018-11-09,IWDA.AS,47.880001068115234,47.880001068115234,47.54499816894531,47.65999984741211,87456
2018-11-12,IWDA.AS,48.02000045776367,48.060001373291016,47.275001525878906,47.29499816894531,32103
2018-11-13,IWDA.AS,47.474998474121094,47.53499984741211,47.0,47.415000915527344,32620
2018-11-14,IWDA.AS,46.935001373291016,47.33000183105469,46.779998779296875,46.845001220703125,91865
2018-11-15,IWDA.AS,46.814998626708984,46.86000061035156,46.20000076293945,46.654998779296875,52989
2018-11-16,IWDA.AS,46.880001068115234,46.900001525878906,46.3849983215332,46.60499954223633,85049
2018-11-19,IWDA.AS,46.834999084472656,46.8849983215332,46.10499954223633,46.13999938964844,24512
2018-11-20,IWDA.AS,45.790000915527344,45.83000183105469,45.25,45.45000076293945,77311
2018-11-21,IWDA.AS,45.564998626708984,45.88999938964844,45.54499816894531,45.88999938964844,72152
2018-11-22,IWDA.AS,45.67499923706055,45.67499923706055,45.31999969482422,45.369998931884766,49181
2018-11-23,IWDA.AS,45.43000030517578,45.78499984741211,45.43000030517578,45.779998779296875,46778
2018-11-26,IWDA.AS,45.90999984741211,46.23500061035156,45.90999984741211,46.1349983215332,54191
2018-11-27,IWDA.AS,46.349998474121094,46.400001525878906,46.0099983215332,46.349998474121094,62314
2018-11-28,IWDA.AS,46.57500076293945,46.72999954223633,46.5,46.625,58355
2018-11-29,IWDA.AS,46.92499923706055,46.935001373291016,46.68000030517578,46.79499816894531,72071
2018-11-30,IWDA.AS,46.85499954223633,47.1349983215332,46.720001220703125,47.025001525878906,46125
2018-12-03,IWDA.AS,48.025001525878906,48.09000015258789,47.560001373291016,47.66999816894531,81138
2018-12-04,IWDA.AS,47.474998474121094,47.48500061035156,47.22999954223633,47.349998474121094,40242
2018-12-05,IWDA.AS,46.61000061035156,46.7400016784668,46.46500015258789,46.46500015258789,96106
2018-12-06,IWDA.AS,46.10499954223633,46.10499954223633,44.93000030517578,45.11000061035156,94914
2018-12-07,IWDA.AS,45.71500015258789,46.22999954223633,45.45000076293945,45.5,72509
2018-12-10,IWDA.AS,44.9900016784668,45.130001068115234,44.404998779296875,44.525001525878906,78529
2018-12-11,IWDA.AS,45.1150016784668,45.84000015258789,45.0,45.505001068115234,121827
2018-12-12,IWDA.AS,45.560001373291016,46.0,45.529998779296875,45.90999984741211,32726
2018-12-13,IWDA.AS,45.86000061035156,45.900001525878906,45.5,45.665000915527344,49035
2018-12-14,IWDA.AS,45.189998626708984,45.56999969482422,45.154998779296875,45.36000061035156,77877
2018-12-17,IWDA.AS,45.07500076293945,45.095001220703125,44.470001220703125,44.78499984741211,98373
2018-12-18,IWDA.AS,44.23500061035156,44.41999816894531,44.099998474121094,44.185001373291016,85331
2018-12-19,IWDA.AS,44.0099983215332,44.20000076293945,43.904998779296875,44.1349983215332,80282
2018-12-20,IWDA.AS,43.040000915527344,43.33000183105469,42.91999816894531,42.959999084472656,226248
2018-12-21,IWDA.AS,42.755001068115234,43.19499969482422,42.54999923706055,42.845001220703125,139009
2018-12-24,IWDA.AS,42.369998931884766,42.400001525878906,41.720001220703125,41.80500030517578,62716
2018-12-27,IWDA.AS,42.974998474121094,42.974998474121094,41.845001220703125,42.2599983215332,97676
2018-12-28,IWDA.AS,42.724998474121094,43.23500061035156,42.619998931884766,42.97999954223633,94211
2018-12-31,IWDA.AS,43.209999084472656,43.29999923706055,43.15999984741211,43.29999923706055,25182
2019-01-02,IWDA.AS,42.564998626708984,43.53499984741211,42.25,43.435001373291016,118716
2019-01-03,IWDA.AS,43.0,43.38999938964844,42.54999923706055,42.78499984741211,181639
2019-01-04,IWDA.AS,43.064998626708984,43.875,42.95000076293945,43.779998779296875,175144
2019-01-07,IWDA.AS,43.98500061035156,43.994998931884766,43.64500045776367,43.994998931884766,43582
2019-01-08,IWDA.AS,44.189998626708984,44.599998474121094,44.14500045776367,44.19499969482422,48445
2019-01-09,IWDA.AS,44.51499938964844,44.69499969482422,44.25,44.45000076293945,88793
2019-01-10,IWDA.AS,44.099998474121094,44.53499984741211,44.005001068115234,44.53499984741211,91008
2019-01-11,IWDA.AS,44.619998931884766,44.70000076293945,44.435001373291016,44.68000030517578,52131
2019-01-14,IWDA.AS,44.45000076293945,44.63999938964844,44.375,44.584999084472656,94219
2019-01-15,IWDA.AS,44.8650016784668,45.099998474121094,44.70000076293945,45.084999084472656,117809
2019-01-16,IWDA.AS,45.275001525878906,45.44499969482422,45.14500045776367,45.3849983215332,148758
2019-01-17,IWDA.AS,45.07500076293945,45.459999084472656,45.03499984741211,45.439998626708984,304488
2019-01-18,IWDA.AS,45.73500061035156,46.314998626708984,45.72999954223633,46.314998626708984,134905
2019-01-21,IWDA.AS,46.099998474121094,46.19499969482422,46.060001373291016,46.165000915527344,61289
2019-01-22,IWDA.AS,45.994998931884766,46.09000015258789,45.814998626708984,45.91999816894531,60439
2019-01-23,IWDA.AS,45.654998779296875,46.0,45.54999923706055,45.6150016784668,61750
2019-01-24,IWDA.AS,45.69499969482422,46.0,45.69499969482422,45.89500045776367,51388
2019-01-25,IWDA.AS,46.154998779296875,46.27000045776367,46.14500045776367,46.18000030517578,103802
2019-01-28,IWDA.AS,45.9900016784668,45.9900016784668,45.5099983215332,45.58000183105469,62994
2019-01-29,IWDA.AS,45.599998474121094,45.95000076293945,45.560001373291016,45.75,33440
2019-01-30,IWDA.AS,45.85499954223633,46.095001220703125,45.779998779296875,46.084999084472656,110198
2019-01-31,IWDA.AS,46.2400016784668,46.5,46.08000183105469,46.5,50130
2019-02-01,IWDA.AS,46.595001220703125,46.65999984741211,46.369998931884766,46.525001525878906,64427
2019-02-04,IWDA.AS,46.66999816894531,46.720001220703125,46.47999954223633,46.720001220703125,67776
2019-02-05,IWDA.AS,46.880001068115234,47.29499816894531,46.875,47.2400016784668,106863
2019-02-06,IWDA.AS,47.20000076293945,47.349998474121094,47.130001068115234,47.290000915527344,36416
2019-02-07,IWDA.AS,47.220001220703125,47.290000915527344,46.65999984741211,46.65999984741211,51725
2019-02-08,IWDA.AS,46.71500015258789,46.8849983215332,46.564998626708984,46.619998931884766,97353
2019-02-11,IWDA.AS,46.91999816894531,47.22999954223633,46.91999816894531,47.119998931884766,45475
2019-02-12,IWDA.AS,47.400001525878906,47.58000183105469,47.400001525878906,47.52000045776367,35197
2019-02-13,IWDA.AS,47.70000076293945,47.95500183105469,47.599998474121094,47.76499938964844,36934
2019-02-14,IWDA.AS,48.005001068115234,48.09000015258789,47.5,47.654998779296875,37974
2019-02-15,IWDA.AS,47.61000061035156,48.345001220703125,47.564998626708984,48.220001220703125,53730
2019-02-18,IWDA.AS,48.275001525878906,48.314998626708984,48.1150016784668,48.22999954223633,85853
2019-02-19,IWDA.AS,48.244998931884766,48.27000045776367,48.064998626708984,48.17499923706055,54675
2019-02-20,IWDA.AS,48.21500015258789,48.34000015258789,48.09000015258789,48.255001068115234,61242
2019-02-21,IWDA.AS,48.415000915527344,48.45500183105469,48.099998474121094,48.19499969482422,67308
2019-02-22,IWDA.AS,48.21500015258789,48.474998474121094,48.189998626708984,48.45500183105469,45140
2019-02-25,IWDA.AS,48.6349983215332,48.775001525878906,48.53499984741211,48.67499923706055,45208
2019-02-26,IWDA.AS,48.400001525878906,48.59000015258789,48.29999923706055,48.564998626708984,48115
2019-02-27,IWDA.AS,48.30500030517578,48.404998779296875,48.18000030517578,48.369998931884766,51539
2019-02-28,IWDA.AS,48.224998474121094,48.40999984741211,48.154998779296875,48.34000015258789,76784
2019-03-01,IWDA.AS,48.53499984741211,48.665000915527344,48.38999938964844,48.38999938964844,37932
2019-03-04,IWDA.AS,48.83000183105469,48.935001373291016,48.58000183105469,48.58000183105469,76459
2019-03-05,IWDA.AS,48.584999084472656,48.744998931884766,48.47999954223633,48.67499923706055,347724
2019-03-06,IWDA.AS,48.619998931884766,48.67499923706055,48.42499923706055,48.46500015258789,57077
2019-03-07,IWDA.AS,48.314998626708984,48.7400016784668,48.189998626708984,48.459999084472656,115976
2019-03-08,IWDA.AS,48.21500015258789,48.26499938964844,47.849998474121094,47.98500061035156,73431
2019-03-11,IWDA.AS,48.314998626708984,48.71500015258789,48.165000915527344,48.64500045776367,55360
2019-03-12,IWDA.AS,48.779998779296875,48.79999923706055,48.595001220703125,48.63999938964844,109046
2019-03-13,IWDA.AS,48.630001068115234,48.9900016784668,48.6150016784668,48.94499969482422,51089
2019-03-14,IWDA.AS,48.8849983215332,49.025001525878906,48.84000015258789,48.970001220703125,60128
2019-03-15,IWDA.AS,48.900001525878906,49.23500061035156,48.900001525878906,49.23500061035156,87226
2019-03-18,IWDA.AS,49.130001068115234,49.255001068115234,49.07500076293945,49.18000030517578,38841
2019-03-19,IWDA.AS,49.314998626708984,49.560001373291016,49.26499938964844,49.470001220703125,68074
2019-03-20,IWDA.AS,49.279998779296875,49.345001220703125,48.959999084472656,48.959999084472656,73540
2019-03-21,IWDA.AS,48.81999969482422,49.38999938964844,48.720001220703125,49.314998626708984,47552
2019-03-22,IWDA.AS,49.38999938964844,49.48500061035156,48.900001525878906,48.939998626708984,95938
2019-03-25,IWDA.AS,48.68000030517578,48.81999969482422,48.48500061035156,48.66999816894531,60441
2019-03-26,IWDA.AS,48.84000015258789,49.275001525878906,48.80500030517578,49.07500076293945,62621
2019-03-27,IWDA.AS,49.36000061035156,49.369998931884766,48.849998474121094,49.03499984741211,35705
2019-03-28,IWDA.AS,49.095001220703125,49.400001525878906,49.095001220703125,49.16999816894531,75936
2019-03-29,IWDA.AS,49.435001373291016,49.56999969482422,49.380001068115234,49.53499984741211,54461
2019-04-01,IWDA.AS,49.834999084472656,50.125,49.834999084472656,50.099998474121094,127640
2019-04-02,IWDA.AS,50.20000076293945,50.35499954223633,50.150001525878906,50.29999923706055,74312
2019-04-03,IWDA.AS,50.43000030517578,50.55500030517578,50.33000183105469,50.540000915527344,47226
2019-04-04,IWDA.AS,50.36000061035156,50.529998779296875,50.29999923706055,50.375,40852
2019-04-05,IWDA.AS,50.4900016784668,50.67499923706055,50.400001525878906,50.625,84527
2019-04-08,IWDA.AS,50.529998779296875,50.584999084472656,50.279998779296875,50.46500015258789,53860
2019-04-09,IWDA.AS,50.459999084472656,50.5099983215332,50.13999938964844,50.2400016784668,92792
2019-04-10,IWDA.AS,50.27000045776367,50.45000076293945,50.2599983215332,50.34000015258789,42184
2019-04-11,IWDA.AS,50.400001525878906,50.5,50.2599983215332,50.38999938964844,37271
2019-04-12,IWDA.AS,50.31999969482422,50.52000045776367,50.275001525878906,50.42499923706055,100655
2019-04-15,IWDA.AS,50.52000045776367,50.58000183105469,50.39500045776367,50.494998931884766,83258
2019-04-16,IWDA.AS,50.564998626708984,50.7599983215332,50.564998626708984,50.709999084472656,53807
2019-04-17,IWDA.AS,50.650001525878906,50.84000015258789,50.560001373291016,50.560001373291016,51746
2019-04-18,IWDA.AS,50.474998474121094,50.86000061035156,50.439998626708984,50.7599983215332,92854
2019-04-23,IWDA.AS,50.8650016784668,51.279998779296875,50.77000045776367,51.279998779296875,96797
2019-04-24,IWDA.AS,51.26499938964844,51.35499954223633,51.189998626708984,51.34000015258789,94517
2019-04-25,IWDA.AS,51.43000030517578,51.54499816894531,51.15999984741211,51.435001373291016,31694
2019-04-26,IWDA.AS,51.36000061035156,51.5099983215332,51.27000045776367,51.459999084472656,78657
2019-04-29,IWDA.AS,51.5,51.68000030517578,51.5,51.6150016784668,48335
2019-04-30,IWDA.AS,51.439998626708984,51.47999954223633,51.20000076293945,51.345001220703125,66358
2019-05-02,IWDA.AS,51.290000915527344,51.35499954223633,51.040000915527344,51.119998931884766,101890
2019-05-03,IWDA.AS,51.375,51.56999969482422,51.279998779296875,51.4900016784668,45825
2019-05-06,IWDA.AS,50.650001525878906,51.099998474121094,50.56999969482422,51.04999923706055,60241
2019-05-07,IWDA.AS,51.13999938964844,51.16999816894531,50.4900016784668,50.595001220703125,46053
2019-05-08,IWDA.AS,50.51499938964844,50.60499954223633,50.150001525878906,50.415000915527344,99279
2019-05-09,IWDA.AS,50.13999938964844,50.19499969482422,49.45000076293945,49.55500030517578,67879
2019-05-10,IWDA.AS,50.08000183105469,50.119998931884766,49.3650016784668,49.45000076293945,113856
2019-05-13,IWDA.AS,49.81999969482422,49.81999969482422,49.0,49.10499954223633,192762
2019-05-14,IWDA.AS,49.220001220703125,49.73500061035156,49.18000030517578,49.73500061035156,79067
2019-05-15,IWDA.AS,49.78499984741211,49.939998626708984,49.31999969482422,49.939998626708984,92788
2019-05-16,IWDA.AS,49.86000061035156,50.6349983215332,49.77000045776367,50.6349983215332,76191
2019-05-17,IWDA.AS,50.375,50.584999084472656,50.099998474121094,50.5,74673
2019-05-20,IWDA.AS,50.415000915527344,50.45000076293945,49.779998779296875,49.97999954223633,123830
2019-05-21,IWDA.AS,50.20000076293945,50.345001220703125,50.09000015258789,50.279998779296875,79636
2019-05-22,IWDA.AS,50.279998779296875,50.310001373291016,49.97999954223633,50.220001220703125,106136
2019-05-23,IWDA.AS,49.98500061035156,49.98500061035156,49.505001068115234,49.54499816894531,103013
2019-05-24,IWDA.AS,49.65999984741211,49.869998931884766,49.5,49.60499954223633,96522
2019-05-27,IWDA.AS,49.814998626708984,49.880001068115234,49.69499969482422,49.73500061035156,43893
2019-05-28,IWDA.AS,49.85499954223633,49.880001068115234,49.599998474121094,49.70000076293945,68665
2019-05-29,IWDA.AS,49.27000045776367,49.275001525878906,49.08000183105469,49.1150016784668,104640
2019-05-30,IWDA.AS,49.310001373291016,49.474998474121094,49.209999084472656,49.22999954223633,45290
2019-05-31,IWDA.AS,48.86000061035156,48.900001525878906,48.55500030517578,48.89500045776367,121895
2019-06-03,IWDA.AS,48.459999084472656,48.720001220703125,48.29499816894531,48.64500045776367,137764
2019-06-04,IWDA.AS,48.25,48.970001220703125,48.209999084472656,48.95500183105469,125350
2019-06-05,IWDA.AS,49.15999984741211,49.459999084472656,49.084999084472656,49.28499984741211,101507
2019-06-06,IWDA.AS,49.560001373291016,49.779998779296875,49.29999923706055,49.435001373291016,64984
2019-06-07,IWDA.AS,49.75,50.025001525878906,49.564998626708984,49.880001068115234,107191
2019-06-10,IWDA.AS,50.11000061035156,50.380001068115234,50.11000061035156,50.349998474121094,29369
2019-06-11,IWDA.AS,50.29999923706055,50.56999969482422,50.2599983215332,50.29499816894531,92780
2019-06-12,IWDA.AS,50.0099983215332,50.17499923706055,49.959999084472656,50.10499954223633,55654
2019-06-13,IWDA.AS,50.1150016784668,50.459999084472656,50.09000015258789,50.30500030517578,81954
2019-06-14,IWDA.AS,50.279998779296875,50.43000030517578,50.16999816894531,50.400001525878906,53870
2019-06-17,IWDA.AS,50.54499816894531,50.564998626708984,50.31999969482422,50.43000030517578,53636
2019-06-18,IWDA.AS,50.35499954223633,51.30500030517578,50.2599983215332,51.18000030517578,73806
2019-06-19,IWDA.AS,51.220001220703125,51.224998474121094,51.04999923706055,51.095001220703125,77699
2019-06-20,IWDA.AS,51.369998931884766,51.470001220703125,51.25,51.27000045776367,190267
2019-06-21,IWDA.AS,51.349998474121094,51.349998474121094,51.040000915527344,51.255001068115234,44661
2019-06-24,IWDA.AS,51.0,51.03499984741211,50.83000183105469,50.89500045776367,64557
2019-06-25,IWDA.AS,50.709999084472656,50.84000015258789,50.6150016784668,50.689998626708984,63457
2019-06-26,IWDA.AS,50.57500076293945,50.810001373291016,50.470001220703125,50.51499938964844,102447
2019-06-27,IWDA.AS,50.72999954223633,50.72999954223633,50.44499969482422,50.59000015258789,95388
2019-06-28,IWDA.AS,50.650001525878906,50.79999923706055,50.650001525878906,50.79999923706055,44045
2019-07-01,IWDA.AS,51.68000030517578,51.69499969482422,51.43000030517578,51.5,124125
2019-07-02,IWDA.AS,51.630001068115234,51.709999084472656,51.4900016784668,51.59000015258789,63084
2019-07-03,IWDA.AS,51.83000183105469,52.099998474121094,51.82500076293945,52.099998474121094,74747
2019-07-04,IWDA.AS,52.21500015258789,52.27000045776367,52.13999938964844,52.220001220703125,227533
2019-07-05,IWDA.AS,52.25,52.25,51.95000076293945,52.130001068115234,78455
2019-07-08,IWDA.AS,52.08000183105469,52.14500045776367,51.9900016784668,52.029998779296875,58847
2019-07-09,IWDA.AS,51.82500076293945,52.0099983215332,51.76499938964844,51.959999084472656,67888
2019-07-10,IWDA.AS,51.93000030517578,52.290000915527344,51.845001220703125,52.02000045776367,43630
2019-07-11,IWDA.AS,52.13999938964844,52.185001373291016,52.0,52.10499954223633,73174
2019-07-12,IWDA.AS,52.125,52.279998779296875,52.10499954223633,52.20000076293945,31675
2019-07-15,IWDA.AS,52.25,52.349998474121094,52.165000915527344,52.275001525878906,63464
2019-07-16,IWDA.AS,52.31999969482422,52.5099983215332,52.290000915527344,52.45000076293945,49139
2019-07-17,IWDA.AS,52.439998626708984,52.474998474121094,52.09000015258789,52.154998779296875,57368
2019-07-18,IWDA.AS,51.77000045776367,52.05500030517578,51.7400016784668,51.875,86940
2019-07-19,IWDA.AS,52.18000030517578,52.29999923706055,52.13999938964844,52.244998931884766,99566
2019-07-22,IWDA.AS,51.95500183105469,52.150001525878906,51.95500183105469,52.029998779296875,62592
2019-07-23,IWDA.AS,52.34000015258789,52.650001525878906,52.34000015258789,52.55500030517578,39149
2019-07-24,IWDA.AS,52.70500183105469,52.845001220703125,52.595001220703125,52.755001068115234,47359
2019-07-25,IWDA.AS,53.040000915527344,53.244998931884766,52.47999954223633,52.665000915527344,57023
2019-07-26,IWDA.AS,52.66999816894531,52.96500015258789,52.66999816894531,52.96500015258789,50972
2019-07-29,IWDA.AS,52.88999938964844,53.06999969482422,52.834999084472656,52.85499954223633,57480
2019-07-30,IWDA.AS,52.86000061035156,52.869998931884766,52.36000061035156,52.54499816894531,58739
2019-07-31,IWDA.AS,52.540000915527344,52.685001373291016,52.540000915527344,52.650001525878906,47524
2019-08-01,IWDA.AS,52.494998931884766,52.959999084472656,52.494998931884766,52.959999084472656,42561
2019-08-02,IWDA.AS,51.810001373291016,52.0,51.20000076293945,51.31999969482422,138679
2019-08-05,IWDA.AS,50.92499923706055,50.95000076293945,49.88999938964844,49.974998474121094,361340
2019-08-06,IWDA.AS,49.64500045776367,50.185001373291016,49.525001525878906,49.654998779296875,238265
2019-08-07,IWDA.AS,49.974998474121094,50.369998931884766,49.22999954223633,49.775001525878906,92435
2019-08-08,IWDA.AS,50.380001068115234,50.845001220703125,50.13999938964844,50.845001220703125,43150
2019-08-09,IWDA.AS,50.939998626708984,51.0,50.46500015258789,50.5,71214
2019-08-12,IWDA.AS,50.95000076293945,51.03499984741211,50.20000076293945,50.209999084472656,58043
2019-08-13,IWDA.AS,50.1150016784668,51.119998931884766,49.89500045776367,50.73500061035156,48446
2019-08-14,IWDA.AS,50.845001220703125,50.8650016784668,49.81999969482422,50.02000045776367,62994
2019-08-15,IWDA.AS,50.029998779296875,50.099998474121094,49.29999923706055,49.915000915527344,48147
2019-08-16,IWDA.AS,50.20000076293945,50.685001373291016,50.20000076293945,50.6349983215332,94472
2019-08-19,IWDA.AS,51.11000061035156,51.25,50.95000076293945,51.23500061035156,45486
2019-08-20,IWDA.AS,51.31999969482422,51.400001525878906,50.970001220703125,51.09000015258789,75622
2019-08-21,IWDA.AS,51.040000915527344,51.32500076293945,51.02000045776367,51.31999969482422,28776
2019-08-22,IWDA.AS,51.290000915527344,51.47999954223633,51.0,51.1150016784668,28538
2019-08-23,IWDA.AS,51.47999954223633,51.5,50.3849983215332,50.3849983215332,66313
2019-08-26,IWDA.AS,50.20000076293945,50.689998626708984,50.16999816894531,50.415000915527344,80851
2019-08-27,IWDA.AS,50.470001220703125,50.8849983215332,50.369998931884766,50.685001373291016,76422
2019-08-28,IWDA.AS,50.55500030517578,50.7400016784668,50.29999923706055,50.7400016784668,56902
2019-08-29,IWDA.AS,50.72999954223633,51.435001373291016,50.72999954223633,51.435001373291016,32926
2019-08-30,IWDA.AS,51.5099983215332,51.91999816894531,51.5099983215332,51.7599983215332,93222
2019-09-02,IWDA.AS,51.75,51.97999954223633,51.720001220703125,51.81999969482422,89321
2019-09-03,IWDA.AS,51.75,51.88999938964844,51.45000076293945,51.68000030517578,206852
2019-09-04,IWDA.AS,52.0,52.17499923706055,51.83000183105469,51.959999084472656,37760
2019-09-05,IWDA.AS,52.349998474121094,52.599998474121094,52.220001220703125,52.56999969482422,78516
2019-09-06,IWDA.AS,52.56999969482422,52.75,52.47999954223633,52.599998474121094,68135
2019-09-09,IWDA.AS,52.84000015258789,52.880001068115234,52.59000015258789,52.6349983215332,69762
2019-09-10,IWDA.AS,52.5099983215332,52.599998474121094,52.34000015258789,52.404998779296875,79864
2019-09-11,IWDA.AS,52.75,53.13999938964844,52.709999084472656,53.125,39687
2019-09-12,IWDA.AS,53.29999923706055,53.70000076293945,53.0,53.224998474121094,151337
2019-09-13,IWDA.AS,53.1349983215332,53.29999923706055,53.084999084472656,53.25,46435
2019-09-16,IWDA.AS,52.970001220703125,53.33000183105469,52.86000061035156,53.244998931884766,96070
2019-09-17,IWDA.AS,53.16999816894531,53.27000045776367,53.02000045776367,53.09000015258789,29512
2019-09-18,IWDA.AS,53.04999923706055,53.16999816894531,53.005001068115234,53.005001068115234,91030
2019-09-19,IWDA.AS,53.0,53.470001220703125,53.0,53.470001220703125,163274
2019-09-20,IWDA.AS,53.2599983215332,53.58000183105469,53.25,53.560001373291016,79204
2019-09-23,IWDA.AS,53.369998931884766,53.41999816894531,53.119998931884766,53.23500061035156,113357
2019-09-24,IWDA.AS,53.439998626708984,53.4900016784668,53.19499969482422,53.19499969482422,74076
2019-09-25,IWDA.AS,52.91999816894531,53.125,52.599998474121094,53.099998474121094,57170
2019-09-26,IWDA.AS,53.154998779296875,53.54999923706055,53.150001525878906,53.189998626708984,39987
2019-09-27,IWDA.AS,53.45000076293945,53.54999923706055,53.20000076293945,53.369998931884766,42293
2019-09-30,IWDA.AS,53.15999984741211,53.46500015258789,53.09000015258789,53.459999084472656,82387
2019-10-01,IWDA.AS,53.709999084472656,53.790000915527344,52.939998626708984,52.98500061035156,110232
2019-10-02,IWDA.AS,52.72999954223633,52.75,51.58000183105469,51.58000183105469,81499
2019-10-03,IWDA.AS,51.73500061035156,51.79999923706055,50.935001373291016,51.540000915527344,78971
2019-10-04,IWDA.AS,51.845001220703125,52.279998779296875,51.689998626708984,52.279998779296875,74113
2019-10-07,IWDA.AS,52.26499938964844,52.52000045776367,52.21500015258789,52.52000045776367,77864
2019-10-08,IWDA.AS,52.439998626708984,52.459999084472656,51.744998931884766,51.81999969482422,86294
2019-10-09,IWDA.AS,51.689998626708984,52.099998474121094,51.689998626708984,51.970001220703125,71926
2019-10-10,IWDA.AS,51.904998779296875,52.435001373291016,51.70000076293945,52.375,72566
2019-10-11,IWDA.AS,52.459999084472656,53.11000061035156,52.45000076293945,53.11000061035156,54620
2019-10-14,IWDA.AS,52.880001068115234,52.880001068115234,52.529998779296875,52.834999084472656,88835
2019-10-15,IWDA.AS,53.02000045776367,53.38999938964844,52.95500183105469,53.290000915527344,113475
2019-10-16,IWDA.AS,53.20000076293945,53.29499816894531,53.025001525878906,53.084999084472656,102459
2019-10-17,IWDA.AS,52.974998474121094,53.16999816894531,52.8849983215332,52.8849983215332,70225
2019-10-18,IWDA.AS,52.869998931884766,52.90999984741211,52.68000030517578,52.70500183105469,40833
2019-10-21,IWDA.AS,52.75,53.0,52.68000030517578,52.98500061035156,32109
2019-10-22,IWDA.AS,53.06999969482422,53.19499969482422,52.95000076293945,53.10499954223633,34266
2019-10-23,IWDA.AS,52.90999984741211,53.119998931884766,52.845001220703125,53.095001220703125,29854
2019-10-24,IWDA.AS,53.165000915527344,53.41999816894531,53.099998474121094,53.41999816894531,38605
2019-10-25,IWDA.AS,53.345001220703125,53.63999938964844,53.19499969482422,53.6349983215332,34502
2019-10-28,IWDA.AS,53.630001068115234,53.880001068115234,53.564998626708984,53.79999923706055,49679
2019-10-29,IWDA.AS,53.845001220703125,53.845001220703125,53.68000030517578,53.810001373291016,55448
2019-10-30,IWDA.AS,53.68000030517578,53.775001525878906,53.5,53.665000915527344,85989
2019-10-31,IWDA.AS,53.709999084472656,53.77000045776367,53.369998931884766,53.38999938964844,47182
2019-11-01,IWDA.AS,53.63999938964844,54.0,53.619998931884766,53.8650016784668,48521
2019-11-04,IWDA.AS,54.130001068115234,54.400001525878906,54.095001220703125,54.36000061035156,71734
2019-11-05,IWDA.AS,54.400001525878906,54.755001068115234,54.38999938964844,54.63999938964844,150320
2019-11-06,IWDA.AS,54.529998779296875,54.625,54.439998626708984,54.625,85306
2019-11-07,IWDA.AS,54.91999816894531,55.095001220703125,54.79999923706055,55.08000183105469,42802
2019-11-08,IWDA.AS,54.80500030517578,55.0099983215332,54.75,54.97999954223633,68909
2019-11-11,IWDA.AS,54.86000061035156,54.939998626708984,54.75,54.880001068115234,59575
2019-11-12,IWDA.AS,55.04999923706055,55.34000015258789,54.96500015258789,55.25,51544
2019-11-13,IWDA.AS,55.07500076293945,55.130001068115234,54.77000045776367,55.125,68447
2019-11-14,IWDA.AS,55.084999084472656,55.154998779296875,55.0,55.005001068115234,35113
2019-11-15,IWDA.AS,55.224998474121094,55.2599983215332,55.05500030517578,55.255001068115234,38439
2019-11-18,IWDA.AS,55.334999084472656,55.380001068115234,55.064998626708984,55.18000030517578,46740
2019-11-19,IWDA.AS,55.33000183105469,55.47999954223633,55.07500076293945,55.18000030517578,73443
2019-11-20,IWDA.AS,55.005001068115234,55.17499923706055,54.904998779296875,55.11000061035156,78882
2019-11-21,IWDA.AS,54.83000183105469,54.97999954223633,54.75,54.85499954223633,94712
2019-11-22,IWDA.AS,55.02000045776367,55.20000076293945,55.02000045776367,55.11000061035156,57715
2019-11-25,IWDA.AS,55.41999816894531,55.689998626708984,55.41999816894531,55.67499923706055,47501
2019-11-26,IWDA.AS,55.665000915527344,55.790000915527344,55.599998474121094,55.75,87290
2019-11-27,IWDA.AS,55.974998474121094,56.04499816894531,55.900001525878906,56.0099983215332,80018
2019-11-28,IWDA.AS,55.86000061035156,56.0099983215332,55.84000015258789,55.9900016784668,61420
2019-11-29,IWDA.AS,55.810001373291016,56.02000045776367,55.7400016784668,55.7400016784668,92684
2019-12-02,IWDA.AS,55.91999816894531,56.05500030517578,54.849998474121094,54.86000061035156,137863
2019-12-03,IWDA.AS,55.05500030517578,55.099998474121094,54.25,54.36000061035156,127153
2019-12-04,IWDA.AS,54.560001373291016,55.05500030517578,54.505001068115234,55.040000915527344,86568
2019-12-05,IWDA.AS,55.1150016784668,55.22999954223633,54.79999923706055,54.8849983215332,50915
2019-12-06,IWDA.AS,55.09000015258789,55.779998779296875,55.04999923706055,55.779998779296875,65467
2019-12-09,IWDA.AS,55.650001525878906,55.654998779296875,55.51499938964844,55.58000183105469,62259
2019-12-10,IWDA.AS,55.40999984741211,55.48500061035156,54.9900016784668,55.375,41675
2019-12-11,IWDA.AS,55.41999816894531,55.470001220703125,55.275001525878906,55.380001068115234,75246
2019-12-12,IWDA.AS,55.380001068115234,55.8650016784668,55.150001525878906,55.6349983215332,61542
2019-12-13,IWDA.AS,55.84000015258789,56.005001068115234,55.599998474121094,55.73500061035156,99967
2019-12-16,IWDA.AS,56.01499938964844,56.36000061035156,55.994998931884766,56.310001373291016,195502
2019-12-17,IWDA.AS,56.21500015258789,56.220001220703125,56.0,56.1349983215332,129337
2019-12-18,IWDA.AS,56.15999984741211,56.334999084472656,56.1349983215332,56.279998779296875,72752
2019-12-19,IWDA.AS,56.2599983215332,56.36000061035156,56.15999984741211,56.36000061035156,38336
2019-12-20,IWDA.AS,56.415000915527344,56.8849983215332,56.375,56.8849983215332,68028
2019-12-23,IWDA.AS,56.84000015258789,56.970001220703125,56.790000915527344,56.84000015258789,187861
2019-12-24,IWDA.AS,56.84000015258789,56.95500183105469,56.79999923706055,56.84000015258789,52582
2019-12-27,IWDA.AS,57.0,57.03499984741211,56.689998626708984,56.779998779296875,93349
2019-12-30,IWDA.AS,56.650001525878906,56.67499923706055,56.185001373291016,56.209999084472656,93388
2019-12-31,IWDA.AS,56.189998626708984,56.27000045776367,56.08000183105469,56.11000061035156,98344
2020-01-02,IWDA.AS,56.584999084472656,56.939998626708984,56.56999969482422,56.71500015258789,72586
2020-01-03,IWDA.AS,56.595001220703125,56.78499984741211,56.349998474121094,56.685001373291016,81021
2020-01-06,IWDA.AS,56.470001220703125,56.59000015258789,56.10499954223633,56.529998779296875,79746
2020-01-07,IWDA.AS,56.810001373291016,56.959999084472656,56.66999816894531,56.900001525878906,64791
2020-01-08,IWDA.AS,56.69499969482422,57.08000183105469,56.6150016784668,57.08000183105469,75533
2020-01-09,IWDA.AS,57.47999954223633,57.53499984741211,57.334999084472656,57.46500015258789,149049
2020-01-10,IWDA.AS,57.650001525878906,57.71500015258789,57.41999816894531,57.41999816894531,159774
2020-01-13,IWDA.AS,57.400001525878906,57.52000045776367,57.27000045776367,57.375,66680
2020-01-14,IWDA.AS,57.46500015258789,57.72999954223633,57.28499984741211,57.584999084472656,87287
2020-01-15,IWDA.AS,57.61000061035156,57.63999938964844,57.380001068115234,57.61000061035156,47155
2020-01-16,IWDA.AS,57.71500015258789,57.86000061035156,57.6150016784668,57.845001220703125,37265
2020-01-17,IWDA.AS,58.099998474121094,58.380001068115234,58.05500030517578,58.29999923706055,113129
2020-01-20,IWDA.AS,58.29999923706055,58.39500045776367,58.255001068115234,58.375,94315
2020-01-21,IWDA.AS,58.09000015258789,58.29999923706055,57.97999954223633,58.29499816894531,61253
2020-01-22,IWDA.AS,58.5,58.70000076293945,58.31999969482422,58.400001525878906,66822
2020-01-23,IWDA.AS,58.22999954223633,58.31999969482422,58.0099983215332,58.185001373291016,57234
2020-01-24,IWDA.AS,58.540000915527344,58.76499938964844,58.43000030517578,58.470001220703125,52879
2020-01-27,IWDA.AS,57.58000183105469,57.65999984741211,57.099998474121094,57.22999954223633,126725
2020-01-28,IWDA.AS,57.4900016784668,57.849998474121094,57.209999084472656,57.834999084472656,115912
2020-01-29,IWDA.AS,57.939998626708984,58.10499954223633,57.75,58.0,79603
2020-01-30,IWDA.AS,57.26499938964844,57.56999969482422,57.13999938964844,57.349998474121094,75109
2020-01-31,IWDA.AS,57.70500183105469,57.7400016784668,56.685001373291016,56.689998626708984,91592
2020-02-03,IWDA.AS,56.91999816894531,57.334999084472656,56.720001220703125,57.04999923706055,120222
2020-02-04,IWDA.AS,57.45000076293945,58.08000183105469,57.439998626708984,58.08000183105469,85281
2020-02-05,IWDA.AS,57.90999984741211,58.70000076293945,57.88999938964844,58.61000061035156,64034
2020-02-06,IWDA.AS,59.06999969482422,59.125,58.7599983215332,59.04999923706055,87082
2020-02-07,IWDA.AS,59.0,59.084999084472656,58.709999084472656,59.025001525878906,63059
2020-02-10,IWDA.AS,58.83000183105469,59.209999084472656,58.68000030517578,59.165000915527344,77093
2020-02-11,IWDA.AS,59.56999969482422,59.775001525878906,59.459999084472656,59.60499954223633,70749
2020-02-12,IWDA.AS,59.68000030517578,59.96500015258789,59.61000061035156,59.94499969482422,127035
2020-02-13,IWDA.AS,59.7599983215332,60.15999984741211,59.4900016784668,60.15999984741211,97482
2020-02-14,IWDA.AS,60.220001220703125,60.29499816894531,60.0,60.15999984741211,91628
2020-02-17,IWDA.AS,60.310001373291016,60.36000061035156,60.209999084472656,60.345001220703125,57626
2020-02-18,IWDA.AS,59.93000030517578,60.25,59.869998931884766,59.95000076293945,64497
2020-02-19,IWDA.AS,60.34000015258789,60.57500076293945,60.2599983215332,60.564998626708984,79176
2020-02-20,IWDA.AS,60.4900016784668,60.529998779296875,59.904998779296875,59.904998779296875,91111
2020-02-21,IWDA.AS,59.84000015258789,60.03499984741211,59.22999954223633,59.529998779296875,81873
2020-02-24,IWDA.AS,58.34000015258789,58.369998931884766,57.38999938964844,57.54499816894531,390913
2020-02-25,IWDA.AS,57.86000061035156,57.91999816894531,56.415000915527344,56.59000015258789,180134
2020-02-26,IWDA.AS,56.029998779296875,56.59000015258789,54.904998779296875,56.39500045776367,371732
2020-02-27,IWDA.AS,55.099998474121094,55.19499969482422,53.1150016784668,53.94499969482422,337133
2020-02-28,IWDA.AS,51.98500061035156,52.33000183105469,51.0,51.78499984741211,781501
2020-03-02,IWDA.AS,52.77000045776367,53.099998474121094,50.95500183105469,52.369998931884766,693601
2020-03-03,IWDA.AS,53.3849983215332,54.400001525878906,52.625,52.970001220703125,581272
2020-03-04,IWDA.AS,52.845001220703125,53.720001220703125,52.665000915527344,53.43000030517578,260718
2020-03-05,IWDA.AS,53.75,53.83000183105469,52.560001373291016,53.040000915527344,284770
2020-03-06,IWDA.AS,51.77000045776367,51.90999984741211,50.095001220703125,50.81999969482422,437360
2020-03-09,IWDA.AS,47.6150016784668,48.52000045776367,46.20000076293945,47.720001220703125,584681
2020-03-10,IWDA.AS,48.0,49.29499816894531,46.584999084472656,47.18000030517578,607354
2020-03-11,IWDA.AS,47.814998626708984,48.314998626708984,47.064998626708984,47.26499938964844,280122
2020-03-12,IWDA.AS,44.834999084472656,45.099998474121094,42.560001373291016,43.04499816894531,745540
2020-03-13,IWDA.AS,44.290000915527344,45.64500045776367,42.790000915527344,43.755001068115234,593329
2020-03-16,IWDA.AS,42.25,43.220001220703125,40.099998474121094,42.400001525878906,589086
2020-03-17,IWDA.AS,43.59000015258789,43.904998779296875,40.775001525878906,43.209999084472656,552816
2020-03-18,IWDA.AS,41.685001373291016,42.400001525878906,40.599998474121094,41.650001525878906,483170
2020-03-19,IWDA.AS,41.5099983215332,43.04999923706055,40.79999923706055,42.3650016784668,219803
2020-03-20,IWDA.AS,43.83000183105469,44.65999984741211,42.29999923706055,42.625,239447
2020-03-23,IWDA.AS,40.07500076293945,42.88999938964844,39.45500183105469,40.19499969482422,314140
2020-03-24,IWDA.AS,41.80500030517578,43.564998626708984,41.46500015258789,43.564998626708984,197123
2020-03-25,IWDA.AS,44.345001220703125,44.915000915527344,43.0,44.78499984741211,394811
2020-03-26,IWDA.AS,43.41999816894531,45.60499954223633,43.060001373291016,45.58000183105469,302104
2020-03-27,IWDA.AS,45.20500183105469,45.3650016784668,44.17499923706055,44.4900016784668,285248
2020-03-30,IWDA.AS,44.5,45.45000076293945,43.65999984741211,45.45000076293945,151390
2020-03-31,IWDA.AS,45.779998779296875,46.75,45.23500061035156,46.13999938964844,417872
2020-04-01,IWDA.AS,44.07500076293945,44.529998779296875,43.84000015258789,44.189998626708984,270179
2020-04-02,IWDA.AS,44.255001068115234,44.849998474121094,43.45000076293945,44.59000015258789,282638
2020-04-03,IWDA.AS,44.540000915527344,45.029998779296875,44.279998779296875,44.43000030517578,97263
2020-04-06,IWDA.AS,45.92499923706055,46.41999816894531,45.69499969482422,46.29499816894531,223522
2020-04-07,IWDA.AS,47.66999816894531,48.27000045776367,47.18000030517578,47.70000076293945,314717
2020-04-08,IWDA.AS,46.95500183105469,47.69499969482422,46.57500076293945,47.69499969482422,179943
2020-04-09,IWDA.AS,48.5099983215332,48.95000076293945,47.599998474121094,48.65999984741211,389169
2020-04-14,IWDA.AS,49.02000045776367,49.400001525878906,48.70500183105469,49.040000915527344,288852
2020-04-15,IWDA.AS,49.14500045776367,49.17499923706055,48.005001068115234,48.189998626708984,215825
2020-04-16,IWDA.AS,48.849998474121094,48.8849983215332,48.130001068115234,48.69499969482422,90991
2020-04-17,IWDA.AS,49.939998626708984,50.255001068115234,49.27000045776367,49.435001373291016,175339
2020-04-20,IWDA.AS,49.82500076293945,49.91999816894531,49.08000183105469,49.78499984741211,159548
2020-04-21,IWDA.AS,49.20500183105469,49.220001220703125,47.76499938964844,47.845001220703125,155350
2020-04-22,IWDA.AS,48.33000183105469,48.90999984741211,48.2400016784668,48.90999984741211,79744
2020-04-23,IWDA.AS,49.15999984741211,49.73500061035156,48.91999816894531,49.56999969482422,60851
2020-04-24,IWDA.AS,49.099998474121094,49.5,48.94499969482422,49.09000015258789,54901
2020-04-27,IWDA.AS,49.849998474121094,50.224998474121094,49.7599983215332,50.224998474121094,60385
2020-04-28,IWDA.AS,50.32500076293945,51.029998779296875,50.22999954223633,50.58000183105469,125814
2020-04-29,IWDA.AS,50.79499816894531,51.54999923706055,50.630001068115234,51.54999923706055,73086
2020-04-30,IWDA.AS,51.650001525878906,51.76499938964844,50.5,50.51499938964844,223467
2020-05-04,IWDA.AS,48.8650016784668,49.16999816894531,48.5,48.939998626708984,162528
2020-05-05,IWDA.AS,49.73500061035156,50.4900016784668,49.64500045776367,50.48500061035156,106010
2020-05-06,IWDA.AS,50.48500061035156,50.79999923706055,50.1150016784668,50.28499984741211,50688
2020-05-07,IWDA.AS,50.34000015258789,50.875,50.34000015258789,50.834999084472656,71843
2020-05-08,IWDA.AS,51.11000061035156,51.23500061035156,50.880001068115234,51.11000061035156,278072
2020-05-11,IWDA.AS,51.5099983215332,51.689998626708984,50.849998474121094,51.29999923706055,112796
2020-05-12,IWDA.AS,51.099998474121094,51.48500061035156,51.005001068115234,51.165000915527344,113027
2020-05-13,IWDA.AS,50.439998626708984,50.6150016784668,49.935001373291016,50.0,107787
2020-05-14,IWDA.AS,49.54999923706055,49.73500061035156,48.72999954223633,49.404998779296875,175588
2020-05-15,IWDA.AS,50.25,50.33000183105469,49.41999816894531,49.82500076293945,120289
2020-05-18,IWDA.AS,50.650001525878906,51.54999923706055,50.625,51.54999923706055,162473
2020-05-19,IWDA.AS,51.52000045776367,51.560001373291016,50.845001220703125,51.35499954223633,85816
2020-05-20,IWDA.AS,51.0,51.540000915527344,50.900001525878906,51.529998779296875,82754
2020-05-21,IWDA.AS,51.060001373291016,51.45000076293945,50.95000076293945,51.025001525878906,23324
2020-05-22,IWDA.AS,50.69499969482422,51.310001373291016,50.47999954223633,51.18000030517578,80429
2020-05-25,IWDA.AS,51.70000076293945,52.130001068115234,51.61000061035156,52.1150016784668,159320
2020-05-26,IWDA.AS,52.439998626708984,52.4900016784668,52.08000183105469,52.18000030517578,74942
2020-05-27,IWDA.AS,52.41999816894531,52.814998626708984,51.66999816894531,52.060001373291016,134616
2020-05-28,IWDA.AS,52.7599983215332,52.89500045776367,52.58000183105469,52.78499984741211,123688
2020-05-29,IWDA.AS,52.150001525878906,52.2400016784668,51.75,51.77000045776367,93708
2020-06-01,IWDA.AS,52.53499984741211,52.57500076293945,52.095001220703125,52.540000915527344,53237
2020-06-02,IWDA.AS,52.689998626708984,52.95000076293945,52.529998779296875,52.68000030517578,104431
2020-06-03,IWDA.AS,53.0,53.529998779296875,52.95500183105469,53.5,107901
2020-06-04,IWDA.AS,53.349998474121094,53.51499938964844,52.900001525878906,53.040000915527344,82809
2020-06-05,IWDA.AS,53.19499969482422,54.474998474121094,53.19499969482422,54.474998474121094,113119
2020-06-08,IWDA.AS,54.125,54.625,54.095001220703125,54.51499938964844,102019
2020-06-09,IWDA.AS,54.80500030517578,54.8650016784668,53.86000061035156,54.1150016784668,103553
2020-06-10,IWDA.AS,54.38999938964844,54.494998931884766,53.76499938964844,53.8650016784668,79052
2020-06-11,IWDA.AS,52.90999984741211,53.0,51.93000030517578,51.93000030517578,164103
2020-06-12,IWDA.AS,51.564998626708984,52.5,51.45000076293945,51.89500045776367,138839
2020-06-15,IWDA.AS,50.65999984741211,51.689998626708984,50.415000915527344,51.53499984741211,159575
2020-06-16,IWDA.AS,52.6150016784668,53.77000045776367,52.560001373291016,53.29999923706055,107455
2020-06-17,IWDA.AS,53.380001068115234,53.86000061035156,53.369998931884766,53.56999969482422,62849
2020-06-18,IWDA.AS,53.27000045776367,53.540000915527344,52.91999816894531,53.35499954223633,129545
2020-06-19,IWDA.AS,53.6349983215332,53.97999954223633,53.56999969482422,53.790000915527344,90398
2020-06-22,IWDA.AS,53.09000015258789,53.400001525878906,52.900001525878906,53.125,63022
2020-06-23,IWDA.AS,53.400001525878906,53.75,53.349998474121094,53.61000061035156,77276
2020-06-24,IWDA.AS,53.279998779296875,53.415000915527344,52.209999084472656,52.209999084472656,77745
2020-06-25,IWDA.AS,52.060001373291016,52.56999969482422,51.76499938964844,52.470001220703125,70140
2020-06-26,IWDA.AS,52.994998931884766,53.1349983215332,52.13999938964844,52.220001220703125,83185
2020-06-29,IWDA.AS,51.90999984741211,52.35499954223633,51.619998931884766,52.290000915527344,137532
2020-06-30,IWDA.AS,52.584999084472656,52.779998779296875,52.290000915527344,52.70000076293945,164737
2020-07-01,IWDA.AS,52.970001220703125,53.349998474121094,52.720001220703125,53.025001525878906,79463
2020-07-02,IWDA.AS,53.35499954223633,54.07500076293945,53.29999923706055,53.845001220703125,135000
2020-07-03,IWDA.AS,53.904998779296875,53.915000915527344,53.38999938964844,53.494998931884766,50543
2020-07-06,IWDA.AS,53.974998474121094,54.22999954223633,53.95000076293945,54.18000030517578,164794
2020-07-07,IWDA.AS,53.970001220703125,54.220001220703125,53.755001068115234,54.14500045776367,85793
2020-07-08,IWDA.AS,53.90999984741211,53.935001373291016,53.41999816894531,53.53499984741211,65550
2020-07-09,IWDA.AS,53.790000915527344,54.0,53.17499923706055,53.345001220703125,155015
2020-07-10,IWDA.AS,53.404998779296875,53.849998474121094,53.400001525878906,53.810001373291016,70025
2020-07-13,IWDA.AS,54.400001525878906,54.68000030517578,54.20000076293945,54.6349983215332,186446
2020-07-14,IWDA.AS,53.82500076293945,53.880001068115234,53.099998474121094,53.619998931884766,150046
2020-07-15,IWDA.AS,54.34000015258789,54.720001220703125,54.125,54.44499969482422,123893
2020-07-16,IWDA.AS,54.23500061035156,54.400001525878906,54.0,54.099998474121094,70912
2020-07-17,IWDA.AS,54.380001068115234,54.400001525878906,54.06999969482422,54.290000915527344,38347
2020-07-20,IWDA.AS,53.974998474121094,54.61000061035156,53.88999938964844,54.57500076293945,65455
2020-07-21,IWDA.AS,54.98500061035156,55.30500030517578,54.81999969482422,54.93000030517578,82027
2020-07-22,IWDA.AS,54.505001068115234,54.60499954223633,54.06999969482422,54.310001373291016,49455
2020-07-23,IWDA.AS,54.619998931884766,54.755001068115234,54.29999923706055,54.42499923706055,27924
2020-07-24,IWDA.AS,53.41999816894531,53.72999954223633,53.15999984741211,53.375,104430
2020-07-27,IWDA.AS,53.19499969482422,53.369998931884766,52.9900016784668,53.025001525878906,68407
2020-07-28,IWDA.AS,53.33000183105469,53.459999084472656,53.04999923706055,53.38999938964844,44805
2020-07-29,IWDA.AS,53.130001068115234,53.32500076293945,53.040000915527344,53.2599983215332,25934
2020-07-30,IWDA.AS,53.20000076293945,53.20000076293945,52.290000915527344,52.72999954223633,141329
2020-07-31,IWDA.AS,52.66999816894531,53.025001525878906,52.349998474121094,52.560001373291016,54489
2020-08-03,IWDA.AS,53.130001068115234,53.76499938964844,52.900001525878906,53.70500183105469,85046
2020-08-04,IWDA.AS,53.814998626708984,53.849998474121094,53.400001525878906,53.72999954223633,82435
2020-08-05,IWDA.AS,53.83000183105469,53.974998474121094,53.59000015258789,53.65999984741211,49657
2020-08-06,IWDA.AS,53.65999984741211,53.93000030517578,53.474998474121094,53.68000030517578,53713
2020-08-07,IWDA.AS,53.90999984741211,54.2400016784668,53.75,54.13999938964844,65491
2020-08-10,IWDA.AS,54.33000183105469,54.5,54.099998474121094,54.28499984741211,38392
2020-08-11,IWDA.AS,54.755001068115234,54.994998931884766,54.654998779296875,54.7400016784668,32738
2020-08-12,IWDA.AS,54.7599983215332,55.040000915527344,54.7400016784668,55.005001068115234,67466
2020-08-13,IWDA.AS,54.82500076293945,54.935001373291016,54.65999984741211,54.869998931884766,31680
2020-08-14,IWDA.AS,54.834999084472656,54.8650016784668,54.36000061035156,54.68000030517578,45378
2020-08-17,IWDA.AS,54.60499954223633,54.7400016784668,54.43000030517578,54.71500015258789,64103
2020-08-18,IWDA.AS,54.54999923706055,54.79999923706055,54.29999923706055,54.52000045776367,28238
2020-08-19,IWDA.AS,54.529998779296875,54.83000183105469,54.5,54.83000183105469,34623
2020-08-20,IWDA.AS,54.369998931884766,54.6349983215332,54.310001373291016,54.599998474121094,35911
2020-08-21,IWDA.AS,54.7400016784668,55.04999923706055,54.619998931884766,54.92499923706055,40083
2020-08-24,IWDA.AS,55.314998626708984,55.459999084472656,54.650001525878906,55.43000030517578,233275
2020-08-25,IWDA.AS,55.814998626708984,55.880001068115234,55.375,55.470001220703125,51262
2020-08-26,IWDA.AS,55.58000183105469,55.89500045776367,55.58000183105469,55.8849983215332,49045
2020-08-27,IWDA.AS,56.029998779296875,56.415000915527344,55.900001525878906,56.279998779296875,55014
2020-08-28,IWDA.AS,56.08000183105469,56.08000183105469,55.720001220703125,55.84000015258789,51324
2020-08-31,IWDA.AS,56.244998931884766,56.29999923706055,55.58000183105469,55.625,76516
2020-09-01,IWDA.AS,55.814998626708984,55.994998931884766,55.38999938964844,55.81999969482422,50933
2020-09-02,IWDA.AS,56.5,56.974998474121094,56.5,56.810001373291016,55653
2020-09-03,IWDA.AS,57.40999984741211,57.47999954223633,55.4900016784668,55.7599983215332,114833
2020-09-04,IWDA.AS,55.189998626708984,55.970001220703125,54.185001373291016,54.584999084472656,166933
2020-09-07,IWDA.AS,54.875,55.41999816894531,54.779998779296875,55.36000061035156,77489
2020-09-08,IWDA.AS,55.494998931884766,55.54499816894531,54.15999984741211,54.404998779296875,303297
2020-09-09,IWDA.AS,54.29999923706055,55.08000183105469,54.25,54.9900016784668,134778
2020-09-10,IWDA.AS,55.06999969482422,55.06999969482422,54.58000183105469,54.79999923706055,108113
2020-09-11,IWDA.AS,54.58000183105469,54.72999954223633,54.20000076293945,54.41999816894531,46637
2020-09-14,IWDA.AS,54.880001068115234,54.90999984741211,54.5,54.875,55579
2020-09-15,IWDA.AS,54.85499954223633,55.380001068115234,54.790000915527344,55.33000183105469,44999
2020-09-16,IWDA.AS,55.314998626708984,55.5,55.25,55.5,60013
2020-09-17,IWDA.AS,54.584999084472656,54.994998931884766,54.400001525878906,54.79499816894531,129617
2020-09-18,IWDA.AS,54.65999984741211,54.880001068115234,54.29499816894531,54.29499816894531,52771
2020-09-21,IWDA.AS,53.95000076293945,54.0,53.029998779296875,53.130001068115234,85033
2020-09-22,IWDA.AS,53.689998626708984,54.08000183105469,53.59000015258789,53.79499816894531,129311
2020-09-23,IWDA.AS,54.439998626708984,54.68000030517578,54.220001220703125,54.23500061035156,60190
2020-09-24,IWDA.AS,53.41999816894531,53.72999954223633,53.17499923706055,53.619998931884766,190714
2020-09-25,IWDA.AS,53.665000915527344,54.0,53.20000076293945,54.0,105187
2020-09-28,IWDA.AS,54.77000045776367,55.14500045776367,54.650001525878906,55.119998931884766,121844
2020-09-29,IWDA.AS,55.06999969482422,55.06999969482422,54.59000015258789,54.63999938964844,20786
2020-09-30,IWDA.AS,54.30500030517578,55.130001068115234,54.22999954223633,54.959999084472656,57934
2020-10-01,IWDA.AS,55.22999954223633,55.27000045776367,54.8849983215332,55.084999084472656,125397
2020-10-02,IWDA.AS,54.41999816894531,55.0,54.279998779296875,54.88999938964844,126074
2020-10-05,IWDA.AS,55.22999954223633,55.29999923706055,54.96500015258789,55.244998931884766,55797
2020-10-06,IWDA.AS,55.375,55.540000915527344,55.20000076293945,55.400001525878906,95480
2020-10-07,IWDA.AS,55.25,55.5099983215332,55.154998779296875,55.5,59551
2020-10-08,IWDA.AS,55.959999084472656,56.20000076293945,55.755001068115234,55.939998626708984,146740
2020-10-09,IWDA.AS,56.185001373291016,56.2400016784668,56.029998779296875,56.19499969482422,51210
2020-10-12,IWDA.AS,56.380001068115234,56.96500015258789,56.375,56.95000076293945,174453
2020-10-13,IWDA.AS,57.0099983215332,57.15999984741211,56.880001068115234,57.14500045776367,83920
2020-10-14,IWDA.AS,57.11000061035156,57.279998779296875,56.86000061035156,56.904998779296875,103456
2020-10-15,IWDA.AS,56.36000061035156,56.400001525878906,55.95500183105469,56.28499984741211,93435
2020-10-16,IWDA.AS,56.619998931884766,57.0,56.47999954223633,56.82500076293945,59285
2020-10-19,IWDA.AS,56.97999954223633,57.02000045776367,55.79999923706055,56.25,15424
2020-10-20,IWDA.AS,55.939998626708984,56.06999969482422,55.619998931884766,55.65999984741211,83710
2020-10-21,IWDA.AS,55.75,55.779998779296875,55.290000915527344,55.380001068115234,70934
2020-10-22,IWDA.AS,55.13999938964844,55.58000183105469,55.02000045776367,55.404998779296875,67378
2020-10-23,IWDA.AS,55.64500045776367,55.900001525878906,55.56999969482422,55.650001525878906,65951
2020-10-26,IWDA.AS,55.220001220703125,55.45000076293945,54.7599983215332,54.7599983215332,71287
2020-10-27,IWDA.AS,55.005001068115234,55.125,54.65999984741211,54.7400016784668,56616
2020-10-28,IWDA.AS,54.4900016784668,54.494998931884766,53.375,53.584999084472656,177111
2020-10-29,IWDA.AS,53.84000015258789,54.06999969482422,53.22999954223633,53.91999816894531,190945
2020-10-30,IWDA.AS,53.22999954223633,53.79999923706055,52.970001220703125,53.51499938964844,108363
2020-11-02,IWDA.AS,53.73500061035156,54.470001220703125,53.630001068115234,54.27000045776367,91764
2020-11-03,IWDA.AS,54.505001068115234,55.189998626708984,54.45000076293945,55.189998626708984,69235
2020-11-04,IWDA.AS,54.849998474121094,56.43000030517578,54.63999938964844,56.415000915527344,167927
2020-11-05,IWDA.AS,56.55500030517578,56.959999084472656,56.45000076293945,56.80500030517578,95639
2020-11-06,IWDA.AS,56.59000015258789,56.70000076293945,55.9900016784668,56.505001068115234,92541
2020-11-09,IWDA.AS,57.14500045776367,59.13999938964844,57.14500045776367,58.46500015258789,211395
2020-11-10,IWDA.AS,57.779998779296875,57.98500061035156,57.34000015258789,57.720001220703125,208012
2020-11-11,IWDA.AS,57.970001220703125,58.54999923706055,57.95000076293945,58.474998474121094,107523
2020-11-12,IWDA.AS,58.03499984741211,58.20500183105469,57.900001525878906,58.0,113887
2020-11-13,IWDA.AS,57.81999969482422,58.130001068115234,57.79999923706055,57.970001220703125,88601
2020-11-16,IWDA.AS,58.54999923706055,59.0099983215332,58.415000915527344,58.86000061035156,140351
2020-11-17,IWDA.AS,58.810001373291016,58.81999969482422,58.29999923706055,58.665000915527344,82049
2020-11-18,IWDA.AS,58.42499923706055,58.91999816894531,58.38999938964844,58.79499816894531,70486
2020-11-19,IWDA.AS,58.30500030517578,58.400001525878906,58.040000915527344,58.279998779296875,185025
2020-11-20,IWDA.AS,58.290000915527344,58.58000183105469,58.22999954223633,58.529998779296875,88655
2020-11-23,IWDA.AS,58.58000183105469,58.810001373291016,58.33000183105469,58.45500183105469,109253
2020-11-24,IWDA.AS,59.04999923706055,59.29999923706055,58.900001525878906,59.29999923706055,95288
2020-11-25,IWDA.AS,59.36000061035156,59.38999938964844,58.959999084472656,59.150001525878906,81004
2020-11-26,IWDA.AS,59.224998474121094,59.310001373291016,59.150001525878906,59.2400016784668,75078
2020-11-27,IWDA.AS,59.130001068115234,59.36000061035156,59.1150016784668,59.209999084472656,48886
2020-11-30,IWDA.AS,58.775001525878906,59.029998779296875,58.45000076293945,58.58000183105469,203141
2020-12-01,IWDA.AS,59.220001220703125,59.474998474121094,59.04999923706055,59.165000915527344,122477
2020-12-02,IWDA.AS,58.76499938964844,58.935001373291016,58.56999969482422,58.845001220703125,231836
2020-12-03,IWDA.AS,58.720001220703125,58.880001068115234,58.630001068115234,58.849998474121094,95762
2020-12-04,IWDA.AS,58.84000015258789,59.15999984741211,58.724998474121094,59.154998779296875,121595
2020-12-07,IWDA.AS,59.18000030517578,59.189998626708984,58.900001525878906,59.16999816894531,81209
2020-12-08,IWDA.AS,59.14500045776367,59.35499954223633,58.834999084472656,59.35499954223633,153340
2020-12-09,IWDA.AS,59.4900016784668,59.65999984741211,59.439998626708984,59.48500061035156,156142
2020-12-10,IWDA.AS,59.165000915527344,59.255001068115234,58.6150016784668,59.119998931884766,112949
2020-12-11,IWDA.AS,58.94499969482422,58.970001220703125,58.42499923706055,58.72999954223633,89898
2020-12-14,IWDA.AS,59.189998626708984,59.400001525878906,59.04499816894531,59.04499816894531,58537
2020-12-15,IWDA.AS,58.88999938964844,59.119998931884766,58.880001068115234,59.0099983215332,88102
2020-12-16,IWDA.AS,59.349998474121094,59.474998474121094,59.099998474121094,59.400001525878906,68999
2020-12-17,IWDA.AS,59.5,59.540000915527344,59.36000061035156,59.41999816894531,92137
2020-12-18,IWDA.AS,59.380001068115234,59.58000183105469,59.20000076293945,59.28499984741211,101866
2020-12-21,IWDA.AS,59.099998474121094,59.17499923706055,57.9900016784668,58.630001068115234,118931
2020-12-22,IWDA.AS,58.869998931884766,59.290000915527344,58.84000015258789,59.15999984741211,84619
2020-12-23,IWDA.AS,59.27000045776367,59.474998474121094,59.224998474121094,59.400001525878906,132981
2020-12-24,IWDA.AS,59.65999984741211,59.65999984741211,59.30500030517578,59.435001373291016,43171
2020-12-28,IWDA.AS,59.685001373291016,59.91999816894531,59.599998474121094,59.7599983215332,120154
2020-12-29,IWDA.AS,60.0,60.099998474121094,59.70000076293945,59.80500030517578,61268
2020-12-30,IWDA.AS,59.80500030517578,59.90999984741211,59.54999923706055,59.665000915527344,58002
2020-12-31,IWDA.AS,59.470001220703125,59.70500183105469,59.36000061035156,59.59000015258789,39740
2021-01-04,IWDA.AS,60.15999984741211,60.25,59.150001525878906,59.30500030517578,140663
2021-01-05,IWDA.AS,59.28499984741211,59.61000061035156,59.08000183105469,59.41999816894531,136203
2021-01-06,IWDA.AS,59.349998474121094,60.345001220703125,59.029998779296875,60.27000045776367,130889
2021-01-07,IWDA.AS,60.29999923706055,60.88999938964844,60.150001525878906,60.79999923706055,142087
2021-01-08,IWDA.AS,61.31999969482422,61.33000183105469,61.005001068115234,61.099998474121094,144429
2021-01-11,IWDA.AS,61.27000045776367,61.42499923706055,61.005001068115234,61.345001220703125,120485
2021-01-12,IWDA.AS,61.38999938964844,61.439998626708984,61.154998779296875,61.29999923706055,77348
2021-01-13,IWDA.AS,61.25,61.47999954223633,61.09000015258789,61.439998626708984,95151
2021-01-14,IWDA.AS,61.599998474121094,61.93000030517578,61.52000045776367,61.7599983215332,66542
2021-01-15,IWDA.AS,61.369998931884766,61.47999954223633,60.86000061035156,61.2599983215332,78565
2021-01-18,IWDA.AS,61.16999816894531,61.380001068115234,61.099998474121094,61.35499954223633,97677
2021-01-19,IWDA.AS,61.53499984741211,61.599998474121094,61.224998474121094,61.27000045776367,140727
2021-01-20,IWDA.AS,61.369998931884766,62.13999938964844,61.369998931884766,62.095001220703125,150705
2021-01-21,IWDA.AS,62.36000061035156,62.40999984741211,61.93000030517578,62.05500030517578,85584
2021-01-22,IWDA.AS,61.75,61.79499816894531,61.369998931884766,61.65999984741211,108065
2021-01-25,IWDA.AS,61.94499969482422,62.08000183105469,61.20000076293945,61.54999923706055,282595
2021-01-26,IWDA.AS,61.76499938964844,62.11000061035156,61.75,61.84000015258789,173134
2021-01-27,IWDA.AS,61.619998931884766,61.88999938964844,60.790000915527344,61.1349983215332,179985
2021-01-28,IWDA.AS,60.27000045776367,61.31999969482422,59.78499984741211,61.189998626708984,332800
2021-01-29,IWDA.AS,60.244998931884766,60.619998931884766,59.970001220703125,59.970001220703125,175868
2021-02-01,IWDA.AS,60.31999969482422,60.755001068115234,60.20000076293945,60.75,170100
2021-02-02,IWDA.AS,61.290000915527344,62.09000015258789,61.2400016784668,62.040000915527344,127927
2021-02-03,IWDA.AS,62.3849983215332,62.3849983215332,61.939998626708984,62.119998931884766,102432
2021-02-04,IWDA.AS,62.130001068115234,62.689998626708984,62.130001068115234,62.689998626708984,75886
2021-02-05,IWDA.AS,62.9900016784668,63.19499969482422,62.72999954223633,62.915000915527344,116280
2021-02-08,IWDA.AS,63.130001068115234,63.29999923706055,63.04999923706055,63.15999984741211,76711
2021-02-09,IWDA.AS,63.15999984741211,63.22999954223633,62.900001525878906,63.08000183105469,124509
2021-02-10,IWDA.AS,63.16999816894531,63.279998779296875,62.529998779296875,62.900001525878906,85187
2021-02-11,IWDA.AS,63.084999084472656,63.20000076293945,63.0099983215332,63.14500045776367,87455
2021-02-12,IWDA.AS,63.029998779296875,63.40999984741211,62.880001068115234,63.349998474121094,52334
2021-02-15,IWDA.AS,63.724998474121094,63.95500183105469,63.66999816894531,63.89500045776367,63182
2021-02-16,IWDA.AS,63.970001220703125,63.98500061035156,63.71500015258789,63.72999954223633,76564
2021-02-17,IWDA.AS,63.689998626708984,63.90999984741211,63.470001220703125,63.54999923706055,106684
2021-02-18,IWDA.AS,63.65999984741211,63.70000076293945,62.92499923706055,63.16999816894531,98164
2021-02-19,IWDA.AS,63.13999938964844,63.46500015258789,63.029998779296875,63.380001068115234,53124
2021-02-22,IWDA.AS,62.775001525878906,62.88999938964844,62.599998474121094,62.76499938964844,125279
2021-02-23,IWDA.AS,62.834999084472656,62.849998474121094,61.564998626708984,62.32500076293945,207690
2021-02-24,IWDA.AS,62.43000030517578,62.915000915527344,62.30500030517578,62.89500045776367,80438
2021-02-25,IWDA.AS,63.01499938964844,63.04499816894531,62.25,62.275001525878906,74399
2021-02-26,IWDA.AS,61.45500183105469,61.9900016784668,61.13999938964844,61.81999969482422,165557
2021-03-01,IWDA.AS,62.40999984741211,63.06999969482422,62.34000015258789,63.029998779296875,150019
2021-03-02,IWDA.AS,62.9900016784668,63.22999954223633,62.70000076293945,62.70500183105469,105478
2021-03-03,IWDA.AS,62.91999816894531,63.099998474121094,62.185001373291016,62.53499984741211,92803
2021-03-04,IWDA.AS,62.005001068115234,62.290000915527344,61.619998931884766,62.040000915527344,156388
2021-03-05,IWDA.AS,61.51499938964844,62.415000915527344,61.25,61.334999084472656,123659
2021-03-08,IWDA.AS,62.5099983215332,63.54999923706055,62.2599983215332,63.39500045776367,94374
2021-03-09,IWDA.AS,62.974998474121094,63.709999084472656,62.935001373291016,63.650001525878906,91885
2021-03-10,IWDA.AS,63.369998931884766,63.93000030517578,63.349998474121094,63.834999084472656,139253
2021-03-11,IWDA.AS,63.970001220703125,64.23500061035156,63.78499984741211,64.21499633789062,63311
2021-03-12,IWDA.AS,63.95000076293945,64.12999725341797,63.84000015258789,63.9900016784668,96440
2021-03-15,IWDA.AS,64.4000015258789,64.62000274658203,64.13999938964844,64.32499694824219,69324
2021-03-16,IWDA.AS,64.79499816894531,65.11000061035156,64.63999938964844,64.93000030517578,114251
2021-03-17,IWDA.AS,64.88999938964844,64.91999816894531,64.375,64.5250015258789,183722
2021-03-18,IWDA.AS,64.69499969482422,64.83499908447266,64.42500305175781,64.74500274658203,71490
2021-03-19,IWDA.AS,64.20999908447266,64.51000213623047,63.880001068115234,64.30000305175781,79976
2021-03-22,IWDA.AS,64.0,64.44999694824219,64.0,64.44999694824219,143527
2021-03-23,IWDA.AS,64.29000091552734,64.66999816894531,64.1500015258789,64.51499938964844,80756
2021-03-24,IWDA.AS,64.19000244140625,64.5999984741211,64.17500305175781,64.48500061035156,81735
2021-03-25,IWDA.AS,64.05999755859375,64.30999755859375,63.599998474121094,64.25499725341797,104765
2021-03-26,IWDA.AS,64.80999755859375,64.92500305175781,64.58999633789062,64.88999938964844,43587
2021-03-29,IWDA.AS,65.16000366210938,65.37000274658203,65.0199966430664,65.13999938964844,72576
2021-03-30,IWDA.AS,65.5,65.57499694824219,65.23999786376953,65.50499725341797,71690
2021-03-31,IWDA.AS,65.41000366210938,65.69999694824219,65.2300033569336,65.66999816894531,46716
2021-04-01,IWDA.AS,65.80000305175781,66.08999633789062,65.69999694824219,65.94000244140625,65401
2021-04-06,IWDA.AS,66.54499816894531,66.66000366210938,66.4000015258789,66.56999969482422,148420
2021-04-07,IWDA.AS,66.33000183105469,66.45500183105469,66.12999725341797,66.2249984741211,80925
2021-04-08,IWDA.AS,66.61000061035156,66.69999694824219,66.37999725341797,66.61000061035156,58738
2021-04-09,IWDA.AS,66.67500305175781,66.81999969482422,66.62999725341797,66.7699966430664,88695
2021-04-12,IWDA.AS,66.8550033569336,66.93499755859375,66.69000244140625,66.73500061035156,62238
2021-04-13,IWDA.AS,66.94000244140625,67.06500244140625,66.69999694824219,66.9000015258789,84018
2021-04-14,IWDA.AS,66.87999725341797,67.06500244140625,66.81999969482422,66.8949966430664,71811
2021-04-15,IWDA.AS,66.87000274658203,67.2750015258789,66.8499984741211,67.20999908447266,65626
2021-04-16,IWDA.AS,67.25,67.4800033569336,67.19000244140625,67.44000244140625,76373
2021-04-19,IWDA.AS,67.45500183105469,67.5,66.88999938964844,67.01499938964844,86977
2021-04-20,IWDA.AS,66.83000183105469,66.88999938964844,66.0250015258789,66.08000183105469,129763
2021-04-21,IWDA.AS,66.37999725341797,66.67500305175781,66.2249984741211,66.625,83057
2021-04-22,IWDA.AS,66.83999633789062,67.08999633789062,66.66999816894531,67.01499938964844,108583
2021-04-23,IWDA.AS,66.58999633789062,66.9000015258789,66.33000183105469,66.86000061035156,97608
2021-04-26,IWDA.AS,66.79000091552734,67.13999938964844,66.67500305175781,67.05999755859375,74443
2021-04-27,IWDA.AS,67.08000183105469,67.13999938964844,66.73999786376953,66.91999816894531,1151303
2021-04-28,IWDA.AS,67.12000274658203,67.13999938964844,66.9000015258789,66.94499969482422,65322
2021-04-29,IWDA.AS,67.1500015258789,67.24500274658203,66.7300033569336,66.80000305175781,83915
2021-04-30,IWDA.AS,66.94000244140625,67.06999969482422,66.73999786376953,66.9800033569336,60950
2021-05-03,IWDA.AS,67.12999725341797,67.30000305175781,66.94999694824219,67.0999984741211,138646
2021-05-04,IWDA.AS,67.1500015258789,67.30000305175781,66.22000122070312,66.30999755859375,100959
2021-05-05,IWDA.AS,66.96499633789062,67.25,66.93000030517578,67.25,88840
2021-05-06,IWDA.AS,67.0999984741211,67.18000030517578,66.43499755859375,66.83000183105469,86019
2021-05-07,IWDA.AS,67.2249984741211,67.38999938964844,67.0,67.30500030517578,122520
2021-05-10,IWDA.AS,67.31999969482422,67.37999725341797,67.05000305175781,67.22000122070312,112690
2021-05-11,IWDA.AS,66.4749984741211,66.4749984741211,65.40499877929688,65.91999816894531,171527
2021-05-12,IWDA.AS,66.05000305175781,66.16999816894531,65.69999694824219,65.69999694824219,100873
2021-05-13,IWDA.AS,64.97000122070312,66.0,64.61000061035156,65.76000213623047,73620
2021-05-14,IWDA.AS,66.04000091552734,66.37999725341797,65.87000274658203,66.37999725341797,51198
2021-05-17,IWDA.AS,66.44000244140625,66.48999786376953,66.0250015258789,66.13500213623047,57879
2021-05-18,IWDA.AS,66.51000213623047,66.55000305175781,65.98999786376953,66.11000061035156,74158
2021-05-19,IWDA.AS,65.18499755859375,65.33000183105469,64.57499694824219,64.99500274658203,107474
2021-05-20,IWDA.AS,65.57499694824219,66.16000366210938,65.16500091552734,66.16000366210938,62761
2021-05-21,IWDA.AS,66.16999816894531,66.69999694824219,66.13999938964844,66.48500061035156,44735
2021-05-24,IWDA.AS,66.48500061035156,66.80000305175781,66.38999938964844,66.80000305175781,33064
2021-05-25,IWDA.AS,66.77999877929688,66.83000183105469,66.5199966430664,66.5199966430664,86373
2021-05-26,IWDA.AS,66.73500061035156,66.78500366210938,66.5,66.7249984741211,47251
2021-05-27,IWDA.AS,66.69999694824219,67.08999633789062,66.5999984741211,66.98999786376953,62477
2021-05-28,IWDA.AS,67.16999816894531,67.45999908447266,67.12999725341797,67.2300033569336,51961
2021-05-31,IWDA.AS,67.09500122070312,67.16999816894531,66.7300033569336,66.74500274658203,34153
2021-06-01,IWDA.AS,66.98999786376953,67.37999725341797,66.83000183105469,66.94999694824219,70732
2021-06-02,IWDA.AS,67.09500122070312,67.29499816894531,66.95999908447266,67.25,45276
2021-06-03,IWDA.AS,67.26000213623047,67.43000030517578,66.73500061035156,67.33999633789062,66332
2021-06-04,IWDA.AS,67.4000015258789,67.63500213623047,67.29000091552734,67.57499694824219,86988
2021-06-07,IWDA.AS,67.66000366210938,67.80000305175781,67.47000122070312,67.47000122070312,52351
2021-06-08,IWDA.AS,67.68000030517578,67.87000274658203,67.45999908447266,67.5250015258789,43866
2021-06-09,IWDA.AS,67.62999725341797,67.7300033569336,67.51499938964844,67.65499877929688,34044
2021-06-10,IWDA.AS,67.66999816894531,68.0250015258789,67.47000122070312,67.83000183105469,84803
2021-06-11,IWDA.AS,67.81500244140625,68.33999633789062,67.80000305175781,68.2699966430664,36739
2021-06-14,IWDA.AS,68.55000305175781,68.5999984741211,68.19999694824219,68.19999694824219,58944
2021-06-15,IWDA.AS,68.55500030517578,68.66999816894531,68.29000091552734,68.29000091552734,70618
2021-06-16,IWDA.AS,68.44499969482422,68.5,68.27999877929688,68.45999908447266,53900
2021-06-17,IWDA.AS,68.5,69.13500213623047,68.5,69.11499786376953,34640
2021-06-18,IWDA.AS,69.12000274658203,69.16000366210938,68.41999816894531,68.50499725341797,112968
2021-06-21,IWDA.AS,68.05999755859375,68.82499694824219,68.02999877929688,68.81999969482422,54426
2021-06-22,IWDA.AS,69.0199966430664,69.21499633789062,68.81999969482422,69.19999694824219,65932
2021-06-23,IWDA.AS,69.2750015258789,69.30000305175781,68.91000366210938,68.94499969482422,79258
2021-06-24,IWDA.AS,69.16000366210938,69.5250015258789,69.11000061035156,69.41000366210938,56983
2021-06-25,IWDA.AS,69.38500213623047,69.56500244140625,69.32499694824219,69.55000305175781,82653
2021-06-28,IWDA.AS,69.5999984741211,69.78500366210938,69.5,69.54000091552734,60421
2021-06-29,IWDA.AS,69.69999694824219,70.04000091552734,69.69999694824219,69.83999633789062,70294
2021-06-30,IWDA.AS,69.9000015258789,69.9800033569336,69.51000213623047,69.91000366210938,85954
2021-07-01,IWDA.AS,70.11499786376953,70.31999969482422,69.79000091552734,70.0999984741211,134469
2021-07-02,IWDA.AS,70.36499786376953,70.65499877929688,70.33000183105469,70.50499725341797,130814
2021-07-05,IWDA.AS,70.54000091552734,70.70999908447266,70.41000366210938,70.69000244140625,152677
2021-07-06,IWDA.AS,70.47000122070312,70.88500213623047,70.3499984741211,70.47000122070312,97497
2021-07-07,IWDA.AS,70.80000305175781,71.06999969482422,70.71499633789062,70.94999694824219,58725
2021-07-08,IWDA.AS,70.55000305175781,70.63999938964844,69.5,69.9800033569336,184411
2021-07-09,IWDA.AS,70.3499984741211,70.75,70.25,70.74500274658203,126707
2021-07-12,IWDA.AS,70.84500122070312,71.07499694824219,70.48999786376953,71.03500366210938,73403
2021-07-13,IWDA.AS,71.08999633789062,71.42500305175781,71.02999877929688,71.41000366210938,41476
2021-07-14,IWDA.AS,71.18000030517578,71.44499969482422,71.0999984741211,71.12999725341797,92795
2021-07-15,IWDA.AS,70.93000030517578,71.00499725341797,70.69000244140625,70.88999938964844,68058
2021-07-16,IWDA.AS,70.83000183105469,71.03500366210938,70.55000305175781,70.6500015258789,56145
2021-07-19,IWDA.AS,70.08499908447266,70.19000244140625,68.81999969482422,69.2750015258789,141766
2021-07-20,IWDA.AS,69.7300033569336,70.30000305175781,69.41999816894531,70.16000366210938,142446
2021-07-21,IWDA.AS,70.51000213623047,70.79499816894531,70.4000015258789,70.69999694824219,59538
2021-07-22,IWDA.AS,71.04499816894531,71.31999969482422,70.75,71.04000091552734,41111
2021-07-23,IWDA.AS,71.43000030517578,71.84500122070312,71.37999725341797,71.81500244140625,110482
2021-07-26,IWDA.AS,71.5999984741211,71.72000122070312,71.3499984741211,71.70500183105469,30948
2021-07-27,IWDA.AS,71.63500213623047,71.7249984741211,71.01000213623047,71.01000213623047,61552
2021-07-28,IWDA.AS,71.34500122070312,71.62999725341797,71.25,71.5199966430664,71840
2021-07-29,IWDA.AS,71.43000030517578,71.62999725341797,71.33499908447266,71.55500030517578,102884
2021-07-30,IWDA.AS,71.0,71.37999725341797,70.77999877929688,71.30500030517578,65931
2021-08-02,IWDA.AS,71.62000274658203,71.69000244140625,71.31999969482422,71.48999786376953,106602
2021-08-03,IWDA.AS,71.33999633789062,71.44999694824219,71.01000213623047,71.36000061035156,52756
2021-08-04,IWDA.AS,71.66999816894531,71.80000305175781,71.33499908447266,71.69499969482422,60162
2021-08-05,IWDA.AS,71.69999694824219,72.0250015258789,71.69999694824219,71.9800033569336,48161
2021-08-06,IWDA.AS,72.12000274658203,72.48999786376953,72.01000213623047,72.42500305175781,50584
2021-08-09,IWDA.AS,72.3949966430664,72.54499816894531,72.2699966430664,72.50499725341797,50001
2021-08-10,IWDA.AS,72.58999633789062,72.93000030517578,72.55000305175781,72.73999786376953,36119
2021-08-11,IWDA.AS,72.8499984741211,73.0,72.68000030517578,72.82499694824219,45181
2021-08-12,IWDA.AS,72.83999633789062,72.9800033569336,72.75,72.93000030517578,38779
2021-08-13,IWDA.AS,73.12000274658203,73.16500091552734,72.83999633789062,72.875,40947
2021-08-16,IWDA.AS,72.61000061035156,72.78500366210938,72.38999938964844,72.625,62025
2021-08-17,IWDA.AS,72.6500015258789,72.94499969482422,72.5,72.87000274658203,58765
2021-08-18,IWDA.AS,72.88999938964844,72.94499969482422,72.69999694824219,72.86000061035156,43396
2021-08-19,IWDA.AS,71.76499938964844,72.20999908447266,71.41999816894531,72.08999633789062,118430
2021-08-20,IWDA.AS,72.02999877929688,72.62999725341797,71.69000244140625,72.5199966430664,75320
2021-08-23,IWDA.AS,72.79000091552734,73.09500122070312,72.58999633789062,73.08000183105469,43224
2021-08-24,IWDA.AS,73.26000213623047,73.29000091552734,72.94000244140625,73.11000061035156,57643
2021-08-25,IWDA.AS,73.2699966430664,73.2699966430664,73.11000061035156,73.22000122070312,27257
2021-08-26,IWDA.AS,72.9800033569336,73.18000030517578,72.81999969482422,72.94499969482422,82766
2021-08-27,IWDA.AS,72.875,73.20999908447266,72.8499984741211,73.1500015258789,46273
2021-08-30,IWDA.AS,73.20999908447266,73.5250015258789,73.18000030517578,73.49500274658203,88885
2021-08-31,IWDA.AS,73.5,73.55000305175781,73.08999633789062,73.37999725341797,65132
2021-09-01,IWDA.AS,73.625,73.79499816894531,73.23999786376953,73.34500122070312,75226
2021-09-02,IWDA.AS,73.33000183105469,73.5,73.30000305175781,73.4800033569336,51452
2021-09-03,IWDA.AS,73.4749984741211,73.58999633789062,73.0999984741211,73.38500213623047,54803
2021-09-06,IWDA.AS,73.61499786376953,73.8949966430664,73.61499786376953,73.83999633789062,57874
2021-09-07,IWDA.AS,73.68000030517578,73.70999908447266,73.37999725341797,73.4800033569336,59829
2021-09-08,IWDA.AS,73.3499984741211,73.5999984741211,73.07499694824219,73.19999694824219,50336
2021-09-09,IWDA.AS,72.93499755859375,73.66000366210938,72.86000061035156,73.33499908447266,66876
2021-09-10,IWDA.AS,73.2750015258789,73.52999877929688,72.9000015258789,72.95999908447266,121716
2021-09-13,IWDA.AS,73.24500274658203,73.44499969482422,72.79000091552734,72.88500213623047,46531
2021-09-14,IWDA.AS,72.8949966430664,73.13999938964844,72.61000061035156,72.79000091552734,54414
2021-09-15,IWDA.AS,72.75,72.75499725341797,72.41000366210938,72.5999984741211,81903
2021-09-16,IWDA.AS,73.06999969482422,73.41999816894531,72.81999969482422,72.95999908447266,50551
2021-09-17,IWDA.AS,73.29000091552734,73.30000305175781,72.66500091552734,72.69999694824219,37466
2021-09-20,IWDA.AS,71.93000030517578,72.02999877929688,71.2750015258789,71.43000030517578,171273
2021-09-21,IWDA.AS,71.91000366210938,72.2750015258789,71.55999755859375,71.97000122070312,93945
2021-09-22,IWDA.AS,72.04000091552734,72.31999969482422,71.80999755859375,72.31999969482422,67639
2021-09-23,IWDA.AS,72.68000030517578,73.08000183105469,72.5199966430664,72.93000030517578,53371
2021-09-24,IWDA.AS,72.63999938964844,73.05500030517578,72.58999633789062,72.86000061035156,67773
2021-09-27,IWDA.AS,73.41000366210938,73.43000030517578,72.83000183105469,72.93499755859375,48129
2021-09-28,IWDA.AS,72.69999694824219,72.7699966430664,71.54000091552734,71.55999755859375,75695
2021-09-29,IWDA.AS,71.84500122070312,72.30000305175781,71.80000305175781,72.13500213623047,67338
2021-09-30,IWDA.AS,72.55000305175781,72.5999984741211,71.94999694824219,72.0,32041
2021-10-01,IWDA.AS,70.9000015258789,71.77999877929688,70.75,71.5250015258789,92053
2021-10-04,IWDA.AS,71.43499755859375,71.69499969482422,70.72000122070312,70.72000122070312,65960
2021-10-05,IWDA.AS,71.13500213623047,72.04000091552734,71.04000091552734,71.93000030517578,47973
2021-10-06,IWDA.AS,71.33499908447266,71.65499877929688,70.875,71.44999694824219,58466
2021-10-07,IWDA.AS,72.46499633789062,73.0999984741211,72.30500030517578,73.01499938964844,72037
2021-10-08,IWDA.AS,72.91500091552734,72.9749984741211,72.57499694824219,72.69499969482422,60596
2021-10-11,IWDA.AS,72.33999633789062,72.92500305175781,72.27999877929688,72.8499984741211,70771
2021-10-12,IWDA.AS,71.72000122070312,72.58000183105469,71.5999984741211,72.375,31594
2021-10-13,IWDA.AS,72.05000305175781,72.47000122070312,71.93499755859375,72.18000030517578,38044
2021-10-14,IWDA.AS,72.69000244140625,73.37000274658203,72.61000061035156,73.36499786376953,63887
2021-10-15,IWDA.AS,73.5999984741211,74.0,73.52999877929688,73.93000030517578,80079
2021-10-18,IWDA.AS,73.83000183105469,73.98999786376953,73.47000122070312,73.94499969482422,95541
2021-10-19,IWDA.AS,74.0,74.33499908447266,73.9000015258789,74.31500244140625,80332
2021-10-20,IWDA.AS,74.25499725341797,74.62000274658203,74.25,74.56999969482422,99767
2021-10-21,IWDA.AS,74.25,74.6050033569336,74.25,74.43499755859375,50227
2021-10-22,IWDA.AS,74.6500015258789,74.96499633789062,74.5999984741211,74.62000274658203,74037
2021-10-25,IWDA.AS,74.69000244140625,75.06500244140625,74.5999984741211,75.0199966430664,83182
2021-10-26,IWDA.AS,75.4000015258789,75.69999694824219,75.30999755859375,75.58999633789062,74213
2021-10-27,IWDA.AS,75.37000274658203,75.3949966430664,75.05500030517578,75.25,89061
2021-10-28,IWDA.AS,75.0,75.25499725341797,74.80999755859375,75.01000213623047,259808
2021-10-29,IWDA.AS,74.7249984741211,75.74500274658203,74.66999816894531,75.74500274658203,77112
2021-11-01,IWDA.AS,75.96499633789062,76.19000244140625,75.76000213623047,75.875,71851
2021-11-02,IWDA.AS,75.77999877929688,76.20999908447266,75.75499725341797,76.1500015258789,44932
2021-11-03,IWDA.AS,76.12999725341797,76.23500061035156,76.04499816894531,76.12999725341797,154213
2021-11-04,IWDA.AS,76.84500122070312,77.13999938964844,76.75,76.91500091552734,77779
2021-11-05,IWDA.AS,76.9800033569336,77.72000122070312,76.95500183105469,77.33499908447266,46818
2021-11-08,IWDA.AS,77.1050033569336,77.36499786376953,77.03500366210938,77.13500213623047,66173
2021-11-09,IWDA.AS,76.91000366210938,77.21499633789062,76.69000244140625,76.875,66319
2021-11-10,IWDA.AS,77.00499725341797,77.26000213623047,76.71499633789062,77.1449966430664,72025
2021-11-11,IWDA.AS,77.08999633789062,77.33000183105469,77.0199966430664,77.23500061035156,55554
2021-11-12,IWDA.AS,77.31999969482422,77.7300033569336,77.26000213623047,77.70500183105469,52163
2021-11-15,IWDA.AS,77.84500122070312,78.0999984741211,77.76000213623047,78.06500244140625,53416
2021-11-16,IWDA.AS,78.30000305175781,78.75,78.18000030517578,78.72000122070312,79234
2021-11-17,IWDA.AS,78.83000183105469,78.8499984741211,78.5199966430664,78.69000244140625,50361
2021-11-18,IWDA.AS,78.61000061035156,78.79000091552734,78.06999969482422,78.4000015258789,76008
2021-11-19,IWDA.AS,78.83000183105469,79.00499725341797,78.55000305175781,78.68499755859375,122401
2021-11-22,IWDA.AS,79.0250015258789,79.42500305175781,78.83000183105469,79.12999725341797,73214
2021-11-23,IWDA.AS,78.36499786376953,78.72000122070312,77.9000015258789,78.06999969482422,102515
2021-11-24,IWDA.AS,78.45999908447266,78.80000305175781,78.1500015258789,78.76499938964844,56961
2021-11-25,IWDA.AS,79.00499725341797,79.06999969482422,78.80999755859375,78.96499633789062,43433
2021-11-26,IWDA.AS,77.0999984741211,77.32499694824219,76.16999816894531,76.23999786376953,178578
2021-11-29,IWDA.AS,77.29499816894531,77.49500274658203,76.9000015258789,77.19000244140625,129455
2021-11-30,IWDA.AS,76.23999786376953,76.69999694824219,75.72000122070312,76.32499694824219,183884
2021-12-01,IWDA.AS,76.3550033569336,77.0999984741211,76.26000213623047,76.9800033569336,98376
2021-12-02,IWDA.AS,75.48999786376953,76.0,74.8499984741211,75.63500213623047,167664
2021-12-03,IWDA.AS,76.28500366210938,76.53500366210938,75.12000274658203,75.41000366210938,81652
2021-12-06,IWDA.AS,75.98500061035156,76.42500305175781,75.37000274658203,76.28500366210938,70130
2021-12-07,IWDA.AS,77.06999969482422,78.3499984741211,77.02999877929688,78.32499694824219,64086
2021-12-08,IWDA.AS,78.16999816894531,78.46499633789062,77.56500244140625,77.69999694824219,62188
2021-12-09,IWDA.AS,77.93000030517578,77.98999786376953,77.66999816894531,77.98999786376953,41902
2021-12-10,IWDA.AS,77.61000061035156,78.16999816894531,77.4000015258789,77.5199966430664,48363
2021-12-13,IWDA.AS,78.11499786376953,78.47000122070312,77.33000183105469,77.41000366210938,55978
2021-12-14,IWDA.AS,77.7300033569336,77.77999877929688,76.58499908447266,76.6500015258789,103463
2021-12-15,IWDA.AS,77.08999633789062,77.18000030517578,76.70999908447266,76.7699966430664,50912
2021-12-16,IWDA.AS,78.16000366210938,78.61499786376953,77.6500015258789,77.8499984741211,79332
2021-12-17,IWDA.AS,77.24500274658203,77.54000091552734,76.38999938964844,77.19000244140625,102347
2021-12-20,IWDA.AS,75.80000305175781,76.18499755859375,75.44000244140625,75.48999786376953,115398
2021-12-21,IWDA.AS,76.44000244140625,76.82499694824219,76.22000122070312,76.76000213623047,68289
2021-12-22,IWDA.AS,77.26499938964844,77.51000213623047,76.94999694824219,77.48999786376953,66048
2021-12-23,IWDA.AS,77.8499984741211,78.44999694824219,77.79000091552734,78.41000366210938,165209
2021-12-24,IWDA.AS,78.30000305175781,78.5,78.19999694824219,78.43000030517578,31602
2021-12-27,IWDA.AS,78.19000244140625,78.94999694824219,78.19000244140625,78.88999938964844,74807
2021-12-28,IWDA.AS,79.18499755859375,79.62999725341797,79.13500213623047,79.3499984741211,51489
2021-12-29,IWDA.AS,79.41999816894531,79.5999984741211,78.72000122070312,78.91999816894531,39633
2021-12-30,IWDA.AS,79.23999786376953,79.45999908447266,79.125,79.33499908447266,66354
2021-12-31,IWDA.AS,79.0250015258789,79.12999725341797,78.83499908447266,78.9800033569336,49790
2022-01-03,IWDA.AS,79.04499816894531,79.3499984741211,78.73500061035156,79.13999938964844,94677
2022-01-04,IWDA.AS,79.69999694824219,79.9800033569336,79.28500366210938,79.49500274658203,103989
2022-01-05,IWDA.AS,79.43000030517578,79.55000305175781,79.0999984741211,79.26000213623047,59791
2022-01-06,IWDA.AS,78.08999633789062,78.2249984741211,77.48999786376953,78.08000183105469,151894
2022-01-07,IWDA.AS,77.88999938964844,78.13999938964844,77.15499877929688,77.4749984741211,84276
2022-01-10,IWDA.AS,77.74500274658203,77.75,76.08999633789062,76.48500061035156,113398
2022-01-11,IWDA.AS,77.43499755859375,77.7699966430664,76.98999786376953,77.4000015258789,93856
2022-01-12,IWDA.AS,78.04000091552734,78.24500274658203,77.58499908447266,77.80500030517578,73205
2022-01-13,IWDA.AS,77.44000244140625,77.87999725341797,77.37000274658203,77.54499816894531,83833
2022-01-14,IWDA.AS,76.5999984741211,76.875,76.16000366210938,76.49500274658203,165042
2022-01-17,IWDA.AS,76.83499908447266,77.20500183105469,76.75,77.125,57941
2022-01-18,IWDA.AS,76.6449966430664,76.6449966430664,76.06999969482422,76.2699966430664,85881
2022-01-19,IWDA.AS,75.70999908447266,76.5999984741211,75.6449966430664,75.95500183105469,84498
2022-01-20,IWDA.AS,75.80500030517578,76.61499786376953,75.55000305175781,76.57499694824219,100843
2022-01-21,IWDA.AS,74.91000366210938,75.03500366210938,73.87999725341797,74.80500030517578,227127
2022-01-24,IWDA.AS,74.05999755859375,74.25,71.65499877929688,71.75,379298
2022-01-25,IWDA.AS,72.8550033569336,73.44999694824219,72.05000305175781,72.54499816894531,314800
2022-01-26,IWDA.AS,73.31500244140625,74.4800033569336,73.30000305175781,74.02999877929688,139571
2022-01-27,IWDA.AS,72.76000213623047,74.80000305175781,72.66500091552734,74.42500305175781,151434
2022-01-28,IWDA.AS,73.71499633789062,73.73999786376953,72.43000030517578,73.44499969482422,177835
2022-01-31,IWDA.AS,74.58999633789062,75.08000183105469,74.19999694824219,74.99500274658203,109252
2022-02-01,IWDA.AS,75.36000061035156,75.68499755859375,75.02999877929688,75.62999725341797,100125
2022-02-02,IWDA.AS,76.11499786376953,76.42500305175781,75.77999877929688,75.80000305175781,126064
2022-02-03,IWDA.AS,75.75,75.95500183105469,74.4000015258789,74.45500183105469,87355
2022-02-04,IWDA.AS,74.5250015258789,74.625,73.2249984741211,73.68000030517578,87948
2022-02-07,IWDA.AS,74.27999877929688,74.49500274658203,73.75,74.12000274658203,50517
2022-02-08,IWDA.AS,74.29499816894531,74.56500244140625,73.87999725341797,74.48999786376953,65542
2022-02-09,IWDA.AS,74.97000122070312,75.68000030517578,74.87999725341797,75.5199966430664,68296
2022-02-10,IWDA.AS,75.73500061035156,75.81500244140625,74.97000122070312,75.05500030517578,46949
2022-02-11,IWDA.AS,74.5999984741211,75.11000061035156,74.31999969482422,74.58999633789062,73536
2022-02-14,IWDA.AS,73.76499938964844,73.98999786376953,73.0199966430664,73.83000183105469,158284
2022-02-15,IWDA.AS,73.73999786376953,74.62999725341797,73.69999694824219,74.44000244140625,84251
2022-02-16,IWDA.AS,74.38999938964844,74.7300033569336,74.0,74.12999725341797,76442
2022-02-17,IWDA.AS,74.44999694824219,74.5,73.5999984741211,73.81999969482422,59327
2022-02-18,IWDA.AS,73.56999969482422,73.69000244140625,72.8499984741211,72.94000244140625,72962
2022-02-21,IWDA.AS,73.13999938964844,73.23500061035156,72.05000305175781,72.11000061035156,79424
2022-02-22,IWDA.AS,71.65499877929688,72.81999969482422,71.43000030517578,72.29000091552734,117073
2022-02-23,IWDA.AS,72.48500061035156,72.79000091552734,71.75499725341797,71.87999725341797,81946
2022-02-24,IWDA.AS,69.82499694824219,71.2249984741211,69.66000366210938,70.91000366210938,294204
2022-02-25,IWDA.AS,71.7750015258789,73.16999816894531,71.52999877929688,73.16999816894531,159590
2022-02-28,IWDA.AS,72.90499877929688,73.67500305175781,72.51000213623047,73.54499816894531,76345
2022-03-01,IWDA.AS,73.82499694824219,73.97000122070312,72.9000015258789,73.09500122070312,146377
2022-03-02,IWDA.AS,72.87999725341797,74.15499877929688,72.69999694824219,73.9000015258789,65969
2022-03-03,IWDA.AS,74.16000366210938,74.61000061035156,73.5,73.69999694824219,112322
2022-03-04,IWDA.AS,73.5250015258789,73.86499786376953,72.8499984741211,73.02999877929688,156239
2022-03-07,IWDA.AS,72.48500061035156,73.44499969482422,72.0,72.71499633789062,166676
2022-03-08,IWDA.AS,71.37000274658203,72.12999725341797,70.98999786376953,71.11000061035156,140592
2022-03-09,IWDA.AS,71.75,72.31999969482422,71.5999984741211,72.17500305175781,187141
2022-03-10,IWDA.AS,72.33000183105469,72.43000030517578,71.2300033569336,71.69999694824219,108624
2022-03-11,IWDA.AS,72.375,73.43000030517578,72.15499877929688,72.44999694824219,115353
2022-03-14,IWDA.AS,72.30999755859375,72.5999984741211,71.5999984741211,71.65499877929688,164604
2022-03-15,IWDA.AS,70.875,72.36499786376953,70.48999786376953,72.30000305175781,114531
2022-03-16,IWDA.AS,73.3550033569336,73.94499969482422,73.19999694824219,73.75,192281
2022-03-17,IWDA.AS,74.1500015258789,74.18499755859375,73.58999633789062,74.0199966430664,85985
2022-03-18,IWDA.AS,74.44999694824219,75.20999908447266,74.2750015258789,75.16500091552734,68222
2022-03-21,IWDA.AS,75.48999786376953,76.06999969482422,75.41000366210938,75.70999908447266,79126
2022-03-22,IWDA.AS,76.12000274658203,76.61000061035156,75.9000015258789,76.51000213623047,109045
2022-03-23,IWDA.AS,76.62000274658203,76.70500183105469,76.25,76.34500122070312,55290
2022-03-24,IWDA.AS,76.36000061035156,76.58999633789062,76.1500015258789,76.30000305175781,45985
2022-03-25,IWDA.AS,76.62999725341797,77.0,76.3499984741211,76.71499633789062,74047
2022-03-28,IWDA.AS,77.06999969482422,77.43499755859375,76.93499755859375,76.95500183105469,81398
2022-03-29,IWDA.AS,77.54499816894531,77.8499984741211,77.1449966430664,77.51499938964844,129527
2022-03-30,IWDA.AS,77.56500244140625,77.58999633789062,77.05000305175781,77.16999816894531,41900
2022-03-31,IWDA.AS,77.08999633789062,77.44000244140625,77.0199966430664,77.0999984741211,32940
2022-04-01,IWDA.AS,76.79000091552734,77.19999694824219,76.69999694824219,76.8550033569336,101869
2022-04-04,IWDA.AS,77.0999984741211,77.7249984741211,76.82499694824219,77.67500305175781,102719
2022-04-05,IWDA.AS,77.9749984741211,78.1500015258789,77.6500015258789,77.95500183105469,121048
2022-04-06,IWDA.AS,77.6050033569336,77.69999694824219,76.22000122070312,76.44999694824219,154451
2022-04-07,IWDA.AS,76.5999984741211,77.0250015258789,76.22000122070312,76.25,220759
2022-04-08,IWDA.AS,77.33000183105469,77.56500244140625,76.90499877929688,77.30500030517578,71294
2022-04-11,IWDA.AS,76.80500030517578,76.80500030517578,76.0199966430664,76.15499877929688,71354
2022-04-12,IWDA.AS,75.5999984741211,76.63999938964844,75.41000366210938,76.55999755859375,61426
2022-04-13,IWDA.AS,76.21499633789062,76.33499908447266,75.7699966430664,76.22000122070312,80849
2022-04-14,IWDA.AS,76.25,76.98999786376953,76.0999984741211,76.68000030517578,58458
2022-04-19,IWDA.AS,76.26000213623047,76.8499984741211,75.62999725341797,76.74500274658203,71994
2022-04-20,IWDA.AS,76.61000061035156,77.25,76.56500244140625,76.87999725341797,131404
2022-04-21,IWDA.AS,76.72000122070312,77.2750015258789,76.58999633789062,76.87999725341797,57720
2022-04-22,IWDA.AS,75.81500244140625,76.01000213623047,75.06500244140625,75.06500244140625,85261
2022-04-25,IWDA.AS,73.66000366210938,74.2300033569336,73.48500061035156,73.70500183105469,227859
2022-04-26,IWDA.AS,74.80000305175781,74.93000030517578,73.75,73.80999755859375,89441
2022-04-27,IWDA.AS,73.79499816894531,74.70999908447266,73.44499969482422,74.4749984741211,98693
2022-04-28,IWDA.AS,75.0,75.51499938964844,74.44000244140625,74.87999725341797,142509
2022-04-29,IWDA.AS,75.55000305175781,75.83000183105469,74.7699966430664,75.05999755859375,51564
2022-05-02,IWDA.AS,73.9000015258789,74.49500274658203,73.19999694824219,73.44499969482422,118357
2022-05-03,IWDA.AS,74.08499908447266,74.5,73.6500015258789,74.5,85286
2022-05-04,IWDA.AS,74.43000030517578,74.4800033569336,73.52999877929688,73.52999877929688,74514
2022-05-05,IWDA.AS,75.5250015258789,75.55999755859375,73.5999984741211,73.70500183105469,161610
2022-05-06,IWDA.AS,73.56999969482422,73.61000061035156,71.77999877929688,72.69999694824219,205920
2022-05-09,IWDA.AS,72.46499633789062,72.59500122070312,70.79000091552734,70.79499816894531,177575
2022-05-10,IWDA.AS,71.05500030517578,71.69999694824219,70.25,70.33000183105469,180191
2022-05-11,IWDA.AS,70.88500213623047,71.58000183105469,70.05000305175781,71.25,120687
2022-05-12,IWDA.AS,69.71499633789062,71.08000183105469,69.54499816894531,70.5999984741211,350471
2022-05-13,IWDA.AS,71.23999786376953,72.44000244140625,71.1500015258789,72.29000091552734,64527
2022-05-16,IWDA.AS,72.00499725341797,72.3550033569336,71.75,72.07499694824219,50449
2022-05-17,IWDA.AS,72.34500122070312,73.06999969482422,71.87999725341797,72.375,59967
2022-05-18,IWDA.AS,72.66500091552734,72.73999786376953,71.30999755859375,71.3550033569336,37429
2022-05-19,IWDA.AS,70.51499938964844,70.5999984741211,69.47000122070312,70.02999877929688,193062
2022-05-20,IWDA.AS,70.33999633789062,71.3550033569336,69.5999984741211,69.80500030517578,182804
2022-05-23,IWDA.AS,70.68000030517578,70.82499694824219,69.77999877929688,70.62999725341797,115351
2022-05-24,IWDA.AS,69.5999984741211,69.96499633789062,68.8499984741211,68.98999786376953,140780
2022-05-25,IWDA.AS,70.27999877929688,70.57499694824219,69.7249984741211,70.2699966430664,94557
2022-05-26,IWDA.AS,70.4749984741211,71.47000122070312,70.44000244140625,71.31500244140625,112481
2022-05-27,IWDA.AS,71.44999694824219,72.69999694824219,71.30999755859375,72.69999694824219,96309
2022-05-30,IWDA.AS,73.44999694824219,73.6449966430664,72.98999786376953,73.1449966430664,81561
2022-05-31,IWDA.AS,72.875,73.15499877929688,72.4000015258789,72.48999786376953,108175
2022-06-01,IWDA.AS,72.95999908447266,73.20500183105469,72.30000305175781,72.41500091552734,147741
2022-06-02,IWDA.AS,72.54000091552734,72.75,72.0,72.56999969482422,53233
2022-06-03,IWDA.AS,73.17500305175781,73.20500183105469,72.18000030517578,72.29000091552734,158370
2022-06-06,IWDA.AS,72.79499816894531,73.45999908447266,72.69999694824219,72.98999786376953,73738
2022-06-07,IWDA.AS,72.40499877929688,72.9000015258789,72.19000244140625,72.70999908447266,49753
2022-06-08,IWDA.AS,73.01499938964844,73.1050033569336,72.44999694824219,72.84500122070312,31108
2022-06-09,IWDA.AS,72.34500122070312,72.87999725341797,71.80000305175781,72.16000366210938,67010
2022-06-10,IWDA.AS,71.3550033569336,71.79499816894531,69.94999694824219,69.9749984741211,201371
2022-06-13,IWDA.AS,69.05000305175781,69.19499969482422,67.94499969482422,68.27999877929688,193873
2022-06-14,IWDA.AS,68.63999938964844,68.74500274658203,67.62000274658203,67.76499938964844,111641
2022-06-15,IWDA.AS,67.66500091552734,68.58999633789062,67.44999694824219,68.2750015258789,101957
2022-06-16,IWDA.AS,68.08499908447266,68.12000274658203,65.94499969482422,66.19000244140625,227253
2022-06-17,IWDA.AS,66.30500030517578,66.83999633789062,65.80000305175781,66.29499816894531,153438
2022-06-20,IWDA.AS,66.24500274658203,66.625,66.03500366210938,66.625,41720
2022-06-21,IWDA.AS,66.88500213623047,67.48999786376953,66.75,67.37000274658203,79239
2022-06-22,IWDA.AS,66.69000244140625,67.48999786376953,66.30000305175781,67.26000213623047,111903
2022-06-23,IWDA.AS,66.78500366210938,67.83999633789062,66.69999694824219,67.41500091552734,66007
2022-06-24,IWDA.AS,67.94000244140625,69.05500030517578,67.93000030517578,68.99500274658203,111040
2022-06-27,IWDA.AS,69.45999908447266,69.86000061035156,68.95500183105469,69.2249984741211,111053
2022-06-28,IWDA.AS,69.58999633789062,70.23500061035156,69.13999938964844,69.19000244140625,49824
2022-06-29,IWDA.AS,68.41999816894531,68.82499694824219,68.12999725341797,68.58000183105469,81045
2022-06-30,IWDA.AS,67.875,68.25,67.4000015258789,67.90499877929688,86419
2022-07-01,IWDA.AS,67.28500366210938,68.66000366210938,67.28500366210938,68.20500183105469,135093
2022-07-04,IWDA.AS,68.55999755859375,68.79499816894531,68.37000274658203,68.63999938964844,60094
2022-07-05,IWDA.AS,68.99500274658203,69.33000183105469,68.30000305175781,68.41000366210938,90979
2022-07-06,IWDA.AS,69.65499877929688,70.47000122070312,69.5,69.9000015258789,41407
2022-07-07,IWDA.AS,70.48999786376953,71.36499786376953,70.37000274658203,71.30500030517578,74775
2022-07-08,IWDA.AS,71.3550033569336,71.9000015258789,71.12000274658203,71.80000305175781,96681
2022-07-11,IWDA.AS,71.13500213623047,71.80000305175781,71.0999984741211,71.32499694824219,57086
2022-07-12,IWDA.AS,71.20500183105469,71.62000274658203,70.9800033569336,71.49500274658203,58086
2022-07-13,IWDA.AS,71.18499755859375,71.90499877929688,69.9000015258789,70.4000015258789,51009
2022-07-14,IWDA.AS,70.57499694824219,70.6050033569336,69.5,69.79499816894531,179397
2022-07-15,IWDA.AS,70.23500061035156,71.15499877929688,70.13999938964844,71.06999969482422,47019
2022-07-18,IWDA.AS,71.44000244140625,71.83000183105469,71.11000061035156,71.36499786376953,56910
2022-07-19,IWDA.AS,70.68000030517578,71.46499633789062,70.08499908447266,71.46499633789062,92031
2022-07-20,IWDA.AS,71.95500183105469,72.45500183105469,71.69999694824219,72.42500305175781,62270
2022-07-21,IWDA.AS,72.32499694824219,72.59500122070312,71.9000015258789,72.59500122070312,59361
2022-07-22,IWDA.AS,72.78500366210938,73.36499786376953,72.58000183105469,72.58000183105469,82236
2022-07-25,IWDA.AS,72.50499725341797,72.77999877929688,72.15499877929688,72.58000183105469,85198
2022-07-26,IWDA.AS,72.43000030517578,72.9749984741211,72.30000305175781,72.46499633789062,70846
2022-07-27,IWDA.AS,72.82499694824219,73.30000305175781,72.59500122070312,73.19499969482422,41359
2022-07-28,IWDA.AS,73.38999938964844,74.23999786376953,73.16999816894531,74.16000366210938,80160
2022-07-29,IWDA.AS,74.50499725341797,75.3499984741211,74.5,74.84500122070312,104084
2022-08-01,IWDA.AS,75.02999877929688,75.25,74.58000183105469,74.9800033569336,93837
2022-08-02,IWDA.AS,74.5999984741211,75.19499969482422,74.33000183105469,74.99500274658203,66820
2022-08-03,IWDA.AS,74.93000030517578,75.77999877929688,74.77999877929688,75.7300033569336,76692
2022-08-04,IWDA.AS,75.7249984741211,76.07499694824219,75.34500122070312,75.47000122070312,64008
2022-08-05,IWDA.AS,75.53500366210938,75.73500061035156,75.0999984741211,75.33000183105469,46258
2022-08-08,IWDA.AS,75.92500305175781,76.30000305175781,75.63999938964844,75.83499908447266,73876
2022-08-09,IWDA.AS,75.61000061035156,75.67500305175781,74.8499984741211,75.05000305175781,103411
2022-08-10,IWDA.AS,74.92500305175781,75.75,74.80000305175781,75.69999694824219,52894
2022-08-11,IWDA.AS,76.2249984741211,76.51499938964844,75.91500091552734,76.15499877929688,67101
2022-08-12,IWDA.AS,76.18499755859375,76.9000015258789,76.1500015258789,76.88999938964844,56448
2022-08-15,IWDA.AS,77.37999725341797,77.76000213623047,77.1500015258789,77.73999786376953,49060
2022-08-16,IWDA.AS,78.13999938964844,78.4000015258789,77.68499755859375,78.12000274658203,55707
2022-08-17,IWDA.AS,78.32499694824219,78.37000274658203,77.43499755859375,77.49500274658203,59633
2022-08-18,IWDA.AS,77.45999908447266,78.06500244140625,77.4000015258789,78.06500244140625,66271
2022-08-19,IWDA.AS,77.97000122070312,78.06999969482422,77.55000305175781,77.58499908447266,46406
2022-08-22,IWDA.AS,77.46499633789062,77.56999969482422,76.76000213623047,77.13999938964844,84609
2022-08-23,IWDA.AS,76.88999938964844,77.19000244140625,76.4000015258789,76.56500244140625,64569
2022-08-24,IWDA.AS,76.6050033569336,77.0,76.30000305175781,76.86000061035156,68595
2022-08-25,IWDA.AS,77.19000244140625,77.40499877929688,76.88500213623047,77.24500274658203,45580
2022-08-26,IWDA.AS,77.71499633789062,77.81999969482422,75.94499969482422,76.1449966430664,42168
2022-08-29,IWDA.AS,75.1500015258789,75.18499755859375,74.47000122070312,74.7750015258789,238699
2022-08-30,IWDA.AS,75.0,75.375,73.77999877929688,74.04000091552734,66025
2022-08-31,IWDA.AS,74.26499938964844,74.33999633789062,73.30999755859375,73.30999755859375,80567
2022-09-01,IWDA.AS,72.83999633789062,73.02999877929688,72.3550033569336,72.9000015258789,136015
2022-09-02,IWDA.AS,73.32499694824219,74.08999633789062,73.0999984741211,73.8949966430664,46219
2022-09-05,IWDA.AS,73.51000213623047,73.5199966430664,73.02999877929688,73.44000244140625,58187
2022-09-06,IWDA.AS,73.29000091552734,73.80000305175781,72.80000305175781,73.3499984741211,121941
2022-09-07,IWDA.AS,72.80500030517578,73.1500015258789,72.6500015258789,73.05000305175781,42955
2022-09-08,IWDA.AS,73.61000061035156,74.13999938964844,72.94999694824219,74.11000061035156,69310
2022-09-09,IWDA.AS,73.7750015258789,74.80000305175781,73.75,74.67500305175781,41910
2022-09-12,IWDA.AS,74.29000091552734,75.33000183105469,74.12000274658203,75.20999908447266,76986
2022-09-13,IWDA.AS,75.37000274658203,75.61000061035156,73.76499938964844,73.875,99087
2022-09-14,IWDA.AS,73.5,73.61000061035156,72.91000366210938,73.30999755859375,83327
2022-09-15,IWDA.AS,73.63500213623047,73.74500274658203,72.62000274658203,72.9000015258789,70991
2022-09-16,IWDA.AS,72.04499816894531,72.24500274658203,71.44499969482422,71.52999877929688,106196
2022-09-19,IWDA.AS,71.63999938964844,72.08000183105469,71.2249984741211,71.73500061035156,72684
2022-09-20,IWDA.AS,72.31999969482422,72.54499816894531,71.41999816894531,71.6449966430664,38142
2022-09-21,IWDA.AS,71.80500030517578,72.58499908447266,71.73500061035156,72.53500366210938,57095
2022-09-22,IWDA.AS,71.04499816894531,72.0,70.81500244140625,70.94499969482422,146603
2022-09-23,IWDA.AS,70.9000015258789,70.98500061035156,70.07499694824219,70.0999984741211,110494
2022-09-26,IWDA.AS,70.18000030517578,70.84500122070312,69.81999969482422,70.3499984741211,160214
2022-09-27,IWDA.AS,70.58000183105469,70.96499633789062,70.25,70.25,116703
2022-09-28,IWDA.AS,69.99500274658203,70.62000274658203,69.44000244140625,70.51000213623047,106224
2022-09-29,IWDA.AS,70.19999694824219,70.20500183105469,68.62999725341797,68.81500244140625,97946
2022-09-30,IWDA.AS,68.93000030517578,69.50499725341797,68.6500015258789,69.30000305175781,74008
2022-10-03,IWDA.AS,68.08499908447266,69.30000305175781,67.75,69.17500305175781,137981
2022-10-04,IWDA.AS,69.9800033569336,70.79000091552734,69.95999908447266,70.5999984741211,132160
2022-10-05,IWDA.AS,70.44000244140625,70.76000213623047,70.25,70.46499633789062,50890
2022-10-06,IWDA.AS,70.94499969482422,71.47000122070312,70.47000122070312,71.0199966430664,48698
2022-10-07,IWDA.AS,70.76499938964844,71.48999786376953,69.62999725341797,69.62999725341797,91318
2022-10-10,IWDA.AS,69.33000183105469,69.94999694824219,69.0999984741211,69.33499908447266,67789
2022-10-11,IWDA.AS,68.63999938964844,69.05500030517578,68.31500244140625,68.88500213623047,80773
2022-10-12,IWDA.AS,68.86000061035156,69.20999908447266,68.3499984741211,68.62999725341797,85775
2022-10-13,IWDA.AS,68.33499908447266,69.33999633789062,67.16500091552734,68.69999694824219,125035
2022-10-14,IWDA.AS,69.86499786376953,70.45999908447266,68.79499816894531,68.93499755859375,88202
2022-10-17,IWDA.AS,69.01499938964844,69.91500091552734,68.75,69.58499908447266,75619
2022-10-18,IWDA.AS,70.08499908447266,70.80500030517578,69.70999908447266,69.7249984741211,143092
2022-10-19,IWDA.AS,70.23999786376953,70.55000305175781,69.87999725341797,70.00499725341797,86930
2022-10-20,IWDA.AS,69.75499725341797,70.37000274658203,69.5,70.12000274658203,89580
2022-10-21,IWDA.AS,69.30000305175781,70.05500030517578,68.9800033569336,69.81999969482422,85171
2022-10-24,IWDA.AS,70.56999969482422,71.08999633789062,70.04499816894531,70.54499816894531,286585
2022-10-25,IWDA.AS,71.08499908447266,71.31999969482422,70.68000030517578,71.30999755859375,75749
2022-10-26,IWDA.AS,70.91999816894531,71.4749984741211,70.7249984741211,71.44999694824219,50898
2022-10-27,IWDA.AS,70.83499908447266,71.5199966430664,70.6050033569336,71.24500274658203,52342
2022-10-28,IWDA.AS,70.4000015258789,71.95500183105469,70.33499908447266,71.81500244140625,96699
2022-10-31,IWDA.AS,72.23999786376953,72.70999908447266,72.01499938964844,72.33999633789062,106240
2022-11-01,IWDA.AS,72.73999786376953,73.0199966430664,72.16999816894531,72.46499633789062,95203
2022-11-02,IWDA.AS,72.5199966430664,72.56999969482422,71.93499755859375,71.98999786376953,71137
2022-11-03,IWDA.AS,71.3550033569336,71.4800033569336,70.56999969482422,71.22000122070312,93395
2022-11-04,IWDA.AS,71.11000061035156,71.68000030517578,70.31999969482422,70.61000061035156,126419
2022-11-07,IWDA.AS,70.65499877929688,71.22000122070312,70.5999984741211,70.88999938964844,80059
2022-11-08,IWDA.AS,70.94999694824219,71.56500244140625,70.94999694824219,71.56500244140625,45234
2022-11-09,IWDA.AS,71.25,71.32499694824219,70.69499969482422,70.78500366210938,93447
2022-11-10,IWDA.AS,70.37000274658203,72.47000122070312,70.37000274658203,72.43000030517578,52168
2022-11-11,IWDA.AS,72.97000122070312,73.05000305175781,72.17500305175781,72.20999908447266,60305
2022-11-14,IWDA.AS,72.55500030517578,72.81500244140625,72.33000183105469,72.47000122070312,58819
2022-11-15,IWDA.AS,72.24500274658203,72.9000015258789,72.02999877929688,72.86499786376953,63388
2022-11-16,IWDA.AS,72.51499938964844,72.57499694824219,71.71499633789062,71.87999725341797,72649
2022-11-17,IWDA.AS,72.13999938964844,72.20500183105469,71.26499938964844,71.56500244140625,94774
2022-11-18,IWDA.AS,71.66000366210938,72.41999816894531,71.66000366210938,72.08499908447266,69601
2022-11-21,IWDA.AS,72.38500213623047,72.6449966430664,72.22000122070312,72.32499694824219,86605
2022-11-22,IWDA.AS,72.3949966430664,72.9000015258789,72.19999694824219,72.83000183105469,39648
2022-11-23,IWDA.AS,72.94000244140625,73.17500305175781,72.83000183105469,73.1050033569336,40348
2022-11-24,IWDA.AS,73.04499816894531,73.375,72.98999786376953,73.2249984741211,60916
2022-11-25,IWDA.AS,73.125,73.33999633789062,73.0,73.125,34395
2022-11-28,IWDA.AS,72.75,72.8550033569336,71.97000122070312,72.56999969482422,58101
2022-11-29,IWDA.AS,72.55999755859375,72.73500061035156,72.0999984741211,72.13999938964844,44784
2022-11-30,IWDA.AS,72.4749984741211,72.61000061035156,72.08499908447266,72.57499694824219,57786
2022-12-01,IWDA.AS,73.94499969482422,73.98999786376953,73.08499908447266,73.32499694824219,75145
2022-12-02,IWDA.AS,73.11000061035156,73.29000091552734,72.5,73.01000213623047,74484
2022-12-05,IWDA.AS,72.80999755859375,72.87999725341797,72.27999877929688,72.37000274658203,67821
2022-12-06,IWDA.AS,72.18000030517578,72.34500122070312,71.20999908447266,71.36000061035156,66282
2022-12-07,IWDA.AS,71.43499755859375,71.48999786376953,70.55000305175781,70.9749984741211,53229
2022-12-08,IWDA.AS,71.01000213623047,71.4000015258789,70.91000366210938,71.1500015258789,45532
2022-12-09,IWDA.AS,71.36000061035156,71.88500213623047,70.94000244140625,71.4800033569336,37452
2022-12-12,IWDA.AS,71.00499725341797,71.30500030517578,70.77999877929688,71.17500305175781,55056
2022-12-13,IWDA.AS,71.6500015258789,73.5,71.61000061035156,72.19999694824219,59151
2022-12-14,IWDA.AS,71.8550033569336,72.06999969482422,71.47000122070312,72.05000305175781,43641
2022-12-15,IWDA.AS,71.01499938964844,71.0999984741211,69.44999694824219,69.56500244140625,141168
2022-12-16,IWDA.AS,69.54499816894531,69.59500122070312,68.75,69.00499725341797,129836
2022-12-19,IWDA.AS,69.11000061035156,69.375,68.73500061035156,68.73500061035156,70140
2022-12-20,IWDA.AS,68.05000305175781,68.76000213623047,68.04000091552734,68.4749984741211,67017
2022-12-21,IWDA.AS,68.84500122070312,69.7750015258789,68.7249984741211,69.73999786376953,91945
2022-12-22,IWDA.AS,69.68000030517578,69.80000305175781,68.53500366210938,68.65499877929688,67870
2022-12-23,IWDA.AS,68.80000305175781,69.1050033569336,68.4000015258789,68.81999969482422,58850
2022-12-27,IWDA.AS,69.41000366210938,69.44999694824219,68.61499786376953,68.83000183105469,65042
2022-12-28,IWDA.AS,68.95500183105469,69.0250015258789,68.44999694824219,68.45500183105469,77662
2022-12-29,IWDA.AS,68.19499969482422,68.98999786376953,68.07499694824219,68.95999908447266,66877
2022-12-30,IWDA.AS,68.70500183105469,68.78500366210938,68.16999816894531,68.28500366210938,56375
2023-01-02,IWDA.AS,69.45999908447266,69.91000366210938,69.0999984741211,69.86000061035156,69024
2023-01-03,IWDA.AS,69.50499725341797,70.29499816894531,69.12000274658203,69.16500091552734,103048
2023-01-04,IWDA.AS,69.37999725341797,69.79000091552734,69.18499755859375,69.79000091552734,55457
2023-01-05,IWDA.AS,69.42500305175781,69.77999877929688,69.16000366210938,69.38999938964844,53839
2023-01-06,IWDA.AS,69.47000122070312,70.1050033569336,69.3550033569336,70.05500030517578,51539
2023-01-09,IWDA.AS,70.09500122070312,70.58499908447266,70.0,70.47000122070312,60880
2023-01-10,IWDA.AS,69.68499755859375,69.93000030517578,69.48500061035156,69.7249984741211,69143
2023-01-11,IWDA.AS,70.06999969482422,70.37999725341797,70.02999877929688,70.34500122070312,42671
2023-01-12,IWDA.AS,70.74500274658203,71.05000305175781,70.30000305175781,70.54499816894531,101721
2023-01-13,IWDA.AS,70.66500091552734,70.8499984741211,70.30000305175781,70.7750015258789,63680
2023-01-16,IWDA.AS,71.11000061035156,71.20999908447266,70.82499694824219,71.13500213623047,44035
2023-01-17,IWDA.AS,71.01499938964844,71.56999969482422,70.84500122070312,71.33499908447266,60767
2023-01-18,IWDA.AS,71.26000213623047,71.5,70.93000030517578,70.93000030517578,72211
2023-01-19,IWDA.AS,70.41999816894531,70.44499969482422,69.81999969482422,69.875,74743
2023-01-20,IWDA.AS,70.04000091552734,70.3949966430664,69.78500366210938,70.37999725341797,66352
2023-01-23,IWDA.AS,70.57499694824219,71.55999755859375,70.38999938964844,71.43499755859375,104218
2023-01-24,IWDA.AS,71.37000274658203,71.43000030517578,71.03500366210938,71.28500366210938,59391
2023-01-25,IWDA.AS,71.16999816894531,71.25,70.2699966430664,70.72000122070312,148243
2023-01-26,IWDA.AS,71.38500213623047,71.75,71.33000183105469,71.56500244140625,71312
2023-01-27,IWDA.AS,71.78500366210938,72.29000091552734,71.69999694824219,72.2249984741211,41033
2023-01-30,IWDA.AS,71.75,71.95999908447266,71.36000061035156,71.8550033569336,61700
2023-01-31,IWDA.AS,71.71499633789062,71.86499786376953,71.15499877929688,71.79000091552734,43881
2023-02-01,IWDA.AS,72.05000305175781,72.11000061035156,71.55000305175781,71.74500274658203,52408
2023-02-02,IWDA.AS,72.30500030517578,73.44000244140625,72.25499725341797,73.44000244140625,90794
2023-02-03,IWDA.AS,73.06999969482422,73.81999969482422,72.84500122070312,73.81999969482422,88263
2023-02-06,IWDA.AS,73.20999908447266,73.45500183105469,72.87999725341797,73.44000244140625,77687
2023-02-07,IWDA.AS,73.42500305175781,73.5999984741211,73.31999969482422,73.5999984741211,144555
2023-02-08,IWDA.AS,74.05000305175781,74.13500213623047,73.5,73.5,93762
2023-02-09,IWDA.AS,73.94499969482422,74.06999969482422,73.58000183105469,73.61000061035156,44398
2023-02-10,IWDA.AS,72.95500183105469,73.3550033569336,72.75,73.23500061035156,111205
2023-02-13,IWDA.AS,73.30000305175781,73.83000183105469,73.2699966430664,73.74500274658203,56691
2023-02-14,IWDA.AS,73.84500122070312,74.16000366210938,73.41500091552734,73.41500091552734,84212
2023-02-15,IWDA.AS,73.5,74.11499786376953,73.44999694824219,74.05500030517578,96890
2023-02-16,IWDA.AS,74.4000015258789,74.43000030517578,73.55999755859375,73.98500061035156,102982
2023-02-17,IWDA.AS,73.3550033569336,73.55500030517578,73.08999633789062,73.09500122070312,70875
2023-02-20,IWDA.AS,73.29499816894531,73.40499877929688,73.16999816894531,73.23999786376953,31435
2023-02-21,IWDA.AS,73.12000274658203,73.19999694824219,72.51000213623047,72.52999877929688,59143
2023-02-22,IWDA.AS,72.4000015258789,72.58999633789062,72.1449966430664,72.47000122070312,73706
2023-02-23,IWDA.AS,72.75,73.03500366210938,72.44499969482422,72.45500183105469,72250
2023-02-24,IWDA.AS,72.86000061035156,72.88999938964844,71.9000015258789,72.0999984741211,60245
2023-02-27,IWDA.AS,72.6050033569336,72.91999816894531,72.48999786376953,72.5,57560
2023-02-28,IWDA.AS,72.17500305175781,72.55500030517578,72.0,72.25499725341797,50871
2023-03-01,IWDA.AS,72.20999908447266,72.26000213623047,71.3499984741211,71.48500061035156,104920
2023-03-02,IWDA.AS,71.29000091552734,72.0,71.2300033569336,71.83999633789062,58192
2023-03-03,IWDA.AS,72.37999725341797,73.06500244140625,72.31999969482422,73.0250015258789,123123
2023-03-06,IWDA.AS,73.30999755859375,73.42500305175781,73.08999633789062,73.30999755859375,100057
2023-03-07,IWDA.AS,73.08999633789062,73.34500122070312,72.80000305175781,72.87999725341797,74584
2023-03-08,IWDA.AS,72.80999755859375,73.0250015258789,72.69000244140625,72.78500366210938,55124
2023-03-09,IWDA.AS,72.81999969482422,73.08499908447266,72.58499908447266,72.7699966430664,62261
2023-03-10,IWDA.AS,71.01000213623047,71.80000305175781,70.3499984741211,71.2249984741211,176761
2023-03-13,IWDA.AS,70.4800033569336,70.6050033569336,68.8499984741211,69.55000305175781,224184
2023-03-14,IWDA.AS,69.72000122070312,70.69000244140625,69.5,70.58000183105469,122159
2023-03-15,IWDA.AS,70.27999877929688,70.44999694824219,69.37999725341797,69.94999694824219,194944
2023-03-16,IWDA.AS,70.50499725341797,71.05000305175781,69.8499984741211,70.91000366210938,92555
2023-03-17,IWDA.AS,71.25,71.44499969482422,70.0999984741211,70.34500122070312,153907
2023-03-20,IWDA.AS,69.95500183105469,70.70999908447266,69.49500274658203,70.3499984741211,225922
2023-03-21,IWDA.AS,70.76000213623047,71.17500305175781,70.75,70.94000244140625,105206
2023-03-22,IWDA.AS,71.08999633789062,71.36499786376953,71.0199966430664,71.05500030517578,33666
2023-03-23,IWDA.AS,70.1050033569336,70.72000122070312,69.87000274658203,70.48999786376953,135278
2023-03-24,IWDA.AS,70.32499694824219,70.48999786376953,69.8499984741211,70.30000305175781,120473
2023-03-27,IWDA.AS,71.13999938964844,71.18499755859375,70.7300033569336,70.83999633789062,198133
2023-03-28,IWDA.AS,71.0,71.05000305175781,70.37999725341797,70.49500274658203,68122
2023-03-29,IWDA.AS,71.08499908447266,71.25499725341797,70.94999694824219,71.19999694824219,60680
2023-03-30,IWDA.AS,71.62000274658203,71.76000213623047,71.3499984741211,71.56999969482422,155442
2023-03-31,IWDA.AS,71.68499755859375,72.43000030517578,71.62999725341797,72.36499786376953,78516
2023-04-03,IWDA.AS,72.81999969482422,72.875,72.44999694824219,72.54499816894531,66234
2023-04-04,IWDA.AS,72.76000213623047,73.00499725341797,72.02999877929688,72.12999725341797,255582
2023-04-05,IWDA.AS,72.1500015258789,72.16999816894531,71.86000061035156,71.97000122070312,47849
2023-04-06,IWDA.AS,72.11000061035156,72.25499725341797,71.87999725341797,72.02999877929688,68862
2023-04-11,IWDA.AS,72.71499633789062,72.7750015258789,72.38999938964844,72.5250015258789,68960
2023-04-12,IWDA.AS,72.44499969482422,72.86499786376953,72.02999877929688,72.22000122070312,73263
2023-04-13,IWDA.AS,72.19000244140625,72.19999694824219,71.73500061035156,72.0999984741211,73009
2023-04-14,IWDA.AS,72.40499877929688,72.93499755859375,72.31999969482422,72.6449966430664,159752
2023-04-17,IWDA.AS,72.875,73.1500015258789,72.79499816894531,72.96499633789062,102013
2023-04-18,IWDA.AS,73.22000122070312,73.47000122070312,73.0,73.08499908447266,166007
2023-04-19,IWDA.AS,72.98500061035156,73.08000183105469,72.7699966430664,72.98999786376953,130601
2023-04-20,IWDA.AS,72.94000244140625,72.98500061035156,72.58000183105469,72.75,103067
2023-04-21,IWDA.AS,72.79000091552734,72.8949966430664,72.52999877929688,72.7249984741211,132754
2023-04-24,IWDA.AS,72.5199966430664,72.68499755859375,72.37999725341797,72.4000015258789,100722
2023-04-25,IWDA.AS,72.25,72.42500305175781,72.08999633789062,72.2699966430664,64605
2023-04-26,IWDA.AS,72.0,72.02999877929688,71.12000274658203,71.55000305175781,93357
2023-04-27,IWDA.AS,71.5,71.93000030517578,71.36000061035156,71.92500305175781,38159
2023-04-28,IWDA.AS,72.31999969482422,72.75,72.11000061035156,72.55500030517578,73508
2023-05-02,IWDA.AS,72.97000122070312,73.11000061035156,71.83999633789062,71.8499984741211,116681
2023-05-03,IWDA.AS,72.19999694824219,72.34500122070312,71.86499786376953,71.94999694824219,104284
2023-05-04,IWDA.AS,71.54000091552734,71.69499969482422,71.11000061035156,71.48999786376953,149544
2023-05-05,IWDA.AS,71.61000061035156,72.5,71.5199966430664,72.3949966430664,59144
2023-05-08,IWDA.AS,72.44999694824219,72.7249984741211,72.41500091552734,72.625,50441
2023-05-09,IWDA.AS,72.75,72.88500213623047,72.5999984741211,72.87999725341797,62358
2023-05-10,IWDA.AS,72.80000305175781,73.0999984741211,72.51000213623047,72.78500366210938,111578
2023-05-11,IWDA.AS,73.31999969482422,73.43000030517578,72.7300033569336,72.98500061035156,136864
2023-05-12,IWDA.AS,73.18000030517578,73.5199966430664,73.12000274658203,73.26000213623047,75259
2023-05-15,IWDA.AS,73.53500366210938,73.66000366210938,73.125,73.45500183105469,95823
2023-05-16,IWDA.AS,73.36000061035156,73.5,73.18499755859375,73.33000183105469,78232
2023-05-17,IWDA.AS,73.1500015258789,73.61499786376953,73.13999938964844,73.52999877929688,82614
2023-05-18,IWDA.AS,74.00499725341797,74.68000030517578,74.0,74.58000183105469,169981
2023-05-19,IWDA.AS,74.875,75.05500030517578,74.54000091552734,74.54000091552734,120151
2023-05-22,IWDA.AS,74.67500305175781,74.86499786376953,74.45500183105469,74.80500030517578,104501
2023-05-23,IWDA.AS,74.58000183105469,74.80000305175781,74.4800033569336,74.65499877929688,46590
2023-05-24,IWDA.AS,73.9000015258789,73.94499969482422,73.27999877929688,73.48999786376953,131205
2023-05-25,IWDA.AS,73.91500091552734,74.2249984741211,73.72000122070312,73.82499694824219,101073
2023-05-26,IWDA.AS,74.06999969482422,75.04499816894531,73.83999633789062,74.88500213623047,108462
2023-05-29,IWDA.AS,75.1449966430664,75.18000030517578,75.00499725341797,75.1050033569336,33214
2023-05-30,IWDA.AS,75.19000244140625,75.38999938964844,74.68000030517578,74.76499938964844,125494
2023-05-31,IWDA.AS,74.55999755859375,74.93499755859375,74.25,74.3499984741211,120299
2023-06-01,IWDA.AS,74.66999816894531,74.88500213623047,74.19999694824219,74.33999633789062,89148
2023-06-02,IWDA.AS,75.06500244140625,76.125,75.0,76.05999755859375,121637
2023-06-05,IWDA.AS,76.2750015258789,76.6500015258789,76.06999969482422,76.30000305175781,73767
2023-06-06,IWDA.AS,76.08000183105469,76.53500366210938,76.0250015258789,76.4000015258789,59328
2023-06-07,IWDA.AS,76.41000366210938,76.4800033569336,76.12999725341797,76.26000213623047,59120
2023-06-08,IWDA.AS,75.96499633789062,76.08499908447266,75.58999633789062,75.875,62020
2023-06-09,IWDA.AS,76.0,76.51000213623047,75.8499984741211,76.24500274658203,37724
2023-06-12,IWDA.AS,76.55000305175781,76.55000305175781,76.2300033569336,76.45999908447266,77553
2023-06-13,IWDA.AS,76.81999969482422,77.20500183105469,76.62000274658203,77.16500091552734,78703
2023-06-14,IWDA.AS,77.18000030517578,77.4000015258789,76.96499633789062,77.17500305175781,95311
2023-06-15,IWDA.AS,77.01000213623047,77.05999755859375,76.33999633789062,76.90499877929688,148413
2023-06-16,IWDA.AS,77.05500030517578,77.43000030517578,76.9800033569336,77.22000122070312,38221
2023-06-19,IWDA.AS,76.91500091552734,77.06999969482422,76.7249984741211,76.73999786376953,88350
2023-06-20,IWDA.AS,76.6449966430664,76.79000091552734,76.30000305175781,76.36499786376953,97528
2023-06-21,IWDA.AS,76.37999725341797,76.55999755859375,75.87000274658203,76.01000213623047,106012
2023-06-22,IWDA.AS,75.5199966430664,75.83999633789062,75.2699966430664,75.80999755859375,63839
2023-06-23,IWDA.AS,75.7300033569336,76.20500183105469,75.5999984741211,75.7699966430664,55014
2023-06-26,IWDA.AS,75.71499633789062,75.8550033569336,75.44499969482422,75.59500122070312,54528
2023-06-27,IWDA.AS,75.56999969482422,75.5999984741211,75.12999725341797,75.5199966430664,59024
2023-06-28,IWDA.AS,75.91000366210938,76.30999755859375,75.76499938964844,76.23999786376953,60419
2023-06-29,IWDA.AS,76.2750015258789,76.58499908447266,76.13999938964844,76.52999877929688,103499
2023-06-30,IWDA.AS,76.74500274658203,77.30000305175781,76.74500274658203,77.19499969482422,75002
2023-07-03,IWDA.AS,77.50499725341797,77.6449966430664,77.25,77.4000015258789,63354
2023-07-04,IWDA.AS,77.44000244140625,77.54000091552734,77.38999938964844,77.48500061035156,39814
2023-07-05,IWDA.AS,77.30000305175781,77.46499633789062,77.0199966430664,77.41500091552734,59595
2023-07-06,IWDA.AS,77.05999755859375,77.12000274658203,76.05999755859375,76.1500015258789,97948
2023-07-07,IWDA.AS,76.19499969482422,76.41999816894531,76.04000091552734,76.1500015258789,59307
2023-07-10,IWDA.AS,75.62000274658203,76.01499938964844,75.52999877929688,75.83000183105469,106017
2023-07-11,IWDA.AS,75.90499877929688,76.2249984741211,75.75,76.1449966430664,46435
2023-07-12,IWDA.AS,76.30999755859375,76.74500274658203,76.26499938964844,76.50499725341797,79011
2023-07-13,IWDA.AS,76.49500274658203,76.63999938964844,76.46499633789062,76.50499725341797,80250
2023-07-14,IWDA.AS,76.53500366210938,76.70999908447266,76.36000061035156,76.48999786376953,30096
2023-07-17,IWDA.AS,76.19499969482422,76.45999908447266,76.08000183105469,76.41500091552734,53305
2023-07-18,IWDA.AS,76.33000183105469,76.87999725341797,76.23999786376953,76.82499694824219,141541
2023-07-19,IWDA.AS,77.2249984741211,77.62999725341797,77.06500244140625,77.50499725341797,144048
2023-07-20,IWDA.AS,77.1449966430664,77.56999969482422,77.12999725341797,77.56999969482422,109621
2023-07-21,IWDA.AS,77.44999694824219,77.75,77.41999816894531,77.67500305175781,104364
2023-07-24,IWDA.AS,77.375,78.06999969482422,77.30000305175781,77.95999908447266,99437
2023-07-25,IWDA.AS,78.09500122070312,78.44999694824219,77.9800033569336,78.36000061035156,96610
2023-07-26,IWDA.AS,78.375,78.41000366210938,77.95999908447266,78.08499908447266,71988
2023-07-27,IWDA.AS,78.40499877929688,79.44999694824219,78.33499908447266,79.20500183105469,74436
2023-07-28,IWDA.AS,78.75499725341797,79.04000091552734,78.70999908447266,78.95500183105469,125504
2023-07-31,IWDA.AS,78.8949966430664,79.15499877929688,78.81999969482422,78.98999786376953,114112
2023-08-01,IWDA.AS,79.2249984741211,79.36499786376953,78.8550033569336,78.94999694824219,104379
2023-08-02,IWDA.AS,78.29000091552734,78.53500366210938,77.94000244140625,78.0999984741211,86517
2023-08-03,IWDA.AS,77.8499984741211,77.99500274658203,77.44000244140625,77.68499755859375,102346
2023-08-04,IWDA.AS,77.875,78.08499908447266,77.30999755859375,77.59500122070312,62806
2023-08-07,IWDA.AS,77.5,77.61000061035156,77.34500122070312,77.37999725341797,68588
2023-08-08,IWDA.AS,77.44999694824219,77.68499755859375,77.13999938964844,77.22000122070312,49111
2023-08-09,IWDA.AS,77.81999969482422,77.87000274658203,77.08999633789062,77.15499877929688,37857
2023-08-10,IWDA.AS,77.36000061035156,77.83499908447266,77.1500015258789,77.53500366210938,54657
2023-08-11,IWDA.AS,77.19499969482422,77.2750015258789,76.83000183105469,77.0250015258789,72878
2023-08-14,IWDA.AS,77.16999816894531,77.67500305175781,77.13500213623047,77.51000213623047,69786
2023-08-15,IWDA.AS,77.62000274658203,77.6500015258789,76.69999694824219,76.9800033569336,61203
2023-08-16,IWDA.AS,76.75,76.90499877929688,76.5999984741211,76.84500122070312,110456
2023-08-17,IWDA.AS,76.55999755859375,76.66999816894531,76.26499938964844,76.33999633789062,91876
2023-08-18,IWDA.AS,75.88999938964844,75.96499633789062,75.38500213623047,75.72000122070312,166726
2023-08-21,IWDA.AS,75.875,76.15499877929688,75.72000122070312,75.7750015258789,87104
2023-08-22,IWDA.AS,76.13999938964844,76.7699966430664,76.08000183105469,76.51499938964844,59501
2023-08-23,IWDA.AS,76.58999633789062,77.04000091552734,76.58999633789062,77.0,98866
2023-08-24,IWDA.AS,77.65499877929688,77.75,76.69999694824219,76.69999694824219,56769
2023-08-25,IWDA.AS,76.61499786376953,76.91500091552734,76.33499908447266,76.71499633789062,128379
2023-08-28,IWDA.AS,77.03500366210938,77.53500366210938,76.94999694824219,77.31999969482422,56712
2023-08-29,IWDA.AS,77.56999969482422,77.9800033569336,77.3499984741211,77.96499633789062,70918
2023-08-30,IWDA.AS,78.08999633789062,78.2300033569336,77.66000366210938,77.91999816894531,71426
2023-08-31,IWDA.AS,78.2249984741211,78.77999877929688,78.16999816894531,78.53500366210938,104067
2023-09-01,IWDA.AS,78.52999877929688,79.0199966430664,78.5,78.88500213623047,61414
2023-09-04,IWDA.AS,79.1449966430664,79.23999786376953,78.9000015258789,78.92500305175781,65236
2023-09-05,IWDA.AS,78.84500122070312,79.3499984741211,78.73999786376953,79.20999908447266,48403
2023-09-06,IWDA.AS,78.86000061035156,78.99500274658203,78.5199966430664,78.56999969482422,63733
2023-09-07,IWDA.AS,78.4000015258789,78.58000183105469,78.16000366210938,78.48500061035156,63621
2023-09-08,IWDA.AS,78.48500061035156,78.63500213623047,78.12999725341797,78.63500213623047,57825
2023-09-11,IWDA.AS,78.70500183105469,78.9000015258789,78.51000213623047,78.63500213623047,55765
2023-09-12,IWDA.AS,78.8949966430664,78.93000030517578,78.61000061035156,78.66999816894531,59236
2023-09-13,IWDA.AS,78.44499969482422,78.6500015258789,78.25,78.63999938964844,41909
2023-09-14,IWDA.AS,78.80000305175781,79.73999786376953,78.62999725341797,79.65499877929688,88877
2023-09-15,IWDA.AS,80.0999984741211,80.18499755859375,79.23500061035156,79.29000091552734,61694
2023-09-18,IWDA.AS,79.23500061035156,79.25,78.80000305175781,78.91000366210938,245401
2023-09-19,IWDA.AS,78.8949966430664,79.08499908447266,78.4000015258789,78.55000305175781,76886
2023-09-20,IWDA.AS,78.7699966430664,78.94499969482422,78.68000030517578,78.7750015258789,62068
2023-09-21,IWDA.AS,78.25499725341797,78.25499725341797,77.44999694824219,77.5199966430664,114895
2023-09-22,IWDA.AS,77.16500091552734,77.59500122070312,77.125,77.48999786376953,112137
2023-09-25,IWDA.AS,77.20500183105469,77.48500061035156,76.81999969482422,77.44999694824219,89622
2023-09-26,IWDA.AS,77.2249984741211,77.26499938964844,76.70999908447266,76.83000183105469,124227
2023-09-27,IWDA.AS,76.86499786376953,77.29499816894531,76.86499786376953,77.04000091552734,141479
2023-09-28,IWDA.AS,77.12999725341797,77.23999786376953,76.69999694824219,77.16000366210938,99027
2023-09-29,IWDA.AS,77.23999786376953,77.66999816894531,77.19000244140625,77.29000091552734,84171
2023-10-02,IWDA.AS,77.24500274658203,77.41000366210938,76.86499786376953,77.20500183105469,152814
2023-10-03,IWDA.AS,77.19000244140625,77.30999755859375,76.22000122070312,76.25,173227
2023-10-04,IWDA.AS,75.81500244140625,76.21499633789062,75.69000244140625,76.0,127957
2023-10-05,IWDA.AS,76.37999725341797,76.5199966430664,75.91999816894531,75.96499633789062,108193
2023-10-06,IWDA.AS,76.28500366210938,76.5,75.88500213623047,76.44000244140625,266371
2023-10-09,IWDA.AS,76.62999725341797,76.98999786376953,76.44999694824219,76.95500183105469,67036
2023-10-10,IWDA.AS,77.58000183105469,78.06500244140625,77.41500091552734,78.03500366210938,109355
2023-10-11,IWDA.AS,77.76000213623047,78.30999755859375,77.6500015258789,77.70500183105469,77138
2023-10-12,IWDA.AS,78.2300033569336,78.44999694824219,78.18000030517578,78.31999969482422,56460
2023-10-13,IWDA.AS,78.1050033569336,78.4000015258789,77.73500061035156,77.83499908447266,90231
2023-10-16,IWDA.AS,77.80500030517578,78.2699966430664,77.45999908447266,78.19999694824219,88106
2023-10-17,IWDA.AS,78.1050033569336,78.19499969482422,77.53500366210938,77.9800033569336,60077
2023-10-18,IWDA.AS,77.7699966430664,77.88500213623047,77.4800033569336,77.57499694824219,58459
2023-10-19,IWDA.AS,76.97000122070312,77.0999984741211,76.5199966430664,76.72000122070312,57890
2023-10-20,IWDA.AS,75.91000366210938,76.0999984741211,75.30000305175781,75.3550033569336,150918
2023-10-23,IWDA.AS,75.31500244140625,75.4000015258789,74.54000091552734,75.05999755859375,103981
2023-10-24,IWDA.AS,74.83499908447266,75.69999694824219,74.7699966430664,75.48500061035156,124615
2023-10-25,IWDA.AS,75.30000305175781,75.58000183105469,74.92500305175781,75.16000366210938,183806
2023-10-26,IWDA.AS,74.37999725341797,74.83000183105469,74.28500366210938,74.55500030517578,181513
2023-10-27,IWDA.AS,74.41999816894531,74.58999633789062,73.86000061035156,73.9000015258789,182390
2023-10-30,IWDA.AS,74.26499938964844,74.3499984741211,73.69000244140625,73.98999786376953,155376
2023-10-31,IWDA.AS,74.04000091552734,74.67500305175781,74.0,74.67500305175781,143565
2023-11-01,IWDA.AS,74.91000366210938,75.625,74.80500030517578,75.48500061035156,101252
2023-11-02,IWDA.AS,75.81500244140625,76.5999984741211,75.7750015258789,76.58999633789062,297197
2023-11-03,IWDA.AS,76.79499816894531,77.08999633789062,76.58999633789062,76.9749984741211,196596
2023-11-06,IWDA.AS,76.91500091552734,76.93000030517578,76.73999786376953,76.7699966430664,116209
2023-11-07,IWDA.AS,76.76000213623047,77.30000305175781,76.75,77.22000122070312,157092
2023-11-08,IWDA.AS,77.02999877929688,77.37999725341797,76.91500091552734,76.95500183105469,113883
2023-11-09,IWDA.AS,77.11499786376953,77.4749984741211,77.01499938964844,77.29499816894531,81325
2023-11-10,IWDA.AS,77.02999877929688,77.19499969482422,76.62000274658203,77.11000061035156,93859
2023-11-13,IWDA.AS,77.41500091552734,77.69999694824219,77.3949966430664,77.6500015258789,135841
2023-11-14,IWDA.AS,77.6449966430664,78.32499694824219,77.44000244140625,78.16000366210938,167103
2023-11-15,IWDA.AS,78.23500061035156,78.6050033569336,78.22000122070312,78.44000244140625,203423
2023-11-16,IWDA.AS,78.33000183105469,78.34500122070312,77.87999725341797,77.98999786376953,175581
2023-11-17,IWDA.AS,78.55000305175781,78.66000366210938,78.19999694824219,78.2699966430664,200672
2023-11-20,IWDA.AS,78.1500015258789,78.33999633789062,78.04000091552734,78.33999633789062,190483
2023-11-21,IWDA.AS,78.41000366210938,78.48999786376953,78.22000122070312,78.375,190088
2023-11-22,IWDA.AS,78.57499694824219,79.1500015258789,78.57499694824219,79.02999877929688,96781
2023-11-23,IWDA.AS,78.9000015258789,79.05000305175781,78.80000305175781,78.98999786376953,72012
2023-11-24,IWDA.AS,78.88500213623047,79.0,78.75,78.83999633789062,135735
2023-11-27,IWDA.AS,78.63500213623047,78.82499694824219,78.48999786376953,78.69999694824219,126983
2023-11-28,IWDA.AS,78.51499938964844,78.55999755859375,78.18000030517578,78.55000305175781,128162
2023-11-29,IWDA.AS,78.48999786376953,78.93499755859375,78.44000244140625,78.6050033569336,109766
2023-11-30,IWDA.AS,78.83999633789062,79.19999694824219,78.7750015258789,78.97000122070312,155604
2023-12-01,IWDA.AS,79.375,79.8949966430664,79.30000305175781,79.8499984741211,276676
2023-12-04,IWDA.AS,79.87000274658203,80.0,79.69499969482422,79.76000213623047,206216
2023-12-05,IWDA.AS,79.7699966430664,80.18000030517578,79.58000183105469,80.16000366210938,116346
2023-12-06,IWDA.AS,80.44999694824219,80.63999938964844,80.27999877929688,80.27999877929688,165896
2023-12-07,IWDA.AS,80.12000274658203,80.44999694824219,79.98500061035156,80.375,115671
2023-12-08,IWDA.AS,80.43499755859375,80.9749984741211,80.38999938964844,80.875,129960
2023-12-11,IWDA.AS,81.0,81.30999755859375,80.80999755859375,81.16000366210938,207655
2023-12-12,IWDA.AS,81.25499725341797,81.30000305175781,80.94000244140625,81.13999938964844,133125
2023-12-13,IWDA.AS,81.42500305175781,81.56999969482422,81.38500213623047,81.43499755859375,125092
2023-12-14,IWDA.AS,82.16500091552734,82.28500366210938,81.3499984741211,81.40499877929688,214888
2023-12-15,IWDA.AS,81.69499969482422,82.05000305175781,81.63999938964844,81.9749984741211,80304
2023-12-18,IWDA.AS,81.875,82.05000305175781,81.80000305175781,82.01000213623047,169616
2023-12-19,IWDA.AS,82.05999755859375,82.15499877929688,81.91000366210938,82.09500122070312,134418
2023-12-20,IWDA.AS,82.33000183105469,82.41999816894531,82.1500015258789,82.3499984741211,98566
2023-12-21,IWDA.AS,81.83999633789062,81.94499969482422,81.51000213623047,81.7300033569336,109272
2023-12-22,IWDA.AS,81.78500366210938,82.18499755859375,81.66000366210938,82.04000091552734,100662
2023-12-27,IWDA.AS,82.13999938964844,82.38500213623047,81.625,81.76000213623047,169623
2023-12-28,IWDA.AS,82.04000091552734,82.1500015258789,81.77999877929688,82.05500030517578,155121
2023-12-29,IWDA.AS,82.25,82.4000015258789,81.83999633789062,81.87000274658203,95547
2024-01-02,IWDA.AS,82.46499633789062,82.5,81.98500061035156,82.21499633789062,156273
2024-01-03,IWDA.AS,82.16000366210938,82.24500274658203,81.69000244140625,81.83000183105469,246833
2024-01-04,IWDA.AS,81.81500244140625,81.86000061035156,81.45999908447266,81.78500366210938,171848
2024-01-05,IWDA.AS,81.45500183105469,81.75499725341797,81.21499633789062,81.62999725341797,272293
2024-01-08,IWDA.AS,81.55000305175781,81.83999633789062,81.27999877929688,81.80000305175781,138716
2024-01-09,IWDA.AS,82.33999633789062,82.41999816894531,81.99500274658203,82.41500091552734,158942
2024-01-10,IWDA.AS,82.4749984741211,82.6449966430664,82.33499908447266,82.40499877929688,72713
2024-01-11,IWDA.AS,82.90499877929688,83.0199966430664,82.05999755859375,82.11499786376953,118887
2024-01-12,IWDA.AS,82.49500274658203,82.95999908447266,82.41000366210938,82.68499755859375,137505
2024-01-15,IWDA.AS,82.81500244140625,82.86000061035156,82.63999938964844,82.74500274658203,91784
2024-01-16,IWDA.AS,82.40499877929688,83.05000305175781,82.33999633789062,82.94499969482422,251018
2024-01-17,IWDA.AS,82.29000091552734,82.4000015258789,82.05000305175781,82.4000015258789,225120
2024-01-18,IWDA.AS,82.23500061035156,82.77999877929688,82.17500305175781,82.7300033569336,222944
2024-01-19,IWDA.AS,83.04000091552734,83.24500274658203,82.87999725341797,83.00499725341797,173737
2024-01-22,IWDA.AS,83.81500244140625,84.12000274658203,83.75,83.94499969482422,290717
2024-01-23,IWDA.AS,83.87000274658203,84.25499725341797,83.70500183105469,84.05500030517578,160160
2024-01-24,IWDA.AS,84.48500061035156,84.625,84.30000305175781,84.50499725341797,83258
2024-01-25,IWDA.AS,84.26000213623047,84.9000015258789,84.13500213623047,84.86000061035156,141938
2024-01-26,IWDA.AS,84.77999877929688,85.04499816894531,84.61000061035156,84.97000122070312,168634
2024-01-29,IWDA.AS,85.06999969482422,85.38500213623047,85.0,85.30000305175781,205494
2024-01-30,IWDA.AS,85.62999725341797,85.75,85.4000015258789,85.54499816894531,141024
2024-01-31,IWDA.AS,85.61000061035156,85.63999938964844,84.9000015258789,85.01499938964844,223879
2024-02-01,IWDA.AS,84.94999694824219,85.13999938964844,84.5250015258789,84.69499969482422,282464
2024-02-02,IWDA.AS,85.43499755859375,86.02999877929688,85.28500366210938,86.02999877929688,234504
2024-02-05,IWDA.AS,86.12000274658203,86.43499755859375,85.96499633789062,86.17500305175781,153142
2024-02-06,IWDA.AS,86.37000274658203,86.55000305175781,86.13500213623047,86.37000274658203,171147
2024-02-07,IWDA.AS,86.37000274658203,86.9000015258789,86.26000213623047,86.7300033569336,122182
2024-02-08,IWDA.AS,86.84500122070312,87.0,86.75,86.79000091552734,169863
2024-02-09,IWDA.AS,86.88999938964844,87.18000030517578,86.83999633789062,86.93499755859375,170287
2024-02-12,IWDA.AS,87.1500015258789,87.6500015258789,87.1050033569336,87.6500015258789,108734
2024-02-13,IWDA.AS,87.4000015258789,87.41000366210938,86.46499633789062,86.80000305175781,136238
2024-02-14,IWDA.AS,86.84500122070312,87.19999694824219,86.80000305175781,86.92500305175781,210055
2024-02-15,IWDA.AS,87.53500366210938,87.59500122070312,87.17500305175781,87.33999633789062,139391
2024-02-16,IWDA.AS,87.81500244140625,87.9800033569336,87.4000015258789,87.73500061035156,122175
2024-02-19,IWDA.AS,87.38500213623047,87.63999938964844,87.31500244140625,87.5250015258789,70190
2024-02-20,IWDA.AS,87.32499694824219,87.3499984741211,86.55500030517578,86.68000030517578,119598
2024-02-21,IWDA.AS,86.69999694824219,86.75,86.47000122070312,86.58499908447266,177835
2024-02-22,IWDA.AS,87.43499755859375,88.06500244140625,87.30000305175781,88.05000305175781,124432
2024-02-23,IWDA.AS,88.23500061035156,88.63999938964844,88.13500213623047,88.38500213623047,134256
2024-02-26,IWDA.AS,88.20500183105469,88.29000091552734,88.0,88.05999755859375,162715
2024-02-27,IWDA.AS,87.93499755859375,88.08499908447266,87.76499938964844,87.93000030517578,115851
2024-02-28,IWDA.AS,88.06999969482422,88.15499877929688,87.80000305175781,87.9800033569336,111327
2024-02-29,IWDA.AS,87.95999908447266,88.36000061035156,87.67500305175781,88.18000030517578,155265
2024-03-01,IWDA.AS,88.71499633789062,88.8949966430664,88.44999694824219,88.80000305175781,202562
2024-03-04,IWDA.AS,88.87999725341797,89.0,88.66999816894531,88.79000091552734,152186
2024-03-05,IWDA.AS,88.71499633789062,88.76000213623047,88.03500366210938,88.18499755859375,152685
2024-03-06,IWDA.AS,88.25499725341797,88.68499755859375,88.23999786376953,88.47000122070312,271161
2024-03-07,IWDA.AS,88.20999908447266,89.08499908447266,88.05000305175781,88.86499786376953,219540
2024-03-08,IWDA.AS,89.11000061035156,89.36000061035156,88.86000061035156,88.93000030517578,154632
2024-03-11,IWDA.AS,88.29499816894531,88.3550033569336,88.01000213623047,88.32499694824219,295101
2024-03-12,IWDA.AS,88.7300033569336,89.30000305175781,88.4000015258789,89.07499694824219,304777
2024-03-13,IWDA.AS,89.25499725341797,89.2750015258789,89.0250015258789,89.07499694824219,187573
2024-03-14,IWDA.AS,89.3499984741211,89.46499633789062,88.87999725341797,89.12999725341797,265971
2024-03-15,IWDA.AS,89.23500061035156,89.43499755859375,88.58999633789062,88.59500122070312,240462
2024-03-18,IWDA.AS,88.95999908447266,89.41000366210938,88.83499908447266,89.3949966430664,226319
2024-03-19,IWDA.AS,89.30000305175781,89.51499938964844,88.98999786376953,89.51499938964844,230610
2024-03-20,IWDA.AS,89.62999725341797,89.91500091552734,89.62000274658203,89.72000122070312,132833
2024-03-21,IWDA.AS,90.55500030517578,91.07499694824219,90.33000183105469,91.0199966430664,124316
2024-03-22,IWDA.AS,91.05000305175781,91.2699966430664,90.9000015258789,90.9749984741211,116089
2024-03-25,IWDA.AS,90.8949966430664,90.98500061035156,90.5199966430664,90.69999694824219,124707
2024-03-26,IWDA.AS,90.75499725341797,90.97000122070312,90.6500015258789,90.90499877929688,141210
2024-03-27,IWDA.AS,90.8499984741211,91.13999938964844,90.75,90.86499786376953,92158
2024-03-28,IWDA.AS,91.37000274658203,91.55999755859375,91.29000091552734,91.44499969482422,141559
2024-04-02,IWDA.AS,91.7699966430664,91.83999633789062,90.46499633789062,90.68499755859375,159962
2024-04-03,IWDA.AS,90.75499725341797,90.8499984741211,90.46499633789062,90.76499938964844,138465
2024-04-04,IWDA.AS,90.71499633789062,90.98500061035156,90.62000274658203,90.84500122070312,118381
2024-04-05,IWDA.AS,89.69999694824219,90.37000274658203,89.61000061035156,90.19999694824219,222459
2024-04-08,IWDA.AS,90.26499938964844,90.61499786376953,90.13999938964844,90.37999725341797,263366
2024-04-09,IWDA.AS,90.37000274658203,90.45999908447266,89.625,89.8550033569336,265976
2024-04-10,IWDA.AS,90.51000213623047,90.55999755859375,89.62999725341797,90.2750015258789,159053
2024-04-11,IWDA.AS,90.45999908447266,90.5999984741211,90.0,90.4000015258789,139372
2024-04-12,IWDA.AS,91.37999725341797,91.47000122070312,90.69999694824219,90.8499984741211,185143
2024-04-15,IWDA.AS,90.80500030517578,91.2300033569336,90.46499633789062,90.6449966430664,249810
2024-04-16,IWDA.AS,89.34500122070312,89.5,88.93000030517578,89.2300033569336,314054
2024-04-17,IWDA.AS,89.06999969482422,89.54499816894531,88.76000213623047,88.76000213623047,171015
2024-04-18,IWDA.AS,88.76499938964844,89.08000183105469,88.43000030517578,88.97000122070312,158142
2024-04-19,IWDA.AS,88.03500366210938,88.45999908447266,87.93000030517578,88.0999984741211,254817
2024-04-22,IWDA.AS,88.31999969482422,88.625,88.0999984741211,88.2750015258789,311143
2024-04-23,IWDA.AS,88.83999633789062,89.375,88.53500366210938,89.23999786376953,141136
2024-04-24,IWDA.AS,89.7249984741211,89.79499816894531,89.16999816894531,89.27999877929688,259118
2024-04-25,IWDA.AS,88.80500030517578,88.97000122070312,87.91999816894531,88.19999694824219,159712
2024-04-26,IWDA.AS,89.30500030517578,89.99500274658203,89.0999984741211,89.78500366210938,104427
2024-04-29,IWDA.AS,89.97000122070312,90.19999694824219,89.81500244140625,89.81500244140625,66262
2024-04-30,IWDA.AS,90.01000213623047,90.05500030517578,89.4800033569336,89.57499694824219,136187
2024-05-02,IWDA.AS,88.95500183105469,89.3499984741211,88.70500183105469,88.91500091552734,228751
2024-05-03,IWDA.AS,89.4000015258789,90.0,89.27999877929688,89.63999938964844,191997
2024-05-06,IWDA.AS,90.05500030517578,90.38999938964844,89.97000122070312,90.31999969482422,127729
2024-05-07,IWDA.AS,90.81500244140625,90.97000122070312,90.69999694824219,90.94000244140625,89318
2024-05-08,IWDA.AS,91.0,91.11000061035156,90.6050033569336,90.94499969482422,92132
2024-05-09,IWDA.AS,90.94999694824219,91.16500091552734,90.8499984741211,91.13999938964844,35133
2024-05-10,IWDA.AS,91.45999908447266,91.69000244140625,91.41000366210938,91.44499969482422,169229
2024-05-13,IWDA.AS,91.54499816894531,91.58499908447266,91.2699966430664,91.30000305175781,54885
2024-05-14,IWDA.AS,91.33000183105469,91.45500183105469,91.01000213623047,91.25,50216
2024-05-15,IWDA.AS,91.54000091552734,91.94999694824219,91.4000015258789,91.91500091552734,90547
2024-05-16,IWDA.AS,92.2750015258789,92.3550033569336,92.19000244140625,92.29000091552734,62779
2024-05-17,IWDA.AS,92.06999969482422,92.23500061035156,91.91999816894531,92.0,88627
2024-05-20,IWDA.AS,92.20500183105469,92.5199966430664,92.16999816894531,92.5199966430664,47554
2024-05-21,IWDA.AS,92.25499725341797,92.3499984741211,92.06999969482422,92.30999755859375,123003
2024-05-22,IWDA.AS,92.27999877929688,92.45999908447266,92.2300033569336,92.34500122070312,79377
2024-05-23,IWDA.AS,92.71499633789062,92.88999938964844,92.0999984741211,92.37000274658203,95042
2024-05-24,IWDA.AS,91.75,92.15499877929688,91.6500015258789,92.02999877929688,82432
2024-05-27,IWDA.AS,92.06999969482422,92.25,91.98999786376953,92.25,63721
2024-05-28,IWDA.AS,92.18000030517578,92.29499816894531,91.83999633789062,91.87999725341797,155381
2024-05-29,IWDA.AS,91.73500061035156,91.7699966430664,91.27999877929688,91.5250015258789,79655
2024-05-30,IWDA.AS,91.23500061035156,91.41999816894531,91.0999984741211,91.2699966430664,61249
2024-05-31,IWDA.AS,91.16500091552734,91.2750015258789,90.62000274658203,90.66999816894531,116927
2024-06-03,IWDA.AS,92.03500366210938,92.0999984741211,91.33000183105469,91.34500122070312,105281
2024-06-04,IWDA.AS,91.32499694824219,91.6500015258789,90.9800033569336,91.16999816894531,83314
2024-06-05,IWDA.AS,91.69999694824219,92.27999877929688,91.63999938964844,92.26000213623047,61727
2024-06-06,IWDA.AS,92.58499908447266,92.79000091552734,92.43000030517578,92.5999984741211,53858
2024-06-07,IWDA.AS,92.67500305175781,93.25499725341797,92.3499984741211,93.05999755859375,185260
2024-06-10,IWDA.AS,93.125,93.44999694824219,92.9000015258789,93.44999694824219,81463
2024-06-11,IWDA.AS,93.41000366210938,93.42500305175781,92.94999694824219,93.31500244140625,78003
2024-06-12,IWDA.AS,93.61499786376953,94.01000213623047,93.50499725341797,93.7750015258789,113247
2024-06-13,IWDA.AS,93.90499877929688,94.0199966430664,93.58499908447266,93.7699966430664,98957
2024-06-14,IWDA.AS,94.19499969482422,94.31999969482422,93.68000030517578,94.02999877929688,75274
2024-06-17,IWDA.AS,94.2699966430664,94.31999969482422,93.83999633789062,94.08499908447266,120617
2024-06-18,IWDA.AS,94.59500122070312,94.73500061035156,94.44999694824219,94.59500122070312,80589
2024-06-19,IWDA.AS,94.86499786376953,94.91500091552734,94.63999938964844,94.7249984741211,50877
2024-06-20,IWDA.AS,95.04000091552734,95.29000091552734,94.93000030517578,95.12000274658203,87112
2024-06-21,IWDA.AS,94.86499786376953,95.09500122070312,94.58499908447266,94.75,103393
2024-06-24,IWDA.AS,94.73999786376953,94.98500061035156,94.48500061035156,94.94999694824219,114696
2024-06-25,IWDA.AS,94.5999984741211,94.94999694824219,94.49500274658203,94.87999725341797,93166
2024-06-26,IWDA.AS,95.20500183105469,95.43000030517578,94.7699966430664,94.83499908447266,81390
2024-06-27,IWDA.AS,94.95999908447266,95.1050033569336,94.77999877929688,94.83000183105469,82932
2024-06-28,IWDA.AS,95.34500122070312,95.63999938964844,95.08999633789062,95.19000244140625,117124
2024-07-01,IWDA.AS,94.77999877929688,94.9800033569336,94.30999755859375,94.63500213623047,226320
2024-07-02,IWDA.AS,94.55000305175781,94.79000091552734,94.27999877929688,94.78500366210938,80444
2024-07-03,IWDA.AS,95.13500213623047,95.25,94.91500091552734,95.08499908447266,210803
2024-07-04,IWDA.AS,95.41500091552734,95.55999755859375,95.2750015258789,95.30000305175781,75628
2024-07-05,IWDA.AS,95.40499877929688,95.42500305175781,95.11499786376953,95.33499908447266,96512
2024-07-08,IWDA.AS,95.4000015258789,95.66999816894531,95.33000183105469,95.50499725341797,86921
2024-07-09,IWDA.AS,95.68499755859375,95.8550033569336,95.55999755859375,95.66000366210938,89990
2024-07-10,IWDA.AS,95.68000030517578,96.02999877929688,95.63500213623047,96.02999877929688,62478
2024-07-11,IWDA.AS,96.44999694824219,96.48999786376953,95.8499984741211,95.86000061035156,96839
2024-07-12,IWDA.AS,95.94999694824219,96.37000274658203,95.61000061035156,96.33999633789062,86653
2024-07-15,IWDA.AS,96.36000061035156,96.51000213623047,96.0999984741211,96.33999633789062,126548
2024-07-16,IWDA.AS,96.15499877929688,96.69999694824219,95.93000030517578,96.48500061035156,170494
2024-07-17,IWDA.AS,96.23500061035156,96.23500061035156,95.37999725341797,95.4749984741211,136903
2024-07-18,IWDA.AS,95.63999938964844,95.86000061035156,94.92500305175781,94.92500305175781,91728
2024-07-19,IWDA.AS,94.86000061035156,94.95999908447266,94.33999633789062,94.37000274658203,220159
2024-07-22,IWDA.AS,94.56500244140625,95.21499633789062,94.5,94.80999755859375,119814
2024-07-23,IWDA.AS,95.06500244140625,95.71499633789062,94.92500305175781,95.70999908447266,63253
2024-07-24,IWDA.AS,94.73500061035156,95.1050033569336,93.93000030517578,94.05000305175781,155275
2024-07-25,IWDA.AS,93.5250015258789,93.70999908447266,92.75,93.55999755859375,209328
2024-07-26,IWDA.AS,93.34500122070312,93.91999816894531,93.25,93.74500274658203,96917
2024-07-29,IWDA.AS,94.375,94.78500366210938,93.91999816894531,93.91999816894531,115889
2024-07-30,IWDA.AS,94.26499938964844,94.69999694824219,93.88999938964844,93.99500274658203,113201
2024-07-31,IWDA.AS,94.8499984741211,95.38999938964844,94.75,95.38999938964844,153423
2024-08-01,IWDA.AS,95.49500274658203,95.8499984741211,94.44999694824219,94.45500183105469,210560
2024-08-02,IWDA.AS,93.0,93.08999633789062,90.36000061035156,90.66500091552734,281419
2024-08-05,IWDA.AS,88.36000061035156,88.98999786376953,86.37000274658203,88.625,563397
2024-08-06,IWDA.AS,89.41999816894531,89.83000183105469,88.5199966430664,89.41500091552734,293116
2024-08-07,IWDA.AS,89.88500213623047,91.0,89.67500305175781,90.66000366210938,236844
2024-08-08,IWDA.AS,88.94999694824219,90.76000213623047,88.61499786376953,90.66000366210938,186254
2024-08-09,IWDA.AS,90.83499908447266,91.44499969482422,90.55000305175781,91.0250015258789,149023
2024-08-12,IWDA.AS,91.37999725341797,91.5999984741211,90.94000244140625,91.17500305175781,111834
2024-08-13,IWDA.AS,91.625,92.08999633789062,91.30000305175781,92.06999969482422,70120
2024-08-14,IWDA.AS,92.28500366210938,92.30000305175781,91.66500091552734,92.30000305175781,107577
2024-08-15,IWDA.AS,92.61000061035156,93.9800033569336,92.44999694824219,93.92500305175781,81256
2024-08-16,IWDA.AS,94.375,94.42500305175781,93.68499755859375,94.03500366210938,70326
2024-08-19,IWDA.AS,93.94000244140625,94.31999969482422,93.77999877929688,94.30999755859375,115666
2024-08-20,IWDA.AS,94.6050033569336,94.74500274658203,93.98999786376953,94.0999984741211,77666
2024-08-21,IWDA.AS,94.1500015258789,94.58000183105469,94.04000091552734,94.19000244140625,147696
2024-08-22,IWDA.AS,94.33999633789062,94.86499786376953,94.29000091552734,94.34500122070312,113025
2024-08-23,IWDA.AS,94.18000030517578,94.74500274658203,93.94999694824219,94.375,151433
2024-08-26,IWDA.AS,94.375,94.87000274658203,94.23999786376953,94.30999755859375,272877
2024-08-27,IWDA.AS,94.44999694824219,94.56999969482422,94.08000183105469,94.37000274658203,71430
2024-08-28,IWDA.AS,94.69999694824219,94.96499633789062,94.31999969482422,94.33999633789062,158963
2024-08-29,IWDA.AS,94.44000244140625,95.58499908447266,94.44000244140625,95.40499877929688,90938
2024-08-30,IWDA.AS,95.16999816894531,95.55000305175781,95.08000183105469,95.08000183105469,80746
2024-09-02,IWDA.AS,95.55500030517578,95.76499938964844,95.31500244140625,95.66999816894531,86524
2024-09-03,IWDA.AS,95.81500244140625,95.86499786376953,94.44999694824219,94.73500061035156,209273
2024-09-04,IWDA.AS,93.3949966430664,94.0,93.31500244140625,93.62000274658203,124026
2024-09-05,IWDA.AS,93.36000061035156,93.80999755859375,92.94999694824219,92.9749984741211,122237
2024-09-06,IWDA.AS,92.66000366210938,93.44499969482422,91.6050033569336,91.82499694824219,138170
2024-09-09,IWDA.AS,92.41500091552734,93.05999755859375,92.3550033569336,92.8550033569336,146271
2024-09-10,IWDA.AS,92.73999786376953,93.29499816894531,92.72000122070312,93.02999877929688,97851
2024-09-11,IWDA.AS,93.0,93.48500061035156,92.12000274658203,92.56999969482422,168611
2024-09-12,IWDA.AS,94.56999969482422,94.63999938964844,93.82499694824219,94.29499816894531,100740
2024-09-13,IWDA.AS,94.6050033569336,95.0199966430664,94.44000244140625,94.98500061035156,94072
2024-09-16,IWDA.AS,94.67500305175781,94.83999633789062,94.31999969482422,94.58000183105469,152483
2024-09-17,IWDA.AS,94.88999938964844,95.31999969482422,94.83000183105469,95.13999938964844,84297
2024-09-18,IWDA.AS,94.96499633789062,94.96499633789062,94.54000091552734,94.65499877929688,76786
2024-09-19,IWDA.AS,95.5,96.18000030517578,95.37999725341797,95.98500061035156,164548
2024-09-20,IWDA.AS,95.66500091552734,95.8499984741211,95.19999694824219,95.375,129286
2024-09-23,IWDA.AS,95.61499786376953,96.125,95.55500030517578,96.00499725341797,182402
2024-09-24,IWDA.AS,96.36499786376953,96.41000366210938,95.66000366210938,96.04000091552734,120712
2024-09-25,IWDA.AS,95.61499786376953,96.0999984741211,95.5999984741211,96.08000183105469,89922
2024-09-26,IWDA.AS,96.77999877929688,97.12000274658203,96.30000305175781,96.31999969482422,188819
2024-09-27,IWDA.AS,96.69999694824219,96.76499938964844,96.44000244140625,96.66500091552734,68115
2024-09-30,IWDA.AS,96.40499877929688,96.56999969482422,95.83499908447266,96.36499786376953,176411
2024-10-01,IWDA.AS,96.91000366210938,97.32499694824219,96.16999816894531,96.55500030517578,173526
2024-10-02,IWDA.AS,96.55000305175781,96.94499969482422,96.18000030517578,96.91999816894531,149554
2024-10-03,IWDA.AS,96.69000244140625,96.83499908447266,96.26000213623047,96.69000244140625,108373
2024-10-04,IWDA.AS,96.58999633789062,97.9000015258789,96.51000213623047,97.29000091552734,156368
2024-10-07,IWDA.AS,97.7249984741211,97.7699966430664,97.26000213623047,97.58999633789062,119132
2024-10-08,IWDA.AS,96.73500061035156,97.58999633789062,96.65499877929688,97.54000091552734,151790
2024-10-09,IWDA.AS,97.50499725341797,98.25499725341797,97.41500091552734,98.25499725341797,94330
2024-10-10,IWDA.AS,98.50499725341797,98.50499725341797,98.0250015258789,98.47000122070312,96613
2024-10-11,IWDA.AS,98.29499816894531,98.94999694824219,98.06999969482422,98.83000183105469,83547
2024-10-14,IWDA.AS,99.0,99.75499725341797,98.92500305175781,99.625,223608
2024-10-15,IWDA.AS,99.95999908447266,100.0199966430664,99.25499725341797,99.38500213623047,142710
2024-10-16,IWDA.AS,99.23999786376953,99.4749984741211,99.0199966430664,99.38500213623047,107517
2024-10-17,IWDA.AS,99.88500213623047,100.75,99.80000305175781,100.23500061035156,102012
2024-10-18,IWDA.AS,100.05500030517578,100.27999877929688,99.87000274658203,100.125,150888
2024-10-21,IWDA.AS,100.18000030517578,100.26499938964844,99.69000244140625,99.71499633789062,164336
2024-10-22,IWDA.AS,99.88999938964844,99.95999908447266,99.43499755859375,99.86000061035156,75827
2024-10-23,IWDA.AS,100.0999984741211,100.25,99.4800033569336,99.49500274658203,78186
2024-10-24,IWDA.AS,99.7300033569336,99.9800033569336,99.37000274658203,99.38999938964844,89339
2024-10-25,IWDA.AS,99.37999725341797,99.94999694824219,99.2699966430664,99.7300033569336,97732
2024-10-28,IWDA.AS,99.875,99.92500305175781,99.43000030517578,99.66000366210938,125169
2024-10-29,IWDA.AS,99.83999633789062,99.91500091552734,99.55000305175781,99.7699966430664,97502
2024-10-30,IWDA.AS,99.76499938964844,99.79499816894531,99.06999969482422,99.29000091552734,105010
2024-10-31,IWDA.AS,98.30000305175781,98.36499786376953,97.375,97.55000305175781,182444
2024-11-01,IWDA.AS,97.45999908447266,98.44000244140625,97.44999694824219,98.30999755859375,120069
2024-11-04,IWDA.AS,97.66999816894531,97.80000305175781,97.21499633789062,97.4749984741211,166414
2024-11-05,IWDA.AS,97.5250015258789,98.02999877929688,97.33000183105469,97.98999786376953,95544
2024-11-06,IWDA.AS,101.03500366210938,101.91500091552734,100.63500213623047,100.98999786376953,306476
2024-11-07,IWDA.AS,101.41999816894531,101.70999908447266,101.28500366210938,101.6500015258789,146312
2024-11-08,IWDA.AS,102.05000305175781,102.3550033569336,101.43000030517578,102.3499984741211,106590
2024-11-11,IWDA.AS,103.07499694824219,103.66500091552734,103.01499938964844,103.49500274658203,188088
2024-11-12,IWDA.AS,103.31999969482422,103.52999877929688,103.02999877929688,103.11499786376953,184079
2024-11-13,IWDA.AS,102.8499984741211,103.48500061035156,102.48500061035156,103.48500061035156,147185
2024-11-14,IWDA.AS,103.5250015258789,104.16000366210938,103.25,103.42500305175781,158023
2024-11-15,IWDA.AS,102.61000061035156,102.7300033569336,102.06999969482422,102.13999938964844,242774
2024-11-18,IWDA.AS,102.11499786376953,102.40499877929688,101.73999786376953,102.40499877929688,144713
2024-11-19,IWDA.AS,102.42500305175781,102.44000244140625,101.11000061035156,102.27999877929688,154772
2024-11-20,IWDA.AS,102.73500061035156,102.91000366210938,102.05999755859375,102.36000061035156,143748
2024-11-21,IWDA.AS,102.73999786376953,103.74500274658203,102.44000244140625,103.74500274658203,105962
2024-11-22,IWDA.AS,103.97000122070312,105.12000274658203,103.9000015258789,104.87999725341797,142351
2024-11-25,IWDA.AS,105.08499908447266,105.13999938964844,104.47000122070312,104.68499755859375,168566
2024-11-26,IWDA.AS,104.4749984741211,104.91000366210938,104.1500015258789,104.80500030517578,99447
2024-11-27,IWDA.AS,104.72000122070312,104.73500061035156,103.81999969482422,103.93499755859375,138488
2024-11-28,IWDA.AS,104.49500274658203,104.54499816894531,104.23999786376953,104.43499755859375,133272
2024-11-29,IWDA.AS,104.29000091552734,104.83999633789062,104.20999908447266,104.83000183105469,89400
2024-12-02,IWDA.AS,105.16999816894531,105.79499816894531,105.03500366210938,105.69999694824219,142930
2024-12-03,IWDA.AS,105.75499725341797,105.80000305175781,105.43000030517578,105.62999725341797,167135
2024-12-04,IWDA.AS,105.88999938964844,106.41000366210938,105.76000213623047,105.95500183105469,141283
2024-12-05,IWDA.AS,106.04000091552734,106.23999786376953,105.69000244140625,105.86499786376953,133004
2024-12-06,IWDA.AS,105.55999755859375,106.18499755859375,105.37000274658203,105.88999938964844,100988
2024-12-09,IWDA.AS,106.12000274658203,106.1449966430664,105.26000213623047,105.55000305175781,136299
2024-12-10,IWDA.AS,105.47000122070312,105.94000244140625,105.41500091552734,105.70999908447266,80828
2024-12-11,IWDA.AS,105.5999984741211,106.41000366210938,105.5,106.34500122070312,113373
2024-12-12,IWDA.AS,106.1500015258789,106.42500305175781,105.88999938964844,106.1449966430664,122313
2024-12-13,IWDA.AS,106.19499969482422,106.29000091552734,105.3499984741211,105.63500213623047,118205
2024-12-16,IWDA.AS,105.51499938964844,105.9749984741211,105.4000015258789,105.7750015258789,135191
2024-12-17,IWDA.AS,105.5199966430664,105.76499938964844,105.16500091552734,105.48999786376953,118791
2024-12-18,IWDA.AS,105.58000183105469,105.9000015258789,105.33999633789062,105.68499755859375,120999
2024-12-19,IWDA.AS,103.75,104.4800033569336,103.48999786376953,104.0199966430664,296028
2024-12-20,IWDA.AS,103.05999755859375,104.19999694824219,101.90499877929688,104.16999816894531,304672
2024-12-23,IWDA.AS,104.25,104.37999725341797,103.63999938964844,103.9749984741211,160080
2024-12-24,IWDA.AS,104.82499694824219,104.95999908447266,104.66500091552734,104.86000061035156,65615
2024-12-27,IWDA.AS,105.12999725341797,105.44999694824219,104.19999694824219,104.48999786376953,149643
2024-12-30,IWDA.AS,104.29000091552734,104.5,103.20999908447266,103.93499755859375,180593
2024-12-31,IWDA.AS,103.68499755859375,104.20999908447266,103.58499908447266,104.16000366210938,74153
2025-01-02,IWDA.AS,104.46499633789062,105.30000305175781,104.2699966430664,105.30000305175781,257592
2025-01-03,IWDA.AS,104.7699966430664,105.17500305175781,104.4800033569336,105.08999633789062,157923
2025-01-06,IWDA.AS,105.26000213623047,105.84500122070312,104.99500274658203,105.7750015258789,240143
2025-01-07,IWDA.AS,105.00499725341797,105.66000366210938,104.80000305175781,105.05000305175781,158168
2025-01-08,IWDA.AS,105.04000091552734,105.3949966430664,104.59500122070312,105.08000183105469,152222
2025-01-09,IWDA.AS,104.83499908447266,105.18000030517578,104.82499694824219,105.1500015258789,111178
2025-01-10,IWDA.AS,105.0,105.19999694824219,103.94999694824219,104.13999938964844,163279
2025-01-13,IWDA.AS,104.0,104.33999633789062,103.45500183105469,103.97000122070312,179882
2025-01-14,IWDA.AS,104.56500244140625,104.80500030517578,103.6500015258789,103.83000183105469,109635
2025-01-15,IWDA.AS,103.8949966430664,105.59500122070312,103.8499984741211,105.45999908447266,117932
2025-01-16,IWDA.AS,106.12999725341797,106.2249984741211,105.5999984741211,105.7699966430664,152348
2025-01-17,IWDA.AS,105.98500061035156,106.9000015258789,105.88500213623047,106.71499633789062,177565
2025-01-20,IWDA.AS,106.62000274658203,106.69499969482422,105.97000122070312,106.18000030517578,166820
2025-01-21,IWDA.AS,106.17500305175781,106.74500274658203,106.1050033569336,106.26000213623047,94490
2025-01-22,IWDA.AS,106.83499908447266,107.19000244140625,106.61499786376953,107.19000244140625,115585
2025-01-23,IWDA.AS,107.06999969482422,107.48999786376953,106.8550033569336,107.33000183105469,110222
2025-01-24,IWDA.AS,107.20500183105469,107.32499694824219,106.66999816894531,106.86000061035156,136604
2025-01-27,IWDA.AS,105.51499938964844,105.63500213623047,103.9800033569336,105.1050033569336,445176
2025-01-28,IWDA.AS,106.18499755859375,106.82499694824219,105.8499984741211,106.48500061035156,238511
2025-01-29,IWDA.AS,107.19000244140625,107.43499755859375,106.7249984741211,106.81999969482422,143098
2025-01-30,IWDA.AS,107.20500183105469,107.5199966430664,106.81500244140625,107.08000183105469,126407
2025-01-31,IWDA.AS,107.93499755859375,108.44999694824219,107.91999816894531,108.18000030517578,122862
2025-02-03,IWDA.AS,106.83000183105469,107.28500366210938,106.3499984741211,107.24500274658203,352783
2025-02-04,IWDA.AS,106.8949966430664,107.2249984741211,106.41000366210938,107.20500183105469,157638
2025-02-05,IWDA.AS,106.59500122070312,106.98999786376953,106.3499984741211,106.91500091552734,256964
2025-02-06,IWDA.AS,107.86000061035156,108.27999877929688,107.86000061035156,108.125,84931
2025-02-07,IWDA.AS,108.02999877929688,108.4000015258789,107.73999786376953,107.91999816894531,124378
2025-02-10,IWDA.AS,108.19999694824219,108.67500305175781,108.06999969482422,108.51499938964844,128095
2025-02-11,IWDA.AS,108.3550033569336,108.46499633789062,108.05000305175781,108.2750015258789,186549
2025-02-12,IWDA.AS,108.08999633789062,108.5,107.30999755859375,107.55999755859375,216537
2025-02-13,IWDA.AS,107.67500305175781,108.25499725341797,107.375,108.125,120123
2025-02-14,IWDA.AS,108.31999969482422,108.33999633789062,107.79000091552734,107.875,141457
2025-02-17,IWDA.AS,108.24500274658203,108.49500274658203,108.22000122070312,108.41000366210938,197287
2025-02-18,IWDA.AS,108.6449966430664,108.94000244140625,108.38500213623047,108.44999694824219,106806
2025-02-19,IWDA.AS,108.79499816894531,108.94999694824219,108.36499786376953,108.81999969482422,108596
2025-02-20,IWDA.AS,108.61000061035156,108.80000305175781,107.63500213623047,107.77999877929688,131284
2025-02-21,IWDA.AS,107.94000244140625,108.59500122070312,107.62000274658203,107.82499694824219,131490
2025-02-24,IWDA.AS,106.86499786376953,107.2300033569336,106.04499816894531,106.62999725341797,239225
2025-02-25,IWDA.AS,106.2300033569336,106.4000015258789,104.8550033569336,105.0,278073
2025-02-26,IWDA.AS,106.04000091552734,106.62999725341797,105.86000061035156,106.38500213623047,114817
2025-02-27,IWDA.AS,106.33000183105469,106.83499908447266,105.75,106.57499694824219,129765
2025-02-28,IWDA.AS,105.19499969482422,105.74500274658203,104.70999908447266,105.44499969482422,187503
2025-03-03,IWDA.AS,106.73999786376953,106.82499694824219,105.5999984741211,105.75,238044
2025-03-04,IWDA.AS,104.38500213623047,104.44999694824219,102.0199966430664,102.20999908447266,424287
2025-03-05,IWDA.AS,102.37999725341797,102.55500030517578,100.70999908447266,100.74500274658203,281608
2025-03-06,IWDA.AS,101.56999969482422,101.68000030517578,100.22000122070312,101.04499816894531,218820
2025-03-07,IWDA.AS,100.20500183105469,100.49500274658203,99.05000305175781,99.16999816894531,317120
2025-03-10,IWDA.AS,100.04000091552734,100.06500244140625,98.1500015258789,98.43000030517578,279587
2025-03-11,IWDA.AS,97.7300033569336,97.87999725341797,96.0999984741211,96.38999938964844,619641
2025-03-12,IWDA.AS,96.94000244140625,98.0,96.27999877929688,97.3949966430664,274868
2025-03-13,IWDA.AS,97.06999969482422,97.75499725341797,96.58999633789062,96.7249984741211,181582
2025-03-14,IWDA.AS,97.0,98.11499786376953,96.80000305175781,97.81500244140625,133115
2025-03-17,IWDA.AS,97.80000305175781,98.65499877929688,97.6500015258789,98.25,189706
2025-03-18,IWDA.AS,98.38500213623047,98.76000213623047,97.51499938964844,97.86499786376953,210380
2025-03-19,IWDA.AS,97.99500274658203,99.04000091552734,97.94000244140625,98.86499786376953,124735
2025-03-20,IWDA.AS,99.44999694824219,99.94999694824219,98.5999984741211,99.18499755859375,146023
2025-03-21,IWDA.AS,99.04499816894531,99.18000030517578,98.25,98.9800033569336,128317
2025-03-24,IWDA.AS,99.91999816894531,100.80000305175781,99.80999755859375,100.68499755859375,114125
2025-03-25,IWDA.AS,100.7750015258789,101.08999633789062,100.62000274658203,100.83999633789062,129599
2025-03-26,IWDA.AS,101.05500030517578,101.25,100.26499938964844,100.3499984741211,125867
2025-03-27,IWDA.AS,100.12000274658203,100.3499984741211,99.3499984741211,99.94499969482422,123078
2025-03-28,IWDA.AS,99.33999633789062,99.73999786376953,97.75,97.82499694824219,164153
2025-03-31,IWDA.AS,96.77999877929688,97.16999816894531,96.13999938964844,97.125,211197
2025-04-01,IWDA.AS,98.0,98.55000305175781,97.16000366210938,98.37999725341797,277760
2025-04-02,IWDA.AS,98.30999755859375,98.36000061035156,97.19999694824219,98.31500244140625,205771
2025-04-03,IWDA.AS,94.81999969482422,95.3499984741211,92.6500015258789,93.5199966430664,424272
2025-04-04,IWDA.AS,92.2750015258789,92.49500274658203,88.25,89.11499786376953,776153
2025-04-07,IWDA.AS,83.09500122070312,90.0,82.91000366210938,86.5,970627
2025-04-08,IWDA.AS,88.48500061035156,91.0,88.13999938964844,89.44999694824219,403821
2025-04-09,IWDA.AS,85.5999984741211,86.62000274658203,83.55000305175781,85.32499694824219,419191
2025-04-10,IWDA.AS,93.3949966430664,93.91000366210938,88.70500183105469,88.70500183105469,1030239
2025-04-11,IWDA.AS,88.9000015258789,89.0,86.5,87.80500030517578,182324
2025-04-14,IWDA.AS,89.98500061035156,91.29499816894531,89.7750015258789,90.33999633789062,162279
2025-04-15,IWDA.AS,90.70500183105469,91.69999694824219,90.25,91.2300033569336,139190
2025-04-16,IWDA.AS,89.57499694824219,90.55000305175781,89.08000183105469,90.125,115613
2025-04-17,IWDA.AS,89.61000061035156,89.96499633789062,88.69000244140625,89.2699966430664,99606
2025-04-22,IWDA.AS,87.5999984741211,88.66999816894531,87.25,88.52999877929688,187541
2025-04-23,IWDA.AS,90.68499755859375,92.25,90.50499725341797,91.25499725341797,162415
2025-04-24,IWDA.AS,90.66999816894531,92.08999633789062,90.11499786376953,91.91500091552734,123503
2025-04-25,IWDA.AS,93.04499816894531,93.07499694824219,92.05999755859375,92.41000366210938,112363
2025-04-28,IWDA.AS,93.08999633789062,93.49500274658203,92.54499816894531,92.55500030517578,343921
2025-04-29,IWDA.AS,93.1050033569336,93.43499755859375,92.50499725341797,92.98999786376953,109877
2025-04-30,IWDA.AS,93.50499725341797,93.74500274658203,91.8949966430664,93.33000183105469,172988
2025-05-02,IWDA.AS,95.0999984741211,95.79000091552734,94.75,95.61499786376953,168085
2025-05-05,IWDA.AS,95.4800033569336,95.8499984741211,95.12000274658203,95.75499725341797,140257
2025-05-06,IWDA.AS,95.44499969482422,95.48999786376953,94.5199966430664,95.29000091552734,118089
2025-05-07,IWDA.AS,95.06999969482422,95.2750015258789,94.58499908447266,94.79499816894531,261613
2025-05-08,IWDA.AS,96.125,96.53500366210938,95.5,96.3550033569336,137677
2025-05-09,IWDA.AS,96.5,96.91000366210938,95.8499984741211,96.28500366210938,143725
2025-05-12,IWDA.AS,98.71499633789062,100.15499877929688,98.59500122070312,99.44999694824219,206120
2025-05-13,IWDA.AS,99.54499816894531,100.43499755859375,99.48999786376953,100.11000061035156,112986
2025-05-14,IWDA.AS,99.98999786376953,100.12999725341797,99.27999877929688,99.83000183105469,166194
2025-05-15,IWDA.AS,99.46499633789062,100.22000122070312,99.21499633789062,100.21499633789062,92720
2025-05-16,IWDA.AS,100.2750015258789,100.94499969482422,100.23999786376953,100.94499969482422,110607
2025-05-19,IWDA.AS,99.9800033569336,100.45999908447266,99.18499755859375,100.3550033569336,134205
2025-05-20,IWDA.AS,100.41000366210938,100.93000030517578,100.26000213623047,100.58000183105469,207667
2025-05-21,IWDA.AS,99.66000366210938,99.91000366210938,99.0199966430664,99.83499908447266,121574
2025-05-22,IWDA.AS,98.98999786376953,99.1500015258789,98.30500030517578,99.03500366210938,107912
2025-05-23,IWDA.AS,98.88500213623047,98.99500274658203,97.05000305175781,97.99500274658203,128758
2025-05-26,IWDA.AS,98.68000030517578,99.05000305175781,98.6050033569336,98.88999938964844,98699
2025-05-27,IWDA.AS,99.02999877929688,99.68499755859375,98.83000183105469,99.62999725341797,97402
2025-05-28,IWDA.AS,99.88500213623047,100.19999694824219,99.4800033569336,99.76000213623047,81609
2025-05-29,IWDA.AS,100.93499755859375,101.30000305175781,99.18000030517578,99.2699966430664,89275
2025-05-30,IWDA.AS,99.45999908447266,99.78500366210938,98.98999786376953,99.2750015258789,77085
2025-06-02,IWDA.AS,98.79499816894531,99.13999938964844,98.19999694824219,98.80000305175781,99282
2025-06-03,IWDA.AS,99.20500183105469,100.05999755859375,98.83000183105469,100.05999755859375,73607
2025-06-04,IWDA.AS,100.24500274658203,100.44999694824219,99.80000305175781,100.05999755859375,156610
2025-06-05,IWDA.AS,100.04000091552734,100.4000015258789,99.20500183105469,100.1449966430664,112882
2025-06-06,IWDA.AS,99.91000366210938,100.91000366210938,99.80000305175781,100.52999877929688,54901
2025-06-09,IWDA.AS,100.43000030517578,100.74500274658203,100.33000183105469,100.45999908447266,60212
2025-06-10,IWDA.AS,100.62999725341797,100.79000091552734,100.30500030517578,100.51499938964844,68675
2025-06-11,IWDA.AS,100.71499633789062,100.875,100.43499755859375,100.44000244140625,88988
2025-06-12,IWDA.AS,99.75499725341797,99.80000305175781,98.66000366210938,99.57499694824219,128429
2025-06-13,IWDA.AS,98.71499633789062,99.5999984741211,98.55000305175781,99.24500274658203,123959
2025-06-16,IWDA.AS,99.16000366210938,99.69999694824219,99.00499725341797,99.5999984741211,67964
2025-06-17,IWDA.AS,99.18000030517578,99.57499694824219,98.87000274658203,99.36499786376953,66963
2025-06-18,IWDA.AS,99.32499694824219,99.69000244140625,98.03500366210938,99.33499908447266,216552
2025-06-19,IWDA.AS,99.12999725341797,99.1500015258789,98.45500183105469,98.55000305175781,65325
2025-06-20,IWDA.AS,98.76499938964844,99.46499633789062,98.55999755859375,98.82499694824219,69536
2025-06-23,IWDA.AS,98.46499633789062,99.19999694824219,98.44999694824219,98.63500213623047,86831
2025-06-24,IWDA.AS,99.7750015258789,99.86499786376953,99.29499816894531,99.55500030517578,104685
2025-06-25,IWDA.AS,99.875,99.98500061035156,99.45500183105469,99.45500183105469,64675
2025-06-26,IWDA.AS,99.36000061035156,99.67500305175781,99.11000061035156,99.5250015258789,73026
2025-06-27,IWDA.AS,99.98999786376953,100.37000274658203,99.80000305175781,100.36499786376953,88063
2025-06-30,IWDA.AS,100.45500183105469,100.54000091552734,100.04000091552734,100.1449966430664,83176
2025-07-01,IWDA.AS,100.19000244140625,100.19999694824219,99.5199966430664,99.99500274658203,74582
2025-07-02,IWDA.AS,100.38999938964844,100.4000015258789,99.88999938964844,100.19999694824219,73671
2025-07-03,IWDA.AS,100.44999694824219,101.30000305175781,100.30000305175781,101.25,100717
2025-07-04,IWDA.AS,100.79000091552734,100.79000091552734,100.37000274658203,100.55000305175781,55814
2025-07-07,IWDA.AS,100.75499725341797,101.2750015258789,100.68000030517578,100.8550033569336,105823
2025-07-08,IWDA.AS,100.71499633789062,101.15499877929688,100.62999725341797,100.83999633789062,61900
2025-07-09,IWDA.AS,100.81500244140625,101.58999633789062,100.7300033569336,101.24500274658203,72437
2025-07-10,IWDA.AS,101.20999908447266,101.93499755859375,101.13999938964844,101.93499755859375,82189
2025-07-11,IWDA.AS,101.68499755859375,101.68499755859375,101.04000091552734,101.29499816894531,105697
2025-07-14,IWDA.AS,101.08999633789062,101.48999786376953,100.90499877929688,101.44999694824219,85486
2025-07-15,IWDA.AS,101.96499633789062,102.19499969482422,101.78500366210938,102.04000091552734,73775
2025-07-16,IWDA.AS,101.32499694824219,102.16500091552734,100.61000061035156,100.61000061035156,92386
2025-07-17,IWDA.AS,102.31999969482422,102.56500244140625,102.04499816894531,102.53500366210938,53317
2025-07-18,IWDA.AS,102.69999694824219,102.70999908447266,102.125,102.18499755859375,115506
2025-07-21,IWDA.AS,102.47000122070312,102.58499908447266,102.18000030517578,102.30999755859375,72459
2025-07-22,IWDA.AS,102.0199966430664,102.16999816894531,101.55000305175781,101.62999725341797,59002
2025-07-23,IWDA.AS,102.30000305175781,102.66000366210938,102.22000122070312,102.48500061035156,65159
2025-07-24,IWDA.AS,102.79499816894531,102.98500061035156,102.51000213623047,102.71499633789062,76530
2025-07-25,IWDA.AS,102.7249984741211,103.0199966430664,102.58000183105469,102.93000030517578,64038
2025-07-28,IWDA.AS,103.67500305175781,103.93000030517578,103.55000305175781,103.80500030517578,99710
2025-07-29,IWDA.AS,104.51000213623047,104.81999969482422,104.23500061035156,104.23500061035156,89406
2025-07-30,IWDA.AS,104.19999694824219,104.94999694824219,104.08999633789062,104.69499969482422,63835
2025-07-31,IWDA.AS,105.51499938964844,105.87000274658203,104.70999908447266,104.93499755859375,103684
2025-08-01,IWDA.AS,104.0199966430664,104.0199966430664,101.30000305175781,101.83000183105469,245960
2025-08-04,IWDA.AS,102.13999938964844,103.08499908447266,102.125,103.04499816894531,120001
2025-08-05,IWDA.AS,103.69999694824219,103.83499908447266,102.80000305175781,102.80000305175781,92772
2025-08-06,IWDA.AS,103.31999969482422,103.43000030517578,102.51499938964844,103.0199966430664,64229
2025-08-07,IWDA.AS,103.08000183105469,103.87999725341797,103.06500244140625,103.24500274658203,64430
2025-08-08,IWDA.AS,103.3949966430664,103.82499694824219,103.33499908447266,103.53500366210938,50669
2025-08-11,IWDA.AS,104.0199966430664,104.27999877929688,103.78500366210938,104.16000366210938,93118
2025-08-12,IWDA.AS,104.12000274658203,104.41999816894531,103.80000305175781,104.18499755859375,71156
2025-08-13,IWDA.AS,104.44000244140625,104.80000305175781,104.28500366210938,104.30999755859375,80222
2025-08-14,IWDA.AS,104.62999725341797,105.03500366210938,104.4000015258789,104.86000061035156,81291
2025-08-15,IWDA.AS,105.27999877929688,105.30000305175781,104.5,104.57499694824219,58440
2025-08-18,IWDA.AS,104.6449966430664,104.86000061035156,104.43499755859375,104.75,93009
2025-08-19,IWDA.AS,104.71499633789062,105.03500366210938,104.54000091552734,104.73500061035156,79149
2025-08-20,IWDA.AS,104.4749984741211,104.61000061035156,103.62000274658203,104.1500015258789,83619
2025-08-21,IWDA.AS,104.58499908447266,104.61000061035156,103.96499633789062,104.55000305175781,89772
2025-08-22,IWDA.AS,104.44000244140625,105.30999755859375,104.38999938964844,105.1050033569336,80385
2025-08-25,IWDA.AS,104.83499908447266,105.06999969482422,104.75499725341797,105.00499725341797,89675
2025-08-26,IWDA.AS,104.92500305175781,104.98999786376953,104.65499877929688,104.79000091552734,97210
2025-08-27,IWDA.AS,105.5,105.79000091552734,105.4000015258789,105.625,89087
2025-08-28,IWDA.AS,105.6500015258789,105.83000183105469,105.1500015258789,105.32499694824219,77177
2025-08-29,IWDA.AS,105.48999786376953,105.53500366210938,104.4749984741211,104.58999633789062,97672
2025-09-01,IWDA.AS,104.61000061035156,104.84500122070312,104.54000091552734,104.83000183105469,107935
2025-09-02,IWDA.AS,104.70500183105469,104.77999877929688,103.69000244140625,103.69000244140625,116328
2025-09-03,IWDA.AS,104.54499816894531,104.80000305175781,104.31500244140625,104.375,92812
2025-09-04,IWDA.AS,104.8550033569336,105.33999633789062,104.81999969482422,105.2699966430664,65668
2025-09-05,IWDA.AS,105.69499969482422,105.7249984741211,104.18000030517578,104.5250015258789,95018
2025-09-08,IWDA.AS,105.11000061035156,105.26000213623047,104.87999725341797,105.19999694824219,113869
2025-09-09,IWDA.AS,105.08000183105469,105.31999969482422,104.97000122070312,105.19000244140625,92242
2025-09-10,IWDA.AS,106.00499725341797,106.19999694824219,105.75,105.7750015258789,128726
2025-09-11,IWDA.AS,106.0999984741211,106.44499969482422,105.88500213623047,106.44499969482422,100271
2025-09-12,IWDA.AS,106.375,106.66500091552734,106.2300033569336,106.48999786376953,96069
2025-09-15,IWDA.AS,106.62999725341797,106.7750015258789,106.34500122070312,106.63500213623047,121462
2025-09-16,IWDA.AS,106.55500030517578,106.69000244140625,105.69000244140625,105.73999786376953,153378
2025-09-17,IWDA.AS,105.79000091552734,105.9000015258789,105.57499694824219,105.65499877929688,89302
2025-09-18,IWDA.AS,106.37000274658203,107.0199966430664,106.21499633789062,106.80999755859375,92296
2025-09-19,IWDA.AS,106.625,107.19999694824219,106.52999877929688,106.92500305175781,100792
2025-09-22,IWDA.AS,107.16999816894531,107.26499938964844,106.70999908447266,107.17500305175781,97070
2025-09-23,IWDA.AS,107.3499984741211,107.55000305175781,107.23500061035156,107.24500274658203,77631
2025-09-24,IWDA.AS,106.98500061035156,107.41999816894531,106.80000305175781,107.11000061035156,69426
2025-09-25,IWDA.AS,106.81500244140625,107.05500030517578,106.33000183105469,106.9749984741211,110360
2025-09-26,IWDA.AS,107.0,107.5,106.80999755859375,107.05000305175781,95354
2025-09-29,IWDA.AS,107.49500274658203,107.76499938964844,107.2300033569336,107.37000274658203,112029
2025-09-30,IWDA.AS,107.21499633789062,107.41999816894531,106.97000122070312,107.22000122070312,115052
2025-10-01,IWDA.AS,106.79000091552734,108.0199966430664,106.66000366210938,108.0199966430664,127877
2025-10-02,IWDA.AS,108.3550033569336,108.625,108.20999908447266,108.4000015258789,112695
2025-10-03,IWDA.AS,108.8499984741211,108.9749984741211,108.50499725341797,108.86499786376953,100843
2025-10-06,IWDA.AS,109.22000122070312,109.62999725341797,108.9749984741211,109.23999786376953,128922
2025-10-07,IWDA.AS,109.21499633789062,109.69999694824219,109.01499938964844,109.06500244140625,85858
2025-10-08,IWDA.AS,109.50499725341797,110.05000305175781,109.41000366210938,109.99500274658203,83413
2025-10-09,IWDA.AS,110.12000274658203,110.25,109.86499786376953,110.03500366210938,107468
2025-10-10,IWDA.AS,109.9749984741211,110.33999633789062,107.91500091552734,107.91500091552734,122043
2025-10-13,IWDA.AS,108.2300033569336,108.75499725341797,108.0,108.75499725341797,282778
2025-10-14,IWDA.AS,107.88999938964844,108.32499694824219,107.30000305175781,108.20999908447266,126251
2025-10-15,IWDA.AS,108.7249984741211,109.5,108.57499694824219,108.93000030517578,117164
2025-10-16,IWDA.AS,108.86499786376953,109.15499877929688,108.62000274658203,108.75,111299
2025-10-17,IWDA.AS,106.7300033569336,108.36499786376953,106.12999725341797,107.66999816894531,254458
2025-10-20,IWDA.AS,108.88999938964844,109.62999725341797,108.66000366210938,109.50499725341797,137385
2025-10-21,IWDA.AS,109.63999938964844,110.08000183105469,109.5999984741211,109.94499969482422,148608
2025-10-22,IWDA.AS,109.91999816894531,110.17500305175781,109.28500366210938,109.32499694824219,120750
2025-10-23,IWDA.AS,109.71499633789062,109.90499877929688,109.29000091552734,109.75,77944
2025-10-24,IWDA.AS,110.20500183105469,110.69499969482422,109.9749984741211,110.58499908447266,128722
2025-10-27,IWDA.AS,111.38500213623047,111.4000015258789,111.13500213623047,111.36000061035156,100818
2025-10-28,IWDA.AS,111.34500122070312,111.87000274658203,111.21499633789062,111.56999969482422,85849
2025-10-29,IWDA.AS,112.02999877929688,112.16000366210938,111.5999984741211,111.75,71947
2025-10-30,IWDA.AS,111.84500122070312,112.07499694824219,111.4000015258789,111.91500091552734,94080
2025-10-31,IWDA.AS,112.08999633789062,112.25,111.63500213623047,111.78500366210938,110034
2025-11-03,IWDA.AS,111.91500091552734,112.5999984741211,111.73999786376953,111.94999694824219,150280
2025-11-04,IWDA.AS,110.9749984741211,111.86499786376953,110.65499877929688,111.55000305175781,181011
2025-11-05,IWDA.AS,110.80999755859375,111.73999786376953,110.72000122070312,111.73999786376953,132438
2025-11-06,IWDA.AS,111.16500091552734,111.57499694824219,110.11499786376953,110.22000122070312,96266
2025-11-07,IWDA.AS,110.4800033569336,110.52999877929688,108.62000274658203,108.76499938964844,179353
2025-11-10,IWDA.AS,110.7249984741211,111.33999633789062,110.58999633789062,110.93499755859375,184579
2025-11-11,IWDA.AS,111.55999755859375,111.63999938964844,111.13999938964844,111.33999633789062,94637
2025-11-12,IWDA.AS,112.16000366210938,112.44499969482422,111.73999786376953,111.95999908447266,92403
2025-11-13,IWDA.AS,111.98999786376953,112.06999969482422,110.3499984741211,110.51499938964844,136925
2025-11-14,IWDA.AS,109.69499969482422,110.36499786376953,108.51499938964844,110.19999694824219,202054
2025-11-17,IWDA.AS,110.47000122070312,110.61499786376953,109.3949966430664,109.75,119582
2025-11-18,IWDA.AS,108.33999633789062,108.74500274658203,107.41999816894531,108.28500366210938,176960
2025-11-19,IWDA.AS,108.1449966430664,109.3499984741211,108.0199966430664,108.58000183105469,76993
2025-11-20,IWDA.AS,110.08999633789062,110.7249984741211,109.23500061035156,109.23500061035156,117771
2025-11-21,IWDA.AS,107.28500366210938,108.13999938964844,106.95500183105469,108.1050033569336,195501
2025-11-24,IWDA.AS,108.875,109.68000030517578,108.30500030517578,109.53500366210938,103576
2025-11-25,IWDA.AS,109.66999816894531,109.82499694824219,108.76499938964844,109.82499694824219,81082
2025-11-26,IWDA.AS,110.69000244140625,111.11000061035156,110.3949966430664,111.06999969482422,78132
2025-11-27,IWDA.AS,111.0250015258789,111.19499969482422,110.95500183105469,110.99500274658203,56162
2025-11-28,IWDA.AS,111.21499633789062,111.66000366210938,111.20500183105469,111.4000015258789,67271
2025-12-01,IWDA.AS,110.78500366210938,111.05500030517578,110.33000183105469,110.97000122070312,95862
2025-12-02,IWDA.AS,110.81999969482422,111.5250015258789,110.76000213623047,110.98999786376953,97304
2025-12-03,IWDA.AS,111.12000274658203,111.22000122070312,110.44999694824219,111.03500366210938,91230
2025-12-04,IWDA.AS,111.30000305175781,111.49500274658203,111.03500366210938,111.27999877929688,104673
2025-12-05,IWDA.AS,111.62000274658203,112.04000091552734,111.37999725341797,111.69499969482422,137517
2025-12-08,IWDA.AS,111.69000244140625,111.80500030517578,111.37999725341797,111.51499938964844,103304
2025-12-09,IWDA.AS,111.6449966430664,111.74500274658203,111.25,111.63500213623047,98435
2025-12-10,IWDA.AS,111.29000091552734,111.48500061035156,111.0999984741211,111.38500213623047,80573
2025-12-11,IWDA.AS,110.7249984741211,111.2300033569336,110.58000183105469,110.9749984741211,110475
2025-12-12,IWDA.AS,111.58999633789062,111.78500366210938,110.19000244140625,110.29000091552734,190120
2025-12-15,IWDA.AS,110.9000015258789,111.16999816894531,110.13999938964844,110.49500274658203,138072
2025-12-16,IWDA.AS,109.83499908447266,110.4000015258789,109.43000030517578,109.7300033569336,149564
2025-12-17,IWDA.AS,110.36000061035156,110.66500091552734,109.23500061035156,109.28500366210938,105795
2025-12-18,IWDA.AS,109.30999755859375,110.5199966430664,109.2699966430664,110.42500305175781,85455
2025-12-19,IWDA.AS,110.37000274658203,110.98999786376953,110.05999755859375,110.94999694824219,129609
2025-12-22,IWDA.AS,111.1050033569336,111.19999694824219,110.81999969482422,111.16500091552734,96327
2025-12-23,IWDA.AS,111.18000030517578,111.48999786376953,110.94999694824219,111.4000015258789,286110
2025-12-24,IWDA.AS,111.41000366210938,111.5,111.25,111.5,47960
2025-12-29,IWDA.AS,111.66999816894531,111.76000213623047,111.27999877929688,111.56500244140625,193089
2025-12-30,IWDA.AS,111.5250015258789,111.8550033569336,111.5,111.80000305175781,144790
2025-12-31,IWDA.AS,111.6050033569336,111.66999816894531,111.42500305175781,111.52999877929688,87411
2026-01-02,IWDA.AS,111.66999816894531,112.1050033569336,111.05999755859375,111.33499908447266,204614
2026-01-05,IWDA.AS,112.20999908447266,112.87000274658203,112.13500213623047,112.73999786376953,180681
2026-01-06,IWDA.AS,112.68499755859375,113.375,112.43499755859375,113.12000274658203,153724
2026-01-07,IWDA.AS,113.4749984741211,113.55500030517578,113.22000122070312,113.45500183105469,149223
2026-01-08,IWDA.AS,112.98500061035156,113.33000183105469,112.66500091552734,113.27999877929688,188032
2026-01-09,IWDA.AS,113.44000244140625,114.33999633789062,113.375,114.20999908447266,108087
2026-01-12,IWDA.AS,113.53500366210938,114.22000122070312,113.25,114.15499877929688,128940
2026-01-13,IWDA.AS,114.2750015258789,114.55999755859375,113.9749984741211,114.32499694824219,114232
2026-01-14,IWDA.AS,114.26499938964844,114.3550033569336,113.37000274658203,113.66500091552734,145564
2026-01-15,IWDA.AS,114.2750015258789,115.08499908447266,114.25499725341797,114.93000030517578,107307
2026-01-16,IWDA.AS,114.91500091552734,114.94999694824219,114.33999633789062,114.7750015258789,74482
2026-01-19,IWDA.AS,113.4000015258789,113.6500015258789,112.9800033569336,113.12000274658203,184499
2026-01-20,IWDA.AS,112.26000213623047,112.2750015258789,111.29000091552734,112.19000244140625,190439
2026-01-21,IWDA.AS,111.70500183105469,112.58000183105469,111.0,112.29000091552734,203983
2026-01-22,IWDA.AS,113.15499877929688,113.48999786376953,112.79499816894531,113.00499725341797,132231
2026-01-23,IWDA.AS,113.0199966430664,113.1449966430664,112.53500366210938,112.77999877929688,106395
2026-01-26,IWDA.AS,112.19499969482422,112.57499694824219,111.69999694824219,112.37999725341797,155426
2026-01-27,IWDA.AS,112.86000061035156,112.9000015258789,112.05999755859375,112.19999694824219,102382
2026-01-28,IWDA.AS,112.45500183105469,112.5999984741211,112.12000274658203,112.31999969482422,145012
2026-01-29,IWDA.AS,112.33999633789062,112.75499725341797,110.94999694824219,111.4000015258789,150357
2026-01-30,IWDA.AS,111.38999938964844,112.54000091552734,111.32499694824219,112.19000244140625,151293
2026-02-02,IWDA.AS,111.44499969482422,113.5,111.33499908447266,113.43499755859375,162734
2026-02-03,IWDA.AS,113.88999938964844,114.05999755859375,112.86499786376953,112.94000244140625,99675
2026-02-04,IWDA.AS,112.81500244140625,113.30000305175781,112.54499816894531,112.62999725341797,126791
2026-02-05,IWDA.AS,112.4749984741211,112.68000030517578,110.93499755859375,111.55500030517578,297774
2026-02-06,IWDA.AS,111.04000091552734,112.69499969482422,111.01000213623047,112.62999725341797,134059
2026-02-09,IWDA.AS,112.94000244140625,113.24500274658203,112.125,113.2300033569336,95397
2026-02-10,IWDA.AS,113.125,113.71499633789062,113.09500122070312,113.42500305175781,85967
2026-02-11,IWDA.AS,113.33499908447266,114.2699966430664,112.95500183105469,113.43499755859375,80699
2026-02-12,IWDA.AS,113.87000274658203,113.90499877929688,112.25,112.34500122070312,102237
2026-02-13,IWDA.AS,111.88500213623047,112.4749984741211,111.36000061035156,112.2750015258789,152173
2026-02-16,IWDA.AS,112.19999694824219,112.4749984741211,111.9000015258789,111.98500061035156,81359
2026-02-17,IWDA.AS,112.11499786376953,112.4800033569336,111.54000091552734,112.30500030517578,97196
2026-02-18,IWDA.AS,112.78500366210938,113.58499908447266,112.69000244140625,113.53500366210938,71442
2026-02-19,IWDA.AS,113.51499938964844,113.62999725341797,112.92500305175781,113.38500213623047,47814
2026-02-20,IWDA.AS,113.65499877929688,113.98999786376953,113.0,113.66999816894531,86929
2026-02-23,IWDA.AS,113.1500015258789,114.0,112.63999938964844,112.91999816894531,94589
2026-02-24,IWDA.AS,112.98500061035156,113.69999694824219,112.71499633789062,113.375,163014
2026-02-25,IWDA.AS,113.7300033569336,114.38500213623047,113.69999694824219,114.25,78481
2026-02-26,IWDA.AS,114.31500244140625,114.62999725341797,113.44999694824219,114.02999877929688,130041
2026-02-27,IWDA.AS,113.9800033569336,114.19499969482422,113.01000213623047,113.57499694824219,89764
2026-03-02,IWDA.AS,112.62999725341797,114.19000244140625,112.44000244140625,113.83000183105469,208897
2026-03-03,IWDA.AS,113.19000244140625,113.2249984741211,111.77999877929688,112.6449966430664,175387
2026-03-04,IWDA.AS,112.80000305175781,114.04499816894531,112.73999786376953,113.8550033569336,108213
2026-03-05,IWDA.AS,113.7699966430664,114.27999877929688,113.06500244140625,113.24500274658203,124326
2026-03-09,IWDA.AS,110.38999938964844,111.61499786376953,110.22000122070312,111.44000244140625,201002
2026-03-10,IWDA.AS,112.7300033569336,113.1449966430664,112.12000274658203,113.01000213623047,151306
2026-03-11,IWDA.AS,112.55000305175781,113.05000305175781,112.23999786376953,112.5999984741211,98187
2026-03-12,IWDA.AS,112.49500274658203,112.5999984741211,111.6500015258789,112.05999755859375,65082
2026-03-13,IWDA.AS,111.58999633789062,112.83999633789062,111.4800033569336,111.90499877929688,109165
2026-03-16,IWDA.AS,112.13500213623047,112.67500305175781,111.6500015258789,112.1500015258789,95133
2026-03-17,IWDA.AS,111.94999694824219,112.8949966430664,111.68000030517578,112.4000015258789,85381
2026-03-18,IWDA.AS,112.92500305175781,113.08000183105469,111.58000183105469,111.7300033569336,112885
2026-03-19,IWDA.AS,111.01499938964844,111.20999908447266,109.5,109.8499984741211,252180
2026-03-20,IWDA.AS,110.16500091552734,110.36000061035156,108.76000213623047,108.7699966430664,145145
2026-03-23,IWDA.AS,107.30999755859375,111.0,107.18000030517578,109.18499755859375,265311
2026-03-24,IWDA.AS,109.27999877929688,109.5199966430664,108.3499984741211,109.2249984741211,111925
2026-03-25,IWDA.AS,109.9800033569336,110.41000366210938,109.5250015258789,110.1500015258789,171651
2026-03-26,IWDA.AS,109.66999816894531,109.81999969482422,108.98999786376953,108.98999786376953,71361
2026-03-27,IWDA.AS,108.86499786376953,108.91500091552734,107.33999633789062,107.51499938964844,116662
2026-03-30,IWDA.AS,107.23999786376953,108.25,107.19999694824219,108.23500061035156,115001
2026-03-31,IWDA.AS,107.77999877929688,108.40499877929688,107.5999984741211,108.05500030517578,92794
2026-04-01,IWDA.AS,110.20999908447266,110.33999633789062,109.6500015258789,110.33999633789062,150753
2026-04-02,IWDA.AS,109.05999755859375,110.5999984741211,108.69499969482422,110.36499786376953,78777
2026-04-07,IWDA.AS,110.62000274658203,111.08999633789062,109.42500305175781,109.70500183105469,165473
2026-04-08,IWDA.AS,112.86499786376953,113.12000274658203,112.16999816894531,112.50499725341797,183596
2026-04-09,IWDA.AS,112.625,112.67500305175781,112.18000030517578,112.67500305175781,83780
2026-04-10,IWDA.AS,113.00499725341797,114.0,112.91999816894531,112.9800033569336,85676
2026-04-13,IWDA.AS,112.33999633789062,113.05999755859375,112.16999816894531,112.94499969482422,87578
2026-04-14,IWDA.AS,113.37000274658203,114.19999694824219,113.30000305175781,114.19999694824219,62540
2026-04-15,IWDA.AS,114.38999938964844,114.69999694824219,114.27999877929688,114.63500213623047,82613
2026-04-16,IWDA.AS,115.23500061035156,115.45500183105469,114.98500061035156,115.31500244140625,97400
2026-04-17,IWDA.AS,115.33999633789062,116.67500305175781,115.30999755859375,116.67500305175781,89608
2026-04-20,IWDA.AS,116.16500091552734,116.56999969482422,115.93000030517578,116.21499633789062,100085
2026-04-21,IWDA.AS,116.5199966430664,116.94499969482422,115.94999694824219,116.0999984741211,73260
2026-04-22,IWDA.AS,116.4000015258789,116.6500015258789,116.12000274658203,116.59500122070312,111584
2026-04-23,IWDA.AS,116.4800033569336,116.99500274658203,116.2300033569336,116.98500061035156,94091
2026-04-24,IWDA.AS,116.80000305175781,117.0999984741211,116.37999725341797,116.7300033569336,72323
2026-04-27,IWDA.AS,116.82499694824219,116.97000122070312,116.5199966430664,116.6050033569336,101270
2026-04-28,IWDA.AS,117.0999984741211,117.2300033569336,116.26499938964844,116.26499938964844,101361
2026-04-29,IWDA.AS,116.79000091552734,116.80500030517578,116.19999694824219,116.30500030517578,51550
2026-04-30,IWDA.AS,116.38999938964844,117.38999938964844,116.33999633789062,117.05500030517578,63439
2026-05-04,IWDA.AS,117.87999725341797,118.11000061035156,117.19999694824219,117.36000061035156,278084
2026-05-05,IWDA.AS,117.83000183105469,118.30000305175781,117.80999755859375,118.20999908447266,137069
2026-05-06,IWDA.AS,118.73999786376953,119.69000244140625,118.72000122070312,119.58000183105469,102869
2026-05-07,IWDA.AS,120.0,120.16000366210938,119.51000213623047,119.62999725341797,267314
2026-05-08,IWDA.AS,119.48999786376953,119.62999725341797,119.26000213623047,119.51000213623047,80369
2026-05-11,IWDA.AS,119.52999877929688,119.95999908447266,119.33999633789062,119.93000030517578,82371
2026-05-12,IWDA.AS,119.41000366210938,119.75,119.04000091552734,119.16000366210938,77530
2026-05-13,IWDA.AS,120.29000091552734,120.62999725341797,119.88999938964844,120.43000030517578,99461
2026-05-14,IWDA.AS,121.0,122.05999755859375,120.9000015258789,121.98999786376953,54066
2026-05-15,IWDA.AS,121.45999908447266,121.52999877929688,120.56999969482422,121.0,98370
2026-05-18,IWDA.AS,120.06999969482422,121.0,119.87000274658203,120.38999938964844,121792
2026-05-19,IWDA.AS,120.62999725341797,121.04000091552734,120.12000274658203,120.30000305175781,75219
2026-05-20,IWDA.AS,120.5,121.58999633789062,120.44999694824219,121.37999725341797,105098
2026-05-21,IWDA.AS,121.37000274658203,121.81999969482422,121.11000061035156,121.5199966430664,164930
2026-05-22,IWDA.AS,122.37000274658203,122.8499984741211,122.19999694824219,122.83000183105469,102172
2026-05-25,IWDA.AS,123.41000366210938,123.6500015258789,123.26000213623047,123.52999877929688,82254
2026-05-26,IWDA.AS,123.23999786376953,123.41999816894531,123.0,123.11000061035156,132946
2026-05-27,IWDA.AS,123.06999969482422,123.44999694824219,122.69999694824219,122.88999938964844,137370
2026-05-28,IWDA.AS,122.91000366210938,123.19000244140625,122.55999755859375,123.16999816894531,102263
2026-05-29,IWDA.AS,123.56999969482422,123.80000305175781,123.3499984741211,123.37999725341797,72972
2026-06-01,IWDA.AS,123.83000183105469,123.9800033569336,123.30999755859375,123.7300033569336,147831
2026-06-02,IWDA.AS,123.77999877929688,124.37000274658203,123.5,124.29000091552734,123043
2026-06-03,IWDA.AS,124.55999755859375,124.61000061035156,123.8499984741211,123.91000366210938,89273
2026-06-04,IWDA.AS,123.44999694824219,123.9000015258789,122.83000183105469,123.87000274658203,81465
2026-06-05,IWDA.AS,123.37999725341797,123.81999969482422,123.22000122070312,123.33000183105469,95667
2026-06-08,IWDA.AS,122.06999969482422,123.08999633789062,122.01000213623047,122.6500015258789,148141
2026-06-09,IWDA.AS,122.58999633789062,123.1500015258789,120.7699966430664,120.8499984741211,108548
2026-06-10,IWDA.AS,121.36000061035156,121.75,120.30000305175781,120.73999786376953,160636
2026-06-11,IWDA.AS,120.75,121.38999938964844,120.41000366210938,120.88999938964844,125062
2026-06-12,IWDA.AS,121.80999755859375,123.0199966430664,121.69999694824219,122.80999755859375,107420
2026-06-15,IWDA.AS,123.98999786376953,124.25,123.70999908447266,124.23999786376953,138345
2026-06-16,IWDA.AS,124.36000061035156,124.54000091552734,124.0,124.13999938964844,88859
2026-06-17,IWDA.AS,124.0999984741211,124.33999633789062,123.8499984741211,124.20999908447266,66050
2026-06-18,IWDA.AS,124.4800033569336,125.18000030517578,124.41000366210938,124.62000274658203,106235
2026-06-19,IWDA.AS,124.77999877929688,124.95999908447266,124.44999694824219,124.81999969482422,59973
2026-06-22,IWDA.AS,124.95999908447266,125.80000305175781,124.77999877929688,125.02999877929688,97872
2026-06-23,IWDA.AS,123.45999908447266,124.56999969482422,123.22000122070312,123.98999786376953,122552
2026-06-24,IWDA.AS,124.0999984741211,124.91000366210938,124.04000091552734,124.73999786376953,60351
2026-06-25,IWDA.AS,124.7300033569336,125.05999755859375,123.55000305175781,124.08999633789062,82701
2026-06-26,IWDA.AS,123.48999786376953,123.7300033569336,122.41999816894531,123.7300033569336,90843
2026-06-29,IWDA.AS,123.66000366210938,124.38999938964844,123.19999694824219,123.87000274658203,94166
2026-06-30,IWDA.AS,124.76000213623047,125.19999694824219,124.5999984741211,125.12999725341797,64600
2026-07-01,IWDA.AS,125.0,125.9000015258789,124.87999725341797,125.86000061035156,100236
2026-07-02,IWDA.AS,125.1500015258789,126.0,125.01000213623047,125.2300033569336,84777
2026-07-03,IWDA.AS,125.6500015258789,125.81999969482422,125.33999633789062,125.73999786376953,67669
2026-07-06,IWDA.AS,125.97000122070312,126.3499984741211,125.81999969482422,126.3499984741211,80274
2026-07-07,IWDA.AS,126.06999969482422,126.2300033569336,125.33999633789062,125.4000015258789,95127
2026-07-08,IWDA.AS,125.27999877929688,125.37999725341797,124.16999816894531,124.47000122070312,128620
2026-07-09,IWDA.AS,125.31999969482422,125.73999786376953,124.98999786376953,125.72000122070312,72647
2026-07-10,IWDA.AS,125.75,126.37999725341797,125.62999725341797,126.1500015258789,73731
2026-07-13,IWDA.AS,126.06999969482422,126.4000015258789,125.86000061035156,126.33000183105469,76608
2026-07-14,IWDA.AS,125.87000274658203,126.19000244140625,125.45999908447266,126.08999633789062,76400
2026-07-15,IWDA.AS,126.41999816894531,126.63999938964844,126.12000274658203,126.29000091552734,72493
2026-07-16,IWDA.AS,126.05999755859375,126.29000091552734,125.5,126.26000213623047,88590
2026-07-17,IWDA.AS,124.66000366210938,125.18000030517578,124.2699966430664,124.8499984741211,119639
2026-07-20,IWDA.AS,124.7699966430664,125.62999725341797,124.66000366210938,125.26000213623047,63966
2026-07-21,IWDA.AS,125.33999633789062,125.75,125.05000305175781,125.75,86180
2026-07-22,IWDA.AS,125.38999938964844,126.08000183105469,125.30000305175781,126.02999877929688,84247
2026-07-23,IWDA.AS,125.33999633789062,125.58999633789062,124.2699966430664,124.4000015258789,88323
2026-07-24,IWDA.AS,124.62000274658203,125.38999938964844,124.56999969482422,125.26000213623047,63664
2026-07-27,IWDA.AS,125.76000213623047,125.97000122070312,124.7300033569336,124.75,121966
2026-07-28,IWDA.AS,124.81999969482422,125.23999786376953,124.52999877929688,125.18000030517578,86877
