Date,Ticker,Open,High,Low,Close,Volume
2020-04-03,JT13.MI,1183.6812744140625,1183.6812744140625,1183.6812744140625,1183.6812744140625,0
2020-04-06,JT13.MI,1183.6827392578125,1183.6827392578125,1183.6827392578125,1183.6827392578125,0
2020-04-07,JT13.MI,1183.6812744140625,1183.6812744140625,1183.6812744140625,1183.6812744140625,0
2020-04-08,JT13.MI,1183.7275390625,1183.7275390625,1183.7275390625,1183.7275390625,0
2020-04-09,JT13.MI,1183.97705078125,1183.97705078125,1183.97705078125,1183.97705078125,0
2020-04-14,JT13.MI,1184.33544921875,1184.33544921875,1184.33544921875,1184.33544921875,0
2020-04-15,JT13.MI,1184.162841796875,1184.162841796875,1184.162841796875,1184.162841796875,0
2020-04-16,JT13.MI,1184.213623046875,1184.213623046875,1184.213623046875,1184.213623046875,0
2020-04-17,JT13.MI,1183.8697509765625,1183.8697509765625,1183.8697509765625,1183.8697509765625,0
2020-04-20,JT13.MI,1183.9041748046875,1183.9041748046875,1183.9041748046875,1183.9041748046875,0
2020-04-21,JT13.MI,1183.6475830078125,1183.6475830078125,1183.6475830078125,1183.6475830078125,0
2020-04-22,JT13.MI,1183.787109375,1183.787109375,1183.787109375,1183.787109375,0
2020-04-23,JT13.MI,1183.9658203125,1183.9658203125,1183.9658203125,1183.9658203125,0
2020-04-24,JT13.MI,1184.3280029296875,1184.3280029296875,1184.3280029296875,1184.3280029296875,0
2020-04-27,JT13.MI,1184.500244140625,1184.500244140625,1184.500244140625,1184.500244140625,0
2020-04-28,JT13.MI,1184.5428466796875,1184.5428466796875,1184.5428466796875,1184.5428466796875,0
2020-04-29,JT13.MI,1184.5516357421875,1184.5516357421875,1184.5516357421875,1184.5516357421875,0
2020-04-30,JT13.MI,1184.5682373046875,1184.5682373046875,1184.5682373046875,1184.5682373046875,0
2020-05-04,JT13.MI,1184.0755615234375,1184.0755615234375,1184.0755615234375,1184.0755615234375,0
2020-05-05,JT13.MI,10.229999542236328,10.279999732971191,10.229999542236328,10.253999710083008,1200
2020-05-06,JT13.MI,10.253999710083008,10.253999710083008,10.253999710083008,10.253999710083008,0
2020-05-07,JT13.MI,10.34000015258789,10.350000381469727,10.3100004196167,10.3100004196167,54122
2020-05-08,JT13.MI,10.324000358581543,10.324000358581543,10.241999626159668,10.241999626159668,25
2020-05-11,JT13.MI,10.241999626159668,10.241999626159668,10.241999626159668,10.241999626159668,0
2020-05-12,JT13.MI,10.241999626159668,10.241999626159668,10.241999626159668,10.241999626159668,0
2020-05-13,JT13.MI,10.227999687194824,10.227999687194824,10.204000473022461,10.204000473022461,513
2020-05-14,JT13.MI,10.204000473022461,10.204000473022461,10.204000473022461,10.204000473022461,0
2020-05-15,JT13.MI,10.227999687194824,10.227999687194824,10.197999954223633,10.197999954223633,250
2020-05-18,JT13.MI,10.197999954223633,10.197999954223633,10.197999954223633,10.197999954223633,0
2020-05-19,JT13.MI,10.100000381469727,10.12399959564209,10.029999732971191,10.029999732971191,53000
2020-05-20,JT13.MI,10.069999694824219,10.069999694824219,10.034000396728516,10.038000106811523,110000
2020-05-21,JT13.MI,9.980999946594238,10.041999816894531,9.979999542236328,10.031999588012695,7319
2020-05-22,JT13.MI,10.118000030517578,10.149999618530273,10.109999656677246,10.109999656677246,35043
2020-05-25,JT13.MI,10.109999656677246,10.109999656677246,10.109999656677246,10.109999656677246,0
2020-05-26,JT13.MI,10.109999656677246,10.109999656677246,10.109999656677246,10.109999656677246,0
2020-05-27,JT13.MI,10.109999656677246,10.109999656677246,10.109999656677246,10.109999656677246,0
2020-05-28,JT13.MI,10.109999656677246,10.109999656677246,10.109999656677246,10.109999656677246,0
2020-05-29,JT13.MI,9.954000473022461,9.954000473022461,9.881999969482422,9.881999969482422,15000
2020-06-01,JT13.MI,9.881999969482422,9.881999969482422,9.881999969482422,9.881999969482422,0
2020-06-02,JT13.MI,9.87399959564209,9.87399959564209,9.753000259399414,9.753000259399414,547
2020-06-03,JT13.MI,9.739999771118164,9.739999771118164,9.668999671936035,9.67300033569336,817
2020-06-04,JT13.MI,9.659000396728516,9.729000091552734,9.595000267028809,9.595000267028809,288
2020-06-05,JT13.MI,9.592000007629395,9.592000007629395,9.53499984741211,9.53499984741211,36698
2020-06-08,JT13.MI,9.593999862670898,9.680000305175781,9.593999862670898,9.652000427246094,764
2020-06-09,JT13.MI,9.661999702453613,9.668999671936035,9.661999702453613,9.668999671936035,460
2020-06-10,JT13.MI,9.668999671936035,9.668999671936035,9.668999671936035,9.668999671936035,0
2020-06-11,JT13.MI,9.718999862670898,9.774999618530273,9.718999862670898,9.74899959564209,11929
2020-06-12,JT13.MI,9.74899959564209,9.74899959564209,9.74899959564209,9.74899959564209,0
2020-06-15,JT13.MI,9.788000106811523,9.788000106811523,9.779999732971191,9.779999732971191,4553
2020-06-16,JT13.MI,9.746000289916992,9.793999671936035,9.746000289916992,9.793999671936035,504
2020-06-17,JT13.MI,9.751999855041504,9.833000183105469,9.751999855041504,9.833000183105469,589
2020-06-18,JT13.MI,9.864999771118164,9.878000259399414,9.864999771118164,9.878000259399414,200
2020-06-19,JT13.MI,9.878000259399414,9.878000259399414,9.878000259399414,9.878000259399414,0
2020-06-22,JT13.MI,9.906000137329102,9.906000137329102,9.835000038146973,9.835000038146973,5876
2020-06-23,JT13.MI,9.835000038146973,9.835000038146973,9.835000038146973,9.835000038146973,0
2020-06-24,JT13.MI,9.835000038146973,9.835000038146973,9.835000038146973,9.835000038146973,0
2020-06-25,JT13.MI,9.793999671936035,9.83899974822998,9.793999671936035,9.83899974822998,513
2020-06-26,JT13.MI,9.83899974822998,9.83899974822998,9.83899974822998,9.83899974822998,0
2020-06-29,JT13.MI,9.848999977111816,9.848999977111816,9.763999938964844,9.763999938964844,10000
2020-06-30,JT13.MI,9.767000198364258,9.8100004196167,9.753000259399414,9.753000259399414,60060
2020-07-01,JT13.MI,9.753000259399414,9.753000259399414,9.753000259399414,9.753000259399414,0
2020-07-02,JT13.MI,9.753000259399414,9.753000259399414,9.753000259399414,9.753000259399414,0
2020-07-03,JT13.MI,9.753000259399414,9.753000259399414,9.753000259399414,9.753000259399414,0
2020-07-06,JT13.MI,9.744000434875488,9.744000434875488,9.729999542236328,9.729999542236328,4000
2020-07-07,JT13.MI,9.711000442504883,9.737000465393066,9.711000442504883,9.737000465393066,14
2020-07-08,JT13.MI,9.779999732971191,9.779999732971191,9.720999717712402,9.720999717712402,4000
2020-07-09,JT13.MI,9.734999656677246,9.762999534606934,9.734999656677246,9.762999534606934,1500
2020-07-10,JT13.MI,9.826000213623047,9.826000213623047,9.79800033569336,9.79800033569336,5000
2020-07-13,JT13.MI,9.79800033569336,9.79800033569336,9.79800033569336,9.79800033569336,0
2020-07-14,JT13.MI,9.79800033569336,9.79800033569336,9.79800033569336,9.79800033569336,0
2020-07-15,JT13.MI,9.678000450134277,9.692999839782715,9.678000450134277,9.692999839782715,14
2020-07-16,JT13.MI,9.692999839782715,9.692999839782715,9.692999839782715,9.692999839782715,0
2020-07-17,JT13.MI,9.692999839782715,9.692999839782715,9.692999839782715,9.692999839782715,0
2020-07-20,JT13.MI,9.692999839782715,9.692999839782715,9.692999839782715,9.692999839782715,0
2020-07-21,JT13.MI,9.692999839782715,9.692999839782715,9.692999839782715,9.692999839782715,0
2020-07-22,JT13.MI,9.557999610900879,9.557999610900879,9.526000022888184,9.526000022888184,81902
2020-07-23,JT13.MI,9.524999618530273,9.543000221252441,9.524999618530273,9.543000221252441,160
2020-07-24,JT13.MI,9.595000267028809,9.604000091552734,9.58899974822998,9.604000091552734,88510
2020-07-27,JT13.MI,9.585000038146973,9.59000015258789,9.560999870300293,9.560999870300293,22370
2020-07-28,JT13.MI,9.593999862670898,9.607000350952148,9.593999862670898,9.607000350952148,382
2020-07-29,JT13.MI,9.586999893188477,9.60099983215332,9.5649995803833,9.565999984741211,78558
2020-07-30,JT13.MI,9.592000007629395,9.592000007629395,9.552000045776367,9.555000305175781,28569
2020-07-31,JT13.MI,9.529999732971191,9.538999557495117,9.467000007629395,9.467000007629395,5202
2020-08-03,JT13.MI,9.491999626159668,9.512999534606934,9.48900032043457,9.48900032043457,441
2020-08-04,JT13.MI,9.470999717712402,9.494000434875488,9.463000297546387,9.494000434875488,585
2020-08-05,JT13.MI,9.447999954223633,9.447999954223633,9.428000450134277,9.428000450134277,110976
2020-08-06,JT13.MI,9.45300006866455,9.46399974822998,9.451000213623047,9.46399974822998,14893
2020-08-07,JT13.MI,9.472999572753906,9.505999565124512,9.472999572753906,9.477999687194824,31433
2020-08-10,JT13.MI,9.48799991607666,9.505000114440918,9.486000061035156,9.505000114440918,5031
2020-08-11,JT13.MI,9.484999656677246,9.484999656677246,9.434000015258789,9.434000015258789,276
2020-08-12,JT13.MI,9.434000015258789,9.434000015258789,9.434000015258789,9.434000015258789,0
2020-08-13,JT13.MI,9.348999977111816,9.350000381469727,9.343000411987305,9.350000381469727,530
2020-08-14,JT13.MI,9.350000381469727,9.350000381469727,9.350000381469727,9.350000381469727,0
2020-08-17,JT13.MI,9.383999824523926,9.39900016784668,9.383999824523926,9.39900016784668,90
2020-08-18,JT13.MI,9.402999877929688,9.409000396728516,9.401000022888184,9.401000022888184,425
2020-08-19,JT13.MI,9.392999649047852,9.399999618530273,9.392999649047852,9.399999618530273,4100
2020-08-20,JT13.MI,9.428000450134277,9.428000450134277,9.42199993133545,9.425000190734863,929
2020-08-21,JT13.MI,9.47700023651123,9.47700023651123,9.473999977111816,9.473999977111816,2600
2020-08-24,JT13.MI,9.447999954223633,9.458999633789062,9.447999954223633,9.458999633789062,147
2020-08-25,JT13.MI,9.458999633789062,9.458999633789062,9.458999633789062,9.458999633789062,0
2020-08-26,JT13.MI,9.414999961853027,9.425000190734863,9.414999961853027,9.425000190734863,791
2020-08-27,JT13.MI,9.42199993133545,9.42199993133545,9.404000282287598,9.404000282287598,2085
2020-08-28,JT13.MI,9.369999885559082,9.435999870300293,9.369999885559082,9.435999870300293,669
2020-08-31,JT13.MI,9.373000144958496,9.373000144958496,9.348999977111816,9.348999977111816,6774
2020-09-01,JT13.MI,9.348999977111816,9.348999977111816,9.348999977111816,9.348999977111816,0
2020-09-02,JT13.MI,9.383000373840332,9.41100025177002,9.378999710083008,9.41100025177002,16557
2020-09-03,JT13.MI,9.404999732971191,9.420000076293945,9.395000457763672,9.420000076293945,2284
2020-09-04,JT13.MI,9.395000457763672,9.42199993133545,9.395000457763672,9.42199993133545,164
2020-09-07,JT13.MI,9.397000312805176,9.407999992370605,9.397000312805176,9.407999992370605,38
2020-09-08,JT13.MI,9.409000396728516,9.460000038146973,9.409000396728516,9.460000038146973,11930
2020-09-09,JT13.MI,9.482999801635742,9.482999801635742,9.413999557495117,9.413999557495117,128
2020-09-10,JT13.MI,9.402000427246094,9.402000427246094,9.371000289916992,9.371000289916992,70
2020-09-11,JT13.MI,9.395000457763672,9.404000282287598,9.376999855041504,9.404000282287598,201
2020-09-14,JT13.MI,9.401000022888184,9.416999816894531,9.401000022888184,9.416999816894531,334
2020-09-15,JT13.MI,9.406000137329102,9.454999923706055,9.406000137329102,9.454999923706055,859
2020-09-16,JT13.MI,9.463000297546387,9.519000053405762,9.458999633789062,9.519000053405762,2393
2020-09-17,JT13.MI,9.574999809265137,9.574999809265137,9.541999816894531,9.541999816894531,62
2020-09-18,JT13.MI,9.53600025177002,9.576000213623047,9.53600025177002,9.541999816894531,10665
2020-09-21,JT13.MI,9.553999900817871,9.633999824523926,9.553999900817871,9.619000434875488,291991
2020-09-22,JT13.MI,9.635000228881836,9.635000228881836,9.612000465393066,9.612000465393066,8314
2020-09-23,JT13.MI,9.609999656677246,9.611000061035156,9.609999656677246,9.611000061035156,1039
2020-09-24,JT13.MI,9.62600040435791,9.633999824523926,9.616999626159668,9.616999626159668,57
2020-09-25,JT13.MI,9.61299991607666,9.633000373840332,9.61299991607666,9.633000373840332,3995
2020-09-28,JT13.MI,9.642000198364258,9.642000198364258,9.604999542236328,9.604999542236328,8
2020-09-29,JT13.MI,9.604999542236328,9.604999542236328,9.604999542236328,9.604999542236328,0
2020-09-30,JT13.MI,9.565999984741211,9.565999984741211,9.543000221252441,9.543000221252441,12437
2020-10-01,JT13.MI,9.543000221252441,9.543000221252441,9.543000221252441,9.543000221252441,0
2020-10-02,JT13.MI,9.581000328063965,9.60099983215332,9.57699966430664,9.57699966430664,10098
2020-10-05,JT13.MI,9.57699966430664,9.57699966430664,9.57699966430664,9.57699966430664,0
2020-10-06,JT13.MI,9.47599983215332,9.496000289916992,9.47599983215332,9.496000289916992,110
2020-10-07,JT13.MI,9.47700023651123,9.479000091552734,9.47700023651123,9.479000091552734,12719
2020-10-08,JT13.MI,9.468999862670898,9.496999740600586,9.468999862670898,9.486000061035156,1028
2020-10-09,JT13.MI,9.486000061035156,9.486000061035156,9.486000061035156,9.486000061035156,0
2020-10-12,JT13.MI,9.486000061035156,9.486000061035156,9.486000061035156,9.486000061035156,0
2020-10-13,JT13.MI,9.508000373840332,9.534000396728516,9.494999885559082,9.534000396728516,2539
2020-10-14,JT13.MI,9.538000106811523,9.5600004196167,9.538000106811523,9.5600004196167,52
2020-10-15,JT13.MI,9.579000473022461,9.593999862670898,9.579000473022461,9.59000015258789,20620
2020-10-16,JT13.MI,9.555000305175781,9.565999984741211,9.555000305175781,9.565999984741211,2567
2020-10-19,JT13.MI,9.565999984741211,9.565999984741211,9.565999984741211,9.565999984741211,0
2020-10-20,JT13.MI,9.461000442504883,9.46500015258789,9.461000442504883,9.46500015258789,134
2020-10-21,JT13.MI,9.475000381469727,9.517000198364258,9.475000381469727,9.517000198364258,88
2020-10-22,JT13.MI,9.538000106811523,9.538000106811523,9.510000228881836,9.524999618530273,269
2020-10-23,JT13.MI,9.550999641418457,9.550999641418457,9.522000312805176,9.522000312805176,557
2020-10-26,JT13.MI,9.527000427246094,9.538000106811523,9.527000427246094,9.53600025177002,1369
2020-10-27,JT13.MI,9.553000450134277,9.559000015258789,9.550000190734863,9.559000015258789,216
2020-10-28,JT13.MI,9.635000228881836,9.659000396728516,9.630999565124512,9.630999565124512,4943
2020-10-29,JT13.MI,9.64900016784668,9.6850004196167,9.64900016784668,9.682000160217285,1732
2020-10-30,JT13.MI,9.697999954223633,9.697999954223633,9.694000244140625,9.694000244140625,10
2020-11-02,JT13.MI,9.673999786376953,9.6850004196167,9.673999786376953,9.6850004196167,959
2020-11-03,JT13.MI,9.670000076293945,9.670000076293945,9.635000228881836,9.635000228881836,9965
2020-11-04,JT13.MI,9.63599967956543,9.651000022888184,9.63599967956543,9.651000022888184,13
2020-11-05,JT13.MI,9.635000228881836,9.640000343322754,9.60099983215332,9.633000373840332,58132
2020-11-06,JT13.MI,9.642999649047852,9.642999649047852,9.619000434875488,9.619000434875488,13168
2020-11-09,JT13.MI,9.586999893188477,9.586999893188477,9.455400466918945,9.472000122070312,19931
2020-11-10,JT13.MI,9.519000053405762,9.519000053405762,9.494000434875488,9.494000434875488,3120
2020-11-11,JT13.MI,9.494000434875488,9.494000434875488,9.494000434875488,9.494000434875488,0
2020-11-12,JT13.MI,9.513999938964844,9.513999938964844,9.508999824523926,9.508999824523926,3830
2020-11-13,JT13.MI,9.506999969482422,9.54699993133545,9.506999969482422,9.54699993133545,58
2020-11-16,JT13.MI,9.545000076293945,9.545000076293945,9.541999816894531,9.541999816894531,468
2020-11-17,JT13.MI,9.53600025177002,9.553000450134277,9.53600025177002,9.553000450134277,82
2020-11-18,JT13.MI,9.572999954223633,9.597999572753906,9.572999954223633,9.597999572753906,1570
2020-11-19,JT13.MI,9.595999717712402,9.607000350952148,9.595999717712402,9.602999687194824,1023
2020-11-20,JT13.MI,9.595000267028809,9.60200023651123,9.595000267028809,9.595999717712402,1029
2020-11-23,JT13.MI,9.583999633789062,9.583999633789062,9.562999725341797,9.562999725341797,14007
2020-11-24,JT13.MI,9.562999725341797,9.562999725341797,9.562999725341797,9.562999725341797,0
2020-11-25,JT13.MI,9.5,9.508000373840332,9.5,9.503000259399414,11600
2020-11-26,JT13.MI,9.517999649047852,9.517999649047852,9.515000343322754,9.515000343322754,1000
2020-11-27,JT13.MI,9.52299976348877,9.52299976348877,9.496999740600586,9.496999740600586,1158
2020-11-30,JT13.MI,9.463000297546387,9.480999946594238,9.463000297546387,9.475000381469727,15748
2020-12-01,JT13.MI,9.456000328063965,9.46500015258789,9.392000198364258,9.395000457763672,5090
2020-12-02,JT13.MI,9.36299991607666,9.36299991607666,9.345000267028809,9.345000267028809,102
2020-12-03,JT13.MI,9.345000267028809,9.345000267028809,9.345000267028809,9.345000267028809,0
2020-12-04,JT13.MI,9.33899974822998,9.348999977111816,9.331999778747559,9.338000297546387,27612
2020-12-07,JT13.MI,9.359999656677246,9.361000061035156,9.342000007629395,9.361000061035156,1608
2020-12-08,JT13.MI,9.361000061035156,9.361000061035156,9.361000061035156,9.361000061035156,0
2020-12-09,JT13.MI,9.359999656677246,9.385000228881836,9.354999542236328,9.376999855041504,17669
2020-12-10,JT13.MI,9.343999862670898,9.343999862670898,9.336000442504883,9.336000442504883,2975
2020-12-11,JT13.MI,9.35099983215332,9.383999824523926,9.35099983215332,9.383999824523926,11022
2020-12-14,JT13.MI,9.368000030517578,9.368000030517578,9.352999687194824,9.352999687194824,3561
2020-12-15,JT13.MI,9.329999923706055,9.368000030517578,9.329999923706055,9.368000030517578,1834
2020-12-16,JT13.MI,9.361000061035156,9.364999771118164,9.361000061035156,9.364999771118164,1947
2020-12-17,JT13.MI,9.364999771118164,9.364999771118164,9.364999771118164,9.364999771118164,0
2020-12-18,JT13.MI,9.321000099182129,9.340999603271484,9.321000099182129,9.340999603271484,8180
2020-12-21,JT13.MI,9.343000411987305,9.362000465393066,9.34000015258789,9.34000015258789,4055
2020-12-22,JT13.MI,9.343000411987305,9.357999801635742,9.343000411987305,9.357999801635742,63
2020-12-23,JT13.MI,9.369999885559082,9.369999885559082,9.347999572753906,9.347999572753906,86
2020-12-28,JT13.MI,9.321000099182129,9.321000099182129,9.302000045776367,9.302000045776367,43
2020-12-29,JT13.MI,9.302000045776367,9.302000045776367,9.302000045776367,9.302000045776367,0
2020-12-30,JT13.MI,9.302000045776367,9.302000045776367,9.302000045776367,9.302000045776367,0
2021-01-04,JT13.MI,9.322999954223633,9.329000473022461,9.322999954223633,9.329000473022461,20713
2021-01-05,JT13.MI,9.354000091552734,9.354999542236328,9.343999862670898,9.354999542236328,665
2021-01-06,JT13.MI,9.312000274658203,9.312000274658203,9.29800033569336,9.300000190734863,1573
2021-01-07,JT13.MI,9.300000190734863,9.300000190734863,9.300000190734863,9.300000190734863,0
2021-01-08,JT13.MI,9.300000190734863,9.300000190734863,9.300000190734863,9.300000190734863,0
2021-01-11,JT13.MI,9.3100004196167,9.319999694824219,9.3100004196167,9.312999725341797,24558
2021-01-12,JT13.MI,9.315999984741211,9.315999984741211,9.315999984741211,9.315999984741211,22146
2021-01-13,JT13.MI,9.32800006866455,9.34000015258789,9.32800006866455,9.34000015258789,88
2021-01-14,JT13.MI,9.324999809265137,9.371000289916992,9.324999809265137,9.371000289916992,1654
2021-01-15,JT13.MI,9.385000228881836,9.39900016784668,9.385000228881836,9.39900016784668,9440
2021-01-18,JT13.MI,9.425999641418457,9.425999641418457,9.420000076293945,9.425999641418457,1166
2021-01-19,JT13.MI,9.425999641418457,9.425999641418457,9.425999641418457,9.425999641418457,0
2021-01-20,JT13.MI,9.373000144958496,9.420000076293945,9.373000144958496,9.413999557495117,8673
2021-01-21,JT13.MI,9.395999908447266,9.399999618530273,9.375,9.383999824523926,7942
2021-01-22,JT13.MI,9.345000267028809,9.345000267028809,9.340999603271484,9.340999603271484,208
2021-01-25,JT13.MI,9.35099983215332,9.37600040435791,9.35099983215332,9.37600040435791,332
2021-01-26,JT13.MI,9.37399959564209,9.380000114440918,9.361000061035156,9.361000061035156,1828
2021-01-27,JT13.MI,9.362000465393066,9.378999710083008,9.362000465393066,9.373000144958496,2037
2021-01-28,JT13.MI,9.347999572753906,9.347999572753906,9.329999923706055,9.329999923706055,48
2021-01-29,JT13.MI,9.284000396728516,9.28600025177002,9.27400016784668,9.28600025177002,1907
2021-02-01,JT13.MI,9.303999900817871,9.315999984741211,9.303999900817871,9.307999610900879,29466
2021-02-02,JT13.MI,9.336999893188477,9.343000411987305,9.336999893188477,9.338000297546387,1706
2021-02-03,JT13.MI,9.331000328063965,9.342000007629395,9.329999923706055,9.342000007629395,2130
2021-02-04,JT13.MI,9.354999542236328,9.354999542236328,9.34000015258789,9.343999862670898,281
2021-02-05,JT13.MI,9.343000411987305,9.348999977111816,9.303999900817871,9.303999900817871,1410
2021-02-08,JT13.MI,9.286999702453613,9.315999984741211,9.282999992370605,9.315999984741211,4475
2021-02-09,JT13.MI,9.317999839782715,9.32800006866455,9.310999870300293,9.324000358581543,3535
2021-02-10,JT13.MI,9.284000396728516,9.295000076293945,9.284000396728516,9.289999961853027,9897
2021-02-11,JT13.MI,9.302000045776367,9.302000045776367,9.28600025177002,9.288999557495117,6562
2021-02-12,JT13.MI,9.270999908447266,9.277000427246094,9.270999908447266,9.276000022888184,14822
2021-02-15,JT13.MI,9.222000122070312,9.234000205993652,9.222000122070312,9.229999542236328,3126
2021-02-16,JT13.MI,9.21500015258789,9.222999572753906,9.211000442504883,9.211000442504883,18968
2021-02-17,JT13.MI,9.227999687194824,9.26099967956543,9.218999862670898,9.26099967956543,1008
2021-02-18,JT13.MI,9.243000030517578,9.270000457763672,9.23799991607666,9.239999771118164,1242
2021-02-19,JT13.MI,9.22599983215332,9.22599983215332,9.208000183105469,9.210000038146973,7018
2021-02-22,JT13.MI,9.204999923706055,9.243000030517578,9.204999923706055,9.243000030517578,18493
2021-02-23,JT13.MI,9.227999687194824,9.229000091552734,9.220000267028809,9.22700023651123,2773
2021-02-24,JT13.MI,9.170999526977539,9.178000450134277,9.159000396728516,9.173999786376953,856
2021-02-25,JT13.MI,9.107000350952148,9.107000350952148,9.081000328063965,9.081000328063965,853
2021-02-26,JT13.MI,9.081000328063965,9.081000328063965,9.081000328063965,9.081000328063965,0
2021-03-01,JT13.MI,9.182999610900879,9.182999610900879,9.166000366210938,9.175999641418457,13812
2021-03-02,JT13.MI,9.199000358581543,9.199000358581543,9.154000282287598,9.154000282287598,114
2021-03-03,JT13.MI,9.135000228881836,9.138999938964844,9.11400032043457,9.138999938964844,8323
2021-03-04,JT13.MI,9.13700008392334,9.13700008392334,9.104000091552734,9.104000091552734,2101
2021-03-05,JT13.MI,9.121999740600586,9.156999588012695,9.119000434875488,9.149999618530273,69855
2021-03-08,JT13.MI,9.154000282287598,9.178000450134277,9.14799976348877,9.156999588012695,116380
2021-03-09,JT13.MI,9.14900016784668,9.166000366210938,9.130000114440918,9.159000396728516,232078
2021-03-10,JT13.MI,9.126999855041504,9.163000106811523,9.12399959564209,9.151000022888184,127617
2021-03-11,JT13.MI,9.194000244140625,9.194000244140625,9.100000381469727,9.114999771118164,227684
2021-03-12,JT13.MI,9.079999923706055,9.109000205993652,9.065999984741211,9.07800006866455,127181
2021-03-15,JT13.MI,9.08899974822998,9.097999572753906,9.0600004196167,9.079999923706055,116956
2021-03-16,JT13.MI,9.081000328063965,9.130999565124512,9.052000045776367,9.114999771118164,91924
2021-03-17,JT13.MI,9.100000381469727,9.119000434875488,9.069999694824219,9.083999633789062,62831
2021-03-18,JT13.MI,9.069999694824219,9.107999801635742,9.041000366210938,9.09000015258789,62844
2021-03-19,JT13.MI,9.121999740600586,9.14900016784668,9.10200023651123,9.116999626159668,43578
2021-03-22,JT13.MI,9.163000106811523,9.163000106811523,9.090999603271484,9.109000205993652,35666
2021-03-23,JT13.MI,9.140000343322754,9.178000450134277,9.119999885559082,9.163000106811523,25911
2021-03-24,JT13.MI,9.201000213623047,9.206000328063965,9.16100025177002,9.177000045776367,25276
2021-03-25,JT13.MI,9.185999870300293,9.201000213623047,9.156999588012695,9.1850004196167,24997
2021-03-26,JT13.MI,9.184000015258789,9.184000015258789,9.119999885559082,9.135000228881836,73875
2021-03-29,JT13.MI,9.241999626159668,9.241999626159668,9.130000114440918,9.140000343322754,24057
2021-03-30,JT13.MI,9.119999885559082,9.142000198364258,9.114999771118164,9.133999824523926,8500
2021-03-31,JT13.MI,9.100000381469727,9.123000144958496,9.07800006866455,9.098999977111816,27111
2021-04-01,JT13.MI,9.102999687194824,9.102999687194824,9.064000129699707,9.081000328063965,38431
2021-04-06,JT13.MI,9.076000213623047,9.107000350952148,9.041000366210938,9.079000473022461,69922
2021-04-07,JT13.MI,9.067000389099121,9.071000099182129,9.03499984741211,9.052000045776367,38533
2021-04-08,JT13.MI,9.09000015258789,9.109999656677246,9.062000274658203,9.088000297546387,9487
2021-04-09,JT13.MI,9.079999923706055,9.081000328063965,9.04800033569336,9.057999610900879,21599
2021-04-12,JT13.MI,9.10099983215332,9.10099983215332,9.059000015258789,9.059000015258789,17286
2021-04-13,JT13.MI,9.060999870300293,9.105999946594238,9.050000190734863,9.0649995803833,30003
2021-04-14,JT13.MI,9.057999610900879,9.060999870300293,9.043999671936035,9.043999671936035,14540
2021-04-15,JT13.MI,9.04800033569336,9.079000473022461,9.039999961853027,9.069999694824219,22142
2021-04-16,JT13.MI,9.057999610900879,9.057999610900879,9.039999961853027,9.04800033569336,17217
2021-04-19,JT13.MI,9.07800006866455,9.086000442504883,9.053000450134277,9.072999954223633,16476
2021-04-20,JT13.MI,9.029999732971191,9.071000099182129,9.010000228881836,9.062999725341797,17125
2021-04-21,JT13.MI,9.079000473022461,9.104000091552734,9.069999694824219,9.069999694824219,27481
2021-04-22,JT13.MI,9.086000442504883,9.093000411987305,9.050999641418457,9.083000183105469,17444
2021-04-23,JT13.MI,9.074000358581543,9.074999809265137,9.052000045776367,9.052000045776367,29615
2021-04-26,JT13.MI,9.038999557495117,9.060999870300293,9.029000282287598,9.029000282287598,40956
2021-04-27,JT13.MI,9.031000137329102,9.031000137329102,8.998000144958496,8.998000144958496,27226
2021-04-28,JT13.MI,8.973999977111816,8.973999977111816,8.954000473022461,8.958999633789062,15259
2021-04-29,JT13.MI,8.949000358581543,8.949000358581543,8.920000076293945,8.935999870300293,11360
2021-04-30,JT13.MI,8.951000213623047,8.970000267028809,8.951000213623047,8.967000007629395,26306
2021-05-03,JT13.MI,8.95199966430664,8.967000007629395,8.930000305175781,8.961999893188477,9578
2021-05-04,JT13.MI,8.967000007629395,8.993000030517578,8.96500015258789,8.97700023651123,24216
2021-05-05,JT13.MI,9.003000259399414,9.003000259399414,8.979999542236328,8.993000030517578,182132
2021-05-06,JT13.MI,8.980999946594238,8.989999771118164,8.949999809265137,8.968000411987305,87231
2021-05-07,JT13.MI,8.949999809265137,8.958000183105469,8.9399995803833,8.942999839782715,130856
2021-05-10,JT13.MI,8.899999618530273,8.923999786376953,8.899999618530273,8.92199993133545,18772
2021-05-11,JT13.MI,8.923999786376953,8.939000129699707,8.909000396728516,8.934000015258789,15211
2021-05-12,JT13.MI,8.930000305175781,8.949000358581543,8.91100025177002,8.916999816894531,23850
2021-05-13,JT13.MI,8.920000076293945,8.920000076293945,8.904999732971191,8.90999984741211,5028
2021-05-14,JT13.MI,8.909000396728516,8.909000396728516,8.866000175476074,8.880000114440918,27506
2021-05-17,JT13.MI,8.904000282287598,8.904000282287598,8.88599967956543,8.890999794006348,20696
2021-05-18,JT13.MI,8.876999855041504,8.878000259399414,8.86299991607666,8.864999771118164,9908
2021-05-19,JT13.MI,8.847000122070312,8.888999938964844,8.843999862670898,8.875,19777
2021-05-20,JT13.MI,8.866999626159668,8.883999824523926,8.86400032043457,8.869999885559082,13395
2021-05-21,JT13.MI,8.873000144958496,8.895999908447266,8.873000144958496,8.880999565124512,16875
2021-05-24,JT13.MI,8.883999824523926,8.892000198364258,8.868000030517578,8.873000144958496,22207
2021-05-25,JT13.MI,8.843999862670898,8.857000350952148,8.829000473022461,8.83899974822998,12800
2021-05-26,JT13.MI,8.845999717712402,8.862000465393066,8.84000015258789,8.854999542236328,115966
2021-05-27,JT13.MI,8.854999542236328,8.86400032043457,8.812999725341797,8.812999725341797,2722
2021-05-28,JT13.MI,8.8100004196167,8.824999809265137,8.802000045776367,8.803999900817871,425380
2021-05-31,JT13.MI,8.8100004196167,8.819999694824219,8.807999610900879,8.809000015258789,16551
2021-06-01,JT13.MI,8.803000450134277,8.8100004196167,8.786999702453613,8.79699993133545,120027
2021-06-02,JT13.MI,8.817999839782715,8.821000099182129,8.805999755859375,8.805999755859375,8967
2021-06-03,JT13.MI,8.812999725341797,8.822999954223633,8.803000450134277,8.819000244140625,8462
2021-06-04,JT13.MI,8.83899974822998,8.857000350952148,8.829000473022461,8.850000381469727,7476
2021-06-07,JT13.MI,8.859999656677246,8.868000030517578,8.848999977111816,8.848999977111816,19623
2021-06-08,JT13.MI,8.854999542236328,8.854999542236328,8.831999778747559,8.840999603271484,56380
2021-06-09,JT13.MI,8.842000007629395,8.842000007629395,8.824999809265137,8.824999809265137,23572
2021-06-10,JT13.MI,8.854999542236328,8.855999946594238,8.82800006866455,8.843000411987305,22596
2021-06-11,JT13.MI,8.840999603271484,8.873000144958496,8.831999778747559,8.873000144958496,8132
2021-06-14,JT13.MI,8.866000175476074,8.871999740600586,8.84000015258789,8.84000015258789,46187
2021-06-15,JT13.MI,8.831999778747559,8.843999862670898,8.819000244140625,8.829000473022461,43990
2021-06-16,JT13.MI,8.843999862670898,8.85200023651123,8.833000183105469,8.848999977111816,8349
2021-06-17,JT13.MI,8.920999526977539,8.963000297546387,8.916000366210938,8.963000297546387,193009
2021-06-18,JT13.MI,9.0,9.017000198364258,8.968999862670898,9.017000198364258,290306
2021-06-21,JT13.MI,9.031999588012695,9.031999588012695,8.979999542236328,8.979999542236328,21831
2021-06-22,JT13.MI,8.96399974822998,8.979000091552734,8.935999870300293,8.935999870300293,13154
2021-06-23,JT13.MI,8.904000282287598,8.906999588012695,8.883000373840332,8.899999618530273,4738
2021-06-24,JT13.MI,8.89900016784668,8.914999961853027,8.897000312805176,8.913999557495117,15027
2021-06-25,JT13.MI,8.913999557495117,8.918000221252441,8.904999732971191,8.907999992370605,17083
2021-06-28,JT13.MI,8.925000190734863,8.937999725341797,8.913000106811523,8.937000274658203,15416
2021-06-29,JT13.MI,8.940999984741211,8.973999977111816,8.935999870300293,8.958999633789062,19159
2021-06-30,JT13.MI,8.960000038146973,8.97599983215332,8.956999778747559,8.956999778747559,17328
2021-07-01,JT13.MI,8.940999984741211,8.942999839782715,8.906999588012695,8.911999702453613,30946
2021-07-02,JT13.MI,8.928000450134277,8.95199966430664,8.928000450134277,8.937000274658203,27592
2021-07-05,JT13.MI,8.95300006866455,8.963000297546387,8.942999839782715,8.956000328063965,27141
2021-07-06,JT13.MI,8.960000038146973,9.017000198364258,8.960000038146973,9.01099967956543,19553
2021-07-07,JT13.MI,9.006999969482422,9.031999588012695,8.994000434875488,9.024999618530273,8047
2021-07-08,JT13.MI,9.067999839782715,9.092000007629395,9.057000160217285,9.057000160217285,24317
2021-07-09,JT13.MI,9.048999786376953,9.048999786376953,9.006999969482422,9.017000198364258,7090
2021-07-12,JT13.MI,9.010000228881836,9.024999618530273,8.996999740600586,9.00100040435791,10554
2021-07-13,JT13.MI,9.017000198364258,9.043999671936035,9.017000198364258,9.03499984741211,10694
2021-07-14,JT13.MI,9.050000190734863,9.0649995803833,9.041999816894531,9.055999755859375,13007
2021-07-15,JT13.MI,9.074000358581543,9.081999778747559,9.053999900817871,9.065999984741211,52567
2021-07-16,JT13.MI,9.083999633789062,9.083999633789062,9.057000160217285,9.0600004196167,29450
2021-07-19,JT13.MI,9.090999603271484,9.14799976348877,9.090999603271484,9.121000289916992,18383
2021-07-20,JT13.MI,9.133000373840332,9.152000427246094,9.109999656677246,9.11299991607666,34515
2021-07-21,JT13.MI,9.114999771118164,9.114999771118164,9.0600004196167,9.0600004196167,13327
2021-07-22,JT13.MI,9.071000099182129,9.093999862670898,9.050000190734863,9.086999893188477,11665
2021-07-23,JT13.MI,9.034000396728516,9.07800006866455,9.034000396728516,9.064000129699707,14345
2021-07-26,JT13.MI,9.065999984741211,9.079000473022461,9.045999526977539,9.045999526977539,23607
2021-07-27,JT13.MI,9.079000473022461,9.09000015258789,9.069999694824219,9.081000328063965,35501
2021-07-28,JT13.MI,9.095000267028809,9.095000267028809,9.0649995803833,9.0649995803833,13463
2021-07-29,JT13.MI,9.048999786376953,9.067999839782715,9.029999732971191,9.050000190734863,20886
2021-07-30,JT13.MI,9.053999900817871,9.057999610900879,9.039999961853027,9.050000190734863,11947
2021-08-02,JT13.MI,9.045000076293945,9.081999778747559,9.031000137329102,9.07800006866455,15534
2021-08-03,JT13.MI,9.085000038146973,9.119999885559082,9.071000099182129,9.112000465393066,4507
2021-08-04,JT13.MI,9.102999687194824,9.11400032043457,9.086999893188477,9.086999893188477,11666
2021-08-05,JT13.MI,9.083000183105469,9.09000015258789,9.071999549865723,9.071999549865723,7924
2021-08-06,JT13.MI,9.079999923706055,9.095999717712402,9.079999923706055,9.08899974822998,15087
2021-08-09,JT13.MI,9.097999572753906,9.104999542236328,9.092000007629395,9.097999572753906,8890
2021-08-10,JT13.MI,9.092000007629395,9.104999542236328,9.092000007629395,9.095999717712402,15096
2021-08-11,JT13.MI,9.09000015258789,9.100000381469727,9.07699966430664,9.088000297546387,82626
2021-08-12,JT13.MI,9.097999572753906,9.10200023651123,9.083999633789062,9.10099983215332,19504
2021-08-13,JT13.MI,9.111000061035156,9.111000061035156,9.090999603271484,9.098999977111816,2313
2021-08-16,JT13.MI,9.13599967956543,9.166000366210938,9.130999565124512,9.163999557495117,19534
2021-08-17,JT13.MI,9.161999702453613,9.175000190734863,9.151000022888184,9.17300033569336,6480
2021-08-18,JT13.MI,9.15999984741211,9.180000305175781,9.142000198364258,9.159000396728516,6746
2021-08-19,JT13.MI,9.196999549865723,9.199999809265137,9.178000450134277,9.187999725341797,3817
2021-08-20,JT13.MI,9.20300006866455,9.206999778747559,9.182999610900879,9.187999725341797,9186
2021-08-23,JT13.MI,9.142000198364258,9.147000312805176,9.12399959564209,9.147000312805176,1528
2021-08-24,JT13.MI,9.142000198364258,9.14799976348877,9.138999938964844,9.14799976348877,807
2021-08-25,JT13.MI,9.147000312805176,9.147000312805176,9.112000465393066,9.112000465393066,6253
2021-08-26,JT13.MI,9.100000381469727,9.104000091552734,9.086000442504883,9.104000091552734,4537
2021-08-27,JT13.MI,9.104000091552734,9.105999946594238,9.08899974822998,9.09000015258789,52787
2021-08-30,JT13.MI,9.08899974822998,9.090999603271484,9.0600004196167,9.081999778747559,99142
2021-08-31,JT13.MI,9.071000099182129,9.081000328063965,9.055000305175781,9.076000213623047,11551
2021-09-01,JT13.MI,9.050000190734863,9.050999641418457,9.03600025177002,9.038000106811523,8064
2021-09-02,JT13.MI,9.039999961853027,9.045000076293945,9.024999618530273,9.027999877929688,6665
2021-09-03,JT13.MI,9.02299976348877,9.036999702453613,9.013999938964844,9.031999588012695,5998
2021-09-06,JT13.MI,9.03600025177002,9.041999816894531,9.027999877929688,9.041999816894531,2113
2021-09-07,JT13.MI,9.026000022888184,9.031999588012695,9.015000343322754,9.026000022888184,5255
2021-09-08,JT13.MI,9.02400016784668,9.050000190734863,9.02400016784668,9.031000137329102,10642
2021-09-09,JT13.MI,9.065999984741211,9.07800006866455,9.057999610900879,9.07800006866455,7810
2021-09-10,JT13.MI,9.053000450134277,9.067000389099121,9.03499984741211,9.060999870300293,4300
2021-09-13,JT13.MI,9.083999633789062,9.085000038146973,9.062999725341797,9.069000244140625,14542
2021-09-14,JT13.MI,9.060999870300293,9.08899974822998,9.043000221252441,9.085000038146973,37293
2021-09-15,JT13.MI,9.109999656677246,9.123000144958496,9.095000267028809,9.111000061035156,10658
2021-09-16,JT13.MI,9.145000457763672,9.154000282287598,9.125,9.131999969482422,10392
2021-09-17,JT13.MI,9.125,9.133999824523926,9.083999633789062,9.133999824523926,12578
2021-09-20,JT13.MI,9.151000022888184,9.190999984741211,9.151000022888184,9.168999671936035,10178
2021-09-21,JT13.MI,9.156999588012695,9.201000213623047,9.149999618530273,9.199999809265137,28728
2021-09-22,JT13.MI,9.170000076293945,9.170000076293945,9.154999732971191,9.159000396728516,21096
2021-09-23,JT13.MI,9.145999908447266,9.154999732971191,9.107999801635742,9.107999801635742,12474
2021-09-24,JT13.MI,9.085000038146973,9.093999862670898,9.081999778747559,9.081999778747559,9052
2021-09-27,JT13.MI,9.09000015258789,9.097999572753906,9.072999954223633,9.072999954223633,6107
2021-09-28,JT13.MI,9.057999610900879,9.0649995803833,9.034000396728516,9.055999755859375,9856
2021-09-29,JT13.MI,9.067999839782715,9.076000213623047,9.062000274658203,9.062000274658203,2560
2021-09-30,JT13.MI,9.0600004196167,9.109999656677246,9.0600004196167,9.109999656677246,11373
2021-10-01,JT13.MI,9.133000373840332,9.156000137329102,9.133000373840332,9.14900016784668,4121
2021-10-04,JT13.MI,9.144000053405762,9.145000457763672,9.107999801635742,9.13599967956543,7841
2021-10-05,JT13.MI,9.140999794006348,9.140999794006348,9.105999946594238,9.105999946594238,4069
2021-10-06,JT13.MI,9.116000175476074,9.17199993133545,9.116000175476074,9.168000221252441,14730
2021-10-07,JT13.MI,9.145000457763672,9.152000427246094,9.133000373840332,9.135000228881836,3310
2021-10-08,JT13.MI,9.116000175476074,9.121000289916992,9.076000213623047,9.076000213623047,14517
2021-10-11,JT13.MI,9.022000312805176,9.029999732971191,8.972000122070312,8.980999946594238,17859
2021-10-12,JT13.MI,8.984000205993652,9.00100040435791,8.975000381469727,8.975000381469727,5373
2021-10-13,JT13.MI,8.975000381469727,8.977999687194824,8.961000442504883,8.970999717712402,5340
2021-10-14,JT13.MI,8.946999549865723,8.956999778747559,8.934000015258789,8.942000389099121,6528
2021-10-15,JT13.MI,8.890000343322754,8.890000343322754,8.871999740600586,8.890000343322754,12724
2021-10-18,JT13.MI,8.89900016784668,8.901000022888184,8.866000175476074,8.876999855041504,171928
2021-10-19,JT13.MI,8.868000030517578,8.868000030517578,8.835000038146973,8.855999946594238,13429
2021-10-20,JT13.MI,8.833999633789062,8.866999626159668,8.833999633789062,8.852999687194824,8602
2021-10-21,JT13.MI,8.87600040435791,8.892999649047852,8.868000030517578,8.892999649047852,1178
2021-10-22,JT13.MI,8.881999969482422,8.901000022888184,8.868000030517578,8.89799976348877,5995
2021-10-25,JT13.MI,8.875,8.916999816894531,8.875,8.916999816894531,2806
2021-10-26,JT13.MI,8.906999588012695,8.907999992370605,8.875,8.88599967956543,12046
2021-10-27,JT13.MI,8.923999786376953,8.942000389099121,8.901000022888184,8.918999671936035,34253
2021-10-28,JT13.MI,8.925000190734863,8.939000129699707,8.890000343322754,8.894000053405762,8644
2021-10-29,JT13.MI,8.88599967956543,8.928000450134277,8.871000289916992,8.928000450134277,1444
2021-11-01,JT13.MI,8.890000343322754,8.914999961853027,8.890000343322754,8.899999618530273,5566
2021-11-02,JT13.MI,8.9350004196167,8.942999839782715,8.918000221252441,8.920999526977539,7632
2021-11-03,JT13.MI,8.913000106811523,8.927000045776367,8.909000396728516,8.909000396728516,3199
2021-11-04,JT13.MI,8.939000129699707,8.980999946594238,8.934000015258789,8.961999893188477,15099
2021-11-05,JT13.MI,8.956000328063965,8.986000061035156,8.949999809265137,8.979999542236328,109523
2021-11-08,JT13.MI,8.979999542236328,8.98900032043457,8.961999893188477,8.972999572753906,2856
2021-11-09,JT13.MI,8.982000350952148,9.003999710083008,8.982000350952148,9.003999710083008,15320
2021-11-10,JT13.MI,8.99899959564209,9.003000259399414,8.956999778747559,8.965999603271484,5393
2021-11-11,JT13.MI,9.008000373840332,9.020000457763672,8.996999740600586,9.008999824523926,11282
2021-11-12,JT13.MI,9.017000198364258,9.031999588012695,9.017000198364258,9.027999877929688,9620
2021-11-15,JT13.MI,9.020000457763672,9.048999786376953,9.020000457763672,9.041999816894531,7164
2021-11-16,JT13.MI,9.052000045776367,9.074999809265137,9.052000045776367,9.057999610900879,40246
2021-11-17,JT13.MI,9.053000450134277,9.097000122070312,9.053000450134277,9.097000122070312,5068
2021-11-18,JT13.MI,9.086999893188477,9.102999687194824,9.069999694824219,9.07800006866455,11040
2021-11-19,JT13.MI,9.079000473022461,9.164999961853027,9.079000473022461,9.138999938964844,18490
2021-11-22,JT13.MI,9.138999938964844,9.14799976348877,9.107999801635742,9.107999801635742,13496
2021-11-23,JT13.MI,9.11400032043457,9.11400032043457,9.088000297546387,9.088000297546387,19293
2021-11-24,JT13.MI,9.112000465393066,9.126999855041504,9.112000465393066,9.11400032043457,36882
2021-11-25,JT13.MI,9.149999618530273,9.149999618530273,9.083000183105469,9.105999946594238,5472
2021-11-26,JT13.MI,9.16100025177002,9.199999809265137,9.135000228881836,9.178000450134277,9392
2021-11-29,JT13.MI,9.210000038146973,9.210000038146973,9.170999526977539,9.1899995803833,12279
2021-11-30,JT13.MI,9.17199993133545,9.208000183105469,9.17199993133545,9.20300006866455,22712
2021-12-01,JT13.MI,9.154999732971191,9.196000099182129,9.147000312805176,9.196000099182129,3612
2021-12-02,JT13.MI,9.182000160217285,9.204000473022461,9.178999900817871,9.204000473022461,4320
2021-12-03,JT13.MI,9.194999694824219,9.215999603271484,9.170999526977539,9.213000297546387,4320
2021-12-06,JT13.MI,9.206000328063965,9.213000297546387,9.192999839782715,9.204999923706055,3331
2021-12-07,JT13.MI,9.178000450134277,9.218999862670898,9.166999816894531,9.21500015258789,25649
2021-12-08,JT13.MI,9.180000305175781,9.194000244140625,9.125,9.125,16062
2021-12-09,JT13.MI,9.168999671936035,9.190999984741211,9.151000022888184,9.190999984741211,7520
2021-12-10,JT13.MI,9.175000190734863,9.197999954223633,9.163999557495117,9.178999900817871,4926
2021-12-13,JT13.MI,9.1850004196167,9.196999549865723,9.180000305175781,9.184000015258789,10367
2021-12-14,JT13.MI,9.184000015258789,9.184000015258789,9.154999732971191,9.184000015258789,7620
2021-12-15,JT13.MI,9.168999671936035,9.187999725341797,9.164999961853027,9.178999900817871,32191
2021-12-16,JT13.MI,9.126999855041504,9.151000022888184,9.100000381469727,9.151000022888184,34725
2021-12-17,JT13.MI,9.145000457763672,9.196000099182129,9.138999938964844,9.1850004196167,14460
2021-12-20,JT13.MI,9.206000328063965,9.222000122070312,9.180999755859375,9.180999755859375,8288
2021-12-21,JT13.MI,9.175000190734863,9.178000450134277,9.14799976348877,9.152000427246094,15338
2021-12-22,JT13.MI,9.135000228881836,9.13599967956543,9.095999717712402,9.095999717712402,9922
2021-12-23,JT13.MI,9.093999862670898,9.109999656677246,9.093000411987305,9.097999572753906,2444
2021-12-27,JT13.MI,9.074999809265137,9.088000297546387,9.031999588012695,9.043000221252441,13483
2021-12-28,JT13.MI,9.055999755859375,9.07699966430664,9.036999702453613,9.055000305175781,30137
2021-12-29,JT13.MI,9.050999641418457,9.072999954223633,9.020999908447266,9.022000312805176,11677
2021-12-30,JT13.MI,9.039999961853027,9.041999816894531,9.020000457763672,9.02299976348877,7079
2022-01-03,JT13.MI,9.020000457763672,9.03499984741211,8.982999801635742,9.031999588012695,15871
2022-01-04,JT13.MI,9.0,9.0,8.949999809265137,8.973999977111816,42109
2022-01-05,JT13.MI,8.97700023651123,8.98799991607666,8.958999633789062,8.958999633789062,11030
2022-01-06,JT13.MI,8.98799991607666,8.994999885559082,8.96399974822998,8.984999656677246,9896
2022-01-07,JT13.MI,8.979999542236328,8.98900032043457,8.961000442504883,8.961000442504883,18568
2022-01-10,JT13.MI,8.97700023651123,9.029999732971191,8.97700023651123,9.015000343322754,21411
2022-01-11,JT13.MI,8.994000434875488,8.99899959564209,8.970999717712402,8.970999717712402,33359
2022-01-12,JT13.MI,8.968000411987305,8.97599983215332,8.949999809265137,8.967000007629395,20838
2022-01-13,JT13.MI,8.95300006866455,8.996000289916992,8.944000244140625,8.986000061035156,38509
2022-01-14,JT13.MI,9.010000228881836,9.052000045776367,9.006999969482422,9.043000221252441,13337
2022-01-17,JT13.MI,9.00100040435791,9.008000373840332,8.993000030517578,8.994999885559082,32024
2022-01-18,JT13.MI,8.980999946594238,9.055000305175781,8.980999946594238,9.053000450134277,21192
2022-01-19,JT13.MI,9.0600004196167,9.074999809265137,9.050000190734863,9.062000274658203,15401
2022-01-20,JT13.MI,9.038999557495117,9.095000267028809,9.038999557495117,9.093000411987305,13055
2022-01-21,JT13.MI,9.104000091552734,9.121000289916992,9.093000411987305,9.107000350952148,26357
2022-01-24,JT13.MI,9.119999885559082,9.152000427246094,9.11400032043457,9.126999855041504,17224
2022-01-25,JT13.MI,9.140999794006348,9.163999557495117,9.12600040435791,9.14799976348877,19320
2022-01-26,JT13.MI,9.135000228881836,9.138999938964844,9.107000350952148,9.11299991607666,19340
2022-01-27,JT13.MI,9.140000343322754,9.145999908447266,9.121999740600586,9.130000114440918,14390
2022-01-28,JT13.MI,9.130000114440918,9.147000312805176,9.121000289916992,9.140000343322754,28387
2022-01-31,JT13.MI,9.119999885559082,9.13599967956543,9.100000381469727,9.107000350952148,10145
2022-02-01,JT13.MI,9.07699966430664,9.109999656677246,9.07699966430664,9.102999687194824,6022
2022-02-02,JT13.MI,9.090999603271484,9.104999542236328,9.083000183105469,9.095999717712402,17789
2022-02-03,JT13.MI,9.081000328063965,9.083999633789062,8.944000244140625,8.944000244140625,55008
2022-02-04,JT13.MI,8.918999671936035,8.930000305175781,8.906000137329102,8.90999984741211,13831
2022-02-07,JT13.MI,8.920000076293945,8.951000213623047,8.920000076293945,8.928000450134277,18533
2022-02-08,JT13.MI,8.932000160217285,8.9399995803833,8.906000137329102,8.90999984741211,185300
2022-02-09,JT13.MI,8.92300033569336,8.92300033569336,8.895000457763672,8.901000022888184,35090
2022-02-10,JT13.MI,8.897000312805176,8.897000312805176,8.82699966430664,8.82699966430664,59081
2022-02-11,JT13.MI,8.906000137329102,8.906000137329102,8.881999969482422,8.885000228881836,24219
2022-02-14,JT13.MI,8.901000022888184,9.031999588012695,8.901000022888184,8.986000061035156,17314
2022-02-15,JT13.MI,8.961000442504883,8.961000442504883,8.9399995803833,8.940999984741211,11424
2022-02-16,JT13.MI,8.920000076293945,8.956000328063965,8.918000221252441,8.949000358581543,28956
2022-02-17,JT13.MI,8.989999771118164,8.991000175476074,8.968000411987305,8.982000350952148,21415
2022-02-18,JT13.MI,8.977999687194824,9.005000114440918,8.949000358581543,8.996999740600586,19700
2022-02-21,JT13.MI,8.987000465393066,9.027000427246094,8.97700023651123,9.017999649047852,38640
2022-02-22,JT13.MI,9.04800033569336,9.050000190734863,8.989999771118164,9.008000373840332,16429
2022-02-23,JT13.MI,9.005999565124512,9.02400016784668,8.982999801635742,9.020999908447266,9651
2022-02-24,JT13.MI,9.100000381469727,9.178999900817871,9.092000007629395,9.130000114440918,66255
2022-02-25,JT13.MI,9.121000289916992,9.121000289916992,9.02299976348877,9.02299976348877,15280
2022-02-28,JT13.MI,9.07800006866455,9.095999717712402,9.0600004196167,9.0600004196167,43131
2022-03-01,JT13.MI,9.102999687194824,9.199999809265137,9.102999687194824,9.192000389099121,11445
2022-03-02,JT13.MI,9.164999961853027,9.229999542236328,9.152000427246094,9.152999877929688,40696
2022-03-03,JT13.MI,9.149999618530273,9.199999809265137,9.142999649047852,9.192000389099121,28415
2022-03-04,JT13.MI,9.239999771118164,9.385000228881836,9.229999542236328,9.37600040435791,187288
2022-03-07,JT13.MI,9.399999618530273,9.449999809265137,9.336999893188477,9.36400032043457,148863
2022-03-08,JT13.MI,9.324999809265137,9.35099983215332,9.309000015258789,9.329999923706055,20021
2022-03-09,JT13.MI,9.279000282287598,9.279000282287598,9.152999877929688,9.152999877929688,44229
2022-03-10,JT13.MI,9.166999816894531,9.206000328063965,9.114999771118164,9.196000099182129,44363
2022-03-11,JT13.MI,9.163000106811523,9.173999786376953,9.109999656677246,9.17300033569336,17107
2022-03-14,JT13.MI,9.211999893188477,9.211999893188477,9.052000045776367,9.0600004196167,38554
2022-03-15,JT13.MI,9.052000045776367,9.074000358581543,9.043000221252441,9.062000274658203,64214
2022-03-16,JT13.MI,9.050000190734863,9.050000190734863,9.0,9.010000228881836,25134
2022-03-17,JT13.MI,8.947999954223633,8.982000350952148,8.92199993133545,8.92199993133545,21569
2022-03-18,JT13.MI,8.918000221252441,8.954000473022461,8.913000106811523,8.913000106811523,17801
2022-03-21,JT13.MI,8.914999961853027,8.940999984741211,8.902999877929688,8.925000190734863,13795
2022-03-22,JT13.MI,8.887999534606934,8.887999534606934,8.819999694824219,8.845999717712402,30309
2022-03-23,JT13.MI,8.817000389099121,8.878999710083008,8.807000160217285,8.817999839782715,11850
2022-03-24,JT13.MI,8.800000190734863,8.807999610900879,8.737000465393066,8.737000465393066,22444
2022-03-25,JT13.MI,8.781999588012695,8.781999588012695,8.72700023651123,8.755999565124512,142358
2022-03-28,JT13.MI,8.687999725341797,8.689000129699707,8.583999633789062,8.675000190734863,555387
2022-03-29,JT13.MI,8.699999809265137,8.699999809265137,8.569999694824219,8.616000175476074,179195
2022-03-30,JT13.MI,8.673999786376953,8.675000190734863,8.625,8.628999710083008,49412
2022-03-31,JT13.MI,8.652999877929688,8.718999862670898,8.649999618530273,8.718999862670898,39223
2022-04-01,JT13.MI,8.746999740600586,8.746999740600586,8.65999984741211,8.663000106811523,15709
2022-04-04,JT13.MI,8.666999816894531,8.71399974822998,8.666999816894531,8.706999778747559,16107
2022-04-05,JT13.MI,8.710000038146973,8.758999824523926,8.696999549865723,8.71399974822998,94446
2022-04-06,JT13.MI,8.713000297546387,8.718000411987305,8.682999610900879,8.704000473022461,15377
2022-04-07,JT13.MI,8.694999694824219,8.730999946594238,8.675999641418457,8.697999954223633,60618
2022-04-08,JT13.MI,8.725000381469727,8.725000381469727,8.684000015258789,8.687000274658203,32554
2022-04-11,JT13.MI,8.62600040435791,8.62600040435791,8.57699966430664,8.604000091552734,225687
2022-04-12,JT13.MI,8.619000434875488,8.649999618530273,8.604999542236328,8.645999908447266,42282
2022-04-13,JT13.MI,8.602999687194824,8.64900016784668,8.590999603271484,8.605999946594238,355020
2022-04-14,JT13.MI,8.605999946594238,8.678000450134277,8.583000183105469,8.642000198364258,7941
2022-04-19,JT13.MI,8.6899995803833,8.6899995803833,8.458000183105469,8.467000007629395,450878
2022-04-20,JT13.MI,8.449999809265137,8.480999946594238,8.434000015258789,8.468999862670898,202482
2022-04-21,JT13.MI,8.4399995803833,8.4399995803833,8.392999649047852,8.427000045776367,172927
2022-04-22,JT13.MI,8.477999687194824,8.505999565124512,8.446999549865723,8.461999893188477,490944
2022-04-25,JT13.MI,8.532999992370605,8.593999862670898,8.520000457763672,8.590999603271484,399020
2022-04-26,JT13.MI,8.593999862670898,8.663999557495117,8.59000015258789,8.651000022888184,687682
2022-04-27,JT13.MI,8.649999618530273,8.710000038146973,8.638999938964844,8.670999526977539,28834
2022-04-28,JT13.MI,8.5600004196167,8.569999694824219,8.520000457763672,8.53499984741211,56352
2022-04-29,JT13.MI,8.5600004196167,8.58899974822998,8.517999649047852,8.58899974822998,13610
2022-05-02,JT13.MI,8.574000358581543,8.605999946594238,8.571000099182129,8.581999778747559,29992
2022-05-03,JT13.MI,8.595999717712402,8.604999542236328,8.548999786376953,8.581000328063965,49271
2022-05-04,JT13.MI,8.581999778747559,8.593000411987305,8.557999610900879,8.557999610900879,8150
2022-05-05,JT13.MI,8.550999641418457,8.579000473022461,8.536999702453613,8.572999954223633,23978
2022-05-06,JT13.MI,8.574000358581543,8.574000358581543,8.5,8.51099967956543,38303
2022-05-09,JT13.MI,8.524999618530273,8.571999549865723,8.491999626159668,8.559000015258789,18758
2022-05-10,JT13.MI,8.527999877929688,8.562999725341797,8.526000022888184,8.553999900817871,68641
2022-05-11,JT13.MI,8.559000015258789,8.586000442504883,8.534000396728516,8.550000190734863,13994
2022-05-12,JT13.MI,8.710000038146973,8.836000442504883,8.710000038146973,8.79699993133545,1143668
2022-05-13,JT13.MI,8.795999526977539,8.795999526977539,8.723999977111816,8.723999977111816,174797
2022-05-16,JT13.MI,8.760000228881836,8.760000228881836,8.696999549865723,8.73799991607666,18029
2022-05-17,JT13.MI,8.685999870300293,8.692999839782715,8.600000381469727,8.619999885559082,6996
2022-05-18,JT13.MI,8.652000427246094,8.723999977111816,8.621000289916992,8.723999977111816,4767
2022-05-19,JT13.MI,8.730999946594238,8.737000465393066,8.708000183105469,8.708000183105469,1735
2022-05-20,JT13.MI,8.677000045776367,8.708999633789062,8.649999618530273,8.708999633789062,3420
2022-05-23,JT13.MI,8.654000282287598,8.670000076293945,8.607999801635742,8.607999801635742,2899
2022-05-24,JT13.MI,8.602999687194824,8.65999984741211,8.593000411987305,8.64799976348877,13268
2022-05-25,JT13.MI,8.670000076293945,8.670000076293945,8.647000312805176,8.647000312805176,2791
2022-05-26,JT13.MI,8.682999610900879,8.682999610900879,8.604000091552734,8.604000091552734,2215
2022-05-27,JT13.MI,8.593999862670898,8.63700008392334,8.593999862670898,8.628000259399414,6066
2022-05-30,JT13.MI,8.626999855041504,8.626999855041504,8.536999702453613,8.545999526977539,21032
2022-05-31,JT13.MI,8.562999725341797,8.585000038146973,8.513999938964844,8.513999938964844,7697
2022-06-01,JT13.MI,8.463000297546387,8.491000175476074,8.460000038146973,8.48900032043457,21595
2022-06-02,JT13.MI,8.479999542236328,8.479999542236328,8.446000099182129,8.446000099182129,3716
2022-06-03,JT13.MI,8.418999671936035,8.420000076293945,8.38599967956543,8.38599967956543,19493
2022-06-06,JT13.MI,8.364999771118164,8.387999534606934,8.350000381469727,8.35200023651123,16516
2022-06-07,JT13.MI,8.289999961853027,8.314000129699707,8.279999732971191,8.293000221252441,41674
2022-06-08,JT13.MI,8.255000114440918,8.255000114440918,8.142999649047852,8.175000190734863,469181
2022-06-09,JT13.MI,8.229000091552734,8.229000091552734,8.197999954223633,8.222000122070312,13607
2022-06-10,JT13.MI,8.270000457763672,8.342000007629395,8.270000457763672,8.321999549865723,494179
2022-06-13,JT13.MI,8.34000015258789,8.41100025177002,8.322999954223633,8.390000343322754,12785
2022-06-14,JT13.MI,8.350000381469727,8.397000312805176,8.345000267028809,8.359999656677246,6768
2022-06-15,JT13.MI,8.326000213623047,8.39799976348877,8.3149995803833,8.39799976348877,50585
2022-06-16,JT13.MI,8.399999618530273,8.503000259399414,8.399999618530273,8.456999778747559,79770
2022-06-17,JT13.MI,8.3100004196167,8.343999862670898,8.276000022888184,8.303999900817871,6591
2022-06-20,JT13.MI,8.286999702453613,8.303000450134277,8.258000373840332,8.262999534606934,9244
2022-06-21,JT13.MI,8.25100040435791,8.25100040435791,8.164999961853027,8.168000221252441,19322
2022-06-22,JT13.MI,8.204999923706055,8.217000007629395,8.16100025177002,8.163999557495117,12043
2022-06-23,JT13.MI,8.175999641418457,8.307000160217285,8.175999641418457,8.302000045776367,15609
2022-06-24,JT13.MI,8.29699993133545,8.29699993133545,8.227999687194824,8.243000030517578,11187
2022-06-27,JT13.MI,8.229999542236328,8.232999801635742,8.187999725341797,8.190999984741211,28698
2022-06-28,JT13.MI,8.170000076293945,8.199999809265137,8.149999618530273,8.1899995803833,22144
2022-06-29,JT13.MI,8.220999717712402,8.220999717712402,8.180999755859375,8.210000038146973,3164
2022-06-30,JT13.MI,8.262999534606934,8.312000274658203,8.26200008392334,8.26200008392334,22067
2022-07-01,JT13.MI,8.34000015258789,8.366999626159668,8.286999702453613,8.354999542236328,6945
2022-07-04,JT13.MI,8.333999633789062,8.336999893188477,8.288000106811523,8.29800033569336,23376
2022-07-05,JT13.MI,8.406000137329102,8.449000358581543,8.394000053405762,8.449000358581543,8027
2022-07-06,JT13.MI,8.449000358581543,8.541999816894531,8.449000358581543,8.503000259399414,11537
2022-07-07,JT13.MI,8.510000228881836,8.510000228881836,8.460000038146973,8.506999969482422,18983
2022-07-08,JT13.MI,8.520000457763672,8.583999633789062,8.472999572753906,8.472999572753906,6908
2022-07-11,JT13.MI,8.461999893188477,8.501999855041504,8.460000038146973,8.484000205993652,88973
2022-07-12,JT13.MI,8.557999610900879,8.576000213623047,8.53600025177002,8.53600025177002,25331
2022-07-13,JT13.MI,8.548999786376953,8.548999786376953,8.47700023651123,8.480999946594238,8949
2022-07-14,JT13.MI,8.449000358581543,8.473999977111816,8.40999984741211,8.437000274658203,5859
2022-07-15,JT13.MI,8.465999603271484,8.465999603271484,8.402999877929688,8.402999877929688,5467
2022-07-18,JT13.MI,8.413999557495117,8.413999557495117,8.36400032043457,8.36400032043457,5123
2022-07-19,JT13.MI,8.383999824523926,8.383999824523926,8.317999839782715,8.326000213623047,9208
2022-07-20,JT13.MI,8.295999526977539,8.348999977111816,8.295999526977539,8.340999603271484,7706
2022-07-21,JT13.MI,8.309000015258789,8.364999771118164,8.253000259399414,8.364999771118164,7819
2022-07-22,JT13.MI,8.418000221252441,8.456999778747559,8.406999588012695,8.444000244140625,8618
2022-07-25,JT13.MI,8.442000389099121,8.460000038146973,8.402000427246094,8.420000076293945,13073
2022-07-26,JT13.MI,8.416000366210938,8.503999710083008,8.416000366210938,8.496000289916992,10553
2022-07-27,JT13.MI,8.470000267028809,8.482000350952148,8.456000328063965,8.458999633789062,38569
2022-07-28,JT13.MI,8.5,8.61400032043457,8.496999740600586,8.598999977111816,22370
2022-07-29,JT13.MI,8.64900016784668,8.67300033569336,8.600000381469727,8.631999969482422,74405
2022-08-01,JT13.MI,8.67300033569336,8.70199966430664,8.659000396728516,8.687999725341797,25105
2022-08-02,JT13.MI,8.755999565124512,8.802000045776367,8.730999946594238,8.73799991607666,304584
2022-08-03,JT13.MI,8.701000213623047,8.701000213623047,8.619999885559082,8.642000198364258,31277
2022-08-04,JT13.MI,8.612000465393066,8.642000198364258,8.579999923706055,8.635000228881836,5717
2022-08-05,JT13.MI,8.633000373840332,8.651000022888184,8.531999588012695,8.550000190734863,22671
2022-08-08,JT13.MI,8.53499984741211,8.564000129699707,8.53499984741211,8.553999900817871,21490
2022-08-09,JT13.MI,8.543000221252441,8.555999755859375,8.505000114440918,8.519000053405762,26512
2022-08-10,JT13.MI,8.536999702453613,8.604000091552734,8.5,8.574999809265137,4351
2022-08-11,JT13.MI,8.595000267028809,8.60099983215332,8.571999549865723,8.574000358581543,10273
2022-08-12,JT13.MI,8.550000190734863,8.586999893188477,8.550000190734863,8.581999778747559,20022
2022-08-16,JT13.MI,8.66100025177002,8.664999961853027,8.59000015258789,8.60200023651123,14654
2022-08-17,JT13.MI,8.59000015258789,8.59000015258789,8.538999557495117,8.538999557495117,3152
2022-08-18,JT13.MI,8.5600004196167,8.583999633789062,8.538999557495117,8.583999633789062,1950
2022-08-19,JT13.MI,8.541000366210938,8.543999671936035,8.529999732971191,8.53499984741211,1869
2022-08-22,JT13.MI,8.585000038146973,8.592000007629395,8.557000160217285,8.592000007629395,5982
2022-08-23,JT13.MI,8.633999824523926,8.642000198364258,8.57800006866455,8.635000228881836,11502
2022-08-24,JT13.MI,8.642000198364258,8.65999984741211,8.600000381469727,8.609999656677246,19717
2022-08-25,JT13.MI,8.600000381469727,8.631999969482422,8.598999977111816,8.61400032043457,4318
2022-08-26,JT13.MI,8.611000061035156,8.611000061035156,8.50100040435791,8.560999870300293,9623
2022-08-29,JT13.MI,8.517999649047852,8.531999588012695,8.472999572753906,8.482000350952148,15345
2022-08-30,JT13.MI,8.477999687194824,8.477999687194824,8.454999923706055,8.454999923706055,4194
2022-08-31,JT13.MI,8.460000038146973,8.487000465393066,8.420000076293945,8.42300033569336,2768
2022-09-01,JT13.MI,8.40999984741211,8.45300006866455,8.39900016784668,8.449000358581543,21452
2022-09-02,JT13.MI,8.399999618530273,8.399999618530273,8.362000465393066,8.362000465393066,24778
2022-09-05,JT13.MI,8.430000305175781,8.437000274658203,8.425000190734863,8.425000190734863,6855
2022-09-06,JT13.MI,8.322999954223633,8.345999717712402,8.295000076293945,8.295000076293945,8945
2022-09-07,JT13.MI,8.229000091552734,8.241000175476074,8.178999900817871,8.178999900817871,37911
2022-09-08,JT13.MI,8.168000221252441,8.277999877929688,8.15999984741211,8.277999877929688,34450
2022-09-09,JT13.MI,8.194999694824219,8.222999572753906,8.194999694824219,8.21399974822998,6049
2022-09-12,JT13.MI,8.100000381469727,8.14900016784668,8.076000213623047,8.14900016784668,35561
2022-09-13,JT13.MI,8.14900016784668,8.14900016784668,8.14900016784668,8.14900016784668,0
2022-09-14,JT13.MI,8.14900016784668,8.14900016784668,8.14900016784668,8.14900016784668,0
2022-09-15,JT13.MI,8.14900016784668,8.14900016784668,8.14900016784668,8.14900016784668,0
2022-09-16,JT13.MI,8.14900016784668,8.14900016784668,8.14900016784668,8.14900016784668,0
2022-09-19,JT13.MI,8.14900016784668,8.14900016784668,8.14900016784668,8.14900016784668,0
2022-09-20,JT13.MI,8.14900016784668,8.14900016784668,8.14900016784668,8.14900016784668,0
2022-09-21,JT13.MI,8.23900032043457,8.255000114440918,8.215999603271484,8.24899959564209,24980
2022-09-22,JT13.MI,8.192000389099121,8.4399995803833,8.187000274658203,8.40999984741211,32802
2022-09-23,JT13.MI,8.423999786376953,8.449999809265137,8.416999816894531,8.430000305175781,60699
2022-09-26,JT13.MI,8.4350004196167,8.454999923706055,8.376999855041504,8.434000015258789,247517
2022-09-27,JT13.MI,8.418000221252441,8.460000038146973,8.416000366210938,8.446999549865723,39106
2022-09-28,JT13.MI,8.49899959564209,8.508000373840332,8.435999870300293,8.435999870300293,151253
2022-09-29,JT13.MI,8.380000114440918,8.380000114440918,8.314000129699707,8.3149995803833,7956
2022-09-30,JT13.MI,8.288000106811523,8.338000297546387,8.256999969482422,8.282999992370605,7342
2022-10-03,JT13.MI,8.258999824523926,8.300999641418457,8.256999969482422,8.270000457763672,17547
2022-10-04,JT13.MI,8.220000267028809,8.229999542236328,8.152000427246094,8.152000427246094,6715
2022-10-05,JT13.MI,8.170000076293945,8.230999946594238,8.15999984741211,8.230999946594238,6352
2022-10-06,JT13.MI,8.199999809265137,8.260000228881836,8.192000389099121,8.253000259399414,53061
2022-10-07,JT13.MI,8.260000228881836,8.29800033569336,8.260000228881836,8.262999534606934,21304
2022-10-10,JT13.MI,8.317000389099121,8.336999893188477,8.3100004196167,8.315999984741211,36482
2022-10-11,JT13.MI,8.350000381469727,8.350000381469727,8.286999702453613,8.291000366210938,79272
2022-10-12,JT13.MI,8.274999618530273,8.274999618530273,8.234999656677246,8.234999656677246,9568
2022-10-13,JT13.MI,8.239999771118164,8.270999908447266,8.168000221252441,8.168000221252441,15713
2022-10-14,JT13.MI,8.14799976348877,8.173999786376953,8.10099983215332,8.11400032043457,16540
2022-10-17,JT13.MI,8.114999771118164,8.114999771118164,8.041999816894531,8.041999816894531,100165
2022-10-18,JT13.MI,8.0,8.02299976348877,7.989999771118164,8.010000228881836,249339
2022-10-19,JT13.MI,8.008000373840332,8.02400016784668,7.993000030517578,8.013999938964844,6476
2022-10-20,JT13.MI,7.988999843597412,8.012999534606934,7.964000225067139,7.9770002365112305,16962
2022-10-21,JT13.MI,7.961999893188477,8.088000297546387,7.920000076293945,8.088000297546387,36983
2022-10-24,JT13.MI,7.992000102996826,8.005000114440918,7.9720001220703125,7.979000091552734,6252
2022-10-25,JT13.MI,7.98199987411499,7.997000217437744,7.960999965667725,7.9670000076293945,38130
2022-10-26,JT13.MI,7.954999923706055,7.985000133514404,7.943999767303467,7.959000110626221,31576
2022-10-27,JT13.MI,8.01099967956543,8.057999610900879,7.96999979019165,8.04699993133545,89747
2022-10-28,JT13.MI,8.008999824523926,8.008999824523926,7.960000038146973,8.00100040435791,79793
2022-10-31,JT13.MI,7.9770002365112305,7.993000030517578,7.946000099182129,7.986000061035156,3788
2022-11-01,JT13.MI,8.038000106811523,8.038000106811523,8.013999938964844,8.031000137329102,6875
2022-11-02,JT13.MI,8.055999755859375,8.09000015258789,8.04699993133545,8.086999893188477,10135
2022-11-03,JT13.MI,8.10099983215332,8.135000228881836,8.10099983215332,8.11400032043457,13027
2022-11-04,JT13.MI,8.121000289916992,8.121000289916992,8.043999671936035,8.043999671936035,22677
2022-11-07,JT13.MI,8.0,8.02400016784668,7.999000072479248,8.006999969482422,19789
2022-11-08,JT13.MI,8.02299976348877,8.043000221252441,8.003999710083008,8.003999710083008,8054
2022-11-09,JT13.MI,8.010000228881836,8.019000053405762,7.993000030517578,7.998000144958496,10608
2022-11-10,JT13.MI,8.029000282287598,8.156999588012695,8.029000282287598,8.138999938964844,7117
2022-11-11,JT13.MI,8.118000030517578,8.222999572753906,8.118000030517578,8.17199993133545,7959
2022-11-14,JT13.MI,8.145000457763672,8.145000457763672,8.081000328063965,8.086999893188477,52968
2022-11-15,JT13.MI,8.100000381469727,8.140999794006348,8.079999923706055,8.121000289916992,16995
2022-11-16,JT13.MI,8.090999603271484,8.11400032043457,8.060999870300293,8.08899974822998,12361
2022-11-17,JT13.MI,8.116000175476074,8.125,8.083999633789062,8.083999633789062,5593
2022-11-18,JT13.MI,8.067999839782715,8.098999977111816,8.067999839782715,8.095999717712402,5468
2022-11-21,JT13.MI,8.112000465393066,8.114999771118164,8.069999694824219,8.072999954223633,15363
2022-11-22,JT13.MI,8.057000160217285,8.095999717712402,8.057000160217285,8.074999809265137,7405
2022-11-23,JT13.MI,8.050000190734863,8.107000350952148,8.026000022888184,8.107000350952148,8557
2022-11-24,JT13.MI,8.11400032043457,8.168999671936035,8.105999946594238,8.140000343322754,3655
2022-11-25,JT13.MI,8.11299991607666,8.164999961853027,8.079999923706055,8.104999542236328,13799
2022-11-28,JT13.MI,8.163000106811523,8.163000106811523,8.086999893188477,8.137999534606934,16528
2022-11-29,JT13.MI,8.185999870300293,8.199999809265137,8.185999870300293,8.199000358581543,4716
2022-11-30,JT13.MI,8.152999877929688,8.185999870300293,8.128999710083008,8.163999557495117,15062
2022-12-01,JT13.MI,8.22700023651123,8.258000373840332,8.199999809265137,8.230999946594238,13147
2022-12-02,JT13.MI,8.312000274658203,8.321999549865723,8.26200008392334,8.26200008392334,7201
2022-12-05,JT13.MI,8.222000122070312,8.229999542236328,8.170999526977539,8.178000450134277,20731
2022-12-06,JT13.MI,8.184000015258789,8.197999954223633,8.166999816894531,8.168999671936035,11362
2022-12-07,JT13.MI,8.130999565124512,8.175000190734863,8.119999885559082,8.175000190734863,9835
2022-12-08,JT13.MI,8.140999794006348,8.166000366210938,8.140000343322754,8.140000343322754,118003
2022-12-09,JT13.MI,8.145000457763672,8.192999839782715,8.12600040435791,8.156999588012695,48325
2022-12-12,JT13.MI,8.156999588012695,8.156999588012695,8.09000015258789,8.09000015258789,4309
2022-12-13,JT13.MI,8.07800006866455,8.156000137329102,8.07800006866455,8.156000137329102,7522
2022-12-14,JT13.MI,8.156000137329102,8.175999641418457,8.144000053405762,8.17199993133545,14480
2022-12-15,JT13.MI,8.081000328063965,8.093999862670898,7.993000030517578,7.993000030517578,22489
2022-12-16,JT13.MI,8.032999992370605,8.086000442504883,8.032999992370605,8.086000442504883,1026
2022-12-19,JT13.MI,8.114999771118164,8.119999885559082,8.067000389099121,8.067000389099121,22816
2022-12-20,JT13.MI,8.348999977111816,8.409000396728516,8.310999870300293,8.406999588012695,32975
2022-12-21,JT13.MI,8.376999855041504,8.397700309753418,8.343099594116211,8.375,29948
2022-12-22,JT13.MI,8.33899974822998,8.36400032043457,8.331000328063965,8.359999656677246,9968
2022-12-23,JT13.MI,8.338000297546387,8.345999717712402,8.303000450134277,8.303000450134277,9014
2022-12-27,JT13.MI,8.281000137329102,8.281000137329102,8.246999740600586,8.251999855041504,8595
2022-12-28,JT13.MI,8.241000175476074,8.241000175476074,8.208000183105469,8.220999717712402,11608
2022-12-29,JT13.MI,8.241999626159668,8.265999794006348,8.220000267028809,8.241000175476074,7777
2022-12-30,JT13.MI,8.317000389099121,8.347000122070312,8.317000389099121,8.317999839782715,5385
2023-01-02,JT13.MI,8.319999694824219,8.649999618530273,8.300999641418457,8.39799976348877,1472
2023-01-03,JT13.MI,8.517999649047852,8.52299976348877,8.47700023651123,8.48900032043457,25894
2023-01-04,JT13.MI,8.503000259399414,8.503000259399414,8.36299991607666,8.36299991607666,15542
2023-01-05,JT13.MI,8.380000114440918,8.380000114440918,8.295999526977539,8.329000473022461,22884
2023-01-06,JT13.MI,8.289999961853027,8.340999603271484,8.289999961853027,8.340999603271484,3019
2023-01-09,JT13.MI,8.314000129699707,8.314000129699707,8.260000228881836,8.279999732971191,15572
2023-01-10,JT13.MI,8.284000396728516,8.28600025177002,8.251999855041504,8.262999534606934,15605
2023-01-11,JT13.MI,8.223999977111816,8.241999626159668,8.206000328063965,8.229000091552734,33800
2023-01-12,JT13.MI,8.28600025177002,8.36400032043457,8.270999908447266,8.350000381469727,19002
2023-01-13,JT13.MI,8.395999908447266,8.48799991607666,8.395999908447266,8.473999977111816,35079
2023-01-16,JT13.MI,8.489999771118164,8.489999771118164,8.413999557495117,8.42300033569336,29307
2023-01-17,JT13.MI,8.420000076293945,8.458999633789062,8.390999794006348,8.458999633789062,22461
2023-01-18,JT13.MI,8.343000411987305,8.437999725341797,8.312000274658203,8.427000045776367,71083
2023-01-19,JT13.MI,8.45300006866455,8.45300006866455,8.411999702453613,8.446999549865723,135353
2023-01-20,JT13.MI,8.35099983215332,8.366999626159668,8.324999809265137,8.329999923706055,12817
2023-01-23,JT13.MI,8.269000053405762,8.291999816894531,8.258999824523926,8.26099967956543,8804
2023-01-24,JT13.MI,8.286999702453613,8.307000160217285,8.270000457763672,8.29699993133545,7112
2023-01-25,JT13.MI,8.286999702453613,8.333999633789062,8.286999702453613,8.300000190734863,11820
2023-01-26,JT13.MI,8.29800033569336,8.300000190734863,8.269000053405762,8.279999732971191,20746
2023-01-27,JT13.MI,8.288000106811523,8.329999923706055,8.282999992370605,8.312999725341797,7702
2023-01-30,JT13.MI,8.324000358581543,8.324000358581543,8.258999824523926,8.279000282287598,16696
2023-01-31,JT13.MI,8.324000358581543,8.329000473022461,8.28600025177002,8.295000076293945,12737
2023-02-01,JT13.MI,8.295000076293945,8.324000358581543,8.279999732971191,8.307000160217285,16047
2023-02-02,JT13.MI,8.293000221252441,8.366000175476074,8.269000053405762,8.359999656677246,21949
2023-02-03,JT13.MI,8.376999855041504,8.376999855041504,8.260000228881836,8.26099967956543,15123
2023-02-06,JT13.MI,8.253999710083008,8.262999534606934,8.222000122070312,8.232000350952148,14100
2023-02-07,JT13.MI,8.300999641418457,8.35099983215332,8.28499984741211,8.35099983215332,20988
2023-02-08,JT13.MI,8.35200023651123,8.359000205993652,8.324999809265137,8.329000473022461,52108
2023-02-09,JT13.MI,8.340999603271484,8.345000267028809,8.314000129699707,8.322999954223633,28615
2023-02-10,JT13.MI,8.390000343322754,8.39799976348877,8.342000007629395,8.357999801635742,27539
2023-02-13,JT13.MI,8.312000274658203,8.312000274658203,8.241999626159668,8.241999626159668,33795
2023-02-14,JT13.MI,8.269000053405762,8.277000427246094,8.210000038146973,8.232999801635742,139161
2023-02-15,JT13.MI,8.211000442504883,8.215999603271484,8.145000457763672,8.185999870300293,365718
2023-02-16,JT13.MI,8.178000450134277,8.20300006866455,8.12600040435791,8.194000244140625,42373
2023-02-17,JT13.MI,8.168000221252441,8.199999809265137,8.15999984741211,8.1899995803833,194654
2023-02-20,JT13.MI,8.180000305175781,8.199999809265137,8.175000190734863,8.187999725341797,22658
2023-02-21,JT13.MI,8.163000106811523,8.184000015258789,8.137999534606934,8.156999588012695,29345
2023-02-22,JT13.MI,8.185999870300293,8.199999809265137,8.163999557495117,8.192000389099121,133607
2023-02-23,JT13.MI,8.192000389099121,8.217000007629395,8.170000076293945,8.213000297546387,379507
2023-02-24,JT13.MI,8.210000038146973,8.21500015258789,8.152999877929688,8.156000137329102,418740
2023-02-27,JT13.MI,8.16100025177002,8.164999961853027,8.121000289916992,8.126999855041504,71007
2023-02-28,JT13.MI,8.085000038146973,8.111000061035156,8.060999870300293,8.111000061035156,374086
2023-03-01,JT13.MI,8.112000465393066,8.12600040435791,8.071000099182129,8.079000473022461,23190
2023-03-02,JT13.MI,8.095999717712402,8.095999717712402,8.069000244140625,8.09000015258789,20663
2023-03-03,JT13.MI,8.093999862670898,8.126999855041504,8.093999862670898,8.119999885559082,10346
2023-03-06,JT13.MI,8.105999946594238,8.121999740600586,8.079999923706055,8.081000328063965,16780
2023-03-07,JT13.MI,8.092000007629395,8.107999801635742,8.083000183105469,8.105999946594238,62193
2023-03-08,JT13.MI,8.100000381469727,8.13700008392334,8.083000183105469,8.112000465393066,12192
2023-03-09,JT13.MI,8.121000289916992,8.15999984741211,8.121000289916992,8.135000228881836,40191
2023-03-10,JT13.MI,8.12600040435791,8.15999984741211,8.079000473022461,8.149999618530273,340269
2023-03-13,JT13.MI,8.166000366210938,8.305000305175781,8.166000366210938,8.187999725341797,1508170
2023-03-14,JT13.MI,8.1850004196167,8.1850004196167,8.133000373840332,8.13700008392334,12193
2023-03-15,JT13.MI,8.11400032043457,8.413999557495117,8.11400032043457,8.399999618530273,927286
2023-03-16,JT13.MI,8.321999549865723,8.430000305175781,8.309000015258789,8.309000015258789,183647
2023-03-17,JT13.MI,8.265000343322754,8.366999626159668,8.265000343322754,8.3100004196167,24702
2023-03-20,JT13.MI,8.381999969482422,8.449999809265137,8.319999694824219,8.329999923706055,25918
2023-03-21,JT13.MI,8.28499984741211,8.286999702453613,8.230999946594238,8.23799991607666,458864
2023-03-22,JT13.MI,8.222000122070312,8.22700023651123,8.168999671936035,8.201000213623047,13445
2023-03-23,JT13.MI,8.25,8.25100040435791,8.199000358581543,8.244000434875488,26735
2023-03-24,JT13.MI,8.36299991607666,8.437000274658203,8.343000411987305,8.350000381469727,458327
2023-03-27,JT13.MI,8.312000274658203,8.32800006866455,8.26099967956543,8.279000282287598,753877
2023-03-28,JT13.MI,8.269000053405762,8.302000045776367,8.262999534606934,8.267999649047852,83059
2023-03-29,JT13.MI,8.210000038146973,8.222000122070312,8.161999702453613,8.178000450134277,475872
2023-03-30,JT13.MI,8.182999610900879,8.185999870300293,8.100000381469727,8.116000175476074,581400
2023-03-31,JT13.MI,8.105999946594238,8.130000114440918,8.079999923706055,8.130000114440918,120317
2023-04-03,JT13.MI,8.11299991607666,8.152999877929688,8.105999946594238,8.152999877929688,55476
2023-04-04,JT13.MI,8.104999542236328,8.154999732971191,8.069000244140625,8.130000114440918,36795
2023-04-05,JT13.MI,8.163999557495117,8.208000183105469,8.128999710083008,8.208000183105469,49681
2023-04-06,JT13.MI,8.180999755859375,8.204999923706055,8.15999984741211,8.15999984741211,81160
2023-04-11,JT13.MI,8.199999809265137,8.199999809265137,8.057999610900879,8.116999626159668,498019
2023-04-12,JT13.MI,8.065999984741211,8.065999984741211,8.012999534606934,8.029999732971191,296936
2023-04-13,JT13.MI,8.005999565124512,8.029999732971191,7.982999801635742,8.017000198364258,137978
2023-04-14,JT13.MI,8.00100040435791,8.029000282287598,7.980999946594238,8.008999824523926,40244
2023-04-17,JT13.MI,8.0,8.00100040435791,7.9670000076293945,7.99399995803833,408898
2023-04-18,JT13.MI,7.958000183105469,7.993000030517578,7.958000183105469,7.986999988555908,23893
2023-04-19,JT13.MI,7.939000129699707,7.984000205993652,7.936999797821045,7.952000141143799,158105
2023-04-20,JT13.MI,7.959000110626221,8.0,7.929999828338623,7.979000091552734,70900
2023-04-21,JT13.MI,7.97599983215332,8.005000114440918,7.941999912261963,7.958000183105469,54702
2023-04-24,JT13.MI,7.9629998207092285,7.9629998207092285,7.9029998779296875,7.920000076293945,62838
2023-04-25,JT13.MI,7.920000076293945,7.9720001220703125,7.920000076293945,7.9720001220703125,18802
2023-04-26,JT13.MI,7.968999862670898,7.97599983215332,7.939000129699707,7.953000068664551,25748
2023-04-27,JT13.MI,7.933000087738037,7.96999979019165,7.925000190734863,7.945000171661377,19546
2023-04-28,JT13.MI,7.869999885559082,7.879000186920166,7.809999942779541,7.815000057220459,714166
2023-05-02,JT13.MI,7.763000011444092,7.824999809265137,7.763000011444092,7.824999809265137,16214
2023-05-03,JT13.MI,7.828999996185303,7.863999843597412,7.822000026702881,7.855000019073486,54325
2023-05-04,JT13.MI,7.864999771118164,7.954999923706055,7.864999771118164,7.954999923706055,479008
2023-05-05,JT13.MI,7.927999973297119,7.942999839782715,7.901000022888184,7.9029998779296875,111476
2023-05-08,JT13.MI,7.88100004196167,7.90500020980835,7.855000019073486,7.896999835968018,66584
2023-05-09,JT13.MI,7.90500020980835,7.933000087738037,7.90500020980835,7.923999786376953,1458438
2023-05-10,JT13.MI,7.927999973297119,7.961999893188477,7.910999774932861,7.942999839782715,71972
2023-05-11,JT13.MI,7.978000164031982,8.029000282287598,7.956999778747559,7.998000144958496,592092
2023-05-12,JT13.MI,7.949999809265137,7.995999813079834,7.949999809265137,7.984000205993652,20405
2023-05-15,JT13.MI,7.927999973297119,7.941999912261963,7.915999889373779,7.940000057220459,40092
2023-05-16,JT13.MI,7.932000160217285,7.940000057220459,7.909999847412109,7.915999889373779,45561
2023-05-17,JT13.MI,7.9079999923706055,7.935999870300293,7.881999969482422,7.881999969482422,221103
2023-05-18,JT13.MI,7.882999897003174,7.892000198364258,7.86299991607666,7.863999843597412,696298
2023-05-19,JT13.MI,7.88700008392334,7.894999980926514,7.834000110626221,7.88700008392334,57875
2023-05-22,JT13.MI,7.880000114440918,7.886000156402588,7.829999923706055,7.8420000076293945,50647
2023-05-23,JT13.MI,7.873000144958496,7.873000144958496,7.8480000495910645,7.855999946594238,36306
2023-05-24,JT13.MI,7.86299991607666,7.883999824523926,7.828999996185303,7.828999996185303,14807
2023-05-25,JT13.MI,7.849999904632568,7.857999801635742,7.824999809265137,7.827000141143799,30720
2023-05-26,JT13.MI,7.827000141143799,7.8379998207092285,7.788000106811523,7.796000003814697,58422
2023-05-29,JT13.MI,7.776000022888184,7.818999767303467,7.776000022888184,7.807000160217285,24158
2023-05-30,JT13.MI,7.822999954223633,7.831999778747559,7.802000045776367,7.831999778747559,27900
2023-05-31,JT13.MI,7.872000217437744,7.88100004196167,7.848999977111816,7.88100004196167,19233
2023-06-01,JT13.MI,7.855000019073486,7.926000118255615,7.835000038146973,7.88100004196167,50628
2023-06-02,JT13.MI,7.853000164031982,7.861000061035156,7.830999851226807,7.830999851226807,13494
2023-06-05,JT13.MI,7.829999923706055,7.867000102996826,7.815000057220459,7.843999862670898,33764
2023-06-06,JT13.MI,7.853000164031982,7.886000156402588,7.8470001220703125,7.85699987411499,19126
2023-06-07,JT13.MI,7.881999969482422,7.89900016784668,7.833000183105469,7.833000183105469,33527
2023-06-08,JT13.MI,7.836999893188477,7.840000152587891,7.818999767303467,7.839000225067139,10037
2023-06-09,JT13.MI,7.813000202178955,7.834000110626221,7.797999858856201,7.834000110626221,23995
2023-06-12,JT13.MI,7.815000057220459,7.833000183105469,7.802999973297119,7.821000099182129,23406
2023-06-13,JT13.MI,7.796000003814697,7.820000171661377,7.763999938964844,7.763999938964844,30107
2023-06-14,JT13.MI,7.771999835968018,7.775000095367432,7.74399995803833,7.763000011444092,68003
2023-06-15,JT13.MI,7.692999839782715,7.692999839782715,7.640999794006348,7.640999794006348,17900
2023-06-16,JT13.MI,7.610000133514404,7.613999843597412,7.571000099182129,7.583000183105469,703896
2023-06-19,JT13.MI,7.589000225067139,7.589000225067139,7.561999797821045,7.572999954223633,84552
2023-06-20,JT13.MI,7.573999881744385,7.613999843597412,7.560999870300293,7.613999843597412,59484
2023-06-21,JT13.MI,7.570000171661377,7.590000152587891,7.539999961853027,7.548999786376953,68959
2023-06-22,JT13.MI,7.53000020980835,7.535999774932861,7.491000175476074,7.501999855041504,243469
2023-06-23,JT13.MI,7.559000015258789,7.560999870300293,7.497000217437744,7.504000186920166,22234
2023-06-26,JT13.MI,7.498000144958496,7.53000020980835,7.493000030517578,7.498000144958496,30087
2023-06-27,JT13.MI,7.480000019073486,7.480000019073486,7.435999870300293,7.435999870300293,41119
2023-06-28,JT13.MI,7.459000110626221,7.460999965667725,7.429999828338623,7.455999851226807,73737
2023-06-29,JT13.MI,7.433000087738037,7.458000183105469,7.432000160217285,7.451000213623047,38765
2023-06-30,JT13.MI,7.480000019073486,7.488999843597412,7.431000232696533,7.435999870300293,27431
2023-07-03,JT13.MI,7.453000068664551,7.458000183105469,7.428999900817871,7.438000202178955,61822
2023-07-04,JT13.MI,7.445000171661377,7.464000225067139,7.445000171661377,7.455999851226807,46536
2023-07-05,JT13.MI,7.46999979019165,7.485000133514404,7.449999809265137,7.460000038146973,85974
2023-07-06,JT13.MI,7.504000186920166,7.521999835968018,7.473999977111816,7.495999813079834,1012299
2023-07-07,JT13.MI,7.535999774932861,7.559000015258789,7.507999897003174,7.533999919891357,91854
2023-07-10,JT13.MI,7.5289998054504395,7.554999828338623,7.50600004196167,7.546000003814697,30580
2023-07-11,JT13.MI,7.570000171661377,7.607999801635742,7.570000171661377,7.5920000076293945,146409
2023-07-12,JT13.MI,7.610000133514404,7.640999794006348,7.598999977111816,7.61899995803833,146781
2023-07-13,JT13.MI,7.609000205993652,7.609000205993652,7.558000087738037,7.584000110626221,897723
2023-07-14,JT13.MI,7.558000087738037,7.558000087738037,7.51800012588501,7.526000022888184,44936
2023-07-17,JT13.MI,7.521999835968018,7.60699987411499,7.507999897003174,7.508999824523926,34528
2023-07-18,JT13.MI,7.526000022888184,7.557000160217285,7.5229997634887695,7.525000095367432,12107
2023-07-19,JT13.MI,7.491000175476074,7.505000114440918,7.461999893188477,7.501999855041504,28082
2023-07-20,JT13.MI,7.495999813079834,7.513000011444092,7.488999843597412,7.501999855041504,24710
2023-07-21,JT13.MI,7.485000133514404,7.485000133514404,7.420000076293945,7.446000099182129,151789
2023-07-24,JT13.MI,7.442999839782715,7.501999855041504,7.442999839782715,7.497000217437744,61566
2023-07-25,JT13.MI,7.486000061035156,7.526000022888184,7.480000019073486,7.526000022888184,104629
2023-07-26,JT13.MI,7.5320000648498535,7.5920000076293945,7.5320000648498535,7.546000003814697,43663
2023-07-27,JT13.MI,7.550000190734863,7.574999809265137,7.508999824523926,7.574999809265137,31465
2023-07-28,JT13.MI,7.673999786376953,7.677000045776367,7.568999767303467,7.568999767303467,883306
2023-07-31,JT13.MI,7.5,7.521999835968018,7.455999851226807,7.478000164031982,41867
2023-08-01,JT13.MI,7.493000030517578,7.493000030517578,7.447000026702881,7.452000141143799,37229
2023-08-02,JT13.MI,7.466000080108643,7.513000011444092,7.465000152587891,7.474999904632568,22365
2023-08-03,JT13.MI,7.48799991607666,7.533999919891357,7.464000225067139,7.520999908447266,10688
2023-08-04,JT13.MI,7.495999813079834,7.5229997634887695,7.482999801635742,7.485000133514404,29882
2023-08-07,JT13.MI,7.492000102996826,7.511000156402588,7.480999946594238,7.480999946594238,25388
2023-08-08,JT13.MI,7.4629998207092285,7.48799991607666,7.448999881744385,7.4670000076293945,12027
2023-08-09,JT13.MI,7.440000057220459,7.453999996185303,7.429999828338623,7.431000232696533,63630
2023-08-10,JT13.MI,7.400000095367432,7.400000095367432,7.361000061035156,7.36299991607666,86413
2023-08-11,JT13.MI,7.369999885559082,7.38700008392334,7.360000133514404,7.38100004196167,154174
2023-08-14,JT13.MI,7.383999824523926,7.400000095367432,7.374000072479248,7.382999897003174,16683
2023-08-16,JT13.MI,7.361999988555908,7.372000217437744,7.360000133514404,7.368000030517578,10330
2023-08-17,JT13.MI,7.355999946594238,7.380000114440918,7.35099983215332,7.376999855041504,26590
2023-08-18,JT13.MI,7.408999919891357,7.418000221252441,7.39900016784668,7.418000221252441,5858
2023-08-21,JT13.MI,7.39300012588501,7.39300012588501,7.3520002365112305,7.353000164031982,20992
2023-08-22,JT13.MI,7.361000061035156,7.4029998779296875,7.3520002365112305,7.4029998779296875,15923
2023-08-23,JT13.MI,7.445000171661377,7.46999979019165,7.440000057220459,7.449999809265137,20972
2023-08-24,JT13.MI,7.421999931335449,7.427999973297119,7.410999774932861,7.420000076293945,7906
2023-08-25,JT13.MI,7.447999954223633,7.452000141143799,7.39300012588501,7.39300012588501,11516
2023-08-28,JT13.MI,7.38700008392334,7.39900016784668,7.375999927520752,7.38700008392334,9092
2023-08-29,JT13.MI,7.40500020980835,7.40500020980835,7.363999843597412,7.392000198364258,77365
2023-08-30,JT13.MI,7.361999988555908,7.370999813079834,7.341000080108643,7.3470001220703125,24444
2023-08-31,JT13.MI,7.370999813079834,7.436999797821045,7.370999813079834,7.436999797821045,12294
2023-09-01,JT13.MI,7.418000221252441,7.465000152587891,7.4120001792907715,7.425000190734863,255678
2023-09-04,JT13.MI,7.4079999923706055,7.415999889373779,7.394999980926514,7.4120001792907715,12473
2023-09-05,JT13.MI,7.394999980926514,7.421000003814697,7.394999980926514,7.4039998054504395,6866
2023-09-06,JT13.MI,7.4079999923706055,7.416999816894531,7.38700008392334,7.40500020980835,163751
2023-09-07,JT13.MI,7.418000221252441,7.440000057220459,7.4019999504089355,7.429999828338623,171769
2023-09-08,JT13.MI,7.410999774932861,7.432000160217285,7.396999835968018,7.40500020980835,44846
2023-09-11,JT13.MI,7.429999828338623,7.478000164031982,7.421000003814697,7.439000129699707,153984
2023-09-12,JT13.MI,7.438000202178955,7.458000183105469,7.420000076293945,7.420000076293945,43501
2023-09-13,JT13.MI,7.388999938964844,7.4079999923706055,7.383999824523926,7.39300012588501,22694
2023-09-14,JT13.MI,7.408999919891357,7.456999778747559,7.39300012588501,7.456999778747559,24983
2023-09-15,JT13.MI,7.448999881744385,7.448999881744385,7.419000148773193,7.419000148773193,142619
2023-09-18,JT13.MI,7.445000171661377,7.446000099182129,7.419000148773193,7.419000148773193,48446
2023-09-19,JT13.MI,7.415999889373779,7.436999797821045,7.392000198364258,7.418000221252441,51153
2023-09-20,JT13.MI,7.400000095367432,7.4070000648498535,7.383999824523926,7.3979997634887695,31953
2023-09-21,JT13.MI,7.423999786376953,7.451000213623047,7.372000217437744,7.449999809265137,176957
2023-09-22,JT13.MI,7.4120001792907715,7.435999870300293,7.4079999923706055,7.416999816894531,17533
2023-09-25,JT13.MI,7.409999847412109,7.434000015258789,7.3979997634887695,7.428999900817871,21478
2023-09-26,JT13.MI,7.434000015258789,7.434000015258789,7.410999774932861,7.428999900817871,121893
2023-09-27,JT13.MI,7.421999931335449,7.449999809265137,7.421999931335449,7.447999954223633,21070
2023-09-28,JT13.MI,7.447999954223633,7.454999923706055,7.410999774932861,7.415999889373779,95686
2023-09-29,JT13.MI,7.427999973297119,7.427999973297119,7.394000053405762,7.4079999923706055,18984
2023-10-02,JT13.MI,7.382999897003174,7.434999942779541,7.382999897003174,7.434999942779541,40528
2023-10-03,JT13.MI,7.468999862670898,7.514999866485596,7.447000026702881,7.499000072479248,46550
2023-10-04,JT13.MI,7.504000186920166,7.504000186920166,7.465000152587891,7.482999801635742,70128
2023-10-05,JT13.MI,7.4679999351501465,7.482999801635742,7.465000152587891,7.482999801635742,21220
2023-10-06,JT13.MI,7.445000171661377,7.459000110626221,7.414000034332275,7.414000034332275,15314
2023-10-09,JT13.MI,7.452000141143799,7.464000225067139,7.440000057220459,7.459000110626221,297748
2023-10-10,JT13.MI,7.449999809265137,7.449999809265137,7.410999774932861,7.420000076293945,27687
2023-10-11,JT13.MI,7.4070000648498535,7.428999900817871,7.389999866485596,7.394000053405762,991671
2023-10-12,JT13.MI,7.390999794006348,7.416999816894531,7.382999897003174,7.409999847412109,21441
2023-10-13,JT13.MI,7.410999774932861,7.449999809265137,7.406000137329102,7.449999809265137,25100
2023-10-16,JT13.MI,7.426000118255615,7.440999984741211,7.408999919891357,7.421000003814697,18792
2023-10-17,JT13.MI,7.413000106811523,7.421999931335449,7.38700008392334,7.38700008392334,71759
2023-10-18,JT13.MI,7.388000011444092,7.414999961853027,7.388000011444092,7.414999961853027,7821
2023-10-19,JT13.MI,7.415999889373779,7.419000148773193,7.381999969482422,7.383999824523926,39255
2023-10-20,JT13.MI,7.376999855041504,7.381999969482422,7.366000175476074,7.374000072479248,19596
2023-10-23,JT13.MI,7.364999771118164,7.366000175476074,7.3429999351501465,7.3429999351501465,27268
2023-10-24,JT13.MI,7.3480000495910645,7.373000144958496,7.3429999351501465,7.372000217437744,29001
2023-10-25,JT13.MI,7.36299991607666,7.385000228881836,7.36299991607666,7.366000175476074,41392
2023-10-26,JT13.MI,7.373000144958496,7.400000095367432,7.366000175476074,7.38100004196167,2277954
2023-10-27,JT13.MI,7.385000228881836,7.4070000648498535,7.374000072479248,7.381999969482422,17431
2023-10-30,JT13.MI,7.409999847412109,7.409999847412109,7.361999988555908,7.394000053405762,20940
2023-10-31,JT13.MI,7.309999942779541,7.309999942779541,7.2779998779296875,7.306000232696533,520127
2023-11-01,JT13.MI,7.323999881744385,7.3429999351501465,7.320000171661377,7.3429999351501465,5517
2023-11-02,JT13.MI,7.326000213623047,7.326000213623047,7.300000190734863,7.316999912261963,132621
2023-11-03,JT13.MI,7.302999973297119,7.310999870300293,7.289999961853027,7.289999961853027,213888
2023-11-06,JT13.MI,7.269999980926514,7.276000022888184,7.260000228881836,7.263000011444092,19999
2023-11-07,JT13.MI,7.26200008392334,7.2870001792907715,7.261000156402588,7.269999980926514,139721
2023-11-08,JT13.MI,7.281000137329102,7.281000137329102,7.242000102996826,7.243000030517578,32211
2023-11-09,JT13.MI,7.247000217437744,7.247000217437744,7.230000019073486,7.230000019073486,16937
2023-11-10,JT13.MI,7.236000061035156,7.241000175476074,7.2220001220703125,7.234000205993652,34555
2023-11-13,JT13.MI,7.216000080108643,7.235000133514404,7.199999809265137,7.214000225067139,82556
2023-11-14,JT13.MI,7.197999954223633,7.205999851226807,7.146999835968018,7.146999835968018,35754
2023-11-15,JT13.MI,7.150000095367432,7.170000076293945,7.135000228881836,7.138000011444092,168165
2023-11-16,JT13.MI,7.130000114440918,7.159999847412109,7.124000072479248,7.159999847412109,44404
2023-11-17,JT13.MI,7.191999912261963,7.215000152587891,7.181000232696533,7.183000087738037,71609
2023-11-20,JT13.MI,7.206999778747559,7.229000091552734,7.206999778747559,7.210000038146973,71407
2023-11-21,JT13.MI,7.25600004196167,7.25600004196167,7.236999988555908,7.244999885559082,20745
2023-11-22,JT13.MI,7.196000099182129,7.2220001220703125,7.190999984741211,7.190999984741211,75034
2023-11-23,JT13.MI,7.190000057220459,7.196000099182129,7.179999828338623,7.179999828338623,54433
2023-11-24,JT13.MI,7.178999900817871,7.188000202178955,7.1529998779296875,7.156000137329102,149907
2023-11-27,JT13.MI,7.184999942779541,7.197000026702881,7.163000106811523,7.189000129699707,30503
2023-11-28,JT13.MI,7.197000026702881,7.2129998207092285,7.184999942779541,7.2129998207092285,87380
2023-11-29,JT13.MI,7.229000091552734,7.247000217437744,7.211999893188477,7.242000102996826,75035
2023-11-30,JT13.MI,7.283999919891357,7.283999919891357,7.23199987411499,7.256999969482422,35650
2023-12-01,JT13.MI,7.254000186920166,7.329999923706055,7.248000144958496,7.317999839782715,654817
2023-12-04,JT13.MI,7.340000152587891,7.379000186920166,7.336999893188477,7.357999801635742,153923
2023-12-05,JT13.MI,7.36899995803833,7.380000114440918,7.340000152587891,7.370999813079834,45560
2023-12-06,JT13.MI,7.400000095367432,7.400000095367432,7.361999988555908,7.369999885559082,59347
2023-12-07,JT13.MI,7.4629998207092285,7.5289998054504395,7.4629998207092285,7.525000095367432,346089
2023-12-08,JT13.MI,7.534999847412109,7.553999900817871,7.50600004196167,7.5269999504089355,209868
2023-12-11,JT13.MI,7.440000057220459,7.452000141143799,7.420000076293945,7.435999870300293,180879
2023-12-12,JT13.MI,7.449999809265137,7.474999904632568,7.443999767303467,7.453999996185303,32519
2023-12-13,JT13.MI,7.440999984741211,7.4730000495910645,7.438000202178955,7.4730000495910645,24286
2023-12-14,JT13.MI,7.579999923706055,7.589000225067139,7.504000186920166,7.515999794006348,43149
2023-12-15,JT13.MI,7.547999858856201,7.586999893188477,7.5269999504089355,7.571000099182129,270923
2023-12-18,JT13.MI,7.511000156402588,7.5370001792907715,7.489999771118164,7.494999885559082,31541
2023-12-19,JT13.MI,7.418000221252441,7.419000148773193,7.38100004196167,7.419000148773193,165698
2023-12-20,JT13.MI,7.439000129699707,7.465000152587891,7.420000076293945,7.425000190734863,84090
2023-12-21,JT13.MI,7.447999954223633,7.5,7.447999954223633,7.493000030517578,55712
2023-12-22,JT13.MI,7.48799991607666,7.492000102996826,7.464000225067139,7.464000225067139,27936
2023-12-27,JT13.MI,7.4679999351501465,7.4679999351501465,7.406000137329102,7.416999816894531,79198
2023-12-28,JT13.MI,7.427000045776367,7.507999897003174,7.427000045776367,7.493000030517578,215140
2023-12-29,JT13.MI,7.47599983215332,7.502999782562256,7.460999965667725,7.502999782562256,14726
2024-01-02,JT13.MI,7.51800012588501,7.551000118255615,7.49399995803833,7.533999919891357,17042
2024-01-03,JT13.MI,7.497000217437744,7.513000011444092,7.47599983215332,7.486000061035156,32141
2024-01-04,JT13.MI,7.458000183105469,7.458000183105469,7.383999824523926,7.39300012588501,151261
2024-01-05,JT13.MI,7.389999866485596,7.4019999504089355,7.366000175476074,7.3979997634887695,12976
2024-01-08,JT13.MI,7.410999774932861,7.422999858856201,7.394999980926514,7.415999889373779,38676
2024-01-09,JT13.MI,7.435999870300293,7.442999839782715,7.421999931335449,7.423999786376953,26297
2024-01-10,JT13.MI,7.396999835968018,7.396999835968018,7.330999851226807,7.331999778747559,64859
2024-01-11,JT13.MI,7.335000038146973,7.3470001220703125,7.316999912261963,7.322999954223633,60009
2024-01-12,JT13.MI,7.364999771118164,7.389999866485596,7.35699987411499,7.379000186920166,773504
2024-01-15,JT13.MI,7.348999977111816,7.348999977111816,7.3379998207092285,7.339000225067139,12332
2024-01-16,JT13.MI,7.3420000076293945,7.354000091552734,7.318999767303467,7.323999881744385,27087
2024-01-17,JT13.MI,7.297999858856201,7.301000118255615,7.2729997634887695,7.2729997634887695,50546
2024-01-18,JT13.MI,7.293000221252441,7.293000221252441,7.270999908447266,7.2820000648498535,27872
2024-01-19,JT13.MI,7.276000022888184,7.28000020980835,7.250999927520752,7.263000011444092,44817
2024-01-22,JT13.MI,7.250999927520752,7.288000106811523,7.250999927520752,7.270999908447266,17310
2024-01-23,JT13.MI,7.285999774932861,7.291999816894531,7.27400016784668,7.2789998054504395,73400
2024-01-24,JT13.MI,7.296999931335449,7.309999942779541,7.2769999504089355,7.288000106811523,38681
2024-01-25,JT13.MI,7.2820000648498535,7.329999923706055,7.276000022888184,7.320000171661377,117924
2024-01-26,JT13.MI,7.328000068664551,7.328000068664551,7.2789998054504395,7.281000137329102,43216
2024-01-29,JT13.MI,7.306000232696533,7.3460001945495605,7.302999973297119,7.335000038146973,37469
2024-01-30,JT13.MI,7.335000038146973,7.34499979019165,7.306000232696533,7.306000232696533,54337
2024-01-31,JT13.MI,7.335999965667725,7.377999782562256,7.304999828338623,7.377999782562256,395188
2024-02-01,JT13.MI,7.401000022888184,7.4079999923706055,7.359000205993652,7.380000114440918,74333
2024-02-02,JT13.MI,7.324999809265137,7.38700008392334,7.309999942779541,7.310999870300293,58182
2024-02-05,JT13.MI,7.315000057220459,7.3420000076293945,7.315000057220459,7.329999923706055,57758
2024-02-06,JT13.MI,7.320000171661377,7.35699987411499,7.320000171661377,7.35099983215332,46122
2024-02-07,JT13.MI,7.3420000076293945,7.353000164031982,7.328000068664551,7.34499979019165,25591
2024-02-08,JT13.MI,7.302000045776367,7.302000045776367,7.270999908447266,7.2769999504089355,47449
2024-02-09,JT13.MI,7.26800012588501,7.28000020980835,7.25600004196167,7.264999866485596,53007
2024-02-12,JT13.MI,7.258999824523926,7.291999816894531,7.258999824523926,7.265999794006348,106509
2024-02-13,JT13.MI,7.258999824523926,7.267000198364258,7.242000102996826,7.242000102996826,20840
2024-02-14,JT13.MI,7.2729997634887695,7.2729997634887695,7.238999843597412,7.239999771118164,62280
2024-02-15,JT13.MI,7.263999938964844,7.263999938964844,7.236000061035156,7.236000061035156,28898
2024-02-16,JT13.MI,7.223999977111816,7.230000019073486,7.21999979019165,7.2220001220703125,49561
2024-02-19,JT13.MI,7.23799991607666,7.238999843597412,7.2270002365112305,7.2270002365112305,22876
2024-02-20,JT13.MI,7.22599983215332,7.22599983215332,7.201000213623047,7.210999965667725,24774
2024-02-21,JT13.MI,7.2129998207092285,7.218999862670898,7.192999839782715,7.193999767303467,44781
2024-02-22,JT13.MI,7.168000221252441,7.184999942779541,7.15500020980835,7.177999973297119,41917
2024-02-23,JT13.MI,7.164000034332275,7.177999973297119,7.1579999923706055,7.177999973297119,34416
2024-02-26,JT13.MI,7.179999828338623,7.179999828338623,7.139999866485596,7.140999794006348,70220
2024-02-27,JT13.MI,7.1579999923706055,7.168000221252441,7.1539998054504395,7.15500020980835,145114
2024-02-28,JT13.MI,7.170000076293945,7.178999900817871,7.15500020980835,7.1570000648498535,82259
2024-02-29,JT13.MI,7.196000099182129,7.215000152587891,7.177000045776367,7.2129998207092285,42785
2024-03-01,JT13.MI,7.177000045776367,7.197999954223633,7.170000076293945,7.183000087738037,115682
2024-03-04,JT13.MI,7.164999961853027,7.171999931335449,7.1479997634887695,7.1479997634887695,39057
2024-03-05,JT13.MI,7.169000148773193,7.177999973297119,7.1519999504089355,7.163000106811523,119258
2024-03-06,JT13.MI,7.185999870300293,7.198999881744385,7.166999816894531,7.171000003814697,31370
2024-03-07,JT13.MI,7.238999843597412,7.275000095367432,7.214000225067139,7.214000225067139,142454
2024-03-08,JT13.MI,7.2210001945495605,7.270999908447266,7.21999979019165,7.248000144958496,227215
2024-03-11,JT13.MI,7.283999919891357,7.290999889373779,7.269000053405762,7.28000020980835,505145
2024-03-12,JT13.MI,7.254000186920166,7.256999969482422,7.235000133514404,7.241000175476074,84328
2024-03-13,JT13.MI,7.235000133514404,7.23799991607666,7.210999965667725,7.2230000495910645,83414
2024-03-14,JT13.MI,7.2230000495910645,7.243000030517578,7.214000225067139,7.238999843597412,64559
2024-03-15,JT13.MI,7.229000091552734,7.229000091552734,7.193999767303467,7.195000171661377,96790
2024-03-18,JT13.MI,7.197000026702881,7.201000213623047,7.179999828338623,7.201000213623047,87916
2024-03-19,JT13.MI,7.164999961853027,7.164999961853027,7.13100004196167,7.13100004196167,78860
2024-03-20,JT13.MI,7.111000061035156,7.111000061035156,7.0929999351501465,7.0970001220703125,98239
2024-03-21,JT13.MI,7.078000068664551,7.0960001945495605,7.077000141143799,7.091000080108643,80979
2024-03-22,JT13.MI,7.120999813079834,7.14300012588501,7.117000102996826,7.136000156402588,100554
2024-03-25,JT13.MI,7.144000053405762,7.144000053405762,7.11299991607666,7.11299991607666,66722
2024-03-26,JT13.MI,7.118000030517578,7.120999813079834,7.1020002365112305,7.120999813079834,52562
2024-03-27,JT13.MI,7.125,7.1479997634887695,7.107999801635742,7.13100004196167,57097
2024-03-28,JT13.MI,7.145999908447266,7.159999847412109,7.140999794006348,7.14900016784668,49942
2024-04-02,JT13.MI,7.25,7.25,7.146999835968018,7.150000095367432,403677
2024-04-03,JT13.MI,7.138999938964844,7.1529998779296875,7.109000205993652,7.109000205993652,34634
2024-04-04,JT13.MI,7.093999862670898,7.0970001220703125,7.079999923706055,7.089000225067139,63953
2024-04-05,JT13.MI,7.142000198364258,7.144000053405762,7.110000133514404,7.116000175476074,24168
2024-04-08,JT13.MI,7.103000164031982,7.11299991607666,7.085000038146973,7.0879998207092285,25566
2024-04-09,JT13.MI,7.079999923706055,7.0960001945495605,7.070000171661377,7.0920000076293945,158102
2024-04-10,JT13.MI,7.084000110626221,7.114999771118164,7.074999809265137,7.109000205993652,157209
2024-04-11,JT13.MI,7.111999988555908,7.113999843597412,7.079999923706055,7.110000133514404,256188
2024-04-12,JT13.MI,7.130000114440918,7.184999942779541,7.118000030517578,7.168000221252441,45195
2024-04-15,JT13.MI,7.123000144958496,7.125,7.090000152587891,7.110000133514404,229492
2024-04-16,JT13.MI,7.123000144958496,7.13100004196167,7.078999996185303,7.103000164031982,55456
2024-04-17,JT13.MI,7.089000225067139,7.0980000495910645,7.079999923706055,7.086999893188477,35214
2024-04-18,JT13.MI,7.077000141143799,7.0920000076293945,7.071000099182129,7.074999809265137,35247
2024-04-19,JT13.MI,7.178999900817871,7.178999900817871,7.064000129699707,7.079999923706055,59465
2024-04-22,JT13.MI,7.064000129699707,7.09499979019165,7.064000129699707,7.083000183105469,30917
2024-04-23,JT13.MI,7.085000038146973,7.085000038146973,7.0370001792907715,7.0370001792907715,95778
2024-04-24,JT13.MI,7.039999961853027,7.053999900817871,7.0289998054504395,7.0370001792907715,207814
2024-04-25,JT13.MI,6.995999813079834,7.021999835968018,6.982999801635742,6.997000217437744,33108
2024-04-26,JT13.MI,6.938000202178955,7.0,6.923999786376953,6.932000160217285,144451
2024-04-29,JT13.MI,6.934999942779541,7.0370001792907715,6.934999942779541,6.943999767303467,523276
2024-04-30,JT13.MI,6.946000099182129,6.956999778747559,6.910999774932861,6.927999973297119,84250
2024-05-02,JT13.MI,6.994999885559082,7.0879998207092285,6.994999885559082,7.0879998207092285,35466
2024-05-03,JT13.MI,7.081999778747559,7.131999969482422,7.080999851226807,7.080999851226807,89371
2024-05-06,JT13.MI,7.065999984741211,7.065999984741211,7.0279998779296875,7.0279998779296875,92810
2024-05-07,JT13.MI,7.021999835968018,7.0370001792907715,7.002999782562256,7.005000114440918,42102
2024-05-08,JT13.MI,6.994999885559082,6.994999885559082,6.9710001945495605,6.974999904632568,152981
2024-05-09,JT13.MI,6.979000091552734,6.979000091552734,6.953000068664551,6.953000068664551,62674
2024-05-10,JT13.MI,6.940000057220459,6.953999996185303,6.940000057220459,6.943999767303467,396662
2024-05-13,JT13.MI,6.934999942779541,6.943999767303467,6.914000034332275,6.914000034332275,287510
2024-05-14,JT13.MI,6.9039998054504395,6.9120001792907715,6.882999897003174,6.886000156402588,204869
2024-05-15,JT13.MI,6.889999866485596,6.920000076293945,6.889999866485596,6.920000076293945,131527
2024-05-16,JT13.MI,6.955999851226807,6.955999851226807,6.89900016784668,6.9019999504089355,418102
2024-05-17,JT13.MI,6.9029998779296875,6.9029998779296875,6.886000156402588,6.894999980926514,131322
2024-05-20,JT13.MI,6.889999866485596,6.894000053405762,6.863999843597412,6.870999813079834,27171
2024-05-21,JT13.MI,6.883999824523926,6.883999824523926,6.857999801635742,6.873000144958496,53042
2024-05-22,JT13.MI,6.873000144958496,6.873000144958496,6.857999801635742,6.867000102996826,30743
2024-05-23,JT13.MI,6.869999885559082,6.88100004196167,6.840000152587891,6.848999977111816,100192
2024-05-24,JT13.MI,6.855000019073486,6.855000019073486,6.830999851226807,6.835000038146973,56928
2024-05-27,JT13.MI,6.8480000495910645,6.8520002365112305,6.833000183105469,6.841000080108643,70459
2024-05-28,JT13.MI,6.84499979019165,6.84499979019165,6.816999912261963,6.823999881744385,87848
2024-05-29,JT13.MI,6.828000068664551,6.8420000076293945,6.815000057220459,6.833000183105469,45084
2024-05-30,JT13.MI,6.875,6.882999897003174,6.848999977111816,6.8520002365112305,198461
2024-05-31,JT13.MI,6.869999885559082,6.869999885559082,6.820000171661377,6.826000213623047,57746
2024-06-03,JT13.MI,6.826000213623047,6.855000019073486,6.817999839782715,6.8470001220703125,62436
2024-06-04,JT13.MI,6.855000019073486,6.920000076293945,6.855000019073486,6.9070000648498535,103252
2024-06-05,JT13.MI,6.873000144958496,6.873000144958496,6.8480000495910645,6.861000061035156,150174
2024-06-06,JT13.MI,6.864999771118164,6.86899995803833,6.84499979019165,6.85699987411499,84192
2024-06-07,JT13.MI,6.890999794006348,6.896999835968018,6.857999801635742,6.88100004196167,122076
2024-06-10,JT13.MI,6.9029998779296875,6.926000118255615,6.89300012588501,6.910999774932861,44387
2024-06-11,JT13.MI,6.888999938964844,6.922999858856201,6.874000072479248,6.906000137329102,40925
2024-06-12,JT13.MI,6.895999908447266,6.901000022888184,6.879000186920166,6.896999835968018,213528
2024-06-13,JT13.MI,6.867000102996826,6.9019999504089355,6.849999904632568,6.9019999504089355,242444
2024-06-14,JT13.MI,6.888999938964844,6.958000183105469,6.876999855041504,6.927000045776367,120069
2024-06-17,JT13.MI,6.923999786376953,6.923999786376953,6.888999938964844,6.890999794006348,104561
2024-06-18,JT13.MI,6.881999969482422,6.926000118255615,6.866000175476074,6.88100004196167,143851
2024-06-19,JT13.MI,6.894999980926514,6.894999980926514,6.869999885559082,6.874000072479248,144908
2024-06-20,JT13.MI,6.863999843597412,6.875999927520752,6.8480000495910645,6.857999801635742,111375
2024-06-21,JT13.MI,6.853000164031982,6.886000156402588,6.834000110626221,6.8379998207092285,126325
2024-06-24,JT13.MI,6.822000026702881,6.824999809265137,6.801000118255615,6.804999828338623,133625
2024-06-25,JT13.MI,6.813000202178955,6.828000068664551,6.809000015258789,6.816999912261963,89944
2024-06-26,JT13.MI,6.818999767303467,6.822999954223633,6.790999889373779,6.791999816894531,250082
2024-06-27,JT13.MI,6.795000076293945,6.796000003814697,6.769999980926514,6.776000022888184,98582
2024-06-28,JT13.MI,6.760000228881836,6.789000034332275,6.757999897003174,6.760000228881836,49727
2024-07-01,JT13.MI,6.730999946594238,6.736000061035156,6.709000110626221,6.7230000495910645,100271
2024-07-02,JT13.MI,6.71999979019165,6.730999946594238,6.7170000076293945,6.7179999351501465,56050
2024-07-03,JT13.MI,6.703999996185303,6.742000102996826,6.679999828338623,6.684999942779541,217032
2024-07-04,JT13.MI,6.698999881744385,6.705999851226807,6.683000087738037,6.691999912261963,44095
2024-07-05,JT13.MI,6.696000099182129,6.709000110626221,6.676000118255615,6.698999881744385,60588
2024-07-08,JT13.MI,6.682000160217285,6.702000141143799,6.671999931335449,6.692999839782715,41343
2024-07-09,JT13.MI,6.688000202178955,6.697000026702881,6.679999828338623,6.695000171661377,71074
2024-07-10,JT13.MI,6.681000232696533,6.681000232696533,6.6579999923706055,6.6579999923706055,68294
2024-07-11,JT13.MI,6.658999919891357,6.769999980926514,6.644000053405762,6.76200008392334,96542
2024-07-12,JT13.MI,6.747000217437744,6.795000076293945,6.711999893188477,6.769999980926514,59644
2024-07-15,JT13.MI,6.764999866485596,6.7779998779296875,6.755000114440918,6.76800012588501,99017
2024-07-16,JT13.MI,6.755000114440918,6.771999835968018,6.739999771118164,6.755000114440918,72546
2024-07-17,JT13.MI,6.781000137329102,6.824999809265137,6.781000137329102,6.810999870300293,24757
2024-07-18,JT13.MI,6.836999893188477,6.839000225067139,6.810999870300293,6.820000171661377,169103
2024-07-19,JT13.MI,6.822000026702881,6.822000026702881,6.789999961853027,6.803999900817871,41933
2024-07-22,JT13.MI,6.843999862670898,6.848999977111816,6.820000171661377,6.823999881744385,217163
2024-07-23,JT13.MI,6.8420000076293945,6.889999866485596,6.8420000076293945,6.883999824523926,191232
2024-07-24,JT13.MI,6.948999881744385,7.001999855041504,6.939000129699707,6.992000102996826,839465
2024-07-25,JT13.MI,7.046000003814697,7.066999912261963,6.96999979019165,6.974999904632568,701149
2024-07-26,JT13.MI,6.978000164031982,6.998000144958496,6.934999942779541,6.984000205993652,182850
2024-07-29,JT13.MI,6.999000072479248,7.00600004196167,6.986000061035156,6.994999885559082,94320
2024-07-30,JT13.MI,6.951000213623047,7.005000114440918,6.938000202178955,7.0,93399
2024-07-31,JT13.MI,7.090000152587891,7.168000221252441,7.064000129699707,7.1479997634887695,983612
2024-08-01,JT13.MI,7.165999889373779,7.2170000076293945,7.14300012588501,7.188000202178955,246993
2024-08-02,JT13.MI,7.258999824523926,7.294000148773193,7.2129998207092285,7.289000034332275,429826
2024-08-05,JT13.MI,7.5,7.5269999504089355,7.415999889373779,7.426000118255615,701257
2024-08-06,JT13.MI,7.327000141143799,7.422999858856201,7.304999828338623,7.385000228881836,710570
2024-08-07,JT13.MI,7.283999919891357,7.304999828338623,7.235000133514404,7.23799991607666,528469
2024-08-08,JT13.MI,7.306000232696533,7.328000068664551,7.25600004196167,7.2729997634887695,154719
2024-08-09,JT13.MI,7.270999908447266,7.298999786376953,7.249000072479248,7.291999816894531,75576
2024-08-12,JT13.MI,7.265999794006348,7.265999794006348,7.215000152587891,7.239999771118164,75331
2024-08-13,JT13.MI,7.21999979019165,7.250999927520752,7.21999979019165,7.244999885559082,76542
2024-08-14,JT13.MI,7.203999996185303,7.2129998207092285,7.175000190734863,7.2129998207092285,295383
2024-08-16,JT13.MI,7.126999855041504,7.177999973297119,7.116000175476074,7.15500020980835,109824
2024-08-19,JT13.MI,7.247000217437744,7.247000217437744,7.188000202178955,7.188000202178955,90042
2024-08-20,JT13.MI,7.1570000648498535,7.204999923706055,7.1570000648498535,7.201000213623047,49962
2024-08-21,JT13.MI,7.185999870300293,7.199999809265137,7.0929999351501465,7.198999881744385,59872
2024-08-22,JT13.MI,7.201000213623047,7.214000225067139,7.1579999923706055,7.177000045776367,51075
2024-08-23,JT13.MI,7.195000171661377,7.195000171661377,7.170000076293945,7.193999767303467,47331
2024-08-26,JT13.MI,7.23799991607666,7.250999927520752,7.223999977111816,7.223999977111816,23304
2024-08-27,JT13.MI,7.197999954223633,7.23799991607666,7.188000202178955,7.232999801635742,18751
2024-08-28,JT13.MI,7.2210001945495605,7.26800012588501,7.2210001945495605,7.264999866485596,25452
2024-08-29,JT13.MI,7.232999801635742,7.27400016784668,7.228000164031982,7.241000175476074,38845
2024-08-30,JT13.MI,7.256999969482422,7.256999969482422,7.22599983215332,7.22599983215332,85332
2024-09-02,JT13.MI,7.203000068664551,7.203000068664551,7.159999847412109,7.1620001792907715,128127
2024-09-03,JT13.MI,7.214000225067139,7.251999855041504,7.211999893188477,7.243000030517578,94742
2024-09-04,JT13.MI,7.275000095367432,7.300000190734863,7.254000186920166,7.284999847412109,70775
2024-09-05,JT13.MI,7.333000183105469,7.336999893188477,7.296999931335449,7.315999984741211,102034
2024-09-06,JT13.MI,7.368000030517578,7.38700008392334,7.304999828338623,7.38100004196167,206608
2024-09-09,JT13.MI,7.354000091552734,7.38700008392334,7.3379998207092285,7.382999897003174,58259
2024-09-10,JT13.MI,7.353000164031982,7.414000034332275,7.343999862670898,7.408999919891357,68259
2024-09-11,JT13.MI,7.4679999351501465,7.492000102996826,7.418000221252441,7.4770002365112305,121490
2024-09-12,JT13.MI,7.39900016784668,7.439000129699707,7.39900016784668,7.413000106811523,36679
2024-09-13,JT13.MI,7.447000026702881,7.48199987411499,7.447000026702881,7.48199987411499,26055
2024-09-16,JT13.MI,7.48799991607666,7.5,7.442999839782715,7.442999839782715,23537
2024-09-17,JT13.MI,7.4670000076293945,7.4670000076293945,7.388000011444092,7.394999980926514,44268
2024-09-18,JT13.MI,7.4079999923706055,7.4079999923706055,7.379000186920166,7.382999897003174,32000
2024-09-19,JT13.MI,7.355999946594238,7.355999946594238,7.2829999923706055,7.324999809265137,236999
2024-09-20,JT13.MI,7.290999889373779,7.293000221252441,7.236000061035156,7.25,75663
2024-09-23,JT13.MI,7.263000011444092,7.322000026702881,7.25600004196167,7.2729997634887695,27345
2024-09-24,JT13.MI,7.263999938964844,7.284999847412109,7.23799991607666,7.276000022888184,75529
2024-09-25,JT13.MI,7.256999969482422,7.256999969482422,7.211999893188477,7.232999801635742,131477
2024-09-26,JT13.MI,7.209000110626221,7.244999885559082,7.204999923706055,7.209000110626221,38136
2024-09-27,JT13.MI,7.328999996185303,7.328999996185303,7.290999889373779,7.309999942779541,74359
2024-09-30,JT13.MI,7.349999904632568,7.3520002365112305,7.289000034332275,7.297999858856201,268374
2024-10-01,JT13.MI,7.257999897003174,7.35699987411499,7.257999897003174,7.328000068664551,25891
2024-10-02,JT13.MI,7.307000160217285,7.309999942779541,7.2210001945495605,7.2210001945495605,23832
2024-10-03,JT13.MI,7.199999809265137,7.2220001220703125,7.179999828338623,7.214000225067139,37596
2024-10-04,JT13.MI,7.218999862670898,7.230000019073486,7.1479997634887695,7.156000137329102,134067
2024-10-07,JT13.MI,7.164000034332275,7.179999828338623,7.14900016784668,7.168000221252441,57439
2024-10-08,JT13.MI,7.185999870300293,7.185999870300293,7.15500020980835,7.164999961853027,17228
2024-10-09,JT13.MI,7.15500020980835,7.159999847412109,7.126999855041504,7.126999855041504,88327
2024-10-10,JT13.MI,7.14900016784668,7.182000160217285,7.138000011444092,7.182000160217285,154043
2024-10-11,JT13.MI,7.158999919891357,7.160999774932861,7.132999897003174,7.132999897003174,97819
2024-10-14,JT13.MI,7.138000011444092,7.138000011444092,7.117000102996826,7.123000144958496,39137
2024-10-15,JT13.MI,7.1620001792907715,7.179999828338623,7.1519999504089355,7.1579999923706055,37067
2024-10-16,JT13.MI,7.166999816894531,7.170000076293945,7.15500020980835,7.1579999923706055,30774
2024-10-17,JT13.MI,7.164999961853027,7.184999942779541,7.159999847412109,7.166999816894531,54520
2024-10-18,JT13.MI,7.166999816894531,7.177000045776367,7.1539998054504395,7.171999931335449,65142
2024-10-21,JT13.MI,7.166999816894531,7.166999816894531,7.145999908447266,7.1579999923706055,177824
2024-10-22,JT13.MI,7.13100004196167,7.151000022888184,7.11899995803833,7.132999897003174,62180
2024-10-23,JT13.MI,7.0929999351501465,7.0929999351501465,7.056000232696533,7.065000057220459,1689704
2024-10-24,JT13.MI,7.0960001945495605,7.10099983215332,7.079999923706055,7.0960001945495605,89622
2024-10-25,JT13.MI,7.0879998207092285,7.104000091552734,7.066999912261963,7.081999778747559,91765
2024-10-28,JT13.MI,7.0320000648498535,7.061999797821045,7.020999908447266,7.020999908447266,59602
2024-10-29,JT13.MI,7.021999835968018,7.0320000648498535,7.006999969482422,7.0229997634887695,110216
2024-10-30,JT13.MI,7.013000011444092,7.034999847412109,6.993000030517578,7.002999782562256,23113
2024-10-31,JT13.MI,7.046000003814697,7.046000003814697,7.004000186920166,7.035999774932861,35504
2024-11-01,JT13.MI,7.019999980926514,7.02400016784668,7.01200008392334,7.015999794006348,11169
2024-11-04,JT13.MI,7.0370001792907715,7.039999961853027,7.025000095367432,7.033999919891357,89640
2024-11-05,JT13.MI,7.015999794006348,7.044000148773193,7.013000011444092,7.017000198364258,37299
2024-11-06,JT13.MI,7.02400016784668,7.052999973297119,7.019000053405762,7.019999980926514,118032
2024-11-07,JT13.MI,7.014999866485596,7.045000076293945,7.013000011444092,7.041999816894531,26295
2024-11-08,JT13.MI,7.078000068664551,7.109000205993652,7.071000099182129,7.105000019073486,98584
2024-11-11,JT13.MI,7.079999923706055,7.111000061035156,7.079999923706055,7.0960001945495605,112930
2024-11-12,JT13.MI,7.131999969482422,7.131999969482422,7.090000152587891,7.0929999351501465,65704
2024-11-13,JT13.MI,7.070000171661377,7.105000019073486,7.061999797821045,7.085000038146973,55563
2024-11-14,JT13.MI,7.073999881744385,7.085999965667725,7.041999816894531,7.041999816894531,85006
2024-11-15,JT13.MI,7.056000232696533,7.130000114440918,7.056000232696533,7.124000072479248,79779
2024-11-18,JT13.MI,7.131999969482422,7.131999969482422,7.091000080108643,7.093999862670898,50828
2024-11-19,JT13.MI,7.124000072479248,7.190000057220459,7.11299991607666,7.11299991607666,51521
2024-11-20,JT13.MI,7.065999984741211,7.120999813079834,7.059999942779541,7.117000102996826,57097
2024-11-21,JT13.MI,7.126999855041504,7.178999900817871,7.126999855041504,7.169000148773193,39520
2024-11-22,JT13.MI,7.133999824523926,7.234000205993652,7.133999824523926,7.218999862670898,142636
2024-11-25,JT13.MI,7.203000068664551,7.203000068664551,7.1529998779296875,7.178999900817871,111707
2024-11-26,JT13.MI,7.2129998207092285,7.22599983215332,7.171000003814697,7.2230000495910645,694469
2024-11-27,JT13.MI,7.289000034332275,7.298999786376953,7.254000186920166,7.276000022888184,156193
2024-11-28,JT13.MI,7.288000106811523,7.288000106811523,7.244999885559082,7.26800012588501,103349
2024-11-29,JT13.MI,7.313000202178955,7.3460001945495605,7.313000202178955,7.318999767303467,371261
2024-12-02,JT13.MI,7.349999904632568,7.420000076293945,7.335000038146973,7.420000076293945,518396
2024-12-03,JT13.MI,7.357999801635742,7.427000045776367,7.355000019073486,7.39300012588501,60982
2024-12-04,JT13.MI,7.349999904632568,7.361999988555908,7.322999954223633,7.3470001220703125,31709
2024-12-05,JT13.MI,7.360000133514404,7.360000133514404,7.298999786376953,7.323999881744385,249478
2024-12-06,JT13.MI,7.326000213623047,7.34499979019165,7.288000106811523,7.336999893188477,34479
2024-12-09,JT13.MI,7.320000171661377,7.320000171661377,7.255000114440918,7.269000053405762,325154
2024-12-10,JT13.MI,7.25,7.284999847412109,7.25,7.27400016784668,384849
2024-12-11,JT13.MI,7.284999847412109,7.304999828338623,7.23799991607666,7.263000011444092,221626
2024-12-12,JT13.MI,7.224999904632568,7.298999786376953,7.2230000495910645,7.271999835968018,207486
2024-12-13,JT13.MI,7.254000186920166,7.260000228881836,7.197999954223633,7.204999923706055,137849
2024-12-16,JT13.MI,7.184999942779541,7.206999778747559,7.1620001792907715,7.172999858856201,218786
2024-12-17,JT13.MI,7.168000221252441,7.2129998207092285,7.168000221252441,7.204999923706055,82970
2024-12-18,JT13.MI,7.205999851226807,7.2170000076293945,7.191999912261963,7.202000141143799,85909
2024-12-19,JT13.MI,7.120999813079834,7.138000011444092,7.0929999351501465,7.0980000495910645,357843
2024-12-20,JT13.MI,7.120999813079834,7.15500020980835,7.117000102996826,7.138999938964844,206425
2024-12-23,JT13.MI,7.111000061035156,7.138999938964844,7.104000091552734,7.111999988555908,90095
2024-12-27,JT13.MI,7.065000057220459,7.074999809265137,7.048999786376953,7.072999954223633,228215
2024-12-30,JT13.MI,7.051000118255615,7.13100004196167,7.046000003814697,7.104000091552734,258075
2025-01-02,JT13.MI,7.140999794006348,7.21999979019165,7.140999794006348,7.197999954223633,207938
2025-01-03,JT13.MI,7.196000099182129,7.198999881744385,7.175000190734863,7.177999973297119,62577
2025-01-06,JT13.MI,7.123000144958496,7.123000144958496,7.0879998207092285,7.103000164031982,120235
2025-01-07,JT13.MI,7.09499979019165,7.0960001945495605,7.060999870300293,7.0960001945495605,68600
2025-01-08,JT13.MI,7.105000019073486,7.127999782562256,7.103000164031982,7.118000030517578,79133
2025-01-09,JT13.MI,7.130000114440918,7.14300012588501,7.118000030517578,7.139999866485596,92428
2025-01-10,JT13.MI,7.119999885559082,7.188000202178955,7.119999885559082,7.185999870300293,404901
2025-01-13,JT13.MI,7.196000099182129,7.247000217437744,7.196000099182129,7.214000225067139,104202
2025-01-14,JT13.MI,7.171999931335449,7.192999839782715,7.138999938964844,7.140999794006348,46134
2025-01-15,JT13.MI,7.197000026702881,7.209000110626221,7.166999816894531,7.209000110626221,93539
2025-01-16,JT13.MI,7.2270002365112305,7.255000114440918,7.2270002365112305,7.255000114440918,272586
2025-01-17,JT13.MI,7.267000198364258,7.267000198364258,7.215000152587891,7.215000152587891,60698
2025-01-20,JT13.MI,7.230000019073486,7.230000019073486,7.1579999923706055,7.169000148773193,170328
2025-01-21,JT13.MI,7.206999778747559,7.206999778747559,7.171999931335449,7.173999786376953,119186
2025-01-22,JT13.MI,7.146999835968018,7.1519999504089355,7.119999885559082,7.120999813079834,195316
2025-01-23,JT13.MI,7.1479997634887695,7.150000095367432,7.124000072479248,7.14900016784668,76312
2025-01-24,JT13.MI,7.1570000648498535,7.1570000648498535,7.060999870300293,7.085000038146973,60311
2025-01-27,JT13.MI,7.110000133514404,7.181000232696533,7.110000133514404,7.168000221252441,325542
2025-01-28,JT13.MI,7.145999908447266,7.171999931335449,7.142000198364258,7.1539998054504395,50832
2025-01-29,JT13.MI,7.190000057220459,7.190999984741211,7.170000076293945,7.183000087738037,130378
2025-01-30,JT13.MI,7.218999862670898,7.236000061035156,7.199999809265137,7.210000038146973,105052
2025-01-31,JT13.MI,7.2230000495910645,7.241000175476074,7.196000099182129,7.196000099182129,91345
2025-02-03,JT13.MI,7.28000020980835,7.335999965667725,7.265999794006348,7.2829999923706055,647803
2025-02-04,JT13.MI,7.257999897003174,7.257999897003174,7.21999979019165,7.230999946594238,241564
2025-02-05,JT13.MI,7.291999816894531,7.315000057220459,7.269999980926514,7.310999870300293,285546
2025-02-06,JT13.MI,7.34499979019165,7.375,7.318999767303467,7.360000133514404,433749
2025-02-07,JT13.MI,7.35099983215332,7.416999816894531,7.3379998207092285,7.416999816894531,351876
2025-02-10,JT13.MI,7.364999771118164,7.414000034332275,7.36299991607666,7.410999774932861,57647
2025-02-11,JT13.MI,7.421999931335449,7.421999931335449,7.3470001220703125,7.359000205993652,385061
2025-02-12,JT13.MI,7.267000198364258,7.2820000648498535,7.2230000495910645,7.22599983215332,468790
2025-02-13,JT13.MI,7.191999912261963,7.281000137329102,7.191999912261963,7.257999897003174,102099
2025-02-14,JT13.MI,7.241000175476074,7.263999938964844,7.232999801635742,7.260000228881836,88409
2025-02-17,JT13.MI,7.269999980926514,7.306000232696533,7.269999980926514,7.298999786376953,105095
2025-02-18,JT13.MI,7.271999835968018,7.310999870300293,7.271999835968018,7.296999931335449,56007
2025-02-19,JT13.MI,7.306000232696533,7.3420000076293945,7.306000232696533,7.341000080108643,114343
2025-02-20,JT13.MI,7.40500020980835,7.40500020980835,7.373000144958496,7.39300012588501,347333
2025-02-21,JT13.MI,7.340000152587891,7.420000076293945,7.340000152587891,7.413000106811523,70756
2025-02-24,JT13.MI,7.4070000648498535,7.425000190734863,7.382999897003174,7.394999980926514,244546
2025-02-25,JT13.MI,7.40500020980835,7.434000015258789,7.372000217437744,7.4019999504089355,276339
2025-02-26,JT13.MI,7.394000053405762,7.3979997634887695,7.376999855041504,7.386000156402588,100242
2025-02-27,JT13.MI,7.431000232696533,7.433000087738037,7.374000072479248,7.423999786376953,56745
2025-02-28,JT13.MI,7.420000076293945,7.421000003814697,7.370999813079834,7.4039998054504395,75372
2025-03-03,JT13.MI,7.439000129699707,7.439000129699707,7.315000057220459,7.3480000495910645,81917
2025-03-04,JT13.MI,7.420000076293945,7.440000057220459,7.372000217437744,7.413000106811523,111526
2025-03-05,JT13.MI,7.288000106811523,7.288000106811523,7.22599983215332,7.23799991607666,339095
2025-03-06,JT13.MI,7.249000072479248,7.271999835968018,7.214000225067139,7.216000080108643,229252
2025-03-07,JT13.MI,7.228000164031982,7.254000186920166,7.2210001945495605,7.249000072479248,183216
2025-03-10,JT13.MI,7.25,7.2779998779296875,7.238999843597412,7.254000186920166,118758
2025-03-11,JT13.MI,7.232999801635742,7.239999771118164,7.168000221252441,7.188000202178955,98524
2025-03-12,JT13.MI,7.156000137329102,7.164000034332275,7.133999824523926,7.1539998054504395,209885
2025-03-13,JT13.MI,7.190999984741211,7.223999977111816,7.188000202178955,7.2210001945495605,90905
2025-03-14,JT13.MI,7.202000141143799,7.202000141143799,7.138000011444092,7.183000087738037,254681
2025-03-17,JT13.MI,7.144000053405762,7.177999973297119,7.139999866485596,7.144999980926514,227752
2025-03-18,JT13.MI,7.085999965667725,7.10699987411499,7.065000057220459,7.086999893188477,347469
2025-03-19,JT13.MI,7.104000091552734,7.11899995803833,7.081999778747559,7.107999801635742,129734
2025-03-20,JT13.MI,7.182000160217285,7.204999923706055,7.170000076293945,7.182000160217285,44042
2025-03-21,JT13.MI,7.170000076293945,7.206999778747559,7.15500020980835,7.185999870300293,22223
2025-03-24,JT13.MI,7.151000022888184,7.1539998054504395,7.11299991607666,7.124000072479248,54616
2025-03-25,JT13.MI,7.110000133514404,7.168000221252441,7.110000133514404,7.156000137329102,43460
2025-03-26,JT13.MI,7.144000053405762,7.151000022888184,7.122000217437744,7.135000228881836,57329
2025-03-27,JT13.MI,7.135000228881836,7.14300012588501,7.10099983215332,7.105999946594238,132572
2025-03-28,JT13.MI,7.122000217437744,7.145999908447266,7.107999801635742,7.126999855041504,40580
2025-03-31,JT13.MI,7.163000106811523,7.190000057220459,7.156000137329102,7.156000137329102,657742
2025-04-01,JT13.MI,7.144000053405762,7.210999965667725,7.144000053405762,7.184000015258789,553330
2025-04-02,JT13.MI,7.177000045776367,7.190999984741211,7.116000175476074,7.116000175476074,154919
2025-04-03,JT13.MI,7.196000099182129,7.208000183105469,7.145999908447266,7.199999809265137,500219
2025-04-04,JT13.MI,7.203000068664551,7.304999828338623,7.203000068664551,7.252999782562256,500312
2025-04-07,JT13.MI,7.300000190734863,7.300000190734863,7.190000057220459,7.245999813079834,613917
2025-04-08,JT13.MI,7.201000213623047,7.252999782562256,7.199999809265137,7.248000144958496,220829
2025-04-09,JT13.MI,7.2210001945495605,7.291999816894531,7.2210001945495605,7.263999938964844,56745
2025-04-10,JT13.MI,7.203000068664551,7.248000144958496,7.191999912261963,7.203999996185303,226035
2025-04-11,JT13.MI,7.170000076293945,7.208000183105469,7.14900016784668,7.156000137329102,367122
2025-04-14,JT13.MI,7.136000156402588,7.189000129699707,7.136000156402588,7.168000221252441,40642
2025-04-15,JT13.MI,7.166999816894531,7.202000141143799,7.145999908447266,7.197000026702881,101711
2025-04-16,JT13.MI,7.210000038146973,7.210000038146973,7.177000045776367,7.179999828338623,79802
2025-04-17,JT13.MI,7.178999900817871,7.214000225067139,7.156000137329102,7.198999881744385,59689
2025-04-22,JT13.MI,7.215000152587891,7.2220001220703125,7.197999954223633,7.203999996185303,64965
2025-04-23,JT13.MI,7.208000183105469,7.208000183105469,7.166999816894531,7.176000118255615,349549
2025-04-24,JT13.MI,7.160999774932861,7.184000015258789,7.160999774932861,7.177999973297119,56815
2025-04-25,JT13.MI,7.138999938964844,7.144000053405762,7.105999946594238,7.109000205993652,36882
2025-04-28,JT13.MI,7.13700008392334,7.158999919891357,7.124000072479248,7.158999919891357,90737
2025-04-29,JT13.MI,7.166999816894531,7.177999973297119,7.1539998054504395,7.177999973297119,35241
2025-04-30,JT13.MI,7.173999786376953,7.188000202178955,7.1519999504089355,7.188000202178955,46726
2025-05-02,JT13.MI,7.084000110626221,7.124000072479248,7.081999778747559,7.110000133514404,178975
2025-05-05,JT13.MI,7.122000217437744,7.14300012588501,7.10699987411499,7.14300012588501,136618
2025-05-06,JT13.MI,7.164999961853027,7.199999809265137,7.164999961853027,7.181000232696533,87364
2025-05-07,JT13.MI,7.173999786376953,7.173999786376953,7.139999866485596,7.158999919891357,39983
2025-05-08,JT13.MI,7.1529998779296875,7.1529998779296875,7.113999843597412,7.113999843597412,182876
2025-05-09,JT13.MI,7.125,7.127999782562256,7.116000175476074,7.120999813079834,18536
2025-05-12,JT13.MI,7.110000133514404,7.110000133514404,7.057000160217285,7.063000202178955,229495
2025-05-13,JT13.MI,7.073999881744385,7.077000141143799,7.034999847412109,7.0370001792907715,58405
2025-05-14,JT13.MI,7.044000148773193,7.0960001945495605,7.044000148773193,7.079999923706055,38053
2025-05-15,JT13.MI,7.116000175476074,7.138999938964844,7.10699987411499,7.13100004196167,59311
2025-05-16,JT13.MI,7.144000053405762,7.150000095367432,7.129000186920166,7.145999908447266,395242
2025-05-19,JT13.MI,7.139999866485596,7.1479997634887695,7.111999988555908,7.130000114440918,83544
2025-05-20,JT13.MI,7.164999961853027,7.164999961853027,7.129000186920166,7.13100004196167,40832
2025-05-21,JT13.MI,7.13700008392334,7.140999794006348,7.116000175476074,7.133999824523926,81465
2025-05-22,JT13.MI,7.168000221252441,7.190999984741211,7.140999794006348,7.163000106811523,104816
2025-05-23,JT13.MI,7.179999828338623,7.214000225067139,7.138000011444092,7.190000057220459,362290
2025-05-26,JT13.MI,7.164999961853027,7.164999961853027,7.140999794006348,7.151000022888184,55654
2025-05-27,JT13.MI,7.130000114440918,7.13100004196167,7.089000225067139,7.10699987411499,541847
2025-05-28,JT13.MI,7.11899995803833,7.124000072479248,7.089000225067139,7.0980000495910645,35299
2025-05-29,JT13.MI,7.091000080108643,7.110000133514404,7.084000110626221,7.098999977111816,198596
2025-05-30,JT13.MI,7.130000114440918,7.131999969482422,7.10099983215332,7.10099983215332,24321
2025-06-02,JT13.MI,7.119999885559082,7.127999782562256,7.113999843597412,7.119999885559082,11835
2025-06-03,JT13.MI,7.13100004196167,7.140999794006348,7.09499979019165,7.098999977111816,19066
2025-06-04,JT13.MI,7.114999771118164,7.114999771118164,7.077000141143799,7.113999843597412,56299
2025-06-05,JT13.MI,7.107999801635742,7.114999771118164,7.066999912261963,7.066999912261963,118146
2025-06-06,JT13.MI,7.064000129699707,7.073999881744385,7.038000106811523,7.039000034332275,49515
2025-06-09,JT13.MI,7.050000190734863,7.061999797821045,7.044000148773193,7.047999858856201,54407
2025-06-10,JT13.MI,7.068999767303467,7.068999767303467,7.025000095367432,7.025000095367432,47108
2025-06-11,JT13.MI,7.011000156402588,7.014999866485596,6.992000102996826,6.998000144958496,74209
2025-06-12,JT13.MI,7.031000137329102,7.031000137329102,6.980000019073486,6.991000175476074,115548
2025-06-13,JT13.MI,7.007999897003174,7.019000053405762,6.980999946594238,6.980999946594238,107760
2025-06-16,JT13.MI,6.953000068664551,6.979000091552734,6.952000141143799,6.9670000076293945,183988
2025-06-17,JT13.MI,6.948999881744385,6.955999851226807,6.940999984741211,6.955999851226807,59661
2025-06-18,JT13.MI,6.985000133514404,6.993000030517578,6.965000152587891,6.978000164031982,82548
2025-06-19,JT13.MI,7.000999927520752,7.000999927520752,6.955999851226807,6.9629998207092285,19133
2025-06-20,JT13.MI,6.929999828338623,6.953999996185303,6.916999816894531,6.916999816894531,32865
2025-06-23,JT13.MI,6.879000186920166,6.889999866485596,6.853000164031982,6.877999782562256,153371
2025-06-24,JT13.MI,6.9079999923706055,6.925000190734863,6.900000095367432,6.906000137329102,54603
2025-06-25,JT13.MI,6.88100004196167,6.908999919891357,6.872000217437744,6.873000144958496,21881
2025-06-26,JT13.MI,6.894999980926514,6.9029998779296875,6.88100004196167,6.890999794006348,62392
2025-06-27,JT13.MI,6.901000022888184,6.901000022888184,6.853000164031982,6.860000133514404,34787
2025-06-30,JT13.MI,6.894000053405762,6.894000053405762,6.857999801635742,6.857999801635742,58441
2025-07-01,JT13.MI,6.882999897003174,6.908999919891357,6.877999782562256,6.881999969482422,554716
2025-07-02,JT13.MI,6.88100004196167,6.88100004196167,6.855999946594238,6.861999988555908,606540
2025-07-03,JT13.MI,6.8520002365112305,6.861999988555908,6.817999839782715,6.824999809265137,24965
2025-07-04,JT13.MI,6.843999862670898,6.849999904632568,6.835000038146973,6.835000038146973,31240
2025-07-07,JT13.MI,6.826000213623047,6.830999851226807,6.798999786376953,6.803999900817871,39837
2025-07-08,JT13.MI,6.78000020980835,6.7829999923706055,6.765999794006348,6.770999908447266,39123
2025-07-09,JT13.MI,6.767000198364258,6.783999919891357,6.763000011444092,6.7769999504089355,61725
2025-07-10,JT13.MI,6.7820000648498535,6.801000118255615,6.7729997634887695,6.797999858856201,26005
2025-07-11,JT13.MI,6.797999858856201,6.797999858856201,6.747000217437744,6.747000217437744,22157
2025-07-14,JT13.MI,6.745999813079834,6.76200008392334,6.74399995803833,6.74399995803833,45808
2025-07-15,JT13.MI,6.752999782562256,6.752999782562256,6.7170000076293945,6.724999904632568,197029
2025-07-16,JT13.MI,6.724999904632568,6.756999969482422,6.71999979019165,6.751999855041504,93973
2025-07-17,JT13.MI,6.751999855041504,6.75600004196167,6.73799991607666,6.752999782562256,56534
2025-07-18,JT13.MI,6.732999801635742,6.732999801635742,6.7170000076293945,6.723999977111816,22486
2025-07-21,JT13.MI,6.735000133514404,6.763999938964844,6.735000133514404,6.739999771118164,190829
2025-07-22,JT13.MI,6.73799991607666,6.788000106811523,6.734000205993652,6.76800012588501,122039
2025-07-23,JT13.MI,6.7210001945495605,6.769999980926514,6.7210001945495605,6.765999794006348,63853
2025-07-24,JT13.MI,6.755000114440918,6.755000114440918,6.71999979019165,6.7220001220703125,39417
2025-07-25,JT13.MI,6.736000061035156,6.736000061035156,6.688000202178955,6.697000026702881,32110
2025-07-28,JT13.MI,6.711999893188477,6.736999988555908,6.705999851226807,6.732999801635742,27196
2025-07-29,JT13.MI,6.791999816894531,6.791999816894531,6.750999927520752,6.785999774932861,33528
2025-07-30,JT13.MI,6.781000137329102,6.806000232696533,6.781000137329102,6.791999816894531,95806
2025-07-31,JT13.MI,6.830999851226807,6.830999851226807,6.75,6.752999782562256,19547
2025-08-01,JT13.MI,6.739999771118164,6.807000160217285,6.739999771118164,6.807000160217285,99245
2025-08-04,JT13.MI,6.809999942779541,6.841000080108643,6.797999858856201,6.833000183105469,57771
2025-08-05,JT13.MI,6.826000213623047,6.84499979019165,6.817999839782715,6.817999839782715,33778
2025-08-06,JT13.MI,6.809999942779541,6.809999942779541,6.7829999923706055,6.7829999923706055,111057
2025-08-07,JT13.MI,6.802999973297119,6.802999973297119,6.764999866485596,6.784999847412109,61009
2025-08-08,JT13.MI,6.784999847412109,6.785999774932861,6.75,6.750999927520752,34992
2025-08-11,JT13.MI,6.763999938964844,6.78000020980835,6.760000228881836,6.78000020980835,37947
2025-08-12,JT13.MI,6.748000144958496,6.755000114440918,6.730999946594238,6.735000133514404,27983
2025-08-13,JT13.MI,6.71999979019165,6.749000072479248,6.71999979019165,6.742000102996826,69383
2025-08-14,JT13.MI,6.796000003814697,6.800000190734863,6.751999855041504,6.751999855041504,1410053
2025-08-18,JT13.MI,6.748000144958496,6.756999969482422,6.730000019073486,6.738999843597412,31294
2025-08-19,JT13.MI,6.741000175476074,6.747000217437744,6.730000019073486,6.744999885559082,20401
2025-08-20,JT13.MI,6.789000034332275,6.789000034332275,6.754000186920166,6.770999908447266,20544
2025-08-21,JT13.MI,6.754000186920166,6.761000156402588,6.738999843597412,6.748000144958496,15927
2025-08-22,JT13.MI,6.741000175476074,6.756999969482422,6.728000164031982,6.756999969482422,15982
2025-08-25,JT13.MI,6.734000205993652,6.744999885559082,6.729000091552734,6.743000030517578,13484
2025-08-26,JT13.MI,6.760000228881836,6.770999908447266,6.75,6.761000156402588,14373
2025-08-27,JT13.MI,6.775000095367432,6.783999919891357,6.764999866485596,6.776000022888184,1616903
2025-08-28,JT13.MI,6.775000095367432,6.781000137329102,6.763999938964844,6.775000095367432,13294
2025-08-29,JT13.MI,6.76200008392334,6.775000095367432,6.756999969482422,6.763000011444092,23710
2025-09-01,JT13.MI,6.7270002365112305,6.741000175476074,6.7270002365112305,6.739999771118164,32781
2025-09-02,JT13.MI,6.708000183105469,6.723999977111816,6.703000068664551,6.71999979019165,42864
2025-09-03,JT13.MI,6.716000080108643,6.7220001220703125,6.703000068664551,6.7220001220703125,47600
2025-09-04,JT13.MI,6.730999946594238,6.73199987411499,6.710000038146973,6.716000080108643,65459
2025-09-05,JT13.MI,6.710000038146973,6.739999771118164,6.710000038146973,6.739999771118164,69506
2025-09-08,JT13.MI,6.699999809265137,6.71999979019165,6.699999809265137,6.708000183105469,43004
2025-09-09,JT13.MI,6.7179999351501465,6.75600004196167,6.715000152587891,6.736999988555908,38265
2025-09-10,JT13.MI,6.741000175476074,6.743000030517578,6.724999904632568,6.73199987411499,138614
2025-09-11,JT13.MI,6.728000164031982,6.736999988555908,6.7129998207092285,6.734000205993652,56747
2025-09-12,JT13.MI,6.734000205993652,6.734000205993652,6.699999809265137,6.709000110626221,34721
2025-09-15,JT13.MI,6.708000183105469,6.71999979019165,6.703999996185303,6.705999851226807,113354
2025-09-16,JT13.MI,6.710000038146973,6.710000038146973,6.690999984741211,6.697000026702881,1184572
2025-09-17,JT13.MI,6.688000202178955,6.7129998207092285,6.688000202178955,6.703000068664551,153936
2025-09-18,JT13.MI,6.677999973297119,6.681000232696533,6.663000106811523,6.664000034332275,139036
2025-09-19,JT13.MI,6.673999786376953,6.688000202178955,6.668000221252441,6.688000202178955,46037
2025-09-22,JT13.MI,6.679999828338623,6.679999828338623,6.666999816894531,6.675000190734863,58746
2025-09-23,JT13.MI,6.650000095367432,6.670000076293945,6.650000095367432,6.660999774932861,48967
2025-09-24,JT13.MI,6.668000221252441,6.668000221252441,6.645999908447266,6.64900016784668,77283
2025-09-25,JT13.MI,6.627999782562256,6.656000137329102,6.627999782562256,6.640999794006348,29500
2025-09-26,JT13.MI,6.640999794006348,6.64900016784668,6.638000011444092,6.644000053405762,28047
2025-09-29,JT13.MI,6.650000095367432,6.675000190734863,6.64900016784668,6.665999889373779,69609
2025-09-30,JT13.MI,6.693999767303467,6.695000171661377,6.678999900817871,6.689000129699707,60033
2025-10-01,JT13.MI,6.699999809265137,6.739999771118164,6.699999809265137,6.730999946594238,129584
2025-10-02,JT13.MI,6.7179999351501465,6.738999843597412,6.7129998207092285,6.732999801635742,67616
2025-10-03,JT13.MI,6.706999778747559,6.71999979019165,6.705999851226807,6.708000183105469,16956
2025-10-06,JT13.MI,6.636000156402588,6.640999794006348,6.609000205993652,6.611000061035156,225109
2025-10-07,JT13.MI,6.60099983215332,6.613999843597412,6.583000183105469,6.583000183105469,104982
2025-10-08,JT13.MI,6.558000087738037,6.563000202178955,6.5320000648498535,6.550000190734863,434571
2025-10-09,JT13.MI,6.535999774932861,6.563000202178955,6.5279998779296875,6.563000202178955,680381
2025-10-10,JT13.MI,6.5879998207092285,6.59499979019165,6.565999984741211,6.5929999351501465,250894
2025-10-13,JT13.MI,6.585999965667725,6.60699987411499,6.567999839782715,6.593999862670898,277523
2025-10-14,JT13.MI,6.60099983215332,6.632999897003174,6.60099983215332,6.607999801635742,240197
2025-10-15,JT13.MI,6.631999969482422,6.631999969482422,6.5970001220703125,6.609000205993652,50488
2025-10-16,JT13.MI,6.605000019073486,6.61299991607666,6.586999893188477,6.605999946594238,79364
2025-10-17,JT13.MI,6.623000144958496,6.6519999504089355,6.61899995803833,6.63100004196167,115978
2025-10-20,JT13.MI,6.618000030517578,6.629000186920166,6.60699987411499,6.620999813079834,244944
2025-10-21,JT13.MI,6.620999813079834,6.620999813079834,6.583000183105469,6.5929999351501465,176710
2025-10-22,JT13.MI,6.593999862670898,6.611999988555908,6.591000080108643,6.593999862670898,64705
2025-10-23,JT13.MI,6.557000160217285,6.5879998207092285,6.552999973297119,6.553999900817871,73529
2025-10-24,JT13.MI,1162.3035888671875,1162.3035888671875,1162.3035888671875,1162.3035888671875,0
2025-10-27,JT13.MI,6.517000198364258,6.545000076293945,6.517000198364258,6.5269999504089355,405523
2025-10-28,JT13.MI,6.546000003814697,6.570000171661377,6.546000003814697,6.546000003814697,81856
2025-10-29,JT13.MI,6.560999870300293,6.573999881744385,6.552000045776367,6.566999912261963,48099
2025-10-30,JT13.MI,6.510000228881836,6.521999835968018,6.498000144958496,6.521999835968018,178900
2025-10-31,JT13.MI,6.51200008392334,6.551000118255615,6.510000228881836,6.545000076293945,61257
2025-11-03,JT13.MI,6.519999980926514,6.559000015258789,6.519999980926514,6.538000106811523,57442
2025-11-04,JT13.MI,6.584000110626221,6.598999977111816,6.565000057220459,6.5929999351501465,168947
2025-11-05,JT13.MI,6.610000133514404,6.610000133514404,6.565000057220459,6.565000057220459,57504
2025-11-06,JT13.MI,6.570000171661377,6.586999893188477,6.564000129699707,6.584000110626221,45881
2025-11-07,JT13.MI,6.570000171661377,6.620999813079834,6.550000190734863,6.620999813079834,396111
2025-11-10,JT13.MI,6.525000095367432,6.541999816894531,6.515999794006348,6.539999961853027,22280
2025-11-11,JT13.MI,6.525000095367432,6.525000095367432,6.508999824523926,6.511000156402588,101036
2025-11-12,JT13.MI,6.510000228881836,6.510000228881836,6.482999801635742,6.485000133514404,146882
2025-11-13,JT13.MI,6.474999904632568,6.482999801635742,6.4679999351501465,6.473999977111816,96345
2025-11-14,JT13.MI,6.4710001945495605,6.493000030517578,6.464000225067139,6.480999946594238,84153
2025-11-17,JT13.MI,6.479000091552734,6.485000133514404,6.464000225067139,6.466000080108643,57587
2025-11-18,JT13.MI,6.46999979019165,6.4770002365112305,6.458000183105469,6.466000080108643,82489
2025-11-19,JT13.MI,6.466000080108643,6.4670000076293945,6.421999931335449,6.438000202178955,98926
2025-11-20,JT13.MI,6.410999774932861,6.426000118255615,6.392000198364258,6.400000095367432,33436
2025-11-21,JT13.MI,6.451000213623047,6.4670000076293945,6.410999774932861,6.452000141143799,170294
2025-11-24,JT13.MI,6.439000129699707,6.440000057220459,6.420000076293945,6.435999870300293,61467
2025-11-25,JT13.MI,6.448999881744385,6.453000068664551,6.433000087738037,6.436999797821045,53262
2025-11-26,JT13.MI,6.423999786376953,6.429999828338623,6.406000137329102,6.409999847412109,54421
2025-11-27,JT13.MI,6.436999797821045,6.436999797821045,6.413000106811523,6.414000034332275,60491
2025-11-28,JT13.MI,6.440999984741211,6.440999984741211,6.413000106811523,6.414999961853027,36600
2025-12-01,JT13.MI,6.436999797821045,6.452000141143799,6.435999870300293,6.440000057220459,95856
2025-12-02,JT13.MI,6.416999816894531,6.427999973297119,6.406000137329102,6.427999973297119,126830
2025-12-03,JT13.MI,6.410999774932861,6.425000190734863,6.401000022888184,6.425000190734863,95344
2025-12-04,JT13.MI,6.439000129699707,6.441999912261963,6.421999931335449,6.440000057220459,44121
2025-12-05,JT13.MI,6.438000202178955,6.440999984741211,6.421999931335449,6.423999786376953,39952
2025-12-08,JT13.MI,6.413000106811523,6.413000106811523,6.40500020980835,6.410999774932861,60949
2025-12-09,JT13.MI,6.4079999923706055,6.4079999923706055,6.360000133514404,6.360000133514404,68133
2025-12-10,JT13.MI,6.364999771118164,6.38100004196167,6.359000205993652,6.38100004196167,102129
2025-12-11,JT13.MI,6.369999885559082,6.379000186920166,6.360000133514404,6.370999813079834,114849
2025-12-12,JT13.MI,6.35099983215332,6.357999801635742,6.343999862670898,6.354000091552734,44626
2025-12-15,JT13.MI,6.39300012588501,6.39300012588501,6.366000175476074,6.366000175476074,28384
2025-12-16,JT13.MI,6.38100004196167,6.385000228881836,6.367000102996826,6.372000217437744,28637
2025-12-17,JT13.MI,6.370999813079834,6.376999855041504,6.353000164031982,6.353000164031982,39994
2025-12-18,JT13.MI,6.3470001220703125,6.36899995803833,6.3470001220703125,6.364999771118164,53247
2025-12-19,JT13.MI,6.335999965667725,6.336999893188477,6.289000034332275,6.294000148773193,78275
2025-12-22,JT13.MI,6.291999816894531,6.294000148773193,6.2789998054504395,6.291999816894531,150593
2025-12-23,JT13.MI,6.310999870300293,6.328000068664551,6.304999828338623,6.307000160217285,33261
2025-12-29,JT13.MI,6.324999809265137,6.330999851226807,6.298999786376953,6.330999851226807,200100
2025-12-30,JT13.MI,6.327000141143799,6.327000141143799,6.308000087738037,6.310999870300293,10354
2026-01-02,JT13.MI,6.316999912261963,6.323999881744385,6.296999931335449,6.309000015258789,232334
2026-01-05,JT13.MI,6.308000087738037,6.3420000076293945,6.308000087738037,6.336999893188477,30680
2026-01-06,JT13.MI,6.329999923706055,6.340000152587891,6.328999996185303,6.340000152587891,18246
2026-01-07,JT13.MI,6.3420000076293945,6.3520002365112305,6.333000183105469,6.333000183105469,15919
2026-01-08,JT13.MI,6.348999977111816,6.35099983215332,6.336999893188477,6.3460001945495605,38195
2026-01-09,JT13.MI,6.317999839782715,6.328000068664551,6.304999828338623,6.304999828338623,63209
2026-01-12,JT13.MI,6.306000232696533,6.307000160217285,6.2820000648498535,6.2870001792907715,122233
2026-01-13,JT13.MI,6.271999835968018,6.271999835968018,6.251999855041504,6.255000114440918,231586
2026-01-14,JT13.MI,6.254000186920166,6.294000148773193,6.254000186920166,6.290999889373779,128455
2026-01-15,JT13.MI,6.300000190734863,6.307000160217285,6.2829999923706055,6.306000232696533,89393
2026-01-16,JT13.MI,6.315000057220459,6.336999893188477,6.311999797821045,6.333000183105469,357115
2026-01-19,JT13.MI,6.302999973297119,6.317999839782715,6.293000221252441,6.293000221252441,536454
2026-01-20,JT13.MI,6.2779998779296875,6.2789998054504395,6.252999782562256,6.257999897003174,178350
2026-01-21,JT13.MI,6.256999969482422,6.276000022888184,6.250999927520752,6.265999794006348,87515
2026-01-22,JT13.MI,6.254000186920166,6.263000011444092,6.232999801635742,6.235000133514404,217209
2026-01-23,JT13.MI,6.244999885559082,6.252999782562256,6.2270002365112305,6.25,395270
2026-01-26,JT13.MI,6.329999923706055,6.370999813079834,6.329999923706055,6.331999778747559,318904
2026-01-27,JT13.MI,6.308000087738037,6.360000133514404,6.308000087738037,6.326000213623047,596545
2026-01-28,JT13.MI,6.336999893188477,6.35099983215332,6.316999912261963,6.318999767303467,268506
2026-01-29,JT13.MI,6.315000057220459,6.36299991607666,6.311999797821045,6.355000019073486,114219
2026-01-30,JT13.MI,6.316999912261963,6.330999851226807,6.302000045776367,6.323999881744385,154337
2026-02-02,JT13.MI,6.321000099182129,6.330999851226807,6.306000232696533,6.313000202178955,71052
2026-02-03,JT13.MI,6.310999870300293,6.316999912261963,6.297999858856201,6.301000118255615,80505
2026-02-04,JT13.MI,6.261000156402588,6.27400016784668,6.256999969482422,6.26800012588501,59424
2026-02-05,JT13.MI,6.245999813079834,6.276000022888184,6.244999885559082,6.260000228881836,80394
2026-02-06,JT13.MI,6.269999980926514,6.270999908447266,6.248000144958496,6.25,125866
2026-02-09,JT13.MI,6.236999988555908,6.252999782562256,6.230000019073486,6.24399995803833,104050
2026-02-10,JT13.MI,6.26800012588501,6.315000057220459,6.252999782562256,6.314000129699707,41865
2026-02-11,JT13.MI,6.363999843597412,6.379000186920166,6.335000038146973,6.369999885559082,180105
2026-02-12,JT13.MI,6.379000186920166,6.418000221252441,6.355000019073486,6.409999847412109,372194
2026-02-13,JT13.MI,6.364999771118164,6.394999980926514,6.35699987411499,6.388999938964844,77114
2026-02-16,JT13.MI,6.380000114440918,6.388000011444092,6.360000133514404,6.38100004196167,68088
2026-02-17,JT13.MI,6.4120001792907715,6.421999931335449,6.383999824523926,6.388000011444092,185296
2026-02-18,JT13.MI,6.392000198364258,6.392000198364258,6.359000205993652,6.364999771118164,117781
2026-02-19,JT13.MI,6.349999904632568,6.369999885559082,6.341000080108643,6.364999771118164,58335
2026-02-20,JT13.MI,6.355000019073486,6.359000205993652,6.3379998207092285,6.359000205993652,85745
2026-02-23,JT13.MI,6.355000019073486,6.375999927520752,6.3480000495910645,6.370999813079834,32381
2026-02-24,JT13.MI,6.318999767303467,6.329999923706055,6.306000232696533,6.327000141143799,174217
2026-02-25,JT13.MI,6.301000118255615,6.308000087738037,6.283999919891357,6.2870001792907715,291314
2026-02-26,JT13.MI,6.300000190734863,6.313000202178955,6.291999816894531,6.302000045776367,102975
2026-02-27,JT13.MI,6.307000160217285,6.315999984741211,6.291999816894531,6.294000148773193,205349
2026-03-02,JT13.MI,6.302000045776367,6.323999881744385,6.290999889373779,6.302999973297119,154247
2026-03-03,JT13.MI,6.343999862670898,6.370999813079834,6.329999923706055,6.348999977111816,811246
2026-03-04,JT13.MI,6.370999813079834,6.370999813079834,6.3420000076293945,6.357999801635742,67851
2026-03-05,JT13.MI,6.377999782562256,6.377999782562256,6.3379998207092285,6.35699987411499,58474
2026-03-09,JT13.MI,6.322999954223633,6.353000164031982,6.322999954223633,6.328000068664551,115805
2026-03-10,JT13.MI,6.322999954223633,6.329999923706055,6.316999912261963,6.324999809265137,101601
2026-03-11,JT13.MI,6.309999942779541,6.328000068664551,6.309000015258789,6.318999767303467,533333
2026-03-12,JT13.MI,6.336999893188477,6.3379998207092285,6.321000099182129,6.322999954223633,410608
2026-03-13,JT13.MI,6.361000061035156,6.372000217437744,6.343999862670898,6.36299991607666,91747
2026-03-16,JT13.MI,6.39300012588501,6.39300012588501,6.34499979019165,6.3470001220703125,357555
2026-03-17,JT13.MI,6.3520002365112305,6.3520002365112305,6.326000213623047,6.340000152587891,57421
2026-03-18,JT13.MI,6.34499979019165,6.34499979019165,6.316999912261963,6.317999839782715,55387
2026-03-19,JT13.MI,6.361999988555908,6.374000072479248,6.348999977111816,6.36899995803833,508942
2026-03-20,JT13.MI,6.330999851226807,6.339000225067139,6.302999973297119,6.314000129699707,57374
2026-03-23,JT13.MI,6.296000003814697,6.335000038146973,6.296000003814697,6.310999870300293,51231
2026-03-24,JT13.MI,6.301000118255615,6.328999996185303,6.295000076293945,6.300000190734863,246920
2026-03-25,JT13.MI,6.283999919891357,6.303999900817871,6.283999919891357,6.298999786376953,31006
2026-03-26,JT13.MI,6.284999847412109,6.307000160217285,6.284999847412109,6.295000076293945,75210
2026-03-27,JT13.MI,6.2829999923706055,6.300000190734863,6.275000095367432,6.2820000648498535,27490
2026-03-30,JT13.MI,6.289000034332275,6.343999862670898,6.289000034332275,6.343999862670898,46027
2026-03-31,JT13.MI,6.340000152587891,6.3420000076293945,6.310999870300293,6.320000171661377,40604
2026-04-01,JT13.MI,6.313000202178955,6.322999954223633,6.288000106811523,6.288000106811523,68834
2026-04-02,JT13.MI,6.294000148773193,6.314000129699707,6.294000148773193,6.303999900817871,71424
2026-04-07,JT13.MI,6.284999847412109,6.300000190734863,6.251999855041504,6.263999938964844,56484
2026-04-08,JT13.MI,6.281000137329102,6.281000137329102,6.256999969482422,6.271999835968018,168704
2026-04-09,JT13.MI,6.281000137329102,6.281000137329102,6.2270002365112305,6.230999946594238,63964
2026-04-10,JT13.MI,6.232999801635742,6.232999801635742,6.205999851226807,6.205999851226807,102287
2026-04-13,JT13.MI,6.215000152587891,6.21999979019165,6.199999809265137,6.202000141143799,114314
2026-04-14,JT13.MI,6.192999839782715,6.196000099182129,6.185999870300293,6.190000057220459,35184
2026-04-15,JT13.MI,6.189000129699707,6.199999809265137,6.184000015258789,6.184999942779541,59251
2026-04-16,JT13.MI,6.191999912261963,6.197000026702881,6.184999942779541,6.188000202178955,35921
2026-04-17,JT13.MI,6.189000129699707,6.22599983215332,6.177999973297119,6.21999979019165,134851
2026-04-20,JT13.MI,6.215000152587891,6.216000080108643,6.196000099182129,6.208000183105469,51653
2026-04-21,JT13.MI,6.209000110626221,6.209000110626221,6.190999984741211,6.201000213623047,42668
2026-04-22,JT13.MI,6.201000213623047,6.2230000495910645,6.193999767303467,6.214000225067139,50997
2026-04-23,JT13.MI,6.210000038146973,6.228000164031982,6.209000110626221,6.2179999351501465,63509
2026-04-24,JT13.MI,6.229000091552734,6.234000205993652,6.211999893188477,6.2179999351501465,36767
2026-04-27,JT13.MI,6.208000183105469,6.216000080108643,6.206999778747559,6.211999893188477,33014
2026-04-28,JT13.MI,6.25,6.25,6.209000110626221,6.209000110626221,124910
2026-04-29,JT13.MI,6.2179999351501465,6.22599983215332,6.192999839782715,6.192999839782715,45969
2026-04-30,JT13.MI,6.186999797821045,6.360000133514404,6.186999797821045,6.311999797821045,306296
2026-05-04,JT13.MI,6.314000129699707,6.322999954223633,6.2829999923706055,6.313000202178955,101524
2026-05-05,JT13.MI,6.328999996185303,6.328999996185303,6.283999919891357,6.289000034332275,230615
2026-05-06,JT13.MI,6.336999893188477,6.3480000495910645,6.315999984741211,6.322000026702881,70627
2026-05-07,JT13.MI,6.318999767303467,6.328999996185303,6.304999828338623,6.308000087738037,61855
2026-05-08,JT13.MI,6.309000015258789,6.309000015258789,6.293000221252441,6.295000076293945,52358
2026-05-11,JT13.MI,6.288000106811523,6.288000106811523,6.26800012588501,6.2789998054504395,32373
2026-05-12,JT13.MI,6.2769999504089355,6.2789998054504395,6.265999794006348,6.276000022888184,64103
2026-05-13,JT13.MI,6.2829999923706055,6.326000213623047,6.2769999504089355,6.2789998054504395,38493
2026-05-14,JT13.MI,6.270999908447266,6.304999828338623,6.270999908447266,6.285999774932861,51263
2026-05-15,JT13.MI,6.293000221252441,6.298999786376953,6.284999847412109,6.289999961853027,255407
2026-05-18,JT13.MI,6.2769999504089355,6.28000020980835,6.267000198364258,6.270999908447266,52025
2026-05-19,JT13.MI,6.271999835968018,6.290999889373779,6.265999794006348,6.2829999923706055,95513
2026-05-20,JT13.MI,6.307000160217285,6.307000160217285,6.281000137329102,6.2870001792907715,48270
2026-05-21,JT13.MI,6.323999881744385,6.323999881744385,6.264999866485596,6.289000034332275,113266
2026-05-22,JT13.MI,6.284999847412109,6.307000160217285,6.276000022888184,6.284999847412109,62209
2026-05-25,JT13.MI,6.254000186920166,6.2820000648498535,6.24399995803833,6.271999835968018,60497
2026-05-26,JT13.MI,6.276000022888184,6.276000022888184,6.261000156402588,6.269000053405762,51168
2026-05-27,JT13.MI,6.26200008392334,6.263999938964844,6.248000144958496,6.249000072479248,51590
2026-05-28,JT13.MI,6.265999794006348,6.281000137329102,6.258999824523926,6.258999824523926,66104
2026-05-29,JT13.MI,6.269000053405762,6.275000095367432,6.252999782562256,6.254000186920166,38710
2026-06-01,JT13.MI,6.255000114440918,6.2779998779296875,6.239999771118164,6.263000011444092,39898
2026-06-02,JT13.MI,6.248000144958496,6.254000186920166,6.23799991607666,6.243000030517578,14623
2026-06-03,JT13.MI,6.257999897003174,6.2729997634887695,6.255000114440918,6.255000114440918,41479
2026-06-04,JT13.MI,6.263999938964844,6.265999794006348,6.24399995803833,6.247000217437744,248650
2026-06-05,JT13.MI,6.25,6.284999847412109,6.201000213623047,6.2769999504089355,131824
2026-06-08,JT13.MI,6.289999961853027,6.311999797821045,6.269000053405762,6.291999816894531,443268
2026-06-09,JT13.MI,6.288000106811523,6.307000160217285,6.265999794006348,6.275000095367432,103939
2026-06-10,JT13.MI,6.269999980926514,6.2769999504089355,6.26200008392334,6.267000198364258,51487
2026-06-11,JT13.MI,6.263000011444092,6.296000003814697,6.256999969482422,6.2870001792907715,40953
2026-06-12,JT13.MI,6.26800012588501,6.284999847412109,6.265999794006348,6.265999794006348,147534
2026-06-15,JT13.MI,6.261000156402588,6.26200008392334,6.245999813079834,6.256999969482422,123348
2026-06-16,JT13.MI,6.25600004196167,6.2820000648498535,6.239999771118164,6.24399995803833,81449
2026-06-17,JT13.MI,6.251999855041504,6.264999866485596,6.243000030517578,6.257999897003174,59391
2026-06-18,JT13.MI,6.289000034332275,6.306000232696533,6.2829999923706055,6.294000148773193,193667
2026-06-19,JT13.MI,6.296999931335449,6.296999931335449,6.2829999923706055,6.283999919891357,42774
2026-06-22,JT13.MI,6.270999908447266,6.298999786376953,6.26800012588501,6.294000148773193,84542
2026-06-23,JT13.MI,6.307000160217285,6.322999954223633,6.296999931335449,6.320000171661377,36577
2026-06-24,JT13.MI,6.333000183105469,6.3480000495910645,6.326000213623047,6.329999923706055,44459
2026-06-25,JT13.MI,6.328999996185303,6.3520002365112305,6.316999912261963,6.320000171661377,87558
2026-06-26,JT13.MI,6.326000213623047,6.326000213623047,6.296999931335449,6.306000232696533,29874
2026-06-29,JT13.MI,6.300000190734863,6.307000160217285,6.289999961853027,6.289999961853027,33356
2026-06-30,JT13.MI,6.290999889373779,6.297999858856201,6.263000011444092,6.26800012588501,146466
2026-07-01,JT13.MI,6.270999908447266,6.291999816894531,6.26800012588501,6.2870001792907715,132342
2026-07-02,JT13.MI,6.317999839782715,6.327000141143799,6.304999828338623,6.315999984741211,51340
2026-07-03,JT13.MI,6.309000015258789,6.315999984741211,6.298999786376953,6.298999786376953,27847
2026-07-06,JT13.MI,6.271999835968018,6.281000137329102,6.270999908447266,6.276000022888184,44132
2026-07-07,JT13.MI,6.276000022888184,6.291999816894531,6.276000022888184,6.2870001792907715,61393
2026-07-08,JT13.MI,6.2729997634887695,6.283999919891357,6.265999794006348,6.26800012588501,99077
2026-07-09,JT13.MI,6.26200008392334,6.264999866485596,6.255000114440918,6.261000156402588,35360
2026-07-10,JT13.MI,6.283999919891357,6.301000118255615,6.283999919891357,6.296000003814697,124302
2026-07-13,JT13.MI,6.2870001792907715,6.288000106811523,6.271999835968018,6.281000137329102,35482
2026-07-14,JT13.MI,6.288000106811523,6.293000221252441,6.269999980926514,6.276000022888184,66906
2026-07-15,JT13.MI,6.275000095367432,6.275000095367432,6.263999938964844,6.271999835968018,26400
2026-07-16,JT13.MI,6.25,6.263000011444092,6.25,6.25600004196167,40360
2026-07-17,JT13.MI,6.26200008392334,6.270999908447266,6.257999897003174,6.264999866485596,29884
2026-07-20,JT13.MI,6.257999897003174,6.2729997634887695,6.25600004196167,6.270999908447266,37680
2026-07-21,JT13.MI,6.265999794006348,6.27400016784668,6.25,6.25,79614
2026-07-22,JT13.MI,6.25,6.25600004196167,6.243000030517578,6.24399995803833,43922
2026-07-23,JT13.MI,6.236999988555908,6.241000175476074,6.22599983215332,6.236000061035156,19794
2026-07-24,JT13.MI,6.2270002365112305,6.241000175476074,6.2270002365112305,6.234000205993652,40942
2026-07-27,JT13.MI,6.234000205993652,6.244999885559082,6.228000164031982,6.242000102996826,38085
2026-07-28,JT13.MI,6.243000030517578,6.247000217437744,6.223999977111816,6.2270002365112305,87054
