Date,Ticker,Open,High,Low,Close,Volume
2018-06-06,JU13.MI,99.94000244140625,99.94000244140625,99.94000244140625,99.94000244140625,0
2018-06-07,JU13.MI,99.97799682617188,99.97799682617188,99.97799682617188,99.97799682617188,0
2018-06-08,JU13.MI,100.00900268554688,100.00900268554688,100.00900268554688,100.00900268554688,0
2018-06-11,JU13.MI,99.95500183105469,99.95500183105469,99.95500183105469,99.95500183105469,0
2018-06-12,JU13.MI,84.82499694824219,84.83000183105469,84.80000305175781,84.83000183105469,5
2018-06-13,JU13.MI,84.83000183105469,84.83000183105469,84.83000183105469,84.83000183105469,0
2018-06-14,JU13.MI,84.83000183105469,84.83000183105469,84.83000183105469,84.83000183105469,0
2018-06-15,JU13.MI,84.83000183105469,84.83000183105469,84.83000183105469,84.83000183105469,0
2018-06-18,JU13.MI,84.83000183105469,84.83000183105469,84.83000183105469,84.83000183105469,0
2018-06-19,JU13.MI,84.83000183105469,84.83000183105469,84.83000183105469,84.83000183105469,0
2018-06-20,JU13.MI,86.43000030517578,86.43000030517578,86.375,86.375,63
2018-06-21,JU13.MI,86.375,86.375,86.375,86.375,0
2018-06-22,JU13.MI,86.375,86.375,86.375,86.375,0
2018-06-25,JU13.MI,86.0250015258789,86.02999877929688,85.57499694824219,85.57499694824219,130
2018-06-26,JU13.MI,85.81999969482422,85.81999969482422,85.7750015258789,85.7750015258789,40
2018-06-27,JU13.MI,85.7750015258789,85.7750015258789,85.7750015258789,85.7750015258789,0
2018-06-28,JU13.MI,85.7750015258789,85.7750015258789,85.7750015258789,85.7750015258789,0
2018-06-29,JU13.MI,85.7750015258789,85.7750015258789,85.7750015258789,85.7750015258789,0
2018-07-02,JU13.MI,85.7750015258789,85.7750015258789,85.7750015258789,85.7750015258789,0
2018-07-03,JU13.MI,85.7750015258789,85.7750015258789,85.7750015258789,85.7750015258789,0
2018-07-04,JU13.MI,85.7750015258789,85.7750015258789,85.7750015258789,85.7750015258789,0
2018-07-05,JU13.MI,85.7750015258789,85.7750015258789,85.7750015258789,85.7750015258789,0
2018-07-06,JU13.MI,85.7750015258789,85.7750015258789,85.7750015258789,85.7750015258789,0
2018-07-09,JU13.MI,85.7750015258789,85.7750015258789,85.7750015258789,85.7750015258789,0
2018-07-10,JU13.MI,85.7750015258789,85.7750015258789,85.7750015258789,85.7750015258789,0
2018-07-11,JU13.MI,85.7750015258789,85.7750015258789,85.7750015258789,85.7750015258789,0
2018-07-12,JU13.MI,85.7750015258789,85.7750015258789,85.7750015258789,85.7750015258789,0
2018-07-13,JU13.MI,85.7750015258789,85.7750015258789,85.7750015258789,85.7750015258789,0
2018-07-16,JU13.MI,85.44499969482422,85.44499969482422,85.30500030517578,85.3550033569336,15
2018-07-17,JU13.MI,85.3550033569336,85.3550033569336,85.3550033569336,85.3550033569336,0
2018-07-18,JU13.MI,85.3550033569336,85.3550033569336,85.3550033569336,85.3550033569336,0
2018-07-19,JU13.MI,85.3550033569336,85.3550033569336,85.3550033569336,85.3550033569336,0
2018-07-20,JU13.MI,85.3550033569336,85.3550033569336,85.3550033569336,85.3550033569336,0
2018-07-23,JU13.MI,85.3550033569336,85.3550033569336,85.3550033569336,85.3550033569336,0
2018-07-24,JU13.MI,85.3550033569336,85.3550033569336,85.3550033569336,85.3550033569336,0
2018-07-25,JU13.MI,85.3550033569336,85.3550033569336,85.3550033569336,85.3550033569336,0
2018-07-26,JU13.MI,85.3550033569336,85.3550033569336,85.3550033569336,85.3550033569336,0
2018-07-27,JU13.MI,85.3550033569336,85.3550033569336,85.3550033569336,85.3550033569336,0
2018-07-30,JU13.MI,85.3550033569336,85.3550033569336,85.3550033569336,85.3550033569336,0
2018-07-31,JU13.MI,85.3499984741211,85.4000015258789,85.3499984741211,85.4000015258789,5
2018-08-01,JU13.MI,85.4000015258789,85.4000015258789,85.4000015258789,85.4000015258789,0
2018-08-02,JU13.MI,85.4000015258789,85.4000015258789,85.4000015258789,85.4000015258789,0
2018-08-03,JU13.MI,85.4000015258789,85.4000015258789,85.4000015258789,85.4000015258789,0
2018-08-06,JU13.MI,85.4000015258789,85.4000015258789,85.4000015258789,85.4000015258789,0
2018-08-07,JU13.MI,85.4000015258789,85.4000015258789,85.4000015258789,85.4000015258789,0
2018-08-08,JU13.MI,85.4000015258789,85.4000015258789,85.4000015258789,85.4000015258789,0
2018-08-09,JU13.MI,85.4000015258789,85.4000015258789,85.4000015258789,85.4000015258789,0
2018-08-10,JU13.MI,85.4000015258789,85.4000015258789,85.4000015258789,85.4000015258789,0
2018-08-13,JU13.MI,85.4000015258789,85.4000015258789,85.4000015258789,85.4000015258789,0
2018-08-14,JU13.MI,85.4000015258789,85.4000015258789,85.4000015258789,85.4000015258789,0
2018-08-16,JU13.MI,87.9749984741211,87.9749984741211,87.73500061035156,87.73500061035156,5
2018-08-17,JU13.MI,87.73500061035156,87.73500061035156,87.73500061035156,87.73500061035156,0
2018-08-20,JU13.MI,87.73500061035156,87.73500061035156,87.73500061035156,87.73500061035156,0
2018-08-21,JU13.MI,87.73500061035156,87.73500061035156,87.73500061035156,87.73500061035156,0
2018-08-22,JU13.MI,87.73500061035156,87.73500061035156,87.73500061035156,87.73500061035156,0
2018-08-23,JU13.MI,87.73500061035156,87.73500061035156,87.73500061035156,87.73500061035156,0
2018-08-24,JU13.MI,87.73500061035156,87.73500061035156,87.73500061035156,87.73500061035156,0
2018-08-27,JU13.MI,87.73500061035156,87.73500061035156,87.73500061035156,87.73500061035156,0
2018-08-28,JU13.MI,87.73500061035156,87.73500061035156,87.73500061035156,87.73500061035156,0
2018-08-29,JU13.MI,87.73500061035156,87.73500061035156,87.73500061035156,87.73500061035156,0
2018-08-30,JU13.MI,87.73500061035156,87.73500061035156,87.73500061035156,87.73500061035156,0
2018-08-31,JU13.MI,87.73500061035156,87.73500061035156,87.73500061035156,87.73500061035156,0
2018-09-03,JU13.MI,87.73500061035156,87.73500061035156,87.73500061035156,87.73500061035156,0
2018-09-04,JU13.MI,86.58000183105469,86.58499908447266,86.57499694824219,86.57499694824219,68
2018-09-05,JU13.MI,86.57499694824219,86.57499694824219,86.57499694824219,86.57499694824219,0
2018-09-06,JU13.MI,86.57499694824219,86.57499694824219,86.57499694824219,86.57499694824219,0
2018-09-07,JU13.MI,86.57499694824219,86.57499694824219,86.57499694824219,86.57499694824219,0
2018-09-10,JU13.MI,86.22000122070312,86.22000122070312,86.125,86.125,2186
2018-09-11,JU13.MI,86.125,86.125,86.125,86.125,0
2018-09-12,JU13.MI,86.19999694824219,86.19999694824219,85.84500122070312,85.84500122070312,2181
2018-09-13,JU13.MI,85.84500122070312,85.84500122070312,85.84500122070312,85.84500122070312,0
2018-09-14,JU13.MI,85.84500122070312,85.84500122070312,85.84500122070312,85.84500122070312,0
2018-09-17,JU13.MI,85.84500122070312,85.84500122070312,85.84500122070312,85.84500122070312,0
2018-09-18,JU13.MI,85.84500122070312,85.84500122070312,85.84500122070312,85.84500122070312,0
2018-09-19,JU13.MI,85.84500122070312,85.84500122070312,85.84500122070312,85.84500122070312,0
2018-09-20,JU13.MI,85.84500122070312,85.84500122070312,85.84500122070312,85.84500122070312,0
2018-09-21,JU13.MI,84.58000183105469,84.7750015258789,84.4800033569336,84.7750015258789,6
2018-09-24,JU13.MI,84.7750015258789,84.7750015258789,84.7750015258789,84.7750015258789,0
2018-09-25,JU13.MI,84.7750015258789,84.7750015258789,84.7750015258789,84.7750015258789,0
2018-09-26,JU13.MI,84.7750015258789,84.7750015258789,84.7750015258789,84.7750015258789,0
2018-09-27,JU13.MI,84.7750015258789,84.7750015258789,84.7750015258789,84.7750015258789,0
2018-09-28,JU13.MI,85.78500366210938,85.80500030517578,85.78500366210938,85.80500030517578,1
2018-10-01,JU13.MI,85.9000015258789,86.13999938964844,85.9000015258789,86.13999938964844,5
2018-10-02,JU13.MI,86.13999938964844,86.13999938964844,86.13999938964844,86.13999938964844,0
2018-10-03,JU13.MI,86.13999938964844,86.13999938964844,86.13999938964844,86.13999938964844,0
2018-10-04,JU13.MI,86.13999938964844,86.13999938964844,86.13999938964844,86.13999938964844,0
2018-10-05,JU13.MI,86.13999938964844,86.13999938964844,86.13999938964844,86.13999938964844,0
2018-10-08,JU13.MI,86.13999938964844,86.13999938964844,86.13999938964844,86.13999938964844,0
2018-10-09,JU13.MI,86.13999938964844,86.13999938964844,86.13999938964844,86.13999938964844,0
2018-10-10,JU13.MI,86.13999938964844,86.13999938964844,86.13999938964844,86.13999938964844,0
2018-10-11,JU13.MI,86.13999938964844,86.13999938964844,86.13999938964844,86.13999938964844,0
2018-10-12,JU13.MI,86.13999938964844,86.13999938964844,86.13999938964844,86.13999938964844,0
2018-10-15,JU13.MI,86.13999938964844,86.13999938964844,86.13999938964844,86.13999938964844,0
2018-10-16,JU13.MI,86.13999938964844,86.13999938964844,86.13999938964844,86.13999938964844,0
2018-10-17,JU13.MI,86.13999938964844,86.13999938964844,86.13999938964844,86.13999938964844,0
2018-10-18,JU13.MI,86.13999938964844,86.13999938964844,86.13999938964844,86.13999938964844,0
2018-10-19,JU13.MI,86.96499633789062,86.96499633789062,86.59500122070312,86.59500122070312,300
2018-10-22,JU13.MI,86.45500183105469,86.7249984741211,86.45500183105469,86.7249984741211,30
2018-10-23,JU13.MI,86.81500244140625,86.83999633789062,86.70999908447266,86.70999908447266,127
2018-10-24,JU13.MI,86.70999908447266,86.70999908447266,86.70999908447266,86.70999908447266,0
2018-10-25,JU13.MI,87.29000091552734,87.58000183105469,87.29000091552734,87.58000183105469,100
2018-10-26,JU13.MI,87.61000061035156,87.61000061035156,87.61000061035156,87.61000061035156,300
2018-10-29,JU13.MI,87.61000061035156,87.61000061035156,87.61000061035156,87.61000061035156,0
2018-10-30,JU13.MI,87.70999908447266,87.70999908447266,87.69999694824219,87.69999694824219,30
2018-10-31,JU13.MI,87.69999694824219,87.69999694824219,87.69999694824219,87.69999694824219,0
2018-11-01,JU13.MI,87.6500015258789,87.6500015258789,87.48500061035156,87.48500061035156,5
2018-11-02,JU13.MI,87.48500061035156,87.48500061035156,87.48500061035156,87.48500061035156,0
2018-11-05,JU13.MI,87.48500061035156,87.48500061035156,87.48500061035156,87.48500061035156,0
2018-11-06,JU13.MI,87.48500061035156,87.48500061035156,87.48500061035156,87.48500061035156,0
2018-11-07,JU13.MI,87.48500061035156,87.48500061035156,87.48500061035156,87.48500061035156,0
2018-11-08,JU13.MI,87.48500061035156,87.48500061035156,87.48500061035156,87.48500061035156,0
2018-11-09,JU13.MI,87.6449966430664,87.66000366210938,87.6449966430664,87.66000366210938,60
2018-11-12,JU13.MI,88.33999633789062,88.42500305175781,88.33999633789062,88.42500305175781,2
2018-11-13,JU13.MI,88.42500305175781,88.42500305175781,88.42500305175781,88.42500305175781,0
2018-11-14,JU13.MI,88.42500305175781,88.42500305175781,88.42500305175781,88.42500305175781,0
2018-11-15,JU13.MI,88.42500305175781,88.42500305175781,88.42500305175781,88.42500305175781,0
2018-11-16,JU13.MI,87.43000030517578,87.43000030517578,87.41999816894531,87.41999816894531,7
2018-11-19,JU13.MI,87.41999816894531,87.41999816894531,87.41999816894531,87.41999816894531,0
2018-11-20,JU13.MI,87.41999816894531,87.41999816894531,87.41999816894531,87.41999816894531,0
2018-11-21,JU13.MI,87.41999816894531,87.41999816894531,87.41999816894531,87.41999816894531,0
2018-11-22,JU13.MI,87.45500183105469,87.4749984741211,87.45500183105469,87.4749984741211,1103
2018-11-23,JU13.MI,87.4749984741211,87.4749984741211,87.4749984741211,87.4749984741211,0
2018-11-26,JU13.MI,87.4749984741211,87.4749984741211,87.4749984741211,87.4749984741211,0
2018-11-27,JU13.MI,87.4749984741211,87.4749984741211,87.4749984741211,87.4749984741211,0
2018-11-28,JU13.MI,87.4749984741211,87.4749984741211,87.4749984741211,87.4749984741211,0
2018-11-29,JU13.MI,87.4749984741211,87.4749984741211,87.4749984741211,87.4749984741211,0
2018-11-30,JU13.MI,87.4749984741211,87.4749984741211,87.4749984741211,87.4749984741211,0
2018-12-03,JU13.MI,87.96499633789062,87.96499633789062,87.93000030517578,87.93000030517578,5
2018-12-04,JU13.MI,87.93000030517578,87.93000030517578,87.93000030517578,87.93000030517578,0
2018-12-05,JU13.MI,87.93000030517578,87.93000030517578,87.93000030517578,87.93000030517578,0
2018-12-06,JU13.MI,87.93000030517578,87.93000030517578,87.93000030517578,87.93000030517578,0
2018-12-07,JU13.MI,87.93000030517578,87.93000030517578,87.93000030517578,87.93000030517578,0
2018-12-10,JU13.MI,87.93000030517578,87.93000030517578,87.93000030517578,87.93000030517578,0
2018-12-11,JU13.MI,87.93000030517578,87.93000030517578,87.93000030517578,87.93000030517578,0
2018-12-12,JU13.MI,88.08999633789062,88.20999908447266,87.98999786376953,87.98999786376953,5897
2018-12-13,JU13.MI,87.98999786376953,87.98999786376953,87.98999786376953,87.98999786376953,0
2018-12-14,JU13.MI,88.0999984741211,88.56999969482422,88.0999984741211,88.56999969482422,1251
2018-12-17,JU13.MI,88.56999969482422,88.56999969482422,88.56999969482422,88.56999969482422,0
2018-12-18,JU13.MI,88.56999969482422,88.56999969482422,88.56999969482422,88.56999969482422,0
2018-12-19,JU13.MI,88.56999969482422,88.56999969482422,88.56999969482422,88.56999969482422,0
2018-12-20,JU13.MI,88.56999969482422,88.56999969482422,88.56999969482422,88.56999969482422,0
2018-12-21,JU13.MI,88.56999969482422,88.56999969482422,88.56999969482422,88.56999969482422,0
2018-12-27,JU13.MI,88.56999969482422,88.56999969482422,88.56999969482422,88.56999969482422,0
2018-12-28,JU13.MI,87.68499755859375,87.78500366210938,87.68499755859375,87.78500366210938,60
2019-01-02,JU13.MI,87.78500366210938,87.78500366210938,87.78500366210938,87.78500366210938,0
2019-01-03,JU13.MI,87.78500366210938,87.78500366210938,87.78500366210938,87.78500366210938,0
2019-01-04,JU13.MI,87.78500366210938,87.78500366210938,87.78500366210938,87.78500366210938,0
2019-01-07,JU13.MI,87.78500366210938,87.78500366210938,87.78500366210938,87.78500366210938,0
2019-01-08,JU13.MI,87.78500366210938,87.78500366210938,87.78500366210938,87.78500366210938,0
2019-01-09,JU13.MI,87.78500366210938,87.78500366210938,87.78500366210938,87.78500366210938,0
2019-01-10,JU13.MI,87.78500366210938,87.78500366210938,87.78500366210938,87.78500366210938,0
2019-01-11,JU13.MI,87.78500366210938,87.78500366210938,87.78500366210938,87.78500366210938,0
2019-01-14,JU13.MI,87.78500366210938,87.78500366210938,87.78500366210938,87.78500366210938,0
2019-01-15,JU13.MI,87.78500366210938,87.78500366210938,87.78500366210938,87.78500366210938,0
2019-01-16,JU13.MI,88.30000305175781,88.30000305175781,88.24500274658203,88.24500274658203,56
2019-01-17,JU13.MI,88.24500274658203,88.24500274658203,88.24500274658203,88.24500274658203,0
2019-01-18,JU13.MI,88.24500274658203,88.24500274658203,88.24500274658203,88.24500274658203,0
2019-01-21,JU13.MI,88.24500274658203,88.24500274658203,88.24500274658203,88.24500274658203,0
2019-01-22,JU13.MI,88.24500274658203,88.24500274658203,88.24500274658203,88.24500274658203,0
2019-01-23,JU13.MI,88.24500274658203,88.24500274658203,88.24500274658203,88.24500274658203,0
2019-01-24,JU13.MI,88.24500274658203,88.24500274658203,88.24500274658203,88.24500274658203,0
2019-01-25,JU13.MI,88.24500274658203,88.24500274658203,88.24500274658203,88.24500274658203,0
2019-01-28,JU13.MI,88.24500274658203,88.24500274658203,88.24500274658203,88.24500274658203,0
2019-01-29,JU13.MI,88.24500274658203,88.24500274658203,88.24500274658203,88.24500274658203,0
2019-01-30,JU13.MI,88.24500274658203,88.24500274658203,88.24500274658203,88.24500274658203,0
2019-01-31,JU13.MI,88.24500274658203,88.24500274658203,88.24500274658203,88.24500274658203,0
2019-02-01,JU13.MI,87.96499633789062,87.9800033569336,87.79000091552734,87.79000091552734,29579
2019-02-04,JU13.MI,87.79000091552734,87.79000091552734,87.79000091552734,87.79000091552734,0
2019-02-05,JU13.MI,87.79000091552734,87.79000091552734,87.79000091552734,87.79000091552734,0
2019-02-06,JU13.MI,88.55000305175781,88.6449966430664,88.55000305175781,88.6449966430664,20
2019-02-07,JU13.MI,88.6449966430664,88.6449966430664,88.6449966430664,88.6449966430664,0
2019-02-08,JU13.MI,88.6449966430664,88.6449966430664,88.6449966430664,88.6449966430664,0
2019-02-11,JU13.MI,88.6449966430664,88.6449966430664,88.6449966430664,88.6449966430664,0
2019-02-12,JU13.MI,88.6449966430664,88.6449966430664,88.6449966430664,88.6449966430664,0
2019-02-13,JU13.MI,88.6449966430664,88.6449966430664,88.6449966430664,88.6449966430664,0
2019-02-14,JU13.MI,88.6449966430664,88.6449966430664,88.6449966430664,88.6449966430664,0
2019-02-15,JU13.MI,88.6449966430664,88.6449966430664,88.6449966430664,88.6449966430664,0
2019-02-18,JU13.MI,88.6449966430664,88.6449966430664,88.6449966430664,88.6449966430664,0
2019-02-19,JU13.MI,88.6449966430664,88.6449966430664,88.6449966430664,88.6449966430664,0
2019-02-20,JU13.MI,88.6449966430664,88.6449966430664,88.6449966430664,88.6449966430664,0
2019-02-21,JU13.MI,88.6449966430664,88.6449966430664,88.6449966430664,88.6449966430664,0
2019-02-22,JU13.MI,88.6449966430664,88.6449966430664,88.6449966430664,88.6449966430664,0
2019-02-25,JU13.MI,88.6449966430664,88.6449966430664,88.6449966430664,88.6449966430664,0
2019-02-26,JU13.MI,88.6449966430664,88.6449966430664,88.6449966430664,88.6449966430664,0
2019-02-27,JU13.MI,88.6449966430664,88.6449966430664,88.6449966430664,88.6449966430664,0
2019-02-28,JU13.MI,88.6449966430664,88.6449966430664,88.6449966430664,88.6449966430664,0
2019-03-01,JU13.MI,88.6449966430664,88.6449966430664,88.6449966430664,88.6449966430664,0
2019-03-04,JU13.MI,88.6449966430664,88.6449966430664,88.6449966430664,88.6449966430664,0
2019-03-05,JU13.MI,88.6449966430664,88.6449966430664,88.6449966430664,88.6449966430664,0
2019-03-06,JU13.MI,88.6449966430664,88.6449966430664,88.6449966430664,88.6449966430664,0
2019-03-07,JU13.MI,88.6449966430664,88.6449966430664,88.6449966430664,88.6449966430664,0
2019-03-08,JU13.MI,88.6449966430664,88.6449966430664,88.6449966430664,88.6449966430664,0
2019-03-11,JU13.MI,88.6449966430664,88.6449966430664,88.6449966430664,88.6449966430664,0
2019-03-12,JU13.MI,89.66000366210938,89.66500091552734,89.66000366210938,89.66500091552734,100
2019-03-13,JU13.MI,89.66500091552734,89.66500091552734,89.66500091552734,89.66500091552734,0
2019-03-14,JU13.MI,89.66500091552734,89.66500091552734,89.66500091552734,89.66500091552734,0
2019-03-15,JU13.MI,89.66500091552734,89.66500091552734,89.66500091552734,89.66500091552734,0
2019-03-18,JU13.MI,89.66500091552734,89.66500091552734,89.66500091552734,89.66500091552734,0
2019-03-19,JU13.MI,89.66500091552734,89.66500091552734,89.66500091552734,89.66500091552734,0
2019-03-20,JU13.MI,89.66500091552734,89.66500091552734,89.66500091552734,89.66500091552734,0
2019-03-21,JU13.MI,88.88500213623047,89.38500213623047,88.88500213623047,89.38500213623047,550
2019-03-22,JU13.MI,89.08499908447266,89.93499755859375,89.08499908447266,89.93499755859375,4662
2019-03-25,JU13.MI,89.93499755859375,89.93499755859375,89.93499755859375,89.93499755859375,0
2019-03-26,JU13.MI,89.93499755859375,89.93499755859375,89.93499755859375,89.93499755859375,0
2019-03-27,JU13.MI,89.93499755859375,89.93499755859375,89.93499755859375,89.93499755859375,0
2019-03-28,JU13.MI,89.93499755859375,89.93499755859375,89.93499755859375,89.93499755859375,0
2019-03-29,JU13.MI,89.93499755859375,89.93499755859375,89.93499755859375,89.93499755859375,0
2019-04-01,JU13.MI,89.93499755859375,89.93499755859375,89.93499755859375,89.93499755859375,0
2019-04-02,JU13.MI,90.74500274658203,90.83999633789062,90.74500274658203,90.83999633789062,112
2019-04-03,JU13.MI,90.5199966430664,90.5199966430664,90.41500091552734,90.41500091552734,1821
2019-04-04,JU13.MI,90.41500091552734,90.41500091552734,90.41500091552734,90.41500091552734,0
2019-04-05,JU13.MI,90.41500091552734,90.41500091552734,90.41500091552734,90.41500091552734,0
2019-04-08,JU13.MI,90.41500091552734,90.41500091552734,90.41500091552734,90.41500091552734,0
2019-04-09,JU13.MI,90.41500091552734,90.41500091552734,90.41500091552734,90.41500091552734,0
2019-04-10,JU13.MI,90.28500366210938,90.28500366210938,90.2699966430664,90.2699966430664,81
2019-04-11,JU13.MI,90.15499877929688,90.15499877929688,90.11000061035156,90.11000061035156,95
2019-04-12,JU13.MI,90.11000061035156,90.11000061035156,90.11000061035156,90.11000061035156,0
2019-04-15,JU13.MI,90.11000061035156,90.11000061035156,90.11000061035156,90.11000061035156,0
2019-04-16,JU13.MI,90.11000061035156,90.11000061035156,90.11000061035156,90.11000061035156,0
2019-04-17,JU13.MI,89.9000015258789,89.9000015258789,89.82499694824219,89.82499694824219,112
2019-04-18,JU13.MI,89.82499694824219,89.82499694824219,89.82499694824219,89.82499694824219,0
2019-04-23,JU13.MI,90.7249984741211,90.7249984741211,90.70500183105469,90.70500183105469,92
2019-04-24,JU13.MI,90.70500183105469,90.70500183105469,90.70500183105469,90.70500183105469,0
2019-04-25,JU13.MI,90.70500183105469,90.70500183105469,90.70500183105469,90.70500183105469,0
2019-04-26,JU13.MI,91.36499786376953,91.375,91.17500305175781,91.17500305175781,1485
2019-04-29,JU13.MI,91.16500091552734,91.25499725341797,91.13999938964844,91.13999938964844,1270
2019-04-30,JU13.MI,91.13999938964844,91.13999938964844,91.13999938964844,91.13999938964844,0
2019-05-02,JU13.MI,91.13999938964844,91.13999938964844,91.13999938964844,91.13999938964844,0
2019-05-03,JU13.MI,91.13999938964844,91.13999938964844,91.13999938964844,91.13999938964844,0
2019-05-06,JU13.MI,91.0,91.0,90.96499633789062,90.96499633789062,1696
2019-05-07,JU13.MI,91.04499816894531,91.0999984741211,91.04499816894531,91.0999984741211,4
2019-05-08,JU13.MI,91.05999755859375,91.05999755859375,90.94499969482422,90.94499969482422,10
2019-05-09,JU13.MI,90.94499969482422,90.94499969482422,90.94499969482422,90.94499969482422,0
2019-05-10,JU13.MI,90.7300033569336,90.73500061035156,90.7300033569336,90.73500061035156,183
2019-05-13,JU13.MI,90.84500122070312,90.93499755859375,90.84500122070312,90.93499755859375,1
2019-05-14,JU13.MI,90.93499755859375,90.93499755859375,90.93499755859375,90.93499755859375,0
2019-05-15,JU13.MI,90.93499755859375,90.93499755859375,90.93499755859375,90.93499755859375,0
2019-05-16,JU13.MI,90.93499755859375,90.93499755859375,90.93499755859375,90.93499755859375,0
2019-05-17,JU13.MI,90.93499755859375,90.93499755859375,90.93499755859375,90.93499755859375,0
2019-05-20,JU13.MI,90.93499755859375,90.93499755859375,90.93499755859375,90.93499755859375,0
2019-05-21,JU13.MI,90.93499755859375,90.93499755859375,90.93499755859375,90.93499755859375,0
2019-05-22,JU13.MI,91.44000244140625,91.4800033569336,91.43499755859375,91.4800033569336,158
2019-05-23,JU13.MI,91.4800033569336,91.4800033569336,91.4800033569336,91.4800033569336,0
2019-05-24,JU13.MI,91.4800033569336,91.4800033569336,91.4800033569336,91.4800033569336,0
2019-05-27,JU13.MI,91.4800033569336,91.4800033569336,91.4800033569336,91.4800033569336,0
2019-05-28,JU13.MI,91.4800033569336,91.4800033569336,91.4800033569336,91.4800033569336,0
2019-05-29,JU13.MI,91.4800033569336,91.4800033569336,91.4800033569336,91.4800033569336,0
2019-05-30,JU13.MI,91.91500091552734,91.91500091552734,91.91500091552734,91.91500091552734,88
2019-05-31,JU13.MI,91.91500091552734,91.91500091552734,91.91500091552734,91.91500091552734,0
2019-06-03,JU13.MI,91.94999694824219,91.94999694824219,91.69499969482422,91.69499969482422,700
2019-06-04,JU13.MI,91.69499969482422,91.69499969482422,91.69499969482422,91.69499969482422,0
2019-06-05,JU13.MI,91.33000183105469,91.41000366210938,91.32499694824219,91.41000366210938,1690
2019-06-06,JU13.MI,91.41000366210938,91.41000366210938,91.41000366210938,91.41000366210938,0
2019-06-07,JU13.MI,91.41000366210938,91.41000366210938,91.41000366210938,91.41000366210938,0
2019-06-10,JU13.MI,91.41000366210938,91.41000366210938,91.41000366210938,91.41000366210938,0
2019-06-11,JU13.MI,91.41000366210938,91.41000366210938,91.41000366210938,91.41000366210938,0
2019-06-12,JU13.MI,90.8550033569336,90.86000061035156,90.81999969482422,90.81999969482422,396
2019-06-13,JU13.MI,90.81999969482422,90.81999969482422,90.81999969482422,90.81999969482422,0
2019-06-14,JU13.MI,90.81999969482422,90.81999969482422,90.81999969482422,90.81999969482422,0
2019-06-17,JU13.MI,91.72000122070312,91.75,91.56999969482422,91.56999969482422,3550
2019-06-18,JU13.MI,91.56999969482422,91.56999969482422,91.56999969482422,91.56999969482422,0
2019-06-19,JU13.MI,91.69499969482422,91.69499969482422,91.65499877929688,91.65499877929688,16
2019-06-20,JU13.MI,91.65499877929688,91.65499877929688,91.65499877929688,91.65499877929688,0
2019-06-21,JU13.MI,91.65499877929688,91.65499877929688,91.65499877929688,91.65499877929688,0
2019-06-24,JU13.MI,90.47000122070312,90.51000213623047,90.47000122070312,90.51000213623047,855
2019-06-25,JU13.MI,90.5250015258789,90.66500091552734,90.5250015258789,90.66500091552734,1
2019-06-26,JU13.MI,90.66500091552734,90.66500091552734,90.66500091552734,90.66500091552734,0
2019-06-27,JU13.MI,90.66500091552734,90.67500305175781,90.66500091552734,90.67500305175781,230
2019-06-28,JU13.MI,90.67500305175781,90.67500305175781,90.67500305175781,90.67500305175781,0
2019-07-01,JU13.MI,90.98500061035156,91.09500122070312,90.98500061035156,91.09500122070312,10
2019-07-02,JU13.MI,91.2300033569336,91.25499725341797,91.2300033569336,91.25499725341797,40
2019-07-03,JU13.MI,91.25499725341797,91.25499725341797,91.25499725341797,91.25499725341797,0
2019-07-04,JU13.MI,91.25499725341797,91.25499725341797,91.25499725341797,91.25499725341797,0
2019-07-05,JU13.MI,91.25499725341797,91.25499725341797,91.25499725341797,91.25499725341797,0
2019-07-08,JU13.MI,91.25499725341797,91.25499725341797,91.25499725341797,91.25499725341797,0
2019-07-09,JU13.MI,91.88500213623047,91.88500213623047,91.81500244140625,91.81500244140625,390
2019-07-10,JU13.MI,91.81500244140625,91.81500244140625,91.81500244140625,91.81500244140625,0
2019-07-11,JU13.MI,91.81500244140625,91.81500244140625,91.81500244140625,91.81500244140625,0
2019-07-12,JU13.MI,91.81500244140625,91.81500244140625,91.81500244140625,91.81500244140625,0
2019-07-15,JU13.MI,91.81500244140625,91.81500244140625,91.81500244140625,91.81500244140625,0
2019-07-16,JU13.MI,91.81500244140625,91.81500244140625,91.81500244140625,91.81500244140625,0
2019-07-17,JU13.MI,91.83499908447266,91.83499908447266,91.77999877929688,91.77999877929688,233
2019-07-18,JU13.MI,91.77999877929688,91.77999877929688,91.77999877929688,91.77999877929688,0
2019-07-19,JU13.MI,91.77999877929688,91.77999877929688,91.77999877929688,91.77999877929688,0
2019-07-22,JU13.MI,91.77999877929688,91.77999877929688,91.77999877929688,91.77999877929688,0
2019-07-23,JU13.MI,92.3499984741211,92.41999816894531,92.3499984741211,92.41999816894531,210
2019-07-24,JU13.MI,92.52999877929688,92.55500030517578,92.52999877929688,92.55500030517578,50
2019-07-25,JU13.MI,92.55500030517578,92.55500030517578,92.55500030517578,92.55500030517578,0
2019-07-26,JU13.MI,92.55500030517578,92.55500030517578,92.55500030517578,92.55500030517578,0
2019-07-29,JU13.MI,92.54499816894531,92.59500122070312,92.54499816894531,92.59500122070312,255
2019-07-30,JU13.MI,92.59500122070312,92.59500122070312,92.59500122070312,92.59500122070312,0
2019-07-31,JU13.MI,92.59500122070312,92.59500122070312,92.59500122070312,92.59500122070312,0
2019-08-01,JU13.MI,92.59500122070312,92.59500122070312,92.59500122070312,92.59500122070312,0
2019-08-02,JU13.MI,92.59500122070312,92.59500122070312,92.59500122070312,92.59500122070312,0
2019-08-05,JU13.MI,92.66000366210938,92.66000366210938,92.62999725341797,92.62999725341797,250
2019-08-06,JU13.MI,92.62999725341797,92.62999725341797,92.62999725341797,92.62999725341797,0
2019-08-07,JU13.MI,92.4000015258789,92.4000015258789,92.36499786376953,92.36499786376953,123
2019-08-08,JU13.MI,92.41500091552734,92.41500091552734,92.33000183105469,92.375,2440
2019-08-09,JU13.MI,92.375,92.375,92.375,92.375,0
2019-08-12,JU13.MI,92.53500366210938,92.53500366210938,92.38500213623047,92.38500213623047,4000
2019-08-13,JU13.MI,92.38500213623047,92.38500213623047,92.38500213623047,92.38500213623047,0
2019-08-14,JU13.MI,92.38500213623047,92.38500213623047,92.38500213623047,92.38500213623047,0
2019-08-16,JU13.MI,92.38500213623047,92.38500213623047,92.38500213623047,92.38500213623047,0
2019-08-19,JU13.MI,92.38500213623047,92.38500213623047,92.38500213623047,92.38500213623047,0
2019-08-20,JU13.MI,92.38500213623047,92.38500213623047,92.38500213623047,92.38500213623047,0
2019-08-21,JU13.MI,92.38500213623047,92.38500213623047,92.38500213623047,92.38500213623047,0
2019-08-22,JU13.MI,92.38500213623047,92.38500213623047,92.38500213623047,92.38500213623047,0
2019-08-23,JU13.MI,93.69499969482422,93.69499969482422,93.24500274658203,93.24500274658203,147
2019-08-26,JU13.MI,93.58000183105469,93.58000183105469,93.48999786376953,93.48999786376953,230
2019-08-27,JU13.MI,93.51499938964844,93.65499877929688,93.51499938964844,93.65499877929688,5
2019-08-28,JU13.MI,93.65499877929688,93.65499877929688,93.65499877929688,93.65499877929688,0
2019-08-29,JU13.MI,93.8499984741211,93.90499877929688,93.8499984741211,93.90499877929688,174
2019-08-30,JU13.MI,93.90499877929688,93.90499877929688,93.90499877929688,93.90499877929688,0
2019-09-02,JU13.MI,94.77999877929688,94.77999877929688,94.70500183105469,94.70500183105469,1227
2019-09-03,JU13.MI,94.70500183105469,94.70500183105469,94.70500183105469,94.70500183105469,0
2019-09-04,JU13.MI,94.70500183105469,94.70500183105469,94.70500183105469,94.70500183105469,0
2019-09-05,JU13.MI,94.70500183105469,94.70500183105469,94.70500183105469,94.70500183105469,0
2019-09-06,JU13.MI,94.0250015258789,94.07499694824219,94.00499725341797,94.00499725341797,377
2019-09-09,JU13.MI,94.00499725341797,94.00499725341797,94.00499725341797,94.00499725341797,0
2019-09-10,JU13.MI,93.95500183105469,93.95500183105469,93.8499984741211,93.8499984741211,358
2019-09-11,JU13.MI,93.8499984741211,93.8499984741211,93.8499984741211,93.8499984741211,0
2019-09-12,JU13.MI,93.8499984741211,93.8499984741211,93.8499984741211,93.8499984741211,0
2019-09-13,JU13.MI,93.8499984741211,93.8499984741211,93.8499984741211,93.8499984741211,0
2019-09-16,JU13.MI,93.86499786376953,94.0250015258789,93.80500030517578,94.0250015258789,3350
2019-09-17,JU13.MI,94.0250015258789,94.0250015258789,94.0250015258789,94.0250015258789,0
2019-09-18,JU13.MI,94.0250015258789,94.0250015258789,94.0250015258789,94.0250015258789,0
2019-09-19,JU13.MI,94.0250015258789,94.0250015258789,94.0250015258789,94.0250015258789,0
2019-09-20,JU13.MI,94.0250015258789,94.0250015258789,94.0250015258789,94.0250015258789,0
2019-09-23,JU13.MI,94.0250015258789,94.0250015258789,94.0250015258789,94.0250015258789,0
2019-09-24,JU13.MI,94.22000122070312,94.25499725341797,94.22000122070312,94.25499725341797,43
2019-09-25,JU13.MI,94.37000274658203,94.66000366210938,94.37000274658203,94.66000366210938,242
2019-09-26,JU13.MI,94.6449966430664,94.81500244140625,94.6449966430664,94.81500244140625,37
2019-09-27,JU13.MI,94.91000366210938,94.91000366210938,94.62999725341797,94.62999725341797,1623
2019-09-30,JU13.MI,94.62999725341797,94.62999725341797,94.62999725341797,94.62999725341797,0
2019-10-01,JU13.MI,94.62999725341797,94.62999725341797,94.62999725341797,94.62999725341797,0
2019-10-02,JU13.MI,94.96499633789062,94.96499633789062,94.92500305175781,94.92500305175781,72
2019-10-03,JU13.MI,94.92500305175781,94.92500305175781,94.92500305175781,94.92500305175781,0
2019-10-04,JU13.MI,94.86000061035156,94.875,94.7300033569336,94.83499908447266,3706
2019-10-07,JU13.MI,94.83499908447266,94.83499908447266,94.83499908447266,94.83499908447266,0
2019-10-08,JU13.MI,94.83499908447266,94.83499908447266,94.83499908447266,94.83499908447266,0
2019-10-09,JU13.MI,94.83499908447266,94.83499908447266,94.83499908447266,94.83499908447266,0
2019-10-10,JU13.MI,94.83499908447266,94.83499908447266,94.83499908447266,94.83499908447266,0
2019-10-11,JU13.MI,94.83499908447266,94.83499908447266,94.83499908447266,94.83499908447266,0
2019-10-14,JU13.MI,94.83499908447266,94.83499908447266,94.83499908447266,94.83499908447266,0
2019-10-15,JU13.MI,94.18000030517578,94.47000122070312,93.9000015258789,94.03500366210938,2481
2019-10-16,JU13.MI,94.03500366210938,94.03500366210938,94.03500366210938,94.03500366210938,0
2019-10-17,JU13.MI,94.03500366210938,94.03500366210938,94.03500366210938,94.03500366210938,0
2019-10-18,JU13.MI,94.03500366210938,94.03500366210938,94.03500366210938,94.03500366210938,0
2019-10-21,JU13.MI,94.03500366210938,94.03500366210938,94.03500366210938,94.03500366210938,0
2019-10-22,JU13.MI,94.03500366210938,94.03500366210938,94.03500366210938,94.03500366210938,0
2019-10-23,JU13.MI,94.03500366210938,94.03500366210938,94.03500366210938,94.03500366210938,0
2019-10-24,JU13.MI,94.03500366210938,94.03500366210938,94.03500366210938,94.03500366210938,0
2019-10-25,JU13.MI,94.03500366210938,94.03500366210938,94.03500366210938,94.03500366210938,0
2019-10-28,JU13.MI,93.57499694824219,93.57499694824219,93.54000091552734,93.54000091552734,460
2019-10-29,JU13.MI,93.54000091552734,93.54000091552734,93.54000091552734,93.54000091552734,0
2019-10-30,JU13.MI,93.41500091552734,93.41500091552734,93.36000061035156,93.36000061035156,177
2019-10-31,JU13.MI,93.36000061035156,93.36000061035156,93.36000061035156,93.36000061035156,0
2019-11-01,JU13.MI,93.36000061035156,93.36000061035156,93.36000061035156,93.36000061035156,0
2019-11-04,JU13.MI,93.18000030517578,93.27999877929688,93.18000030517578,93.27999877929688,1182
2019-11-05,JU13.MI,93.27999877929688,93.27999877929688,93.27999877929688,93.27999877929688,0
2019-11-06,JU13.MI,93.27999877929688,93.27999877929688,93.27999877929688,93.27999877929688,0
2019-11-07,JU13.MI,93.74500274658203,93.98999786376953,93.74500274658203,93.95999908447266,10110
2019-11-08,JU13.MI,94.02999877929688,94.22000122070312,94.02999877929688,94.22000122070312,390
2019-11-11,JU13.MI,94.22000122070312,94.22000122070312,94.22000122070312,94.22000122070312,0
2019-11-12,JU13.MI,94.22000122070312,94.22000122070312,94.22000122070312,94.22000122070312,0
2019-11-13,JU13.MI,94.22000122070312,94.22000122070312,94.22000122070312,94.22000122070312,0
2019-11-14,JU13.MI,94.22000122070312,94.22000122070312,94.22000122070312,94.22000122070312,0
2019-11-15,JU13.MI,94.22000122070312,94.22000122070312,94.22000122070312,94.22000122070312,0
2019-11-18,JU13.MI,94.22000122070312,94.22000122070312,94.22000122070312,94.22000122070312,0
2019-11-19,JU13.MI,94.22000122070312,94.22000122070312,94.22000122070312,94.22000122070312,0
2019-11-20,JU13.MI,94.22000122070312,94.22000122070312,94.22000122070312,94.22000122070312,0
2019-11-21,JU13.MI,93.86499786376953,93.98500061035156,93.86499786376953,93.98500061035156,30715
2019-11-22,JU13.MI,93.98500061035156,93.98500061035156,93.98500061035156,93.98500061035156,0
2019-11-25,JU13.MI,94.37000274658203,94.43499755859375,94.37000274658203,94.43499755859375,116
2019-11-26,JU13.MI,94.43499755859375,94.43499755859375,94.43499755859375,94.43499755859375,0
2019-11-27,JU13.MI,94.48500061035156,94.55999755859375,94.4749984741211,94.55999755859375,346
2019-11-28,JU13.MI,94.43000030517578,94.4749984741211,94.43000030517578,94.4749984741211,1168
2019-11-29,JU13.MI,94.45999908447266,94.45999908447266,94.37999725341797,94.37999725341797,132
2019-12-02,JU13.MI,94.18499755859375,94.18499755859375,93.79000091552734,93.79000091552734,100
2019-12-03,JU13.MI,93.79000091552734,93.79000091552734,93.79000091552734,93.79000091552734,0
2019-12-04,JU13.MI,94.05000305175781,94.05000305175781,93.83499908447266,93.83499908447266,508
2019-12-05,JU13.MI,93.83499908447266,93.83499908447266,93.83499908447266,93.83499908447266,0
2019-12-06,JU13.MI,93.83499908447266,93.83499908447266,93.83499908447266,93.83499908447266,0
2019-12-09,JU13.MI,93.91500091552734,93.91999816894531,93.91500091552734,93.91999816894531,740
2019-12-10,JU13.MI,93.91999816894531,93.91999816894531,93.91999816894531,93.91999816894531,0
2019-12-11,JU13.MI,93.91999816894531,93.91999816894531,93.91999816894531,93.91999816894531,0
2019-12-12,JU13.MI,93.91999816894531,93.91999816894531,93.91999816894531,93.91999816894531,0
2019-12-13,JU13.MI,93.91999816894531,93.91999816894531,93.91999816894531,93.91999816894531,0
2019-12-16,JU13.MI,93.37999725341797,93.37999725341797,93.33000183105469,93.33000183105469,385
2019-12-17,JU13.MI,93.33000183105469,93.33000183105469,93.33000183105469,93.33000183105469,0
2019-12-18,JU13.MI,93.70999908447266,93.70999908447266,93.42500305175781,93.51000213623047,502
2019-12-19,JU13.MI,93.54499816894531,93.61499786376953,93.54000091552734,93.58000183105469,3229
2019-12-20,JU13.MI,93.94499969482422,93.94499969482422,93.90499877929688,93.90499877929688,117
2019-12-23,JU13.MI,93.90499877929688,93.90499877929688,93.90499877929688,93.90499877929688,0
2019-12-27,JU13.MI,93.90499877929688,93.90499877929688,93.90499877929688,93.90499877929688,0
2019-12-30,JU13.MI,93.90499877929688,93.90499877929688,93.90499877929688,93.90499877929688,0
2020-01-02,JU13.MI,93.3550033569336,93.3550033569336,93.19499969482422,93.19499969482422,79
2020-01-03,JU13.MI,93.19499969482422,93.19499969482422,93.19499969482422,93.19499969482422,0
2020-01-06,JU13.MI,93.19499969482422,93.19499969482422,93.19499969482422,93.19499969482422,0
2020-01-07,JU13.MI,93.33000183105469,93.65499877929688,93.33000183105469,93.65499877929688,280
2020-01-08,JU13.MI,93.65499877929688,93.65499877929688,93.65499877929688,93.65499877929688,0
2020-01-09,JU13.MI,93.91999816894531,93.91999816894531,93.90499877929688,93.90499877929688,98
2020-01-10,JU13.MI,93.97000122070312,93.97000122070312,93.81500244140625,93.81500244140625,850
2020-01-13,JU13.MI,93.81500244140625,93.81500244140625,93.81500244140625,93.81500244140625,0
2020-01-14,JU13.MI,93.81500244140625,93.81500244140625,93.81500244140625,93.81500244140625,0
2020-01-15,JU13.MI,93.81500244140625,93.81500244140625,93.81500244140625,93.81500244140625,0
2020-01-16,JU13.MI,93.81500244140625,93.81500244140625,93.81500244140625,93.81500244140625,0
2020-01-17,JU13.MI,93.81500244140625,93.81500244140625,93.81500244140625,93.81500244140625,0
2020-01-20,JU13.MI,93.81500244140625,93.81500244140625,93.81500244140625,93.81500244140625,0
2020-01-21,JU13.MI,93.94000244140625,94.08499908447266,93.94000244140625,94.08499908447266,2225
2020-01-22,JU13.MI,94.19999694824219,94.19999694824219,94.17500305175781,94.17500305175781,195
2020-01-23,JU13.MI,94.61000061035156,94.66000366210938,94.61000061035156,94.66000366210938,319
2020-01-24,JU13.MI,94.66000366210938,94.66000366210938,94.66000366210938,94.66000366210938,0
2020-01-27,JU13.MI,94.66000366210938,94.66000366210938,94.66000366210938,94.66000366210938,0
2020-01-28,JU13.MI,95.07499694824219,95.13999938964844,95.0,95.0,3730
2020-01-29,JU13.MI,95.0,95.0,95.0,95.0,0
2020-01-30,JU13.MI,95.06999969482422,95.06999969482422,94.88999938964844,94.93000030517578,1582
2020-01-31,JU13.MI,94.93000030517578,94.93000030517578,94.93000030517578,94.93000030517578,0
2020-02-03,JU13.MI,94.93000030517578,94.93000030517578,94.93000030517578,94.93000030517578,0
2020-02-04,JU13.MI,94.93000030517578,94.93000030517578,94.93000030517578,94.93000030517578,0
2020-02-05,JU13.MI,95.08000183105469,95.13999938964844,95.06999969482422,95.06999969482422,237
2020-02-06,JU13.MI,95.12999725341797,95.25499725341797,95.12999725341797,95.25499725341797,1350
2020-02-07,JU13.MI,95.25499725341797,95.25499725341797,95.25499725341797,95.25499725341797,0
2020-02-10,JU13.MI,95.75,95.95999908447266,95.75,95.95999908447266,236
2020-02-11,JU13.MI,95.94999694824219,95.94999694824219,95.86000061035156,95.86000061035156,550
2020-02-12,JU13.MI,95.96499633789062,96.0250015258789,95.96499633789062,96.0250015258789,142
2020-02-13,JU13.MI,96.55500030517578,96.55500030517578,96.44499969482422,96.44499969482422,36
2020-02-14,JU13.MI,96.44499969482422,96.44499969482422,96.44499969482422,96.44499969482422,0
2020-02-17,JU13.MI,96.44499969482422,96.44499969482422,96.44499969482422,96.44499969482422,0
2020-02-18,JU13.MI,96.91000366210938,96.91000366210938,96.83000183105469,96.83000183105469,350
2020-02-19,JU13.MI,96.83000183105469,96.83000183105469,96.83000183105469,96.83000183105469,0
2020-02-20,JU13.MI,96.91000366210938,97.13999938964844,96.91000366210938,97.13999938964844,353
2020-02-21,JU13.MI,97.13999938964844,97.13999938964844,97.13999938964844,97.13999938964844,0
2020-02-24,JU13.MI,97.08000183105469,97.08000183105469,96.74500274658203,96.74500274658203,2150
2020-02-25,JU13.MI,96.9800033569336,96.9800033569336,96.66000366210938,96.66000366210938,950
2020-02-26,JU13.MI,96.66000366210938,96.76499938964844,96.58999633789062,96.58999633789062,1500
2020-02-27,JU13.MI,96.05999755859375,96.06999969482422,95.71499633789062,95.91500091552734,116570
2020-02-28,JU13.MI,95.91500091552734,95.91500091552734,95.91500091552734,95.91500091552734,0
2020-03-02,JU13.MI,95.91500091552734,95.91500091552734,95.91500091552734,95.91500091552734,0
2020-03-03,JU13.MI,94.77999877929688,95.08499908447266,94.7750015258789,95.08499908447266,745
2020-03-04,JU13.MI,95.51000213623047,95.51000213623047,95.45999908447266,95.45999908447266,21
2020-03-05,JU13.MI,95.18499755859375,95.19499969482422,95.08000183105469,95.08000183105469,628
2020-03-06,JU13.MI,95.08000183105469,95.08000183105469,95.08000183105469,95.08000183105469,0
2020-03-09,JU13.MI,93.43499755859375,93.43499755859375,93.29499816894531,93.29499816894531,78
2020-03-10,JU13.MI,93.48999786376953,94.08000183105469,93.48500061035156,94.08000183105469,310
2020-03-11,JU13.MI,94.08000183105469,94.08000183105469,94.08000183105469,94.08000183105469,0
2020-03-12,JU13.MI,94.63999938964844,96.15499877929688,94.63999938964844,96.15499877929688,950
2020-03-13,JU13.MI,96.15499877929688,96.15499877929688,96.15499877929688,96.15499877929688,0
2020-03-16,JU13.MI,95.13999938964844,95.44000244140625,95.13999938964844,95.44000244140625,485
2020-03-17,JU13.MI,96.69000244140625,97.01499938964844,96.69000244140625,97.01499938964844,31380
2020-03-18,JU13.MI,97.01499938964844,97.01499938964844,97.01499938964844,97.01499938964844,0
2020-03-19,JU13.MI,97.01499938964844,97.01499938964844,97.01499938964844,97.01499938964844,0
2020-03-20,JU13.MI,97.01499938964844,97.01499938964844,97.01499938964844,97.01499938964844,0
2020-03-23,JU13.MI,99.94999694824219,99.94999694824219,99.71499633789062,99.71499633789062,18075
2020-03-24,JU13.MI,99.71499633789062,99.71499633789062,99.71499633789062,99.71499633789062,0
2020-03-25,JU13.MI,99.02999877929688,99.02999877929688,98.68499755859375,98.68499755859375,1
2020-03-26,JU13.MI,98.68499755859375,98.68499755859375,98.68499755859375,98.68499755859375,0
2020-03-27,JU13.MI,98.68499755859375,98.68499755859375,98.68499755859375,98.68499755859375,0
2020-03-30,JU13.MI,98.68499755859375,98.68499755859375,98.68499755859375,98.68499755859375,0
2020-03-31,JU13.MI,98.41500091552734,98.41500091552734,97.54499816894531,97.54499816894531,400
2020-04-01,JU13.MI,97.54499816894531,97.54499816894531,97.54499816894531,97.54499816894531,0
2020-04-02,JU13.MI,97.54499816894531,97.54499816894531,97.54499816894531,97.54499816894531,0
2020-04-03,JU13.MI,97.54499816894531,97.54499816894531,97.54499816894531,97.54499816894531,0
2020-04-06,JU13.MI,97.54499816894531,97.54499816894531,97.54499816894531,97.54499816894531,0
2020-04-07,JU13.MI,98.44499969482422,98.4800033569336,98.31999969482422,98.3499984741211,1951
2020-04-08,JU13.MI,98.6050033569336,98.6050033569336,98.5199966430664,98.5199966430664,131
2020-04-09,JU13.MI,98.5199966430664,98.5199966430664,98.5199966430664,98.5199966430664,0
2020-04-14,JU13.MI,98.5199966430664,98.5199966430664,98.5199966430664,98.5199966430664,0
2020-04-15,JU13.MI,98.5199966430664,98.5199966430664,98.5199966430664,98.5199966430664,0
2020-04-16,JU13.MI,98.87000274658203,99.05000305175781,98.87000274658203,99.05000305175781,405
2020-04-17,JU13.MI,99.05000305175781,99.05000305175781,99.05000305175781,99.05000305175781,0
2020-04-20,JU13.MI,99.05000305175781,99.05000305175781,99.05000305175781,99.05000305175781,0
2020-04-21,JU13.MI,99.05000305175781,99.05000305175781,99.05000305175781,99.05000305175781,0
2020-04-22,JU13.MI,99.05000305175781,99.05000305175781,99.05000305175781,99.05000305175781,0
2020-04-23,JU13.MI,99.05000305175781,99.05000305175781,99.05000305175781,99.05000305175781,0
2020-04-24,JU13.MI,99.05000305175781,99.05000305175781,99.05000305175781,99.05000305175781,0
2020-04-27,JU13.MI,99.05000305175781,99.05000305175781,99.05000305175781,99.05000305175781,0
2020-04-28,JU13.MI,99.05000305175781,99.05000305175781,99.05000305175781,99.05000305175781,0
2020-04-29,JU13.MI,98.875,98.875,98.83499908447266,98.83499908447266,1111
2020-04-30,JU13.MI,98.83499908447266,98.83499908447266,98.83499908447266,98.83499908447266,0
2020-05-04,JU13.MI,98.83499908447266,98.83499908447266,98.83499908447266,98.83499908447266,0
2020-05-05,JU13.MI,98.86000061035156,98.9749984741211,98.86000061035156,98.9749984741211,1118
2020-05-06,JU13.MI,99.18000030517578,99.30999755859375,99.07499694824219,99.30999755859375,3451
2020-05-07,JU13.MI,99.30999755859375,99.30999755859375,99.30999755859375,99.30999755859375,0
2020-05-08,JU13.MI,99.30999755859375,99.30999755859375,99.30999755859375,99.30999755859375,0
2020-05-11,JU13.MI,99.30999755859375,99.30999755859375,99.30999755859375,99.30999755859375,0
2020-05-12,JU13.MI,99.30999755859375,99.30999755859375,99.30999755859375,99.30999755859375,0
2020-05-13,JU13.MI,98.83499908447266,99.04499816894531,98.83499908447266,99.04499816894531,89
2020-05-14,JU13.MI,99.04499816894531,99.04499816894531,99.04499816894531,99.04499816894531,0
2020-05-15,JU13.MI,99.04499816894531,99.04499816894531,99.04499816894531,99.04499816894531,0
2020-05-18,JU13.MI,99.04499816894531,99.04499816894531,99.04499816894531,99.04499816894531,0
2020-05-19,JU13.MI,99.04499816894531,99.04499816894531,99.04499816894531,99.04499816894531,0
2020-05-20,JU13.MI,97.5199966430664,97.65499877929688,97.5199966430664,97.65499877929688,266
2020-05-21,JU13.MI,97.65499877929688,97.65499877929688,97.65499877929688,97.65499877929688,0
2020-05-22,JU13.MI,98.45500183105469,98.51000213623047,98.45500183105469,98.51000213623047,981
2020-05-25,JU13.MI,98.51000213623047,98.51000213623047,98.51000213623047,98.51000213623047,0
2020-05-26,JU13.MI,98.51000213623047,98.51000213623047,98.51000213623047,98.51000213623047,0
2020-05-27,JU13.MI,97.5199966430664,97.80999755859375,97.5199966430664,97.80999755859375,8
2020-05-28,JU13.MI,97.62999725341797,97.62999725341797,97.05500030517578,97.05500030517578,142
2020-05-29,JU13.MI,97.05500030517578,97.05500030517578,97.05500030517578,97.05500030517578,0
2020-06-01,JU13.MI,97.05500030517578,97.05500030517578,97.05500030517578,97.05500030517578,0
2020-06-02,JU13.MI,97.05500030517578,97.05500030517578,97.05500030517578,97.05500030517578,0
2020-06-03,JU13.MI,95.54000091552734,95.54000091552734,95.5,95.5,10
2020-06-04,JU13.MI,95.5,95.5,95.5,95.5,0
2020-06-05,JU13.MI,94.94499969482422,94.94499969482422,94.7699966430664,94.7699966430664,185
2020-06-08,JU13.MI,95.125,95.125,94.94000244140625,94.94000244140625,535
2020-06-09,JU13.MI,94.94000244140625,94.94000244140625,94.94000244140625,94.94000244140625,0
2020-06-10,JU13.MI,94.94000244140625,94.94000244140625,94.94000244140625,94.94000244140625,0
2020-06-11,JU13.MI,94.94000244140625,94.94000244140625,94.94000244140625,94.94000244140625,0
2020-06-12,JU13.MI,94.91000366210938,95.43000030517578,94.91000366210938,95.43000030517578,50
2020-06-15,JU13.MI,95.43000030517578,95.43000030517578,95.43000030517578,95.43000030517578,0
2020-06-16,JU13.MI,95.43000030517578,95.43000030517578,95.43000030517578,95.43000030517578,0
2020-06-17,JU13.MI,95.43000030517578,95.43000030517578,95.43000030517578,95.43000030517578,0
2020-06-18,JU13.MI,95.43000030517578,95.43000030517578,95.43000030517578,95.43000030517578,0
2020-06-19,JU13.MI,95.43000030517578,95.43000030517578,95.43000030517578,95.43000030517578,0
2020-06-22,JU13.MI,95.34500122070312,95.34500122070312,95.33000183105469,95.33000183105469,11
2020-06-23,JU13.MI,95.33000183105469,95.33000183105469,95.33000183105469,95.33000183105469,0
2020-06-24,JU13.MI,95.33000183105469,95.33000183105469,95.33000183105469,95.33000183105469,0
2020-06-25,JU13.MI,95.55500030517578,95.66999816894531,95.55500030517578,95.66999816894531,472
2020-06-26,JU13.MI,95.66999816894531,95.66999816894531,95.66999816894531,95.66999816894531,0
2020-06-29,JU13.MI,95.66999816894531,95.66999816894531,95.66999816894531,95.66999816894531,0
2020-06-30,JU13.MI,95.66999816894531,95.66999816894531,95.66999816894531,95.66999816894531,0
2020-07-01,JU13.MI,95.38999938964844,95.4000015258789,95.33000183105469,95.33000183105469,3899
2020-07-02,JU13.MI,95.30000305175781,95.51499938964844,95.30000305175781,95.51499938964844,2654
2020-07-03,JU13.MI,95.51499938964844,95.51499938964844,95.51499938964844,95.51499938964844,0
2020-07-06,JU13.MI,95.51499938964844,95.51499938964844,95.51499938964844,95.51499938964844,0
2020-07-07,JU13.MI,95.36499786376953,95.375,95.06500244140625,95.06500244140625,1654
2020-07-08,JU13.MI,94.67500305175781,94.875,94.66000366210938,94.875,101
2020-07-09,JU13.MI,94.83999633789062,95.02999877929688,94.83999633789062,95.02999877929688,242
2020-07-10,JU13.MI,95.02999877929688,95.02999877929688,95.02999877929688,95.02999877929688,0
2020-07-13,JU13.MI,95.02999877929688,95.02999877929688,95.02999877929688,95.02999877929688,0
2020-07-14,JU13.MI,95.02999877929688,95.02999877929688,95.02999877929688,95.02999877929688,0
2020-07-15,JU13.MI,94.06500244140625,94.06500244140625,93.95500183105469,94.05000305175781,1560
2020-07-16,JU13.MI,94.05000305175781,94.05000305175781,94.05000305175781,94.05000305175781,0
2020-07-17,JU13.MI,94.05000305175781,94.05000305175781,94.05000305175781,94.05000305175781,0
2020-07-20,JU13.MI,94.05000305175781,94.05000305175781,94.05000305175781,94.05000305175781,0
2020-07-21,JU13.MI,94.05000305175781,94.05000305175781,94.05000305175781,94.05000305175781,0
2020-07-22,JU13.MI,92.75,92.75,92.65499877929688,92.65499877929688,111
2020-07-23,JU13.MI,92.65499877929688,92.65499877929688,92.65499877929688,92.65499877929688,0
2020-07-24,JU13.MI,92.65499877929688,92.65499877929688,92.65499877929688,92.65499877929688,0
2020-07-27,JU13.MI,91.31999969482422,91.32499694824219,91.31999969482422,91.32499694824219,1
2020-07-28,JU13.MI,91.32499694824219,91.32499694824219,91.32499694824219,91.32499694824219,0
2020-07-29,JU13.MI,91.25499725341797,91.31999969482422,91.2300033569336,91.26499938964844,266
2020-07-30,JU13.MI,91.125,91.2300033569336,91.125,91.2300033569336,210
2020-07-31,JU13.MI,91.2300033569336,91.2300033569336,91.2300033569336,91.2300033569336,0
2020-08-03,JU13.MI,91.48500061035156,91.51499938964844,91.48500061035156,91.51499938964844,1210
2020-08-04,JU13.MI,91.30999755859375,91.33000183105469,91.30999755859375,91.33000183105469,2600
2020-08-05,JU13.MI,90.4000015258789,90.4000015258789,90.30999755859375,90.30999755859375,70
2020-08-06,JU13.MI,90.88500213623047,90.9000015258789,90.73500061035156,90.73500061035156,489
2020-08-07,JU13.MI,91.44999694824219,91.44999694824219,91.13500213623047,91.13500213623047,37
2020-08-10,JU13.MI,91.13500213623047,91.13500213623047,91.13500213623047,91.13500213623047,0
2020-08-11,JU13.MI,91.23999786376953,91.23999786376953,91.2300033569336,91.2300033569336,321
2020-08-12,JU13.MI,91.27999877929688,91.27999877929688,91.01499938964844,91.01499938964844,220
2020-08-13,JU13.MI,90.66000366210938,90.7699966430664,90.66000366210938,90.7699966430664,637
2020-08-14,JU13.MI,90.7699966430664,90.7699966430664,90.7699966430664,90.7699966430664,0
2020-08-17,JU13.MI,90.375,90.50499725341797,90.375,90.50499725341797,1
2020-08-18,JU13.MI,90.50499725341797,90.50499725341797,90.50499725341797,90.50499725341797,0
2020-08-19,JU13.MI,90.50499725341797,90.50499725341797,90.50499725341797,90.50499725341797,0
2020-08-20,JU13.MI,90.69999694824219,90.69999694824219,90.66000366210938,90.66000366210938,55
2020-08-21,JU13.MI,90.66000366210938,90.66000366210938,90.66000366210938,90.66000366210938,0
2020-08-24,JU13.MI,90.88500213623047,91.03500366210938,90.88500213623047,91.03500366210938,830
2020-08-25,JU13.MI,91.03500366210938,91.03500366210938,91.03500366210938,91.03500366210938,0
2020-08-26,JU13.MI,90.79499816894531,90.86499786376953,90.79499816894531,90.86499786376953,1
2020-08-27,JU13.MI,90.9749984741211,91.0250015258789,90.9749984741211,91.0250015258789,220
2020-08-28,JU13.MI,90.3949966430664,90.3949966430664,90.31500244140625,90.31500244140625,2370
2020-08-31,JU13.MI,90.31500244140625,90.31500244140625,90.31500244140625,90.31500244140625,0
2020-09-01,JU13.MI,90.31500244140625,90.31500244140625,90.31500244140625,90.31500244140625,0
2020-09-02,JU13.MI,90.75499725341797,90.82499694824219,90.75499725341797,90.82499694824219,208
2020-09-03,JU13.MI,90.82499694824219,90.82499694824219,90.82499694824219,90.82499694824219,0
2020-09-04,JU13.MI,90.82499694824219,90.82499694824219,90.82499694824219,90.82499694824219,0
2020-09-07,JU13.MI,90.82499694824219,90.82499694824219,90.82499694824219,90.82499694824219,0
2020-09-08,JU13.MI,91.0,91.1449966430664,91.0,91.08000183105469,11464
2020-09-09,JU13.MI,91.08000183105469,91.08000183105469,91.08000183105469,91.08000183105469,0
2020-09-10,JU13.MI,90.63500213623047,90.63500213623047,90.19000244140625,90.43499755859375,1735
2020-09-11,JU13.MI,90.76499938964844,90.79000091552734,90.69000244140625,90.7750015258789,11517
2020-09-14,JU13.MI,90.375,90.46499633789062,90.375,90.46499633789062,120
2020-09-15,JU13.MI,90.69499969482422,90.69499969482422,90.68000030517578,90.68000030517578,2
2020-09-16,JU13.MI,90.875,90.875,90.72000122070312,90.72000122070312,69
2020-09-17,JU13.MI,90.91999816894531,90.91999816894531,90.8949966430664,90.8949966430664,736
2020-09-18,JU13.MI,90.8949966430664,90.8949966430664,90.8949966430664,90.8949966430664,0
2020-09-21,JU13.MI,91.43499755859375,91.56500244140625,91.43499755859375,91.56500244140625,3694
2020-09-22,JU13.MI,91.56500244140625,91.56500244140625,91.56500244140625,91.56500244140625,0
2020-09-23,JU13.MI,91.75,91.98999786376953,91.75,91.98999786376953,200
2020-09-24,JU13.MI,92.2300033569336,92.24500274658203,92.2300033569336,92.24500274658203,552
2020-09-25,JU13.MI,92.46499633789062,92.4800033569336,92.46499633789062,92.4800033569336,1440
2020-09-28,JU13.MI,92.4800033569336,92.4800033569336,92.4800033569336,92.4800033569336,0
2020-09-29,JU13.MI,92.4800033569336,92.4800033569336,92.4800033569336,92.4800033569336,0
2020-09-30,JU13.MI,91.56999969482422,91.56999969482422,91.5,91.5,5
2020-10-01,JU13.MI,91.58999633789062,91.58999633789062,91.41000366210938,91.4749984741211,2928
2020-10-02,JU13.MI,91.4749984741211,91.4749984741211,91.4749984741211,91.4749984741211,0
2020-10-05,JU13.MI,91.4749984741211,91.4749984741211,91.4749984741211,91.4749984741211,0
2020-10-06,JU13.MI,91.4749984741211,91.4749984741211,91.4749984741211,91.4749984741211,0
2020-10-07,JU13.MI,91.32499694824219,91.32499694824219,91.24500274658203,91.2699966430664,214
2020-10-08,JU13.MI,91.45500183105469,91.45500183105469,91.41999816894531,91.41999816894531,735
2020-10-09,JU13.MI,91.41999816894531,91.41999816894531,91.41999816894531,91.41999816894531,0
2020-10-12,JU13.MI,91.41999816894531,91.41999816894531,91.41999816894531,91.41999816894531,0
2020-10-13,JU13.MI,91.41999816894531,91.41999816894531,91.41999816894531,91.41999816894531,0
2020-10-14,JU13.MI,91.41999816894531,91.41999816894531,91.33000183105469,91.3499984741211,129
2020-10-15,JU13.MI,91.77999877929688,91.83999633789062,91.77999877929688,91.81500244140625,2310
2020-10-16,JU13.MI,91.81500244140625,91.81500244140625,91.81500244140625,91.81500244140625,0
2020-10-19,JU13.MI,91.81500244140625,91.81500244140625,91.81500244140625,91.81500244140625,0
2020-10-20,JU13.MI,91.81500244140625,91.81500244140625,91.81500244140625,91.81500244140625,0
2020-10-21,JU13.MI,90.51499938964844,90.51499938964844,90.41999816894531,90.51000213623047,499
2020-10-22,JU13.MI,90.77999877929688,90.77999877929688,90.75499725341797,90.7699966430664,761
2020-10-23,JU13.MI,90.7699966430664,90.7699966430664,90.7699966430664,90.7699966430664,0
2020-10-26,JU13.MI,90.9000015258789,90.9000015258789,90.875,90.875,2
2020-10-27,JU13.MI,90.875,90.875,90.875,90.875,0
2020-10-28,JU13.MI,91.4749984741211,91.57499694824219,91.375,91.375,422
2020-10-29,JU13.MI,92.08499908447266,92.13999938964844,92.08499908447266,92.13999938964844,305
2020-10-30,JU13.MI,92.13999938964844,92.13999938964844,92.13999938964844,92.13999938964844,0
2020-11-02,JU13.MI,92.18000030517578,92.30999755859375,92.18000030517578,92.30999755859375,200
2020-11-03,JU13.MI,92.30999755859375,92.30999755859375,92.30999755859375,92.30999755859375,0
2020-11-04,JU13.MI,91.69000244140625,91.8550033569336,91.625,91.70500183105469,212
2020-11-05,JU13.MI,91.70500183105469,91.70500183105469,91.70500183105469,91.70500183105469,0
2020-11-06,JU13.MI,90.41500091552734,90.41500091552734,90.36000061035156,90.36000061035156,459
2020-11-09,JU13.MI,90.36000061035156,90.36000061035156,90.36000061035156,90.36000061035156,0
2020-11-10,JU13.MI,90.73500061035156,90.83000183105469,90.73500061035156,90.83000183105469,168
2020-11-11,JU13.MI,91.37999725341797,91.44999694824219,91.2249984741211,91.23999786376953,561
2020-11-12,JU13.MI,90.91500091552734,90.91500091552734,90.8550033569336,90.875,1040
2020-11-13,JU13.MI,90.8499984741211,90.875,90.75499725341797,90.80000305175781,2726
2020-11-16,JU13.MI,90.80000305175781,90.80000305175781,90.80000305175781,90.80000305175781,0
2020-11-17,JU13.MI,90.80000305175781,90.80000305175781,90.80000305175781,90.80000305175781,0
2020-11-18,JU13.MI,90.44000244140625,90.53500366210938,90.44000244140625,90.48999786376953,811
2020-11-19,JU13.MI,90.48999786376953,90.48999786376953,90.48999786376953,90.48999786376953,0
2020-11-20,JU13.MI,90.48999786376953,90.48999786376953,90.48999786376953,90.48999786376953,0
2020-11-23,JU13.MI,90.375,90.86499786376953,90.375,90.86499786376953,247
2020-11-24,JU13.MI,90.86499786376953,90.86499786376953,90.86499786376953,90.86499786376953,0
2020-11-25,JU13.MI,90.2699966430664,90.2750015258789,90.16999816894531,90.19499969482422,432
2020-11-26,JU13.MI,90.19499969482422,90.22000122070312,90.12000274658203,90.22000122070312,148
2020-11-27,JU13.MI,90.22000122070312,90.22000122070312,90.22000122070312,90.22000122070312,0
2020-11-30,JU13.MI,89.66000366210938,89.91999816894531,89.66000366210938,89.91999816894531,55
2020-12-01,JU13.MI,89.3949966430664,89.3949966430664,89.16500091552734,89.16500091552734,66
2020-12-02,JU13.MI,88.91500091552734,88.91500091552734,88.75499725341797,88.8499984741211,941
2020-12-03,JU13.MI,88.24500274658203,88.41000366210938,88.24500274658203,88.41000366210938,295
2020-12-04,JU13.MI,88.41000366210938,88.41000366210938,88.41000366210938,88.41000366210938,0
2020-12-07,JU13.MI,88.41000366210938,88.41000366210938,88.41000366210938,88.41000366210938,0
2020-12-08,JU13.MI,88.41000366210938,88.41000366210938,88.41000366210938,88.41000366210938,0
2020-12-09,JU13.MI,88.41000366210938,88.41000366210938,88.41000366210938,88.41000366210938,0
2020-12-10,JU13.MI,88.55500030517578,88.67500305175781,88.48500061035156,88.67500305175781,333
2020-12-11,JU13.MI,88.67500305175781,88.67500305175781,88.67500305175781,88.67500305175781,0
2020-12-14,JU13.MI,88.67500305175781,88.67500305175781,88.67500305175781,88.67500305175781,0
2020-12-15,JU13.MI,88.67500305175781,88.67500305175781,88.67500305175781,88.67500305175781,0
2020-12-16,JU13.MI,88.19000244140625,88.29499816894531,88.19000244140625,88.29499816894531,49
2020-12-17,JU13.MI,87.7249984741211,87.79000091552734,87.7249984741211,87.7750015258789,483
2020-12-18,JU13.MI,87.7750015258789,87.7750015258789,87.7750015258789,87.7750015258789,0
2020-12-21,JU13.MI,87.98500061035156,87.98500061035156,87.9800033569336,87.9800033569336,387
2020-12-22,JU13.MI,87.9800033569336,87.9800033569336,87.9800033569336,87.9800033569336,0
2020-12-23,JU13.MI,88.05999755859375,88.12999725341797,88.05999755859375,88.125,224
2020-12-28,JU13.MI,87.92500305175781,88.01000213623047,87.91500091552734,88.01000213623047,1309
2020-12-29,JU13.MI,88.01000213623047,88.01000213623047,88.01000213623047,88.01000213623047,0
2020-12-30,JU13.MI,87.45500183105469,87.51499938964844,87.43000030517578,87.51499938964844,63
2021-01-04,JU13.MI,87.51499938964844,87.51499938964844,87.51499938964844,87.51499938964844,0
2021-01-05,JU13.MI,87.72000122070312,87.73999786376953,87.55999755859375,87.55999755859375,482
2021-01-06,JU13.MI,87.55999755859375,87.55999755859375,87.55999755859375,87.55999755859375,0
2021-01-07,JU13.MI,87.55999755859375,87.55999755859375,87.55999755859375,87.55999755859375,0
2021-01-08,JU13.MI,87.9000015258789,87.9000015258789,87.75,87.75,48
2021-01-11,JU13.MI,87.75,87.75,87.75,87.75,0
2021-01-12,JU13.MI,87.75,87.75,87.75,87.75,0
2021-01-13,JU13.MI,87.75,87.75,87.75,87.75,0
2021-01-14,JU13.MI,88.58999633789062,88.69000244140625,88.4800033569336,88.4800033569336,394
2021-01-15,JU13.MI,88.4800033569336,88.4800033569336,88.4800033569336,88.4800033569336,0
2021-01-18,JU13.MI,89.00499725341797,89.00499725341797,88.91999816894531,88.98999786376953,263
2021-01-19,JU13.MI,88.98999786376953,88.98999786376953,88.98999786376953,88.98999786376953,0
2021-01-20,JU13.MI,88.7699966430664,88.8550033569336,88.70999908447266,88.8550033569336,383
2021-01-21,JU13.MI,88.38500213623047,88.51499938964844,88.38500213623047,88.51499938964844,329
2021-01-22,JU13.MI,88.36000061035156,88.36000061035156,88.31500244140625,88.31500244140625,204
2021-01-25,JU13.MI,88.31500244140625,88.31500244140625,88.31500244140625,88.31500244140625,0
2021-01-26,JU13.MI,88.31500244140625,88.31500244140625,88.31500244140625,88.31500244140625,0
2021-01-27,JU13.MI,89.125,89.125,88.875,88.875,3485
2021-01-28,JU13.MI,88.875,88.875,88.875,88.875,0
2021-01-29,JU13.MI,88.875,88.875,88.875,88.875,0
2021-02-01,JU13.MI,88.875,88.875,88.875,88.875,0
2021-02-02,JU13.MI,88.875,88.875,88.875,88.875,0
2021-02-03,JU13.MI,89.58000183105469,89.58999633789062,89.44000244140625,89.44000244140625,464
2021-02-04,JU13.MI,89.7750015258789,89.78500366210938,89.7750015258789,89.78500366210938,443
2021-02-05,JU13.MI,89.78500366210938,89.78500366210938,89.78500366210938,89.78500366210938,0
2021-02-08,JU13.MI,89.78500366210938,89.78500366210938,89.78500366210938,89.78500366210938,0
2021-02-09,JU13.MI,89.78500366210938,89.78500366210938,89.78500366210938,89.78500366210938,0
2021-02-10,JU13.MI,88.68000030517578,88.69000244140625,88.61499786376953,88.61499786376953,1591
2021-02-11,JU13.MI,88.61499786376953,88.61499786376953,88.61499786376953,88.61499786376953,0
2021-02-12,JU13.MI,88.61499786376953,88.61499786376953,88.61499786376953,88.61499786376953,0
2021-02-15,JU13.MI,88.5999984741211,88.6050033569336,88.58999633789062,88.6050033569336,116
2021-02-16,JU13.MI,88.6050033569336,88.6050033569336,88.6050033569336,88.6050033569336,0
2021-02-17,JU13.MI,89.41999816894531,89.43000030517578,89.33000183105469,89.33000183105469,1203
2021-02-18,JU13.MI,89.07499694824219,89.07499694824219,89.00499725341797,89.04000091552734,489
2021-02-19,JU13.MI,88.62000274658203,88.62000274658203,88.61499786376953,88.61499786376953,11
2021-02-22,JU13.MI,88.61499786376953,88.61499786376953,88.61499786376953,88.61499786376953,0
2021-02-23,JU13.MI,88.61499786376953,88.61499786376953,88.61499786376953,88.61499786376953,0
2021-02-24,JU13.MI,88.44000244140625,88.59500122070312,88.44000244140625,88.59500122070312,66
2021-02-25,JU13.MI,87.94000244140625,87.95999908447266,87.86499786376953,87.95999908447266,959
2021-02-26,JU13.MI,87.95999908447266,87.95999908447266,87.95999908447266,87.95999908447266,0
2021-03-01,JU13.MI,87.95999908447266,87.95999908447266,87.95999908447266,87.95999908447266,0
2021-03-02,JU13.MI,87.95999908447266,87.95999908447266,87.95999908447266,87.95999908447266,0
2021-03-03,JU13.MI,87.95999908447266,87.95999908447266,87.95999908447266,87.95999908447266,0
2021-03-04,JU13.MI,89.33999633789062,89.36499786376953,89.19999694824219,89.19999694824219,621
2021-03-05,JU13.MI,89.19999694824219,89.19999694824219,89.19999694824219,89.19999694824219,0
2021-03-08,JU13.MI,90.53500366210938,90.56500244140625,90.53500366210938,90.56500244140625,3
2021-03-09,JU13.MI,90.56500244140625,90.56500244140625,90.56500244140625,90.56500244140625,0
2021-03-10,JU13.MI,90.56500244140625,90.56500244140625,90.56500244140625,90.56500244140625,0
2021-03-11,JU13.MI,89.75499725341797,90.05500030517578,89.72000122070312,89.81999969482422,3286
2021-03-12,JU13.MI,89.81999969482422,89.81999969482422,89.81999969482422,89.81999969482422,0
2021-03-15,JU13.MI,89.81999969482422,89.81999969482422,89.81999969482422,89.81999969482422,0
2021-03-16,JU13.MI,89.81999969482422,89.81999969482422,89.81999969482422,89.81999969482422,0
2021-03-17,JU13.MI,90.2699966430664,90.27999877929688,90.2699966430664,90.27999877929688,705
2021-03-18,JU13.MI,90.02999877929688,90.06999969482422,90.0250015258789,90.0250015258789,1988
2021-03-19,JU13.MI,90.0250015258789,90.0250015258789,90.0250015258789,90.0250015258789,0
2021-03-22,JU13.MI,90.0250015258789,90.0250015258789,90.0250015258789,90.0250015258789,0
2021-03-23,JU13.MI,90.54000091552734,90.58499908447266,90.54000091552734,90.58499908447266,924
2021-03-24,JU13.MI,90.97000122070312,91.18000030517578,90.80000305175781,90.82499694824219,2138
2021-03-25,JU13.MI,91.01499938964844,91.26499938964844,91.01499938964844,91.26499938964844,633
2021-03-26,JU13.MI,91.26499938964844,91.26499938964844,91.26499938964844,91.26499938964844,0
2021-03-29,JU13.MI,91.2249984741211,91.31999969482422,91.2249984741211,91.31999969482422,4570
2021-03-30,JU13.MI,91.43000030517578,91.63999938964844,91.43000030517578,91.63999938964844,1916
2021-03-31,JU13.MI,91.63500213623047,91.63500213623047,91.5199966430664,91.56999969482422,731
2021-04-01,JU13.MI,91.30500030517578,91.32499694824219,91.30000305175781,91.32499694824219,520
2021-04-06,JU13.MI,91.32499694824219,91.32499694824219,91.32499694824219,91.32499694824219,0
2021-04-07,JU13.MI,90.34500122070312,90.37999725341797,90.34500122070312,90.37999725341797,23
2021-04-08,JU13.MI,90.37999725341797,90.37999725341797,90.37999725341797,90.37999725341797,0
2021-04-09,JU13.MI,90.37999725341797,90.37999725341797,90.37999725341797,90.37999725341797,0
2021-04-12,JU13.MI,90.2249984741211,90.23500061035156,90.19999694824219,90.19999694824219,791
2021-04-13,JU13.MI,90.19999694824219,90.19999694824219,90.19999694824219,90.19999694824219,0
2021-04-14,JU13.MI,90.19999694824219,90.19999694824219,90.19999694824219,90.19999694824219,0
2021-04-15,JU13.MI,89.71499633789062,89.8550033569336,89.71499633789062,89.8550033569336,1658
2021-04-16,JU13.MI,89.8550033569336,89.8550033569336,89.8550033569336,89.8550033569336,0
2021-04-19,JU13.MI,89.8550033569336,89.8550033569336,89.8550033569336,89.8550033569336,0
2021-04-20,JU13.MI,89.125,89.31500244140625,89.125,89.31500244140625,373
2021-04-21,JU13.MI,89.41500091552734,89.41500091552734,89.33499908447266,89.33499908447266,443
2021-04-22,JU13.MI,89.50499725341797,89.50499725341797,89.31999969482422,89.46499633789062,659
2021-04-23,JU13.MI,89.46499633789062,89.46499633789062,89.46499633789062,89.46499633789062,0
2021-04-26,JU13.MI,88.80999755859375,89.00499725341797,88.80999755859375,88.97000122070312,32249
2021-04-27,JU13.MI,88.95999908447266,88.9800033569336,88.95500183105469,88.9800033569336,388
2021-04-28,JU13.MI,88.8949966430664,88.8949966430664,88.83499908447266,88.83499908447266,996
2021-04-29,JU13.MI,88.70999908447266,88.70999908447266,88.69999694824219,88.69999694824219,1453
2021-04-30,JU13.MI,88.69999694824219,88.69999694824219,88.69999694824219,88.69999694824219,0
2021-05-03,JU13.MI,88.69999694824219,88.69999694824219,88.69999694824219,88.69999694824219,0
2021-05-04,JU13.MI,88.69999694824219,88.69999694824219,88.69999694824219,88.69999694824219,0
2021-05-05,JU13.MI,88.69999694824219,88.69999694824219,88.69999694824219,88.69999694824219,0
2021-05-06,JU13.MI,89.11499786376953,89.20999908447266,88.98500061035156,89.20999908447266,2177
2021-05-07,JU13.MI,89.20999908447266,89.20999908447266,89.20999908447266,89.20999908447266,0
2021-05-10,JU13.MI,89.20999908447266,89.20999908447266,89.20999908447266,89.20999908447266,0
2021-05-11,JU13.MI,88.37999725341797,88.3949966430664,88.3499984741211,88.3499984741211,281
2021-05-12,JU13.MI,88.93499755859375,89.00499725341797,88.93000030517578,89.00499725341797,196
2021-05-13,JU13.MI,88.91999816894531,89.05000305175781,88.91999816894531,89.05000305175781,1151
2021-05-14,JU13.MI,89.05000305175781,89.05000305175781,89.05000305175781,89.05000305175781,0
2021-05-17,JU13.MI,89.05000305175781,89.05000305175781,89.05000305175781,89.05000305175781,0
2021-05-18,JU13.MI,88.02999877929688,88.08999633789062,88.02999877929688,88.08999633789062,50
2021-05-19,JU13.MI,87.9749984741211,88.01000213623047,87.9749984741211,88.01000213623047,1381
2021-05-20,JU13.MI,88.0199966430664,88.07499694824219,88.0199966430664,88.07499694824219,993
2021-05-21,JU13.MI,88.07499694824219,88.07499694824219,88.07499694824219,88.07499694824219,0
2021-05-24,JU13.MI,88.07499694824219,88.07499694824219,88.07499694824219,88.07499694824219,0
2021-05-25,JU13.MI,87.78500366210938,87.8949966430664,87.78500366210938,87.8949966430664,2070
2021-05-26,JU13.MI,87.91000366210938,88.125,87.91000366210938,88.125,129
2021-05-27,JU13.MI,88.19499969482422,88.24500274658203,88.13999938964844,88.24500274658203,1296
2021-05-28,JU13.MI,88.24500274658203,88.24500274658203,88.24500274658203,88.24500274658203,0
2021-05-31,JU13.MI,88.19000244140625,88.19000244140625,88.00499725341797,88.00499725341797,16
2021-06-01,JU13.MI,87.94000244140625,88.32499694824219,87.84500122070312,87.84500122070312,3800
2021-06-02,JU13.MI,87.84500122070312,87.84500122070312,87.84500122070312,87.84500122070312,0
2021-06-03,JU13.MI,88.6500015258789,88.68499755859375,88.58000183105469,88.68499755859375,2057
2021-06-04,JU13.MI,88.68499755859375,88.68499755859375,88.68499755859375,88.68499755859375,0
2021-06-07,JU13.MI,88.68499755859375,88.68499755859375,88.68499755859375,88.68499755859375,0
2021-06-08,JU13.MI,88.68499755859375,88.68499755859375,88.68499755859375,88.68499755859375,0
2021-06-09,JU13.MI,88.68499755859375,88.68499755859375,88.68499755859375,88.68499755859375,0
2021-06-10,JU13.MI,88.23999786376953,88.44999694824219,88.23999786376953,88.44999694824219,1483
2021-06-11,JU13.MI,88.80999755859375,88.90499877929688,88.80999755859375,88.90499877929688,193
2021-06-14,JU13.MI,88.66500091552734,88.71499633789062,88.66500091552734,88.71499633789062,178
2021-06-15,JU13.MI,88.71499633789062,88.71499633789062,88.71499633789062,88.71499633789062,0
2021-06-16,JU13.MI,88.7249984741211,88.75499725341797,88.6500015258789,88.75499725341797,658
2021-06-17,JU13.MI,90.03500366210938,90.12000274658203,90.03500366210938,90.12000274658203,1249
2021-06-18,JU13.MI,90.17500305175781,90.5199966430664,90.17500305175781,90.5199966430664,185
2021-06-21,JU13.MI,90.5199966430664,90.5199966430664,90.5199966430664,90.5199966430664,0
2021-06-22,JU13.MI,90.16500091552734,90.22000122070312,90.16000366210938,90.22000122070312,216
2021-06-23,JU13.MI,89.80999755859375,89.9000015258789,89.75,89.9000015258789,792
2021-06-24,JU13.MI,90.01499938964844,90.41999816894531,89.86000061035156,90.00499725341797,76877
2021-06-25,JU13.MI,89.75,89.87999725341797,89.75,89.87999725341797,1668
2021-06-28,JU13.MI,89.87999725341797,89.87999725341797,89.87999725341797,89.87999725341797,0
2021-06-29,JU13.MI,90.25,90.25,90.16500091552734,90.16500091552734,1730
2021-06-30,JU13.MI,90.16500091552734,90.16500091552734,90.16500091552734,90.16500091552734,0
2021-07-01,JU13.MI,90.5,90.6050033569336,90.5,90.6050033569336,83
2021-07-02,JU13.MI,90.79000091552734,90.80999755859375,90.69000244140625,90.72000122070312,870
2021-07-05,JU13.MI,90.55000305175781,90.58999633789062,90.5199966430664,90.55500030517578,1202
2021-07-06,JU13.MI,90.79000091552734,90.8550033569336,90.79000091552734,90.8550033569336,124
2021-07-07,JU13.MI,90.8550033569336,90.8550033569336,90.8550033569336,90.8550033569336,0
2021-07-08,JU13.MI,91.0250015258789,91.0250015258789,90.58999633789062,90.7699966430664,1249
2021-07-09,JU13.MI,90.62999725341797,90.66500091552734,90.62999725341797,90.66500091552734,9
2021-07-12,JU13.MI,90.66500091552734,90.66500091552734,90.66500091552734,90.66500091552734,0
2021-07-13,JU13.MI,90.75499725341797,90.92500305175781,90.75499725341797,90.92500305175781,1880
2021-07-14,JU13.MI,90.92500305175781,90.92500305175781,90.92500305175781,90.92500305175781,0
2021-07-15,JU13.MI,90.8949966430664,90.9749984741211,90.8949966430664,90.95999908447266,2142
2021-07-16,JU13.MI,90.95999908447266,90.95999908447266,90.95999908447266,90.95999908447266,0
2021-07-19,JU13.MI,91.23999786376953,91.26000213623047,91.11000061035156,91.11000061035156,1700
2021-07-20,JU13.MI,91.31999969482422,91.4800033569336,91.31999969482422,91.37999725341797,205
2021-07-21,JU13.MI,91.18000030517578,91.19000244140625,91.12000274658203,91.12000274658203,579
2021-07-22,JU13.MI,91.16000366210938,91.2750015258789,91.1500015258789,91.2750015258789,1344
2021-07-23,JU13.MI,91.2750015258789,91.2750015258789,91.2750015258789,91.2750015258789,0
2021-07-26,JU13.MI,91.08999633789062,91.08999633789062,91.04000091552734,91.04000091552734,111
2021-07-27,JU13.MI,91.04000091552734,91.04000091552734,91.04000091552734,91.04000091552734,0
2021-07-28,JU13.MI,91.24500274658203,91.25499725341797,91.08499908447266,91.08499908447266,1205
2021-07-29,JU13.MI,91.08499908447266,91.08499908447266,91.08499908447266,91.08499908447266,0
2021-07-30,JU13.MI,91.08499908447266,91.08499908447266,91.08499908447266,91.08499908447266,0
2021-08-02,JU13.MI,90.55999755859375,90.55999755859375,90.55000305175781,90.55000305175781,270
2021-08-03,JU13.MI,90.55000305175781,90.55000305175781,90.55000305175781,90.55000305175781,0
2021-08-04,JU13.MI,90.70999908447266,90.8949966430664,90.70999908447266,90.8949966430664,1133
2021-08-05,JU13.MI,90.87000274658203,90.87000274658203,90.75,90.80500030517578,1135
2021-08-06,JU13.MI,90.80500030517578,90.80500030517578,90.80500030517578,90.80500030517578,0
2021-08-09,JU13.MI,91.44999694824219,91.45999908447266,91.44999694824219,91.45999908447266,101
2021-08-10,JU13.MI,91.45999908447266,91.45999908447266,91.45999908447266,91.45999908447266,0
2021-08-11,JU13.MI,91.69999694824219,91.69999694824219,91.56500244140625,91.56500244140625,1047
2021-08-12,JU13.MI,91.48500061035156,91.62000274658203,91.48500061035156,91.57499694824219,357
2021-08-13,JU13.MI,91.57499694824219,91.57499694824219,91.57499694824219,91.57499694824219,0
2021-08-16,JU13.MI,91.57499694824219,91.57499694824219,91.57499694824219,91.57499694824219,0
2021-08-17,JU13.MI,91.57499694824219,91.57499694824219,91.57499694824219,91.57499694824219,0
2021-08-18,JU13.MI,91.79499816894531,91.8550033569336,91.79499816894531,91.8550033569336,729
2021-08-19,JU13.MI,91.87999725341797,91.96499633789062,91.87999725341797,91.96499633789062,157
2021-08-20,JU13.MI,91.96499633789062,91.96499633789062,91.96499633789062,91.96499633789062,0
2021-08-23,JU13.MI,91.58499908447266,91.62000274658203,91.58499908447266,91.62000274658203,456
2021-08-24,JU13.MI,91.62000274658203,91.62000274658203,91.62000274658203,91.62000274658203,0
2021-08-25,JU13.MI,91.58000183105469,91.5999984741211,91.43499755859375,91.4800033569336,1343
2021-08-26,JU13.MI,91.32499694824219,91.47000122070312,91.32499694824219,91.375,1553
2021-08-27,JU13.MI,91.375,91.375,91.375,91.375,0
2021-08-30,JU13.MI,91.19000244140625,91.19000244140625,91.1500015258789,91.1500015258789,3
2021-08-31,JU13.MI,90.9800033569336,91.16500091552734,90.9800033569336,91.12000274658203,1736
2021-09-01,JU13.MI,90.86000061035156,90.86499786376953,90.76000213623047,90.76000213623047,1615
2021-09-02,JU13.MI,90.68499755859375,90.68499755859375,90.68000030517578,90.68000030517578,1298
2021-09-03,JU13.MI,90.56500244140625,90.56500244140625,90.53500366210938,90.53500366210938,461
2021-09-06,JU13.MI,90.62999725341797,90.68499755859375,90.62999725341797,90.68499755859375,20
2021-09-07,JU13.MI,90.68499755859375,90.68499755859375,90.68499755859375,90.68499755859375,0
2021-09-08,JU13.MI,91.06500244140625,91.06500244140625,91.00499725341797,91.01499938964844,858
2021-09-09,JU13.MI,91.01499938964844,91.01499938964844,91.01499938964844,91.01499938964844,0
2021-09-10,JU13.MI,91.01499938964844,91.01499938964844,91.01499938964844,91.01499938964844,0
2021-09-13,JU13.MI,91.1050033569336,91.1050033569336,91.06500244140625,91.06500244140625,7
2021-09-14,JU13.MI,91.06500244140625,91.06500244140625,91.06500244140625,91.06500244140625,0
2021-09-15,JU13.MI,91.05999755859375,91.07499694824219,90.99500274658203,91.00499725341797,690
2021-09-16,JU13.MI,91.44499969482422,91.44499969482422,91.43000030517578,91.43000030517578,1252
2021-09-17,JU13.MI,91.43000030517578,91.43000030517578,91.43000030517578,91.43000030517578,0
2021-09-20,JU13.MI,91.43000030517578,91.43000030517578,91.43000030517578,91.43000030517578,0
2021-09-21,JU13.MI,91.63999938964844,91.80000305175781,91.63999938964844,91.80000305175781,602
2021-09-22,JU13.MI,91.59500122070312,91.5999984741211,91.59500122070312,91.5999984741211,78
2021-09-23,JU13.MI,91.61000061035156,91.61000061035156,91.31999969482422,91.55000305175781,2277
2021-09-24,JU13.MI,91.55000305175781,91.55000305175781,91.55000305175781,91.55000305175781,0
2021-09-27,JU13.MI,91.55000305175781,91.55000305175781,91.55000305175781,91.55000305175781,0
2021-09-28,JU13.MI,91.94499969482422,91.94499969482422,91.70500183105469,91.94499969482422,604
2021-09-29,JU13.MI,92.44999694824219,92.45500183105469,92.44999694824219,92.45500183105469,1528
2021-09-30,JU13.MI,92.80999755859375,92.81999969482422,92.625,92.70999908447266,4584
2021-10-01,JU13.MI,92.70999908447266,92.70999908447266,92.70999908447266,92.70999908447266,0
2021-10-04,JU13.MI,92.70999908447266,92.70999908447266,92.70999908447266,92.70999908447266,0
2021-10-05,JU13.MI,92.68000030517578,92.68000030517578,92.52999877929688,92.52999877929688,7
2021-10-06,JU13.MI,93.05500030517578,93.12000274658203,93.05500030517578,93.12000274658203,1228
2021-10-07,JU13.MI,92.84500122070312,92.84500122070312,92.70500183105469,92.83999633789062,1653
2021-10-08,JU13.MI,92.83999633789062,92.83999633789062,92.83999633789062,92.83999633789062,0
2021-10-11,JU13.MI,92.69000244140625,92.73999786376953,92.69000244140625,92.73999786376953,111
2021-10-12,JU13.MI,92.73999786376953,92.73999786376953,92.73999786376953,92.73999786376953,0
2021-10-13,JU13.MI,92.71499633789062,92.76000213623047,92.70999908447266,92.70999908447266,778
2021-10-14,JU13.MI,92.5199966430664,92.58999633789062,92.5199966430664,92.58999633789062,1144
2021-10-15,JU13.MI,92.58999633789062,92.58999633789062,92.58999633789062,92.58999633789062,0
2021-10-18,JU13.MI,92.58999633789062,92.58999633789062,92.58999633789062,92.58999633789062,0
2021-10-19,JU13.MI,92.04000091552734,92.11499786376953,91.94999694824219,92.11499786376953,35662
2021-10-20,JU13.MI,92.11499786376953,92.11499786376953,92.11499786376953,92.11499786376953,0
2021-10-21,JU13.MI,91.98500061035156,92.05999755859375,91.88500213623047,92.0250015258789,3843
2021-10-22,JU13.MI,92.0250015258789,92.0250015258789,92.0250015258789,92.0250015258789,0
2021-10-25,JU13.MI,92.2249984741211,92.23999786376953,92.2249984741211,92.23999786376953,142
2021-10-26,JU13.MI,92.23999786376953,92.23999786376953,92.23999786376953,92.23999786376953,0
2021-10-27,JU13.MI,92.2300033569336,92.34500122070312,92.21499633789062,92.34500122070312,1076
2021-10-28,JU13.MI,91.65499877929688,91.69499969482422,91.6500015258789,91.69499969482422,2107
2021-10-29,JU13.MI,91.69499969482422,91.69499969482422,91.69499969482422,91.69499969482422,0
2021-11-01,JU13.MI,92.52999877929688,92.52999877929688,92.36499786376953,92.36499786376953,27
2021-11-02,JU13.MI,92.36499786376953,92.36499786376953,92.36499786376953,92.36499786376953,0
2021-11-03,JU13.MI,92.36499786376953,92.36499786376953,92.36499786376953,92.36499786376953,0
2021-11-04,JU13.MI,92.70999908447266,92.91000366210938,92.70999908447266,92.8499984741211,808
2021-11-05,JU13.MI,93.09500122070312,93.19999694824219,92.82499694824219,92.82499694824219,3969
2021-11-08,JU13.MI,92.48500061035156,92.5,92.48500061035156,92.5,45
2021-11-09,JU13.MI,92.5,92.5,92.5,92.5,0
2021-11-10,JU13.MI,92.5,92.5,92.5,92.5,0
2021-11-11,JU13.MI,93.30500030517578,93.44499969482422,93.23500061035156,93.33499908447266,1519
2021-11-12,JU13.MI,93.33499908447266,93.33499908447266,93.33499908447266,93.33499908447266,0
2021-11-15,JU13.MI,93.53500366210938,93.69000244140625,93.51499938964844,93.69000244140625,154
2021-11-16,JU13.MI,93.69000244140625,93.69000244140625,93.69000244140625,93.69000244140625,0
2021-11-17,JU13.MI,94.5199966430664,94.67500305175781,94.37999725341797,94.67500305175781,2713
2021-11-18,JU13.MI,94.23999786376953,94.3550033569336,94.23500061035156,94.3550033569336,1387
2021-11-19,JU13.MI,94.3550033569336,94.3550033569336,94.3550033569336,94.3550033569336,0
2021-11-22,JU13.MI,94.95999908447266,94.95999908447266,94.94000244140625,94.94000244140625,1384
2021-11-23,JU13.MI,94.98999786376953,94.99500274658203,94.88999938964844,94.88999938964844,173
2021-11-24,JU13.MI,95.44999694824219,95.56999969482422,95.40499877929688,95.40499877929688,609
2021-11-25,JU13.MI,95.25,95.28500366210938,95.2249984741211,95.28500366210938,1456
2021-11-26,JU13.MI,94.625,94.69000244140625,94.625,94.69000244140625,58
2021-11-29,JU13.MI,94.80000305175781,95.04000091552734,94.80000305175781,95.04000091552734,42
2021-11-30,JU13.MI,94.33000183105469,94.92500305175781,94.33000183105469,94.92500305175781,7
2021-12-01,JU13.MI,94.30000305175781,94.3949966430664,94.30000305175781,94.3949966430664,371
2021-12-02,JU13.MI,94.29000091552734,94.54000091552734,94.29000091552734,94.54000091552734,971
2021-12-03,JU13.MI,94.50499725341797,94.72000122070312,94.50499725341797,94.67500305175781,333
2021-12-06,JU13.MI,94.67500305175781,94.67500305175781,94.67500305175781,94.67500305175781,0
2021-12-07,JU13.MI,94.81999969482422,94.9749984741211,94.79499816894531,94.9749984741211,170
2021-12-08,JU13.MI,94.9749984741211,94.9749984741211,94.9749984741211,94.9749984741211,0
2021-12-09,JU13.MI,94.44499969482422,94.66000366210938,94.44499969482422,94.66000366210938,1630
2021-12-10,JU13.MI,94.5250015258789,94.58999633789062,94.43499755859375,94.43499755859375,1545
2021-12-13,JU13.MI,94.43499755859375,94.43499755859375,94.43499755859375,94.43499755859375,0
2021-12-14,JU13.MI,94.43499755859375,94.43499755859375,94.43499755859375,94.43499755859375,0
2021-12-15,JU13.MI,94.83999633789062,94.83999633789062,94.80999755859375,94.80999755859375,151
2021-12-16,JU13.MI,94.5250015258789,94.61499786376953,94.5250015258789,94.54499816894531,1451
2021-12-17,JU13.MI,94.54499816894531,94.54499816894531,94.54499816894531,94.54499816894531,0
2021-12-20,JU13.MI,94.54499816894531,94.54499816894531,94.54499816894531,94.54499816894531,0
2021-12-21,JU13.MI,94.7750015258789,94.81999969482422,94.7750015258789,94.81999969482422,703
2021-12-22,JU13.MI,94.3949966430664,94.3949966430664,94.25,94.25,260
2021-12-23,JU13.MI,94.25,94.25,94.25,94.25,0
2021-12-27,JU13.MI,94.25,94.25,94.25,94.25,0
2021-12-28,JU13.MI,94.25,94.25,94.25,94.25,0
2021-12-29,JU13.MI,93.96499633789062,94.05999755859375,93.96499633789062,94.05999755859375,151
2021-12-30,JU13.MI,94.30500030517578,94.38999938964844,94.30500030517578,94.30999755859375,1639
2022-01-03,JU13.MI,94.25499725341797,94.48999786376953,94.25499725341797,94.48999786376953,8
2022-01-04,JU13.MI,94.48999786376953,94.48999786376953,94.48999786376953,94.48999786376953,0
2022-01-05,JU13.MI,94.48999786376953,94.48999786376953,94.48999786376953,94.48999786376953,0
2022-01-06,JU13.MI,94.48999786376953,94.48999786376953,94.48999786376953,94.48999786376953,0
2022-01-07,JU13.MI,94.48999786376953,94.48999786376953,94.48999786376953,94.48999786376953,0
2022-01-10,JU13.MI,94.48999786376953,94.48999786376953,94.48999786376953,94.48999786376953,0
2022-01-11,JU13.MI,94.48999786376953,94.48999786376953,94.48999786376953,94.48999786376953,0
2022-01-12,JU13.MI,94.48999786376953,94.48999786376953,94.48999786376953,94.48999786376953,0
2022-01-13,JU13.MI,92.76000213623047,92.83499908447266,92.76000213623047,92.83499908447266,298
2022-01-14,JU13.MI,92.83499908447266,92.83499908447266,92.83499908447266,92.83499908447266,0
2022-01-17,JU13.MI,93.125,93.18499755859375,93.125,93.18499755859375,1
2022-01-18,JU13.MI,93.18499755859375,93.18499755859375,93.18499755859375,93.18499755859375,0
2022-01-19,JU13.MI,93.67500305175781,93.67500305175781,93.58999633789062,93.58999633789062,853
2022-01-20,JU13.MI,93.6449966430664,93.68499755859375,93.63500213623047,93.68499755859375,3471
2022-01-21,JU13.MI,93.68499755859375,93.68499755859375,93.68499755859375,93.68499755859375,0
2022-01-24,JU13.MI,93.81999969482422,94.0,93.81999969482422,94.0,111
2022-01-25,JU13.MI,94.17500305175781,94.3550033569336,94.17500305175781,94.28500366210938,185
2022-01-26,JU13.MI,94.28500366210938,94.28500366210938,94.28500366210938,94.28500366210938,0
2022-01-27,JU13.MI,95.13500213623047,95.13500213623047,95.06999969482422,95.06999969482422,322
2022-01-28,JU13.MI,95.06999969482422,95.06999969482422,95.06999969482422,95.06999969482422,0
2022-01-31,JU13.MI,95.06999969482422,95.06999969482422,95.06999969482422,95.06999969482422,0
2022-02-01,JU13.MI,94.1449966430664,94.23999786376953,94.1449966430664,94.23999786376953,4
2022-02-02,JU13.MI,93.76000213623047,93.97000122070312,93.76000213623047,93.9000015258789,1201
2022-02-03,JU13.MI,92.87000274658203,92.875,92.62999725341797,92.62999725341797,554
2022-02-04,JU13.MI,92.62999725341797,92.62999725341797,92.62999725341797,92.62999725341797,0
2022-02-07,JU13.MI,92.4749984741211,92.4749984741211,92.46499633789062,92.46499633789062,133
2022-02-08,JU13.MI,92.625,92.625,92.61000061035156,92.61000061035156,35
2022-02-09,JU13.MI,92.41000366210938,92.41999816894531,92.41000366210938,92.41500091552734,929
2022-02-10,JU13.MI,92.55500030517578,92.55500030517578,91.7300033569336,91.7300033569336,678
2022-02-11,JU13.MI,92.3949966430664,92.3949966430664,92.26499938964844,92.26499938964844,111
2022-02-14,JU13.MI,92.26499938964844,92.26499938964844,92.26499938964844,92.26499938964844,0
2022-02-15,JU13.MI,92.26499938964844,92.26499938964844,92.26499938964844,92.26499938964844,0
2022-02-16,JU13.MI,92.62999725341797,92.62999725341797,92.57499694824219,92.57499694824219,577
2022-02-17,JU13.MI,92.73999786376953,92.73999786376953,92.73999786376953,92.73999786376953,171
2022-02-18,JU13.MI,92.73999786376953,92.73999786376953,92.73999786376953,92.73999786376953,0
2022-02-21,JU13.MI,92.67500305175781,93.05999755859375,92.67500305175781,93.05999755859375,111
2022-02-22,JU13.MI,92.83999633789062,92.91000366210938,92.83999633789062,92.91000366210938,3
2022-02-23,JU13.MI,93.05000305175781,93.06500244140625,92.99500274658203,93.06500244140625,899
2022-02-24,JU13.MI,94.70500183105469,94.71499633789062,94.61499786376953,94.61499786376953,597
2022-02-25,JU13.MI,94.61499786376953,94.61499786376953,94.61499786376953,94.61499786376953,0
2022-02-28,JU13.MI,94.13500213623047,94.13500213623047,93.93499755859375,93.93499755859375,918
2022-03-01,JU13.MI,93.93499755859375,93.93499755859375,93.93499755859375,93.93499755859375,0
2022-03-02,JU13.MI,95.5999984741211,95.5999984741211,95.16500091552734,95.16500091552734,236
2022-03-03,JU13.MI,95.13500213623047,95.44000244140625,95.13500213623047,95.44000244140625,246
2022-03-04,JU13.MI,95.44000244140625,95.44000244140625,95.44000244140625,95.44000244140625,0
2022-03-07,JU13.MI,95.44000244140625,95.44000244140625,95.44000244140625,95.44000244140625,0
2022-03-08,JU13.MI,96.66000366210938,96.84500122070312,96.66000366210938,96.79000091552734,1455
2022-03-09,JU13.MI,96.0199966430664,96.0199966430664,94.96499633789062,94.96499633789062,312
2022-03-10,JU13.MI,95.375,95.55500030517578,95.05999755859375,95.55500030517578,4911
2022-03-11,JU13.MI,95.97000122070312,96.08499908447266,95.97000122070312,96.08499908447266,239
2022-03-14,JU13.MI,95.66000366210938,95.66999816894531,95.5199966430664,95.5199966430664,190
2022-03-15,JU13.MI,95.62000274658203,95.83000183105469,95.61000061035156,95.83000183105469,474
2022-03-16,JU13.MI,95.13999938964844,95.4000015258789,95.13999938964844,95.28500366210938,599
2022-03-17,JU13.MI,94.5199966430664,94.5250015258789,94.29000091552734,94.29000091552734,240
2022-03-18,JU13.MI,94.88999938964844,94.88999938964844,94.66000366210938,94.66000366210938,111
2022-03-21,JU13.MI,94.68499755859375,94.69000244140625,94.61000061035156,94.69000244140625,1011
2022-03-22,JU13.MI,94.54000091552734,94.66500091552734,94.48999786376953,94.66500091552734,289
2022-03-23,JU13.MI,94.9000015258789,95.04499816894531,94.81999969482422,94.81999969482422,1866
2022-03-24,JU13.MI,94.94000244140625,94.95999908447266,94.84500122070312,94.8550033569336,453
2022-03-25,JU13.MI,94.66500091552734,94.69000244140625,94.66500091552734,94.66500091552734,530
2022-03-28,JU13.MI,94.7249984741211,94.82499694824219,94.7249984741211,94.80000305175781,1306
2022-03-29,JU13.MI,93.6500015258789,93.70999908447266,93.6449966430664,93.6449966430664,407
2022-03-30,JU13.MI,93.49500274658203,93.49500274658203,93.25,93.25,1141
2022-03-31,JU13.MI,94.01499938964844,94.01499938964844,93.80999755859375,93.80999755859375,513
2022-04-01,JU13.MI,94.0999984741211,94.2249984741211,94.09500122070312,94.09500122070312,335
2022-04-04,JU13.MI,94.62000274658203,94.62000274658203,94.5,94.5,931
2022-04-05,JU13.MI,94.93000030517578,94.94000244140625,94.83499908447266,94.93499755859375,1562
2022-04-06,JU13.MI,95.0199966430664,95.13999938964844,95.0199966430664,95.13999938964844,205
2022-04-07,JU13.MI,95.25,95.3550033569336,95.25,95.29000091552734,500
2022-04-08,JU13.MI,95.4749984741211,95.66500091552734,95.4749984741211,95.4800033569336,2011
2022-04-11,JU13.MI,95.3499984741211,95.4000015258789,95.28500366210938,95.4000015258789,823
2022-04-12,JU13.MI,95.57499694824219,95.73500061035156,95.4800033569336,95.73500061035156,1026
2022-04-13,JU13.MI,96.30000305175781,96.30000305175781,95.88999938964844,95.88999938964844,578
2022-04-14,JU13.MI,95.4800033569336,96.40499877929688,95.4800033569336,96.25499725341797,1609
2022-04-19,JU13.MI,96.17500305175781,96.28500366210938,96.17500305175781,96.19000244140625,1934
2022-04-20,JU13.MI,95.52999877929688,95.52999877929688,95.4749984741211,95.52999877929688,446
2022-04-21,JU13.MI,95.16500091552734,95.44000244140625,95.16500091552734,95.44000244140625,120
2022-04-22,JU13.MI,95.80000305175781,95.98500061035156,95.80000305175781,95.98500061035156,2294
2022-04-25,JU13.MI,95.98500061035156,95.98500061035156,95.98500061035156,95.98500061035156,0
2022-04-26,JU13.MI,97.31999969482422,97.43000030517578,97.25499725341797,97.43000030517578,867
2022-04-27,JU13.MI,97.88999938964844,98.7750015258789,97.88999938964844,98.56999969482422,2091
2022-04-28,JU13.MI,98.77999877929688,98.99500274658203,98.5999984741211,98.5999984741211,312
2022-04-29,JU13.MI,98.04499816894531,98.4800033569336,98.04499816894531,98.36000061035156,668
2022-05-02,JU13.MI,98.45999908447266,98.5999984741211,98.29000091552734,98.5999984741211,892
2022-05-03,JU13.MI,98.22000122070312,98.31999969482422,98.16000366210938,98.31999969482422,840
2022-05-04,JU13.MI,98.1500015258789,98.15499877929688,97.94999694824219,97.94999694824219,449
2022-05-05,JU13.MI,98.23999786376953,98.6050033569336,98.23999786376953,98.6050033569336,578
2022-05-06,JU13.MI,98.1500015258789,98.18000030517578,97.91000366210938,97.91000366210938,222
2022-05-09,JU13.MI,98.1449966430664,98.61000061035156,98.1449966430664,98.58499908447266,1154
2022-05-10,JU13.MI,98.40499877929688,98.55500030517578,98.4000015258789,98.55500030517578,7421
2022-05-11,JU13.MI,98.6500015258789,98.6500015258789,98.19499969482422,98.31999969482422,1575
2022-05-12,JU13.MI,99.8550033569336,99.8550033569336,99.79000091552734,99.79000091552734,465
2022-05-13,JU13.MI,99.95999908447266,100.12999725341797,99.79000091552734,99.79000091552734,446
2022-05-16,JU13.MI,99.80999755859375,99.98500061035156,99.80999755859375,99.98500061035156,818
2022-05-17,JU13.MI,98.58999633789062,98.58999633789062,98.49500274658203,98.56500244140625,704
2022-05-18,JU13.MI,98.51000213623047,98.93000030517578,98.51000213623047,98.93000030517578,569
2022-05-19,JU13.MI,98.73999786376953,98.73999786376953,98.21499633789062,98.21499633789062,497
2022-05-20,JU13.MI,98.50499725341797,98.6449966430664,98.50499725341797,98.6449966430664,374
2022-05-23,JU13.MI,97.52999877929688,97.52999877929688,97.3499984741211,97.3499984741211,367
2022-05-24,JU13.MI,97.11499786376953,97.15499877929688,97.11499786376953,97.15499877929688,598
2022-05-25,JU13.MI,97.15499877929688,97.15499877929688,97.15499877929688,97.15499877929688,0
2022-05-26,JU13.MI,97.53500366210938,97.54499816894531,97.2750015258789,97.2750015258789,646
2022-05-27,JU13.MI,97.29000091552734,97.42500305175781,97.29000091552734,97.42500305175781,347
2022-05-30,JU13.MI,96.80500030517578,96.86000061035156,96.66500091552734,96.66500091552734,580
2022-05-31,JU13.MI,97.09500122070312,97.48500061035156,97.09500122070312,97.16000366210938,2133
2022-06-01,JU13.MI,97.16500091552734,97.6449966430664,97.16500091552734,97.6449966430664,3763
2022-06-02,JU13.MI,97.6449966430664,97.6449966430664,97.6449966430664,97.6449966430664,0
2022-06-03,JU13.MI,96.94000244140625,97.02999877929688,96.94000244140625,97.02999877929688,375
2022-06-06,JU13.MI,97.11499786376953,97.22000122070312,97.05999755859375,97.22000122070312,367
2022-06-07,JU13.MI,97.20500183105469,97.20500183105469,97.07499694824219,97.19000244140625,867
2022-06-08,JU13.MI,96.66500091552734,96.7300033569336,96.66500091552734,96.70500183105469,262
2022-06-09,JU13.MI,96.7750015258789,97.3550033569336,96.7750015258789,97.30500030517578,1998
2022-06-10,JU13.MI,98.52999877929688,98.53500366210938,98.26000213623047,98.26000213623047,202
2022-06-13,JU13.MI,98.75499725341797,98.75499725341797,98.62000274658203,98.67500305175781,387
2022-06-14,JU13.MI,98.56500244140625,98.66999816894531,98.4800033569336,98.4800033569336,3735
2022-06-15,JU13.MI,98.73500061035156,98.73999786376953,98.6500015258789,98.73999786376953,250
2022-06-16,JU13.MI,98.70500183105469,98.70500183105469,98.04000091552734,98.04000091552734,1622
2022-06-17,JU13.MI,98.49500274658203,98.50499725341797,98.49500274658203,98.50499725341797,475
2022-06-20,JU13.MI,97.86499786376953,97.86499786376953,97.78500366210938,97.78500366210938,901
2022-06-21,JU13.MI,97.70999908447266,97.70999908447266,97.625,97.62999725341797,619
2022-06-22,JU13.MI,97.9000015258789,97.9000015258789,97.51499938964844,97.51499938964844,250
2022-06-23,JU13.MI,98.17500305175781,98.5199966430664,98.17500305175781,98.43499755859375,4375
2022-06-24,JU13.MI,98.12000274658203,98.12000274658203,98.00499725341797,98.03500366210938,1448
2022-06-27,JU13.MI,97.77999877929688,97.77999877929688,97.375,97.375,489
2022-06-28,JU13.MI,98.27999877929688,98.27999877929688,98.11499786376953,98.11499786376953,7742
2022-06-29,JU13.MI,98.2750015258789,98.75499725341797,98.2750015258789,98.75499725341797,1061
2022-06-30,JU13.MI,99.125,99.37999725341797,98.9749984741211,98.9749984741211,125
2022-07-01,JU13.MI,100.26000213623047,100.26000213623047,99.875,99.875,150
2022-07-04,JU13.MI,99.8499984741211,99.8499984741211,99.33000183105469,99.45500183105469,2258
2022-07-05,JU13.MI,100.08499908447266,101.49500274658203,100.08499908447266,101.48500061035156,377
2022-07-06,JU13.MI,101.5250015258789,102.19000244140625,101.4800033569336,101.94499969482422,10358
2022-07-07,JU13.MI,101.44499969482422,101.8550033569336,101.44499969482422,101.8550033569336,232
2022-07-08,JU13.MI,102.30999755859375,102.63999938964844,101.46499633789062,101.46499633789062,461
2022-07-11,JU13.MI,102.33000183105469,102.79499816894531,102.33000183105469,102.63500213623047,351
2022-07-12,JU13.MI,103.54000091552734,103.54000091552734,102.80000305175781,102.80000305175781,1254
2022-07-13,JU13.MI,103.07499694824219,103.07499694824219,102.47000122070312,102.47000122070312,3208
2022-07-14,JU13.MI,103.01000213623047,103.44999694824219,102.98999786376953,103.18499755859375,1716
2022-07-15,JU13.MI,102.75499725341797,102.83999633789062,102.4800033569336,102.4800033569336,2491
2022-07-18,JU13.MI,101.58999633789062,101.61000061035156,101.4749984741211,101.61000061035156,4165
2022-07-19,JU13.MI,101.51000213623047,101.51000213623047,100.74500274658203,100.94999694824219,539
2022-07-20,JU13.MI,100.98500061035156,101.32499694824219,100.95500183105469,101.21499633789062,2187
2022-07-21,JU13.MI,101.44499969482422,101.49500274658203,101.0199966430664,101.41000366210938,342
2022-07-22,JU13.MI,101.80999755859375,101.88500213623047,101.47000122070312,101.58000183105469,254
2022-07-25,JU13.MI,101.58999633789062,101.58999633789062,101.26000213623047,101.56999969482422,2190
2022-07-26,JU13.MI,102.29000091552734,102.46499633789062,102.29000091552734,102.46499633789062,170
2022-07-27,JU13.MI,102.21499633789062,102.27999877929688,102.21499633789062,102.27999877929688,67
2022-07-28,JU13.MI,102.26000213623047,102.45500183105469,102.26000213623047,102.31999969482422,530
2022-07-29,JU13.MI,101.90499877929688,102.32499694824219,101.81500244140625,101.91500091552734,2038
2022-08-01,JU13.MI,101.30999755859375,101.31999969482422,101.24500274658203,101.24500274658203,877
2022-08-02,JU13.MI,101.76499938964844,101.81999969482422,101.69499969482422,101.81999969482422,2557
2022-08-03,JU13.MI,101.94999694824219,102.1500015258789,101.94999694824219,102.13500213623047,1518
2022-08-04,JU13.MI,101.7699966430664,101.7699966430664,101.41500091552734,101.43499755859375,183
2022-08-05,JU13.MI,101.70999908447266,101.80500030517578,101.70999908447266,101.77999877929688,187
2022-08-08,JU13.MI,101.77999877929688,101.77999877929688,101.77999877929688,101.77999877929688,0
2022-08-09,JU13.MI,101.77999877929688,101.77999877929688,101.77999877929688,101.77999877929688,0
2022-08-10,JU13.MI,101.77999877929688,101.77999877929688,101.77999877929688,101.77999877929688,0
2022-08-11,JU13.MI,100.31500244140625,100.31500244140625,100.0199966430664,100.23999786376953,1978
2022-08-12,JU13.MI,100.51000213623047,100.95500183105469,100.51000213623047,100.91000366210938,1618
2022-08-16,JU13.MI,101.95999908447266,101.95999908447266,101.62999725341797,101.67500305175781,878
2022-08-17,JU13.MI,101.67500305175781,101.67500305175781,101.67500305175781,101.67500305175781,0
2022-08-18,JU13.MI,101.67500305175781,101.67500305175781,101.67500305175781,101.67500305175781,0
2022-08-19,JU13.MI,102.97000122070312,102.9749984741211,102.91999816894531,102.91999816894531,152
2022-08-22,JU13.MI,103.48999786376953,103.99500274658203,103.48999786376953,103.99500274658203,149
2022-08-23,JU13.MI,104.30999755859375,104.30999755859375,103.48500061035156,103.53500366210938,1782
2022-08-24,JU13.MI,103.87000274658203,104.13500213623047,103.61000061035156,103.61000061035156,201
2022-08-25,JU13.MI,103.43000030517578,103.6449966430664,103.43000030517578,103.61499786376953,1215
2022-08-26,JU13.MI,103.74500274658203,103.74500274658203,102.59500122070312,103.25,1383
2022-08-29,JU13.MI,103.16500091552734,103.33499908447266,102.98999786376953,103.33499908447266,171
2022-08-30,JU13.MI,102.93499755859375,103.03500366210938,102.88500213623047,102.88500213623047,341
2022-08-31,JU13.MI,103.1500015258789,103.1500015258789,102.53500366210938,102.53500366210938,335
2022-09-01,JU13.MI,103.11499786376953,103.68499755859375,103.11499786376953,103.68499755859375,2115
2022-09-02,JU13.MI,103.19999694824219,103.19999694824219,102.94000244140625,102.94000244140625,87
2022-09-05,JU13.MI,102.94000244140625,102.94000244140625,102.94000244140625,102.94000244140625,0
2022-09-06,JU13.MI,103.72000122070312,104.09500122070312,103.72000122070312,104.0250015258789,225
2022-09-07,JU13.MI,103.76499938964844,103.76499938964844,103.625,103.68000030517578,6
2022-09-08,JU13.MI,103.23999786376953,103.56500244140625,103.23999786376953,103.5250015258789,52
2022-09-09,JU13.MI,102.33999633789062,102.70500183105469,102.33999633789062,102.69499969482422,641
2022-09-12,JU13.MI,101.4800033569336,101.73500061035156,101.4800033569336,101.73500061035156,19
2022-09-13,JU13.MI,101.73500061035156,101.73500061035156,101.73500061035156,101.73500061035156,0
2022-09-14,JU13.MI,101.73500061035156,101.73500061035156,101.73500061035156,101.73500061035156,0
2022-09-15,JU13.MI,101.73500061035156,101.73500061035156,101.73500061035156,101.73500061035156,0
2022-09-16,JU13.MI,101.73500061035156,101.73500061035156,101.73500061035156,101.73500061035156,0
2022-09-19,JU13.MI,101.73500061035156,101.73500061035156,101.73500061035156,101.73500061035156,0
2022-09-20,JU13.MI,101.73500061035156,101.73500061035156,101.73500061035156,101.73500061035156,0
2022-09-21,JU13.MI,103.31500244140625,103.57499694824219,103.31500244140625,103.57499694824219,489
2022-09-22,JU13.MI,103.87000274658203,103.95500183105469,103.3499984741211,103.86000061035156,2973
2022-09-23,JU13.MI,104.61000061035156,104.83499908447266,104.61000061035156,104.81999969482422,239
2022-09-26,JU13.MI,105.08999633789062,105.6050033569336,105.08999633789062,105.6050033569336,688
2022-09-27,JU13.MI,105.83999633789062,105.97000122070312,105.79499816894531,105.95999908447266,174
2022-09-28,JU13.MI,106.62000274658203,106.62000274658203,105.83999633789062,105.83999633789062,177
2022-09-29,JU13.MI,105.83999633789062,105.83999633789062,105.83999633789062,105.83999633789062,0
2022-09-30,JU13.MI,104.05000305175781,104.51499938964844,104.05000305175781,104.15499877929688,394
2022-10-03,JU13.MI,104.4749984741211,104.4749984741211,103.98500061035156,103.98500061035156,410
2022-10-04,JU13.MI,103.6449966430664,103.6449966430664,102.4800033569336,102.4800033569336,1788
2022-10-05,JU13.MI,103.66000366210938,103.70999908447266,103.59500122070312,103.6050033569336,1658
2022-10-06,JU13.MI,103.13999938964844,103.81500244140625,103.11499786376953,103.81500244140625,2059
2022-10-07,JU13.MI,104.33000183105469,104.3499984741211,104.0999984741211,104.125,489
2022-10-10,JU13.MI,104.94000244140625,105.08499908447266,104.54000091552734,105.08499908447266,216
2022-10-11,JU13.MI,104.90499877929688,104.90499877929688,104.8550033569336,104.8550033569336,97
2022-10-12,JU13.MI,104.9800033569336,105.0,104.9800033569336,105.0,41
2022-10-13,JU13.MI,104.62999725341797,104.62999725341797,104.12999725341797,104.12999725341797,67
2022-10-14,JU13.MI,104.54000091552734,104.54000091552734,104.25499725341797,104.25499725341797,1412
2022-10-17,JU13.MI,104.41999816894531,104.41999816894531,103.69499969482422,103.69499969482422,221
2022-10-18,JU13.MI,103.44499969482422,103.55999755859375,103.41000366210938,103.55999755859375,360
2022-10-19,JU13.MI,103.66000366210938,104.0250015258789,103.66000366210938,103.8949966430664,443
2022-10-20,JU13.MI,103.32499694824219,103.375,103.32499694824219,103.375,67
2022-10-21,JU13.MI,103.7249984741211,103.93000030517578,103.70500183105469,103.70500183105469,441
2022-10-24,JU13.MI,103.41000366210938,103.41000366210938,102.95500183105469,102.95500183105469,252
2022-10-25,JU13.MI,103.11000061035156,103.21499633789062,102.13500213623047,102.13500213623047,927
2022-10-26,JU13.MI,101.53500366210938,101.58999633789062,101.20500183105469,101.20500183105469,948
2022-10-27,JU13.MI,101.68000030517578,102.02999877929688,101.68000030517578,102.02999877929688,1106
2022-10-28,JU13.MI,102.4800033569336,102.58499908447266,102.4800033569336,102.58499908447266,1286
2022-10-31,JU13.MI,102.58499908447266,102.58499908447266,102.58499908447266,102.58499908447266,0
2022-11-01,JU13.MI,102.58499908447266,102.58499908447266,102.58499908447266,102.58499908447266,0
2022-11-02,JU13.MI,102.94999694824219,103.13999938964844,102.93000030517578,103.13999938964844,79
2022-11-03,JU13.MI,103.13999938964844,103.13999938964844,103.13999938964844,103.13999938964844,0
2022-11-04,JU13.MI,103.49500274658203,103.49500274658203,102.43499755859375,102.43499755859375,780
2022-11-07,JU13.MI,101.70500183105469,101.71499633789062,101.5199966430664,101.5199966430664,406
2022-11-08,JU13.MI,101.5999984741211,101.5999984741211,100.82499694824219,100.82499694824219,922
2022-11-09,JU13.MI,101.1500015258789,101.19999694824219,101.1500015258789,101.19999694824219,455
2022-11-10,JU13.MI,101.19999694824219,101.19999694824219,101.19999694824219,101.19999694824219,0
2022-11-11,JU13.MI,99.59500122070312,99.59500122070312,99.0250015258789,99.0250015258789,272
2022-11-14,JU13.MI,98.93000030517578,99.0250015258789,98.79499816894531,98.79499816894531,2025
2022-11-15,JU13.MI,98.44000244140625,98.52999877929688,98.44000244140625,98.52999877929688,219
2022-11-16,JU13.MI,98.13500213623047,98.69499969482422,98.13500213623047,98.33999633789062,1087
2022-11-17,JU13.MI,98.9800033569336,98.9800033569336,98.91999816894531,98.91999816894531,32
2022-11-18,JU13.MI,98.75499725341797,98.7699966430664,98.66500091552734,98.66500091552734,223
2022-11-21,JU13.MI,99.54000091552734,99.66999816894531,99.54000091552734,99.66999816894531,32
2022-11-22,JU13.MI,99.3499984741211,99.3499984741211,99.26000213623047,99.33999633789062,120
2022-11-23,JU13.MI,99.06500244140625,99.06500244140625,98.61000061035156,98.61000061035156,332
2022-11-24,JU13.MI,98.37000274658203,98.37000274658203,98.33499908447266,98.33499908447266,138
2022-11-25,JU13.MI,98.43000030517578,98.55999755859375,98.36000061035156,98.36000061035156,3126
2022-11-28,JU13.MI,97.68499755859375,98.5250015258789,97.68499755859375,98.5250015258789,230
2022-11-29,JU13.MI,98.6500015258789,98.93499755859375,98.63500213623047,98.93499755859375,159
2022-11-30,JU13.MI,98.49500274658203,99.03500366210938,98.49500274658203,99.03500366210938,67
2022-12-01,JU13.MI,98.38500213623047,98.4000015258789,97.77999877929688,97.77999877929688,121
2022-12-02,JU13.MI,97.73999786376953,98.09500122070312,97.73999786376953,97.78500366210938,361
2022-12-05,JU13.MI,97.37000274658203,97.54000091552734,97.30500030517578,97.54000091552734,1368
2022-12-06,JU13.MI,97.75,97.75,97.45500183105469,97.45500183105469,1326
2022-12-07,JU13.MI,97.80500030517578,97.9000015258789,97.63500213623047,97.9000015258789,56
2022-12-08,JU13.MI,97.9000015258789,97.9000015258789,97.9000015258789,97.9000015258789,0
2022-12-09,JU13.MI,97.9000015258789,97.9000015258789,97.9000015258789,97.9000015258789,0
2022-12-12,JU13.MI,97.25499725341797,97.43499755859375,97.12999725341797,97.43499755859375,2620
2022-12-13,JU13.MI,97.37999725341797,97.38999938964844,96.61000061035156,96.61000061035156,523
2022-12-14,JU13.MI,96.6449966430664,96.74500274658203,96.63500213623047,96.63500213623047,768
2022-12-15,JU13.MI,96.94000244140625,96.94000244140625,96.63999938964844,96.63999938964844,520
2022-12-16,JU13.MI,96.63999938964844,96.63999938964844,96.63999938964844,96.63999938964844,0
2022-12-19,JU13.MI,97.1050033569336,97.1050033569336,96.95500183105469,96.98999786376953,117
2022-12-20,JU13.MI,96.98999786376953,96.98999786376953,96.98999786376953,96.98999786376953,0
2022-12-21,JU13.MI,96.99500274658203,97.03500366210938,96.99500274658203,97.03500366210938,48
2022-12-22,JU13.MI,97.03500366210938,97.03500366210938,97.03500366210938,97.03500366210938,0
2022-12-23,JU13.MI,96.9000015258789,96.95999908447266,96.83000183105469,96.83000183105469,712
2022-12-27,JU13.MI,96.51499938964844,96.51499938964844,96.44999694824219,96.44999694824219,67
2022-12-28,JU13.MI,96.55000305175781,96.74500274658203,96.55000305175781,96.74500274658203,761
2022-12-29,JU13.MI,96.74500274658203,96.74500274658203,96.74500274658203,96.74500274658203,0
2022-12-30,JU13.MI,96.74500274658203,96.74500274658203,96.74500274658203,96.74500274658203,0
2023-01-02,JU13.MI,96.26000213623047,96.41500091552734,96.01000213623047,96.41500091552734,3029
2023-01-03,JU13.MI,97.2249984741211,97.38500213623047,97.2249984741211,97.38500213623047,71
2023-01-04,JU13.MI,96.94000244140625,97.0,96.94000244140625,97.0,24
2023-01-05,JU13.MI,97.01499938964844,97.54499816894531,97.01499938964844,97.54499816894531,67
2023-01-06,JU13.MI,97.75,97.75,97.19499969482422,97.19499969482422,67
2023-01-09,JU13.MI,97.19499969482422,97.19499969482422,97.19499969482422,97.19499969482422,0
2023-01-10,JU13.MI,96.15499877929688,96.15499877929688,96.02999877929688,96.02999877929688,82
2023-01-11,JU13.MI,95.74500274658203,95.94499969482422,95.74500274658203,95.94499969482422,6
2023-01-12,JU13.MI,95.91999816894531,95.91999816894531,95.59500122070312,95.59500122070312,910
2023-01-13,JU13.MI,95.51499938964844,95.58000183105469,95.51499938964844,95.58000183105469,103
2023-01-16,JU13.MI,95.30999755859375,95.44000244140625,95.30999755859375,95.41999816894531,581
2023-01-17,JU13.MI,95.45999908447266,95.6500015258789,95.38500213623047,95.6500015258789,1076
2023-01-18,JU13.MI,95.30500030517578,95.66500091552734,95.30500030517578,95.66500091552734,273
2023-01-19,JU13.MI,95.8499984741211,95.96499633789062,95.84500122070312,95.95999908447266,183
2023-01-20,JU13.MI,95.54000091552734,95.57499694824219,95.43499755859375,95.43499755859375,92
2023-01-23,JU13.MI,95.25,95.25,95.13999938964844,95.13999938964844,149
2023-01-24,JU13.MI,95.16000366210938,95.16000366210938,95.0250015258789,95.0250015258789,371
2023-01-25,JU13.MI,94.90499877929688,95.0,94.84500122070312,95.0,1031
2023-01-26,JU13.MI,95.01000213623047,95.19499969482422,95.01000213623047,95.19499969482422,781
2023-01-27,JU13.MI,95.13999938964844,95.20999908447266,95.13999938964844,95.20999908447266,160
2023-01-30,JU13.MI,94.76499938964844,95.05500030517578,94.76499938964844,95.05500030517578,204
2023-01-31,JU13.MI,95.4000015258789,95.4000015258789,95.19499969482422,95.19499969482422,160
2023-02-01,JU13.MI,95.19499969482422,95.19499969482422,95.19499969482422,95.19499969482422,0
2023-02-02,JU13.MI,94.30999755859375,94.95500183105469,94.30999755859375,94.95500183105469,25
2023-02-03,JU13.MI,94.88999938964844,95.40499877929688,94.81500244140625,95.33999633789062,818
2023-02-06,JU13.MI,95.86000061035156,96.30000305175781,95.70500183105469,96.03500366210938,11107
2023-02-07,JU13.MI,96.2300033569336,96.54499816894531,96.2300033569336,96.375,395
2023-02-08,JU13.MI,95.94499969482422,96.16500091552734,95.9000015258789,96.12999725341797,665
2023-02-09,JU13.MI,96.12999725341797,96.12999725341797,96.12999725341797,96.12999725341797,0
2023-02-10,JU13.MI,96.375,96.48500061035156,96.32499694824219,96.48500061035156,725
2023-02-13,JU13.MI,96.44000244140625,96.44499969482422,96.07499694824219,96.07499694824219,157
2023-02-14,JU13.MI,95.81500244140625,95.88999938964844,95.42500305175781,95.88999938964844,1458
2023-02-15,JU13.MI,95.97000122070312,96.3499984741211,95.97000122070312,96.30999755859375,629
2023-02-16,JU13.MI,96.21499633789062,96.30999755859375,96.09500122070312,96.30000305175781,1844
2023-02-17,JU13.MI,96.6449966430664,96.6449966430664,96.4749984741211,96.4749984741211,2
2023-02-20,JU13.MI,96.18000030517578,96.29499816894531,96.1500015258789,96.2300033569336,10895
2023-02-21,JU13.MI,96.50499725341797,96.50499725341797,96.2699966430664,96.2699966430664,763
2023-02-22,JU13.MI,96.5199966430664,96.7300033569336,96.5199966430664,96.7300033569336,1005
2023-02-23,JU13.MI,96.94000244140625,97.01499938964844,96.86000061035156,97.01499938964844,597
2023-02-24,JU13.MI,97.34500122070312,97.34500122070312,97.19499969482422,97.19499969482422,347
2023-02-27,JU13.MI,97.06500244140625,97.06500244140625,96.68499755859375,96.8949966430664,1226
2023-02-28,JU13.MI,96.68000030517578,96.74500274658203,96.49500274658203,96.7300033569336,1056
2023-03-01,JU13.MI,96.7300033569336,96.7300033569336,96.7300033569336,96.7300033569336,0
2023-03-02,JU13.MI,96.44000244140625,96.62999725341797,96.44000244140625,96.62999725341797,99
2023-03-03,JU13.MI,96.5999984741211,96.66500091552734,96.5999984741211,96.66500091552734,30
2023-03-06,JU13.MI,96.55000305175781,96.55000305175781,95.96499633789062,96.01499938964844,117
2023-03-07,JU13.MI,96.33499908447266,96.83499908447266,96.33499908447266,96.83499908447266,1292
2023-03-08,JU13.MI,96.97000122070312,96.97000122070312,96.875,96.875,1235
2023-03-09,JU13.MI,96.95500183105469,96.95500183105469,96.83499908447266,96.83499908447266,74
2023-03-10,JU13.MI,96.56999969482422,96.59500122070312,96.4800033569336,96.4800033569336,109
2023-03-13,JU13.MI,97.19499969482422,97.4749984741211,96.80999755859375,96.80999755859375,2028
2023-03-14,JU13.MI,96.70999908447266,96.70999908447266,96.52999877929688,96.55000305175781,1171
2023-03-15,JU13.MI,97.23500061035156,99.2300033569336,97.23500061035156,99.2300033569336,66
2023-03-16,JU13.MI,98.17500305175781,98.17500305175781,97.94999694824219,97.94999694824219,109
2023-03-17,JU13.MI,97.76499938964844,98.04499816894531,97.76499938964844,97.80000305175781,103
2023-03-20,JU13.MI,97.80000305175781,97.80000305175781,97.80000305175781,97.80000305175781,0
2023-03-21,JU13.MI,96.62999725341797,96.62999725341797,96.51499938964844,96.54499816894531,1996
2023-03-22,JU13.MI,96.38500213623047,96.38500213623047,96.33499908447266,96.33499908447266,602
2023-03-23,JU13.MI,95.97000122070312,96.03500366210938,95.81999969482422,96.03500366210938,6490
2023-03-24,JU13.MI,97.66999816894531,97.68499755859375,97.4000015258789,97.4000015258789,1666
2023-03-27,JU13.MI,96.79000091552734,96.88999938964844,96.79000091552734,96.88999938964844,53
2023-03-28,JU13.MI,96.36499786376953,96.36499786376953,96.18499755859375,96.18499755859375,210
2023-03-29,JU13.MI,96.04499816894531,96.23999786376953,96.04499816894531,96.23999786376953,27
2023-03-30,JU13.MI,95.5199966430664,95.54000091552734,95.50499725341797,95.50499725341797,135
2023-03-31,JU13.MI,95.68000030517578,95.91999816894531,95.68000030517578,95.91999816894531,211
2023-04-03,JU13.MI,95.75499725341797,95.9749984741211,95.69999694824219,95.9749984741211,4111
2023-04-04,JU13.MI,95.55000305175781,95.58999633789062,95.54499816894531,95.54499816894531,329
2023-04-05,JU13.MI,95.625,96.27999877929688,95.625,96.20500183105469,144
2023-04-06,JU13.MI,96.20500183105469,96.20500183105469,96.20500183105469,96.20500183105469,0
2023-04-11,JU13.MI,95.62000274658203,95.63999938964844,95.61499786376953,95.63999938964844,129
2023-04-12,JU13.MI,95.51499938964844,95.51499938964844,95.20500183105469,95.20500183105469,16
2023-04-13,JU13.MI,94.9000015258789,94.9000015258789,94.68000030517578,94.68000030517578,20
2023-04-14,JU13.MI,94.61000061035156,94.95999908447266,94.56500244140625,94.95999908447266,5004
2023-04-17,JU13.MI,95.16000366210938,95.45500183105469,95.16000366210938,95.45500183105469,80
2023-04-18,JU13.MI,95.05500030517578,95.13500213623047,95.05500030517578,95.08000183105469,422
2023-04-19,JU13.MI,95.08000183105469,95.08000183105469,95.08000183105469,95.08000183105469,0
2023-04-20,JU13.MI,95.08000183105469,95.08000183105469,95.08000183105469,95.08000183105469,0
2023-04-21,JU13.MI,95.08499908447266,95.08499908447266,95.0250015258789,95.0250015258789,135
2023-04-24,JU13.MI,94.98999786376953,95.0,94.7300033569336,94.7300033569336,6109
2023-04-25,JU13.MI,94.7300033569336,94.7300033569336,94.7300033569336,94.7300033569336,0
2023-04-26,JU13.MI,94.79000091552734,94.79000091552734,94.5999984741211,94.7750015258789,2282
2023-04-27,JU13.MI,94.95500183105469,94.95500183105469,94.83499908447266,94.83499908447266,53
2023-04-28,JU13.MI,94.94999694824219,94.94999694824219,94.73500061035156,94.73500061035156,494
2023-05-02,JU13.MI,95.37000274658203,95.37000274658203,95.3499984741211,95.3499984741211,152
2023-05-03,JU13.MI,94.91999816894531,94.91999816894531,94.80999755859375,94.80999755859375,70
2023-05-04,JU13.MI,94.87999725341797,95.5999984741211,94.87999725341797,95.58000183105469,5809
2023-05-05,JU13.MI,95.58000183105469,95.58000183105469,95.58000183105469,95.58000183105469,0
2023-05-08,JU13.MI,95.03500366210938,95.12999725341797,95.02999877929688,95.12999725341797,211
2023-05-09,JU13.MI,95.52999877929688,95.57499694824219,95.52999877929688,95.57499694824219,78
2023-05-10,JU13.MI,95.43000030517578,95.53500366210938,95.43000030517578,95.53500366210938,635
2023-05-11,JU13.MI,96.00499725341797,96.43000030517578,96.00499725341797,96.25,250
2023-05-12,JU13.MI,96.47000122070312,96.58999633789062,96.47000122070312,96.58999633789062,3168
2023-05-15,JU13.MI,96.48999786376953,96.48999786376953,96.32499694824219,96.43000030517578,1225
2023-05-16,JU13.MI,96.36499786376953,96.37000274658203,96.36499786376953,96.36499786376953,154
2023-05-17,JU13.MI,96.5999984741211,96.5999984741211,96.5999984741211,96.5999984741211,10
2023-05-18,JU13.MI,96.67500305175781,96.98500061035156,96.67500305175781,96.98500061035156,65
2023-05-19,JU13.MI,96.48500061035156,96.65499877929688,96.48500061035156,96.58999633789062,6052
2023-05-22,JU13.MI,96.5,96.55999755859375,96.48999786376953,96.55999755859375,239
2023-05-23,JU13.MI,96.69499969482422,96.7249984741211,96.59500122070312,96.7249984741211,126
2023-05-24,JU13.MI,96.80999755859375,96.87000274658203,96.80999755859375,96.87000274658203,12
2023-05-25,JU13.MI,97.08499908447266,97.08499908447266,97.03500366210938,97.03500366210938,67
2023-05-26,JU13.MI,96.88999938964844,96.91999816894531,96.7750015258789,96.91999816894531,414
2023-05-29,JU13.MI,96.93499755859375,96.93499755859375,96.91000366210938,96.93499755859375,144
2023-05-30,JU13.MI,96.87999725341797,96.99500274658203,96.87999725341797,96.99500274658203,51
2023-05-31,JU13.MI,97.58999633789062,97.76000213623047,97.58999633789062,97.76000213623047,1665
2023-06-01,JU13.MI,97.76000213623047,97.76000213623047,97.76000213623047,97.76000213623047,0
2023-06-02,JU13.MI,97.76000213623047,97.76000213623047,97.76000213623047,97.76000213623047,0
2023-06-05,JU13.MI,97.29499816894531,97.29499816894531,97.18000030517578,97.18000030517578,207
2023-06-06,JU13.MI,97.12999725341797,97.36000061035156,97.12999725341797,97.33499908447266,165
2023-06-07,JU13.MI,96.92500305175781,97.06999969482422,96.92500305175781,97.06999969482422,1349
2023-06-08,JU13.MI,96.74500274658203,96.76000213623047,96.62000274658203,96.62000274658203,1345
2023-06-09,JU13.MI,96.55000305175781,96.69499969482422,96.55000305175781,96.69499969482422,290
2023-06-12,JU13.MI,96.63999938964844,96.68000030517578,96.63500213623047,96.68000030517578,169
2023-06-13,JU13.MI,96.37000274658203,96.37000274658203,96.28500366210938,96.28500366210938,93
2023-06-14,JU13.MI,95.87000274658203,95.875,95.80000305175781,95.80000305175781,987
2023-06-15,JU13.MI,96.00499725341797,96.00499725341797,95.08000183105469,95.08000183105469,1530
2023-06-16,JU13.MI,94.91000366210938,95.0199966430664,94.91000366210938,95.0199966430664,67
2023-06-19,JU13.MI,94.94000244140625,95.06999969482422,94.94000244140625,94.97000122070312,227
2023-06-20,JU13.MI,95.22000122070312,95.30999755859375,95.21499633789062,95.30999755859375,173
2023-06-21,JU13.MI,94.98500061035156,94.98500061035156,94.83000183105469,94.83000183105469,4
2023-06-22,JU13.MI,94.6050033569336,94.77999877929688,94.6050033569336,94.77999877929688,1352
2023-06-23,JU13.MI,95.44499969482422,95.45999908447266,95.44499969482422,95.45999908447266,726
2023-06-26,JU13.MI,95.2249984741211,95.31999969482422,95.2249984741211,95.2300033569336,383
2023-06-27,JU13.MI,94.76499938964844,94.82499694824219,94.75499725341797,94.75499725341797,599
2023-06-28,JU13.MI,95.05500030517578,95.1500015258789,95.05500030517578,95.1500015258789,796
2023-06-29,JU13.MI,95.125,95.22000122070312,95.125,95.22000122070312,201
2023-06-30,JU13.MI,95.22000122070312,95.22000122070312,95.22000122070312,95.22000122070312,0
2023-07-03,JU13.MI,94.98500061035156,94.98500061035156,94.93000030517578,94.93000030517578,147
2023-07-04,JU13.MI,95.05500030517578,95.06999969482422,95.05500030517578,95.06999969482422,57
2023-07-05,JU13.MI,95.1500015258789,95.2750015258789,95.1500015258789,95.2750015258789,11
2023-07-06,JU13.MI,95.20999908447266,95.32499694824219,95.1500015258789,95.1500015258789,201
2023-07-07,JU13.MI,94.88999938964844,94.88999938964844,94.65499877929688,94.65499877929688,480
2023-07-10,JU13.MI,94.44499969482422,94.44499969482422,94.43499755859375,94.43499755859375,110
2023-07-11,JU13.MI,94.37000274658203,94.375,94.36000061035156,94.36000061035156,87
2023-07-12,JU13.MI,93.79499816894531,93.79499816894531,93.54499816894531,93.54499816894531,908
2023-07-13,JU13.MI,93.49500274658203,93.49500274658203,93.1449966430664,93.1449966430664,469
2023-07-14,JU13.MI,92.7699966430664,92.7699966430664,92.66000366210938,92.66000366210938,717
2023-07-17,JU13.MI,92.62999725341797,92.75,92.62999725341797,92.66500091552734,143
2023-07-18,JU13.MI,92.71499633789062,92.75499725341797,92.71499633789062,92.75499725341797,325
2023-07-19,JU13.MI,93.09500122070312,93.09500122070312,93.01499938964844,93.01499938964844,1132
2023-07-20,JU13.MI,93.01000213623047,93.30999755859375,93.01000213623047,93.30999755859375,67
2023-07-21,JU13.MI,93.6449966430664,93.6449966430664,93.54499816894531,93.54499816894531,282
2023-07-24,JU13.MI,93.3499984741211,93.94999694824219,93.3499984741211,93.94999694824219,224
2023-07-25,JU13.MI,94.06999969482422,94.08499908447266,94.04000091552734,94.04000091552734,1319
2023-07-26,JU13.MI,94.04000091552734,94.04000091552734,94.04000091552734,94.04000091552734,0
2023-07-27,JU13.MI,93.47000122070312,94.49500274658203,93.47000122070312,94.49500274658203,1385
2023-07-28,JU13.MI,94.49500274658203,94.49500274658203,94.49500274658203,94.49500274658203,0
2023-07-31,JU13.MI,94.15499877929688,94.33999633789062,94.15499877929688,94.33999633789062,142
2023-08-01,JU13.MI,94.75,94.79499816894531,94.75,94.79499816894531,270
2023-08-02,JU13.MI,95.13999938964844,95.13999938964844,95.00499725341797,95.00499725341797,4
2023-08-03,JU13.MI,95.1500015258789,95.1500015258789,94.99500274658203,94.99500274658203,4
2023-08-04,JU13.MI,94.54000091552734,94.54000091552734,94.375,94.375,8
2023-08-07,JU13.MI,94.77999877929688,94.77999877929688,94.76499938964844,94.76499938964844,91
2023-08-08,JU13.MI,95.05500030517578,95.33999633789062,95.05500030517578,95.23500061035156,335
2023-08-09,JU13.MI,94.97000122070312,95.0199966430664,94.97000122070312,95.0199966430664,138
2023-08-10,JU13.MI,95.0199966430664,95.0199966430664,95.0199966430664,95.0199966430664,0
2023-08-11,JU13.MI,95.0199966430664,95.0199966430664,95.0199966430664,95.0199966430664,0
2023-08-14,JU13.MI,95.0199966430664,95.0199966430664,95.0199966430664,95.0199966430664,0
2023-08-16,JU13.MI,95.31999969482422,95.42500305175781,95.30000305175781,95.42500305175781,202
2023-08-17,JU13.MI,95.42500305175781,95.42500305175781,95.42500305175781,95.42500305175781,0
2023-08-18,JU13.MI,95.42500305175781,95.42500305175781,95.42500305175781,95.42500305175781,0
2023-08-21,JU13.MI,95.42500305175781,95.42500305175781,95.42500305175781,95.42500305175781,0
2023-08-22,JU13.MI,95.61499786376953,95.83999633789062,95.61499786376953,95.83999633789062,400
2023-08-23,JU13.MI,95.74500274658203,96.1449966430664,95.74500274658203,95.99500274658203,2616
2023-08-24,JU13.MI,95.99500274658203,95.99500274658203,95.99500274658203,95.99500274658203,0
2023-08-25,JU13.MI,95.99500274658203,95.99500274658203,95.99500274658203,95.99500274658203,0
2023-08-28,JU13.MI,96.23500061035156,96.27999877929688,96.23500061035156,96.27999877929688,42
2023-08-29,JU13.MI,96.13999938964844,96.16500091552734,96.13999938964844,96.16500091552734,162
2023-08-30,JU13.MI,96.16500091552734,96.16500091552734,96.16500091552734,96.16500091552734,0
2023-08-31,JU13.MI,96.16500091552734,96.16500091552734,96.16500091552734,96.16500091552734,0
2023-09-01,JU13.MI,96.16500091552734,96.16500091552734,96.16500091552734,96.16500091552734,0
2023-09-04,JU13.MI,96.69499969482422,96.7300033569336,96.69499969482422,96.7300033569336,26
2023-09-05,JU13.MI,97.2699966430664,97.37000274658203,97.2699966430664,97.37000274658203,36
2023-09-06,JU13.MI,97.19000244140625,97.19000244140625,97.16999816894531,97.19000244140625,201
2023-09-07,JU13.MI,97.19000244140625,97.19000244140625,97.19000244140625,97.19000244140625,0
2023-09-08,JU13.MI,97.19000244140625,97.19000244140625,97.19000244140625,97.19000244140625,0
2023-09-11,JU13.MI,96.98500061035156,97.0199966430664,96.9749984741211,97.0199966430664,111
2023-09-12,JU13.MI,97.2750015258789,97.2750015258789,97.18000030517578,97.18000030517578,1555
2023-09-13,JU13.MI,97.18000030517578,97.18000030517578,97.18000030517578,97.18000030517578,0
2023-09-14,JU13.MI,97.18000030517578,97.18000030517578,97.18000030517578,97.18000030517578,0
2023-09-15,JU13.MI,97.77999877929688,97.83499908447266,97.67500305175781,97.67500305175781,143
2023-09-18,JU13.MI,97.70999908447266,97.70999908447266,97.58000183105469,97.58000183105469,169
2023-09-19,JU13.MI,97.53500366210938,97.54000091552734,97.51000213623047,97.54000091552734,132
2023-09-20,JU13.MI,97.22000122070312,97.2750015258789,97.22000122070312,97.2750015258789,6
2023-09-21,JU13.MI,97.2750015258789,97.2750015258789,97.2750015258789,97.2750015258789,0
2023-09-22,JU13.MI,97.80500030517578,97.91999816894531,97.80000305175781,97.80000305175781,1392
2023-09-25,JU13.MI,97.94000244140625,98.47000122070312,97.94000244140625,98.47000122070312,1441
2023-09-26,JU13.MI,98.30500030517578,98.5250015258789,98.30500030517578,98.5250015258789,306
2023-09-27,JU13.MI,98.79000091552734,99.09500122070312,98.79000091552734,99.05999755859375,146
2023-09-28,JU13.MI,99.05999755859375,99.05999755859375,99.05999755859375,99.05999755859375,0
2023-09-29,JU13.MI,99.05999755859375,99.05999755859375,99.05999755859375,99.05999755859375,0
2023-10-02,JU13.MI,98.69999694824219,99.20999908447266,98.69499969482422,99.19999694824219,418
2023-10-03,JU13.MI,99.54000091552734,99.62999725341797,99.42500305175781,99.62999725341797,2837
2023-10-04,JU13.MI,99.36499786376953,99.36499786376953,99.23999786376953,99.23999786376953,6
2023-10-05,JU13.MI,99.31999969482422,99.33000183105469,99.25,99.25,467
2023-10-06,JU13.MI,99.28500366210938,99.28500366210938,98.59500122070312,98.59500122070312,67
2023-10-09,JU13.MI,99.12999725341797,99.23500061035156,99.11000061035156,99.23500061035156,86
2023-10-10,JU13.MI,98.68000030517578,98.69999694824219,98.68000030517578,98.69999694824219,160
2023-10-11,JU13.MI,98.40499877929688,98.5250015258789,98.40499877929688,98.5250015258789,1330
2023-10-12,JU13.MI,98.5250015258789,98.5250015258789,98.5250015258789,98.5250015258789,0
2023-10-13,JU13.MI,98.5250015258789,98.5250015258789,98.5250015258789,98.5250015258789,0
2023-10-16,JU13.MI,99.19499969482422,99.19499969482422,99.08000183105469,99.08000183105469,1454
2023-10-17,JU13.MI,98.625,98.625,98.58000183105469,98.58000183105469,138
2023-10-18,JU13.MI,98.6050033569336,98.95500183105469,98.6050033569336,98.95500183105469,1110
2023-10-19,JU13.MI,98.95500183105469,98.95500183105469,98.95500183105469,98.95500183105469,0
2023-10-20,JU13.MI,98.95500183105469,98.95500183105469,98.95500183105469,98.95500183105469,0
2023-10-23,JU13.MI,98.63999938964844,98.63999938964844,98.31500244140625,98.31500244140625,34
2023-10-24,JU13.MI,98.58999633789062,98.74500274658203,98.55999755859375,98.74500274658203,137
2023-10-25,JU13.MI,98.82499694824219,98.82499694824219,98.70999908447266,98.70999908447266,3
2023-10-26,JU13.MI,98.70999908447266,98.70999908447266,98.70999908447266,98.70999908447266,0
2023-10-27,JU13.MI,98.70999908447266,98.70999908447266,98.70999908447266,98.70999908447266,0
2023-10-30,JU13.MI,98.70999908447266,98.70999908447266,98.70999908447266,98.70999908447266,0
2023-10-31,JU13.MI,98.36499786376953,99.0999984741211,98.36499786376953,99.0999984741211,2821
2023-11-01,JU13.MI,99.2249984741211,99.44499969482422,99.2249984741211,99.44499969482422,133
2023-11-02,JU13.MI,98.73500061035156,98.8499984741211,98.63500213623047,98.8499984741211,825
2023-11-03,JU13.MI,98.8499984741211,98.8499984741211,98.8499984741211,98.8499984741211,0
2023-11-06,JU13.MI,98.8499984741211,98.8499984741211,98.8499984741211,98.8499984741211,0
2023-11-07,JU13.MI,98.30000305175781,98.33499908447266,98.30000305175781,98.33499908447266,129
2023-11-08,JU13.MI,98.36499786376953,98.36499786376953,98.18000030517578,98.18000030517578,308
2023-11-09,JU13.MI,98.18000030517578,98.18000030517578,98.18000030517578,98.18000030517578,0
2023-11-10,JU13.MI,98.30999755859375,98.37999725341797,98.30999755859375,98.37999725341797,74
2023-11-13,JU13.MI,98.20999908447266,98.20999908447266,98.11000061035156,98.11000061035156,41
2023-11-14,JU13.MI,96.9749984741211,97.08000183105469,96.9749984741211,97.08000183105469,613
2023-11-15,JU13.MI,97.03500366210938,97.03500366210938,96.86000061035156,96.86000061035156,5
2023-11-16,JU13.MI,96.77999877929688,97.06999969482422,96.77999877929688,97.06999969482422,195
2023-11-17,JU13.MI,97.06999969482422,97.06999969482422,97.06999969482422,97.06999969482422,0
2023-11-20,JU13.MI,96.31500244140625,96.31500244140625,96.2300033569336,96.2300033569336,17
2023-11-21,JU13.MI,96.2699966430664,96.4749984741211,96.2699966430664,96.4749984741211,130
2023-11-22,JU13.MI,96.98999786376953,96.98999786376953,96.93499755859375,96.93499755859375,67
2023-11-23,JU13.MI,96.61000061035156,96.61000061035156,96.56500244140625,96.6050033569336,2565
2023-11-24,JU13.MI,96.6050033569336,96.6050033569336,96.6050033569336,96.6050033569336,0
2023-11-27,JU13.MI,96.36499786376953,96.43000030517578,96.36499786376953,96.43000030517578,6
2023-11-28,JU13.MI,96.13999938964844,96.13999938964844,96.11499786376953,96.11499786376953,46
2023-11-29,JU13.MI,96.48999786376953,96.50499725341797,96.48999786376953,96.50499725341797,5
2023-11-30,JU13.MI,97.04000091552734,97.08000183105469,96.99500274658203,96.99500274658203,1627
2023-12-01,JU13.MI,97.16999816894531,97.76499938964844,97.16999816894531,97.57499694824219,3841
2023-12-04,JU13.MI,97.87999725341797,97.8949966430664,97.87999725341797,97.8949966430664,2
2023-12-05,JU13.MI,97.93000030517578,98.25499725341797,97.93000030517578,98.25499725341797,111
2023-12-06,JU13.MI,98.28500366210938,98.31999969482422,98.28500366210938,98.31999969482422,5
2023-12-07,JU13.MI,98.31999969482422,98.31999969482422,98.31999969482422,98.31999969482422,0
2023-12-08,JU13.MI,98.31999969482422,98.31999969482422,98.31999969482422,98.31999969482422,0
2023-12-11,JU13.MI,98.3499984741211,98.55500030517578,98.25,98.5,6806
2023-12-12,JU13.MI,98.5,98.5,98.5,98.5,0
2023-12-13,JU13.MI,98.5,98.5,98.5,98.5,0
2023-12-14,JU13.MI,98.5,98.5,98.5,98.5,0
2023-12-15,JU13.MI,97.1050033569336,97.70999908447266,97.1050033569336,97.70999908447266,796
2023-12-18,JU13.MI,97.5199966430664,97.55999755859375,97.50499725341797,97.55999755859375,136
2023-12-19,JU13.MI,97.04000091552734,97.08499908447266,97.04000091552734,97.08499908447266,1187
2023-12-20,JU13.MI,97.29000091552734,97.29000091552734,97.23999786376953,97.23999786376953,94
2023-12-21,JU13.MI,97.23999786376953,97.23999786376953,97.23999786376953,97.23999786376953,0
2023-12-22,JU13.MI,96.79499816894531,96.97000122070312,96.79499816894531,96.97000122070312,2
2023-12-27,JU13.MI,96.24500274658203,96.24500274658203,96.16999816894531,96.16999816894531,1
2023-12-28,JU13.MI,96.28500366210938,96.56999969482422,96.28500366210938,96.56999969482422,1
2023-12-29,JU13.MI,96.76499938964844,96.79499816894531,96.76499938964844,96.79499816894531,1087
2024-01-02,JU13.MI,96.95500183105469,97.57499694824219,96.95500183105469,97.57499694824219,1282
2024-01-03,JU13.MI,97.88999938964844,97.91000366210938,97.88999938964844,97.91000366210938,64
2024-01-04,JU13.MI,97.91000366210938,97.91000366210938,97.91000366210938,97.91000366210938,0
2024-01-05,JU13.MI,97.91000366210938,97.91000366210938,97.91000366210938,97.91000366210938,0
2024-01-08,JU13.MI,97.91000366210938,97.91000366210938,97.91000366210938,97.91000366210938,0
2024-01-09,JU13.MI,97.71499633789062,97.83499908447266,97.71499633789062,97.83499908447266,63
2024-01-10,JU13.MI,97.83499908447266,97.83499908447266,97.83499908447266,97.83499908447266,0
2024-01-11,JU13.MI,97.83499908447266,97.83499908447266,97.83499908447266,97.83499908447266,0
2024-01-12,JU13.MI,97.91999816894531,97.91999816894531,97.87999725341797,97.87999725341797,95
2024-01-15,JU13.MI,98.0250015258789,98.08000183105469,98.0250015258789,98.04499816894531,98
2024-01-16,JU13.MI,98.54000091552734,98.68000030517578,98.52999877929688,98.52999877929688,219
2024-01-17,JU13.MI,98.58000183105469,98.67500305175781,98.56999969482422,98.6050033569336,285
2024-01-18,JU13.MI,98.6050033569336,98.6050033569336,98.6050033569336,98.6050033569336,0
2024-01-19,JU13.MI,98.47000122070312,98.47000122070312,98.27999877929688,98.27999877929688,95
2024-01-22,JU13.MI,98.2249984741211,98.27999877929688,98.2249984741211,98.27999877929688,5
2024-01-23,JU13.MI,98.27999877929688,98.27999877929688,98.27999877929688,98.27999877929688,0
2024-01-24,JU13.MI,98.15499877929688,98.16999816894531,98.15499877929688,98.16999816894531,19
2024-01-25,JU13.MI,98.70500183105469,98.86499786376953,98.70500183105469,98.86499786376953,428
2024-01-26,JU13.MI,98.86499786376953,98.86499786376953,98.86499786376953,98.86499786376953,0
2024-01-29,JU13.MI,98.93499755859375,99.16000366210938,98.93499755859375,99.1449966430664,383
2024-01-30,JU13.MI,99.1449966430664,99.1449966430664,99.1449966430664,99.1449966430664,0
2024-01-31,JU13.MI,98.88999938964844,99.01499938964844,98.73999786376953,99.01499938964844,4093
2024-02-01,JU13.MI,99.34500122070312,99.34500122070312,99.125,99.125,7
2024-02-02,JU13.MI,99.125,99.125,99.125,99.125,0
2024-02-05,JU13.MI,99.125,99.125,99.125,99.125,0
2024-02-06,JU13.MI,99.125,99.125,99.125,99.125,0
2024-02-07,JU13.MI,99.47000122070312,99.55000305175781,99.47000122070312,99.55000305175781,12
2024-02-08,JU13.MI,99.55000305175781,99.55000305175781,99.55000305175781,99.55000305175781,0
2024-02-09,JU13.MI,99.20500183105469,99.20500183105469,99.20500183105469,99.20500183105469,280
2024-02-12,JU13.MI,99.41999816894531,99.41999816894531,99.31500244140625,99.31500244140625,599
2024-02-13,JU13.MI,99.44000244140625,99.63999938964844,99.44000244140625,99.63999938964844,333
2024-02-14,JU13.MI,99.57499694824219,99.57499694824219,99.55999755859375,99.55999755859375,14
2024-02-15,JU13.MI,99.62000274658203,99.62000274658203,99.2699966430664,99.375,4736
2024-02-16,JU13.MI,99.29499816894531,99.29499816894531,99.08000183105469,99.08000183105469,201
2024-02-19,JU13.MI,99.19000244140625,99.19499969482422,99.19000244140625,99.19499969482422,20
2024-02-20,JU13.MI,98.88999938964844,98.88999938964844,98.7750015258789,98.8499984741211,1181
2024-02-21,JU13.MI,98.8499984741211,98.8499984741211,98.8499984741211,98.8499984741211,0
2024-02-22,JU13.MI,98.33499908447266,98.70999908447266,98.33499908447266,98.70999908447266,95
2024-02-23,JU13.MI,98.70999908447266,98.70999908447266,98.67500305175781,98.67500305175781,1022
2024-02-26,JU13.MI,98.43000030517578,98.43000030517578,98.41999816894531,98.41999816894531,2
2024-02-27,JU13.MI,98.37000274658203,98.37999725341797,98.37000274658203,98.37999725341797,17
2024-02-28,JU13.MI,98.7750015258789,98.86499786376953,98.59500122070312,98.59500122070312,3201
2024-02-29,JU13.MI,98.54000091552734,98.94000244140625,98.54000091552734,98.94000244140625,2132
2024-03-01,JU13.MI,98.94000244140625,98.94000244140625,98.94000244140625,98.94000244140625,0
2024-03-04,JU13.MI,98.57499694824219,98.58999633789062,98.55000305175781,98.55000305175781,7726
2024-03-05,JU13.MI,98.6050033569336,98.61000061035156,98.58499908447266,98.58499908447266,1884
2024-03-06,JU13.MI,98.41000366210938,98.41000366210938,98.2699966430664,98.2699966430664,5
2024-03-07,JU13.MI,98.16999816894531,98.18000030517578,98.05500030517578,98.05500030517578,1875
2024-03-08,JU13.MI,98.08999633789062,98.09500122070312,98.05500030517578,98.05500030517578,1719
2024-03-11,JU13.MI,98.05500030517578,98.05500030517578,98.05500030517578,98.05500030517578,0
2024-03-12,JU13.MI,98.16500091552734,98.16500091552734,98.12999725341797,98.12999725341797,28
2024-03-13,JU13.MI,98.12999725341797,98.12999725341797,98.12999725341797,98.12999725341797,0
2024-03-14,JU13.MI,98.12999725341797,98.12999725341797,98.12999725341797,98.12999725341797,0
2024-03-15,JU13.MI,98.18000030517578,98.23500061035156,98.18000030517578,98.23500061035156,788
2024-03-18,JU13.MI,98.23500061035156,98.23500061035156,98.23500061035156,98.23500061035156,0
2024-03-19,JU13.MI,98.61000061035156,98.61000061035156,98.51000213623047,98.51000213623047,164
2024-03-20,JU13.MI,98.51000213623047,98.51000213623047,98.51000213623047,98.51000213623047,0
2024-03-21,JU13.MI,98.26000213623047,98.69499969482422,98.26000213623047,98.69499969482422,95
2024-03-22,JU13.MI,99.18499755859375,99.24500274658203,99.18499755859375,99.24500274658203,147
2024-03-25,JU13.MI,98.90499877929688,98.94000244140625,98.90499877929688,98.94000244140625,2
2024-03-26,JU13.MI,98.86000061035156,99.0250015258789,98.86000061035156,99.0250015258789,212
2024-03-27,JU13.MI,99.22000122070312,99.23500061035156,99.21499633789062,99.21499633789062,3186
2024-03-28,JU13.MI,99.21499633789062,99.21499633789062,99.21499633789062,99.21499633789062,0
2024-04-02,JU13.MI,99.87999725341797,99.87999725341797,99.41500091552734,99.4800033569336,2502
2024-04-03,JU13.MI,99.4800033569336,99.4800033569336,99.4800033569336,99.4800033569336,0
2024-04-04,JU13.MI,99.4800033569336,99.4800033569336,99.4800033569336,99.4800033569336,0
2024-04-05,JU13.MI,99.01499938964844,99.12999725341797,98.95500183105469,98.95500183105469,2473
2024-04-08,JU13.MI,98.83000183105469,98.83000183105469,98.63500213623047,98.63500213623047,162
2024-04-09,JU13.MI,98.44999694824219,98.72000122070312,98.44999694824219,98.72000122070312,140
2024-04-10,JU13.MI,98.72000122070312,98.72000122070312,98.72000122070312,98.72000122070312,0
2024-04-11,JU13.MI,99.51000213623047,99.70999908447266,99.51000213623047,99.70999908447266,120
2024-04-12,JU13.MI,100.5199966430664,100.5199966430664,100.46499633789062,100.46499633789062,53
2024-04-15,JU13.MI,100.26499938964844,100.41500091552734,100.26499938964844,100.41500091552734,1
2024-04-16,JU13.MI,100.36000061035156,100.48999786376953,100.3499984741211,100.48999786376953,1510
2024-04-17,JU13.MI,100.36499786376953,100.40499877929688,100.36499786376953,100.40499877929688,8
2024-04-18,JU13.MI,100.40499877929688,100.40499877929688,100.40499877929688,100.40499877929688,0
2024-04-19,JU13.MI,100.40499877929688,100.40499877929688,100.40499877929688,100.40499877929688,0
2024-04-22,JU13.MI,100.40499877929688,100.40499877929688,100.40499877929688,100.40499877929688,0
2024-04-23,JU13.MI,100.12000274658203,100.12000274658203,99.8949966430664,99.95500183105469,1097
2024-04-24,JU13.MI,99.95500183105469,99.95500183105469,99.95500183105469,99.95500183105469,0
2024-04-25,JU13.MI,99.95500183105469,99.95500183105469,99.95500183105469,99.95500183105469,0
2024-04-26,JU13.MI,99.91000366210938,100.0999984741211,99.91000366210938,100.0999984741211,175
2024-04-29,JU13.MI,100.0999984741211,100.0999984741211,100.0999984741211,100.0999984741211,0
2024-04-30,JU13.MI,99.80500030517578,99.96499633789062,99.70500183105469,99.96499633789062,1110
2024-05-02,JU13.MI,100.01000213623047,100.12999725341797,100.01000213623047,100.12999725341797,1050
2024-05-03,JU13.MI,99.63500213623047,99.6449966430664,99.63500213623047,99.6449966430664,1840
2024-05-06,JU13.MI,99.6449966430664,99.6449966430664,99.6449966430664,99.6449966430664,0
2024-05-07,JU13.MI,99.66999816894531,99.66999816894531,99.62000274658203,99.62999725341797,327
2024-05-08,JU13.MI,99.88999938964844,99.9000015258789,99.875,99.875,1546
2024-05-09,JU13.MI,100.01499938964844,100.08499908447266,99.68000030517578,99.68000030517578,204
2024-05-10,JU13.MI,99.66999816894531,99.68499755859375,99.66999816894531,99.68499755859375,231
2024-05-13,JU13.MI,99.3949966430664,99.50499725341797,99.3949966430664,99.50499725341797,2
2024-05-14,JU13.MI,99.31500244140625,99.37000274658203,99.30500030517578,99.30500030517578,2488
2024-05-15,JU13.MI,99.30000305175781,99.30000305175781,99.0,99.0,15
2024-05-16,JU13.MI,99.0250015258789,99.0250015258789,98.9800033569336,98.9800033569336,102
2024-05-17,JU13.MI,99.08999633789062,99.09500122070312,98.94000244140625,98.94000244140625,280
2024-05-20,JU13.MI,98.95999908447266,98.97000122070312,98.92500305175781,98.97000122070312,1803
2024-05-21,JU13.MI,98.94999694824219,99.09500122070312,98.94999694824219,99.08000183105469,1682
2024-05-22,JU13.MI,99.08000183105469,99.20500183105469,99.08000183105469,99.20500183105469,120
2024-05-23,JU13.MI,99.20500183105469,99.20500183105469,99.20500183105469,99.20500183105469,0
2024-05-24,JU13.MI,99.06500244140625,99.06500244140625,98.9800033569336,98.9800033569336,814
2024-05-27,JU13.MI,99.09500122070312,99.09500122070312,98.94999694824219,98.94999694824219,128
2024-05-28,JU13.MI,98.88500213623047,98.88500213623047,98.80999755859375,98.80999755859375,53
2024-05-29,JU13.MI,99.24500274658203,99.25,99.18499755859375,99.25,2058
2024-05-30,JU13.MI,99.25,99.25,99.25,99.25,0
2024-05-31,JU13.MI,99.25,99.25,99.25,99.25,0
2024-06-03,JU13.MI,99.1500015258789,99.1500015258789,98.94999694824219,98.94999694824219,2096
2024-06-04,JU13.MI,98.8499984741211,99.24500274658203,98.8499984741211,99.09500122070312,2326
2024-06-05,JU13.MI,99.09500122070312,99.09500122070312,99.09500122070312,99.09500122070312,0
2024-06-06,JU13.MI,99.28500366210938,99.28500366210938,99.1500015258789,99.20500183105469,1271
2024-06-07,JU13.MI,99.20500183105469,99.20500183105469,99.20500183105469,99.20500183105469,0
2024-06-10,JU13.MI,100.28500366210938,100.28500366210938,100.26000213623047,100.26000213623047,2
2024-06-11,JU13.MI,100.45999908447266,100.45999908447266,100.45500183105469,100.45500183105469,103
2024-06-12,JU13.MI,99.8949966430664,99.8949966430664,99.65499877929688,99.65499877929688,1047
2024-06-13,JU13.MI,99.65499877929688,99.65499877929688,99.65499877929688,99.65499877929688,0
2024-06-14,JU13.MI,99.65499877929688,99.65499877929688,99.65499877929688,99.65499877929688,0
2024-06-17,JU13.MI,100.98999786376953,100.98999786376953,100.78500366210938,100.78500366210938,43
2024-06-18,JU13.MI,100.78500366210938,100.78500366210938,100.78500366210938,100.78500366210938,0
2024-06-19,JU13.MI,100.78500366210938,100.78500366210938,100.78500366210938,100.78500366210938,0
2024-06-20,JU13.MI,100.78500366210938,100.78500366210938,100.78500366210938,100.78500366210938,0
2024-06-21,JU13.MI,101.1449966430664,101.2300033569336,101.1449966430664,101.2300033569336,102
2024-06-24,JU13.MI,100.91999816894531,100.91999816894531,100.8499984741211,100.8550033569336,317
2024-06-25,JU13.MI,101.18499755859375,101.18499755859375,101.06500244140625,101.06500244140625,51
2024-06-26,JU13.MI,101.2300033569336,101.24500274658203,101.2300033569336,101.24500274658203,3
2024-06-27,JU13.MI,101.24500274658203,101.24500274658203,101.24500274658203,101.24500274658203,0
2024-06-28,JU13.MI,101.24500274658203,101.24500274658203,101.24500274658203,101.24500274658203,0
2024-07-01,JU13.MI,100.48999786376953,100.83000183105469,100.48999786376953,100.83000183105469,1068
2024-07-02,JU13.MI,100.93499755859375,100.94000244140625,100.83000183105469,100.83000183105469,2779
2024-07-03,JU13.MI,100.83000183105469,100.83000183105469,100.83000183105469,100.83000183105469,0
2024-07-04,JU13.MI,100.33000183105469,100.33499908447266,100.20500183105469,100.20500183105469,1338
2024-07-05,JU13.MI,100.15499877929688,100.26000213623047,100.15499877929688,100.26000213623047,201
2024-07-08,JU13.MI,100.15499877929688,100.66500091552734,100.12999725341797,100.18499755859375,71808
2024-07-09,JU13.MI,100.31999969482422,100.81500244140625,100.31500244140625,100.3949966430664,57674
2024-07-10,JU13.MI,100.31999969482422,100.3550033569336,100.30500030517578,100.30500030517578,3690
2024-07-11,JU13.MI,100.02999877929688,100.15499877929688,100.02999877929688,100.15499877929688,211
2024-07-12,JU13.MI,99.95500183105469,99.95500183105469,99.83999633789062,99.83999633789062,512
2024-07-15,JU13.MI,99.875,99.875,99.80999755859375,99.875,42
2024-07-16,JU13.MI,99.875,99.875,99.875,99.875,0
2024-07-17,JU13.MI,99.62999725341797,99.68499755859375,99.62999725341797,99.68499755859375,134
2024-07-18,JU13.MI,99.70500183105469,100.00499725341797,99.70500183105469,100.00499725341797,38
2024-07-19,JU13.MI,100.16500091552734,100.16500091552734,100.07499694824219,100.07499694824219,379
2024-07-22,JU13.MI,100.1500015258789,100.1500015258789,100.11000061035156,100.11000061035156,20
2024-07-23,JU13.MI,100.16500091552734,100.45999908447266,100.16500091552734,100.43499755859375,2589
2024-07-24,JU13.MI,100.55000305175781,100.59500122070312,100.44000244140625,100.55500030517578,2291
2024-07-25,JU13.MI,100.6500015258789,100.6500015258789,100.54000091552734,100.54000091552734,10
2024-07-26,JU13.MI,100.55999755859375,100.58999633789062,100.55999755859375,100.58999633789062,10
2024-07-29,JU13.MI,100.58999633789062,100.58999633789062,100.58999633789062,100.58999633789062,0
2024-07-30,JU13.MI,101.03500366210938,101.125,101.03500366210938,101.125,169
2024-07-31,JU13.MI,101.05999755859375,101.05999755859375,100.8499984741211,101.04000091552734,17
2024-08-01,JU13.MI,101.2750015258789,101.68499755859375,101.2750015258789,101.68499755859375,1041
2024-08-02,JU13.MI,101.41000366210938,101.41000366210938,100.99500274658203,100.99500274658203,10
2024-08-05,JU13.MI,100.88500213623047,100.88500213623047,100.55500030517578,100.55500030517578,20
2024-08-06,JU13.MI,100.82499694824219,100.82499694824219,100.76000213623047,100.76000213623047,78
2024-08-07,JU13.MI,100.76000213623047,100.76000213623047,100.76000213623047,100.76000213623047,0
2024-08-08,JU13.MI,100.74500274658203,100.94499969482422,100.74500274658203,100.86499786376953,540
2024-08-09,JU13.MI,100.80000305175781,100.80000305175781,100.77999877929688,100.77999877929688,10
2024-08-12,JU13.MI,100.70999908447266,100.74500274658203,100.66999816894531,100.66999816894531,150
2024-08-13,JU13.MI,100.66999816894531,100.66999816894531,100.66999816894531,100.66999816894531,0
2024-08-14,JU13.MI,100.36000061035156,100.36000061035156,100.07499694824219,100.07499694824219,10
2024-08-16,JU13.MI,100.07499694824219,100.07499694824219,100.07499694824219,100.07499694824219,0
2024-08-19,JU13.MI,100.07499694824219,100.07499694824219,100.07499694824219,100.07499694824219,0
2024-08-20,JU13.MI,99.4000015258789,99.4000015258789,99.30000305175781,99.30000305175781,11
2024-08-21,JU13.MI,99.21499633789062,99.33999633789062,99.11499786376953,99.11499786376953,1071
2024-08-22,JU13.MI,99.11499786376953,99.11499786376953,99.11499786376953,99.11499786376953,0
2024-08-23,JU13.MI,99.16000366210938,99.16000366210938,98.70999908447266,98.70999908447266,22
2024-08-26,JU13.MI,98.70999908447266,98.70999908447266,98.70999908447266,98.70999908447266,0
2024-08-27,JU13.MI,98.70999908447266,98.70999908447266,98.70999908447266,98.70999908447266,0
2024-08-28,JU13.MI,99.46499633789062,99.51499938964844,99.41000366210938,99.41000366210938,11382
2024-08-29,JU13.MI,99.40499877929688,99.80000305175781,99.38500213623047,99.80000305175781,2559
2024-08-30,JU13.MI,99.82499694824219,99.88999938964844,99.81999969482422,99.88999938964844,288
2024-09-02,JU13.MI,99.88999938964844,99.88999938964844,99.88999938964844,99.88999938964844,0
2024-09-03,JU13.MI,100.0250015258789,100.19499969482422,100.0250015258789,100.19499969482422,1052
2024-09-04,JU13.MI,100.13500213623047,100.13500213623047,100.00499725341797,100.00499725341797,2123
2024-09-05,JU13.MI,100.01499938964844,100.05500030517578,100.01499938964844,100.05500030517578,1050
2024-09-06,JU13.MI,100.04499816894531,100.09500122070312,100.02999877929688,100.09500122070312,1480
2024-09-09,JU13.MI,100.09500122070312,100.09500122070312,100.09500122070312,100.09500122070312,0
2024-09-10,JU13.MI,100.86499786376953,100.87999725341797,100.86499786376953,100.87999725341797,57
2024-09-11,JU13.MI,100.92500305175781,101.05999755859375,100.92500305175781,101.05999755859375,1041
2024-09-12,JU13.MI,101.05999755859375,101.05999755859375,101.05999755859375,101.05999755859375,0
2024-09-13,JU13.MI,101.05999755859375,101.05999755859375,101.05999755859375,101.05999755859375,0
2024-09-16,JU13.MI,101.05999755859375,101.05999755859375,101.05999755859375,101.05999755859375,0
2024-09-17,JU13.MI,100.2300033569336,100.2300033569336,100.05999755859375,100.13999938964844,1127
2024-09-18,JU13.MI,100.08499908447266,100.09500122070312,100.06999969482422,100.06999969482422,3128
2024-09-19,JU13.MI,100.05999755859375,100.05999755859375,99.91999816894531,100.0,1059
2024-09-20,JU13.MI,99.87999725341797,99.95999908447266,99.87999725341797,99.95999908447266,114
2024-09-23,JU13.MI,100.4800033569336,100.4800033569336,100.05999755859375,100.05999755859375,50
2024-09-24,JU13.MI,99.98999786376953,100.01000213623047,99.91500091552734,99.97000122070312,2473
2024-09-25,JU13.MI,99.5250015258789,99.93000030517578,99.5250015258789,99.93000030517578,449
2024-09-26,JU13.MI,99.94499969482422,99.94499969482422,99.70500183105469,99.70500183105469,1540
2024-09-27,JU13.MI,99.73500061035156,99.83499908447266,99.73500061035156,99.83499908447266,491
2024-09-30,JU13.MI,99.875,99.99500274658203,99.875,99.93000030517578,2893
2024-10-01,JU13.MI,100.48500061035156,100.73500061035156,100.48500061035156,100.73500061035156,17
2024-10-02,JU13.MI,100.73500061035156,100.73500061035156,100.73500061035156,100.73500061035156,0
2024-10-03,JU13.MI,100.73500061035156,100.73500061035156,100.73500061035156,100.73500061035156,0
2024-10-04,JU13.MI,100.73500061035156,100.73500061035156,100.73500061035156,100.73500061035156,0
2024-10-07,JU13.MI,100.73500061035156,100.73500061035156,100.73500061035156,100.73500061035156,0
2024-10-08,JU13.MI,100.8949966430664,101.04000091552734,100.8949966430664,101.04000091552734,150
2024-10-09,JU13.MI,101.04000091552734,101.04000091552734,101.04000091552734,101.04000091552734,0
2024-10-10,JU13.MI,101.4749984741211,101.4749984741211,101.4749984741211,101.4749984741211,7
2024-10-11,JU13.MI,101.4749984741211,101.4749984741211,101.4749984741211,101.4749984741211,0
2024-10-14,JU13.MI,101.5199966430664,101.5250015258789,101.5199966430664,101.5250015258789,59
2024-10-15,JU13.MI,101.69499969482422,101.70999908447266,101.69499969482422,101.70999908447266,184
2024-10-16,JU13.MI,101.9000015258789,102.03500366210938,101.9000015258789,102.03500366210938,278
2024-10-17,JU13.MI,102.03500366210938,102.03500366210938,102.03500366210938,102.03500366210938,0
2024-10-18,JU13.MI,102.03500366210938,102.03500366210938,102.03500366210938,102.03500366210938,0
2024-10-21,JU13.MI,102.20500183105469,102.375,102.07499694824219,102.375,5337
2024-10-22,JU13.MI,102.55000305175781,102.55000305175781,102.44499969482422,102.44499969482422,72
2024-10-23,JU13.MI,102.68499755859375,102.75499725341797,102.63999938964844,102.7249984741211,1174
2024-10-24,JU13.MI,102.72000122070312,102.7249984741211,102.62000274658203,102.62000274658203,2046
2024-10-25,JU13.MI,102.3550033569336,102.41500091552734,102.33000183105469,102.41500091552734,8325
2024-10-28,JU13.MI,102.34500122070312,102.34500122070312,102.25,102.25,1993
2024-10-29,JU13.MI,102.2750015258789,102.55999755859375,102.2750015258789,102.44499969482422,1155
2024-10-30,JU13.MI,101.98500061035156,101.98500061035156,101.92500305175781,101.94499969482422,2887
2024-10-31,JU13.MI,101.94499969482422,101.94499969482422,101.94499969482422,101.94499969482422,0
2024-11-01,JU13.MI,101.94499969482422,102.01499938964844,101.94499969482422,102.01499938964844,1035
2024-11-04,JU13.MI,102.01499938964844,102.01499938964844,102.01499938964844,102.01499938964844,0
2024-11-05,JU13.MI,101.47000122070312,101.47000122070312,101.30500030517578,101.30500030517578,1032
2024-11-06,JU13.MI,102.83499908447266,102.94000244140625,102.83499908447266,102.94000244140625,8
2024-11-07,JU13.MI,102.75499725341797,102.75499725341797,102.31500244140625,102.6050033569336,1105
2024-11-08,JU13.MI,102.65499877929688,103.16999816894531,102.65499877929688,103.16999816894531,196
2024-11-11,JU13.MI,103.16999816894531,103.16999816894531,103.16999816894531,103.16999816894531,0
2024-11-12,JU13.MI,103.16999816894531,103.16999816894531,103.16999816894531,103.16999816894531,0
2024-11-13,JU13.MI,104.43499755859375,104.55999755859375,104.43499755859375,104.51499938964844,1443
2024-11-14,JU13.MI,104.875,105.29000091552734,104.58499908447266,104.58499908447266,8511
2024-11-15,JU13.MI,104.58499908447266,104.58499908447266,104.58499908447266,104.58499908447266,0
2024-11-18,JU13.MI,104.6449966430664,104.6449966430664,104.63999938964844,104.63999938964844,158
2024-11-19,JU13.MI,105.00499725341797,105.00499725341797,104.55999755859375,104.58000183105469,517
2024-11-20,JU13.MI,105.04499816894531,105.25499725341797,105.04499816894531,105.25499725341797,68
2024-11-21,JU13.MI,105.15499877929688,105.5,105.15499877929688,105.5,956
2024-11-22,JU13.MI,106.29000091552734,106.37000274658203,106.29000091552734,106.37000274658203,475
2024-11-25,JU13.MI,106.37000274658203,106.37000274658203,106.37000274658203,106.37000274658203,0
2024-11-26,JU13.MI,105.38999938964844,105.68499755859375,105.38999938964844,105.68499755859375,112
2024-11-27,JU13.MI,105.68499755859375,105.68499755859375,105.68499755859375,105.68499755859375,0
2024-11-28,JU13.MI,105.27999877929688,105.29499816894531,105.22000122070312,105.22000122070312,2185
2024-11-29,JU13.MI,105.22000122070312,105.22000122070312,105.22000122070312,105.22000122070312,0
2024-12-02,JU13.MI,105.66999816894531,105.92500305175781,105.53500366210938,105.7249984741211,9495
2024-12-03,JU13.MI,105.48999786376953,105.62000274658203,105.48999786376953,105.62000274658203,102
2024-12-04,JU13.MI,105.62000274658203,105.62000274658203,105.62000274658203,105.62000274658203,0
2024-12-05,JU13.MI,105.62000274658203,105.62000274658203,105.62000274658203,105.62000274658203,0
2024-12-06,JU13.MI,105.43499755859375,105.49500274658203,105.23999786376953,105.23999786376953,5869
2024-12-09,JU13.MI,105.23999786376953,105.23999786376953,105.23999786376953,105.23999786376953,0
2024-12-10,JU13.MI,105.57499694824219,105.75,105.57499694824219,105.75,14
2024-12-11,JU13.MI,105.75,105.75,105.75,105.75,0
2024-12-12,JU13.MI,105.69499969482422,105.95999908447266,105.69499969482422,105.95999908447266,283
2024-12-13,JU13.MI,105.95999908447266,105.95999908447266,105.95999908447266,105.95999908447266,0
2024-12-16,JU13.MI,105.69499969482422,105.75,105.69499969482422,105.75,2982
2024-12-17,JU13.MI,105.75,105.75,105.75,105.75,0
2024-12-18,JU13.MI,105.80000305175781,106.04000091552734,105.80000305175781,106.04000091552734,3
2024-12-19,JU13.MI,106.04000091552734,106.04000091552734,106.04000091552734,106.04000091552734,0
2024-12-20,JU13.MI,106.04000091552734,106.04000091552734,106.04000091552734,106.04000091552734,0
2024-12-23,JU13.MI,106.69499969482422,106.69499969482422,106.66999816894531,106.68000030517578,1386
2024-12-27,JU13.MI,106.63500213623047,106.63500213623047,106.49500274658203,106.49500274658203,70
2024-12-30,JU13.MI,106.49500274658203,106.49500274658203,106.49500274658203,106.49500274658203,0
2025-01-02,JU13.MI,106.49500274658203,106.49500274658203,106.49500274658203,106.49500274658203,0
2025-01-03,JU13.MI,106.49500274658203,106.49500274658203,106.49500274658203,106.49500274658203,0
2025-01-06,JU13.MI,106.49500274658203,106.49500274658203,106.49500274658203,106.49500274658203,0
2025-01-07,JU13.MI,106.49500274658203,106.49500274658203,106.49500274658203,106.49500274658203,0
2025-01-08,JU13.MI,106.49500274658203,106.49500274658203,106.49500274658203,106.49500274658203,0
2025-01-09,JU13.MI,106.49500274658203,106.49500274658203,106.49500274658203,106.49500274658203,0
2025-01-10,JU13.MI,106.49500274658203,106.49500274658203,106.49500274658203,106.49500274658203,0
2025-01-13,JU13.MI,106.49500274658203,106.49500274658203,106.49500274658203,106.49500274658203,0
2025-01-14,JU13.MI,108.3499984741211,108.3499984741211,107.9749984741211,107.9749984741211,102
2025-01-15,JU13.MI,107.72000122070312,108.18000030517578,107.72000122070312,108.18000030517578,28
2025-01-16,JU13.MI,108.20999908447266,108.22000122070312,108.20999908447266,108.22000122070312,185
2025-01-17,JU13.MI,108.30000305175781,108.30000305175781,108.2300033569336,108.2300033569336,735
2025-01-20,JU13.MI,107.08499908447266,107.125,107.06999969482422,107.125,2763
2025-01-21,JU13.MI,107.62000274658203,107.62000274658203,106.98999786376953,106.98999786376953,985
2025-01-22,JU13.MI,107.125,107.125,106.875,106.96499633789062,2009
2025-01-23,JU13.MI,107.18000030517578,107.2249984741211,107.05999755859375,107.05999755859375,3898
2025-01-24,JU13.MI,106.42500305175781,106.42500305175781,106.08499908447266,106.08499908447266,424
2025-01-27,JU13.MI,106.30500030517578,106.31999969482422,106.23500061035156,106.23500061035156,3202
2025-01-28,JU13.MI,106.23500061035156,106.23500061035156,106.23500061035156,106.23500061035156,0
2025-01-29,JU13.MI,106.23500061035156,106.23500061035156,106.23500061035156,106.23500061035156,0
2025-01-30,JU13.MI,106.23500061035156,106.23500061035156,106.23500061035156,106.23500061035156,0
2025-01-31,JU13.MI,106.23500061035156,106.23500061035156,106.23500061035156,106.23500061035156,0
2025-02-03,JU13.MI,109.0199966430664,109.0199966430664,108.30000305175781,108.4000015258789,3387
2025-02-04,JU13.MI,108.05500030517578,108.05500030517578,107.5999984741211,107.6500015258789,1321
2025-02-05,JU13.MI,107.28500366210938,107.34500122070312,107.27999877929688,107.34500122070312,2546
2025-02-06,JU13.MI,107.34500122070312,107.34500122070312,107.34500122070312,107.34500122070312,0
2025-02-07,JU13.MI,107.55500030517578,108.06500244140625,107.55500030517578,108.0250015258789,1375
2025-02-10,JU13.MI,108.27999877929688,108.44000244140625,108.19000244140625,108.33000183105469,5742
2025-02-11,JU13.MI,108.00499725341797,108.00499725341797,107.88999938964844,107.88999938964844,126
2025-02-12,JU13.MI,107.48999786376953,107.65499877929688,107.48999786376953,107.65499877929688,102
2025-02-13,JU13.MI,107.09500122070312,107.20500183105469,106.95999908447266,106.95999908447266,3460
2025-02-14,JU13.MI,106.55999755859375,106.67500305175781,106.47000122070312,106.47000122070312,5047
2025-02-17,JU13.MI,106.7699966430664,106.7699966430664,106.68000030517578,106.69000244140625,204
2025-02-18,JU13.MI,106.91500091552734,107.0250015258789,106.81500244140625,106.81500244140625,3541
2025-02-19,JU13.MI,107.06999969482422,107.3949966430664,107.06999969482422,107.3949966430664,27
2025-02-20,JU13.MI,107.3949966430664,107.3949966430664,107.3949966430664,107.3949966430664,0
2025-02-21,JU13.MI,107.3949966430664,107.3949966430664,107.3949966430664,107.3949966430664,0
2025-02-24,JU13.MI,107.3949966430664,107.3949966430664,107.3949966430664,107.3949966430664,0
2025-02-25,JU13.MI,106.80000305175781,106.92500305175781,106.80000305175781,106.91500091552734,5435
2025-02-26,JU13.MI,106.91500091552734,106.91500091552734,106.91500091552734,106.91500091552734,0
2025-02-27,JU13.MI,106.91500091552734,106.91500091552734,106.91500091552734,106.91500091552734,0
2025-02-28,JU13.MI,106.91500091552734,106.91500091552734,106.91500091552734,106.91500091552734,0
2025-03-03,JU13.MI,106.91500091552734,106.91500091552734,106.91500091552734,106.91500091552734,0
2025-03-04,JU13.MI,107.30000305175781,107.56999969482422,107.07499694824219,107.07499694824219,3907
2025-03-05,JU13.MI,107.07499694824219,107.07499694824219,107.07499694824219,107.07499694824219,0
2025-03-06,JU13.MI,103.96499633789062,104.07499694824219,103.90499877929688,103.90499877929688,5226
2025-03-07,JU13.MI,103.81999969482422,103.8550033569336,103.81999969482422,103.8550033569336,480
2025-03-10,JU13.MI,103.8550033569336,103.8550033569336,103.8550033569336,103.8550033569336,0
2025-03-11,JU13.MI,103.8550033569336,103.8550033569336,103.8550033569336,103.8550033569336,0
2025-03-12,JU13.MI,103.08499908447266,103.12999725341797,103.08499908447266,103.12999725341797,700
2025-03-13,JU13.MI,103.12999725341797,103.12999725341797,103.12999725341797,103.12999725341797,0
2025-03-14,JU13.MI,103.12999725341797,103.12999725341797,103.12999725341797,103.12999725341797,0
2025-03-17,JU13.MI,103.12999725341797,103.12999725341797,103.12999725341797,103.12999725341797,0
2025-03-18,JU13.MI,103.1449966430664,103.1449966430664,102.94499969482422,102.94499969482422,62
2025-03-19,JU13.MI,102.94499969482422,102.94499969482422,102.94499969482422,102.94499969482422,0
2025-03-20,JU13.MI,102.94499969482422,102.94499969482422,102.94499969482422,102.94499969482422,0
2025-03-21,JU13.MI,104.04499816894531,104.30500030517578,104.04499816894531,104.30500030517578,100
2025-03-24,JU13.MI,103.9749984741211,104.44499969482422,103.9749984741211,104.36000061035156,14650
2025-03-25,JU13.MI,104.23999786376953,104.29000091552734,104.23999786376953,104.29000091552734,97
2025-03-26,JU13.MI,104.4749984741211,104.4800033569336,104.4749984741211,104.4800033569336,12
2025-03-27,JU13.MI,104.6500015258789,104.6500015258789,104.44000244140625,104.44000244140625,2324
2025-03-28,JU13.MI,104.44000244140625,104.44000244140625,104.44000244140625,104.44000244140625,0
2025-03-31,JU13.MI,104.66500091552734,104.66999816894531,104.52999877929688,104.52999877929688,1052
2025-04-01,JU13.MI,104.7300033569336,104.74500274658203,104.69000244140625,104.74500274658203,1461
2025-04-02,JU13.MI,104.52999877929688,104.52999877929688,104.12000274658203,104.12000274658203,177
2025-04-03,JU13.MI,102.67500305175781,102.67500305175781,102.67500305175781,102.67500305175781,228
2025-04-04,JU13.MI,102.98500061035156,103.49500274658203,102.98500061035156,103.49500274658203,1022
2025-04-07,JU13.MI,103.49500274658203,103.49500274658203,103.49500274658203,103.49500274658203,0
2025-04-08,JU13.MI,103.7750015258789,103.7750015258789,103.7750015258789,103.7750015258789,46
2025-04-09,JU13.MI,103.7750015258789,103.7750015258789,103.7750015258789,103.7750015258789,0
2025-04-10,JU13.MI,103.7750015258789,103.7750015258789,103.7750015258789,103.7750015258789,0
2025-04-11,JU13.MI,103.7750015258789,103.7750015258789,103.7750015258789,103.7750015258789,0
2025-04-14,JU13.MI,99.58000183105469,99.58000183105469,99.58000183105469,99.58000183105469,50
2025-04-15,JU13.MI,100.31500244140625,100.31500244140625,100.1449966430664,100.1449966430664,1004
2025-04-16,JU13.MI,99.56999969482422,99.81999969482422,99.56999969482422,99.81999969482422,2094
2025-04-17,JU13.MI,99.8949966430664,99.8949966430664,99.81999969482422,99.81999969482422,30
2025-04-22,JU13.MI,99.81999969482422,99.81999969482422,99.81999969482422,99.81999969482422,0
2025-04-23,JU13.MI,99.81999969482422,99.81999969482422,99.81999969482422,99.81999969482422,0
2025-04-24,JU13.MI,99.81999969482422,99.81999969482422,99.81999969482422,99.81999969482422,0
2025-04-25,JU13.MI,99.81999969482422,99.81999969482422,99.81999969482422,99.81999969482422,0
2025-04-28,JU13.MI,99.81999969482422,99.81999969482422,99.81999969482422,99.81999969482422,0
2025-04-29,JU13.MI,99.81999969482422,99.81999969482422,99.81999969482422,99.81999969482422,0
2025-04-30,JU13.MI,99.94499969482422,100.54000091552734,99.93000030517578,100.54000091552734,3156
2025-05-02,JU13.MI,100.54000091552734,100.54000091552734,100.54000091552734,100.54000091552734,0
2025-05-05,JU13.MI,100.54000091552734,100.54000091552734,100.54000091552734,100.54000091552734,0
2025-05-06,JU13.MI,99.99500274658203,100.11499786376953,99.99500274658203,100.11499786376953,51
2025-05-07,JU13.MI,100.11499786376953,100.11499786376953,100.11499786376953,100.11499786376953,0
2025-05-08,JU13.MI,100.11499786376953,100.11499786376953,100.11499786376953,100.11499786376953,0
2025-05-09,JU13.MI,100.11499786376953,100.11499786376953,100.11499786376953,100.11499786376953,0
2025-05-12,JU13.MI,100.11499786376953,100.11499786376953,100.11499786376953,100.11499786376953,0
2025-05-13,JU13.MI,102.02999877929688,102.02999877929688,101.38999938964844,101.38999938964844,882
2025-05-14,JU13.MI,101.38999938964844,101.38999938964844,101.38999938964844,101.38999938964844,0
2025-05-15,JU13.MI,101.38999938964844,101.38999938964844,101.38999938964844,101.38999938964844,0
2025-05-16,JU13.MI,101.38999938964844,101.38999938964844,101.38999938964844,101.38999938964844,0
2025-05-19,JU13.MI,101.38999938964844,101.38999938964844,101.38999938964844,101.38999938964844,0
2025-05-20,JU13.MI,101.38999938964844,101.38999938964844,101.38999938964844,101.38999938964844,0
2025-05-21,JU13.MI,101.38999938964844,101.38999938964844,101.38999938964844,101.38999938964844,0
2025-05-22,JU13.MI,101.38999938964844,101.38999938964844,101.38999938964844,101.38999938964844,0
2025-05-23,JU13.MI,101.38999938964844,101.38999938964844,101.38999938964844,101.38999938964844,0
2025-05-26,JU13.MI,99.75499725341797,99.84500122070312,99.69499969482422,99.69499969482422,6503
2025-05-27,JU13.MI,99.69499969482422,99.69499969482422,99.69499969482422,99.69499969482422,0
2025-05-28,JU13.MI,99.69499969482422,99.69499969482422,99.69499969482422,99.69499969482422,0
2025-05-29,JU13.MI,99.69499969482422,99.69499969482422,99.69499969482422,99.69499969482422,0
2025-05-30,JU13.MI,99.69499969482422,99.69499969482422,99.69499969482422,99.69499969482422,0
2025-06-02,JU13.MI,99.69499969482422,99.69499969482422,99.69499969482422,99.69499969482422,0
2025-06-03,JU13.MI,99.69499969482422,99.69499969482422,99.69499969482422,99.69499969482422,0
2025-06-04,JU13.MI,99.69499969482422,99.69499969482422,99.69499969482422,99.69499969482422,0
2025-06-05,JU13.MI,99.69499969482422,99.69499969482422,99.69499969482422,99.69499969482422,0
2025-06-06,JU13.MI,99.69499969482422,99.69499969482422,99.69499969482422,99.69499969482422,0
2025-06-09,JU13.MI,99.69499969482422,99.69499969482422,99.69499969482422,99.69499969482422,0
2025-06-10,JU13.MI,99.69499969482422,99.69499969482422,99.69499969482422,99.69499969482422,0
2025-06-11,JU13.MI,99.69499969482422,99.69499969482422,99.69499969482422,99.69499969482422,0
2025-06-12,JU13.MI,99.69499969482422,99.69499969482422,99.69499969482422,99.69499969482422,0
2025-06-13,JU13.MI,98.73999786376953,98.73999786376953,98.33999633789062,98.33999633789062,5
2025-06-16,JU13.MI,97.91000366210938,98.16000366210938,97.91000366210938,98.16000366210938,9
2025-06-17,JU13.MI,98.16000366210938,98.16000366210938,98.16000366210938,98.16000366210938,0
2025-06-18,JU13.MI,98.84500122070312,98.84500122070312,98.79499816894531,98.79499816894531,26
2025-06-19,JU13.MI,99.17500305175781,99.30500030517578,99.1500015258789,99.30500030517578,2118
2025-06-20,JU13.MI,99.30500030517578,99.30500030517578,99.30500030517578,99.30500030517578,0
2025-06-23,JU13.MI,99.30500030517578,99.30500030517578,99.30500030517578,99.30500030517578,0
2025-06-24,JU13.MI,99.30500030517578,99.30500030517578,99.30500030517578,99.30500030517578,0
2025-06-25,JU13.MI,99.30500030517578,99.30500030517578,99.30500030517578,99.30500030517578,0
2025-06-26,JU13.MI,99.30500030517578,99.30500030517578,99.30500030517578,99.30500030517578,0
2025-06-27,JU13.MI,97.43000030517578,97.54000091552734,97.43000030517578,97.54000091552734,10
2025-06-30,JU13.MI,97.54000091552734,97.54000091552734,97.54000091552734,97.54000091552734,0
2025-07-01,JU13.MI,97.54000091552734,97.54000091552734,97.54000091552734,97.54000091552734,0
2025-07-02,JU13.MI,97.54000091552734,97.54000091552734,97.54000091552734,97.54000091552734,0
2025-07-03,JU13.MI,97.54000091552734,97.54000091552734,97.54000091552734,97.54000091552734,0
2025-07-04,JU13.MI,97.54000091552734,97.54000091552734,97.54000091552734,97.54000091552734,0
2025-07-07,JU13.MI,97.54000091552734,97.54000091552734,97.54000091552734,97.54000091552734,0
2025-07-08,JU13.MI,97.5199966430664,97.5199966430664,97.44999694824219,97.44999694824219,51
2025-07-09,JU13.MI,97.40499877929688,97.46499633789062,97.40499877929688,97.46499633789062,1080
2025-07-10,JU13.MI,97.46499633789062,97.46499633789062,97.46499633789062,97.46499633789062,0
2025-07-11,JU13.MI,97.46499633789062,97.46499633789062,97.46499633789062,97.46499633789062,0
2025-07-14,JU13.MI,97.46499633789062,97.46499633789062,97.46499633789062,97.46499633789062,0
2025-07-15,JU13.MI,97.73999786376953,98.2300033569336,97.73999786376953,98.2300033569336,81
2025-07-16,JU13.MI,98.63500213623047,98.63500213623047,97.74500274658203,97.74500274658203,675
2025-07-17,JU13.MI,97.74500274658203,97.74500274658203,97.74500274658203,97.74500274658203,0
2025-07-18,JU13.MI,97.74500274658203,97.74500274658203,97.74500274658203,97.74500274658203,0
2025-07-21,JU13.MI,97.74500274658203,97.74500274658203,97.74500274658203,97.74500274658203,0
2025-07-22,JU13.MI,97.7750015258789,97.7750015258789,97.49500274658203,97.49500274658203,70
2025-07-23,JU13.MI,97.49500274658203,97.49500274658203,97.49500274658203,97.49500274658203,0
2025-07-24,JU13.MI,97.49500274658203,97.49500274658203,97.49500274658203,97.49500274658203,0
2025-07-25,JU13.MI,97.49500274658203,97.49500274658203,97.49500274658203,97.49500274658203,0
2025-07-28,JU13.MI,97.49500274658203,97.49500274658203,97.49500274658203,97.49500274658203,0
2025-07-29,JU13.MI,97.49500274658203,97.49500274658203,97.49500274658203,97.49500274658203,0
2025-07-30,JU13.MI,97.49500274658203,97.49500274658203,97.49500274658203,97.49500274658203,0
2025-07-31,JU13.MI,100.0,100.0,100.0,100.0,1050
2025-08-01,JU13.MI,99.26000213623047,99.44999694824219,99.26000213623047,99.44999694824219,204
2025-08-04,JU13.MI,99.09500122070312,99.2699966430664,99.09500122070312,99.2699966430664,39
2025-08-05,JU13.MI,99.2699966430664,99.2699966430664,99.2699966430664,99.2699966430664,0
2025-08-06,JU13.MI,99.2699966430664,99.2699966430664,99.2699966430664,99.2699966430664,0
2025-08-07,JU13.MI,98.78500366210938,98.86000061035156,98.73500061035156,98.73500061035156,5962
2025-08-08,JU13.MI,98.58499908447266,98.58499908447266,98.4000015258789,98.4000015258789,2132
2025-08-11,JU13.MI,98.4000015258789,98.4000015258789,98.4000015258789,98.4000015258789,0
2025-08-12,JU13.MI,98.67500305175781,98.67500305175781,98.29000091552734,98.29000091552734,138
2025-08-13,JU13.MI,98.29000091552734,98.29000091552734,98.29000091552734,98.29000091552734,0
2025-08-14,JU13.MI,98.29000091552734,98.29000091552734,98.29000091552734,98.29000091552734,0
2025-08-18,JU13.MI,98.23500061035156,98.44499969482422,98.23500061035156,98.44499969482422,1071
2025-08-19,JU13.MI,98.44499969482422,98.44499969482422,98.44499969482422,98.44499969482422,0
2025-08-20,JU13.MI,98.44499969482422,98.44499969482422,98.44499969482422,98.44499969482422,0
2025-08-21,JU13.MI,98.44499969482422,98.44499969482422,98.44499969482422,98.44499969482422,0
2025-08-22,JU13.MI,98.91999816894531,98.91999816894531,98.19499969482422,98.19499969482422,1062
2025-08-25,JU13.MI,98.36000061035156,98.44999694824219,98.36000061035156,98.44999694824219,2140
2025-08-26,JU13.MI,99.16000366210938,99.16000366210938,98.7750015258789,98.7750015258789,1060
2025-08-27,JU13.MI,98.7750015258789,98.7750015258789,98.7750015258789,98.7750015258789,0
2025-08-28,JU13.MI,98.7750015258789,98.7750015258789,98.7750015258789,98.7750015258789,0
2025-08-29,JU13.MI,98.65499877929688,98.65499877929688,98.54499816894531,98.54499816894531,24
2025-09-01,JU13.MI,98.54499816894531,98.54499816894531,98.54499816894531,98.54499816894531,0
2025-09-02,JU13.MI,98.54499816894531,98.54499816894531,98.54499816894531,98.54499816894531,0
2025-09-03,JU13.MI,99.08499908447266,99.08499908447266,98.76000213623047,98.76000213623047,1061
2025-09-04,JU13.MI,98.76000213623047,98.76000213623047,98.76000213623047,98.76000213623047,0
2025-09-05,JU13.MI,98.76000213623047,98.76000213623047,98.76000213623047,98.76000213623047,0
2025-09-08,JU13.MI,98.76000213623047,98.76000213623047,98.76000213623047,98.76000213623047,0
2025-09-09,JU13.MI,98.47000122070312,98.75,98.47000122070312,98.625,32086
2025-09-10,JU13.MI,98.66999816894531,98.66999816894531,98.58000183105469,98.63500213623047,211
2025-09-11,JU13.MI,98.63500213623047,98.63500213623047,98.63500213623047,98.63500213623047,0
2025-09-12,JU13.MI,98.63500213623047,98.63500213623047,98.63500213623047,98.63500213623047,0
2025-09-15,JU13.MI,98.41999816894531,98.45999908447266,98.33999633789062,98.33999633789062,3092
2025-09-16,JU13.MI,98.33999633789062,98.33999633789062,98.33999633789062,98.33999633789062,0
2025-09-17,JU13.MI,97.76499938964844,97.76499938964844,97.62000274658203,97.63999938964844,4612
2025-09-18,JU13.MI,97.86000061035156,98.12999725341797,97.83999633789062,98.12999725341797,2158
2025-09-19,JU13.MI,98.12999725341797,98.12999725341797,98.12999725341797,98.12999725341797,0
2025-09-22,JU13.MI,98.12999725341797,98.12999725341797,98.12999725341797,98.12999725341797,0
2025-09-23,JU13.MI,98.12999725341797,98.12999725341797,98.12999725341797,98.12999725341797,0
2025-09-24,JU13.MI,98.51000213623047,98.51000213623047,98.46499633789062,98.46499633789062,1739
2025-09-25,JU13.MI,98.47000122070312,98.91500091552734,98.47000122070312,98.91500091552734,2134
2025-09-26,JU13.MI,98.91500091552734,98.91500091552734,98.91500091552734,98.91500091552734,0
2025-09-29,JU13.MI,98.54000091552734,98.54000091552734,98.52999877929688,98.52999877929688,1065
2025-09-30,JU13.MI,98.50499725341797,98.625,98.50499725341797,98.625,1077
2025-10-01,JU13.MI,98.44000244140625,98.71499633789062,98.44000244140625,98.71499633789062,1068
2025-10-02,JU13.MI,98.90499877929688,99.0,98.90499877929688,99.0,5329
2025-10-03,JU13.MI,99.0,99.0,99.0,99.0,0
2025-10-06,JU13.MI,99.1500015258789,99.1500015258789,98.8499984741211,98.8499984741211,4756
2025-10-07,JU13.MI,98.8499984741211,98.8499984741211,98.8499984741211,98.8499984741211,0
2025-10-08,JU13.MI,98.8499984741211,98.8499984741211,98.8499984741211,98.8499984741211,0
2025-10-09,JU13.MI,99.76000213623047,100.19999694824219,99.76000213623047,100.19999694824219,1055
2025-10-10,JU13.MI,100.20999908447266,100.20999908447266,99.75,99.75,10
2025-10-13,JU13.MI,99.75,99.75,99.75,99.75,0
2025-10-14,JU13.MI,100.07499694824219,100.11499786376953,100.07499694824219,100.11499786376953,457
2025-10-15,JU13.MI,100.11499786376953,100.11499786376953,100.11499786376953,100.11499786376953,0
2025-10-16,JU13.MI,99.66000366210938,99.66000366210938,99.44999694824219,99.44999694824219,1055
2025-10-17,JU13.MI,99.44999694824219,99.44999694824219,99.44999694824219,99.44999694824219,0
2025-10-20,JU13.MI,99.63999938964844,99.63999938964844,99.61499786376953,99.61499786376953,1055
2025-10-21,JU13.MI,99.61499786376953,99.61499786376953,99.61499786376953,99.61499786376953,0
2025-10-22,JU13.MI,99.61499786376953,99.61499786376953,99.61499786376953,99.61499786376953,0
2025-10-23,JU13.MI,99.61499786376953,99.61499786376953,99.61499786376953,99.61499786376953,0
2025-10-27,JU13.MI,99.91000366210938,99.91000366210938,99.91000366210938,99.91000366210938,0
2025-10-28,JU13.MI,99.91000366210938,99.91000366210938,99.91000366210938,99.91000366210938,0
2025-10-29,JU13.MI,99.91000366210938,99.91000366210938,99.91000366210938,99.91000366210938,0
2025-10-30,JU13.MI,99.91000366210938,99.91000366210938,99.91000366210938,99.91000366210938,0
2025-10-31,JU13.MI,99.91000366210938,99.91000366210938,99.91000366210938,99.91000366210938,0
2025-11-03,JU13.MI,99.91000366210938,99.91000366210938,99.91000366210938,99.91000366210938,0
2025-11-04,JU13.MI,99.91000366210938,99.91000366210938,99.91000366210938,99.91000366210938,0
2025-11-05,JU13.MI,101.01000213623047,101.05000305175781,100.98500061035156,101.05000305175781,4728
2025-11-06,JU13.MI,100.82499694824219,100.82499694824219,100.72000122070312,100.72000122070312,2122
2025-11-07,JU13.MI,100.7699966430664,100.77999877929688,100.38999938964844,100.38999938964844,3132
2025-11-10,JU13.MI,100.38999938964844,100.38999938964844,100.38999938964844,100.38999938964844,0
2025-11-11,JU13.MI,100.38999938964844,100.38999938964844,100.38999938964844,100.38999938964844,0
2025-11-12,JU13.MI,100.31999969482422,100.31999969482422,100.2699966430664,100.2699966430664,2
2025-11-13,JU13.MI,100.07499694824219,100.08499908447266,99.80999755859375,99.80999755859375,2094
2025-11-14,JU13.MI,99.9749984741211,100.02999877929688,99.9749984741211,100.02999877929688,15
2025-11-17,JU13.MI,100.22000122070312,100.2300033569336,100.16999816894531,100.16999816894531,1052
2025-11-18,JU13.MI,100.23500061035156,100.45999908447266,100.23500061035156,100.45999908447266,20612
2025-11-19,JU13.MI,100.41999816894531,100.81999969482422,100.41999816894531,100.81999969482422,1047
2025-11-20,JU13.MI,100.81999969482422,100.81999969482422,100.81999969482422,100.81999969482422,0
2025-11-21,JU13.MI,101.17500305175781,101.30500030517578,101.17500305175781,101.2699966430664,1603
2025-11-24,JU13.MI,101.12000274658203,101.12000274658203,101.06999969482422,101.06999969482422,2078
2025-11-25,JU13.MI,101.11499786376953,101.11499786376953,100.72000122070312,100.72000122070312,1046
2025-11-26,JU13.MI,100.69000244140625,100.69000244140625,100.45999908447266,100.45999908447266,1043
2025-11-27,JU13.MI,100.45999908447266,100.45999908447266,100.45999908447266,100.45999908447266,0
2025-11-28,JU13.MI,100.71499633789062,100.71499633789062,100.44000244140625,100.45500183105469,2890
2025-12-01,JU13.MI,100.17500305175781,100.20999908447266,100.17500305175781,100.20999908447266,397
2025-12-02,JU13.MI,100.20999908447266,100.20999908447266,100.20999908447266,100.20999908447266,0
2025-12-03,JU13.MI,100.20999908447266,100.20999908447266,100.20999908447266,100.20999908447266,0
2025-12-04,JU13.MI,99.94000244140625,99.9749984741211,99.9000015258789,99.9749984741211,123890
2025-12-05,JU13.MI,100.02999877929688,100.1449966430664,100.02999877929688,100.1449966430664,3701
2025-12-08,JU13.MI,100.1449966430664,100.1449966430664,100.1449966430664,100.1449966430664,0
2025-12-09,JU13.MI,100.08499908447266,100.08499908447266,100.03500366210938,100.03500366210938,2100
2025-12-10,JU13.MI,100.03500366210938,100.03500366210938,100.03500366210938,100.03500366210938,0
2025-12-11,JU13.MI,99.61000061035156,99.61000061035156,99.24500274658203,99.24500274658203,306
2025-12-12,JU13.MI,99.29499816894531,99.3499984741211,99.29499816894531,99.32499694824219,10
2025-12-15,JU13.MI,99.32499694824219,99.32499694824219,99.32499694824219,99.32499694824219,0
2025-12-16,JU13.MI,99.20999908447266,99.20999908447266,99.18000030517578,99.18000030517578,14
2025-12-17,JU13.MI,99.3550033569336,99.3550033569336,99.33999633789062,99.33999633789062,21
2025-12-18,JU13.MI,99.33999633789062,99.33999633789062,99.33999633789062,99.33999633789062,0
2025-12-19,JU13.MI,99.80999755859375,99.80999755859375,99.69999694824219,99.69999694824219,1075
2025-12-22,JU13.MI,99.59500122070312,99.59500122070312,99.33000183105469,99.33000183105469,1053
2025-12-23,JU13.MI,99.09500122070312,99.125,99.08499908447266,99.125,20
2025-12-29,JU13.MI,99.18499755859375,99.40499877929688,99.18499755859375,99.40499877929688,13
2025-12-30,JU13.MI,99.33999633789062,99.45500183105469,99.32499694824219,99.45500183105469,4232
2026-01-02,JU13.MI,99.65499877929688,99.65499877929688,99.61000061035156,99.61000061035156,4228
2026-01-05,JU13.MI,99.61000061035156,99.61000061035156,99.61000061035156,99.61000061035156,0
2026-01-06,JU13.MI,99.61000061035156,99.61000061035156,99.61000061035156,99.61000061035156,0
2026-01-07,JU13.MI,99.61000061035156,99.61000061035156,99.61000061035156,99.61000061035156,0
2026-01-08,JU13.MI,100.24500274658203,100.38999938964844,100.24500274658203,100.38999938964844,130
2026-01-09,JU13.MI,100.59500122070312,100.59500122070312,100.55999755859375,100.55999755859375,1843
2026-01-12,JU13.MI,100.55999755859375,100.55999755859375,100.55999755859375,100.55999755859375,0
2026-01-13,JU13.MI,100.2300033569336,100.5,100.2300033569336,100.5,1055
2026-01-14,JU13.MI,100.5,100.5,100.5,100.5,0
2026-01-15,JU13.MI,100.79499816894531,100.83999633789062,100.75,100.75,1070
2026-01-16,JU13.MI,100.75,100.75,100.75,100.75,0
2026-01-19,JU13.MI,100.75,100.75,100.75,100.75,0
2026-01-20,JU13.MI,100.75,100.75,100.75,100.75,0
2026-01-21,JU13.MI,99.75499725341797,99.91000366210938,99.75499725341797,99.91000366210938,17
2026-01-22,JU13.MI,99.68499755859375,99.68499755859375,99.54000091552734,99.54000091552734,8
2026-01-23,JU13.MI,99.54000091552734,99.54000091552734,99.54000091552734,99.54000091552734,0
2026-01-26,JU13.MI,99.54000091552734,99.54000091552734,99.54000091552734,99.54000091552734,0
2026-01-27,JU13.MI,98.63500213623047,98.63500213623047,97.76499938964844,97.76499938964844,2726
2026-01-28,JU13.MI,97.66999816894531,98.11499786376953,97.66999816894531,98.11499786376953,118
2026-01-29,JU13.MI,98.23999786376953,98.54499816894531,98.12000274658203,98.12000274658203,11390
2026-01-30,JU13.MI,98.19000244140625,98.61000061035156,98.19000244140625,98.61000061035156,820
2026-02-02,JU13.MI,98.61000061035156,98.61000061035156,98.61000061035156,98.61000061035156,0
2026-02-03,JU13.MI,99.30999755859375,99.30999755859375,99.09500122070312,99.09500122070312,100
2026-02-04,JU13.MI,99.0999984741211,99.2699966430664,99.0999984741211,99.2699966430664,64
2026-02-05,JU13.MI,99.38999938964844,99.51499938964844,99.38999938964844,99.51499938964844,7
2026-02-06,JU13.MI,99.51499938964844,99.51499938964844,99.51499938964844,99.51499938964844,0
2026-02-09,JU13.MI,99.51499938964844,99.51499938964844,99.51499938964844,99.51499938964844,0
2026-02-10,JU13.MI,99.51499938964844,99.51499938964844,99.51499938964844,99.51499938964844,0
2026-02-11,JU13.MI,99.51499938964844,99.51499938964844,99.51499938964844,99.51499938964844,0
2026-02-12,JU13.MI,98.77999877929688,98.98999786376953,98.77999877929688,98.98999786376953,1063
2026-02-13,JU13.MI,99.02999877929688,99.12000274658203,99.0250015258789,99.07499694824219,2166
2026-02-16,JU13.MI,99.07499694824219,99.07499694824219,99.07499694824219,99.07499694824219,0
2026-02-17,JU13.MI,99.31999969482422,99.3949966430664,99.31999969482422,99.3949966430664,100
2026-02-18,JU13.MI,99.41000366210938,99.46499633789062,99.41000366210938,99.46499633789062,29
2026-02-19,JU13.MI,99.7699966430664,99.92500305175781,99.7699966430664,99.92500305175781,100
2026-02-20,JU13.MI,99.5199966430664,99.76499938964844,99.5199966430664,99.76499938964844,1076
2026-02-23,JU13.MI,99.76499938964844,99.76499938964844,99.76499938964844,99.76499938964844,0
2026-02-24,JU13.MI,99.9749984741211,99.9800033569336,99.76499938964844,99.76499938964844,13959
2026-02-25,JU13.MI,99.76499938964844,99.76499938964844,99.76499938964844,99.76499938964844,0
2026-02-26,JU13.MI,99.52999877929688,99.75499725341797,99.52999877929688,99.75499725341797,300
2026-02-27,JU13.MI,99.75499725341797,99.75499725341797,99.75499725341797,99.75499725341797,0
2026-03-02,JU13.MI,100.54000091552734,100.68000030517578,100.54000091552734,100.68000030517578,150
2026-03-03,JU13.MI,101.05999755859375,101.42500305175781,101.05999755859375,101.42500305175781,150
2026-03-04,JU13.MI,101.42500305175781,101.42500305175781,101.42500305175781,101.42500305175781,0
2026-03-05,JU13.MI,101.42500305175781,101.42500305175781,101.42500305175781,101.42500305175781,0
2026-03-09,JU13.MI,101.42500305175781,101.42500305175781,101.42500305175781,101.42500305175781,0
2026-03-10,JU13.MI,101.42500305175781,101.42500305175781,101.42500305175781,101.42500305175781,0
2026-03-11,JU13.MI,101.11000061035156,101.43000030517578,101.11000061035156,101.43000030517578,4386
2026-03-12,JU13.MI,101.56999969482422,101.70999908447266,101.56999969482422,101.70999908447266,1036
2026-03-13,JU13.MI,102.19000244140625,102.46499633789062,102.19000244140625,102.46499633789062,1093
2026-03-16,JU13.MI,102.46499633789062,102.46499633789062,102.46499633789062,102.46499633789062,0
2026-03-17,JU13.MI,101.78500366210938,101.81500244140625,101.78500366210938,101.81500244140625,593
2026-03-18,JU13.MI,101.81999969482422,101.83999633789062,101.61499786376953,101.81999969482422,5345
2026-03-19,JU13.MI,101.81999969482422,101.81999969482422,101.81999969482422,101.81999969482422,0
2026-03-20,JU13.MI,101.81999969482422,101.81999969482422,101.81999969482422,101.81999969482422,0
2026-03-23,JU13.MI,101.81999969482422,101.81999969482422,101.81999969482422,101.81999969482422,0
2026-03-24,JU13.MI,100.9000015258789,101.05500030517578,100.9000015258789,100.90499877929688,10816
2026-03-25,JU13.MI,100.90499877929688,100.90499877929688,100.90499877929688,100.90499877929688,0
2026-03-26,JU13.MI,100.90499877929688,100.90499877929688,100.90499877929688,100.90499877929688,0
2026-03-27,JU13.MI,100.90499877929688,100.90499877929688,100.90499877929688,100.90499877929688,0
2026-03-30,JU13.MI,101.66000366210938,102.30500030517578,101.65499877929688,102.30500030517578,2068
2026-03-31,JU13.MI,101.7300033569336,101.7300033569336,101.66000366210938,101.66000366210938,83
2026-04-01,JU13.MI,101.18499755859375,101.18499755859375,101.01499938964844,101.01499938964844,288
2026-04-02,JU13.MI,101.01499938964844,101.01499938964844,101.01499938964844,101.01499938964844,0
2026-04-07,JU13.MI,101.3949966430664,101.3949966430664,101.22000122070312,101.22000122070312,8
2026-04-08,JU13.MI,100.31500244140625,100.44000244140625,100.31500244140625,100.44000244140625,67
2026-04-09,JU13.MI,100.44000244140625,100.44000244140625,100.44000244140625,100.44000244140625,0
2026-04-10,JU13.MI,100.0999984741211,100.15499877929688,100.06999969482422,100.06999969482422,7299
2026-04-13,JU13.MI,100.06999969482422,100.06999969482422,100.06999969482422,100.06999969482422,0
2026-04-14,JU13.MI,100.06999969482422,100.06999969482422,100.06999969482422,100.06999969482422,0
2026-04-15,JU13.MI,100.06999969482422,100.06999969482422,100.06999969482422,100.06999969482422,0
2026-04-16,JU13.MI,99.83000183105469,99.8499984741211,99.79499816894531,99.79499816894531,4958
2026-04-17,JU13.MI,99.79499816894531,99.79499816894531,99.79499816894531,99.79499816894531,0
2026-04-20,JU13.MI,99.79499816894531,99.79499816894531,99.79499816894531,99.79499816894531,0
2026-04-21,JU13.MI,99.92500305175781,100.05000305175781,99.91999816894531,100.05000305175781,8111
2026-04-22,JU13.MI,100.05000305175781,100.05000305175781,100.05000305175781,100.05000305175781,0
2026-04-23,JU13.MI,100.05000305175781,100.05000305175781,100.05000305175781,100.05000305175781,0
2026-04-24,JU13.MI,100.05000305175781,100.05000305175781,100.05000305175781,100.05000305175781,0
2026-04-27,JU13.MI,100.05000305175781,100.05000305175781,100.05000305175781,100.05000305175781,0
2026-04-28,JU13.MI,100.05000305175781,100.05000305175781,100.05000305175781,100.05000305175781,0
2026-04-29,JU13.MI,100.41000366210938,100.48999786376953,100.41000366210938,100.43499755859375,8157
2026-04-30,JU13.MI,100.47000122070312,100.47000122070312,100.15499877929688,100.15499877929688,1046
2026-05-04,JU13.MI,100.125,100.34500122070312,100.06999969482422,100.30999755859375,4433
2026-05-05,JU13.MI,101.05500030517578,101.05500030517578,100.26499938964844,100.30500030517578,33
2026-05-06,JU13.MI,100.30500030517578,100.30500030517578,100.30500030517578,100.30500030517578,0
2026-05-07,JU13.MI,99.98999786376953,100.01000213623047,99.91500091552734,99.91500091552734,600
2026-05-08,JU13.MI,99.93499755859375,99.93499755859375,99.86499786376953,99.86499786376953,5184
2026-05-11,JU13.MI,99.86499786376953,99.86499786376953,99.86499786376953,99.86499786376953,0
2026-05-12,JU13.MI,99.98999786376953,100.11499786376953,99.98999786376953,100.11499786376953,63
2026-05-13,JU13.MI,100.11499786376953,100.11499786376953,100.11499786376953,100.11499786376953,0
2026-05-14,JU13.MI,100.11499786376953,100.11499786376953,100.11499786376953,100.11499786376953,0
2026-05-15,JU13.MI,100.7249984741211,100.84500122070312,100.7249984741211,100.84500122070312,48
2026-05-18,JU13.MI,100.84500122070312,100.84500122070312,100.84500122070312,100.84500122070312,0
2026-05-19,JU13.MI,100.84500122070312,100.84500122070312,100.84500122070312,100.84500122070312,0
2026-05-20,JU13.MI,100.84500122070312,100.84500122070312,100.84500122070312,100.84500122070312,0
2026-05-21,JU13.MI,101.40499877929688,101.40499877929688,101.11000061035156,101.17500305175781,1053
2026-05-22,JU13.MI,101.17500305175781,101.54499816894531,101.02999877929688,101.04499816894531,16954
2026-05-25,JU13.MI,100.87999725341797,101.25,100.83000183105469,100.83000183105469,15328
2026-05-26,JU13.MI,101.09500122070312,101.09500122070312,100.83000183105469,100.98999786376953,20628
2026-05-27,JU13.MI,100.8550033569336,100.9800033569336,100.8550033569336,100.9800033569336,49
2026-05-28,JU13.MI,101.13500213623047,101.13500213623047,100.83000183105469,100.83000183105469,25
2026-05-29,JU13.MI,100.68499755859375,100.68499755859375,100.66999816894531,100.66999816894531,253
2026-06-01,JU13.MI,100.66999816894531,100.66999816894531,100.66999816894531,100.66999816894531,0
2026-06-02,JU13.MI,100.66999816894531,100.66999816894531,100.66999816894531,100.66999816894531,0
2026-06-03,JU13.MI,101.27999877929688,101.31500244140625,101.16500091552734,101.16500091552734,6491
2026-06-04,JU13.MI,100.9800033569336,101.11000061035156,100.9800033569336,101.11000061035156,308
2026-06-05,JU13.MI,101.11000061035156,101.11000061035156,101.11000061035156,101.11000061035156,0
2026-06-08,JU13.MI,101.11000061035156,101.11000061035156,101.11000061035156,101.11000061035156,0
2026-06-09,JU13.MI,101.52999877929688,101.55000305175781,101.45999908447266,101.5250015258789,3141
2026-06-10,JU13.MI,101.68499755859375,101.7249984741211,101.63999938964844,101.63999938964844,1042
2026-06-11,JU13.MI,101.875,101.98999786376953,101.875,101.95500183105469,835
2026-06-12,JU13.MI,101.49500274658203,101.52999877929688,101.49500274658203,101.52999877929688,14
2026-06-15,JU13.MI,101.52999877929688,101.52999877929688,101.52999877929688,101.52999877929688,0
2026-06-16,JU13.MI,101.52999877929688,101.52999877929688,101.52999877929688,101.52999877929688,0
2026-06-17,JU13.MI,101.36000061035156,101.51000213623047,101.36000061035156,101.51000213623047,121
2026-06-18,JU13.MI,102.40499877929688,102.66000366210938,102.36499786376953,102.37999725341797,7858
2026-06-19,JU13.MI,102.55999755859375,102.55999755859375,102.3499984741211,102.3499984741211,49
2026-06-22,JU13.MI,102.68000030517578,102.68000030517578,102.58499908447266,102.58499908447266,73
2026-06-23,JU13.MI,102.72000122070312,103.26000213623047,102.72000122070312,103.19999694824219,1811
2026-06-24,JU13.MI,103.55000305175781,103.6050033569336,103.46499633789062,103.5250015258789,1983
2026-06-25,JU13.MI,103.59500122070312,103.70999908447266,103.37999725341797,103.37999725341797,3698
2026-06-26,JU13.MI,103.37999725341797,103.37999725341797,103.37999725341797,103.37999725341797,0
2026-06-29,JU13.MI,103.19000244140625,103.19000244140625,103.05999755859375,103.05999755859375,38
2026-06-30,JU13.MI,103.05999755859375,103.05999755859375,103.05999755859375,103.05999755859375,0
2026-07-01,JU13.MI,103.05999755859375,103.05999755859375,103.05999755859375,103.05999755859375,0
2026-07-02,JU13.MI,102.99500274658203,102.99500274658203,102.91000366210938,102.91000366210938,2
2026-07-03,JU13.MI,102.91000366210938,102.91000366210938,102.91000366210938,102.91000366210938,0
2026-07-06,JU13.MI,102.91000366210938,102.91000366210938,102.91000366210938,102.91000366210938,0
2026-07-07,JU13.MI,102.9800033569336,103.0250015258789,102.9800033569336,103.0250015258789,21
2026-07-08,JU13.MI,103.09500122070312,103.12000274658203,103.09500122070312,103.12000274658203,387
2026-07-09,JU13.MI,103.12000274658203,103.12000274658203,103.12000274658203,103.12000274658203,0
2026-07-10,JU13.MI,103.12000274658203,103.12000274658203,103.12000274658203,103.12000274658203,0
2026-07-13,JU13.MI,103.12000274658203,103.12000274658203,103.12000274658203,103.12000274658203,0
2026-07-14,JU13.MI,102.86000061035156,103.68000030517578,102.8550033569336,102.9000015258789,6804
2026-07-15,JU13.MI,102.98999786376953,103.01499938964844,102.98999786376953,103.01499938964844,407
2026-07-16,JU13.MI,103.01499938964844,103.01499938964844,103.01499938964844,103.01499938964844,0
2026-07-17,JU13.MI,103.01499938964844,103.01499938964844,103.01499938964844,103.01499938964844,0
2026-07-20,JU13.MI,103.01499938964844,103.01499938964844,103.01499938964844,103.01499938964844,0
2026-07-21,JU13.MI,103.19000244140625,103.19000244140625,103.18000030517578,103.18000030517578,290
2026-07-22,JU13.MI,103.03500366210938,103.05000305175781,103.03500366210938,103.05000305175781,734
2026-07-23,JU13.MI,103.05000305175781,103.05000305175781,103.05000305175781,103.05000305175781,0
2026-07-24,JU13.MI,103.27999877929688,103.375,103.27999877929688,103.33999633789062,448
2026-07-27,JU13.MI,103.33999633789062,103.33999633789062,103.33999633789062,103.33999633789062,0
2026-07-28,JU13.MI,103.56999969482422,103.625,103.34500122070312,103.36000061035156,3453
