Date,Ticker,Open,High,Low,Close,Volume
2020-07-27,MMLP.MI,7.769999980926514,7.769999980926514,7.769999980926514,7.769999980926514,0
2020-07-28,MMLP.MI,7.743000030517578,7.743000030517578,7.743000030517578,7.743000030517578,0
2020-07-29,MMLP.MI,8.011199951171875,8.011199951171875,8.011199951171875,8.011199951171875,0
2020-07-30,MMLP.MI,7.874199867248535,7.874199867248535,7.874199867248535,7.874199867248535,0
2020-07-31,MMLP.MI,7.829800128936768,7.829800128936768,7.829800128936768,7.829800128936768,0
2020-08-03,MMLP.MI,7.929299831390381,7.929299831390381,7.929299831390381,7.929299831390381,0
2020-08-04,MMLP.MI,8.191900253295898,8.191900253295898,8.191900253295898,8.191900253295898,0
2020-08-05,MMLP.MI,8.287199974060059,8.287199974060059,8.287199974060059,8.287199974060059,0
2020-08-06,MMLP.MI,8.312899589538574,8.312899589538574,8.312899589538574,8.312899589538574,0
2020-08-07,MMLP.MI,7.001999855041504,7.002999782562256,6.9730000495910645,6.9730000495910645,1098
2020-08-10,MMLP.MI,7.017000198364258,7.0929999351501465,7.017000198364258,7.0929999351501465,500
2020-08-11,MMLP.MI,7.186999797821045,7.285999774932861,7.186999797821045,7.285999774932861,200
2020-08-12,MMLP.MI,7.269999980926514,7.269999980926514,7.2170000076293945,7.2170000076293945,107
2020-08-13,MMLP.MI,7.150000095367432,7.150000095367432,7.144000053405762,7.144000053405762,1500
2020-08-14,MMLP.MI,7.144000053405762,7.144000053405762,7.144000053405762,7.144000053405762,0
2020-08-17,MMLP.MI,7.144000053405762,7.144000053405762,7.144000053405762,7.144000053405762,0
2020-08-18,MMLP.MI,7.144000053405762,7.144000053405762,7.144000053405762,7.144000053405762,0
2020-08-19,MMLP.MI,7.045000076293945,7.059000015258789,7.045000076293945,7.059000015258789,250
2020-08-20,MMLP.MI,7.059000015258789,7.059000015258789,7.059000015258789,7.059000015258789,0
2020-08-21,MMLP.MI,7.059000015258789,7.059000015258789,7.059000015258789,7.059000015258789,0
2020-08-24,MMLP.MI,7.057000160217285,7.0929999351501465,7.038000106811523,7.068999767303467,6447
2020-08-25,MMLP.MI,7.039999961853027,7.046999931335449,6.926000118255615,6.926000118255615,11517
2020-08-26,MMLP.MI,6.986000061035156,7.0,6.857999801635742,6.857999801635742,3163
2020-08-27,MMLP.MI,6.800000190734863,6.828999996185303,6.7820000648498535,6.828999996185303,1890
2020-08-28,MMLP.MI,6.809999942779541,6.823999881744385,6.809999942779541,6.818999767303467,640
2020-08-31,MMLP.MI,6.7820000648498535,6.7820000648498535,6.750999927520752,6.750999927520752,150
2020-09-01,MMLP.MI,6.831999778747559,6.831999778747559,6.730000019073486,6.730000019073486,350
2020-09-02,MMLP.MI,6.835000038146973,6.835000038146973,6.794000148773193,6.794000148773193,200
2020-09-03,MMLP.MI,6.797999858856201,6.800000190734863,6.699999809265137,6.702000141143799,3580
2020-09-04,MMLP.MI,6.614999771118164,6.684000015258789,6.576000213623047,6.576000213623047,990
2020-09-07,MMLP.MI,6.546999931335449,6.6519999504089355,6.546999931335449,6.605000019073486,17110
2020-09-08,MMLP.MI,6.541999816894531,6.566999912261963,6.474999904632568,6.566999912261963,7160
2020-09-09,MMLP.MI,6.663000106811523,6.663000106811523,6.625999927520752,6.625999927520752,240
2020-09-10,MMLP.MI,6.625999927520752,6.625999927520752,6.625999927520752,6.625999927520752,0
2020-09-11,MMLP.MI,6.545000076293945,6.545000076293945,6.465000152587891,6.482999801635742,610
2020-09-14,MMLP.MI,6.465000152587891,6.478000164031982,6.449999809265137,6.478000164031982,1200
2020-09-15,MMLP.MI,6.478000164031982,6.478000164031982,6.478000164031982,6.478000164031982,0
2020-09-16,MMLP.MI,6.442999839782715,6.548999786376953,6.442999839782715,6.548999786376953,2490
2020-09-17,MMLP.MI,6.449999809265137,6.5229997634887695,6.442999839782715,6.5229997634887695,760
2020-09-18,MMLP.MI,6.679999828338623,6.679999828338623,6.451000213623047,6.451000213623047,132
2020-09-21,MMLP.MI,6.451000213623047,6.451000213623047,6.451000213623047,6.451000213623047,0
2020-09-22,MMLP.MI,6.451000213623047,6.451000213623047,6.451000213623047,6.451000213623047,0
2020-09-23,MMLP.MI,6.297999858856201,6.302999973297119,6.297999858856201,6.302999973297119,270
2020-09-24,MMLP.MI,6.175000190734863,6.175000190734863,5.831999778747559,5.836999893188477,18719
2020-09-25,MMLP.MI,5.836999893188477,5.836999893188477,5.836999893188477,5.836999893188477,0
2020-09-28,MMLP.MI,5.836999893188477,5.836999893188477,5.836999893188477,5.836999893188477,0
2020-09-29,MMLP.MI,5.836999893188477,5.836999893188477,5.836999893188477,5.836999893188477,0
2020-09-30,MMLP.MI,6.0370001792907715,6.13100004196167,6.0370001792907715,6.093999862670898,1005
2020-10-01,MMLP.MI,5.989999771118164,5.989999771118164,5.840000152587891,5.840000152587891,910
2020-10-02,MMLP.MI,5.820000171661377,5.89300012588501,5.820000171661377,5.89300012588501,80
2020-10-05,MMLP.MI,5.89300012588501,5.89300012588501,5.89300012588501,5.89300012588501,0
2020-10-06,MMLP.MI,5.89300012588501,5.89300012588501,5.89300012588501,5.89300012588501,0
2020-10-07,MMLP.MI,6.008999824523926,6.008999824523926,5.965000152587891,5.965000152587891,200
2020-10-08,MMLP.MI,5.965000152587891,5.965000152587891,5.965000152587891,5.965000152587891,0
2020-10-09,MMLP.MI,6.360000133514404,6.360000133514404,6.269999980926514,6.294000148773193,1900
2020-10-12,MMLP.MI,6.294000148773193,6.294000148773193,6.294000148773193,6.294000148773193,0
2020-10-13,MMLP.MI,6.377999782562256,6.377999782562256,6.3460001945495605,6.3460001945495605,800
2020-10-14,MMLP.MI,6.355000019073486,6.492000102996826,6.355000019073486,6.492000102996826,1100
2020-10-15,MMLP.MI,6.492000102996826,6.492000102996826,6.492000102996826,6.492000102996826,0
2020-10-16,MMLP.MI,6.492000102996826,6.492000102996826,6.492000102996826,6.492000102996826,0
2020-10-19,MMLP.MI,6.3979997634887695,6.3979997634887695,6.320000171661377,6.320000171661377,2000
2020-10-20,MMLP.MI,6.320000171661377,6.320000171661377,6.320000171661377,6.320000171661377,0
2020-10-21,MMLP.MI,6.230000019073486,6.230000019073486,6.183000087738037,6.183000087738037,380
2020-10-22,MMLP.MI,6.183000087738037,6.183000087738037,6.183000087738037,6.183000087738037,0
2020-10-23,MMLP.MI,6.183000087738037,6.183000087738037,6.183000087738037,6.183000087738037,0
2020-10-26,MMLP.MI,6.251999855041504,6.251999855041504,6.206999778747559,6.206999778747559,500
2020-10-27,MMLP.MI,6.206999778747559,6.206999778747559,6.206999778747559,6.206999778747559,0
2020-10-28,MMLP.MI,6.0970001220703125,6.0970001220703125,5.980999946594238,6.070000171661377,1500
2020-10-29,MMLP.MI,6.070000171661377,6.070000171661377,6.070000171661377,6.070000171661377,0
2020-10-30,MMLP.MI,6.005000114440918,6.005000114440918,6.005000114440918,6.005000114440918,130
2020-11-02,MMLP.MI,6.005000114440918,6.005000114440918,6.005000114440918,6.005000114440918,0
2020-11-03,MMLP.MI,6.1620001792907715,6.1620001792907715,6.156000137329102,6.156000137329102,80
2020-11-04,MMLP.MI,6.156000137329102,6.156000137329102,6.156000137329102,6.156000137329102,0
2020-11-05,MMLP.MI,6.156000137329102,6.156000137329102,6.156000137329102,6.156000137329102,0
2020-11-06,MMLP.MI,6.079999923706055,6.079999923706055,6.0229997634887695,6.0229997634887695,75
2020-11-09,MMLP.MI,6.061999797821045,6.309999942779541,6.061999797821045,6.252999782562256,780
2020-11-10,MMLP.MI,6.252999782562256,6.252999782562256,6.252999782562256,6.252999782562256,0
2020-11-11,MMLP.MI,6.730999946594238,6.730999946594238,6.693999767303467,6.693999767303467,200
2020-11-12,MMLP.MI,6.620999813079834,6.620999813079834,6.578999996185303,6.578999996185303,1000
2020-11-13,MMLP.MI,6.558000087738037,6.572999954223633,6.5,6.572999954223633,2200
2020-11-16,MMLP.MI,6.74399995803833,6.855999946594238,6.74399995803833,6.855999946594238,1045
2020-11-17,MMLP.MI,6.7729997634887695,6.813000202178955,6.760000228881836,6.813000202178955,6570
2020-11-18,MMLP.MI,6.813000202178955,6.813000202178955,6.813000202178955,6.813000202178955,0
2020-11-19,MMLP.MI,6.796999931335449,6.857999801635742,6.796999931335449,6.857999801635742,465
2020-11-20,MMLP.MI,6.857999801635742,6.857999801635742,6.857999801635742,6.857999801635742,0
2020-11-23,MMLP.MI,6.965000152587891,7.290999889373779,6.965000152587891,7.290999889373779,200
2020-11-24,MMLP.MI,7.2870001792907715,7.571000099182129,7.2870001792907715,7.550000190734863,2400
2020-11-25,MMLP.MI,7.514999866485596,7.5229997634887695,7.4079999923706055,7.4079999923706055,2165
2020-11-26,MMLP.MI,7.489999771118164,7.489999771118164,7.488999843597412,7.488999843597412,503
2020-11-27,MMLP.MI,7.486000061035156,7.486000061035156,7.3379998207092285,7.3379998207092285,634
2020-11-30,MMLP.MI,7.294000148773193,7.309999942779541,7.166999816894531,7.166999816894531,750
2020-12-01,MMLP.MI,7.132999897003174,7.199999809265137,7.117000102996826,7.117000102996826,670
2020-12-02,MMLP.MI,7.117000102996826,7.117000102996826,7.117000102996826,7.117000102996826,0
2020-12-03,MMLP.MI,7.199999809265137,7.366000175476074,7.199999809265137,7.366000175476074,163
2020-12-04,MMLP.MI,7.354000091552734,7.581999778747559,7.354000091552734,7.581999778747559,497
2020-12-07,MMLP.MI,7.627999782562256,7.630000114440918,7.584000110626221,7.584000110626221,3607
2020-12-08,MMLP.MI,7.540999889373779,7.6479997634887695,7.519000053405762,7.6479997634887695,560
2020-12-09,MMLP.MI,7.550000190734863,7.6579999923706055,7.534999847412109,7.534999847412109,1850
2020-12-10,MMLP.MI,7.664000034332275,7.693999767303467,7.664000034332275,7.693999767303467,650
2020-12-11,MMLP.MI,7.650000095367432,7.690000057220459,7.650000095367432,7.690000057220459,265
2020-12-14,MMLP.MI,7.690000057220459,7.690000057220459,7.690000057220459,7.690000057220459,0
2020-12-15,MMLP.MI,7.690000057220459,7.690000057220459,7.690000057220459,7.690000057220459,0
2020-12-16,MMLP.MI,7.690000057220459,7.690000057220459,7.690000057220459,7.690000057220459,0
2020-12-17,MMLP.MI,7.359000205993652,7.360000133514404,7.26200008392334,7.26200008392334,1294
2020-12-18,MMLP.MI,7.26200008392334,7.26200008392334,7.247000217437744,7.247000217437744,200
2020-12-21,MMLP.MI,7.239999771118164,7.239999771118164,7.026000022888184,7.026000022888184,100
2020-12-22,MMLP.MI,7.067999839782715,7.072999954223633,7.03000020980835,7.072999954223633,525
2020-12-23,MMLP.MI,7.019000053405762,7.10099983215332,7.019000053405762,7.10099983215332,142
2020-12-28,MMLP.MI,7.041999816894531,7.041999816894531,6.896999835968018,6.896999835968018,50
2020-12-29,MMLP.MI,6.9079999923706055,6.9079999923706055,6.84499979019165,6.84499979019165,725
2020-12-30,MMLP.MI,6.84499979019165,6.84499979019165,6.84499979019165,6.84499979019165,0
2021-01-04,MMLP.MI,6.84499979019165,6.84499979019165,6.84499979019165,6.84499979019165,0
2021-01-05,MMLP.MI,6.84499979019165,6.84499979019165,6.84499979019165,6.84499979019165,0
2021-01-06,MMLP.MI,6.84499979019165,6.84499979019165,6.84499979019165,6.84499979019165,0
2021-01-07,MMLP.MI,7.340000152587891,7.361000061035156,7.340000152587891,7.361000061035156,100
2021-01-08,MMLP.MI,7.46999979019165,7.46999979019165,7.340000152587891,7.35099983215332,235
2021-01-11,MMLP.MI,7.353000164031982,7.427000045776367,7.353000164031982,7.427000045776367,275
2021-01-12,MMLP.MI,7.480999946594238,7.689000129699707,7.480999946594238,7.689000129699707,640
2021-01-13,MMLP.MI,7.734000205993652,7.793000221252441,7.734000205993652,7.793000221252441,110
2021-01-14,MMLP.MI,7.796999931335449,7.922999858856201,7.794000148773193,7.915999889373779,1300
2021-01-15,MMLP.MI,7.915999889373779,7.915999889373779,7.915999889373779,7.915999889373779,0
2021-01-18,MMLP.MI,7.923999786376953,7.923999786376953,7.843999862670898,7.843999862670898,964
2021-01-19,MMLP.MI,7.9029998779296875,7.90500020980835,7.875999927520752,7.885000228881836,1065
2021-01-20,MMLP.MI,7.885000228881836,7.885000228881836,7.885000228881836,7.885000228881836,0
2021-01-21,MMLP.MI,7.828999996185303,7.828999996185303,7.684000015258789,7.684000015258789,200
2021-01-22,MMLP.MI,7.550000190734863,7.550000190734863,7.4629998207092285,7.4629998207092285,500
2021-01-25,MMLP.MI,7.550000190734863,7.563000202178955,7.454999923706055,7.460000038146973,767
2021-01-26,MMLP.MI,7.556000232696533,7.556000232696533,7.500999927520752,7.500999927520752,920
2021-01-27,MMLP.MI,7.534999847412109,7.534999847412109,7.4730000495910645,7.4730000495910645,70
2021-01-28,MMLP.MI,7.234000205993652,7.317999839782715,7.234000205993652,7.317999839782715,465
2021-01-29,MMLP.MI,7.335000038146973,7.379000186920166,7.335000038146973,7.379000186920166,1000
2021-02-01,MMLP.MI,7.418000221252441,7.418000221252441,7.335000038146973,7.35699987411499,804
2021-02-02,MMLP.MI,7.484000205993652,7.539999961853027,7.484000205993652,7.539999961853027,550
2021-02-03,MMLP.MI,7.501999855041504,7.539000034332275,7.501999855041504,7.539000034332275,180
2021-02-04,MMLP.MI,7.639999866485596,7.64300012588501,7.624000072479248,7.624000072479248,391
2021-02-05,MMLP.MI,7.699999809265137,7.699999809265137,7.639999866485596,7.639999866485596,1684
2021-02-08,MMLP.MI,7.679999828338623,7.723999977111816,7.679999828338623,7.723999977111816,350
2021-02-09,MMLP.MI,7.755000114440918,7.755000114440918,7.672999858856201,7.672999858856201,213
2021-02-10,MMLP.MI,7.74399995803833,7.74399995803833,7.640999794006348,7.669000148773193,523
2021-02-11,MMLP.MI,7.77400016784668,7.788000106811523,7.677000045776367,7.677000045776367,300
2021-02-12,MMLP.MI,7.716000080108643,7.758999824523926,7.716000080108643,7.758999824523926,26
2021-02-15,MMLP.MI,7.841000080108643,7.875999927520752,7.841000080108643,7.875999927520752,2300
2021-02-16,MMLP.MI,7.882999897003174,7.986999988555908,7.868000030517578,7.986999988555908,220
2021-02-17,MMLP.MI,7.995999813079834,7.995999813079834,7.894000053405762,7.894000053405762,300
2021-02-18,MMLP.MI,7.986999988555908,7.986999988555908,7.8379998207092285,7.8379998207092285,713
2021-02-19,MMLP.MI,7.754000186920166,7.929999828338623,7.73799991607666,7.767000198364258,14166
2021-02-22,MMLP.MI,7.709000110626221,7.881999969482422,7.709000110626221,7.881999969482422,2135
2021-02-23,MMLP.MI,7.881999969482422,7.881999969482422,7.881999969482422,7.881999969482422,0
2021-02-24,MMLP.MI,7.915999889373779,8.109999656677246,7.915999889373779,8.104999542236328,29022
2021-02-25,MMLP.MI,8.095000267028809,8.095000267028809,8.022000312805176,8.043000221252441,910
2021-02-26,MMLP.MI,7.85699987411499,7.965000152587891,7.747000217437744,7.749000072479248,620
2021-03-01,MMLP.MI,7.749000072479248,7.749000072479248,7.749000072479248,7.749000072479248,0
2021-03-02,MMLP.MI,7.749000072479248,7.749000072479248,7.749000072479248,7.749000072479248,0
2021-03-03,MMLP.MI,8.114999771118164,8.244999885559082,8.114999771118164,8.244999885559082,930
2021-03-04,MMLP.MI,8.154000282287598,8.454000473022461,8.154000282287598,8.454000473022461,950
2021-03-05,MMLP.MI,8.312999725341797,8.427000045776367,8.305999755859375,8.305999755859375,515
2021-03-08,MMLP.MI,8.4350004196167,8.637999534606934,8.4350004196167,8.637999534606934,2650
2021-03-09,MMLP.MI,8.677000045776367,8.715999603271484,8.579000473022461,8.579000473022461,15170
2021-03-10,MMLP.MI,8.473999977111816,8.621999740600586,8.473999977111816,8.621999740600586,20000
2021-03-11,MMLP.MI,8.699999809265137,8.699999809265137,8.60099983215332,8.60099983215332,12585
2021-03-12,MMLP.MI,8.51099967956543,8.607999801635742,8.51099967956543,8.607999801635742,15250
2021-03-15,MMLP.MI,8.680999755859375,8.70199966430664,8.574000358581543,8.57699966430664,6746
2021-03-16,MMLP.MI,8.661999702453613,8.661999702453613,8.52400016784668,8.52400016784668,580
2021-03-17,MMLP.MI,8.52400016784668,8.630000114440918,8.4350004196167,8.4350004196167,2370
2021-03-18,MMLP.MI,8.475000381469727,8.475000381469727,8.442000389099121,8.442000389099121,240
2021-03-19,MMLP.MI,8.288000106811523,8.378999710083008,8.288000106811523,8.378999710083008,1662
2021-03-22,MMLP.MI,8.409000396728516,8.418999671936035,8.28499984741211,8.28499984741211,15400
2021-03-23,MMLP.MI,8.28499984741211,8.28499984741211,8.26099967956543,8.26099967956543,50
2021-03-24,MMLP.MI,8.26099967956543,8.26099967956543,8.26099967956543,8.26099967956543,0
2021-03-25,MMLP.MI,8.342000007629395,8.354999542236328,8.15999984741211,8.29800033569336,37550
2021-03-26,MMLP.MI,8.29800033569336,8.29800033569336,8.29800033569336,8.29800033569336,0
2021-03-29,MMLP.MI,8.496000289916992,8.496000289916992,8.468999862670898,8.468999862670898,250
2021-03-30,MMLP.MI,8.498000144958496,8.506999969482422,8.446999549865723,8.451000213623047,4210
2021-03-31,MMLP.MI,8.4399995803833,8.48799991607666,8.4399995803833,8.48799991607666,15000
2021-04-01,MMLP.MI,8.526000022888184,8.526000022888184,8.413000106811523,8.413000106811523,120
2021-04-06,MMLP.MI,8.529999732971191,8.529999732971191,8.515000343322754,8.515000343322754,350
2021-04-07,MMLP.MI,8.526000022888184,8.526000022888184,8.46500015258789,8.46500015258789,1130
2021-04-08,MMLP.MI,8.46500015258789,8.46500015258789,8.46500015258789,8.46500015258789,0
2021-04-09,MMLP.MI,8.526000022888184,8.545999526977539,8.520000457763672,8.545999526977539,435
2021-04-12,MMLP.MI,8.463000297546387,8.463000297546387,8.442999839782715,8.442999839782715,1000
2021-04-13,MMLP.MI,8.449999809265137,8.449999809265137,8.425000190734863,8.437999725341797,100
2021-04-14,MMLP.MI,8.451000213623047,8.545000076293945,8.451000213623047,8.545000076293945,1180
2021-04-15,MMLP.MI,8.545000076293945,8.545000076293945,8.545000076293945,8.545000076293945,0
2021-04-16,MMLP.MI,8.571000099182129,8.572999954223633,8.52299976348877,8.52299976348877,950
2021-04-19,MMLP.MI,8.420000076293945,8.506999969482422,8.420000076293945,8.470000267028809,4236
2021-04-20,MMLP.MI,8.470000267028809,8.470000267028809,8.305000305175781,8.305000305175781,400
2021-04-21,MMLP.MI,8.305000305175781,8.305000305175781,8.305000305175781,8.305000305175781,0
2021-04-22,MMLP.MI,8.468999862670898,8.541000366210938,8.468999862670898,8.541000366210938,600
2021-04-23,MMLP.MI,8.541000366210938,8.541000366210938,8.541000366210938,8.541000366210938,0
2021-04-26,MMLP.MI,8.449000358581543,8.586999893188477,8.449000358581543,8.572999954223633,2089
2021-04-27,MMLP.MI,8.572999954223633,8.572999954223633,8.572999954223633,8.572999954223633,0
2021-04-28,MMLP.MI,8.572999954223633,8.572999954223633,8.572999954223633,8.572999954223633,0
2021-04-29,MMLP.MI,8.777999877929688,8.819999694824219,8.755999565124512,8.755999565124512,1494
2021-04-30,MMLP.MI,8.755999565124512,8.755999565124512,8.755999565124512,8.755999565124512,0
2021-05-03,MMLP.MI,8.781999588012695,8.789999961853027,8.770000457763672,8.789999961853027,2565
2021-05-04,MMLP.MI,8.859000205993652,8.895999908447266,8.821000099182129,8.895999908447266,5100
2021-05-05,MMLP.MI,8.9399995803833,9.062999725341797,8.9399995803833,9.062999725341797,5000
2021-05-06,MMLP.MI,8.869999885559082,8.930999755859375,8.869999885559082,8.930999755859375,100
2021-05-07,MMLP.MI,9.088000297546387,9.088000297546387,8.954000473022461,8.965999603271484,1100
2021-05-10,MMLP.MI,9.071999549865723,9.152000427246094,9.069000244140625,9.131999969482422,4120
2021-05-11,MMLP.MI,9.031000137329102,9.062999725341797,8.956999778747559,8.956999778747559,5210
2021-05-12,MMLP.MI,8.956999778747559,8.956999778747559,8.956999778747559,8.956999778747559,0
2021-05-13,MMLP.MI,8.989999771118164,9.038999557495117,8.975000381469727,9.038999557495117,335
2021-05-14,MMLP.MI,9.194000244140625,9.208000183105469,9.156999588012695,9.208000183105469,3596
2021-05-17,MMLP.MI,9.265000343322754,9.321000099182129,9.192000389099121,9.321000099182129,4130
2021-05-18,MMLP.MI,9.409000396728516,9.479999542236328,9.317000389099121,9.317000389099121,2057
2021-05-19,MMLP.MI,9.211000442504883,9.211000442504883,9.109999656677246,9.116000175476074,4170
2021-05-20,MMLP.MI,9.116000175476074,9.116000175476074,9.116000175476074,9.116000175476074,0
2021-05-21,MMLP.MI,9.208000183105469,9.244999885559082,9.208000183105469,9.244999885559082,550
2021-05-24,MMLP.MI,9.253999710083008,9.253999710083008,9.223999977111816,9.223999977111816,22332
2021-05-25,MMLP.MI,9.263999938964844,9.263999938964844,9.142000198364258,9.142000198364258,2650
2021-05-26,MMLP.MI,9.142000198364258,9.161999702453613,9.142000198364258,9.161999702453613,500
2021-05-27,MMLP.MI,9.156999588012695,9.255000114440918,9.156999588012695,9.199000358581543,60
2021-05-28,MMLP.MI,9.246000289916992,9.277999877929688,9.17300033569336,9.17300033569336,2650
2021-05-31,MMLP.MI,9.17300033569336,9.17300033569336,9.109000205993652,9.109000205993652,2900
2021-06-01,MMLP.MI,9.177000045776367,9.298999786376953,9.177000045776367,9.279999732971191,15930
2021-06-02,MMLP.MI,9.300000190734863,9.383999824523926,9.300000190734863,9.383999824523926,10510
2021-06-03,MMLP.MI,9.40999984741211,9.487000465393066,9.385000228881836,9.487000465393066,1443
2021-06-04,MMLP.MI,9.51200008392334,9.51200008392334,9.437999725341797,9.437999725341797,2520
2021-06-07,MMLP.MI,9.5,9.60200023651123,9.489999771118164,9.60200023651123,4348
2021-06-08,MMLP.MI,9.621000289916992,9.630999565124512,9.609999656677246,9.630999565124512,4269
2021-06-09,MMLP.MI,9.630999565124512,9.630999565124512,9.630999565124512,9.630999565124512,0
2021-06-10,MMLP.MI,9.54699993133545,9.605999946594238,9.503000259399414,9.605999946594238,16583
2021-06-11,MMLP.MI,9.729999542236328,9.76099967956543,9.729999542236328,9.76099967956543,411
2021-06-14,MMLP.MI,9.76200008392334,9.836000442504883,9.729999542236328,9.758999824523926,28519
2021-06-15,MMLP.MI,9.772000312805176,9.84000015258789,9.73799991607666,9.73799991607666,244
2021-06-16,MMLP.MI,9.802000045776367,9.847999572753906,9.779999732971191,9.847999572753906,8424
2021-06-17,MMLP.MI,9.890999794006348,9.890999794006348,9.711000442504883,9.711000442504883,3391
2021-06-18,MMLP.MI,9.642999649047852,9.642999649047852,9.572999954223633,9.572999954223633,500
2021-06-21,MMLP.MI,9.52400016784668,9.623000144958496,9.498000144958496,9.623000144958496,700
2021-06-22,MMLP.MI,9.63700008392334,9.63700008392334,9.545999526977539,9.545999526977539,20
2021-06-23,MMLP.MI,9.590999603271484,9.654999732971191,9.590999603271484,9.640000343322754,62
2021-06-24,MMLP.MI,9.60200023651123,9.645999908447266,9.541999816894531,9.552000045776367,2210
2021-06-25,MMLP.MI,9.625,9.625,9.529999732971191,9.529999732971191,25
2021-06-28,MMLP.MI,9.569000244140625,9.569000244140625,9.331000328063965,9.388999938964844,8695
2021-06-29,MMLP.MI,9.366999626159668,9.428000450134277,9.366999626159668,9.428000450134277,423
2021-06-30,MMLP.MI,9.40999984741211,9.545000076293945,9.40999984741211,9.545000076293945,270
2021-07-01,MMLP.MI,9.609999656677246,9.640000343322754,9.569999694824219,9.569999694824219,320
2021-07-02,MMLP.MI,9.743000030517578,9.743000030517578,9.640000343322754,9.64900016784668,210
2021-07-05,MMLP.MI,9.730999946594238,9.767999649047852,9.70199966430664,9.756999969482422,591
2021-07-06,MMLP.MI,9.814000129699707,9.814000129699707,9.527000427246094,9.527000427246094,422
2021-07-07,MMLP.MI,9.661999702453613,9.680000305175781,9.553000450134277,9.553000450134277,800
2021-07-08,MMLP.MI,9.480999946594238,9.480999946594238,9.418000221252441,9.418000221252441,31
2021-07-09,MMLP.MI,9.526000022888184,9.593000411987305,9.526000022888184,9.593000411987305,1967
2021-07-12,MMLP.MI,9.593000411987305,9.593000411987305,9.593000411987305,9.593000411987305,0
2021-07-13,MMLP.MI,9.607999801635742,9.630000114440918,9.567000389099121,9.567000389099121,15
2021-07-14,MMLP.MI,9.567000389099121,9.567000389099121,9.567000389099121,9.567000389099121,0
2021-07-15,MMLP.MI,9.369000434875488,9.369000434875488,9.277999877929688,9.310999870300293,40876
2021-07-16,MMLP.MI,9.258000373840332,9.258000373840332,9.255000114440918,9.255000114440918,127
2021-07-19,MMLP.MI,9.020999908447266,9.239999771118164,8.77400016784668,8.819000244140625,30123
2021-07-20,MMLP.MI,9.003999710083008,9.043000221252441,8.920000076293945,9.043000221252441,45
2021-07-21,MMLP.MI,9.300999641418457,9.300999641418457,9.265999794006348,9.265999794006348,1000
2021-07-22,MMLP.MI,9.220999717712402,9.23799991607666,9.109999656677246,9.11299991607666,17208
2021-07-23,MMLP.MI,9.253999710083008,9.253999710083008,9.11299991607666,9.128000259399414,610
2021-07-26,MMLP.MI,9.100000381469727,9.239999771118164,9.100000381469727,9.239999771118164,647
2021-07-27,MMLP.MI,9.239999771118164,9.239999771118164,9.239999771118164,9.239999771118164,0
2021-07-28,MMLP.MI,9.229000091552734,9.229000091552734,9.180000305175781,9.180000305175781,10
2021-07-29,MMLP.MI,9.24899959564209,9.289999961853027,9.211999893188477,9.211999893188477,7910
2021-07-30,MMLP.MI,9.213000297546387,9.21399974822998,9.175000190734863,9.175000190734863,5010
2021-08-02,MMLP.MI,9.175999641418457,9.350000381469727,9.083000183105469,9.083000183105469,47
2021-08-03,MMLP.MI,9.083000183105469,9.083000183105469,8.984000205993652,9.071000099182129,8215
2021-08-04,MMLP.MI,9.07800006866455,9.138999938964844,9.015000343322754,9.138999938964844,7854
2021-08-05,MMLP.MI,9.138999938964844,9.138999938964844,9.138999938964844,9.138999938964844,0
2021-08-06,MMLP.MI,9.019000053405762,9.085000038146973,9.019000053405762,9.085000038146973,370
2021-08-09,MMLP.MI,8.982999801635742,9.050000190734863,8.963000297546387,8.968999862670898,30060
2021-08-10,MMLP.MI,9.069999694824219,9.142999649047852,9.069999694824219,9.142999649047852,120
2021-08-11,MMLP.MI,9.187000274658203,9.187000274658203,9.152999877929688,9.175999641418457,4491
2021-08-12,MMLP.MI,9.210000038146973,9.211999893188477,9.194999694824219,9.194999694824219,2320
2021-08-13,MMLP.MI,9.26099967956543,9.26099967956543,9.204000473022461,9.204000473022461,5450
2021-08-16,MMLP.MI,9.204000473022461,9.204000473022461,9.204000473022461,9.204000473022461,0
2021-08-17,MMLP.MI,9.079999923706055,9.175000190734863,9.053999900817871,9.11299991607666,30791
2021-08-18,MMLP.MI,9.11299991607666,9.11299991607666,9.11299991607666,9.11299991607666,0
2021-08-19,MMLP.MI,8.876999855041504,8.876999855041504,8.704999923706055,8.704999923706055,165
2021-08-20,MMLP.MI,8.704999923706055,8.857000350952148,8.704999923706055,8.857000350952148,100
2021-08-23,MMLP.MI,8.857000350952148,8.857000350952148,8.857000350952148,8.857000350952148,0
2021-08-24,MMLP.MI,9.019000053405762,9.043999671936035,9.010000228881836,9.010000228881836,15
2021-08-25,MMLP.MI,9.010000228881836,9.010000228881836,9.010000228881836,9.010000228881836,0
2021-08-26,MMLP.MI,9.045999526977539,9.08899974822998,9.0,9.0,410
2021-08-27,MMLP.MI,8.991999626159668,9.093000411987305,8.991999626159668,9.093000411987305,100
2021-08-30,MMLP.MI,9.092000007629395,9.118000030517578,9.092000007629395,9.118000030517578,100
2021-08-31,MMLP.MI,8.998000144958496,9.04800033569336,8.994999885559082,9.024999618530273,2754
2021-09-01,MMLP.MI,9.069000244140625,9.069000244140625,9.006999969482422,9.006999969482422,220
2021-09-02,MMLP.MI,9.006999969482422,9.006999969482422,9.006999969482422,9.006999969482422,0
2021-09-03,MMLP.MI,9.157999992370605,9.213000297546387,9.13700008392334,9.13700008392334,610
2021-09-06,MMLP.MI,9.13700008392334,9.13700008392334,9.13700008392334,9.13700008392334,0
2021-09-07,MMLP.MI,9.104000091552734,9.196000099182129,9.104000091552734,9.13599967956543,1325
2021-09-08,MMLP.MI,9.097999572753906,9.149999618530273,9.097999572753906,9.149999618530273,195
2021-09-09,MMLP.MI,9.050000190734863,9.133999824523926,9.048999786376953,9.085000038146973,40
2021-09-10,MMLP.MI,9.095000267028809,9.130000114440918,9.008999824523926,9.045000076293945,1126
2021-09-13,MMLP.MI,9.088000297546387,9.21399974822998,9.079999923706055,9.16100025177002,4300
2021-09-14,MMLP.MI,9.197999954223633,9.225000381469727,9.13700008392334,9.13700008392334,80
2021-09-15,MMLP.MI,9.086000442504883,9.20300006866455,9.086000442504883,9.20300006866455,49
2021-09-16,MMLP.MI,9.104000091552734,9.104000091552734,9.060999870300293,9.060999870300293,20
2021-09-17,MMLP.MI,9.060999870300293,9.086000442504883,9.013999938964844,9.013999938964844,130
2021-09-20,MMLP.MI,9.013999938964844,9.013999938964844,8.722000122070312,8.784000396728516,2443
2021-09-21,MMLP.MI,8.800000190734863,8.800000190734863,8.781000137329102,8.781000137329102,2
2021-09-22,MMLP.MI,8.781000137329102,8.781000137329102,8.781000137329102,8.781000137329102,0
2021-09-23,MMLP.MI,9.024999618530273,9.090999603271484,8.994999885559082,9.090999603271484,29245
2021-09-24,MMLP.MI,9.090999603271484,9.090999603271484,9.090999603271484,9.090999603271484,0
2021-09-27,MMLP.MI,9.182999610900879,9.309000015258789,9.154999732971191,9.293999671936035,30985
2021-09-28,MMLP.MI,9.37399959564209,9.37399959564209,9.166000366210938,9.279000282287598,450
2021-09-29,MMLP.MI,9.362000465393066,9.362000465393066,9.279000282287598,9.35200023651123,1891
2021-09-30,MMLP.MI,9.293999671936035,9.373000144958496,9.293999671936035,9.373000144958496,100
2021-10-01,MMLP.MI,9.373000144958496,9.373000144958496,9.373000144958496,9.373000144958496,0
2021-10-04,MMLP.MI,9.366000175476074,9.619999885559082,9.366000175476074,9.619999885559082,293
2021-10-05,MMLP.MI,9.583999633789062,9.586000442504883,9.112000465393066,9.112000465393066,180
2021-10-06,MMLP.MI,9.42199993133545,9.42199993133545,9.387999534606934,9.387999534606934,1200
2021-10-07,MMLP.MI,9.487000465393066,9.571000099182129,9.487000465393066,9.571000099182129,10
2021-10-08,MMLP.MI,9.67199993133545,9.729000091552734,9.67199993133545,9.729000091552734,105
2021-10-11,MMLP.MI,9.75,9.843000411987305,9.75,9.843000411987305,1050
2021-10-12,MMLP.MI,9.854000091552734,9.866000175476074,9.829999923706055,9.866000175476074,450
2021-10-13,MMLP.MI,9.866000175476074,9.866000175476074,9.859000205993652,9.859000205993652,5000
2021-10-14,MMLP.MI,10.076000213623047,10.076000213623047,9.994999885559082,10.020000457763672,2402
2021-10-15,MMLP.MI,10.137999534606934,10.137999534606934,10.119999885559082,10.119999885559082,1564
2021-10-18,MMLP.MI,10.130000114440918,10.185999870300293,10.130000114440918,10.170000076293945,796
2021-10-19,MMLP.MI,10.142000198364258,10.142000198364258,10.088000297546387,10.121999740600586,2256
2021-10-20,MMLP.MI,10.140000343322754,10.208000183105469,10.140000343322754,10.208000183105469,150
2021-10-21,MMLP.MI,10.23799991607666,10.23799991607666,10.076000213623047,10.076000213623047,250
2021-10-22,MMLP.MI,10.079999923706055,10.079999923706055,10.015999794006348,10.015999794006348,10
2021-10-25,MMLP.MI,10.100000381469727,10.121999740600586,10.100000381469727,10.121999740600586,1269
2021-10-26,MMLP.MI,10.166000366210938,10.185999870300293,10.166000366210938,10.185999870300293,95
2021-10-27,MMLP.MI,10.100000381469727,10.100000381469727,10.0,10.020000457763672,35355
2021-10-28,MMLP.MI,9.961999893188477,9.961999893188477,9.817999839782715,9.817999839782715,1
2021-10-29,MMLP.MI,9.819000244140625,9.852999687194824,9.817999839782715,9.852999687194824,1010
2021-11-01,MMLP.MI,9.89799976348877,9.98900032043457,9.89799976348877,9.973999977111816,450
2021-11-02,MMLP.MI,9.949999809265137,9.960000038146973,9.902999877929688,9.902999877929688,17100
2021-11-03,MMLP.MI,9.847999572753906,9.899999618530273,9.842000007629395,9.842000007629395,230
2021-11-04,MMLP.MI,9.956000328063965,9.956000328063965,9.800000190734863,9.800000190734863,245
2021-11-05,MMLP.MI,9.800000190734863,9.800000190734863,9.800000190734863,9.800000190734863,0
2021-11-08,MMLP.MI,9.961999893188477,9.961999893188477,9.913000106811523,9.913000106811523,580
2021-11-09,MMLP.MI,9.833999633789062,9.875,9.833999633789062,9.875,1716
2021-11-10,MMLP.MI,9.897000312805176,9.897000312805176,9.873000144958496,9.873000144958496,520
2021-11-11,MMLP.MI,9.944000244140625,9.944000244140625,9.87600040435791,9.904999732971191,173
2021-11-12,MMLP.MI,9.949999809265137,9.949999809265137,9.902000427246094,9.902000427246094,104
2021-11-15,MMLP.MI,9.913000106811523,10.145999908447266,9.913000106811523,9.970999717712402,141
2021-11-16,MMLP.MI,10.064000129699707,10.064000129699707,9.970999717712402,9.970999717712402,850
2021-11-17,MMLP.MI,10.005999565124512,10.050000190734863,9.947999954223633,9.958999633789062,4055
2021-11-18,MMLP.MI,9.958999633789062,9.958999633789062,9.958999633789062,9.958999633789062,0
2021-11-19,MMLP.MI,9.939000129699707,9.939000129699707,9.65999984741211,9.65999984741211,1424
2021-11-22,MMLP.MI,9.748000144958496,9.765000343322754,9.725000381469727,9.765000343322754,1896
2021-11-23,MMLP.MI,9.696000099182129,9.779999732971191,9.696000099182129,9.779000282287598,1315
2021-11-24,MMLP.MI,9.951000213623047,9.951000213623047,9.951000213623047,9.951000213623047,110
2021-11-25,MMLP.MI,10.039999961853027,10.039999961853027,10.017999649047852,10.017999649047852,2500
2021-11-26,MMLP.MI,9.949999809265137,9.949999809265137,9.545999526977539,9.545999526977539,100
2021-11-29,MMLP.MI,9.888999938964844,9.888999938964844,9.675000190734863,9.675000190734863,6000
2021-11-30,MMLP.MI,9.3100004196167,9.425000190734863,9.3100004196167,9.425000190734863,742
2021-12-01,MMLP.MI,9.376999855041504,9.562000274658203,9.376999855041504,9.548999786376953,1012
2021-12-02,MMLP.MI,9.149999618530273,9.347999572753906,9.149999618530273,9.347999572753906,1060
2021-12-03,MMLP.MI,9.357000350952148,9.357000350952148,9.338000297546387,9.338000297546387,3600
2021-12-06,MMLP.MI,9.5,9.5,9.357999801635742,9.357999801635742,625
2021-12-07,MMLP.MI,9.501999855041504,9.590999603271484,9.486000061035156,9.590999603271484,730
2021-12-08,MMLP.MI,9.602999687194824,9.602999687194824,9.486000061035156,9.486000061035156,1200
2021-12-09,MMLP.MI,9.465999603271484,9.465999603271484,9.388999938964844,9.388999938964844,50
2021-12-10,MMLP.MI,9.342000007629395,9.342000007629395,9.307999610900879,9.307999610900879,215
2021-12-13,MMLP.MI,9.319000244140625,9.319000244140625,9.187000274658203,9.187000274658203,754
2021-12-14,MMLP.MI,9.178000450134277,9.267999649047852,9.178000450134277,9.255999565124512,467
2021-12-15,MMLP.MI,9.32699966430664,9.32699966430664,9.119999885559082,9.119999885559082,29
2021-12-16,MMLP.MI,9.133000373840332,9.194000244140625,9.133000373840332,9.194000244140625,66
2021-12-17,MMLP.MI,9.088000297546387,9.10099983215332,9.053999900817871,9.10099983215332,435
2021-12-20,MMLP.MI,9.10099983215332,9.10099983215332,9.10099983215332,9.10099983215332,0
2021-12-21,MMLP.MI,8.946000099182129,9.0649995803833,8.946000099182129,9.0649995803833,50
2021-12-22,MMLP.MI,9.0649995803833,9.0649995803833,9.0649995803833,9.0649995803833,0
2021-12-23,MMLP.MI,9.151000022888184,9.151000022888184,9.130000114440918,9.135000228881836,20100
2021-12-27,MMLP.MI,9.14900016784668,9.192999839782715,9.135000228881836,9.192999839782715,15100
2021-12-28,MMLP.MI,9.236000061035156,9.256999969482422,9.236000061035156,9.256999969482422,1
2021-12-29,MMLP.MI,9.293000221252441,9.293000221252441,9.166000366210938,9.166000366210938,1020
2021-12-30,MMLP.MI,9.180000305175781,9.281000137329102,9.180000305175781,9.227999687194824,2461
2022-01-03,MMLP.MI,9.281000137329102,9.47700023651123,9.265999794006348,9.456000328063965,20860
2022-01-04,MMLP.MI,9.510000228881836,9.61299991607666,9.472999572753906,9.61299991607666,130
2022-01-05,MMLP.MI,9.628000259399414,9.736000061035156,9.628000259399414,9.736000061035156,955
2022-01-06,MMLP.MI,9.670000076293945,9.706999778747559,9.607000350952148,9.706999778747559,185
2022-01-07,MMLP.MI,9.826000213623047,9.826000213623047,9.803999900817871,9.803999900817871,100
2022-01-10,MMLP.MI,9.899999618530273,9.899999618530273,9.795999526977539,9.795999526977539,1008
2022-01-11,MMLP.MI,9.90999984741211,9.928000450134277,9.90999984741211,9.928000450134277,2900
2022-01-12,MMLP.MI,10.088000297546387,10.116000175476074,10.050000190734863,10.050000190734863,1900
2022-01-13,MMLP.MI,10.064000129699707,10.109999656677246,10.064000129699707,10.109999656677246,1704
2022-01-14,MMLP.MI,10.022000312805176,10.0600004196167,9.98900032043457,10.031999588012695,3901
2022-01-17,MMLP.MI,10.152000427246094,10.163999557495117,10.152000427246094,10.163999557495117,400
2022-01-18,MMLP.MI,10.192000389099121,10.204000473022461,10.152000427246094,10.204000473022461,331
2022-01-19,MMLP.MI,10.112000465393066,10.246000289916992,10.095999717712402,10.095999717712402,3079
2022-01-20,MMLP.MI,10.119999885559082,10.197999954223633,10.067999839782715,10.197999954223633,248
2022-01-21,MMLP.MI,10.053999900817871,10.07800006866455,9.970999717712402,9.996000289916992,3399
2022-01-24,MMLP.MI,9.970999717712402,9.970999717712402,9.541999816894531,9.628000259399414,2630
2022-01-25,MMLP.MI,9.784000396728516,9.947999954223633,9.784000396728516,9.947999954223633,15020
2022-01-26,MMLP.MI,10.152000427246094,10.288000106811523,10.092000007629395,10.288000106811523,1210
2022-01-27,MMLP.MI,10.244000434875488,10.411999702453613,10.244000434875488,10.260000228881836,1500
2022-01-28,MMLP.MI,10.185999870300293,10.185999870300293,10.17199993133545,10.17199993133545,100
2022-01-31,MMLP.MI,10.27400016784668,10.288000106811523,10.199999809265137,10.288000106811523,1045
2022-02-01,MMLP.MI,10.350000381469727,10.383999824523926,10.350000381469727,10.383999824523926,300
2022-02-02,MMLP.MI,10.383999824523926,10.383999824523926,10.383999824523926,10.383999824523926,0
2022-02-03,MMLP.MI,10.342000007629395,10.342000007629395,10.305999755859375,10.305999755859375,2020
2022-02-04,MMLP.MI,10.342000007629395,10.37399959564209,10.291999816894531,10.32800006866455,580
2022-02-07,MMLP.MI,10.456000328063965,10.456000328063965,10.434000015258789,10.434000015258789,24
2022-02-08,MMLP.MI,10.42199993133545,10.42199993133545,10.343999862670898,10.343999862670898,3945
2022-02-09,MMLP.MI,10.407999992370605,10.458000183105469,10.390000343322754,10.458000183105469,1350
2022-02-10,MMLP.MI,10.446000099182129,10.465999603271484,10.378000259399414,10.402000427246094,1285
2022-02-11,MMLP.MI,10.465999603271484,10.539999961853027,10.465999603271484,10.539999961853027,300
2022-02-14,MMLP.MI,10.541999816894531,10.630000114440918,10.442000389099121,10.470000267028809,4035
2022-02-15,MMLP.MI,10.428000450134277,10.428000450134277,10.387999534606934,10.390000343322754,314
2022-02-16,MMLP.MI,10.449999809265137,10.543999671936035,10.381999969482422,10.458000183105469,1275
2022-02-17,MMLP.MI,10.460000038146973,10.460000038146973,10.324000358581543,10.324000358581543,1431
2022-02-18,MMLP.MI,10.324000358581543,10.324000358581543,10.324000358581543,10.324000358581543,0
2022-02-21,MMLP.MI,10.324000358581543,10.324000358581543,10.324000358581543,10.324000358581543,0
2022-02-22,MMLP.MI,10.336000442504883,10.336000442504883,10.178000450134277,10.187999725341797,31029
2022-02-23,MMLP.MI,10.187999725341797,10.187999725341797,10.187999725341797,10.187999725341797,0
2022-02-24,MMLP.MI,10.27400016784668,10.477999687194824,10.27400016784668,10.312000274658203,208
2022-02-25,MMLP.MI,10.300000190734863,10.442000389099121,10.300000190734863,10.442000389099121,479
2022-02-28,MMLP.MI,10.637999534606934,10.682000160217285,10.468000411987305,10.682000160217285,3025
2022-03-01,MMLP.MI,10.894000053405762,11.001999855041504,10.770000457763672,10.911999702453613,5946
2022-03-02,MMLP.MI,11.001999855041504,11.133999824523926,11.001999855041504,11.104000091552734,1307
2022-03-03,MMLP.MI,11.25,11.312000274658203,11.199999809265137,11.227999687194824,6707
2022-03-04,MMLP.MI,11.118000030517578,11.461999893188477,11.118000030517578,11.362000465393066,9105
2022-03-07,MMLP.MI,11.789999961853027,11.789999961853027,11.628000259399414,11.628000259399414,11064
2022-03-08,MMLP.MI,11.60200023651123,11.684000015258789,11.508000373840332,11.673999786376953,986
2022-03-09,MMLP.MI,11.406000137329102,11.541999816894531,11.28600025177002,11.28600025177002,1855
2022-03-10,MMLP.MI,11.260000228881836,11.324000358581543,11.206000328063965,11.324000358581543,2987
2022-03-11,MMLP.MI,11.5600004196167,11.5600004196167,11.38599967956543,11.38599967956543,1090
2022-03-14,MMLP.MI,11.600000381469727,11.600000381469727,10.815999984741211,10.895999908447266,12754
2022-03-15,MMLP.MI,10.581999778747559,10.795999526977539,10.494000434875488,10.795999526977539,21320
2022-03-16,MMLP.MI,10.956000328063965,10.956000328063965,10.807999610900879,10.817999839782715,6927
2022-03-17,MMLP.MI,10.788000106811523,10.8100004196167,10.694000244140625,10.793999671936035,1128
2022-03-18,MMLP.MI,10.736000061035156,10.760000228881836,10.67199993133545,10.67199993133545,16111
2022-03-21,MMLP.MI,10.723999977111816,11.005999565124512,10.723999977111816,10.996000289916992,1811
2022-03-22,MMLP.MI,11.045999526977539,11.045999526977539,10.87600040435791,10.946000099182129,912
2022-03-23,MMLP.MI,11.109999656677246,11.144000053405762,11.109999656677246,11.144000053405762,200
2022-03-24,MMLP.MI,11.218000411987305,11.236000061035156,11.157999992370605,11.211999893188477,1840
2022-03-25,MMLP.MI,11.406000137329102,11.470000267028809,11.255999565124512,11.45199966430664,3655
2022-03-28,MMLP.MI,11.531999588012695,11.531999588012695,11.39799976348877,11.39799976348877,3708
2022-03-29,MMLP.MI,11.470000267028809,11.470000267028809,11.305999755859375,11.305999755859375,4005
2022-03-30,MMLP.MI,11.430000305175781,11.449999809265137,11.378000259399414,11.378000259399414,15454
2022-03-31,MMLP.MI,11.371999740600586,11.505999565124512,11.343999862670898,11.473999977111816,1114
2022-04-01,MMLP.MI,11.42199993133545,11.567999839782715,11.42199993133545,11.567999839782715,5625
2022-04-04,MMLP.MI,11.449999809265137,11.668000221252441,11.449999809265137,11.576000213623047,22928
2022-04-05,MMLP.MI,11.722000122070312,11.734000205993652,11.687999725341797,11.687999725341797,4342
2022-04-06,MMLP.MI,11.685999870300293,11.694000244140625,11.663999557495117,11.663999557495117,785
2022-04-07,MMLP.MI,11.645999908447266,11.65999984741211,11.501999855041504,11.501999855041504,3040
2022-04-08,MMLP.MI,11.751999855041504,11.802000045776367,11.732000350952148,11.793999671936035,1992
2022-04-11,MMLP.MI,11.79800033569336,11.79800033569336,11.723999977111816,11.741999626159668,8130
2022-04-12,MMLP.MI,11.734000205993652,11.88599967956543,11.734000205993652,11.88599967956543,21302
2022-04-13,MMLP.MI,11.956000328063965,11.961999893188477,11.894000053405762,11.894000053405762,1978
2022-04-14,MMLP.MI,11.850000381469727,12.12600040435791,11.850000381469727,11.994000434875488,1780
2022-04-19,MMLP.MI,12.10200023651123,12.161999702453613,11.970000267028809,12.095999717712402,10145
2022-04-20,MMLP.MI,12.130000114440918,12.232000350952148,12.105999946594238,12.142000198364258,5604
2022-04-21,MMLP.MI,12.210000038146973,12.312000274658203,12.199999809265137,12.279999732971191,12955
2022-04-22,MMLP.MI,12.112000465393066,12.11400032043457,11.956000328063965,11.982000350952148,26648
2022-04-25,MMLP.MI,11.732000350952148,11.732000350952148,11.343999862670898,11.343999862670898,2588
2022-04-26,MMLP.MI,11.576000213623047,11.748000144958496,11.571999549865723,11.748000144958496,23130
2022-04-27,MMLP.MI,11.630000114440918,11.772000312805176,11.630000114440918,11.722000122070312,3272
2022-04-28,MMLP.MI,11.800000190734863,11.869999885559082,11.79800033569336,11.815999984741211,3914
2022-04-29,MMLP.MI,11.87399959564209,11.87399959564209,11.770000457763672,11.82800006866455,4152
2022-05-02,MMLP.MI,11.699999809265137,11.699999809265137,11.538000106811523,11.567999839782715,2240
2022-05-03,MMLP.MI,11.75,11.9399995803833,11.182000160217285,11.9399995803833,3642
2022-05-04,MMLP.MI,11.994000434875488,12.055999755859375,11.984000205993652,11.98799991607666,3944
2022-05-05,MMLP.MI,12.39799976348877,12.418000221252441,12.128000259399414,12.128000259399414,948
2022-05-06,MMLP.MI,12.13599967956543,12.23799991607666,12.01200008392334,12.128000259399414,9997
2022-05-09,MMLP.MI,12.041999816894531,12.104000091552734,11.678000450134277,11.682000160217285,3300
2022-05-10,MMLP.MI,11.711999893188477,11.850000381469727,11.510000228881836,11.510000228881836,6432
2022-05-11,MMLP.MI,11.715999603271484,11.880000114440918,11.621999740600586,11.87600040435791,7526
2022-05-12,MMLP.MI,11.579999923706055,11.678000450134277,11.534000396728516,11.678000450134277,3435
2022-05-13,MMLP.MI,11.75,11.986000061035156,11.711999893188477,11.986000061035156,900
2022-05-16,MMLP.MI,11.836000442504883,12.145999908447266,11.836000442504883,12.109999656677246,1870
2022-05-17,MMLP.MI,12.109999656677246,12.234000205993652,12.109999656677246,12.185999870300293,4225
2022-05-18,MMLP.MI,12.295999526977539,12.315999984741211,12.0600004196167,12.0600004196167,4010
2022-05-19,MMLP.MI,12.005999565124512,12.005999565124512,11.776000022888184,11.776000022888184,170
2022-05-20,MMLP.MI,11.930000305175781,11.98799991607666,11.84000015258789,11.855999946594238,5627
2022-05-23,MMLP.MI,11.961999893188477,12.01200008392334,11.90999984741211,11.911999702453613,7155
2022-05-24,MMLP.MI,11.77400016784668,11.86400032043457,11.652000427246094,11.652000427246094,7351
2022-05-25,MMLP.MI,11.934000015258789,12.052000045776367,11.907999992370605,12.031999588012695,10393
2022-05-26,MMLP.MI,12.161999702453613,12.168000221252441,12.116000175476074,12.168000221252441,160
2022-05-27,MMLP.MI,12.170000076293945,12.232000350952148,12.170000076293945,12.223999977111816,1427
2022-05-30,MMLP.MI,12.223999977111816,12.223999977111816,12.223999977111816,12.223999977111816,0
2022-05-31,MMLP.MI,12.223999977111816,12.223999977111816,12.223999977111816,12.223999977111816,0
2022-06-01,MMLP.MI,12.35200023651123,12.411999702453613,12.260000228881836,12.305999755859375,1600
2022-06-02,MMLP.MI,12.461999893188477,12.465999603271484,12.35200023651123,12.380000114440918,9526
2022-06-03,MMLP.MI,12.395999908447266,12.425999641418457,12.392000198364258,12.413999557495117,94
2022-06-06,MMLP.MI,12.149999618530273,12.482000350952148,12.149999618530273,12.461999893188477,5380
2022-06-07,MMLP.MI,12.479999542236328,12.574000358581543,12.479999542236328,12.574000358581543,5
2022-06-08,MMLP.MI,12.6899995803833,12.70199966430664,12.612000465393066,12.680000305175781,9751
2022-06-09,MMLP.MI,12.59000015258789,12.59000015258789,12.508000373840332,12.508000373840332,37270
2022-06-10,MMLP.MI,12.383999824523926,12.479999542236328,12.26200008392334,12.26200008392334,37150
2022-06-13,MMLP.MI,12.17199993133545,12.178000450134277,11.892000198364258,11.911999702453613,13535
2022-06-14,MMLP.MI,12.039999961853027,12.039999961853027,11.845999717712402,11.949999809265137,30931
2022-06-15,MMLP.MI,11.746000289916992,11.758000373840332,11.57800006866455,11.57800006866455,21399
2022-06-16,MMLP.MI,11.149999618530273,11.149999618530273,10.753999710083008,10.84000015258789,15275
2022-06-17,MMLP.MI,10.838000297546387,10.838000297546387,10.326000213623047,10.347999572753906,5836
2022-06-20,MMLP.MI,10.347999572753906,10.470000267028809,10.347999572753906,10.460000038146973,1340
2022-06-21,MMLP.MI,10.465999603271484,10.784000396728516,10.465999603271484,10.760000228881836,4470
2022-06-22,MMLP.MI,10.630000114440918,10.630000114440918,10.432000160217285,10.489999771118164,49285
2022-06-23,MMLP.MI,10.470000267028809,10.522000312805176,10.317999839782715,10.317999839782715,20670
2022-06-24,MMLP.MI,10.317999839782715,10.491999626159668,10.317999839782715,10.491999626159668,2322
2022-06-27,MMLP.MI,10.581999778747559,10.642000198364258,10.553999900817871,10.642000198364258,3407
2022-06-28,MMLP.MI,10.751999855041504,11.0,10.751999855041504,10.869999885559082,8513
2022-06-29,MMLP.MI,10.934000015258789,10.97599983215332,10.781999588012695,10.781999588012695,5085
2022-06-30,MMLP.MI,10.694000244140625,10.789999961853027,10.694000244140625,10.708000183105469,106012
2022-07-01,MMLP.MI,10.795999526977539,10.795999526977539,10.699999809265137,10.763999938964844,1467
2022-07-04,MMLP.MI,10.776000022888184,10.911999702453613,10.776000022888184,10.911999702453613,2242
2022-07-05,MMLP.MI,10.996000289916992,11.003999710083008,10.565999984741211,10.565999984741211,12402
2022-07-06,MMLP.MI,10.565999984741211,10.565999984741211,10.565999984741211,10.565999984741211,0
2022-07-07,MMLP.MI,11.027999877929688,11.0600004196167,11.015999794006348,11.0600004196167,1955
2022-07-08,MMLP.MI,11.0600004196167,11.0600004196167,11.0600004196167,11.0600004196167,0
2022-07-11,MMLP.MI,11.227999687194824,11.227999687194824,11.07800006866455,11.152000427246094,2353
2022-07-12,MMLP.MI,11.144000053405762,11.14799976348877,11.0,11.092000007629395,64800
2022-07-13,MMLP.MI,11.12600040435791,11.12600040435791,11.043999671936035,11.043999671936035,85
2022-07-14,MMLP.MI,10.807999610900879,10.87399959564209,10.807999610900879,10.87399959564209,20
2022-07-15,MMLP.MI,11.039999961853027,11.17199993133545,11.039999961853027,11.140000343322754,23091
2022-07-18,MMLP.MI,11.206000328063965,11.383999824523926,11.206000328063965,11.371999740600586,3229
2022-07-19,MMLP.MI,11.3100004196167,11.357999801635742,11.3100004196167,11.357999801635742,18366
2022-07-20,MMLP.MI,11.486000061035156,11.491999626159668,11.470000267028809,11.491999626159668,809
2022-07-21,MMLP.MI,11.486000061035156,11.486000061035156,11.399999618530273,11.418000221252441,2801
2022-07-22,MMLP.MI,11.579999923706055,11.60200023651123,11.529999732971191,11.588000297546387,43832
2022-07-25,MMLP.MI,11.449999809265137,11.744000434875488,11.449999809265137,11.744000434875488,28609
2022-07-26,MMLP.MI,11.843999862670898,12.086000442504883,11.843999862670898,11.956000328063965,7445
2022-07-27,MMLP.MI,11.960000038146973,12.04800033569336,11.960000038146973,12.039999961853027,795
2022-07-28,MMLP.MI,12.071999549865723,12.12399959564209,11.98799991607666,12.12399959564209,5437
2022-07-29,MMLP.MI,12.163999557495117,12.277999877929688,12.163999557495117,12.232000350952148,5466
2022-08-01,MMLP.MI,12.100000381469727,12.133999824523926,11.902000427246094,11.946000099182129,7947
2022-08-02,MMLP.MI,12.043999671936035,12.119999885559082,11.979999542236328,11.979999542236328,17273
2022-08-03,MMLP.MI,12.027999877929688,12.185999870300293,12.003999710083008,12.003999710083008,1505
2022-08-04,MMLP.MI,12.034000396728516,12.034000396728516,11.755999565124512,11.755999565124512,1300
2022-08-05,MMLP.MI,11.687999725341797,11.692000389099121,11.656000137329102,11.656000137329102,851
2022-08-08,MMLP.MI,11.680000305175781,11.763999938964844,11.666000366210938,11.763999938964844,669
2022-08-09,MMLP.MI,11.763999938964844,11.763999938964844,11.763999938964844,11.763999938964844,0
2022-08-10,MMLP.MI,11.781999588012695,11.842000007629395,11.781999588012695,11.842000007629395,8226
2022-08-11,MMLP.MI,11.842000007629395,11.842000007629395,11.842000007629395,11.842000007629395,0
2022-08-12,MMLP.MI,11.842000007629395,11.842000007629395,11.842000007629395,11.842000007629395,0
2022-08-16,MMLP.MI,12.258000373840332,12.305999755859375,12.258000373840332,12.305999755859375,20125
2022-08-17,MMLP.MI,12.380000114440918,12.380000114440918,12.276000022888184,12.276000022888184,5699
2022-08-18,MMLP.MI,12.300000190734863,12.604000091552734,12.300000190734863,12.555999755859375,26720
2022-08-19,MMLP.MI,12.5,12.631999969482422,12.5,12.607999801635742,2804
2022-08-22,MMLP.MI,12.59000015258789,12.718000411987305,12.59000015258789,12.718000411987305,1161
2022-08-23,MMLP.MI,12.72599983215332,12.89799976348877,12.72599983215332,12.89799976348877,1647
2022-08-24,MMLP.MI,12.95199966430664,13.020000457763672,12.944000244140625,12.994000434875488,499
2022-08-25,MMLP.MI,13.12600040435791,13.12600040435791,13.062000274658203,13.065999984741211,1986
2022-08-26,MMLP.MI,13.12399959564209,13.12399959564209,12.88599967956543,12.88599967956543,4493
2022-08-29,MMLP.MI,12.92199993133545,12.956000328063965,12.904000282287598,12.956000328063965,222
2022-08-30,MMLP.MI,12.947999954223633,12.947999954223633,12.619999885559082,12.663999557495117,127
2022-08-31,MMLP.MI,12.628000259399414,12.628000259399414,12.390000343322754,12.461999893188477,290
2022-09-01,MMLP.MI,12.461999893188477,12.461999893188477,12.461999893188477,12.461999893188477,0
2022-09-02,MMLP.MI,12.37600040435791,12.510000228881836,12.36400032043457,12.461999893188477,2798
2022-09-05,MMLP.MI,12.576000213623047,12.64799976348877,12.473999977111816,12.61400032043457,34124
2022-09-06,MMLP.MI,12.61400032043457,12.61400032043457,12.61400032043457,12.61400032043457,0
2022-09-07,MMLP.MI,12.61400032043457,12.61400032043457,12.61400032043457,12.61400032043457,0
2022-09-08,MMLP.MI,12.338000297546387,12.380000114440918,12.319999694824219,12.380000114440918,2450
2022-09-09,MMLP.MI,12.505999565124512,12.515999794006348,12.505999565124512,12.515999794006348,1300
2022-09-12,MMLP.MI,12.526000022888184,12.666000366210938,12.526000022888184,12.666000366210938,1553
2022-09-13,MMLP.MI,12.666000366210938,12.666000366210938,12.666000366210938,12.666000366210938,0
2022-09-14,MMLP.MI,12.666000366210938,12.666000366210938,12.666000366210938,12.666000366210938,0
2022-09-15,MMLP.MI,12.666000366210938,12.666000366210938,12.666000366210938,12.666000366210938,0
2022-09-16,MMLP.MI,12.666000366210938,12.666000366210938,12.666000366210938,12.666000366210938,0
2022-09-19,MMLP.MI,12.666000366210938,12.666000366210938,12.666000366210938,12.666000366210938,0
2022-09-20,MMLP.MI,12.666000366210938,12.666000366210938,12.666000366210938,12.666000366210938,0
2022-09-21,MMLP.MI,12.38599967956543,12.38599967956543,12.371999740600586,12.371999740600586,1000
2022-09-22,MMLP.MI,12.163999557495117,12.166000366210938,12.079999923706055,12.104000091552734,845
2022-09-23,MMLP.MI,11.894000053405762,11.958000183105469,11.418000221252441,11.418000221252441,1918
2022-09-26,MMLP.MI,11.399999618530273,11.402000427246094,11.315999984741211,11.315999984741211,489
2022-09-27,MMLP.MI,11.305999755859375,11.444000244140625,11.305999755859375,11.444000244140625,2678
2022-09-28,MMLP.MI,11.244000434875488,11.57800006866455,11.241999626159668,11.57800006866455,3232
2022-09-29,MMLP.MI,11.553999900817871,11.553999900817871,11.26200008392334,11.319999694824219,561
2022-09-30,MMLP.MI,11.357999801635742,11.461999893188477,11.345999717712402,11.461999893188477,15900
2022-10-03,MMLP.MI,11.520000457763672,11.708000183105469,11.517999649047852,11.541999816894531,8717
2022-10-04,MMLP.MI,11.6899995803833,11.753999710083008,11.645999908447266,11.753999710083008,21813
2022-10-05,MMLP.MI,11.734000205993652,11.836000442504883,11.734000205993652,11.836000442504883,51
2022-10-06,MMLP.MI,11.84000015258789,11.899999618530273,11.805999755859375,11.805999755859375,1450
2022-10-07,MMLP.MI,11.710000038146973,11.850000381469727,11.710000038146973,11.850000381469727,3202
2022-10-10,MMLP.MI,11.84000015258789,11.84000015258789,11.741999626159668,11.741999626159668,8525
2022-10-11,MMLP.MI,11.583999633789062,11.656000137329102,11.583999633789062,11.656000137329102,3852
2022-10-12,MMLP.MI,11.795999526977539,11.795999526977539,11.668000221252441,11.668000221252441,1100
2022-10-13,MMLP.MI,11.675999641418457,11.8100004196167,11.675999641418457,11.8100004196167,2183
2022-10-14,MMLP.MI,11.961999893188477,11.961999893188477,11.845999717712402,11.845999717712402,690
2022-10-17,MMLP.MI,11.854000091552734,11.866000175476074,11.791999816894531,11.866000175476074,916
2022-10-18,MMLP.MI,11.935999870300293,12.03600025177002,11.84000015258789,11.84000015258789,28400
2022-10-19,MMLP.MI,12.017999649047852,12.055999755859375,12.017999649047852,12.055999755859375,4530
2022-10-20,MMLP.MI,12.083999633789062,12.083999633789062,12.045999526977539,12.057999610900879,373
2022-10-21,MMLP.MI,11.991999626159668,11.991999626159668,11.991999626159668,11.991999626159668,50
2022-10-24,MMLP.MI,12.029999732971191,12.079999923706055,11.970000267028809,11.982000350952148,5550
2022-10-25,MMLP.MI,11.982000350952148,11.982000350952148,11.982000350952148,11.982000350952148,0
2022-10-26,MMLP.MI,11.989999771118164,12.020000457763672,11.979999542236328,12.020000457763672,1170
2022-10-27,MMLP.MI,12.020000457763672,12.258000373840332,12.020000457763672,12.258000373840332,100
2022-10-28,MMLP.MI,12.170000076293945,12.170000076293945,12.12399959564209,12.12399959564209,330
2022-10-31,MMLP.MI,12.42199993133545,12.42199993133545,12.387999534606934,12.387999534606934,580
2022-11-01,MMLP.MI,12.579999923706055,12.628000259399414,12.579999923706055,12.628000259399414,9600
2022-11-02,MMLP.MI,12.550000190734863,12.576000213623047,12.4399995803833,12.526000022888184,1350
2022-11-03,MMLP.MI,12.526000022888184,12.526000022888184,12.526000022888184,12.526000022888184,0
2022-11-04,MMLP.MI,12.729999542236328,12.729999542236328,12.423999786376953,12.425999641418457,1307
2022-11-07,MMLP.MI,12.425999641418457,12.425999641418457,12.425999641418457,12.425999641418457,0
2022-11-08,MMLP.MI,12.508000373840332,12.508000373840332,12.390000343322754,12.407999992370605,464
2022-11-09,MMLP.MI,12.378000259399414,12.383999824523926,12.265999794006348,12.265999794006348,550
2022-11-10,MMLP.MI,12.255999565124512,12.255999565124512,12.239999771118164,12.239999771118164,400
2022-11-11,MMLP.MI,12.218000411987305,12.218000411987305,12.20199966430664,12.20199966430664,248
2022-11-14,MMLP.MI,12.131999969482422,12.229999542236328,12.131999969482422,12.229999542236328,443
2022-11-15,MMLP.MI,12.128000259399414,12.157999992370605,12.071999549865723,12.157999992370605,66
2022-11-16,MMLP.MI,12.071999549865723,12.09000015258789,12.034000396728516,12.034000396728516,6776
2022-11-17,MMLP.MI,12.050000190734863,12.144000053405762,12.003999710083008,12.003999710083008,35892
2022-11-18,MMLP.MI,11.991999626159668,12.038000106811523,11.991999626159668,12.038000106811523,351
2022-11-21,MMLP.MI,12.1899995803833,12.1899995803833,11.925999641418457,11.925999641418457,2898
2022-11-22,MMLP.MI,11.925999641418457,11.925999641418457,11.925999641418457,11.925999641418457,0
2022-11-23,MMLP.MI,11.925999641418457,11.925999641418457,11.925999641418457,11.925999641418457,0
2022-11-24,MMLP.MI,12.270000457763672,12.270000457763672,12.229999542236328,12.263999938964844,320
2022-11-25,MMLP.MI,12.324000358581543,12.347999572753906,12.324000358581543,12.333999633789062,504
2022-11-28,MMLP.MI,12.161999702453613,12.173999786376953,12.119999885559082,12.173999786376953,220
2022-11-29,MMLP.MI,12.196000099182129,12.196000099182129,12.1899995803833,12.1899995803833,452
2022-11-30,MMLP.MI,12.324000358581543,12.34000015258789,12.312000274658203,12.34000015258789,6583
2022-12-01,MMLP.MI,12.36400032043457,12.36400032043457,12.25,12.25,4620
2022-12-02,MMLP.MI,12.25,12.25,12.25,12.25,0
2022-12-05,MMLP.MI,12.25,12.25,12.25,12.25,0
2022-12-06,MMLP.MI,11.960000038146973,11.960000038146973,11.6899995803833,11.6899995803833,11603
2022-12-07,MMLP.MI,11.609999656677246,11.609999656677246,11.593999862670898,11.593999862670898,100
2022-12-08,MMLP.MI,11.595999717712402,11.595999717712402,11.46399974822998,11.498000144958496,6414
2022-12-09,MMLP.MI,11.46399974822998,11.484000205993652,11.46399974822998,11.484000205993652,280
2022-12-12,MMLP.MI,11.279999732971191,11.477999687194824,11.279999732971191,11.477999687194824,920
2022-12-13,MMLP.MI,11.550000190734863,11.562000274658203,11.550000190734863,11.562000274658203,200
2022-12-14,MMLP.MI,11.607999801635742,11.645999908447266,11.505999565124512,11.564000129699707,3258
2022-12-15,MMLP.MI,11.29800033569336,11.29800033569336,11.088000297546387,11.088000297546387,136
2022-12-16,MMLP.MI,11.100000381469727,11.100000381469727,10.989999771118164,10.989999771118164,1050
2022-12-19,MMLP.MI,11.010000228881836,11.010000228881836,11.010000228881836,11.010000228881836,610
2022-12-20,MMLP.MI,10.928000450134277,10.954000473022461,10.928000450134277,10.954000473022461,300
2022-12-21,MMLP.MI,11.109999656677246,11.121999740600586,11.109999656677246,11.121999740600586,6
2022-12-22,MMLP.MI,11.184000015258789,11.222000122070312,11.100000381469727,11.100000381469727,1040
2022-12-23,MMLP.MI,11.220000267028809,11.220000267028809,11.197999954223633,11.197999954223633,570
2022-12-27,MMLP.MI,11.197999954223633,11.197999954223633,11.197999954223633,11.197999954223633,0
2022-12-28,MMLP.MI,11.25,11.25,11.137999534606934,11.137999534606934,250
2022-12-29,MMLP.MI,11.015999794006348,11.119999885559082,11.015999794006348,11.119999885559082,2360
2022-12-30,MMLP.MI,11.137999534606934,11.157999992370605,11.100000381469727,11.145999908447266,3282
2023-01-02,MMLP.MI,11.248000144958496,11.37399959564209,11.248000144958496,11.342000007629395,500
2023-01-03,MMLP.MI,11.371999740600586,11.371999740600586,11.192000389099121,11.192000389099121,22160
2023-01-04,MMLP.MI,10.994000434875488,11.154000282287598,10.991999626159668,11.118000030517578,1548
2023-01-05,MMLP.MI,11.140000343322754,11.1899995803833,11.140000343322754,11.173999786376953,6074
2023-01-06,MMLP.MI,11.315999984741211,11.423999786376953,11.315999984741211,11.423999786376953,950
2023-01-09,MMLP.MI,11.163999557495117,11.454000473022461,11.163999557495117,11.40999984741211,18582
2023-01-10,MMLP.MI,11.34000015258789,11.437999725341797,11.302000045776367,11.34000015258789,17992
2023-01-11,MMLP.MI,11.34000015258789,11.45199966430664,11.34000015258789,11.442000389099121,2361
2023-01-12,MMLP.MI,11.529999732971191,11.567999839782715,11.513999938964844,11.567999839782715,1310
2023-01-13,MMLP.MI,11.567999839782715,11.567999839782715,11.567999839782715,11.567999839782715,0
2023-01-16,MMLP.MI,11.539999961853027,11.553999900817871,11.539999961853027,11.553999900817871,500
2023-01-17,MMLP.MI,11.619999885559082,11.62600040435791,11.583999633789062,11.583999633789062,6986
2023-01-18,MMLP.MI,11.552000045776367,11.612000465393066,11.53600025177002,11.53600025177002,7017
2023-01-19,MMLP.MI,11.53600025177002,11.53600025177002,11.53600025177002,11.53600025177002,0
2023-01-20,MMLP.MI,11.53600025177002,11.53600025177002,11.53600025177002,11.53600025177002,0
2023-01-23,MMLP.MI,11.468000411987305,11.574000358581543,11.420000076293945,11.567999839782715,1397
2023-01-24,MMLP.MI,11.555999755859375,11.555999755859375,11.477999687194824,11.477999687194824,1681
2023-01-25,MMLP.MI,11.477999687194824,11.477999687194824,11.477999687194824,11.477999687194824,0
2023-01-26,MMLP.MI,11.477999687194824,11.477999687194824,11.477999687194824,11.477999687194824,0
2023-01-27,MMLP.MI,11.583999633789062,11.583999633789062,11.567999839782715,11.567999839782715,870
2023-01-30,MMLP.MI,11.5600004196167,11.571999549865723,11.4399995803833,11.4399995803833,2560
2023-01-31,MMLP.MI,11.355999946594238,11.442000389099121,11.355999946594238,11.442000389099121,7569
2023-02-01,MMLP.MI,11.484000205993652,11.484000205993652,11.36400032043457,11.36400032043457,100
2023-02-02,MMLP.MI,11.319999694824219,11.446000099182129,11.319999694824219,11.446000099182129,854
2023-02-03,MMLP.MI,11.418000221252441,11.565999984741211,11.413999557495117,11.565999984741211,791
2023-02-06,MMLP.MI,11.541999816894531,11.54800033569336,11.5,11.54800033569336,16
2023-02-07,MMLP.MI,11.604000091552734,11.640000343322754,11.57800006866455,11.57800006866455,261
2023-02-08,MMLP.MI,11.57800006866455,11.57800006866455,11.57800006866455,11.57800006866455,0
2023-02-09,MMLP.MI,11.569999694824219,11.571999549865723,11.565999984741211,11.565999984741211,730
2023-02-10,MMLP.MI,11.652000427246094,11.70199966430664,11.652000427246094,11.70199966430664,52
2023-02-13,MMLP.MI,11.696000099182129,11.78600025177002,11.696000099182129,11.744000434875488,4338
2023-02-14,MMLP.MI,11.744000434875488,11.744000434875488,11.744000434875488,11.744000434875488,0
2023-02-15,MMLP.MI,11.739999771118164,11.845999717712402,11.739999771118164,11.833999633789062,1033
2023-02-16,MMLP.MI,11.862000465393066,11.862000465393066,11.772000312805176,11.772000312805176,70
2023-02-17,MMLP.MI,11.696000099182129,11.734000205993652,11.621999740600586,11.621999740600586,891
2023-02-20,MMLP.MI,11.534000396728516,11.539999961853027,11.534000396728516,11.539999961853027,50
2023-02-21,MMLP.MI,11.494000434875488,11.541999816894531,11.434000015258789,11.434000015258789,11486
2023-02-22,MMLP.MI,11.434000015258789,11.434000015258789,11.434000015258789,11.434000015258789,0
2023-02-23,MMLP.MI,11.434000015258789,11.434000015258789,11.434000015258789,11.434000015258789,0
2023-02-24,MMLP.MI,11.434000015258789,11.434000015258789,11.434000015258789,11.434000015258789,0
2023-02-27,MMLP.MI,11.616000175476074,11.616000175476074,11.57800006866455,11.57800006866455,500
2023-02-28,MMLP.MI,11.527999877929688,11.527999877929688,11.442000389099121,11.442000389099121,88
2023-03-01,MMLP.MI,11.407999992370605,11.407999992370605,11.300000190734863,11.321999549865723,4845
2023-03-02,MMLP.MI,11.350000381469727,11.526000022888184,11.350000381469727,11.513999938964844,4743
2023-03-03,MMLP.MI,11.5600004196167,11.670000076293945,11.552000045776367,11.661999702453613,15017
2023-03-06,MMLP.MI,11.63599967956543,11.63599967956543,11.604000091552734,11.609999656677246,671
2023-03-07,MMLP.MI,11.597999572753906,11.597999572753906,11.579999923706055,11.579999923706055,259
2023-03-08,MMLP.MI,11.597999572753906,11.63599967956543,11.5600004196167,11.5600004196167,66
2023-03-09,MMLP.MI,11.39799976348877,11.456000328063965,11.39799976348877,11.39799976348877,926
2023-03-10,MMLP.MI,11.0,11.140000343322754,10.989999771118164,11.140000343322754,350
2023-03-13,MMLP.MI,10.998000144958496,10.998000144958496,10.815999984741211,10.850000381469727,2611
2023-03-14,MMLP.MI,10.850000381469727,10.850000381469727,10.850000381469727,10.850000381469727,0
2023-03-15,MMLP.MI,10.9399995803833,10.9399995803833,10.612000465393066,10.612000465393066,2868
2023-03-16,MMLP.MI,10.538000106811523,10.538000106811523,10.538000106811523,10.538000106811523,259
2023-03-17,MMLP.MI,10.526000022888184,10.526000022888184,10.479999542236328,10.479999542236328,190
2023-03-20,MMLP.MI,10.597999572753906,10.597999572753906,10.534000396728516,10.534000396728516,88
2023-03-21,MMLP.MI,10.534000396728516,10.534000396728516,10.534000396728516,10.534000396728516,0
2023-03-22,MMLP.MI,10.534000396728516,10.534000396728516,10.534000396728516,10.534000396728516,0
2023-03-23,MMLP.MI,10.399999618530273,10.420000076293945,10.383999824523926,10.383999824523926,543
2023-03-24,MMLP.MI,10.270000457763672,10.368000030517578,10.270000457763672,10.368000030517578,4113
2023-03-27,MMLP.MI,10.565999984741211,10.565999984741211,10.503999710083008,10.503999710083008,3418
2023-03-28,MMLP.MI,10.503999710083008,10.503999710083008,10.503999710083008,10.503999710083008,0
2023-03-29,MMLP.MI,10.704000473022461,10.704000473022461,10.675999641418457,10.675999641418457,173
2023-03-30,MMLP.MI,10.772000312805176,10.772000312805176,10.711999893188477,10.711999893188477,8681
2023-03-31,MMLP.MI,10.75,10.819999694824219,10.75,10.819999694824219,3390
2023-04-03,MMLP.MI,10.86400032043457,11.0,10.86400032043457,10.946000099182129,1089
2023-04-04,MMLP.MI,10.819999694824219,10.819999694824219,10.777999877929688,10.777999877929688,40
2023-04-05,MMLP.MI,10.803999900817871,10.84000015258789,10.803999900817871,10.84000015258789,976
2023-04-06,MMLP.MI,10.968000411987305,10.968000411987305,10.895999908447266,10.895999908447266,2040
2023-04-11,MMLP.MI,10.932000160217285,11.020000457763672,10.923999786376953,11.020000457763672,2010
2023-04-12,MMLP.MI,11.041999816894531,11.045999526977539,11.0,11.0,885
2023-04-13,MMLP.MI,10.944000244140625,10.944000244140625,10.9399995803833,10.9399995803833,90
2023-04-14,MMLP.MI,10.973999977111816,11.027999877929688,10.973999977111816,11.01200008392334,189
2023-04-17,MMLP.MI,11.022000312805176,11.07800006866455,11.022000312805176,11.07800006866455,800
2023-04-18,MMLP.MI,11.057999610900879,11.057999610900879,11.003999710083008,11.003999710083008,4907
2023-04-19,MMLP.MI,11.003999710083008,11.003999710083008,11.003999710083008,11.003999710083008,0
2023-04-20,MMLP.MI,10.847999572753906,10.847999572753906,10.836000442504883,10.836000442504883,28
2023-04-21,MMLP.MI,10.87399959564209,10.890000343322754,10.84000015258789,10.84000015258789,11802
2023-04-24,MMLP.MI,10.84000015258789,10.84000015258789,10.84000015258789,10.84000015258789,0
2023-04-25,MMLP.MI,10.869999885559082,10.869999885559082,10.855999946594238,10.855999946594238,9
2023-04-26,MMLP.MI,10.855999946594238,10.855999946594238,10.855999946594238,10.855999946594238,0
2023-04-27,MMLP.MI,10.741999626159668,10.770000457763672,10.722000122070312,10.746000289916992,20638
2023-04-28,MMLP.MI,10.880000114440918,10.880000114440918,10.869999885559082,10.869999885559082,360
2023-05-02,MMLP.MI,10.946000099182129,10.946000099182129,10.600000381469727,10.612000465393066,9250
2023-05-03,MMLP.MI,10.640000343322754,10.640000343322754,10.59000015258789,10.59000015258789,111
2023-05-04,MMLP.MI,10.59000015258789,10.59000015258789,10.59000015258789,10.59000015258789,0
2023-05-05,MMLP.MI,10.59000015258789,10.59000015258789,10.59000015258789,10.59000015258789,0
2023-05-08,MMLP.MI,10.751999855041504,10.833999633789062,10.751999855041504,10.795999526977539,1132
2023-05-09,MMLP.MI,10.744000434875488,10.814000129699707,10.744000434875488,10.814000129699707,850
2023-05-10,MMLP.MI,10.814000129699707,10.814000129699707,10.814000129699707,10.814000129699707,0
2023-05-11,MMLP.MI,10.814000129699707,10.814000129699707,10.814000129699707,10.814000129699707,0
2023-05-12,MMLP.MI,10.847999572753906,10.90999984741211,10.836000442504883,10.90999984741211,750
2023-05-15,MMLP.MI,11.010000228881836,11.020000457763672,10.98799991607666,10.98799991607666,281
2023-05-16,MMLP.MI,10.98799991607666,10.98799991607666,10.98799991607666,10.98799991607666,0
2023-05-17,MMLP.MI,10.98799991607666,10.98799991607666,10.98799991607666,10.98799991607666,0
2023-05-18,MMLP.MI,10.98799991607666,10.98799991607666,10.98799991607666,10.98799991607666,0
2023-05-19,MMLP.MI,10.98799991607666,10.98799991607666,10.98799991607666,10.98799991607666,0
2023-05-22,MMLP.MI,10.968000411987305,10.968000411987305,10.960000038146973,10.960000038146973,10
2023-05-23,MMLP.MI,10.958000183105469,11.062000274658203,10.958000183105469,11.062000274658203,17004
2023-05-24,MMLP.MI,11.062000274658203,11.062000274658203,11.062000274658203,11.062000274658203,0
2023-05-25,MMLP.MI,10.973999977111816,10.986000061035156,10.819999694824219,10.819999694824219,1050
2023-05-26,MMLP.MI,10.902000427246094,10.902000427246094,10.871999740600586,10.871999740600586,229
2023-05-29,MMLP.MI,10.854000091552734,10.881999969482422,10.836000442504883,10.881999969482422,1000
2023-05-30,MMLP.MI,10.890000343322754,10.890000343322754,10.779999732971191,10.779999732971191,200
2023-05-31,MMLP.MI,10.781999588012695,10.789999961853027,10.777999877929688,10.78600025177002,1290
2023-06-01,MMLP.MI,10.79800033569336,10.79800033569336,10.78600025177002,10.78600025177002,1420
2023-06-02,MMLP.MI,11.097999572753906,11.128000259399414,11.097999572753906,11.12600040435791,2443
2023-06-05,MMLP.MI,11.12600040435791,11.12600040435791,11.12600040435791,11.12600040435791,0
2023-06-06,MMLP.MI,11.206000328063965,11.208000183105469,11.206000328063965,11.208000183105469,150
2023-06-07,MMLP.MI,11.229999542236328,11.368000030517578,11.229999542236328,11.355999946594238,270
2023-06-08,MMLP.MI,11.329999923706055,11.329999923706055,11.22599983215332,11.22599983215332,58
2023-06-09,MMLP.MI,11.22599983215332,11.22599983215332,11.22599983215332,11.22599983215332,0
2023-06-12,MMLP.MI,11.095999717712402,11.119999885559082,11.079999923706055,11.119999885559082,273
2023-06-13,MMLP.MI,11.142000198364258,11.142000198364258,11.140000343322754,11.140000343322754,7
2023-06-14,MMLP.MI,11.0600004196167,11.064000129699707,11.0600004196167,11.064000129699707,97
2023-06-15,MMLP.MI,11.0,11.0,10.920000076293945,10.920000076293945,20
2023-06-16,MMLP.MI,10.902000427246094,10.902000427246094,10.881999969482422,10.881999969482422,360
2023-06-19,MMLP.MI,10.836000442504883,10.911999702453613,10.836000442504883,10.892000198364258,145
2023-06-20,MMLP.MI,10.814000129699707,10.814000129699707,10.784000396728516,10.784000396728516,17000
2023-06-21,MMLP.MI,10.814000129699707,10.833999633789062,10.814000129699707,10.833999633789062,10
2023-06-22,MMLP.MI,10.666000366210938,10.675999641418457,10.666000366210938,10.675999641418457,1000
2023-06-23,MMLP.MI,10.666000366210938,10.673999786376953,10.64799976348877,10.64799976348877,488
2023-06-26,MMLP.MI,10.387999534606934,10.739999771118164,10.387999534606934,10.739999771118164,17290
2023-06-27,MMLP.MI,10.720000267028809,10.732000350952148,10.720000267028809,10.732000350952148,20
2023-06-28,MMLP.MI,10.720000267028809,10.777999877929688,10.715999603271484,10.777999877929688,1234
2023-06-29,MMLP.MI,10.777999877929688,10.777999877929688,10.777999877929688,10.777999877929688,0
2023-06-30,MMLP.MI,10.777999877929688,10.777999877929688,10.777999877929688,10.777999877929688,0
2023-07-03,MMLP.MI,11.057999610900879,11.081999778747559,11.057999610900879,11.071999549865723,426
2023-07-04,MMLP.MI,11.071999549865723,11.071999549865723,11.071999549865723,11.071999549865723,0
2023-07-05,MMLP.MI,11.071999549865723,11.071999549865723,11.071999549865723,11.071999549865723,0
2023-07-06,MMLP.MI,10.934000015258789,10.934000015258789,10.878000259399414,10.878000259399414,274
2023-07-07,MMLP.MI,10.878000259399414,10.878000259399414,10.878000259399414,10.878000259399414,0
2023-07-10,MMLP.MI,10.878000259399414,10.878000259399414,10.878000259399414,10.878000259399414,0
2023-07-11,MMLP.MI,10.878000259399414,10.878000259399414,10.878000259399414,10.878000259399414,0
2023-07-12,MMLP.MI,10.878000259399414,10.878000259399414,10.878000259399414,10.878000259399414,0
2023-07-13,MMLP.MI,10.866000175476074,10.925999641418457,10.866000175476074,10.925999641418457,18
2023-07-14,MMLP.MI,10.925999641418457,10.925999641418457,10.925999641418457,10.925999641418457,0
2023-07-17,MMLP.MI,10.925999641418457,10.925999641418457,10.925999641418457,10.925999641418457,0
2023-07-18,MMLP.MI,10.70199966430664,10.859999656677246,10.699999809265137,10.859999656677246,441
2023-07-19,MMLP.MI,10.868000030517578,10.923999786376953,10.82800006866455,10.923999786376953,3080
2023-07-20,MMLP.MI,10.923999786376953,10.923999786376953,10.923999786376953,10.923999786376953,0
2023-07-21,MMLP.MI,11.088000297546387,11.116000175476074,11.088000297546387,11.116000175476074,149
2023-07-24,MMLP.MI,11.116000175476074,11.116000175476074,11.116000175476074,11.116000175476074,0
2023-07-25,MMLP.MI,11.116000175476074,11.116000175476074,11.116000175476074,11.116000175476074,0
2023-07-26,MMLP.MI,11.116000175476074,11.116000175476074,11.116000175476074,11.116000175476074,0
2023-07-27,MMLP.MI,11.128000259399414,11.239999771118164,11.128000259399414,11.239999771118164,85
2023-07-28,MMLP.MI,11.263999938964844,11.265999794006348,11.10200023651123,11.12399959564209,645
2023-07-31,MMLP.MI,11.088000297546387,11.255999565124512,11.088000297546387,11.255999565124512,889
2023-08-01,MMLP.MI,11.260000228881836,11.260000228881836,11.156000137329102,11.156000137329102,802
2023-08-02,MMLP.MI,11.144000053405762,11.144000053405762,11.12600040435791,11.12600040435791,550
2023-08-03,MMLP.MI,11.152000427246094,11.199999809265137,11.152000427246094,11.199999809265137,200
2023-08-04,MMLP.MI,11.145999908447266,11.208000183105469,11.145999908447266,11.199999809265137,350
2023-08-07,MMLP.MI,11.199999809265137,11.199999809265137,11.199999809265137,11.199999809265137,0
2023-08-08,MMLP.MI,11.12399959564209,11.14799976348877,11.12399959564209,11.128000259399414,449
2023-08-09,MMLP.MI,11.336000442504883,11.336000442504883,11.302000045776367,11.302000045776367,436
2023-08-10,MMLP.MI,11.196000099182129,11.21399974822998,11.196000099182129,11.21399974822998,450
2023-08-11,MMLP.MI,11.21399974822998,11.21399974822998,11.21399974822998,11.21399974822998,0
2023-08-14,MMLP.MI,11.32800006866455,11.333999633789062,11.321999549865723,11.321999549865723,1025
2023-08-16,MMLP.MI,11.130000114440918,11.248000144958496,11.11400032043457,11.234000205993652,10965
2023-08-17,MMLP.MI,11.267999649047852,11.321999549865723,11.267999649047852,11.321999549865723,100
2023-08-18,MMLP.MI,11.302000045776367,11.302000045776367,11.241999626159668,11.300000190734863,21438
2023-08-21,MMLP.MI,11.300000190734863,11.300000190734863,11.300000190734863,11.300000190734863,0
2023-08-22,MMLP.MI,11.381999969482422,11.381999969482422,11.355999946594238,11.355999946594238,300
2023-08-23,MMLP.MI,11.302000045776367,11.302000045776367,11.251999855041504,11.251999855041504,550
2023-08-24,MMLP.MI,11.251999855041504,11.251999855041504,11.251999855041504,11.251999855041504,0
2023-08-25,MMLP.MI,11.300000190734863,11.35200023651123,11.300000190734863,11.35200023651123,11050
2023-08-28,MMLP.MI,11.430000305175781,11.520000457763672,11.354000091552734,11.425999641418457,3482
2023-08-29,MMLP.MI,11.425999641418457,11.425999641418457,11.425999641418457,11.425999641418457,0
2023-08-30,MMLP.MI,11.473999977111816,11.473999977111816,11.4399995803833,11.4399995803833,100
2023-08-31,MMLP.MI,11.4399995803833,11.4399995803833,11.4399995803833,11.4399995803833,0
2023-09-01,MMLP.MI,11.534000396728516,11.607999801635742,11.510000228881836,11.607999801635742,597
2023-09-04,MMLP.MI,11.607999801635742,11.607999801635742,11.607999801635742,11.607999801635742,0
2023-09-05,MMLP.MI,11.711999893188477,11.711999893188477,11.70199966430664,11.70199966430664,100
2023-09-06,MMLP.MI,11.5,11.5,11.418000221252441,11.418000221252441,9
2023-09-07,MMLP.MI,11.359999656677246,11.458000183105469,11.359999656677246,11.458000183105469,430
2023-09-08,MMLP.MI,11.557999610900879,11.557999610900879,11.550000190734863,11.550000190734863,500
2023-09-11,MMLP.MI,11.550000190734863,11.550000190734863,11.550000190734863,11.550000190734863,0
2023-09-12,MMLP.MI,11.479999542236328,11.588000297546387,11.479999542236328,11.588000297546387,2700
2023-09-13,MMLP.MI,11.588000297546387,11.588000297546387,11.588000297546387,11.588000297546387,0
2023-09-14,MMLP.MI,11.588000297546387,11.588000297546387,11.588000297546387,11.588000297546387,0
2023-09-15,MMLP.MI,11.621999740600586,11.621999740600586,11.564000129699707,11.564000129699707,5802
2023-09-18,MMLP.MI,11.564000129699707,11.583999633789062,11.527999877929688,11.527999877929688,151
2023-09-19,MMLP.MI,11.682000160217285,11.682000160217285,11.567999839782715,11.576000213623047,945
2023-09-20,MMLP.MI,11.571999549865723,11.65999984741211,11.571999549865723,11.61400032043457,3025
2023-09-21,MMLP.MI,11.565999984741211,11.565999984741211,11.564000129699707,11.564000129699707,440
2023-09-22,MMLP.MI,11.545999526977539,11.545999526977539,11.538000106811523,11.538000106811523,72
2023-09-25,MMLP.MI,11.498000144958496,11.723999977111816,11.498000144958496,11.697999954223633,6595
2023-09-26,MMLP.MI,11.64799976348877,11.64799976348877,11.583999633789062,11.583999633789062,18
2023-09-27,MMLP.MI,11.62399959564209,11.663999557495117,11.62399959564209,11.663999557495117,200
2023-09-28,MMLP.MI,11.723999977111816,11.723999977111816,11.642000198364258,11.642000198364258,355
2023-09-29,MMLP.MI,11.642000198364258,11.642000198364258,11.642000198364258,11.642000198364258,0
2023-10-02,MMLP.MI,11.406000137329102,11.406000137329102,11.369999885559082,11.369999885559082,153
2023-10-03,MMLP.MI,11.406000137329102,11.406000137329102,11.253999710083008,11.253999710083008,423
2023-10-04,MMLP.MI,11.222000122070312,11.222000122070312,11.083999633789062,11.083999633789062,110
2023-10-05,MMLP.MI,11.121999740600586,11.182000160217285,11.121999740600586,11.182000160217285,3300
2023-10-06,MMLP.MI,11.142000198364258,11.17199993133545,11.13599967956543,11.17199993133545,4186
2023-10-09,MMLP.MI,11.17199993133545,11.17199993133545,11.17199993133545,11.17199993133545,0
2023-10-10,MMLP.MI,11.477999687194824,11.552000045776367,11.477999687194824,11.552000045776367,200
2023-10-11,MMLP.MI,11.5600004196167,11.5600004196167,11.538000106811523,11.538000106811523,7
2023-10-12,MMLP.MI,11.534000396728516,11.652000427246094,11.534000396728516,11.644000053405762,3243
2023-10-13,MMLP.MI,11.75,11.8100004196167,11.75,11.8100004196167,527
2023-10-16,MMLP.MI,11.87399959564209,11.904000282287598,11.869999885559082,11.869999885559082,116
2023-10-17,MMLP.MI,11.751999855041504,11.899999618530273,11.751999855041504,11.88599967956543,1175
2023-10-18,MMLP.MI,11.706000328063965,11.883999824523926,11.706000328063965,11.812000274658203,2542
2023-10-19,MMLP.MI,11.727999687194824,11.803999900817871,11.631999969482422,11.748000144958496,7015
2023-10-20,MMLP.MI,11.652000427246094,11.680000305175781,11.642000198364258,11.642000198364258,3612
2023-10-23,MMLP.MI,11.588000297546387,11.588000297546387,11.52400016784668,11.557999610900879,8049
2023-10-24,MMLP.MI,11.5,11.583999633789062,11.5,11.565999984741211,16036
2023-10-25,MMLP.MI,11.545999526977539,11.619999885559082,11.545999526977539,11.61400032043457,1974
2023-10-26,MMLP.MI,11.565999984741211,11.619999885559082,11.53600025177002,11.5600004196167,3458
2023-10-27,MMLP.MI,11.567999839782715,11.567999839782715,11.418000221252441,11.418000221252441,617
2023-10-30,MMLP.MI,11.420000076293945,11.4399995803833,11.260000228881836,11.3100004196167,3344
2023-10-31,MMLP.MI,11.343999862670898,11.510000228881836,11.343999862670898,11.510000228881836,16094
2023-11-01,MMLP.MI,11.527999877929688,11.630000114440918,11.5,11.565999984741211,6820
2023-11-02,MMLP.MI,11.543999671936035,11.824000358581543,11.52400016784668,11.718000411987305,12474
2023-11-03,MMLP.MI,11.842000007629395,11.960000038146973,11.666000366210938,11.784000396728516,6440
2023-11-06,MMLP.MI,11.84000015258789,11.881999969482422,11.687999725341797,11.760000228881836,1966
2023-11-07,MMLP.MI,11.612000465393066,11.70199966430664,11.597999572753906,11.62399959564209,2792
2023-11-08,MMLP.MI,11.515999794006348,11.583999633789062,11.515999794006348,11.557999610900879,2761
2023-11-09,MMLP.MI,11.47599983215332,11.557999610900879,11.47599983215332,11.552000045776367,14012
2023-11-10,MMLP.MI,11.59000015258789,11.59000015258789,11.482000350952148,11.550000190734863,2688
2023-11-13,MMLP.MI,11.482000350952148,11.604000091552734,11.482000350952148,11.579999923706055,3599
2023-11-14,MMLP.MI,11.607999801635742,11.607999801635742,11.513999938964844,11.527999877929688,1167
2023-11-15,MMLP.MI,11.430000305175781,11.685999870300293,11.430000305175781,11.618000030517578,5428
2023-11-16,MMLP.MI,11.508000373840332,11.508000373840332,11.40999984741211,11.430000305175781,3490
2023-11-17,MMLP.MI,11.399999618530273,11.503999710083008,11.399999618530273,11.503999710083008,918
2023-11-20,MMLP.MI,11.543999671936035,11.586000442504883,11.543999671936035,11.5600004196167,1610
2023-11-21,MMLP.MI,11.486000061035156,11.595999717712402,11.486000061035156,11.595999717712402,4682
2023-11-22,MMLP.MI,11.685999870300293,11.685999870300293,11.621999740600586,11.64799976348877,5893
2023-11-23,MMLP.MI,11.649999618530273,11.649999618530273,11.621999740600586,11.631999969482422,20123
2023-11-24,MMLP.MI,11.631999969482422,11.704000473022461,11.631999969482422,11.704000473022461,705
2023-11-27,MMLP.MI,11.652000427246094,11.685999870300293,11.597999572753906,11.685999870300293,1298
2023-11-28,MMLP.MI,11.697999954223633,11.706000328063965,11.630000114440918,11.668000221252441,208
2023-11-29,MMLP.MI,11.668000221252441,11.696000099182129,11.668000221252441,11.696000099182129,138
2023-11-30,MMLP.MI,11.708000183105469,11.817999839782715,11.708000183105469,11.814000129699707,4001
2023-12-01,MMLP.MI,11.918000221252441,12.017999649047852,11.887999534606934,12.017999649047852,16364
2023-12-04,MMLP.MI,11.95199966430664,12.119999885559082,11.95199966430664,12.097999572753906,5009
2023-12-05,MMLP.MI,12.152000427246094,12.152000427246094,11.994000434875488,12.029999732971191,10612
2023-12-06,MMLP.MI,11.994000434875488,12.0,11.899999618530273,11.932000160217285,1912
2023-12-07,MMLP.MI,11.800000190734863,11.902000427246094,11.753999710083008,11.800000190734863,2018
2023-12-08,MMLP.MI,11.8100004196167,11.87399959564209,11.789999961853027,11.87399959564209,833
2023-12-11,MMLP.MI,11.843999862670898,11.843999862670898,11.760000228881836,11.788000106811523,5296
2023-12-12,MMLP.MI,11.784000396728516,11.784000396728516,11.586000442504883,11.586000442504883,1056
2023-12-13,MMLP.MI,11.539999961853027,11.633999824523926,11.539999961853027,11.593999862670898,743
2023-12-14,MMLP.MI,11.47599983215332,11.605999946594238,11.47599983215332,11.564000129699707,8450
2023-12-15,MMLP.MI,11.581999778747559,11.595999717712402,11.461999893188477,11.461999893188477,2978
2023-12-18,MMLP.MI,11.446000099182129,11.583999633789062,11.446000099182129,11.583999633789062,1515
2023-12-19,MMLP.MI,11.557999610900879,11.576000213623047,11.477999687194824,11.576000213623047,4371
2023-12-20,MMLP.MI,12.097999572753906,12.097999572753906,11.45199966430664,11.595999717712402,1914
2023-12-21,MMLP.MI,11.508000373840332,11.510000228881836,11.482000350952148,11.505999565124512,2320
2023-12-22,MMLP.MI,11.569999694824219,11.600000381469727,11.557999610900879,11.600000381469727,2063
2023-12-27,MMLP.MI,11.510000228881836,11.555999755859375,11.437999725341797,11.437999725341797,12524
2023-12-28,MMLP.MI,11.390000343322754,11.432000160217285,11.390000343322754,11.40999984741211,108
2023-12-29,MMLP.MI,11.47599983215332,11.47599983215332,11.411999702453613,11.446000099182129,1084
2024-01-02,MMLP.MI,11.569999694824219,11.618000030517578,11.503999710083008,11.600000381469727,6304
2024-01-03,MMLP.MI,11.640000343322754,11.802000045776367,11.621999740600586,11.748000144958496,2997
2024-01-04,MMLP.MI,11.800000190734863,11.838000297546387,11.788000106811523,11.802000045776367,2014
2024-01-05,MMLP.MI,11.805999755859375,11.805999755859375,11.722000122070312,11.803999900817871,2050
2024-01-08,MMLP.MI,11.800000190734863,11.800000190734863,11.65999984741211,11.67199993133545,5552
2024-01-09,MMLP.MI,11.72599983215332,11.777999877929688,11.708000183105469,11.715999603271484,9287
2024-01-10,MMLP.MI,11.753999710083008,11.753999710083008,11.63599967956543,11.684000015258789,3124
2024-01-11,MMLP.MI,11.71399974822998,11.763999938964844,11.670000076293945,11.670000076293945,2636
2024-01-12,MMLP.MI,11.715999603271484,11.77400016784668,11.699999809265137,11.711999893188477,1853
2024-01-15,MMLP.MI,11.699999809265137,11.753999710083008,11.699999809265137,11.708000183105469,1709
2024-01-16,MMLP.MI,11.680000305175781,11.776000022888184,11.680000305175781,11.76200008392334,3005
2024-01-17,MMLP.MI,11.760000228881836,11.760000228881836,11.65999984741211,11.685999870300293,1898
2024-01-18,MMLP.MI,11.685999870300293,11.685999870300293,11.574000358581543,11.59000015258789,340
2024-01-19,MMLP.MI,11.696000099182129,11.696000099182129,11.564000129699707,11.574000358581543,3871
2024-01-22,MMLP.MI,11.588000297546387,11.880000114440918,11.5600004196167,11.644000053405762,2767
2024-01-23,MMLP.MI,11.663999557495117,11.71399974822998,11.661999702453613,11.687999725341797,3688
2024-01-24,MMLP.MI,11.696000099182129,11.696000099182129,11.644000053405762,11.6899995803833,599
2024-01-25,MMLP.MI,11.652000427246094,11.776000022888184,11.652000427246094,11.776000022888184,720
2024-01-26,MMLP.MI,11.8100004196167,11.88599967956543,11.791999816894531,11.88599967956543,15239
2024-01-29,MMLP.MI,11.850000381469727,11.961999893188477,11.850000381469727,11.90999984741211,5169
2024-01-30,MMLP.MI,11.949999809265137,11.977999687194824,11.907999992370605,11.965999603271484,2959
2024-01-31,MMLP.MI,12.003999710083008,12.003999710083008,11.965999603271484,11.979999542236328,866
2024-02-01,MMLP.MI,11.944000244140625,11.949999809265137,11.907999992370605,11.949999809265137,535
2024-02-02,MMLP.MI,11.902000427246094,11.907999992370605,11.770000457763672,11.847999572753906,4240
2024-02-05,MMLP.MI,11.8100004196167,11.868000030517578,11.767999649047852,11.78600025177002,4420
2024-02-06,MMLP.MI,11.76200008392334,11.779999732971191,11.748000144958496,11.765999794006348,1246
2024-02-07,MMLP.MI,11.772000312805176,11.772000312805176,11.706000328063965,11.727999687194824,2724
2024-02-08,MMLP.MI,11.552000045776367,11.699999809265137,11.552000045776367,11.697999954223633,454
2024-02-09,MMLP.MI,11.694000244140625,11.72599983215332,11.64799976348877,11.666000366210938,2711
2024-02-12,MMLP.MI,11.644000053405762,11.836000442504883,11.644000053405762,11.784000396728516,3662
2024-02-13,MMLP.MI,11.868000030517578,11.868000030517578,11.8100004196167,11.862000465393066,1235
2024-02-14,MMLP.MI,11.793999671936035,11.8100004196167,11.755999565124512,11.755999565124512,883
2024-02-15,MMLP.MI,11.772000312805176,11.942000389099121,11.753999710083008,11.942000389099121,3486
2024-02-16,MMLP.MI,11.960000038146973,12.128000259399414,11.960000038146973,12.107999801635742,3850
2024-02-19,MMLP.MI,12.081999778747559,12.097999572753906,12.069999694824219,12.069999694824219,3145
2024-02-20,MMLP.MI,12.09000015258789,12.09000015258789,12.041999816894531,12.076000213623047,2484
2024-02-21,MMLP.MI,12.105999946594238,12.223999977111816,12.105999946594238,12.211999893188477,3877
2024-02-22,MMLP.MI,12.29800033569336,12.29800033569336,12.218000411987305,12.263999938964844,2476
2024-02-23,MMLP.MI,12.23799991607666,12.315999984741211,12.23799991607666,12.315999984741211,2433
2024-02-26,MMLP.MI,12.21399974822998,12.244000434875488,12.21399974822998,12.229999542236328,123
2024-02-27,MMLP.MI,12.17199993133545,12.232000350952148,12.133999824523926,12.211999893188477,1620
2024-02-28,MMLP.MI,12.210000038146973,12.210000038146973,12.166000366210938,12.166000366210938,2543
2024-02-29,MMLP.MI,12.121999740600586,12.241999626159668,12.109999656677246,12.241999626159668,1564
2024-03-01,MMLP.MI,12.222000122070312,12.289999961853027,12.197999954223633,12.289999961853027,4900
2024-03-04,MMLP.MI,12.34000015258789,12.34000015258789,12.289999961853027,12.312000274658203,1065
2024-03-05,MMLP.MI,12.288000106811523,12.420000076293945,12.253999710083008,12.402000427246094,1906
2024-03-06,MMLP.MI,12.302000045776367,12.46399974822998,12.302000045776367,12.444000244140625,5252
2024-03-07,MMLP.MI,12.404000282287598,12.449999809265137,12.390000343322754,12.390000343322754,3940
2024-03-08,MMLP.MI,12.430000305175781,12.430000305175781,12.362000465393066,12.381999969482422,639
2024-03-11,MMLP.MI,12.305999755859375,12.38599967956543,12.305999755859375,12.38599967956543,996
2024-03-12,MMLP.MI,12.437999725341797,12.503999710083008,12.437999725341797,12.489999771118164,1789
2024-03-13,MMLP.MI,12.454000473022461,12.54800033569336,12.454000473022461,12.526000022888184,1588
2024-03-14,MMLP.MI,12.37399959564209,12.37399959564209,12.272000312805176,12.272000312805176,1260
2024-03-15,MMLP.MI,12.319999694824219,12.369999885559082,12.295999526977539,12.35200023651123,875
2024-03-18,MMLP.MI,12.34000015258789,12.347999572753906,12.303999900817871,12.342000007629395,5412
2024-03-19,MMLP.MI,12.4399995803833,12.496000289916992,12.423999786376953,12.496000289916992,2560
2024-03-20,MMLP.MI,12.477999687194824,12.5,12.477999687194824,12.496000289916992,270
2024-03-21,MMLP.MI,12.399999618530273,12.642000198364258,12.399999618530273,12.607999801635742,965
2024-03-22,MMLP.MI,12.673999786376953,12.673999786376953,12.57800006866455,12.581999778747559,3840
2024-03-25,MMLP.MI,12.53600025177002,12.654000282287598,12.53600025177002,12.654000282287598,1894
2024-03-26,MMLP.MI,12.59000015258789,12.600000381469727,12.557999610900879,12.569999694824219,1347
2024-03-27,MMLP.MI,12.612000465393066,12.628000259399414,12.562000274658203,12.628000259399414,2585
2024-03-28,MMLP.MI,12.642000198364258,12.789999961853027,12.642000198364258,12.758000373840332,3218
2024-04-02,MMLP.MI,12.838000297546387,12.923999786376953,12.803999900817871,12.871999740600586,3995
2024-04-03,MMLP.MI,12.77400016784668,12.932000160217285,12.77400016784668,12.92199993133545,3289
2024-04-04,MMLP.MI,12.97599983215332,12.97599983215332,12.847999572753906,12.899999618530273,1385
2024-04-05,MMLP.MI,12.807999610900879,12.815999984741211,12.73799991607666,12.763999938964844,3408
2024-04-08,MMLP.MI,12.746000289916992,12.78600025177002,12.722000122070312,12.758000373840332,4072
2024-04-09,MMLP.MI,12.645999908447266,12.694000244140625,12.644000053405762,12.657999992370605,2785
2024-04-10,MMLP.MI,12.657999992370605,12.657999992370605,12.657999992370605,12.657999992370605,0
2024-04-11,MMLP.MI,12.562000274658203,12.687999725341797,12.562000274658203,12.609999656677246,1685
2024-04-12,MMLP.MI,12.710000038146973,12.906000137329102,12.710000038146973,12.78600025177002,2550
2024-04-15,MMLP.MI,12.640000343322754,12.649999618530273,12.59000015258789,12.59000015258789,1668
2024-04-16,MMLP.MI,12.482000350952148,12.484000205993652,12.350000381469727,12.350000381469727,2666
2024-04-17,MMLP.MI,12.38599967956543,12.39799976348877,12.369999885559082,12.387999534606934,2789
2024-04-18,MMLP.MI,12.434000015258789,12.541999816894531,12.434000015258789,12.513999938964844,3860
2024-04-19,MMLP.MI,12.501999855041504,12.772000312805176,12.479999542236328,12.772000312805176,2709
2024-04-22,MMLP.MI,12.715999603271484,12.777999877929688,12.71399974822998,12.770000457763672,7284
2024-04-23,MMLP.MI,12.800000190734863,12.815999984741211,12.729999542236328,12.800000190734863,2772
2024-04-24,MMLP.MI,12.8100004196167,12.821999549865723,12.734000205993652,12.753999710083008,5514
2024-04-25,MMLP.MI,12.829999923706055,12.829999923706055,12.722000122070312,12.791999816894531,2838
2024-04-26,MMLP.MI,12.805999755859375,12.88599967956543,12.805999755859375,12.862000465393066,1910
2024-04-29,MMLP.MI,12.881999969482422,12.881999969482422,12.836000442504883,12.854000091552734,3943
2024-04-30,MMLP.MI,12.854000091552734,12.911999702453613,12.795999526977539,12.795999526977539,1282
2024-05-02,MMLP.MI,12.637999534606934,12.734000205993652,12.51200008392334,12.697999954223633,9616
2024-05-03,MMLP.MI,12.715999603271484,12.779999732971191,12.71399974822998,12.734000205993652,1617
2024-05-06,MMLP.MI,12.831999778747559,12.88599967956543,12.829999923706055,12.831999778747559,3008
2024-05-07,MMLP.MI,12.87600040435791,12.916000366210938,12.87600040435791,12.916000366210938,354
2024-05-08,MMLP.MI,12.87399959564209,12.954000473022461,12.87399959564209,12.954000473022461,367
2024-05-09,MMLP.MI,13.0,13.04800033569336,12.982000350952148,13.015999794006348,1951
2024-05-10,MMLP.MI,13.055999755859375,13.069999694824219,13.031999588012695,13.031999588012695,242
2024-05-13,MMLP.MI,13.029999732971191,13.083999633789062,13.013999938964844,13.020000457763672,9871
2024-05-14,MMLP.MI,12.923999786376953,12.970000267028809,12.923999786376953,12.944000244140625,581
2024-05-15,MMLP.MI,13.107999801635742,13.109999656677246,13.005999565124512,13.050000190734863,3301
2024-05-16,MMLP.MI,13.005999565124512,13.055999755859375,13.005999565124512,13.055999755859375,864
2024-05-17,MMLP.MI,13.02400016784668,13.071999549865723,13.008000373840332,13.015999794006348,1006
2024-05-20,MMLP.MI,12.850000381469727,13.180000305175781,12.850000381469727,13.152000427246094,1380
2024-05-21,MMLP.MI,13.267999649047852,13.267999649047852,13.088000297546387,13.208000183105469,1530
2024-05-22,MMLP.MI,13.145999908447266,13.145999908447266,13.045999526977539,13.045999526977539,700
2024-05-23,MMLP.MI,13.026000022888184,13.026000022888184,12.970000267028809,12.970000267028809,100
2024-05-24,MMLP.MI,12.918000221252441,12.918000221252441,12.87600040435791,12.87600040435791,30
2024-05-27,MMLP.MI,12.991999626159668,12.991999626159668,12.85200023651123,12.869999885559082,3375
2024-05-28,MMLP.MI,12.850000381469727,12.87600040435791,12.831999778747559,12.831999778747559,1847
2024-05-29,MMLP.MI,12.720000267028809,12.866000175476074,12.720000267028809,12.78600025177002,1558
2024-05-30,MMLP.MI,12.791999816894531,12.836000442504883,12.791999816894531,12.819999694824219,2180
2024-05-31,MMLP.MI,12.84000015258789,12.887999534606934,12.819999694824219,12.887999534606934,4191
2024-06-03,MMLP.MI,13.003999710083008,13.029999732971191,12.82800006866455,12.82800006866455,4998
2024-06-04,MMLP.MI,12.84000015258789,12.84000015258789,12.729999542236328,12.770000457763672,2295
2024-06-05,MMLP.MI,12.899999618530273,12.928000450134277,12.836000442504883,12.87600040435791,2053
2024-06-06,MMLP.MI,12.97599983215332,12.984000205993652,12.930000305175781,12.930000305175781,1420
2024-06-07,MMLP.MI,12.970000267028809,13.052000045776367,12.970000267028809,13.052000045776367,1101
2024-06-10,MMLP.MI,13.052000045776367,13.145999908447266,12.989999771118164,13.144000053405762,1909
2024-06-11,MMLP.MI,13.100000381469727,13.17199993133545,13.100000381469727,13.170000076293945,365
2024-06-12,MMLP.MI,13.100000381469727,13.130000114440918,13.053999900817871,13.053999900817871,8520
2024-06-13,MMLP.MI,12.866000175476074,12.934000015258789,12.803999900817871,12.85200023651123,2406
2024-06-14,MMLP.MI,12.920000076293945,12.920000076293945,12.866000175476074,12.866000175476074,1438
2024-06-17,MMLP.MI,12.866000175476074,12.866000175476074,12.8100004196167,12.8100004196167,312
2024-06-18,MMLP.MI,12.84000015258789,12.904000282287598,12.814000129699707,12.904000282287598,4885
2024-06-19,MMLP.MI,12.86400032043457,12.881999969482422,12.82800006866455,12.854000091552734,2188
2024-06-20,MMLP.MI,12.930000305175781,12.960000038146973,12.869999885559082,12.960000038146973,7486
2024-06-21,MMLP.MI,13.031999588012695,13.07800006866455,13.020000457763672,13.050000190734863,2010
2024-06-24,MMLP.MI,13.0,13.149999618530273,13.0,13.149999618530273,5687
2024-06-25,MMLP.MI,13.184000015258789,13.239999771118164,13.175999641418457,13.239999771118164,4091
2024-06-26,MMLP.MI,13.248000144958496,13.26200008392334,13.1899995803833,13.20199966430664,1427
2024-06-27,MMLP.MI,13.166000366210938,13.197999954223633,13.163999557495117,13.1899995803833,1445
2024-06-28,MMLP.MI,13.241999626159668,13.25,13.168000221252441,13.215999603271484,7203
2024-07-01,MMLP.MI,13.239999771118164,13.260000228881836,13.156000137329102,13.192000389099121,5880
2024-07-02,MMLP.MI,13.239999771118164,13.300000190734863,13.222000122070312,13.244000434875488,1218
2024-07-03,MMLP.MI,13.272000312805176,13.38599967956543,13.272000312805176,13.329999923706055,979
2024-07-04,MMLP.MI,13.32800006866455,13.342000007629395,13.305999755859375,13.305999755859375,1182
2024-07-05,MMLP.MI,13.281999588012695,13.312000274658203,13.199999809265137,13.199999809265137,4534
2024-07-08,MMLP.MI,13.137999534606934,13.149999618530273,13.119999885559082,13.119999885559082,4654
2024-07-09,MMLP.MI,13.043999671936035,13.131999969482422,13.043999671936035,13.116000175476074,1972
2024-07-10,MMLP.MI,13.215999603271484,13.215999603271484,13.095999717712402,13.161999702453613,2606
2024-07-11,MMLP.MI,13.196000099182129,13.232000350952148,13.133999824523926,13.210000038146973,10425
2024-07-12,MMLP.MI,13.232000350952148,13.25,13.223999977111816,13.232000350952148,3842
2024-07-15,MMLP.MI,13.215999603271484,13.307999610900879,13.215999603271484,13.281999588012695,2027
2024-07-16,MMLP.MI,13.232000350952148,13.317999839782715,13.232000350952148,13.317999839782715,12977
2024-07-17,MMLP.MI,13.289999961853027,13.428000450134277,13.289999961853027,13.369999885559082,8266
2024-07-18,MMLP.MI,13.300000190734863,13.470000267028809,13.300000190734863,13.460000038146973,131
2024-07-19,MMLP.MI,13.470000267028809,13.564000129699707,13.444000244140625,13.54800033569336,4171
2024-07-22,MMLP.MI,13.607999801635742,13.637999534606934,13.567999839782715,13.637999534606934,5920
2024-07-23,MMLP.MI,13.697999954223633,13.788000106811523,13.652000427246094,13.652000427246094,6046
2024-07-24,MMLP.MI,13.630000114440918,13.727999687194824,13.527999877929688,13.550000190734863,22355
2024-07-25,MMLP.MI,13.404000282287598,13.444000244140625,13.357999801635742,13.42199993133545,4251
2024-07-26,MMLP.MI,13.354000091552734,13.423999786376953,13.354000091552734,13.39799976348877,2437
2024-07-29,MMLP.MI,13.527999877929688,13.562000274658203,13.4399995803833,13.45199966430664,16949
2024-07-30,MMLP.MI,13.473999977111816,13.522000312805176,13.45199966430664,13.494000434875488,2490
2024-07-31,MMLP.MI,13.697999954223633,13.697999954223633,13.529999732971191,13.576000213623047,5108
2024-08-01,MMLP.MI,13.607999801635742,13.62399959564209,13.552000045776367,13.553999900817871,7469
2024-08-02,MMLP.MI,13.583999633789062,13.597999572753906,12.986000061035156,13.074000358581543,7344
2024-08-05,MMLP.MI,13.100000381469727,13.178000450134277,12.550000190734863,12.779999732971191,25588
2024-08-06,MMLP.MI,12.956000328063965,13.253999710083008,12.956000328063965,13.199999809265137,13863
2024-08-07,MMLP.MI,13.354000091552734,13.484000205993652,13.354000091552734,13.484000205993652,1207
2024-08-08,MMLP.MI,13.182000160217285,13.444000244140625,13.182000160217285,13.380000114440918,4120
2024-08-09,MMLP.MI,13.416000366210938,13.47599983215332,13.342000007629395,13.342000007629395,2969
2024-08-12,MMLP.MI,13.465999603271484,13.465999603271484,13.305999755859375,13.305999755859375,1788
2024-08-13,MMLP.MI,13.204000473022461,13.317999839782715,13.170000076293945,13.218000411987305,5086
2024-08-14,MMLP.MI,13.232000350952148,13.258000373840332,13.178000450134277,13.258000373840332,881
2024-08-16,MMLP.MI,13.4399995803833,13.484000205993652,13.38599967956543,13.484000205993652,1697
2024-08-19,MMLP.MI,13.508000373840332,13.63599967956543,13.508000373840332,13.63599967956543,2519
2024-08-20,MMLP.MI,13.600000381469727,13.600000381469727,13.402000427246094,13.402000427246094,6685
2024-08-21,MMLP.MI,13.38599967956543,13.394000053405762,13.302000045776367,13.354000091552734,6619
2024-08-22,MMLP.MI,13.362000465393066,13.435999870300293,13.324000358581543,13.416000366210938,3780
2024-08-23,MMLP.MI,13.392000198364258,13.473999977111816,13.392000198364258,13.420000076293945,563
2024-08-26,MMLP.MI,13.378000259399414,13.541999816894531,13.378000259399414,13.515999794006348,828
2024-08-27,MMLP.MI,13.579999923706055,13.579999923706055,13.541999816894531,13.541999816894531,4003
2024-08-28,MMLP.MI,13.550000190734863,13.550000190734863,13.444000244140625,13.458000183105469,2497
2024-08-29,MMLP.MI,13.541999816894531,13.574000358581543,13.482000350952148,13.550000190734863,7006
2024-08-30,MMLP.MI,13.652000427246094,13.723999977111816,13.567999839782715,13.670000076293945,1621
2024-09-02,MMLP.MI,13.734000205993652,13.831999778747559,13.734000205993652,13.753999710083008,5045
2024-09-03,MMLP.MI,13.907999992370605,13.90999984741211,13.567999839782715,13.694000244140625,7261
2024-09-04,MMLP.MI,13.642000198364258,13.73799991607666,13.642000198364258,13.697999954223633,4829
2024-09-05,MMLP.MI,13.678000450134277,13.784000396728516,13.670000076293945,13.718000411987305,1828
2024-09-06,MMLP.MI,13.765999794006348,13.765999794006348,13.579999923706055,13.579999923706055,2452
2024-09-09,MMLP.MI,13.649999618530273,13.696000099182129,13.649999618530273,13.6899995803833,1997
2024-09-10,MMLP.MI,13.668000221252441,13.675999641418457,13.657999992370605,13.657999992370605,3737
2024-09-11,MMLP.MI,13.644000053405762,13.654000282287598,13.484000205993652,13.553999900817871,3019
2024-09-12,MMLP.MI,13.538000106811523,13.607999801635742,13.53600025177002,13.593999862670898,4145
2024-09-13,MMLP.MI,13.557999610900879,13.588000297546387,13.539999961853027,13.57800006866455,2271
2024-09-16,MMLP.MI,13.607999801635742,13.673999786376953,13.597999572753906,13.630000114440918,25828
2024-09-17,MMLP.MI,13.697999954223633,13.741999626159668,13.666000366210938,13.694000244140625,4069
2024-09-18,MMLP.MI,13.62399959564209,13.666000366210938,13.62399959564209,13.631999969482422,180
2024-09-19,MMLP.MI,13.697999954223633,13.765999794006348,13.61400032043457,13.62600040435791,3281
2024-09-20,MMLP.MI,13.640000343322754,13.640000343322754,13.513999938964844,13.5600004196167,10459
2024-09-23,MMLP.MI,13.63599967956543,13.746000289916992,13.62399959564209,13.746000289916992,2978
2024-09-24,MMLP.MI,13.819999694824219,13.878000259399414,13.776000022888184,13.776000022888184,1834
2024-09-25,MMLP.MI,13.704000473022461,13.77400016784668,13.704000473022461,13.770000457763672,422
2024-09-26,MMLP.MI,13.593999862670898,13.593999862670898,13.378000259399414,13.378000259399414,15913
2024-09-27,MMLP.MI,13.600000381469727,13.600000381469727,13.5,13.508000373840332,4683
2024-09-30,MMLP.MI,13.508000373840332,13.565999984741211,13.465999603271484,13.565999984741211,1586
2024-10-01,MMLP.MI,13.60200023651123,13.850000381469727,13.562000274658203,13.850000381469727,10933
2024-10-02,MMLP.MI,13.791999816894531,14.003999710083008,13.791999816894531,13.918000221252441,2102
2024-10-03,MMLP.MI,13.972000122070312,14.069999694824219,13.949999809265137,14.027999877929688,5275
2024-10-04,MMLP.MI,14.121999740600586,14.291999816894531,14.121999740600586,14.239999771118164,8895
2024-10-07,MMLP.MI,14.381999969482422,14.381999969482422,14.277999877929688,14.329999923706055,9235
2024-10-08,MMLP.MI,14.241999626159668,14.251999855041504,14.100000381469727,14.15999984741211,1705
2024-10-09,MMLP.MI,14.265999794006348,14.265999794006348,14.130000114440918,14.244000434875488,2730
2024-10-10,MMLP.MI,14.319999694824219,14.357999801635742,14.319999694824219,14.34000015258789,980
2024-10-11,MMLP.MI,14.338000297546387,14.447999954223633,14.293999671936035,14.434000015258789,4630
2024-10-14,MMLP.MI,14.564000129699707,14.62399959564209,14.446000099182129,14.600000381469727,6398
2024-10-15,MMLP.MI,14.565999984741211,14.604000091552734,14.430000305175781,14.510000228881836,12175
2024-10-16,MMLP.MI,14.510000228881836,14.616000175476074,14.510000228881836,14.616000175476074,733
2024-10-17,MMLP.MI,14.630000114440918,14.814000129699707,14.619999885559082,14.715999603271484,4705
2024-10-18,MMLP.MI,14.72599983215332,14.73799991607666,14.60200023651123,14.60200023651123,3602
2024-10-21,MMLP.MI,14.788000106811523,14.817999839782715,14.649999618530273,14.6899995803833,8114
2024-10-22,MMLP.MI,14.668000221252441,14.723999977111816,14.62399959564209,14.687999725341797,3038
2024-10-23,MMLP.MI,14.699999809265137,14.838000297546387,14.654000282287598,14.673999786376953,3201
2024-10-24,MMLP.MI,14.772000312805176,14.795999526977539,14.612000465393066,14.65999984741211,9505
2024-10-25,MMLP.MI,14.706000328063965,14.706000328063965,14.607999801635742,14.607999801635742,5833
2024-10-28,MMLP.MI,14.571999549865723,14.571999549865723,14.425999641418457,14.458000183105469,5011
2024-10-29,MMLP.MI,14.435999870300293,14.57800006866455,14.331999778747559,14.331999778747559,8224
2024-10-30,MMLP.MI,14.394000053405762,14.5,14.319999694824219,14.428000450134277,3091
2024-10-31,MMLP.MI,14.34000015258789,14.411999702453613,14.338000297546387,14.411999702453613,1560
2024-11-01,MMLP.MI,14.510000228881836,14.510000228881836,14.369999885559082,14.406000137329102,6234
2024-11-04,MMLP.MI,14.343999862670898,14.407999992370605,14.270000457763672,14.317999839782715,5310
2024-11-05,MMLP.MI,14.407999992370605,14.604000091552734,14.371999740600586,14.604000091552734,5704
2024-11-06,MMLP.MI,15.034000396728516,15.305999755859375,14.937999725341797,15.234000205993652,33272
2024-11-07,MMLP.MI,15.307999610900879,15.350000381469727,15.168000221252441,15.350000381469727,10164
2024-11-08,MMLP.MI,15.42199993133545,15.517999649047852,15.38599967956543,15.494000434875488,8908
2024-11-11,MMLP.MI,15.739999771118164,15.92199993133545,15.645999908447266,15.892000198364258,8970
2024-11-12,MMLP.MI,15.98799991607666,16.027999877929688,15.82800006866455,15.82800006866455,13273
2024-11-13,MMLP.MI,15.661999702453613,15.918000221252441,15.661999702453613,15.883999824523926,5852
2024-11-14,MMLP.MI,15.916000366210938,16.025999069213867,15.855999946594238,15.855999946594238,5736
2024-11-15,MMLP.MI,15.998000144958496,16.1200008392334,15.883999824523926,16.04400062561035,10788
2024-11-18,MMLP.MI,16.17799949645996,16.3439998626709,16.11400032043457,16.3439998626709,3630
2024-11-19,MMLP.MI,16.357999801635742,16.371999740600586,16.197999954223633,16.368000030517578,22054
2024-11-20,MMLP.MI,16.36199951171875,16.582000732421875,16.36199951171875,16.47800064086914,15014
2024-11-21,MMLP.MI,16.520000457763672,16.88599967956543,16.486000061035156,16.8799991607666,10539
2024-11-22,MMLP.MI,16.940000534057617,17.187999725341797,16.940000534057617,17.11400032043457,15259
2024-11-25,MMLP.MI,17.02199935913086,17.299999237060547,16.531999588012695,16.531999588012695,15636
2024-11-26,MMLP.MI,16.579999923706055,16.61199951171875,16.40399932861328,16.583999633789062,5685
2024-11-27,MMLP.MI,16.61199951171875,16.61199951171875,16.45599937438965,16.492000579833984,14327
2024-11-28,MMLP.MI,16.527999877929688,16.615999221801758,16.489999771118164,16.54599952697754,4548
2024-11-29,MMLP.MI,16.625999450683594,16.63599967956543,16.503999710083008,16.600000381469727,3225
2024-12-02,MMLP.MI,16.81999969482422,16.81999969482422,16.29199981689453,16.29199981689453,15168
2024-12-03,MMLP.MI,16.469999313354492,16.469999313354492,16.280000686645508,16.31399917602539,15019
2024-12-04,MMLP.MI,16.22599983215332,16.441999435424805,16.158000946044922,16.172000885009766,16811
2024-12-05,MMLP.MI,16.200000762939453,16.368000030517578,16.191999435424805,16.368000030517578,3336
2024-12-06,MMLP.MI,16.365999221801758,16.398000717163086,16.100000381469727,16.18000030517578,10023
2024-12-09,MMLP.MI,16.086000442504883,16.23200035095215,15.845999717712402,15.991999626159668,24630
2024-12-10,MMLP.MI,15.829999923706055,15.86400032043457,15.751999855041504,15.842000007629395,20588
2024-12-11,MMLP.MI,15.906000137329102,15.906000137329102,15.687999725341797,15.862000465393066,46382
2024-12-12,MMLP.MI,15.569999694824219,15.800000190734863,15.569999694824219,15.784000396728516,7638
2024-12-13,MMLP.MI,15.800000190734863,15.800000190734863,15.600000381469727,15.72599983215332,14313
2024-12-16,MMLP.MI,15.75,15.75,15.416000366210938,15.5,4781
2024-12-17,MMLP.MI,14.732000350952148,15.486000061035156,14.732000350952148,15.317999839782715,4319
2024-12-18,MMLP.MI,15.359999656677246,15.425999641418457,15.317999839782715,15.347999572753906,3132
2024-12-19,MMLP.MI,15.15999984741211,15.206000328063965,15.041999816894531,15.206000328063965,15983
2024-12-20,MMLP.MI,15.097999572753906,15.357999801635742,15.052000045776367,15.347999572753906,15070
2024-12-23,MMLP.MI,15.477999687194824,15.482000350952148,15.289999961853027,15.407999992370605,3234
2024-12-27,MMLP.MI,15.53600025177002,15.571999549865723,15.482000350952148,15.491999626159668,13285
2024-12-30,MMLP.MI,15.489999771118164,15.630000114440918,15.428000450134277,15.630000114440918,6153
2025-01-02,MMLP.MI,15.739999771118164,16.15999984741211,15.61400032043457,16.15999984741211,14509
2025-01-03,MMLP.MI,16.236000061035156,16.356000900268555,16.131999969482422,16.285999298095703,11199
2025-01-06,MMLP.MI,16.299999237060547,16.299999237060547,16.020000457763672,16.034000396728516,4035
2025-01-07,MMLP.MI,15.960000038146973,16.097999572753906,15.90999984741211,16.097999572753906,5910
2025-01-08,MMLP.MI,16.101999282836914,16.261999130249023,16.101999282836914,16.239999771118164,6950
2025-01-09,MMLP.MI,16.31599998474121,16.384000778198242,16.312000274658203,16.36199951171875,5448
2025-01-10,MMLP.MI,16.416000366210938,16.607999801635742,16.31999969482422,16.31999969482422,9154
2025-01-13,MMLP.MI,16.507999420166016,16.59600067138672,16.309999465942383,16.535999298095703,8504
2025-01-14,MMLP.MI,16.527999877929688,16.576000213623047,16.43000030517578,16.576000213623047,5827
2025-01-15,MMLP.MI,16.670000076293945,16.836000442504883,16.649999618530273,16.785999298095703,10103
2025-01-16,MMLP.MI,16.780000686645508,16.95400047302246,16.673999786376953,16.812000274658203,8837
2025-01-17,MMLP.MI,16.989999771118164,17.18199920654297,16.989999771118164,17.18199920654297,4430
2025-01-20,MMLP.MI,17.0939998626709,17.218000411987305,16.98200035095215,17.115999221801758,22618
2025-01-21,MMLP.MI,17.091999053955078,17.25200080871582,17.091999053955078,17.25200080871582,14034
2025-01-22,MMLP.MI,17.18600082397461,17.26799964904785,16.90399932861328,16.95199966430664,19417
2025-01-23,MMLP.MI,16.799999237060547,16.945999145507812,16.738000869750977,16.738000869750977,9509
2025-01-24,MMLP.MI,16.899999618530273,16.899999618530273,16.645999908447266,16.645999908447266,9971
2025-01-27,MMLP.MI,16.525999069213867,16.670000076293945,15.958000183105469,15.958000183105469,14949
2025-01-28,MMLP.MI,16.04400062561035,16.100000381469727,15.907999992370605,15.968000411987305,3366
2025-01-29,MMLP.MI,16.09600067138672,16.29199981689453,16.09600067138672,16.166000366210938,6499
2025-01-30,MMLP.MI,16.284000396728516,16.402000427246094,16.167999267578125,16.371999740600586,16748
2025-01-31,MMLP.MI,16.513999938964844,16.513999938964844,16.253999710083008,16.299999237060547,5300
2025-02-03,MMLP.MI,16.18600082397461,16.281999588012695,15.958000183105469,16.25200080871582,23103
2025-02-04,MMLP.MI,16.341999053955078,16.356000900268555,16.1200008392334,16.257999420166016,22204
2025-02-05,MMLP.MI,16.239999771118164,16.441999435424805,16.191999435424805,16.441999435424805,1058
2025-02-06,MMLP.MI,16.6560001373291,16.6560001373291,16.18000030517578,16.263999938964844,8974
2025-02-07,MMLP.MI,16.059999465942383,16.25200080871582,16.059999465942383,16.124000549316406,2200
2025-02-10,MMLP.MI,16.45800018310547,16.586000442504883,16.04800033569336,16.538000106811523,12322
2025-02-11,MMLP.MI,16.506000518798828,16.506000518798828,16.270000457763672,16.371999740600586,9214
2025-02-12,MMLP.MI,16.163999557495117,16.371999740600586,16.163999557495117,16.312000274658203,1914
2025-02-13,MMLP.MI,16.049999237060547,16.266000747680664,15.970000267028809,16.107999801635742,9763
2025-02-14,MMLP.MI,16.399999618530273,16.399999618530273,16.218000411987305,16.24799919128418,4061
2025-02-17,MMLP.MI,16.082000732421875,16.11400032043457,16.00200080871582,16.077999114990234,2756
2025-02-18,MMLP.MI,16.07200050354004,16.170000076293945,16.06599998474121,16.142000198364258,10952
2025-02-19,MMLP.MI,16.27199935913086,16.378000259399414,16.176000595092773,16.29800033569336,2550
2025-02-20,MMLP.MI,16.219999313354492,16.260000228881836,15.847999572753906,15.902000427246094,8189
2025-02-21,MMLP.MI,15.97599983215332,16.139999389648438,15.97599983215332,16.13599967956543,2979
2025-02-24,MMLP.MI,15.918000221252441,16.06999969482422,15.805999755859375,15.895999908447266,5347
2025-02-25,MMLP.MI,15.906000137329102,15.906000137329102,15.413999557495117,15.413999557495117,11578
2025-02-26,MMLP.MI,15.508000373840332,15.758000373840332,15.508000373840332,15.748000144958496,18448
2025-02-27,MMLP.MI,15.87399959564209,15.87399959564209,15.741999626159668,15.850000381469727,4302
2025-02-28,MMLP.MI,15.871999740600586,16.152000427246094,15.800000190734863,16.134000778198242,7290
2025-03-03,MMLP.MI,16.215999603271484,16.4060001373291,16.215999603271484,16.22599983215332,7150
2025-03-04,MMLP.MI,15.998000144958496,15.998000144958496,15.520000457763672,15.552000045776367,8121
2025-03-05,MMLP.MI,15.5,15.5,15.133999824523926,15.133999824523926,15118
2025-03-06,MMLP.MI,15.180000305175781,15.180000305175781,14.800000190734863,15.086000442504883,4153
2025-03-07,MMLP.MI,14.968000411987305,14.968000411987305,14.654000282287598,14.654000282287598,7494
2025-03-10,MMLP.MI,14.805999755859375,14.907999992370605,14.73799991607666,14.907999992370605,12568
2025-03-11,MMLP.MI,14.960000038146973,15.0600004196167,14.907999992370605,14.949999809265137,4223
2025-03-12,MMLP.MI,14.961999893188477,15.29800033569336,14.944000244140625,15.29800033569336,9645
2025-03-13,MMLP.MI,15.14799976348877,15.218000411987305,15.050000190734863,15.09000015258789,2262
2025-03-14,MMLP.MI,15.128000259399414,15.404000282287598,15.034000396728516,15.329999923706055,2269
2025-03-17,MMLP.MI,15.336000442504883,15.534000396728516,15.220000267028809,15.534000396728516,5863
2025-03-18,MMLP.MI,15.468000411987305,15.605999946594238,15.468000411987305,15.539999961853027,1929
2025-03-19,MMLP.MI,15.57800006866455,15.673999786376953,15.57800006866455,15.657999992370605,323
2025-03-20,MMLP.MI,15.758000373840332,15.899999618530273,15.758000373840332,15.869999885559082,2163
2025-03-21,MMLP.MI,15.869999885559082,15.906000137329102,15.859999656677246,15.859999656677246,3121
2025-03-24,MMLP.MI,15.994000434875488,16.187999725341797,15.866000175476074,16.18400001525879,14057
2025-03-25,MMLP.MI,16.035999298095703,16.280000686645508,16.035999298095703,16.15399932861328,1239
2025-03-26,MMLP.MI,16.197999954223633,16.29400062561035,16.15399932861328,16.15399932861328,6637
2025-03-27,MMLP.MI,16.139999389648438,16.139999389648438,15.994000434875488,15.994000434875488,1699
2025-03-28,MMLP.MI,15.895999908447266,15.895999908447266,15.729999542236328,15.751999855041504,2542
2025-03-31,MMLP.MI,15.640000343322754,16.0,15.640000343322754,15.907999992370605,1325
2025-04-01,MMLP.MI,15.866000175476074,15.972000122070312,15.75,15.972000122070312,4152
2025-04-02,MMLP.MI,16.106000900268555,16.121999740600586,15.965999603271484,16.121999740600586,6615
2025-04-03,MMLP.MI,15.579999923706055,15.781999588012695,15.402000427246094,15.552000045776367,5487
2025-04-04,MMLP.MI,14.90999984741211,15.199999809265137,14.10200023651123,14.390000343322754,18395
2025-04-07,MMLP.MI,13.260000228881836,14.105999946594238,13.260000228881836,13.824000358581543,35910
2025-04-08,MMLP.MI,14.144000053405762,14.465999603271484,14.118000030517578,14.211999893188477,10117
2025-04-09,MMLP.MI,13.52400016784668,13.6899995803833,13.22599983215332,13.312000274658203,19018
2025-04-10,MMLP.MI,14.684000015258789,14.722000122070312,13.640000343322754,13.640000343322754,4698
2025-04-11,MMLP.MI,13.616000175476074,13.62399959564209,13.347999572753906,13.456000328063965,5140
2025-04-14,MMLP.MI,13.899999618530273,14.069999694824219,13.899999618530273,13.977999687194824,2249
2025-04-15,MMLP.MI,14.175999641418457,14.383999824523926,14.03600025177002,14.319999694824219,2152
2025-04-16,MMLP.MI,14.079999923706055,14.362000465393066,14.079999923706055,14.362000465393066,4412
2025-04-17,MMLP.MI,14.449999809265137,14.605999946594238,14.449999809265137,14.543999671936035,2113
2025-04-22,MMLP.MI,13.932000160217285,14.105999946594238,13.89799976348877,14.105999946594238,4403
2025-04-23,MMLP.MI,14.496000289916992,14.545999526977539,14.241999626159668,14.241999626159668,2320
2025-04-24,MMLP.MI,14.315999984741211,14.550000190734863,14.27400016784668,14.5,5144
2025-04-25,MMLP.MI,14.501999855041504,14.522000312805176,14.5,14.522000312805176,699
2025-04-28,MMLP.MI,14.52400016784668,14.576000213623047,14.503999710083008,14.510000228881836,2192
2025-04-29,MMLP.MI,14.628000259399414,14.685999870300293,14.62600040435791,14.628000259399414,733
2025-04-30,MMLP.MI,14.529999732971191,14.645999908447266,14.329999923706055,14.404000282287598,3755
2025-05-02,MMLP.MI,14.435999870300293,14.489999771118164,14.381999969482422,14.470000267028809,1759
2025-05-05,MMLP.MI,14.48799991607666,14.51200008392334,14.39799976348877,14.434000015258789,554
2025-05-06,MMLP.MI,14.446000099182129,14.446000099182129,14.34000015258789,14.38599967956543,4181
2025-05-07,MMLP.MI,14.399999618530273,14.48799991607666,14.39799976348877,14.48799991607666,20594
2025-05-08,MMLP.MI,14.746000289916992,14.746000289916992,14.630000114440918,14.630000114440918,3979
2025-05-09,MMLP.MI,14.697999954223633,14.697999954223633,14.470000267028809,14.470000267028809,10328
2025-05-12,MMLP.MI,14.821999549865723,15.09000015258789,14.633999824523926,14.633999824523926,3852
2025-05-13,MMLP.MI,14.619999885559082,14.850000381469727,14.619999885559082,14.819999694824219,2494
2025-05-14,MMLP.MI,14.87399959564209,14.87399959564209,14.649999618530273,14.770000457763672,2089
2025-05-15,MMLP.MI,14.675999641418457,14.86400032043457,14.657999992370605,14.807999610900879,3794
2025-05-16,MMLP.MI,14.812000274658203,14.973999977111816,14.812000274658203,14.87600040435791,2922
2025-05-19,MMLP.MI,14.65999984741211,14.720000267028809,14.654000282287598,14.720000267028809,1635
2025-05-20,MMLP.MI,14.76200008392334,14.770000457763672,14.71399974822998,14.76200008392334,2336
2025-05-21,MMLP.MI,14.619999885559082,14.65999984741211,14.51200008392334,14.51200008392334,191
2025-05-22,MMLP.MI,14.5,14.552000045776367,14.39799976348877,14.432000160217285,941
2025-05-23,MMLP.MI,14.508000373840332,14.543999671936035,14.407999992370605,14.543999671936035,3020
2025-05-26,MMLP.MI,14.57800006866455,14.654000282287598,14.57800006866455,14.654000282287598,975
2025-05-27,MMLP.MI,14.732000350952148,14.776000022888184,14.637999534606934,14.746000289916992,9799
2025-05-28,MMLP.MI,14.729999542236328,14.777999877929688,14.706000328063965,14.748000144958496,564
2025-05-29,MMLP.MI,14.833999633789062,14.90999984741211,14.494000434875488,14.520000457763672,8501
2025-05-30,MMLP.MI,14.550000190734863,14.670000076293945,14.538000106811523,14.567999839782715,3636
2025-06-02,MMLP.MI,14.520000457763672,14.631999969482422,14.460000038146973,14.631999969482422,4415
2025-06-03,MMLP.MI,14.729999542236328,14.868000030517578,14.729999542236328,14.868000030517578,2120
2025-06-04,MMLP.MI,14.795999526977539,14.928000450134277,14.77400016784668,14.77400016784668,3234
2025-06-05,MMLP.MI,14.706000328063965,14.706000328063965,14.472000122070312,14.668000221252441,576
2025-06-06,MMLP.MI,14.722000122070312,14.729999542236328,14.708000183105469,14.729999542236328,920
2025-06-09,MMLP.MI,14.545999526977539,14.765999794006348,14.545999526977539,14.564000129699707,1499
2025-06-10,MMLP.MI,14.46399974822998,14.534000396728516,14.446000099182129,14.472000122070312,8665
2025-06-11,MMLP.MI,14.460000038146973,14.460000038146973,14.407999992370605,14.407999992370605,200
2025-06-12,MMLP.MI,14.390000343322754,14.390000343322754,14.14799976348877,14.300000190734863,1744
2025-06-13,MMLP.MI,14.444000244140625,14.562000274658203,14.289999961853027,14.48799991607666,6947
2025-06-16,MMLP.MI,14.708000183105469,14.708000183105469,14.319999694824219,14.319999694824219,4551
2025-06-17,MMLP.MI,14.197999954223633,14.444000244140625,14.197999954223633,14.34000015258789,977
2025-06-18,MMLP.MI,14.23799991607666,14.300000190734863,14.157999992370605,14.157999992370605,5059
2025-06-19,MMLP.MI,14.295999526977539,14.324000358581543,14.263999938964844,14.29800033569336,7000
2025-06-20,MMLP.MI,14.314000129699707,14.35200023651123,14.314000129699707,14.343999862670898,586
2025-06-23,MMLP.MI,14.37600040435791,14.513999938964844,14.315999984741211,14.324000358581543,3374
2025-06-24,MMLP.MI,14.15999984741211,14.178000450134277,14.076000213623047,14.076000213623047,1461
2025-06-25,MMLP.MI,14.142000198364258,14.223999977111816,13.98799991607666,13.98799991607666,1542
2025-06-26,MMLP.MI,13.996000289916992,14.229999542236328,13.996000289916992,14.229999542236328,4749
2025-06-27,MMLP.MI,14.303999900817871,14.411999702453613,14.29800033569336,14.383999824523926,2203
2025-06-30,MMLP.MI,14.321999549865723,14.321999549865723,14.276000022888184,14.302000045776367,19796
2025-07-01,MMLP.MI,14.255999565124512,14.300000190734863,14.001999855041504,14.088000297546387,9008
2025-07-02,MMLP.MI,14.100000381469727,14.100000381469727,13.862000465393066,13.862000465393066,1705
2025-07-03,MMLP.MI,14.119999885559082,14.119999885559082,14.050000190734863,14.050000190734863,40
2025-07-04,MMLP.MI,13.942000389099121,13.984000205993652,13.902000427246094,13.977999687194824,2323
2025-07-07,MMLP.MI,13.984000205993652,14.109999656677246,13.932000160217285,13.944000244140625,9274
2025-07-08,MMLP.MI,13.998000144958496,13.998000144958496,13.850000381469727,13.854000091552734,1922
2025-07-09,MMLP.MI,13.972000122070312,14.010000228881836,13.866000175476074,13.866000175476074,2586
2025-07-10,MMLP.MI,13.791999816894531,13.850000381469727,13.753999710083008,13.753999710083008,971
2025-07-11,MMLP.MI,14.0,14.0,13.767999649047852,13.934000015258789,11133
2025-07-14,MMLP.MI,13.92199993133545,14.067999839782715,13.90999984741211,14.041999816894531,3393
2025-07-15,MMLP.MI,14.039999961853027,14.20199966430664,14.039999961853027,14.064000129699707,4707
2025-07-16,MMLP.MI,14.12600040435791,14.137999534606934,13.942000389099121,13.942000389099121,4357
2025-07-17,MMLP.MI,14.03600025177002,14.03600025177002,13.960000038146973,13.960000038146973,1163
2025-07-18,MMLP.MI,14.01200008392334,14.236000061035156,14.01200008392334,14.232000350952148,2359
2025-07-21,MMLP.MI,14.104000091552734,14.104000091552734,13.899999618530273,13.899999618530273,2801
2025-07-22,MMLP.MI,13.866000175476074,13.866000175476074,13.770000457763672,13.812000274658203,3225
2025-07-23,MMLP.MI,13.829999923706055,13.836000442504883,13.76200008392334,13.791999816894531,1136
2025-07-24,MMLP.MI,13.744000434875488,13.836000442504883,13.744000434875488,13.836000442504883,4702
2025-07-25,MMLP.MI,13.998000144958496,13.998000144958496,13.850000381469727,13.850000381469727,5244
2025-07-28,MMLP.MI,13.972000122070312,14.0,13.913999557495117,13.934000015258789,7184
2025-07-29,MMLP.MI,13.961999893188477,14.20199966430664,13.961999893188477,14.199999809265137,3321
2025-07-30,MMLP.MI,14.312000274658203,14.312000274658203,14.220000267028809,14.27400016784668,1295
2025-07-31,MMLP.MI,14.270000457763672,14.5,14.270000457763672,14.449999809265137,8557
2025-08-01,MMLP.MI,14.399999618530273,14.418000221252441,14.210000038146973,14.272000312805176,965
2025-08-04,MMLP.MI,14.399999618530273,14.470000267028809,14.39799976348877,14.449999809265137,16913
2025-08-05,MMLP.MI,14.420000076293945,14.428000450134277,14.083999633789062,14.083999633789062,4023
2025-08-06,MMLP.MI,14.234000205993652,14.234000205993652,14.142000198364258,14.142000198364258,2183
2025-08-07,MMLP.MI,14.12600040435791,14.22599983215332,14.081999778747559,14.131999969482422,3761
2025-08-08,MMLP.MI,14.128000259399414,14.128000259399414,13.949999809265137,13.98799991607666,6206
2025-08-11,MMLP.MI,14.02400016784668,14.086000442504883,14.010000228881836,14.086000442504883,2401
2025-08-12,MMLP.MI,14.145999908447266,14.145999908447266,13.843999862670898,13.871999740600586,1814
2025-08-13,MMLP.MI,13.960000038146973,13.973999977111816,13.906000137329102,13.906000137329102,1325
2025-08-14,MMLP.MI,14.064000129699707,14.109999656677246,14.064000129699707,14.104000091552734,2283
2025-08-18,MMLP.MI,13.95199966430664,13.979999542236328,13.847999572753906,13.937999725341797,5335
2025-08-19,MMLP.MI,13.87399959564209,13.890000343322754,13.836000442504883,13.880000114440918,370
2025-08-20,MMLP.MI,13.930000305175781,14.026000022888184,13.930000305175781,13.986000061035156,7357
2025-08-21,MMLP.MI,14.052000045776367,14.220000267028809,14.050000190734863,14.184000015258789,9863
2025-08-22,MMLP.MI,14.229999542236328,14.229999542236328,14.137999534606934,14.137999534606934,2029
2025-08-25,MMLP.MI,14.137999534606934,14.137999534606934,14.137999534606934,14.137999534606934,0
2025-08-26,MMLP.MI,14.069999694824219,14.069999694824219,13.973999977111816,13.994000434875488,1564
2025-08-27,MMLP.MI,14.187999725341797,14.204000473022461,14.187999725341797,14.1899995803833,3723
2025-08-28,MMLP.MI,14.130000114440918,14.27400016784668,14.076000213623047,14.137999534606934,533
2025-08-29,MMLP.MI,14.218000411987305,14.303999900817871,14.204000473022461,14.234000205993652,7578
2025-09-01,MMLP.MI,14.223999977111816,14.25,14.199999809265137,14.23799991607666,2865
2025-09-02,MMLP.MI,14.3100004196167,14.314000129699707,14.197999954223633,14.21399974822998,5150
2025-09-03,MMLP.MI,14.118000030517578,14.161999702453613,14.100000381469727,14.133999824523926,1994
2025-09-04,MMLP.MI,14.215999603271484,14.229999542236328,14.15999984741211,14.184000015258789,642
2025-09-05,MMLP.MI,14.137999534606934,14.184000015258789,13.842000007629395,13.842000007629395,1345
2025-09-08,MMLP.MI,14.083999633789062,14.083999633789062,13.902000427246094,13.902000427246094,1638
2025-09-09,MMLP.MI,14.020000457763672,14.0600004196167,13.923999786376953,14.0600004196167,87
2025-09-10,MMLP.MI,14.069999694824219,14.241999626159668,14.001999855041504,14.097999572753906,2484
2025-09-11,MMLP.MI,14.180000305175781,14.180000305175781,14.008000373840332,14.0600004196167,6407
2025-09-12,MMLP.MI,14.0600004196167,14.244000434875488,14.0600004196167,14.239999771118164,3646
2025-09-15,MMLP.MI,14.154000282287598,14.175999641418457,14.07800006866455,14.097999572753906,4426
2025-09-16,MMLP.MI,14.02400016784668,14.02400016784668,13.937999725341797,13.937999725341797,926
2025-09-17,MMLP.MI,13.949999809265137,14.057999610900879,13.949999809265137,14.057999610900879,1417
2025-09-18,MMLP.MI,14.118000030517578,14.218000411987305,14.097999572753906,14.218000411987305,7356
2025-09-19,MMLP.MI,14.260000228881836,14.307999610900879,14.168000221252441,14.168000221252441,4462
2025-09-22,MMLP.MI,14.095999717712402,14.145999908447266,14.071999549865723,14.145999908447266,4083
2025-09-23,MMLP.MI,14.131999969482422,14.333999633789062,14.086000442504883,14.333999633789062,4156
2025-09-24,MMLP.MI,14.300000190734863,14.57800006866455,14.300000190734863,14.571999549865723,10677
2025-09-25,MMLP.MI,14.571999549865723,14.645999908447266,14.526000022888184,14.628000259399414,1269
2025-09-26,MMLP.MI,14.652000427246094,14.75,14.652000427246094,14.72599983215332,2169
2025-09-29,MMLP.MI,14.71399974822998,14.71399974822998,14.47599983215332,14.491999626159668,4469
2025-09-30,MMLP.MI,14.472000122070312,14.53600025177002,14.454000473022461,14.479999542236328,10612
2025-10-01,MMLP.MI,14.428000450134277,14.51200008392334,14.428000450134277,14.470000267028809,1710
2025-10-02,MMLP.MI,14.423999786376953,14.52400016784668,14.423999786376953,14.52400016784668,543
2025-10-03,MMLP.MI,14.496000289916992,14.496000289916992,14.387999534606934,14.442000389099121,3095
2025-10-06,MMLP.MI,14.597999572753906,14.666000366210938,14.425999641418457,14.46399974822998,4804
2025-10-07,MMLP.MI,14.407999992370605,14.510000228881836,14.399999618530273,14.42199993133545,6649
2025-10-08,MMLP.MI,14.491999626159668,14.534000396728516,14.447999954223633,14.460000038146973,1669
2025-10-09,MMLP.MI,14.505999565124512,14.529999732971191,14.406000137329102,14.406000137329102,4847
2025-10-10,MMLP.MI,14.182000160217285,14.25,14.043999671936035,14.043999671936035,3715
2025-10-13,MMLP.MI,14.0,14.050000190734863,13.968000411987305,13.968000411987305,9193
2025-10-14,MMLP.MI,13.944000244140625,13.944000244140625,13.84000015258789,13.842000007629395,6649
2025-10-15,MMLP.MI,13.899999618530273,14.081999778747559,13.89799976348877,13.972000122070312,6050
2025-10-16,MMLP.MI,13.935999870300293,13.935999870300293,13.76200008392334,13.76200008392334,930
2025-10-17,MMLP.MI,13.48799991607666,13.675999641418457,13.435999870300293,13.595999717712402,10981
2025-10-20,MMLP.MI,13.73799991607666,13.73799991607666,13.685999870300293,13.723999977111816,2410
2025-10-21,MMLP.MI,13.73799991607666,13.850000381469727,13.73799991607666,13.814000129699707,2183
2025-10-22,MMLP.MI,13.789999961853027,13.890000343322754,13.789999961853027,13.857999801635742,6087
2025-10-23,MMLP.MI,13.994000434875488,14.079999923706055,13.855999946594238,13.855999946594238,6477
2025-10-24,MMLP.MI,15.840499877929688,15.840499877929688,15.840499877929688,15.840499877929688,0
2025-10-27,MMLP.MI,13.739999771118164,13.741999626159668,13.618000030517578,13.618000030517578,11280
2025-10-28,MMLP.MI,13.59000015258789,13.59000015258789,13.526000022888184,13.564000129699707,3340
2025-10-29,MMLP.MI,13.562000274658203,13.607999801635742,13.508000373840332,13.564000129699707,3981
2025-10-30,MMLP.MI,13.529999732971191,13.697999954223633,13.47599983215332,13.697999954223633,2412
2025-10-31,MMLP.MI,13.562000274658203,13.697999954223633,13.5600004196167,13.64799976348877,2865
2025-11-03,MMLP.MI,13.70199966430664,13.70199966430664,13.576000213623047,13.59000015258789,8443
2025-11-04,MMLP.MI,13.678000450134277,13.678000450134277,13.543999671936035,13.550000190734863,3185
2025-11-05,MMLP.MI,13.498000144958496,13.727999687194824,13.461999893188477,13.723999977111816,4439
2025-11-06,MMLP.MI,13.694000244140625,13.72599983215332,13.657999992370605,13.72599983215332,2057
2025-11-07,MMLP.MI,13.829999923706055,13.845999717712402,13.62399959564209,13.704000473022461,6325
2025-11-10,MMLP.MI,13.96399974822998,13.96399974822998,13.833999633789062,13.923999786376953,2247
2025-11-11,MMLP.MI,13.970000267028809,14.008000373840332,13.947999954223633,14.008000373840332,10199
2025-11-12,MMLP.MI,14.013999938964844,14.121999740600586,14.013999938964844,14.057999610900879,3549
2025-11-13,MMLP.MI,14.119999885559082,14.119999885559082,14.0,14.0,1483
2025-11-14,MMLP.MI,13.991999626159668,14.166000366210938,13.862000465393066,14.166000366210938,3734
2025-11-17,MMLP.MI,14.267999649047852,14.270000457763672,14.15999984741211,14.15999984741211,1814
2025-11-18,MMLP.MI,14.0,14.088000297546387,14.0,14.088000297546387,3725
2025-11-19,MMLP.MI,14.097999572753906,14.100000381469727,14.001999855041504,14.100000381469727,6941
2025-11-20,MMLP.MI,14.208000183105469,14.350000381469727,14.199999809265137,14.307999610900879,7116
2025-11-21,MMLP.MI,14.149999618530273,14.17199993133545,14.031999588012695,14.100000381469727,1353
2025-11-24,MMLP.MI,14.20199966430664,14.20199966430664,14.0,14.020000457763672,2546
2025-11-25,MMLP.MI,14.09000015258789,14.09000015258789,13.98799991607666,13.98799991607666,355
2025-11-26,MMLP.MI,14.03600025177002,14.232000350952148,14.03600025177002,14.154000282287598,4644
2025-11-27,MMLP.MI,14.227999687194824,14.227999687194824,14.157999992370605,14.182000160217285,520
2025-11-28,MMLP.MI,14.204000473022461,14.380000114440918,14.187999725341797,14.380000114440918,4805
2025-12-01,MMLP.MI,14.357999801635742,14.413999557495117,14.27400016784668,14.39799976348877,4868
2025-12-02,MMLP.MI,14.40999984741211,14.470000267028809,14.303999900817871,14.303999900817871,2277
2025-12-03,MMLP.MI,14.199999809265137,14.307999610900879,14.199999809265137,14.307999610900879,198
2025-12-04,MMLP.MI,14.423999786376953,14.482000350952148,14.423999786376953,14.482000350952148,400
2025-12-05,MMLP.MI,14.571999549865723,14.657999992370605,14.529999732971191,14.652000427246094,2645
2025-12-08,MMLP.MI,14.545999526977539,14.545999526977539,14.503999710083008,14.503999710083008,901
2025-12-09,MMLP.MI,14.503999710083008,14.503999710083008,14.503999710083008,14.503999710083008,0
2025-12-10,MMLP.MI,14.295999526977539,14.404000282287598,14.295999526977539,14.35200023651123,2451
2025-12-11,MMLP.MI,14.133999824523926,14.133999824523926,14.001999855041504,14.001999855041504,524
2025-12-12,MMLP.MI,14.053999900817871,14.170000076293945,13.97599983215332,13.97599983215332,5109
2025-12-15,MMLP.MI,14.069999694824219,14.069999694824219,13.9399995803833,13.96399974822998,620
2025-12-16,MMLP.MI,13.90999984741211,14.020000457763672,13.73799991607666,13.758000373840332,2660
2025-12-17,MMLP.MI,13.673999786376953,13.770000457763672,13.673999786376953,13.755999565124512,225
2025-12-18,MMLP.MI,13.82800006866455,13.907999992370605,13.82800006866455,13.871999740600586,400
2025-12-19,MMLP.MI,13.746000289916992,13.881999969482422,13.744000434875488,13.881999969482422,4533
2025-12-22,MMLP.MI,13.741999626159668,13.824000358581543,13.741999626159668,13.824000358581543,3579
2025-12-23,MMLP.MI,13.800000190734863,13.970000267028809,13.800000190734863,13.95199966430664,2414
2025-12-29,MMLP.MI,13.482000350952148,14.14799976348877,13.482000350952148,14.121999740600586,3288
2025-12-30,MMLP.MI,14.118000030517578,14.161999702453613,14.11400032043457,14.13599967956543,625
2026-01-02,MMLP.MI,14.133999824523926,14.211999893188477,14.097999572753906,14.1899995803833,1959
2026-01-05,MMLP.MI,14.517999649047852,14.517999649047852,13.916000366210938,14.086000442504883,2432
2026-01-06,MMLP.MI,14.064000129699707,14.218000411987305,14.0,14.013999938964844,3060
2026-01-07,MMLP.MI,13.859999656677246,13.90999984741211,13.8100004196167,13.880000114440918,7178
2026-01-08,MMLP.MI,13.815999984741211,13.928000450134277,13.815999984741211,13.928000450134277,994
2026-01-09,MMLP.MI,13.960000038146973,14.0600004196167,13.958000183105469,14.050000190734863,2684
2026-01-12,MMLP.MI,14.034000396728516,14.034000396728516,13.934000015258789,13.958000183105469,3164
2026-01-13,MMLP.MI,14.02400016784668,14.206000328063965,13.972000122070312,14.192000389099121,3428
2026-01-14,MMLP.MI,14.293999671936035,14.407999992370605,13.880000114440918,14.407999992370605,1220
2026-01-15,MMLP.MI,14.319999694824219,14.449999809265137,14.319999694824219,14.428000450134277,14523
2026-01-16,MMLP.MI,14.276000022888184,14.567999839782715,14.276000022888184,14.567999839782715,6019
2026-01-19,MMLP.MI,14.593999862670898,14.593999862670898,14.517999649047852,14.517999649047852,980
2026-01-20,MMLP.MI,14.380000114440918,14.53600025177002,14.378000259399414,14.53600025177002,1047
2026-01-21,MMLP.MI,14.40999984741211,14.621999740600586,14.407999992370605,14.60200023651123,3025
2026-01-22,MMLP.MI,14.699999809265137,14.699999809265137,14.640000343322754,14.684000015258789,438
2026-01-23,MMLP.MI,14.8100004196167,14.934000015258789,14.784000396728516,14.934000015258789,2050
2026-01-26,MMLP.MI,14.8100004196167,14.824000358581543,14.619999885559082,14.62600040435791,1757
2026-01-27,MMLP.MI,14.722000122070312,14.722000122070312,14.631999969482422,14.631999969482422,11400
2026-01-28,MMLP.MI,14.697999954223633,14.937999725341797,14.697999954223633,14.935999870300293,2960
2026-01-29,MMLP.MI,14.947999954223633,15.21399974822998,14.947999954223633,15.144000053405762,11631
2026-01-30,MMLP.MI,15.175999641418457,15.175999641418457,15.076000213623047,15.112000465393066,203
2026-02-02,MMLP.MI,15.031999588012695,15.157999992370605,15.027999877929688,15.043999671936035,4550
2026-02-03,MMLP.MI,14.859999656677246,15.241999626159668,14.859999656677246,15.241999626159668,2569
2026-02-04,MMLP.MI,15.26200008392334,15.399999618530273,15.26200008392334,15.295999526977539,2442
2026-02-05,MMLP.MI,15.413999557495117,15.479999542236328,15.326000213623047,15.354000091552734,4079
2026-02-06,MMLP.MI,15.522000312805176,15.605999946594238,15.48799991607666,15.555999755859375,3052
2026-02-09,MMLP.MI,15.552000045776367,15.59000015258789,15.484000205993652,15.59000015258789,1606
2026-02-10,MMLP.MI,15.628000259399414,15.770000457763672,15.628000259399414,15.732000350952148,3391
2026-02-11,MMLP.MI,15.739999771118164,15.989999771118164,15.739999771118164,15.989999771118164,2240
2026-02-12,MMLP.MI,15.968000411987305,16.100000381469727,15.956000328063965,16.083999633789062,2168
2026-02-13,MMLP.MI,16.030000686645508,16.29199981689453,15.925999641418457,16.29199981689453,7124
2026-02-16,MMLP.MI,16.393999099731445,16.440000534057617,16.308000564575195,16.40999984741211,5355
2026-02-17,MMLP.MI,16.333999633789062,16.459999084472656,16.104000091552734,16.15399932861328,3474
2026-02-18,MMLP.MI,16.242000579833984,16.350000381469727,16.242000579833984,16.284000396728516,2278
2026-02-19,MMLP.MI,16.420000076293945,16.52199935913086,16.389999389648438,16.47800064086914,44871
2026-02-20,MMLP.MI,16.525999069213867,16.54199981689453,16.413999557495117,16.441999435424805,5640
2026-02-23,MMLP.MI,16.459999084472656,16.700000762939453,16.459999084472656,16.58799934387207,4701
2026-02-24,MMLP.MI,16.673999786376953,16.673999786376953,16.371999740600586,16.384000778198242,3139
2026-02-25,MMLP.MI,16.549999237060547,16.624000549316406,16.399999618530273,16.399999618530273,2930
2026-02-26,MMLP.MI,16.47599983215332,16.79800033569336,16.465999603271484,16.79800033569336,4232
2026-02-27,MMLP.MI,16.642000198364258,16.74799919128418,16.6200008392334,16.67799949645996,2443
2026-03-02,MMLP.MI,17.260000228881836,17.3799991607666,17.049999237060547,17.336000442504883,29420
2026-03-03,MMLP.MI,17.43400001525879,17.777999877929688,17.323999404907227,17.516000747680664,15017
2026-03-04,MMLP.MI,17.577999114990234,17.577999114990234,17.149999618530273,17.224000930786133,6078
2026-03-05,MMLP.MI,17.3799991607666,17.43000030517578,17.332000732421875,17.36199951171875,4220
2026-03-09,MMLP.MI,17.697999954223633,17.76799964904785,17.350000381469727,17.374000549316406,4210
2026-03-10,MMLP.MI,17.290000915527344,17.305999755859375,17.18000030517578,17.25200080871582,2816
2026-03-11,MMLP.MI,17.194000244140625,17.350000381469727,17.190000534057617,17.33799934387207,5553
2026-03-12,MMLP.MI,17.486000061035156,17.625999450683594,17.41200065612793,17.625999450683594,4541
2026-03-13,MMLP.MI,17.52400016784668,17.534000396728516,17.45800018310547,17.50200080871582,4856
2026-03-16,MMLP.MI,17.757999420166016,17.799999237060547,17.45199966430664,17.45199966430664,3652
2026-03-17,MMLP.MI,17.610000610351562,17.72599983215332,17.583999633789062,17.663999557495117,3661
2026-03-18,MMLP.MI,17.486000061035156,17.586000442504883,17.450000762939453,17.47599983215332,6023
2026-03-19,MMLP.MI,17.483999252319336,17.709999084472656,17.375999450683594,17.709999084472656,5117
2026-03-20,MMLP.MI,17.667999267578125,17.799999237060547,17.624000549316406,17.738000869750977,3457
2026-03-23,MMLP.MI,17.714000701904297,17.714000701904297,17.365999221801758,17.527999877929688,16110
2026-03-24,MMLP.MI,17.582000732421875,18.034000396728516,17.562000274658203,17.93400001525879,5540
2026-03-25,MMLP.MI,17.860000610351562,17.884000778198242,17.738000869750977,17.884000778198242,1443
2026-03-26,MMLP.MI,17.988000869750977,18.110000610351562,17.917999267578125,18.110000610351562,2568
2026-03-27,MMLP.MI,18.142000198364258,18.280000686645508,18.086000442504883,18.18000030517578,2504
2026-03-30,MMLP.MI,18.365999221801758,18.365999221801758,18.110000610351562,18.27400016784668,4416
2026-03-31,MMLP.MI,18.148000717163086,18.148000717163086,17.8700008392334,17.92799949645996,7017
2026-04-01,MMLP.MI,17.57200050354004,17.642000198364258,17.082000732421875,17.082000732421875,5582
2026-04-02,MMLP.MI,17.576000213623047,17.715999603271484,17.459999084472656,17.459999084472656,3572
2026-04-07,MMLP.MI,17.61400032043457,17.88800048828125,17.530000686645508,17.8700008392334,10143
2026-04-08,MMLP.MI,17.15999984741211,17.280000686645508,16.98200035095215,17.086000442504883,14074
2026-04-09,MMLP.MI,17.200000762939453,17.600000381469727,17.200000762939453,17.5,9731
2026-04-10,MMLP.MI,17.275999069213867,17.299999237060547,17.158000946044922,17.158000946044922,4564
2026-04-13,MMLP.MI,17.38800048828125,17.48200035095215,17.166000366210938,17.166000366210938,7020
2026-04-14,MMLP.MI,16.875999450683594,16.926000595092773,16.676000595092773,16.676000595092773,1228
2026-04-15,MMLP.MI,16.625999450683594,16.743999481201172,16.586000442504883,16.586000442504883,13686
2026-04-16,MMLP.MI,16.56599998474121,16.695999145507812,16.52199935913086,16.577999114990234,3800
2026-04-17,MMLP.MI,16.58799934387207,16.642000198364258,16.148000717163086,16.260000228881836,19087
2026-04-20,MMLP.MI,16.618000030517578,16.634000778198242,16.538000106811523,16.591999053955078,3626
2026-04-21,MMLP.MI,16.520000457763672,16.549999237060547,16.4060001373291,16.4060001373291,3173
2026-04-22,MMLP.MI,16.489999771118164,16.667999267578125,16.474000930786133,16.667999267578125,5114
2026-04-23,MMLP.MI,16.73200035095215,16.79400062561035,16.718000411987305,16.729999542236328,748
2026-04-24,MMLP.MI,16.881999969482422,16.893999099731445,16.670000076293945,16.785999298095703,4355
2026-04-27,MMLP.MI,16.851999282836914,17.011999130249023,16.851999282836914,16.878000259399414,1507
2026-04-28,MMLP.MI,16.92799949645996,17.176000595092773,16.92799949645996,17.16200065612793,2728
2026-04-29,MMLP.MI,17.263999938964844,17.393999099731445,17.263999938964844,17.354000091552734,2450
2026-04-30,MMLP.MI,17.483999252319336,17.781999588012695,17.312000274658203,17.781999588012695,3197
2026-05-04,MMLP.MI,17.95599937438965,17.95599937438965,17.697999954223633,17.832000732421875,4026
2026-05-05,MMLP.MI,17.93000030517578,17.947999954223633,17.784000396728516,17.784000396728516,3206
2026-05-06,MMLP.MI,17.709999084472656,17.756000518798828,17.172000885009766,17.280000686645508,5224
2026-05-07,MMLP.MI,17.209999084472656,17.209999084472656,16.889999389648438,17.02400016784668,6262
2026-05-08,MMLP.MI,17.280000686645508,17.29800033569336,17.11400032043457,17.242000579833984,6849
2026-05-11,MMLP.MI,17.218000411987305,17.288000106811523,17.148000717163086,17.288000106811523,1284
2026-05-12,MMLP.MI,17.41200065612793,17.597999572753906,17.41200065612793,17.597999572753906,1978
2026-05-13,MMLP.MI,17.658000946044922,17.68600082397461,17.577999114990234,17.610000610351562,1735
2026-05-14,MMLP.MI,17.790000915527344,18.06999969482422,17.775999069213867,18.06999969482422,1828
2026-05-15,MMLP.MI,18.200000762939453,18.408000946044922,18.17799949645996,18.302000045776367,3173
2026-05-18,MMLP.MI,18.351999282836914,18.47800064086914,18.351999282836914,18.461999893188477,5420
2026-05-19,MMLP.MI,18.558000564575195,18.714000701904297,18.558000564575195,18.714000701904297,3187
2026-05-20,MMLP.MI,18.823999404907227,18.860000610351562,18.631999969482422,18.631999969482422,4458
2026-05-21,MMLP.MI,18.639999389648438,18.799999237060547,18.511999130249023,18.799999237060547,1887
2026-05-22,MMLP.MI,18.582000732421875,18.788000106811523,18.582000732421875,18.68400001525879,7240
2026-05-25,MMLP.MI,18.66200065612793,18.777999877929688,18.450000762939453,18.61199951171875,4585
2026-05-26,MMLP.MI,18.63599967956543,18.72800064086914,18.43400001525879,18.43400001525879,1524
2026-05-27,MMLP.MI,18.299999237060547,18.312000274658203,18.091999053955078,18.091999053955078,4968
2026-05-28,MMLP.MI,17.959999084472656,18.034000396728516,17.841999053955078,17.851999282836914,3600
2026-05-29,MMLP.MI,17.65999984741211,17.729999542236328,17.32200050354004,17.32200050354004,789
2026-06-01,MMLP.MI,17.333999633789062,17.68199920654297,17.333999633789062,17.573999404907227,3706
2026-06-02,MMLP.MI,17.381999969482422,17.663999557495117,17.381999969482422,17.663999557495117,2786
2026-06-03,MMLP.MI,17.756000518798828,18.01799964904785,17.756000518798828,18.01799964904785,4965
2026-06-04,MMLP.MI,17.634000778198242,17.81399917602539,17.634000778198242,17.81399917602539,2543
2026-06-05,MMLP.MI,17.916000366210938,18.170000076293945,17.913999557495117,18.170000076293945,7606
2026-06-08,MMLP.MI,18.077999114990234,18.194000244140625,18.0,18.0,5946
2026-06-09,MMLP.MI,17.81399917602539,17.8700008392334,17.74799919128418,17.766000747680664,3971
2026-06-10,MMLP.MI,17.775999069213867,18.20199966430664,17.77400016784668,18.20199966430664,5791
2026-06-11,MMLP.MI,18.288000106811523,18.43000030517578,18.187999725341797,18.354000091552734,6222
2026-06-12,MMLP.MI,18.04800033569336,18.277999877929688,17.941999435424805,18.277999877929688,4755
2026-06-15,MMLP.MI,18.01799964904785,18.030000686645508,17.691999435424805,17.812000274658203,1300
2026-06-16,MMLP.MI,17.81399917602539,17.81399917602539,17.59000015258789,17.59600067138672,2416
2026-06-17,MMLP.MI,17.573999404907227,17.667999267578125,17.496000289916992,17.56599998474121,5753
2026-06-18,MMLP.MI,17.41200065612793,17.714000701904297,17.218000411987305,17.402000427246094,1424
2026-06-19,MMLP.MI,17.49799919128418,17.70400047302246,17.49799919128418,17.597999572753906,269
2026-06-22,MMLP.MI,17.56599998474121,17.691999435424805,17.56599998474121,17.634000778198242,128
2026-06-23,MMLP.MI,17.631999969482422,18.110000610351562,17.631999969482422,18.049999237060547,402
2026-06-24,MMLP.MI,18.163999557495117,18.266000747680664,17.893999099731445,18.027999877929688,1643
2026-06-25,MMLP.MI,18.167999267578125,18.36400032043457,18.02199935913086,18.36400032043457,5233
2026-06-26,MMLP.MI,18.31399917602539,18.51799964904785,18.20800018310547,18.31399917602539,6655
2026-06-29,MMLP.MI,18.45800018310547,18.479999542236328,18.195999145507812,18.195999145507812,1150
2026-06-30,MMLP.MI,18.1299991607666,18.253999710083008,18.1299991607666,18.214000701904297,1035
2026-07-01,MMLP.MI,17.884000778198242,18.190000534057617,17.763999938964844,17.763999938964844,331
2026-07-02,MMLP.MI,17.760000228881836,17.79400062561035,17.667999267578125,17.690000534057617,1971
2026-07-03,MMLP.MI,17.945999145507812,17.945999145507812,17.70800018310547,17.851999282836914,891
2026-07-06,MMLP.MI,17.898000717163086,18.0,17.788000106811523,17.961999893188477,1590
2026-07-07,MMLP.MI,17.9060001373291,18.253999710083008,17.84600067138672,18.18600082397461,1126
2026-07-08,MMLP.MI,18.399999618530273,18.552000045776367,18.360000610351562,18.52199935913086,1124
2026-07-09,MMLP.MI,18.34600067138672,18.639999389648438,18.34600067138672,18.474000930786133,5393
2026-07-10,MMLP.MI,18.357999801635742,18.3799991607666,18.16200065612793,18.16200065612793,1262
2026-07-13,MMLP.MI,18.469999313354492,18.562000274658203,18.277999877929688,18.562000274658203,2008
2026-07-14,MMLP.MI,18.6299991607666,18.718000411987305,18.52199935913086,18.573999404907227,451
2026-07-15,MMLP.MI,18.77400016784668,18.799999237060547,18.591999053955078,18.591999053955078,2337
2026-07-16,MMLP.MI,18.520000457763672,18.72599983215332,18.399999618530273,18.72599983215332,4631
2026-07-17,MMLP.MI,18.763999938964844,18.908000946044922,18.760000228881836,18.81599998474121,1539
2026-07-20,MMLP.MI,18.874000549316406,18.964000701904297,18.77199935913086,18.964000701904297,3984
2026-07-21,MMLP.MI,18.79400062561035,18.833999633789062,18.643999099731445,18.643999099731445,6150
2026-07-22,MMLP.MI,18.670000076293945,18.8700008392334,18.663999557495117,18.8700008392334,4533
2026-07-23,MMLP.MI,19.0,19.18600082397461,18.97599983215332,19.172000885009766,4295
2026-07-24,MMLP.MI,19.115999221801758,19.242000579833984,18.993999481201172,19.079999923706055,26174
2026-07-27,MMLP.MI,19.035999298095703,19.038000106811523,18.468000411987305,18.468000411987305,8883
2026-07-28,MMLP.MI,18.444000244140625,18.52199935913086,18.20400047302246,18.20400047302246,2333
