Date,Ticker,Open,High,Low,Close,Volume
2018-01-02,MOAT.MI,24.940000534057617,24.940000534057617,24.940000534057617,24.940000534057617,0
2018-01-03,MOAT.MI,25.184999465942383,25.184999465942383,25.165000915527344,25.165000915527344,4000
2018-01-04,MOAT.MI,25.165000915527344,25.165000915527344,25.165000915527344,25.165000915527344,0
2018-01-05,MOAT.MI,25.30500030517578,25.375,25.30500030517578,25.375,338
2018-01-08,MOAT.MI,25.6299991607666,25.6299991607666,25.530000686645508,25.540000915527344,2076
2018-01-09,MOAT.MI,26.100000381469727,26.100000381469727,25.760000228881836,25.84000015258789,24
2018-01-10,MOAT.MI,25.610000610351562,25.704999923706055,25.584999084472656,25.704999923706055,595
2018-01-11,MOAT.MI,25.860000610351562,25.860000610351562,25.639999389648438,25.639999389648438,485
2018-01-12,MOAT.MI,25.735000610351562,25.920000076293945,25.639999389648438,25.920000076293945,211
2018-01-15,MOAT.MI,25.610000610351562,25.610000610351562,25.600000381469727,25.610000610351562,140
2018-01-16,MOAT.MI,25.75,25.815000534057617,25.68000030517578,25.68000030517578,2053
2018-01-17,MOAT.MI,25.709999084472656,25.709999084472656,25.59000015258789,25.59000015258789,517
2018-01-18,MOAT.MI,25.59000015258789,25.59000015258789,25.59000015258789,25.59000015258789,0
2018-01-19,MOAT.MI,25.575000762939453,25.674999237060547,25.575000762939453,25.674999237060547,270
2018-01-22,MOAT.MI,25.700000762939453,25.799999237060547,25.700000762939453,25.790000915527344,607
2018-01-23,MOAT.MI,25.860000610351562,25.920000076293945,25.860000610351562,25.920000076293945,3
2018-01-24,MOAT.MI,25.8799991607666,25.8799991607666,25.790000915527344,25.790000915527344,394
2018-01-25,MOAT.MI,25.799999237060547,25.799999237060547,25.549999237060547,25.549999237060547,1262
2018-01-26,MOAT.MI,25.739999771118164,25.81999969482422,25.739999771118164,25.81999969482422,3292
2018-01-29,MOAT.MI,25.9950008392334,26.19499969482422,25.9950008392334,26.19499969482422,500
2018-01-30,MOAT.MI,25.9950008392334,25.9950008392334,25.700000762939453,25.7450008392334,1015
2018-01-31,MOAT.MI,25.7450008392334,25.7450008392334,25.7450008392334,25.7450008392334,0
2018-02-01,MOAT.MI,25.5,25.5,25.229999542236328,25.229999542236328,242
2018-02-02,MOAT.MI,25.1200008392334,25.174999237060547,25.040000915527344,25.174999237060547,1003
2018-02-05,MOAT.MI,24.725000381469727,24.84000015258789,24.625,24.84000015258789,4600
2018-02-06,MOAT.MI,23.719999313354492,23.96500015258789,23.719999313354492,23.895000457763672,27
2018-02-07,MOAT.MI,24.200000762939453,24.764999389648438,24.200000762939453,24.764999389648438,250
2018-02-08,MOAT.MI,24.4950008392334,24.4950008392334,24.3700008392334,24.3700008392334,867
2018-02-09,MOAT.MI,24.389999389648438,24.389999389648438,23.704999923706055,23.704999923706055,951
2018-02-12,MOAT.MI,24.225000381469727,24.225000381469727,24.155000686645508,24.155000686645508,720
2018-02-13,MOAT.MI,24.079999923706055,24.079999923706055,23.93000030517578,23.93000030517578,6205
2018-02-14,MOAT.MI,24.309999465942383,24.309999465942383,24.155000686645508,24.155000686645508,83
2018-02-15,MOAT.MI,24.309999465942383,24.389999389648438,24.25,24.25,465
2018-02-16,MOAT.MI,24.450000762939453,24.565000534057617,24.420000076293945,24.565000534057617,170
2018-02-19,MOAT.MI,24.565000534057617,24.565000534057617,24.565000534057617,24.565000534057617,0
2018-02-20,MOAT.MI,24.565000534057617,24.565000534057617,24.565000534057617,24.565000534057617,0
2018-02-21,MOAT.MI,24.510000228881836,24.75,24.510000228881836,24.75,68
2018-02-22,MOAT.MI,24.75,24.75,24.75,24.75,0
2018-02-23,MOAT.MI,24.440000534057617,24.5,24.440000534057617,24.5,500
2018-02-26,MOAT.MI,24.5,24.5,24.5,24.5,0
2018-02-27,MOAT.MI,24.985000610351562,25.19499969482422,24.985000610351562,25.075000762939453,614
2018-02-28,MOAT.MI,25.139999389648438,25.139999389648438,24.934999465942383,24.959999084472656,555
2018-03-01,MOAT.MI,24.65999984741211,24.950000762939453,24.53499984741211,24.53499984741211,4648
2018-03-02,MOAT.MI,24.0,24.045000076293945,24.0,24.045000076293945,40
2018-03-05,MOAT.MI,24.184999465942383,24.354999542236328,24.184999465942383,24.354999542236328,40
2018-03-06,MOAT.MI,24.450000762939453,24.450000762939453,24.2450008392334,24.2450008392334,40
2018-03-07,MOAT.MI,24.204999923706055,24.3700008392334,24.204999923706055,24.3700008392334,163
2018-03-08,MOAT.MI,24.3700008392334,24.3700008392334,24.3700008392334,24.3700008392334,0
2018-03-09,MOAT.MI,24.725000381469727,24.885000228881836,24.725000381469727,24.885000228881836,81
2018-03-12,MOAT.MI,25.110000610351562,25.110000610351562,25.05500030517578,25.05500030517578,40
2018-03-13,MOAT.MI,25.024999618530273,25.024999618530273,24.80500030517578,24.80500030517578,5388
2018-03-14,MOAT.MI,24.84000015258789,25.0,24.704999923706055,24.704999923706055,1406
2018-03-15,MOAT.MI,24.735000610351562,24.7549991607666,24.729999542236328,24.7549991607666,118
2018-03-16,MOAT.MI,24.7549991607666,24.7549991607666,24.7549991607666,24.7549991607666,0
2018-03-19,MOAT.MI,24.639999389648438,24.639999389648438,24.31999969482422,24.31999969482422,4065
2018-03-20,MOAT.MI,24.31999969482422,24.31999969482422,24.31999969482422,24.31999969482422,0
2018-03-21,MOAT.MI,24.31999969482422,24.31999969482422,24.31999969482422,24.31999969482422,0
2018-03-22,MOAT.MI,24.31999969482422,24.31999969482422,24.31999969482422,24.31999969482422,0
2018-03-23,MOAT.MI,23.46500015258789,23.5,23.46500015258789,23.5,72
2018-03-26,MOAT.MI,23.5,23.5,23.5,23.5,0
2018-03-27,MOAT.MI,23.4950008392334,23.510000228881836,23.4950008392334,23.510000228881836,40
2018-03-28,MOAT.MI,23.104999542236328,23.290000915527344,23.104999542236328,23.290000915527344,62
2018-03-29,MOAT.MI,23.290000915527344,23.290000915527344,23.290000915527344,23.290000915527344,0
2018-04-03,MOAT.MI,23.1299991607666,23.290000915527344,23.1299991607666,23.290000915527344,74
2018-04-04,MOAT.MI,23.1299991607666,23.405000686645508,23.059999465942383,23.405000686645508,3292
2018-04-05,MOAT.MI,23.405000686645508,23.405000686645508,23.405000686645508,23.405000686645508,0
2018-04-06,MOAT.MI,23.825000762939453,23.825000762939453,23.649999618530273,23.649999618530273,400
2018-04-09,MOAT.MI,23.604999542236328,23.604999542236328,23.55500030517578,23.55500030517578,196
2018-04-10,MOAT.MI,23.610000610351562,23.665000915527344,23.610000610351562,23.665000915527344,180
2018-04-11,MOAT.MI,23.415000915527344,23.579999923706055,23.415000915527344,23.579999923706055,6
2018-04-12,MOAT.MI,23.579999923706055,23.579999923706055,23.579999923706055,23.579999923706055,0
2018-04-13,MOAT.MI,23.579999923706055,23.579999923706055,23.579999923706055,23.579999923706055,0
2018-04-16,MOAT.MI,23.75,23.75,23.684999465942383,23.684999465942383,35
2018-04-17,MOAT.MI,24.1299991607666,24.1299991607666,23.799999237060547,24.045000076293945,1705
2018-04-18,MOAT.MI,23.96500015258789,24.094999313354492,23.96500015258789,24.094999313354492,140
2018-04-19,MOAT.MI,24.030000686645508,24.030000686645508,23.905000686645508,23.954999923706055,200
2018-04-20,MOAT.MI,24.1200008392334,24.1200008392334,23.920000076293945,23.920000076293945,42
2018-04-23,MOAT.MI,23.920000076293945,23.920000076293945,23.920000076293945,23.920000076293945,0
2018-04-24,MOAT.MI,24.204999923706055,24.204999923706055,24.174999237060547,24.174999237060547,175
2018-04-25,MOAT.MI,24.55500030517578,24.55500030517578,24.040000915527344,24.040000915527344,1
2018-04-26,MOAT.MI,24.18000030517578,24.40999984741211,24.18000030517578,24.40999984741211,400
2018-04-27,MOAT.MI,24.40999984741211,24.40999984741211,24.40999984741211,24.40999984741211,0
2018-04-30,MOAT.MI,24.665000915527344,24.700000762939453,24.665000915527344,24.700000762939453,40
2018-05-02,MOAT.MI,24.55500030517578,24.584999084472656,24.55500030517578,24.584999084472656,70
2018-05-03,MOAT.MI,24.225000381469727,24.235000610351562,23.915000915527344,23.915000915527344,3575
2018-05-04,MOAT.MI,23.915000915527344,23.915000915527344,23.915000915527344,23.915000915527344,0
2018-05-07,MOAT.MI,24.469999313354492,24.545000076293945,24.469999313354492,24.545000076293945,940
2018-05-08,MOAT.MI,24.65999984741211,24.65999984741211,24.655000686645508,24.655000686645508,63
2018-05-09,MOAT.MI,24.655000686645508,24.655000686645508,24.655000686645508,24.655000686645508,0
2018-05-10,MOAT.MI,24.78499984741211,24.889999389648438,24.78499984741211,24.889999389648438,480
2018-05-11,MOAT.MI,24.7549991607666,24.8700008392334,24.7549991607666,24.8700008392334,15
2018-05-14,MOAT.MI,24.90999984741211,25.0,24.90999984741211,25.0,150
2018-05-15,MOAT.MI,25.0,25.06999969482422,25.0,25.05500030517578,391
2018-05-16,MOAT.MI,25.15999984741211,25.28499984741211,25.15999984741211,25.28499984741211,6
2018-05-17,MOAT.MI,25.28499984741211,25.405000686645508,25.28499984741211,25.405000686645508,30
2018-05-18,MOAT.MI,25.2450008392334,25.31999969482422,25.2450008392334,25.31999969482422,4
2018-05-21,MOAT.MI,25.510000228881836,25.53499984741211,25.415000915527344,25.415000915527344,126
2018-05-22,MOAT.MI,25.354999542236328,25.450000762939453,25.274999618530273,25.434999465942383,227
2018-05-23,MOAT.MI,25.434999465942383,25.434999465942383,25.434999465942383,25.434999465942383,0
2018-05-24,MOAT.MI,25.434999465942383,25.434999465942383,25.434999465942383,25.434999465942383,0
2018-05-25,MOAT.MI,25.6299991607666,25.739999771118164,25.55500030517578,25.739999771118164,2610
2018-05-28,MOAT.MI,25.700000762939453,25.829999923706055,25.700000762939453,25.829999923706055,50
2018-05-29,MOAT.MI,25.829999923706055,25.829999923706055,25.829999923706055,25.829999923706055,0
2018-05-30,MOAT.MI,25.80500030517578,25.80500030517578,25.760000228881836,25.760000228881836,21
2018-05-31,MOAT.MI,25.700000762939453,25.700000762939453,25.625,25.625,50
2018-06-01,MOAT.MI,25.649999618530273,25.739999771118164,25.649999618530273,25.739999771118164,65
2018-06-04,MOAT.MI,25.739999771118164,25.739999771118164,25.739999771118164,25.739999771118164,0
2018-06-05,MOAT.MI,25.795000076293945,25.860000610351562,25.795000076293945,25.860000610351562,20
2018-06-06,MOAT.MI,25.985000610351562,25.985000610351562,25.825000762939453,25.825000762939453,55
2018-06-07,MOAT.MI,25.915000915527344,25.915000915527344,25.8799991607666,25.8799991607666,20
2018-06-08,MOAT.MI,25.895000457763672,26.014999389648438,25.895000457763672,26.014999389648438,200
2018-06-11,MOAT.MI,26.014999389648438,26.014999389648438,26.014999389648438,26.014999389648438,0
2018-06-12,MOAT.MI,26.15999984741211,26.19499969482422,26.15999984741211,26.19499969482422,191
2018-06-13,MOAT.MI,26.329999923706055,26.46500015258789,26.329999923706055,26.46500015258789,19
2018-06-14,MOAT.MI,26.200000762939453,26.90999984741211,26.200000762939453,26.739999771118164,1100
2018-06-15,MOAT.MI,26.80500030517578,26.815000534057617,26.704999923706055,26.799999237060547,2147
2018-06-18,MOAT.MI,26.799999237060547,26.799999237060547,26.799999237060547,26.799999237060547,0
2018-06-19,MOAT.MI,26.799999237060547,26.799999237060547,26.799999237060547,26.799999237060547,0
2018-06-20,MOAT.MI,26.84000015258789,26.84000015258789,26.760000228881836,26.760000228881836,70
2018-06-21,MOAT.MI,26.764999389648438,26.764999389648438,26.684999465942383,26.684999465942383,125
2018-06-22,MOAT.MI,26.684999465942383,26.684999465942383,26.684999465942383,26.684999465942383,0
2018-06-25,MOAT.MI,26.684999465942383,26.684999465942383,26.684999465942383,26.684999465942383,0
2018-06-26,MOAT.MI,26.684999465942383,26.684999465942383,26.684999465942383,26.684999465942383,0
2018-06-27,MOAT.MI,26.40999984741211,26.704999923706055,26.40999984741211,26.704999923706055,1890
2018-06-28,MOAT.MI,26.704999923706055,26.704999923706055,26.704999923706055,26.704999923706055,0
2018-06-29,MOAT.MI,26.450000762939453,26.450000762939453,26.354999542236328,26.354999542236328,10
2018-07-02,MOAT.MI,26.139999389648438,26.260000228881836,26.125,26.260000228881836,98
2018-07-03,MOAT.MI,26.260000228881836,26.260000228881836,26.260000228881836,26.260000228881836,0
2018-07-04,MOAT.MI,25.854999542236328,26.315000534057617,25.854999542236328,26.315000534057617,111
2018-07-05,MOAT.MI,26.315000534057617,26.315000534057617,26.315000534057617,26.315000534057617,0
2018-07-06,MOAT.MI,26.315000534057617,26.315000534057617,26.315000534057617,26.315000534057617,0
2018-07-09,MOAT.MI,26.315000534057617,26.315000534057617,26.315000534057617,26.315000534057617,0
2018-07-10,MOAT.MI,26.315000534057617,26.315000534057617,26.315000534057617,26.315000534057617,0
2018-07-11,MOAT.MI,26.674999237060547,26.774999618530273,26.674999237060547,26.774999618530273,191
2018-07-12,MOAT.MI,26.774999618530273,26.774999618530273,26.774999618530273,26.774999618530273,0
2018-07-13,MOAT.MI,26.774999618530273,26.774999618530273,26.774999618530273,26.774999618530273,0
2018-07-16,MOAT.MI,27.0,27.0,26.84000015258789,26.84000015258789,52
2018-07-17,MOAT.MI,27.15999984741211,27.15999984741211,26.725000381469727,26.969999313354492,5094
2018-07-18,MOAT.MI,27.184999465942383,27.184999465942383,27.0049991607666,27.0049991607666,2718
2018-07-19,MOAT.MI,26.950000762939453,27.084999084472656,26.950000762939453,27.084999084472656,100
2018-07-20,MOAT.MI,26.94499969482422,26.94499969482422,26.674999237060547,26.774999618530273,75
2018-07-23,MOAT.MI,26.690000534057617,26.729999542236328,26.690000534057617,26.729999542236328,30
2018-07-24,MOAT.MI,26.729999542236328,26.729999542236328,26.729999542236328,26.729999542236328,0
2018-07-25,MOAT.MI,26.825000762939453,26.940000534057617,26.825000762939453,26.940000534057617,77
2018-07-26,MOAT.MI,27.219999313354492,27.299999237060547,27.219999313354492,27.299999237060547,79
2018-07-27,MOAT.MI,27.299999237060547,27.299999237060547,27.239999771118164,27.239999771118164,109
2018-07-30,MOAT.MI,27.114999771118164,27.114999771118164,27.020000457763672,27.065000534057617,2017
2018-07-31,MOAT.MI,27.09000015258789,27.225000381469727,27.09000015258789,27.225000381469727,195
2018-08-01,MOAT.MI,27.200000762939453,27.204999923706055,27.200000762939453,27.204999923706055,75
2018-08-02,MOAT.MI,27.059999465942383,27.235000610351562,27.059999465942383,27.235000610351562,39
2018-08-03,MOAT.MI,27.5,27.53499984741211,27.5,27.53499984741211,990
2018-08-06,MOAT.MI,27.709999084472656,27.709999084472656,27.690000534057617,27.690000534057617,200
2018-08-07,MOAT.MI,27.59000015258789,27.684999465942383,27.59000015258789,27.674999237060547,561
2018-08-08,MOAT.MI,27.799999237060547,27.799999237060547,27.540000915527344,27.540000915527344,37
2018-08-09,MOAT.MI,27.540000915527344,27.540000915527344,27.540000915527344,27.540000915527344,0
2018-08-10,MOAT.MI,27.850000381469727,27.850000381469727,27.7549991607666,27.844999313354492,1100
2018-08-13,MOAT.MI,27.844999313354492,27.844999313354492,27.844999313354492,27.844999313354492,0
2018-08-14,MOAT.MI,27.844999313354492,27.844999313354492,27.844999313354492,27.844999313354492,0
2018-08-16,MOAT.MI,28.15999984741211,28.165000915527344,28.15999984741211,28.165000915527344,51
2018-08-17,MOAT.MI,28.200000762939453,28.200000762939453,28.145000457763672,28.145000457763672,55
2018-08-20,MOAT.MI,28.360000610351562,28.360000610351562,28.260000228881836,28.260000228881836,300
2018-08-21,MOAT.MI,28.15999984741211,28.21500015258789,28.110000610351562,28.110000610351562,2675
2018-08-22,MOAT.MI,27.834999084472656,27.954999923706055,27.790000915527344,27.924999237060547,213
2018-08-23,MOAT.MI,27.959999084472656,27.959999084472656,27.80500030517578,27.80500030517578,358
2018-08-24,MOAT.MI,27.780000686645508,27.790000915527344,27.69499969482422,27.764999389648438,1789
2018-08-27,MOAT.MI,27.78499984741211,27.78499984741211,27.729999542236328,27.760000228881836,566
2018-08-28,MOAT.MI,27.780000686645508,27.780000686645508,27.655000686645508,27.655000686645508,225
2018-08-29,MOAT.MI,27.764999389648438,27.770000457763672,27.739999771118164,27.770000457763672,5600
2018-08-30,MOAT.MI,27.770000457763672,27.770000457763672,27.770000457763672,27.770000457763672,0
2018-08-31,MOAT.MI,27.71500015258789,27.854999542236328,27.71500015258789,27.854999542236328,360
2018-09-03,MOAT.MI,27.989999771118164,27.989999771118164,27.905000686645508,27.905000686645508,300
2018-09-04,MOAT.MI,28.100000381469727,28.100000381469727,27.90999984741211,27.90999984741211,69
2018-09-05,MOAT.MI,27.725000381469727,27.725000381469727,27.674999237060547,27.71500015258789,272
2018-09-06,MOAT.MI,27.799999237060547,27.799999237060547,27.71500015258789,27.71500015258789,415
2018-09-07,MOAT.MI,27.71500015258789,27.71500015258789,27.71500015258789,27.71500015258789,0
2018-09-10,MOAT.MI,28.049999237060547,28.049999237060547,27.950000762939453,27.950000762939453,498
2018-09-11,MOAT.MI,28.0,28.0,27.850000381469727,27.8700008392334,282
2018-09-12,MOAT.MI,27.8700008392334,27.875,27.8700008392334,27.875,42
2018-09-13,MOAT.MI,28.045000076293945,28.1200008392334,27.899999618530273,27.899999618530273,58
2018-09-14,MOAT.MI,28.1200008392334,28.1200008392334,28.114999771118164,28.114999771118164,1500
2018-09-17,MOAT.MI,28.1200008392334,28.1200008392334,28.0,28.0,739
2018-09-18,MOAT.MI,28.110000610351562,28.110000610351562,28.024999618530273,28.024999618530273,50
2018-09-19,MOAT.MI,28.024999618530273,28.024999618530273,28.024999618530273,28.024999618530273,0
2018-09-20,MOAT.MI,28.1299991607666,28.1299991607666,28.1299991607666,28.1299991607666,72
2018-09-21,MOAT.MI,28.200000762939453,28.270000457763672,28.200000762939453,28.270000457763672,200
2018-09-24,MOAT.MI,28.200000762939453,28.200000762939453,27.895000457763672,27.895000457763672,180
2018-09-25,MOAT.MI,27.90999984741211,27.90999984741211,27.834999084472656,27.834999084472656,265
2018-09-26,MOAT.MI,27.770000457763672,27.96500015258789,27.770000457763672,27.96500015258789,114
2018-09-27,MOAT.MI,27.959999084472656,28.155000686645508,27.959999084472656,28.155000686645508,18
2018-09-28,MOAT.MI,28.149999618530273,28.209999084472656,28.149999618530273,28.209999084472656,175
2018-10-01,MOAT.MI,28.375,28.3799991607666,28.299999237060547,28.3799991607666,59
2018-10-02,MOAT.MI,29.0,29.0,28.334999084472656,28.354999542236328,558
2018-10-03,MOAT.MI,28.415000915527344,28.53499984741211,28.415000915527344,28.5049991607666,1425
2018-10-04,MOAT.MI,28.540000915527344,28.600000381469727,28.274999618530273,28.274999618530273,458
2018-10-05,MOAT.MI,28.315000534057617,28.315000534057617,28.239999771118164,28.239999771118164,640
2018-10-08,MOAT.MI,28.399999618530273,28.399999618530273,28.18000030517578,28.31999969482422,1226
2018-10-09,MOAT.MI,28.68000030517578,28.68000030517578,28.350000381469727,28.389999389648438,694
2018-10-10,MOAT.MI,29.040000915527344,29.040000915527344,28.05500030517578,28.05500030517578,348
2018-10-11,MOAT.MI,27.28499984741211,27.28499984741211,27.219999313354492,27.225000381469727,260
2018-10-12,MOAT.MI,27.575000762939453,27.575000762939453,27.200000762939453,27.200000762939453,675
2018-10-15,MOAT.MI,27.09000015258789,27.309999465942383,27.024999618530273,27.309999465942383,1386
2018-10-16,MOAT.MI,27.334999084472656,27.549999237060547,27.334999084472656,27.549999237060547,74
2018-10-17,MOAT.MI,27.78499984741211,27.809999465942383,27.78499984741211,27.809999465942383,3600
2018-10-18,MOAT.MI,28.014999389648438,28.014999389648438,27.915000915527344,27.915000915527344,490
2018-10-19,MOAT.MI,27.940000534057617,27.969999313354492,27.940000534057617,27.969999313354492,350
2018-10-22,MOAT.MI,28.0,28.0,27.760000228881836,27.760000228881836,600
2018-10-23,MOAT.MI,27.75,27.75,27.19499969482422,27.229999542236328,122
2018-10-24,MOAT.MI,27.735000610351562,27.735000610351562,27.34000015258789,27.360000610351562,259
2018-10-25,MOAT.MI,27.360000610351562,27.360000610351562,27.360000610351562,27.360000610351562,0
2018-10-26,MOAT.MI,26.90999984741211,26.90999984741211,26.510000228881836,26.65999984741211,1560
2018-10-29,MOAT.MI,26.65999984741211,26.65999984741211,26.65999984741211,26.65999984741211,0
2018-10-30,MOAT.MI,26.65999984741211,26.65999984741211,26.65999984741211,26.65999984741211,0
2018-10-31,MOAT.MI,27.30500030517578,27.579999923706055,27.225000381469727,27.225000381469727,720
2018-11-01,MOAT.MI,27.5,27.5,27.155000686645508,27.364999771118164,467
2018-11-02,MOAT.MI,27.280000686645508,27.34000015258789,27.280000686645508,27.34000015258789,38
2018-11-05,MOAT.MI,27.34000015258789,27.34000015258789,27.34000015258789,27.34000015258789,0
2018-11-06,MOAT.MI,27.309999465942383,27.510000228881836,27.309999465942383,27.5049991607666,620
2018-11-07,MOAT.MI,27.5049991607666,27.5049991607666,27.5049991607666,27.5049991607666,0
2018-11-08,MOAT.MI,28.040000915527344,28.235000610351562,28.040000915527344,28.235000610351562,3298
2018-11-09,MOAT.MI,28.385000228881836,28.385000228881836,28.299999237060547,28.299999237060547,887
2018-11-12,MOAT.MI,28.540000915527344,28.540000915527344,28.299999237060547,28.299999237060547,609
2018-11-13,MOAT.MI,28.424999237060547,28.424999237060547,28.299999237060547,28.34000015258789,4834
2018-11-14,MOAT.MI,28.299999237060547,28.299999237060547,28.030000686645508,28.030000686645508,130
2018-11-15,MOAT.MI,28.46500015258789,28.46500015258789,27.635000228881836,27.834999084472656,4457
2018-11-16,MOAT.MI,27.834999084472656,27.834999084472656,27.834999084472656,27.834999084472656,0
2018-11-19,MOAT.MI,27.940000534057617,27.940000534057617,27.670000076293945,27.670000076293945,2010
2018-11-20,MOAT.MI,27.44499969482422,27.6299991607666,27.43000030517578,27.485000610351562,393
2018-11-21,MOAT.MI,27.299999237060547,27.3799991607666,27.299999237060547,27.3799991607666,50
2018-11-22,MOAT.MI,27.299999237060547,27.299999237060547,27.059999465942383,27.059999465942383,2167
2018-11-23,MOAT.MI,27.28499984741211,27.524999618530273,27.28499984741211,27.524999618530273,800
2018-11-26,MOAT.MI,27.625,27.674999237060547,27.584999084472656,27.584999084472656,1160
2018-11-27,MOAT.MI,27.684999465942383,27.78499984741211,27.684999465942383,27.78499984741211,500
2018-11-28,MOAT.MI,27.94499969482422,28.209999084472656,27.94499969482422,27.985000610351562,270
2018-11-29,MOAT.MI,27.985000610351562,27.985000610351562,27.985000610351562,27.985000610351562,0
2018-11-30,MOAT.MI,28.354999542236328,28.354999542236328,28.19499969482422,28.31999969482422,190
2018-12-03,MOAT.MI,28.940000534057617,29.139999389648438,28.459999084472656,28.4950008392334,220
2018-12-04,MOAT.MI,28.385000228881836,28.485000610351562,28.385000228881836,28.43000030517578,563
2018-12-05,MOAT.MI,28.03499984741211,28.03499984741211,27.934999465942383,27.989999771118164,722
2018-12-06,MOAT.MI,27.649999618530273,27.649999618530273,27.045000076293945,27.045000076293945,2653
2018-12-07,MOAT.MI,27.645000457763672,27.645000457763672,27.3700008392334,27.3700008392334,200
2018-12-10,MOAT.MI,27.440000534057617,27.440000534057617,26.75,26.825000762939453,460
2018-12-11,MOAT.MI,27.725000381469727,27.760000228881836,27.524999618530273,27.524999618530273,413
2018-12-12,MOAT.MI,27.524999618530273,27.524999618530273,27.524999618530273,27.524999618530273,0
2018-12-13,MOAT.MI,27.524999618530273,27.524999618530273,27.524999618530273,27.524999618530273,0
2018-12-14,MOAT.MI,27.600000381469727,27.649999618530273,27.290000915527344,27.290000915527344,450
2018-12-17,MOAT.MI,27.44499969482422,27.44499969482422,26.834999084472656,26.989999771118164,1007
2018-12-18,MOAT.MI,27.0,27.0,26.415000915527344,26.415000915527344,841
2018-12-19,MOAT.MI,26.2549991607666,26.2549991607666,26.190000534057617,26.190000534057617,300
2018-12-20,MOAT.MI,26.190000534057617,26.190000534057617,26.190000534057617,26.190000534057617,0
2018-12-21,MOAT.MI,25.809999465942383,25.809999465942383,25.440000534057617,25.540000915527344,260
2018-12-27,MOAT.MI,25.299999237060547,25.299999237060547,24.899999618530273,25.084999084472656,2054
2018-12-28,MOAT.MI,26.0,26.0,25.405000686645508,25.46500015258789,171
2019-01-02,MOAT.MI,25.475000381469727,25.950000762939453,25.34000015258789,25.850000381469727,393
2019-01-03,MOAT.MI,25.850000381469727,25.850000381469727,25.850000381469727,25.850000381469727,0
2019-01-04,MOAT.MI,25.389999389648438,25.905000686645508,25.389999389648438,25.905000686645508,160
2019-01-07,MOAT.MI,25.905000686645508,25.905000686645508,25.905000686645508,25.905000686645508,0
2019-01-08,MOAT.MI,26.290000915527344,26.30500030517578,26.190000534057617,26.21500015258789,1099
2019-01-09,MOAT.MI,26.575000762939453,26.575000762939453,26.270000457763672,26.3799991607666,221
2019-01-10,MOAT.MI,26.200000762939453,26.415000915527344,26.170000076293945,26.415000915527344,310
2019-01-11,MOAT.MI,26.415000915527344,26.565000534057617,26.415000915527344,26.549999237060547,1029
2019-01-14,MOAT.MI,26.719999313354492,26.719999313354492,26.44499969482422,26.5049991607666,1478
2019-01-15,MOAT.MI,26.7549991607666,26.8799991607666,26.7549991607666,26.844999313354492,182
2019-01-16,MOAT.MI,27.0,27.28499984741211,26.719999313354492,27.219999313354492,6497
2019-01-17,MOAT.MI,27.204999923706055,27.235000610351562,27.204999923706055,27.235000610351562,10
2019-01-18,MOAT.MI,27.639999389648438,27.829999923706055,27.639999389648438,27.829999923706055,300
2019-01-21,MOAT.MI,27.7549991607666,27.7549991607666,27.735000610351562,27.735000610351562,110
2019-01-22,MOAT.MI,27.649999618530273,27.649999618530273,27.55500030517578,27.55500030517578,20
2019-01-23,MOAT.MI,27.540000915527344,27.540000915527344,27.344999313354492,27.344999313354492,1549
2019-01-24,MOAT.MI,27.399999618530273,27.709999084472656,27.399999618530273,27.709999084472656,600
2019-01-25,MOAT.MI,27.709999084472656,27.709999084472656,27.709999084472656,27.709999084472656,0
2019-01-28,MOAT.MI,28.0049991607666,28.0049991607666,27.399999618530273,27.43000030517578,683
2019-01-29,MOAT.MI,27.375,27.375,27.334999084472656,27.334999084472656,104
2019-01-30,MOAT.MI,27.334999084472656,27.334999084472656,27.334999084472656,27.334999084472656,0
2019-01-31,MOAT.MI,27.545000076293945,27.9950008392334,27.545000076293945,27.989999771118164,100
2019-02-01,MOAT.MI,28.05500030517578,28.06999969482422,27.989999771118164,27.989999771118164,842
2019-02-04,MOAT.MI,27.989999771118164,27.989999771118164,27.989999771118164,27.989999771118164,0
2019-02-05,MOAT.MI,27.5,28.44499969482422,27.5,28.44499969482422,250
2019-02-06,MOAT.MI,28.4950008392334,28.549999237060547,28.4950008392334,28.510000228881836,800
2019-02-07,MOAT.MI,28.594999313354492,28.594999313354492,28.3700008392334,28.3700008392334,1921
2019-02-08,MOAT.MI,28.354999542236328,28.354999542236328,28.139999389648438,28.170000076293945,598
2019-02-11,MOAT.MI,28.170000076293945,28.170000076293945,28.170000076293945,28.170000076293945,0
2019-02-12,MOAT.MI,28.725000381469727,28.969999313354492,28.725000381469727,28.969999313354492,300
2019-02-13,MOAT.MI,29.139999389648438,29.19499969482422,29.139999389648438,29.18000030517578,400
2019-02-14,MOAT.MI,29.0,29.110000610351562,29.0,29.110000610351562,100
2019-02-15,MOAT.MI,29.1200008392334,29.405000686645508,29.1200008392334,29.375,1064
2019-02-18,MOAT.MI,29.389999389648438,29.389999389648438,29.350000381469727,29.3799991607666,806
2019-02-19,MOAT.MI,29.389999389648438,29.415000915527344,29.325000762939453,29.334999084472656,2672
2019-02-20,MOAT.MI,29.315000534057617,29.399999618530273,29.30500030517578,29.360000610351562,3801
2019-02-21,MOAT.MI,29.479999542236328,29.479999542236328,29.315000534057617,29.329999923706055,2042
2019-02-22,MOAT.MI,29.385000228881836,29.44499969482422,29.28499984741211,29.360000610351562,5712
2019-02-25,MOAT.MI,29.395000457763672,29.584999084472656,29.395000457763672,29.559999465942383,641
2019-02-26,MOAT.MI,29.584999084472656,29.584999084472656,29.280000686645508,29.334999084472656,1087
2019-02-27,MOAT.MI,29.110000610351562,29.204999923706055,29.059999465942383,29.165000915527344,1599
2019-02-28,MOAT.MI,29.184999465942383,29.239999771118164,29.170000076293945,29.170000076293945,4715
2019-03-01,MOAT.MI,29.475000381469727,29.475000381469727,29.395000457763672,29.395000457763672,590
2019-03-04,MOAT.MI,29.684999465942383,29.690000534057617,29.489999771118164,29.489999771118164,445
2019-03-05,MOAT.MI,29.415000915527344,29.46500015258789,29.385000228881836,29.405000686645508,1094
2019-03-06,MOAT.MI,29.31999969482422,29.325000762939453,29.15999984741211,29.15999984741211,239
2019-03-07,MOAT.MI,29.040000915527344,29.165000915527344,29.024999618530273,29.165000915527344,1340
2019-03-08,MOAT.MI,28.93000030517578,28.93000030517578,28.815000534057617,28.815000534057617,2400
2019-03-11,MOAT.MI,28.90999984741211,29.2450008392334,28.90999984741211,29.2450008392334,100
2019-03-12,MOAT.MI,29.325000762939453,29.334999084472656,29.31999969482422,29.31999969482422,210
2019-03-13,MOAT.MI,29.295000076293945,29.459999084472656,29.295000076293945,29.459999084472656,909
2019-03-14,MOAT.MI,29.459999084472656,29.459999084472656,29.459999084472656,29.459999084472656,0
2019-03-15,MOAT.MI,29.5,29.604999542236328,29.475000381469727,29.565000534057617,1660
2019-03-18,MOAT.MI,29.600000381469727,29.649999618530273,29.520000457763672,29.520000457763672,1305
2019-03-19,MOAT.MI,29.735000610351562,29.774999618530273,29.700000762939453,29.774999618530273,350
2019-03-20,MOAT.MI,29.545000076293945,29.545000076293945,29.309999465942383,29.309999465942383,506
2019-03-21,MOAT.MI,29.219999313354492,29.424999237060547,29.059999465942383,29.424999237060547,4791
2019-03-22,MOAT.MI,29.530000686645508,29.545000076293945,29.084999084472656,29.084999084472656,605
2019-03-25,MOAT.MI,29.0,29.0,28.684999465942383,28.864999771118164,399
2019-03-26,MOAT.MI,29.174999237060547,29.2549991607666,29.155000686645508,29.155000686645508,917
2019-03-27,MOAT.MI,29.200000762939453,29.280000686645508,29.100000381469727,29.100000381469727,36972
2019-03-28,MOAT.MI,29.25,29.25,29.165000915527344,29.235000610351562,400
2019-03-29,MOAT.MI,29.545000076293945,29.545000076293945,29.5,29.524999618530273,839
2019-04-01,MOAT.MI,29.75,29.915000915527344,29.75,29.915000915527344,20580
2019-04-02,MOAT.MI,29.94499969482422,30.079999923706055,29.94499969482422,30.014999389648438,772
2019-04-03,MOAT.MI,29.90999984741211,30.045000076293945,29.90999984741211,30.045000076293945,1190
2019-04-04,MOAT.MI,29.979999542236328,30.135000228881836,29.934999465942383,30.079999923706055,276
2019-04-05,MOAT.MI,30.09000015258789,30.295000076293945,30.09000015258789,30.295000076293945,400
2019-04-08,MOAT.MI,30.30500030517578,30.30500030517578,30.200000762939453,30.239999771118164,2802
2019-04-09,MOAT.MI,30.225000381469727,30.225000381469727,30.1299991607666,30.139999389648438,348
2019-04-10,MOAT.MI,30.15999984741211,30.184999465942383,30.1200008392334,30.1200008392334,1550
2019-04-11,MOAT.MI,30.2450008392334,30.25,30.225000381469727,30.235000610351562,734
2019-04-12,MOAT.MI,30.21500015258789,30.299999237060547,30.209999084472656,30.274999618530273,1345
2019-04-15,MOAT.MI,30.375,30.3799991607666,30.299999237060547,30.325000762939453,894
2019-04-16,MOAT.MI,31.0,31.0,30.315000534057617,30.44499969482422,1440
2019-04-17,MOAT.MI,30.415000915527344,30.510000228881836,30.239999771118164,30.239999771118164,1292
2019-04-18,MOAT.MI,30.299999237060547,30.299999237060547,30.235000610351562,30.264999389648438,524
2019-04-23,MOAT.MI,30.420000076293945,30.71500015258789,30.364999771118164,30.71500015258789,2414
2019-04-24,MOAT.MI,30.764999389648438,30.84000015258789,30.704999923706055,30.84000015258789,1558
2019-04-25,MOAT.MI,31.0,31.0,30.764999389648438,30.94499969482422,453
2019-04-26,MOAT.MI,30.90999984741211,30.90999984741211,30.764999389648438,30.875,1947
2019-04-29,MOAT.MI,31.0049991607666,31.1200008392334,31.0049991607666,31.094999313354492,1558
2019-04-30,MOAT.MI,31.030000686645508,31.094999313354492,30.850000381469727,30.8799991607666,1803
2019-05-02,MOAT.MI,31.0,31.0,30.690000534057617,30.690000534057617,2226
2019-05-03,MOAT.MI,30.985000610351562,31.100000381469727,30.985000610351562,31.03499984741211,971
2019-05-06,MOAT.MI,31.0,31.079999923706055,30.549999237060547,30.825000762939453,2652
2019-05-07,MOAT.MI,30.889999389648438,30.889999389648438,30.399999618530273,30.440000534057617,1076
2019-05-08,MOAT.MI,30.299999237060547,30.309999465942383,30.170000076293945,30.309999465942383,1932
2019-05-09,MOAT.MI,30.165000915527344,30.165000915527344,29.639999389648438,29.639999389648438,355
2019-05-10,MOAT.MI,29.959999084472656,29.959999084472656,29.545000076293945,29.545000076293945,914
2019-05-13,MOAT.MI,29.774999618530273,29.834999084472656,29.290000915527344,29.354999542236328,990
2019-05-14,MOAT.MI,29.454999923706055,29.65999984741211,29.3799991607666,29.65999984741211,751
2019-05-15,MOAT.MI,29.709999084472656,29.975000381469727,29.649999618530273,29.78499984741211,428
2019-05-16,MOAT.MI,29.825000762939453,30.209999084472656,29.809999465942383,30.209999084472656,1033
2019-05-17,MOAT.MI,30.0,30.170000076293945,29.959999084472656,30.170000076293945,411
2019-05-20,MOAT.MI,29.969999313354492,29.969999313354492,29.725000381469727,29.725000381469727,479
2019-05-21,MOAT.MI,29.889999389648438,29.96500015258789,29.84000015258789,29.96500015258789,247
2019-05-22,MOAT.MI,30.0049991607666,30.0049991607666,29.690000534057617,29.93000030517578,868
2019-05-23,MOAT.MI,29.709999084472656,29.75,29.594999313354492,29.594999313354492,439
2019-05-24,MOAT.MI,30.0049991607666,30.0049991607666,29.450000762939453,29.450000762939453,544
2019-05-27,MOAT.MI,29.799999237060547,29.799999237060547,29.520000457763672,29.520000457763672,1625
2019-05-28,MOAT.MI,29.59000015258789,29.6200008392334,29.420000076293945,29.420000076293945,735
2019-05-29,MOAT.MI,29.149999618530273,29.149999618530273,28.989999771118164,28.989999771118164,1674
2019-05-30,MOAT.MI,29.06999969482422,29.06999969482422,29.014999389648438,29.014999389648438,3410
2019-05-31,MOAT.MI,28.899999618530273,28.899999618530273,28.764999389648438,28.764999389648438,40
2019-06-03,MOAT.MI,28.479999542236328,28.665000915527344,28.43000030517578,28.665000915527344,924
2019-06-04,MOAT.MI,28.65999984741211,28.96500015258789,28.5,28.96500015258789,872
2019-06-05,MOAT.MI,29.100000381469727,29.200000762939453,29.06999969482422,29.114999771118164,288
2019-06-06,MOAT.MI,29.40999984741211,29.415000915527344,29.25,29.25,882
2019-06-07,MOAT.MI,29.53499984741211,29.549999237060547,29.415000915527344,29.545000076293945,806
2019-06-10,MOAT.MI,29.729999542236328,29.735000610351562,29.719999313354492,29.735000610351562,325
2019-06-11,MOAT.MI,29.81999969482422,29.81999969482422,29.80500030517578,29.80500030517578,335
2019-06-12,MOAT.MI,29.75,29.75,29.59000015258789,29.635000228881836,1452
2019-06-13,MOAT.MI,29.770000457763672,30.190000534057617,29.770000457763672,29.815000534057617,1448
2019-06-14,MOAT.MI,29.8799991607666,29.90999984741211,29.8799991607666,29.90999984741211,200
2019-06-17,MOAT.MI,30.03499984741211,30.03499984741211,29.93000030517578,29.934999465942383,2193
2019-06-18,MOAT.MI,30.200000762939453,30.360000610351562,30.200000762939453,30.360000610351562,42
2019-06-19,MOAT.MI,30.290000915527344,30.329999923706055,30.274999618530273,30.274999618530273,3570
2019-06-20,MOAT.MI,30.329999923706055,30.40999984741211,30.295000076293945,30.329999923706055,4497
2019-06-21,MOAT.MI,30.350000381469727,30.46500015258789,30.260000228881836,30.34000015258789,2118
2019-06-24,MOAT.MI,30.135000228881836,30.139999389648438,29.934999465942383,29.934999465942383,3808
2019-06-25,MOAT.MI,29.799999237060547,30.020000457763672,29.799999237060547,29.989999771118164,4401
2019-06-26,MOAT.MI,29.959999084472656,30.010000228881836,29.825000762939453,29.825000762939453,3055
2019-06-27,MOAT.MI,30.56999969482422,30.56999969482422,29.799999237060547,29.875,1696
2019-06-28,MOAT.MI,30.040000915527344,30.075000762939453,30.040000915527344,30.075000762939453,1472
2019-07-01,MOAT.MI,30.614999771118164,30.614999771118164,30.4950008392334,30.4950008392334,5455
2019-07-02,MOAT.MI,30.5,30.53499984741211,30.420000076293945,30.420000076293945,264
2019-07-03,MOAT.MI,30.6299991607666,30.75,30.594999313354492,30.75,622
2019-07-04,MOAT.MI,30.75,30.75,30.75,30.75,0
2019-07-05,MOAT.MI,30.8700008392334,30.989999771118164,30.78499984741211,30.78499984741211,1066
2019-07-08,MOAT.MI,30.8700008392334,30.940000534057617,30.795000076293945,30.795000076293945,648
2019-07-09,MOAT.MI,30.610000610351562,30.700000762939453,30.28499984741211,30.700000762939453,459
2019-07-10,MOAT.MI,30.875,30.875,30.739999771118164,30.739999771118164,1358
2019-07-11,MOAT.MI,30.764999389648438,30.895000457763672,30.75,30.790000915527344,2210
2019-07-12,MOAT.MI,30.850000381469727,30.969999313354492,30.850000381469727,30.969999313354492,66
2019-07-15,MOAT.MI,31.010000228881836,31.145000457763672,31.010000228881836,31.104999542236328,340
2019-07-16,MOAT.MI,31.18000030517578,31.290000915527344,31.18000030517578,31.25,410
2019-07-17,MOAT.MI,31.25,31.25,31.059999465942383,31.059999465942383,1988
2019-07-18,MOAT.MI,30.875,31.15999984741211,30.875,31.079999923706055,351
2019-07-19,MOAT.MI,31.149999618530273,31.420000076293945,31.114999771118164,31.364999771118164,480
2019-07-22,MOAT.MI,31.799999237060547,31.799999237060547,31.19499969482422,31.19499969482422,1161
2019-07-23,MOAT.MI,31.450000762939453,31.670000076293945,31.450000762939453,31.670000076293945,698
2019-07-24,MOAT.MI,31.760000228881836,31.940000534057617,31.735000610351562,31.8799991607666,580
2019-07-25,MOAT.MI,32.06999969482422,32.07500076293945,31.899999618530273,31.985000610351562,148
2019-07-26,MOAT.MI,31.854999542236328,32.14500045776367,31.854999542236328,32.14500045776367,172
2019-07-29,MOAT.MI,32.150001525878906,32.150001525878906,32.029998779296875,32.029998779296875,489
2019-07-30,MOAT.MI,32.029998779296875,32.11000061035156,31.889999389648438,31.954999923706055,2126
2019-07-31,MOAT.MI,31.979999542236328,32.0099983215332,31.895000457763672,31.975000381469727,181
2019-08-01,MOAT.MI,31.78499984741211,32.3849983215332,31.78499984741211,32.3849983215332,930
2019-08-02,MOAT.MI,31.475000381469727,31.53499984741211,31.274999618530273,31.274999618530273,171
2019-08-05,MOAT.MI,30.799999237060547,30.860000610351562,30.3700008392334,30.3700008392334,555
2019-08-06,MOAT.MI,31.0,31.0,29.905000686645508,30.065000534057617,1243
2019-08-07,MOAT.MI,30.315000534057617,30.420000076293945,29.899999618530273,29.915000915527344,3780
2019-08-08,MOAT.MI,30.25,30.68000030517578,30.25,30.579999923706055,2629
2019-08-09,MOAT.MI,30.75,30.75,30.459999084472656,30.459999084472656,209
2019-08-12,MOAT.MI,30.905000686645508,30.905000686645508,30.270000457763672,30.270000457763672,852
2019-08-13,MOAT.MI,31.0,31.0,30.100000381469727,30.610000610351562,1054
2019-08-14,MOAT.MI,30.674999237060547,30.674999237060547,30.114999771118164,30.114999771118164,61
2019-08-16,MOAT.MI,30.325000762939453,30.565000534057617,30.325000762939453,30.565000534057617,120
2019-08-19,MOAT.MI,30.600000381469727,31.014999389648438,30.600000381469727,31.014999389648438,1405
2019-08-20,MOAT.MI,31.014999389648438,31.014999389648438,31.014999389648438,31.014999389648438,0
2019-08-21,MOAT.MI,30.950000762939453,30.979999542236328,30.889999389648438,30.979999542236328,702
2019-08-22,MOAT.MI,31.049999237060547,31.049999237060547,30.93000030517578,30.93000030517578,670
2019-08-23,MOAT.MI,31.1299991607666,31.225000381469727,30.540000915527344,30.540000915527344,2534
2019-08-26,MOAT.MI,30.5,30.5,30.315000534057617,30.3799991607666,275
2019-08-27,MOAT.MI,30.3799991607666,30.40999984741211,30.31999969482422,30.34000015258789,2661
2019-08-28,MOAT.MI,30.280000686645508,30.475000381469727,30.280000686645508,30.475000381469727,980
2019-08-29,MOAT.MI,30.670000076293945,30.920000076293945,30.670000076293945,30.920000076293945,208
2019-08-30,MOAT.MI,31.190000534057617,31.350000381469727,31.190000534057617,31.229999542236328,520
2019-09-02,MOAT.MI,31.1200008392334,31.2549991607666,31.1200008392334,31.2549991607666,163
2019-09-03,MOAT.MI,31.18000030517578,31.225000381469727,30.889999389648438,31.049999237060547,2063
2019-09-04,MOAT.MI,31.399999618530273,31.399999618530273,31.2450008392334,31.2450008392334,203
2019-09-05,MOAT.MI,31.614999771118164,31.829999923706055,31.600000381469727,31.829999923706055,863
2019-09-06,MOAT.MI,31.78499984741211,31.899999618530273,31.704999923706055,31.899999618530273,248
2019-09-09,MOAT.MI,31.8799991607666,32.029998779296875,31.8799991607666,32.029998779296875,69
2019-09-10,MOAT.MI,31.954999923706055,32.060001373291016,31.885000228881836,31.885000228881836,2603
2019-09-11,MOAT.MI,31.905000686645508,32.58000183105469,31.905000686645508,32.56999969482422,1794
2019-09-12,MOAT.MI,32.82500076293945,32.82500076293945,32.67499923706055,32.67499923706055,351
2019-09-13,MOAT.MI,32.64500045776367,32.7400016784668,32.59000015258789,32.685001373291016,867
2019-09-16,MOAT.MI,32.7400016784668,32.7400016784668,32.09000015258789,32.68000030517578,5935
2019-09-17,MOAT.MI,32.619998931884766,32.720001220703125,32.5,32.5,655
2019-09-18,MOAT.MI,32.564998626708984,32.59000015258789,32.4900016784668,32.4900016784668,5929
2019-09-19,MOAT.MI,33.0,33.0,32.560001373291016,32.755001068115234,368
2019-09-20,MOAT.MI,32.744998931884766,32.935001373291016,32.744998931884766,32.88999938964844,3096
2019-09-23,MOAT.MI,32.5,33.060001373291016,32.5,32.665000915527344,459
2019-09-24,MOAT.MI,32.79999923706055,32.845001220703125,32.52000045776367,32.52000045776367,498
2019-09-25,MOAT.MI,32.25,32.51499938964844,32.0,32.51499938964844,3200
2019-09-26,MOAT.MI,32.66999816894531,32.66999816894531,32.39500045776367,32.39500045776367,373
2019-09-27,MOAT.MI,32.54999923706055,32.630001068115234,32.54999923706055,32.58000183105469,935
2019-09-30,MOAT.MI,32.57500076293945,32.66999816894531,32.494998931884766,32.66999816894531,1052
2019-10-01,MOAT.MI,32.869998931884766,32.89500045776367,32.380001068115234,32.380001068115234,825
2019-10-02,MOAT.MI,31.975000381469727,31.975000381469727,31.549999237060547,31.549999237060547,817
2019-10-03,MOAT.MI,31.415000915527344,31.639999389648438,31.34000015258789,31.385000228881836,554
2019-10-04,MOAT.MI,31.700000762939453,31.940000534057617,31.44499969482422,31.809999465942383,593
2019-10-07,MOAT.MI,31.670000076293945,32.05500030517578,31.670000076293945,32.05500030517578,128
2019-10-08,MOAT.MI,31.959999084472656,31.959999084472656,31.6299991607666,31.6299991607666,490
2019-10-09,MOAT.MI,31.5,31.84000015258789,31.5,31.645000457763672,194
2019-10-10,MOAT.MI,31.5,32.029998779296875,31.5,32.029998779296875,408
2019-10-11,MOAT.MI,32.21500015258789,32.51499938964844,32.20000076293945,32.51499938964844,40
2019-10-14,MOAT.MI,32.400001525878906,32.400001525878906,32.349998474121094,32.3849983215332,1167
2019-10-15,MOAT.MI,32.58000183105469,32.880001068115234,32.58000183105469,32.880001068115234,116
2019-10-16,MOAT.MI,32.79999923706055,33.10499954223633,32.459999084472656,32.57500076293945,767
2019-10-17,MOAT.MI,32.41999816894531,32.53499984741211,32.099998474121094,32.404998779296875,784
2019-10-18,MOAT.MI,32.30500030517578,32.435001373291016,32.290000915527344,32.290000915527344,945
2019-10-21,MOAT.MI,32.380001068115234,32.52000045776367,32.28499984741211,32.52000045776367,266
2019-10-22,MOAT.MI,32.6349983215332,32.95500183105469,32.619998931884766,32.95500183105469,2053
2019-10-23,MOAT.MI,32.8849983215332,32.8849983215332,32.779998779296875,32.779998779296875,405
2019-10-24,MOAT.MI,32.939998626708984,33.005001068115234,32.93000030517578,33.005001068115234,275
2019-10-25,MOAT.MI,33.09000015258789,33.29999923706055,32.814998626708984,33.29999923706055,650
2019-10-28,MOAT.MI,33.439998626708984,33.525001525878906,33.34000015258789,33.5099983215332,1351
2019-10-29,MOAT.MI,33.599998474121094,33.70000076293945,33.54999923706055,33.630001068115234,4852
2019-10-30,MOAT.MI,33.66999816894531,33.66999816894531,33.459999084472656,33.459999084472656,2608
2019-10-31,MOAT.MI,33.459999084472656,33.505001068115234,33.20500183105469,33.20500183105469,1545
2019-11-01,MOAT.MI,33.53499984741211,33.66999816894531,33.400001525878906,33.66999816894531,2154
2019-11-04,MOAT.MI,33.939998626708984,34.029998779296875,33.82500076293945,33.970001220703125,3028
2019-11-05,MOAT.MI,34.154998779296875,34.29499816894531,34.084999084472656,34.21500015258789,6086
2019-11-06,MOAT.MI,34.29999923706055,34.31999969482422,34.040000915527344,34.154998779296875,3064
2019-11-07,MOAT.MI,34.415000915527344,34.415000915527344,34.21500015258789,34.36000061035156,752
2019-11-08,MOAT.MI,34.41999816894531,34.59000015258789,34.34000015258789,34.494998931884766,1431
2019-11-11,MOAT.MI,34.619998931884766,34.619998931884766,34.415000915527344,34.459999084472656,2694
2019-11-12,MOAT.MI,34.5099983215332,34.77000045776367,34.47999954223633,34.70000076293945,3618
2019-11-13,MOAT.MI,34.65999984741211,34.65999984741211,34.375,34.51499938964844,2437
2019-11-14,MOAT.MI,34.45000076293945,34.54499816894531,34.380001068115234,34.415000915527344,546
2019-11-15,MOAT.MI,34.56999969482422,34.79499816894531,34.435001373291016,34.66999816894531,1378
2019-11-18,MOAT.MI,34.79999923706055,34.904998779296875,34.56999969482422,34.56999969482422,1611
2019-11-19,MOAT.MI,34.65999984741211,34.81999969482422,34.60499954223633,34.60499954223633,2750
2019-11-20,MOAT.MI,34.67499923706055,34.67499923706055,34.56999969482422,34.6349983215332,386
2019-11-21,MOAT.MI,34.560001373291016,34.560001373291016,34.345001220703125,34.51499938964844,671
2019-11-22,MOAT.MI,34.529998779296875,34.665000915527344,34.529998779296875,34.665000915527344,1075
2019-11-25,MOAT.MI,34.70500183105469,35.154998779296875,34.70500183105469,35.125,1121
2019-11-26,MOAT.MI,35.17499923706055,35.20000076293945,35.15999984741211,35.15999984741211,386
2019-11-27,MOAT.MI,35.334999084472656,35.34000015258789,35.255001068115234,35.255001068115234,811
2019-11-28,MOAT.MI,35.349998474121094,35.349998474121094,35.27000045776367,35.334999084472656,758
2019-11-29,MOAT.MI,35.130001068115234,35.44499969482422,35.099998474121094,35.119998931884766,11516
2019-12-02,MOAT.MI,35.11000061035156,35.3849983215332,34.65999984741211,34.65999984741211,2828
2019-12-03,MOAT.MI,34.775001525878906,34.779998779296875,34.07500076293945,34.154998779296875,928
2019-12-04,MOAT.MI,34.525001525878906,34.814998626708984,34.459999084472656,34.560001373291016,1068
2019-12-05,MOAT.MI,34.435001373291016,34.584999084472656,34.349998474121094,34.4900016784668,1115
2019-12-06,MOAT.MI,34.689998626708984,35.07500076293945,34.689998626708984,35.07500076293945,4190
2019-12-09,MOAT.MI,35.01499938964844,35.01499938964844,34.88999938964844,34.974998474121094,1618
2019-12-10,MOAT.MI,34.994998931884766,34.994998931884766,34.7400016784668,34.814998626708984,1171
2019-12-11,MOAT.MI,34.935001373291016,34.935001373291016,34.790000915527344,34.83000183105469,1133
2019-12-12,MOAT.MI,34.849998474121094,35.29999923706055,34.79999923706055,35.1349983215332,5438
2019-12-13,MOAT.MI,35.47999954223633,35.47999954223633,34.93000030517578,34.994998931884766,3884
2019-12-16,MOAT.MI,35.30500030517578,35.39500045776367,35.20000076293945,35.380001068115234,6784
2019-12-17,MOAT.MI,35.470001220703125,35.470001220703125,35.209999084472656,35.209999084472656,3920
2019-12-18,MOAT.MI,35.415000915527344,35.415000915527344,35.28499984741211,35.33000183105469,2833
2019-12-19,MOAT.MI,35.34000015258789,35.349998474121094,35.275001525878906,35.29999923706055,1351
2019-12-20,MOAT.MI,35.38999938964844,35.69499969482422,35.38999938964844,35.65999984741211,717
2019-12-23,MOAT.MI,35.82500076293945,35.82500076293945,35.709999084472656,35.73500061035156,6388
2019-12-27,MOAT.MI,35.83000183105469,35.849998474121094,35.6349983215332,35.6349983215332,1241
2019-12-30,MOAT.MI,36.5,36.5,35.255001068115234,35.290000915527344,6742
2020-01-02,MOAT.MI,35.619998931884766,35.619998931884766,35.33000183105469,35.415000915527344,6328
2020-01-03,MOAT.MI,35.4900016784668,35.494998931884766,35.33000183105469,35.42499923706055,1250
2020-01-06,MOAT.MI,35.4900016784668,35.4900016784668,35.150001525878906,35.30500030517578,3128
2020-01-07,MOAT.MI,35.6349983215332,35.68000030517578,35.51499938964844,35.66999816894531,3721
2020-01-08,MOAT.MI,35.724998474121094,35.790000915527344,35.650001525878906,35.790000915527344,2135
2020-01-09,MOAT.MI,36.0099983215332,36.09000015258789,35.95500183105469,36.060001373291016,1758
2020-01-10,MOAT.MI,36.25,36.25,35.9900016784668,35.9900016784668,5230
2020-01-13,MOAT.MI,36.0,36.06999969482422,35.93000030517578,35.974998474121094,7208
2020-01-14,MOAT.MI,36.025001525878906,36.16999816894531,35.939998626708984,36.040000915527344,3063
2020-01-15,MOAT.MI,36.099998474121094,36.099998474121094,35.97999954223633,36.02000045776367,3332
2020-01-16,MOAT.MI,36.25,36.25,35.9900016784668,36.18000030517578,1146
2020-01-17,MOAT.MI,36.36000061035156,36.525001525878906,36.16999816894531,36.415000915527344,2042
2020-01-20,MOAT.MI,36.470001220703125,36.470001220703125,36.310001373291016,36.404998779296875,444
2020-01-21,MOAT.MI,36.400001525878906,36.400001525878906,36.220001220703125,36.35499954223633,2830
2020-01-22,MOAT.MI,36.400001525878906,36.560001373291016,36.400001525878906,36.42499923706055,1562
2020-01-23,MOAT.MI,36.439998626708984,36.439998626708984,36.2400016784668,36.275001525878906,2005
2020-01-24,MOAT.MI,36.66999816894531,36.66999816894531,36.29999923706055,36.29999923706055,2623
2020-01-27,MOAT.MI,35.875,35.875,35.529998779296875,35.584999084472656,8786
2020-01-28,MOAT.MI,35.72999954223633,35.94499969482422,35.63999938964844,35.93000030517578,977
2020-01-29,MOAT.MI,36.08000183105469,36.08000183105469,35.915000915527344,36.005001068115234,1472
2020-01-30,MOAT.MI,35.369998931884766,35.69499969482422,35.3650016784668,35.654998779296875,1800
2020-01-31,MOAT.MI,35.900001525878906,35.904998779296875,35.130001068115234,35.130001068115234,2806
2020-02-03,MOAT.MI,35.47999954223633,35.63999938964844,35.26499938964844,35.47999954223633,2746
2020-02-04,MOAT.MI,35.814998626708984,36.22999954223633,35.814998626708984,36.22999954223633,1629
2020-02-05,MOAT.MI,36.400001525878906,36.599998474121094,36.400001525878906,36.52000045776367,1091
2020-02-06,MOAT.MI,36.790000915527344,36.9900016784668,36.790000915527344,36.8650016784668,3354
2020-02-07,MOAT.MI,37.03499984741211,37.03499984741211,36.66999816894531,36.81999969482422,1701
2020-02-10,MOAT.MI,36.755001068115234,36.8650016784668,36.63999938964844,36.8650016784668,3256
2020-02-11,MOAT.MI,37.06999969482422,37.314998626708984,37.06999969482422,37.220001220703125,2080
2020-02-12,MOAT.MI,37.435001373291016,37.435001373291016,37.279998779296875,37.349998474121094,1835
2020-02-13,MOAT.MI,37.45500183105469,37.48500061035156,37.17499923706055,37.474998474121094,4091
2020-02-14,MOAT.MI,37.54999923706055,37.625,37.45000076293945,37.494998931884766,2760
2020-02-17,MOAT.MI,37.82500076293945,37.82500076293945,37.60499954223633,37.709999084472656,2314
2020-02-18,MOAT.MI,37.540000915527344,37.665000915527344,37.32500076293945,37.32500076293945,1226
2020-02-19,MOAT.MI,37.630001068115234,37.82500076293945,37.59000015258789,37.744998931884766,3285
2020-02-20,MOAT.MI,37.54999923706055,37.76499938964844,37.3849983215332,37.3849983215332,1000
2020-02-21,MOAT.MI,37.314998626708984,37.415000915527344,36.97999954223633,37.099998474121094,723
2020-02-24,MOAT.MI,36.9900016784668,36.9900016784668,36.09000015258789,36.1150016784668,17866
2020-02-25,MOAT.MI,36.09000015258789,36.14500045776367,35.30500030517578,35.40999984741211,6037
2020-02-26,MOAT.MI,34.970001220703125,35.29999923706055,34.470001220703125,35.29999923706055,6397
2020-02-27,MOAT.MI,34.60499954223633,34.60499954223633,33.244998931884766,33.814998626708984,9890
2020-02-28,MOAT.MI,33.244998931884766,33.244998931884766,31.864999771118164,32.26499938964844,11752
2020-03-02,MOAT.MI,32.88999938964844,33.334999084472656,32.099998474121094,32.814998626708984,10143
2020-03-03,MOAT.MI,33.53499984741211,33.81999969482422,32.96500015258789,32.96500015258789,3911
2020-03-04,MOAT.MI,33.65999984741211,33.65999984741211,33.0,33.275001525878906,3385
2020-03-05,MOAT.MI,33.5099983215332,33.5099983215332,32.66999816894531,33.119998931884766,2518
2020-03-06,MOAT.MI,32.01499938964844,32.01499938964844,30.94499969482422,31.30500030517578,7958
2020-03-09,MOAT.MI,32.0,32.6349983215332,29.0,29.454999923706055,4389
2020-03-10,MOAT.MI,29.684999465942383,30.375,28.594999313354492,29.065000534057617,14213
2020-03-11,MOAT.MI,29.084999084472656,29.71500015258789,29.084999084472656,29.334999084472656,2208
2020-03-12,MOAT.MI,29.700000762939453,29.700000762939453,26.770000457763672,27.204999923706055,15975
2020-03-13,MOAT.MI,27.825000762939453,28.325000762939453,26.809999465942383,27.040000915527344,11167
2020-03-16,MOAT.MI,26.0,27.729999542236328,25.299999237060547,27.729999542236328,2960
2020-03-17,MOAT.MI,26.454999923706055,27.790000915527344,25.760000228881836,27.485000610351562,6732
2020-03-18,MOAT.MI,26.40999984741211,26.94499969482422,26.40999984741211,26.415000915527344,832
2020-03-19,MOAT.MI,26.94499969482422,27.639999389648438,26.520000457763672,27.5,7146
2020-03-20,MOAT.MI,27.834999084472656,28.899999618530273,27.100000381469727,27.229999542236328,15855
2020-03-23,MOAT.MI,25.770000457763672,26.385000228881836,25.0049991607666,25.469999313354492,5262
2020-03-24,MOAT.MI,26.0,27.475000381469727,26.0,27.475000381469727,5219
2020-03-25,MOAT.MI,28.0,28.270000457763672,27.344999313354492,28.270000457763672,6121
2020-03-26,MOAT.MI,27.6299991607666,28.885000228881836,26.885000228881836,28.790000915527344,3743
2020-03-27,MOAT.MI,28.889999389648438,28.895000457763672,27.75,27.80500030517578,5612
2020-03-30,MOAT.MI,27.34000015258789,28.645000457763672,27.34000015258789,28.565000534057617,7034
2020-03-31,MOAT.MI,28.969999313354492,29.155000686645508,28.649999618530273,29.139999389648438,50169
2020-04-01,MOAT.MI,28.334999084472656,28.334999084472656,27.565000534057617,27.860000610351562,5591
2020-04-02,MOAT.MI,28.045000076293945,28.09000015258789,27.5,28.084999084472656,1241
2020-04-03,MOAT.MI,28.219999313354492,28.399999618530273,27.65999984741211,27.65999984741211,1752
2020-04-06,MOAT.MI,29.014999389648438,29.579999923706055,29.014999389648438,29.18000030517578,883
2020-04-07,MOAT.MI,30.239999771118164,30.459999084472656,30.03499984741211,30.065000534057617,6051
2020-04-08,MOAT.MI,29.709999084472656,30.30500030517578,29.329999923706055,30.204999923706055,54593
2020-04-09,MOAT.MI,31.0049991607666,31.334999084472656,30.475000381469727,31.139999389648438,12504
2020-04-14,MOAT.MI,31.5,31.84000015258789,30.850000381469727,30.959999084472656,4985
2020-04-15,MOAT.MI,31.309999465942383,31.309999465942383,30.415000915527344,30.415000915527344,528
2020-04-16,MOAT.MI,31.09000015258789,31.09000015258789,30.5049991607666,30.81999969482422,2020
2020-04-17,MOAT.MI,31.350000381469727,32.005001068115234,31.350000381469727,31.395000457763672,14678
2020-04-20,MOAT.MI,31.899999618530273,31.899999618530273,31.135000228881836,31.795000076293945,1424
2020-04-21,MOAT.MI,31.354999542236328,31.354999542236328,30.3700008392334,30.3700008392334,4729
2020-04-22,MOAT.MI,30.799999237060547,31.110000610351562,30.739999771118164,30.979999542236328,5538
2020-04-23,MOAT.MI,31.184999465942383,31.649999618530273,31.184999465942383,31.649999618530273,211
2020-04-24,MOAT.MI,31.040000915527344,31.450000762939453,31.040000915527344,31.274999618530273,1717
2020-04-27,MOAT.MI,31.860000610351562,32.09000015258789,31.725000381469727,32.09000015258789,7020
2020-04-28,MOAT.MI,32.314998626708984,32.7400016784668,32.279998779296875,32.43000030517578,1593
2020-04-29,MOAT.MI,32.650001525878906,33.38999938964844,32.540000915527344,33.38999938964844,5570
2020-04-30,MOAT.MI,33.6349983215332,33.67499923706055,32.98500061035156,32.98500061035156,16523
2020-05-04,MOAT.MI,31.385000228881836,31.450000762939453,31.1299991607666,31.31999969482422,4504
2020-05-05,MOAT.MI,31.915000915527344,32.42499923706055,31.915000915527344,32.42499923706055,5773
2020-05-06,MOAT.MI,32.44499969482422,32.44499969482422,32.13999938964844,32.13999938964844,969
2020-05-07,MOAT.MI,32.33000183105469,32.625,32.33000183105469,32.54999923706055,4639
2020-05-08,MOAT.MI,32.560001373291016,32.73500061035156,32.529998779296875,32.625,3860
2020-05-11,MOAT.MI,32.779998779296875,33.06999969482422,32.51499938964844,32.69499969482422,3038
2020-05-12,MOAT.MI,32.75,32.75,32.45000076293945,32.53499984741211,2874
2020-05-13,MOAT.MI,32.04999923706055,32.04999923706055,31.389999389648438,31.389999389648438,1822
2020-05-14,MOAT.MI,31.25,31.274999618530273,30.934999465942383,31.21500015258789,2297
2020-05-15,MOAT.MI,31.989999771118164,32.0,31.510000228881836,31.6299991607666,3710
2020-05-18,MOAT.MI,32.869998931884766,32.869998931884766,32.07500076293945,32.755001068115234,2431
2020-05-19,MOAT.MI,32.86000061035156,32.86000061035156,32.43000030517578,32.78499984741211,36484
2020-05-20,MOAT.MI,32.56999969482422,32.98500061035156,32.56999969482422,32.98500061035156,1866
2020-05-21,MOAT.MI,32.849998474121094,32.849998474121094,32.65999984741211,32.65999984741211,460
2020-05-22,MOAT.MI,32.5,32.81999969482422,32.5,32.75,2062
2020-05-25,MOAT.MI,33.314998626708984,33.52000045776367,33.314998626708984,33.505001068115234,4214
2020-05-26,MOAT.MI,33.650001525878906,33.650001525878906,33.52000045776367,33.56999969482422,651
2020-05-27,MOAT.MI,33.84000015258789,33.84000015258789,33.5,33.560001373291016,1086
2020-05-28,MOAT.MI,34.0,34.32500076293945,34.0,34.040000915527344,2616
2020-05-29,MOAT.MI,33.75,33.75,33.2400016784668,33.2400016784668,3789
2020-06-01,MOAT.MI,33.540000915527344,33.779998779296875,33.540000915527344,33.584999084472656,498
2020-06-02,MOAT.MI,33.650001525878906,33.81999969482422,33.599998474121094,33.599998474121094,758
2020-06-03,MOAT.MI,33.68000030517578,34.345001220703125,33.68000030517578,34.345001220703125,1160
2020-06-04,MOAT.MI,34.44499969482422,34.470001220703125,34.119998931884766,34.119998931884766,5653
2020-06-05,MOAT.MI,34.470001220703125,35.6150016784668,34.470001220703125,35.6150016784668,2715
2020-06-08,MOAT.MI,35.494998931884766,35.84000015258789,35.494998931884766,35.77000045776367,12434
2020-06-09,MOAT.MI,35.775001525878906,35.834999084472656,35.279998779296875,35.36000061035156,2493
2020-06-10,MOAT.MI,35.45000076293945,35.52000045776367,34.98500061035156,35.07500076293945,19139
2020-06-11,MOAT.MI,34.01499938964844,34.255001068115234,33.33000183105469,33.33000183105469,4913
2020-06-12,MOAT.MI,33.189998626708984,33.845001220703125,32.900001525878906,33.1150016784668,34943
2020-06-15,MOAT.MI,32.650001525878906,33.0,32.369998931884766,33.0,5583
2020-06-16,MOAT.MI,33.94499969482422,34.904998779296875,33.834999084472656,34.22999954223633,9213
2020-06-17,MOAT.MI,34.474998474121094,34.6150016784668,34.209999084472656,34.220001220703125,4437
2020-06-18,MOAT.MI,34.224998474121094,34.25,33.8650016784668,34.1349983215332,8512
2020-06-19,MOAT.MI,34.47999954223633,34.505001068115234,34.31999969482422,34.43000030517578,1958
2020-06-22,MOAT.MI,34.209999084472656,34.209999084472656,33.775001525878906,33.845001220703125,7735
2020-06-23,MOAT.MI,34.08000183105469,34.40999984741211,33.76499938964844,33.88999938964844,12870
2020-06-24,MOAT.MI,33.744998931884766,33.744998931884766,32.935001373291016,32.935001373291016,3603
2020-06-25,MOAT.MI,32.54999923706055,33.0099983215332,32.54999923706055,32.8650016784668,10018
2020-06-26,MOAT.MI,33.11000061035156,33.209999084472656,32.54999923706055,32.56999969482422,2304
2020-06-29,MOAT.MI,32.70500183105469,32.84000015258789,32.470001220703125,32.84000015258789,3683
2020-06-30,MOAT.MI,32.974998474121094,33.125,32.93000030517578,33.1150016784668,1857
2020-07-01,MOAT.MI,33.244998931884766,33.64500045776367,33.19499969482422,33.23500061035156,8091
2020-07-02,MOAT.MI,33.44499969482422,33.869998931884766,33.44499969482422,33.67499923706055,4611
2020-07-03,MOAT.MI,33.72999954223633,33.72999954223633,33.41999816894531,33.41999816894531,2834
2020-07-06,MOAT.MI,33.97999954223633,34.0,33.75,33.75,948
2020-07-07,MOAT.MI,33.61000061035156,33.665000915527344,33.4900016784668,33.665000915527344,921
2020-07-08,MOAT.MI,33.44499969482422,33.505001068115234,33.099998474121094,33.10499954223633,4935
2020-07-09,MOAT.MI,33.04499816894531,33.3849983215332,32.78499984741211,32.81999969482422,958
2020-07-10,MOAT.MI,32.834999084472656,33.279998779296875,32.834999084472656,33.279998779296875,1227
2020-07-13,MOAT.MI,33.619998931884766,33.80500030517578,33.619998931884766,33.70500183105469,2805
2020-07-14,MOAT.MI,32.94499969482422,33.15999984741211,32.94499969482422,33.13999938964844,2903
2020-07-15,MOAT.MI,33.53499984741211,33.85499954223633,33.439998626708984,33.834999084472656,6958
2020-07-16,MOAT.MI,34.125,34.125,33.72999954223633,33.7599983215332,5097
2020-07-17,MOAT.MI,33.65999984741211,33.80500030517578,33.65999984741211,33.665000915527344,1951
2020-07-20,MOAT.MI,33.599998474121094,33.599998474121094,33.41999816894531,33.540000915527344,2464
2020-07-21,MOAT.MI,33.904998779296875,33.939998626708984,33.79999923706055,33.939998626708984,473
2020-07-22,MOAT.MI,33.88999938964844,33.88999938964844,33.380001068115234,33.61000061035156,7157
2020-07-23,MOAT.MI,33.849998474121094,33.85499954223633,33.70500183105469,33.744998931884766,907
2020-07-24,MOAT.MI,33.22999954223633,33.380001068115234,33.07500076293945,33.07500076293945,5933
2020-07-27,MOAT.MI,33.0,33.0,32.68000030517578,32.68000030517578,6400
2020-07-28,MOAT.MI,32.900001525878906,33.025001525878906,32.845001220703125,33.025001525878906,934
2020-07-29,MOAT.MI,32.8849983215332,32.95000076293945,32.845001220703125,32.845001220703125,606
2020-07-30,MOAT.MI,32.80500030517578,32.89500045776367,32.47999954223633,32.654998779296875,21109
2020-07-31,MOAT.MI,32.375,32.58000183105469,32.32500076293945,32.32500076293945,840
2020-08-03,MOAT.MI,32.625,32.95500183105469,32.625,32.95500183105469,1346
2020-08-04,MOAT.MI,33.125,33.125,32.71500015258789,32.900001525878906,3511
2020-08-05,MOAT.MI,32.869998931884766,32.869998931884766,32.650001525878906,32.775001525878906,681
2020-08-06,MOAT.MI,32.65999984741211,32.92499923706055,32.65999984741211,32.79999923706055,518
2020-08-07,MOAT.MI,32.88999938964844,33.1150016784668,32.88999938964844,33.1150016784668,153
2020-08-10,MOAT.MI,33.459999084472656,33.540000915527344,33.439998626708984,33.540000915527344,691
2020-08-11,MOAT.MI,33.90999984741211,33.974998474121094,33.8650016784668,33.974998474121094,594
2020-08-12,MOAT.MI,33.974998474121094,33.974998474121094,33.724998474121094,33.724998474121094,90
2020-08-13,MOAT.MI,33.599998474121094,33.685001373291016,33.599998474121094,33.619998931884766,70
2020-08-14,MOAT.MI,33.619998931884766,33.619998931884766,33.619998931884766,33.619998931884766,0
2020-08-17,MOAT.MI,33.540000915527344,33.78499984741211,33.48500061035156,33.53499984741211,348
2020-08-18,MOAT.MI,33.46500015258789,33.46500015258789,33.40999984741211,33.41999816894531,134
2020-08-19,MOAT.MI,33.39500045776367,33.529998779296875,33.29999923706055,33.529998779296875,2708
2020-08-20,MOAT.MI,33.4900016784668,33.4900016784668,33.31999969482422,33.31999969482422,656
2020-08-21,MOAT.MI,33.38999938964844,33.5,33.349998474121094,33.400001525878906,700
2020-08-24,MOAT.MI,33.560001373291016,33.814998626708984,33.47999954223633,33.814998626708984,1732
2020-08-25,MOAT.MI,34.0,34.01499938964844,33.79499816894531,33.84000015258789,3531
2020-08-26,MOAT.MI,33.994998931884766,34.20000076293945,33.994998931884766,34.10499954223633,1490
2020-08-27,MOAT.MI,34.09000015258789,34.525001525878906,34.06999969482422,34.5,6330
2020-08-28,MOAT.MI,34.29999923706055,34.39500045776367,34.21500015258789,34.2599983215332,644
2020-08-31,MOAT.MI,34.53499984741211,34.53499984741211,34.04999923706055,34.064998626708984,391
2020-09-01,MOAT.MI,34.119998931884766,34.119998931884766,33.82500076293945,34.10499954223633,3933
2020-09-02,MOAT.MI,34.29499816894531,34.935001373291016,34.29499816894531,34.900001525878906,1168
2020-09-03,MOAT.MI,35.08000183105469,35.29999923706055,34.48500061035156,34.48500061035156,6329
2020-09-04,MOAT.MI,34.599998474121094,34.70000076293945,33.845001220703125,33.845001220703125,4643
2020-09-07,MOAT.MI,33.845001220703125,34.435001373291016,33.845001220703125,34.435001373291016,1288
2020-09-08,MOAT.MI,34.44499969482422,34.44499969482422,33.56999969482422,33.595001220703125,3112
2020-09-09,MOAT.MI,33.599998474121094,33.64500045776367,33.415000915527344,33.59000015258789,3639
2020-09-10,MOAT.MI,33.45000076293945,33.560001373291016,33.435001373291016,33.560001373291016,912
2020-09-11,MOAT.MI,33.33000183105469,33.470001220703125,33.18000030517578,33.40999984741211,4938
2020-09-14,MOAT.MI,33.599998474121094,33.70000076293945,33.439998626708984,33.70000076293945,1106
2020-09-15,MOAT.MI,33.755001068115234,33.97999954223633,33.72999954223633,33.8650016784668,3473
2020-09-16,MOAT.MI,34.0,34.095001220703125,33.83000183105469,34.095001220703125,901
2020-09-17,MOAT.MI,33.720001220703125,33.77000045776367,33.46500015258789,33.69499969482422,754
2020-09-18,MOAT.MI,33.45000076293945,33.584999084472656,33.439998626708984,33.439998626708984,554
2020-09-21,MOAT.MI,33.36000061035156,33.36000061035156,32.58000183105469,32.584999084472656,3067
2020-09-22,MOAT.MI,32.84000015258789,33.060001373291016,32.84000015258789,32.91999816894531,2443
2020-09-23,MOAT.MI,32.91999816894531,32.91999816894531,32.91999816894531,32.91999816894531,0
2020-09-24,MOAT.MI,32.834999084472656,32.834999084472656,32.5,32.51499938964844,6173
2020-09-25,MOAT.MI,32.599998474121094,32.88999938964844,32.470001220703125,32.88999938964844,6193
2020-09-28,MOAT.MI,33.13999938964844,33.685001373291016,33.13999938964844,33.68000030517578,1054
2020-09-29,MOAT.MI,33.51499938964844,33.58000183105469,33.2400016784668,33.2400016784668,2697
2020-09-30,MOAT.MI,33.02000045776367,33.56999969482422,33.02000045776367,33.494998931884766,4007
2020-10-01,MOAT.MI,33.619998931884766,33.68000030517578,33.435001373291016,33.435001373291016,1027
2020-10-02,MOAT.MI,33.125,33.5,33.0,33.5,1425
2020-10-05,MOAT.MI,33.54999923706055,33.76499938964844,33.525001525878906,33.76499938964844,2348
2020-10-06,MOAT.MI,33.72999954223633,33.91999816894531,33.665000915527344,33.90999984741211,4083
2020-10-07,MOAT.MI,33.959999084472656,34.09000015258789,33.720001220703125,34.05500030517578,724
2020-10-08,MOAT.MI,34.13999938964844,34.665000915527344,34.13999938964844,34.494998931884766,5786
2020-10-09,MOAT.MI,34.76499938964844,34.76499938964844,34.70500183105469,34.70500183105469,799
2020-10-12,MOAT.MI,34.834999084472656,35.02000045776367,34.72999954223633,35.02000045776367,714
2020-10-13,MOAT.MI,34.94499969482422,35.03499984741211,34.94499969482422,34.970001220703125,743
2020-10-14,MOAT.MI,34.95500183105469,35.02000045776367,34.7599983215332,34.7599983215332,875
2020-10-15,MOAT.MI,34.40999984741211,34.58000183105469,34.27000045776367,34.54999923706055,15068
2020-10-16,MOAT.MI,34.834999084472656,35.06999969482422,34.834999084472656,35.025001525878906,2295
2020-10-19,MOAT.MI,35.0,35.0,34.599998474121094,34.60499954223633,2123
2020-10-20,MOAT.MI,34.439998626708984,34.439998626708984,34.224998474121094,34.224998474121094,500
2020-10-21,MOAT.MI,34.099998474121094,34.099998474121094,33.880001068115234,33.880001068115234,2587
2020-10-22,MOAT.MI,33.92499923706055,34.005001068115234,33.599998474121094,34.005001068115234,892
2020-10-23,MOAT.MI,34.44499969482422,34.44499969482422,34.11000061035156,34.11000061035156,360
2020-10-26,MOAT.MI,33.8849983215332,33.8849983215332,33.35499954223633,33.35499954223633,1834
2020-10-27,MOAT.MI,33.52000045776367,33.57500076293945,33.38999938964844,33.404998779296875,6999
2020-10-28,MOAT.MI,33.0,33.0,32.5,32.650001525878906,991
2020-10-29,MOAT.MI,32.48500061035156,32.68000030517578,32.415000915527344,32.584999084472656,379
2020-10-30,MOAT.MI,32.375,32.654998779296875,32.220001220703125,32.51499938964844,2623
2020-11-02,MOAT.MI,32.96500015258789,33.2599983215332,32.96500015258789,33.119998931884766,1126
2020-11-03,MOAT.MI,33.2599983215332,33.494998931884766,33.2599983215332,33.494998931884766,555
2020-11-04,MOAT.MI,33.5,34.314998626708984,33.5,34.314998626708984,4325
2020-11-05,MOAT.MI,34.20500183105469,34.314998626708984,34.095001220703125,34.244998931884766,11757
2020-11-06,MOAT.MI,34.2400016784668,34.2400016784668,34.01499938964844,34.040000915527344,972
2020-11-09,MOAT.MI,34.310001373291016,36.0,34.255001068115234,35.6150016784668,11554
2020-11-10,MOAT.MI,35.255001068115234,35.72999954223633,35.255001068115234,35.529998779296875,10207
2020-11-11,MOAT.MI,35.935001373291016,36.20000076293945,35.7400016784668,35.81999969482422,4433
2020-11-12,MOAT.MI,35.32500076293945,35.33000183105469,35.255001068115234,35.30500030517578,526
2020-11-13,MOAT.MI,35.30500030517578,35.45500183105469,35.279998779296875,35.45500183105469,571
2020-11-16,MOAT.MI,35.869998931884766,36.224998474121094,35.869998931884766,36.224998474121094,1798
2020-11-17,MOAT.MI,36.05500030517578,36.224998474121094,35.869998931884766,36.224998474121094,2092
2020-11-18,MOAT.MI,36.1349983215332,36.57500076293945,36.1349983215332,36.46500015258789,5908
2020-11-19,MOAT.MI,36.25,36.25,35.79999923706055,36.029998779296875,5330
2020-11-20,MOAT.MI,36.025001525878906,36.185001373291016,36.025001525878906,36.125,5959
2020-11-23,MOAT.MI,36.349998474121094,36.46500015258789,36.02000045776367,36.45000076293945,6555
2020-11-24,MOAT.MI,36.79999923706055,37.10499954223633,36.13999938964844,37.10499954223633,10823
2020-11-25,MOAT.MI,37.29999923706055,37.29999923706055,36.869998931884766,36.95500183105469,3943
2020-11-26,MOAT.MI,36.7599983215332,37.03499984741211,36.7599983215332,37.0099983215332,676
2020-11-27,MOAT.MI,36.81999969482422,37.040000915527344,36.81999969482422,36.900001525878906,1673
2020-11-30,MOAT.MI,36.595001220703125,36.775001525878906,36.595001220703125,36.61000061035156,2680
2020-12-01,MOAT.MI,36.70000076293945,37.0,36.70000076293945,36.79499816894531,1146
2020-12-02,MOAT.MI,36.67499923706055,36.67499923706055,36.33000183105469,36.53499984741211,2299
2020-12-03,MOAT.MI,36.54499816894531,36.70500183105469,36.45500183105469,36.70500183105469,2030
2020-12-04,MOAT.MI,36.599998474121094,37.084999084472656,36.599998474121094,37.040000915527344,598
2020-12-07,MOAT.MI,36.93000030517578,37.150001525878906,36.93000030517578,37.0,14133
2020-12-08,MOAT.MI,36.89500045776367,37.2400016784668,36.89500045776367,37.2400016784668,899
2020-12-09,MOAT.MI,37.369998931884766,37.369998931884766,37.23500061035156,37.23500061035156,5921
2020-12-10,MOAT.MI,37.040000915527344,37.119998931884766,36.849998474121094,36.95500183105469,5619
2020-12-11,MOAT.MI,36.584999084472656,36.8849983215332,36.584999084472656,36.78499984741211,1621
2020-12-14,MOAT.MI,36.7400016784668,37.1349983215332,36.7400016784668,36.91999816894531,1054
2020-12-15,MOAT.MI,36.70000076293945,37.04499816894531,36.70000076293945,36.73500061035156,1444
2020-12-16,MOAT.MI,36.915000915527344,36.97999954223633,36.849998474121094,36.939998626708984,1251
2020-12-17,MOAT.MI,36.95000076293945,36.95000076293945,36.70500183105469,36.72999954223633,8972
2020-12-18,MOAT.MI,36.76499938964844,36.76499938964844,36.60499954223633,36.60499954223633,725
2020-12-21,MOAT.MI,36.529998779296875,36.529998779296875,35.80500030517578,36.08000183105469,1585
2020-12-22,MOAT.MI,36.25,36.46500015258789,36.25,36.45000076293945,112
2020-12-23,MOAT.MI,36.5,36.70000076293945,36.35499954223633,36.65999984741211,2866
2020-12-28,MOAT.MI,36.900001525878906,36.900001525878906,36.68000030517578,36.68000030517578,2594
2020-12-29,MOAT.MI,36.68000030517578,36.68000030517578,36.68000030517578,36.68000030517578,0
2020-12-30,MOAT.MI,36.47999954223633,36.51499938964844,36.47999954223633,36.51499938964844,584
2021-01-04,MOAT.MI,37.0,37.084999084472656,36.15999984741211,36.21500015258789,3878
2021-01-05,MOAT.MI,36.314998626708984,36.4900016784668,36.165000915527344,36.415000915527344,2774
2021-01-06,MOAT.MI,36.44499969482422,37.459999084472656,36.35499954223633,37.415000915527344,3592
2021-01-07,MOAT.MI,37.5,38.36000061035156,37.5,37.88999938964844,7291
2021-01-08,MOAT.MI,38.06999969482422,38.084999084472656,37.80500030517578,37.82500076293945,3941
2021-01-11,MOAT.MI,37.95500183105469,38.28499984741211,37.584999084472656,38.28499984741211,3630
2021-01-12,MOAT.MI,38.5,38.60499954223633,38.32500076293945,38.459999084472656,9947
2021-01-13,MOAT.MI,38.459999084472656,38.459999084472656,38.31999969482422,38.375,11085
2021-01-14,MOAT.MI,38.60499954223633,38.90999984741211,38.54999923706055,38.85499954223633,3583
2021-01-15,MOAT.MI,38.79499816894531,38.79499816894531,38.369998931884766,38.470001220703125,2085
2021-01-18,MOAT.MI,38.474998474121094,38.61000061035156,38.45500183105469,38.55500030517578,1280
2021-01-19,MOAT.MI,38.67499923706055,38.69499969482422,38.584999084472656,38.67499923706055,6780
2021-01-20,MOAT.MI,38.65999984741211,39.525001525878906,38.63999938964844,38.810001373291016,3270
2021-01-21,MOAT.MI,38.915000915527344,38.915000915527344,38.5,38.540000915527344,731
2021-01-22,MOAT.MI,38.130001068115234,38.30500030517578,38.099998474121094,38.23500061035156,3633
2021-01-25,MOAT.MI,38.27000045776367,38.35499954223633,37.974998474121094,37.974998474121094,1324
2021-01-26,MOAT.MI,38.150001525878906,38.369998931884766,38.0,38.029998779296875,3804
2021-01-27,MOAT.MI,37.834999084472656,37.834999084472656,37.415000915527344,37.560001373291016,1808
2021-01-28,MOAT.MI,37.400001525878906,37.564998626708984,36.994998931884766,37.54499816894531,4034
2021-01-29,MOAT.MI,37.099998474121094,37.44499969482422,37.099998474121094,37.20500183105469,6867
2021-02-01,MOAT.MI,37.27000045776367,37.39500045776367,37.099998474121094,37.26499938964844,4246
2021-02-02,MOAT.MI,37.915000915527344,38.29999923706055,37.85499954223633,38.29999923706055,1861
2021-02-03,MOAT.MI,38.3849983215332,38.3849983215332,38.244998931884766,38.244998931884766,713
2021-02-04,MOAT.MI,38.45000076293945,38.94499969482422,38.45000076293945,38.94499969482422,2210
2021-02-05,MOAT.MI,39.150001525878906,39.28499984741211,39.1150016784668,39.154998779296875,5789
2021-02-08,MOAT.MI,39.279998779296875,39.369998931884766,39.21500015258789,39.27000045776367,1244
2021-02-09,MOAT.MI,39.64500045776367,39.64500045776367,39.220001220703125,39.334999084472656,1962
2021-02-10,MOAT.MI,39.33000183105469,39.78499984741211,39.224998474121094,39.3849983215332,589
2021-02-11,MOAT.MI,39.48500061035156,39.59000015258789,39.45000076293945,39.59000015258789,1223
2021-02-12,MOAT.MI,39.75,39.974998474121094,39.4900016784668,39.79499816894531,7850
2021-02-15,MOAT.MI,40.0,40.1150016784668,39.98500061035156,40.07500076293945,5218
2021-02-16,MOAT.MI,40.29499816894531,40.29499816894531,39.939998626708984,40.064998626708984,3048
2021-02-17,MOAT.MI,40.01499938964844,40.23500061035156,40.01499938964844,40.130001068115234,5939
2021-02-18,MOAT.MI,40.20000076293945,40.20000076293945,39.81999969482422,39.81999969482422,2281
2021-02-19,MOAT.MI,39.83000183105469,40.189998626708984,39.80500030517578,40.15999984741211,1174
2021-02-22,MOAT.MI,40.060001373291016,40.060001373291016,39.744998931884766,39.939998626708984,1183
2021-02-23,MOAT.MI,40.04999923706055,40.04999923706055,39.494998931884766,39.685001373291016,2990
2021-02-24,MOAT.MI,39.86000061035156,40.369998931884766,39.86000061035156,40.369998931884766,2946
2021-02-25,MOAT.MI,40.494998931884766,40.494998931884766,40.04999923706055,40.04999923706055,3582
2021-02-26,MOAT.MI,39.47999954223633,39.904998779296875,39.0,39.369998931884766,1909
2021-03-01,MOAT.MI,39.88999938964844,40.380001068115234,39.75,40.209999084472656,6304
2021-03-02,MOAT.MI,40.2400016784668,40.28499984741211,40.005001068115234,40.005001068115234,3099
2021-03-03,MOAT.MI,40.14500045776367,40.189998626708984,39.959999084472656,40.17499923706055,2650
2021-03-04,MOAT.MI,40.04499816894531,40.04499816894531,39.70000076293945,39.80500030517578,1445
2021-03-05,MOAT.MI,39.79999923706055,40.400001525878906,39.560001373291016,39.560001373291016,3984
2021-03-08,MOAT.MI,40.3849983215332,41.3650016784668,40.3849983215332,41.3650016784668,2506
2021-03-09,MOAT.MI,41.0,41.28499984741211,40.939998626708984,41.25,2077
2021-03-10,MOAT.MI,41.0,41.345001220703125,40.8849983215332,41.29999923706055,967
2021-03-11,MOAT.MI,41.5099983215332,41.630001068115234,41.41999816894531,41.564998626708984,4928
2021-03-12,MOAT.MI,41.61000061035156,41.70500183105469,41.3849983215332,41.54499816894531,6486
2021-03-15,MOAT.MI,42.025001525878906,42.040000915527344,41.5099983215332,41.529998779296875,4505
2021-03-16,MOAT.MI,41.599998474121094,41.93000030517578,41.599998474121094,41.83000183105469,2810
2021-03-17,MOAT.MI,41.880001068115234,41.970001220703125,41.625,41.904998779296875,1100
2021-03-18,MOAT.MI,41.900001525878906,42.35499954223633,41.77000045776367,42.279998779296875,12170
2021-03-19,MOAT.MI,42.0,42.0,41.505001068115234,41.88999938964844,5524
2021-03-22,MOAT.MI,41.834999084472656,41.8849983215332,41.67499923706055,41.810001373291016,6617
2021-03-23,MOAT.MI,41.94499969482422,42.005001068115234,41.82500076293945,41.96500015258789,3621
2021-03-24,MOAT.MI,41.915000915527344,42.16999816894531,41.900001525878906,42.040000915527344,14163
2021-03-25,MOAT.MI,42.0,42.0,41.45000076293945,41.88999938964844,2341
2021-03-26,MOAT.MI,42.099998474121094,42.400001525878906,42.099998474121094,42.3650016784668,29564
2021-03-29,MOAT.MI,42.84000015258789,42.84000015258789,42.595001220703125,42.7599983215332,23320
2021-03-30,MOAT.MI,43.07500076293945,43.1150016784668,42.79499816894531,42.875,7429
2021-03-31,MOAT.MI,42.599998474121094,43.150001525878906,42.599998474121094,42.85499954223633,1978
2021-04-01,MOAT.MI,43.0,43.05500030517578,42.849998474121094,42.92499923706055,17581
2021-04-06,MOAT.MI,43.45500183105469,43.45500183105469,43.20000076293945,43.25,11208
2021-04-07,MOAT.MI,43.415000915527344,43.415000915527344,43.01499938964844,43.01499938964844,2382
2021-04-08,MOAT.MI,43.275001525878906,43.33000183105469,42.97999954223633,43.04499816894531,2255
2021-04-09,MOAT.MI,43.36000061035156,43.36000061035156,43.18000030517578,43.25,2256
2021-04-12,MOAT.MI,44.0,44.0,43.35499954223633,43.380001068115234,1139
2021-04-13,MOAT.MI,43.45000076293945,43.57500076293945,43.224998474121094,43.30500030517578,2094
2021-04-14,MOAT.MI,43.11000061035156,43.45000076293945,43.11000061035156,43.42499923706055,8386
2021-04-15,MOAT.MI,43.5,43.54999923706055,43.150001525878906,43.51499938964844,3832
2021-04-16,MOAT.MI,43.599998474121094,43.7599983215332,43.57500076293945,43.67499923706055,8179
2021-04-19,MOAT.MI,43.96500015258789,44.474998474121094,43.3849983215332,43.470001220703125,7853
2021-04-20,MOAT.MI,43.54999923706055,43.54999923706055,43.09000015258789,43.099998474121094,2101
2021-04-21,MOAT.MI,43.22999954223633,43.55500030517578,43.19499969482422,43.439998626708984,809
2021-04-22,MOAT.MI,43.7400016784668,43.7400016784668,43.45000076293945,43.58000183105469,2416
2021-04-23,MOAT.MI,43.220001220703125,43.38999938964844,43.084999084472656,43.334999084472656,1931
2021-04-26,MOAT.MI,43.54499816894531,43.54499816894531,43.209999084472656,43.45000076293945,2419
2021-04-27,MOAT.MI,43.5,43.56999969482422,43.31999969482422,43.43000030517578,745
2021-04-28,MOAT.MI,43.54499816894531,43.595001220703125,43.474998474121094,43.529998779296875,3485
2021-04-29,MOAT.MI,43.46500015258789,43.810001373291016,43.29999923706055,43.334999084472656,18126
2021-04-30,MOAT.MI,43.36000061035156,43.529998779296875,43.29999923706055,43.44499969482422,7327
2021-05-03,MOAT.MI,43.70000076293945,43.935001373291016,43.61000061035156,43.6150016784668,1250
2021-05-04,MOAT.MI,43.790000915527344,44.380001068115234,43.375,43.404998779296875,16288
2021-05-05,MOAT.MI,43.80500030517578,43.80500030517578,43.48500061035156,43.59000015258789,12933
2021-05-06,MOAT.MI,43.619998931884766,43.625,43.35499954223633,43.474998474121094,9191
2021-05-07,MOAT.MI,43.76499938964844,43.76499938964844,43.529998779296875,43.599998474121094,5646
2021-05-10,MOAT.MI,43.70000076293945,43.779998779296875,43.56999969482422,43.755001068115234,1892
2021-05-11,MOAT.MI,43.5,43.5,42.91999816894531,43.05500030517578,3630
2021-05-12,MOAT.MI,43.04999923706055,43.209999084472656,42.97999954223633,43.154998779296875,580
2021-05-13,MOAT.MI,42.94499969482422,43.310001373291016,42.54999923706055,43.209999084472656,3904
2021-05-14,MOAT.MI,43.375,43.5099983215332,43.255001068115234,43.47999954223633,2369
2021-05-17,MOAT.MI,43.505001068115234,43.724998474121094,43.29999923706055,43.380001068115234,3238
2021-05-18,MOAT.MI,43.39500045776367,43.39500045776367,43.22999954223633,43.314998626708984,6710
2021-05-19,MOAT.MI,42.814998626708984,42.814998626708984,42.29499816894531,42.6150016784668,2466
2021-05-20,MOAT.MI,42.970001220703125,43.654998779296875,42.79499816894531,43.220001220703125,1180
2021-05-21,MOAT.MI,43.310001373291016,43.744998931884766,43.22999954223633,43.54499816894531,1059
2021-05-24,MOAT.MI,43.665000915527344,43.744998931884766,43.45500183105469,43.540000915527344,2078
2021-05-25,MOAT.MI,43.505001068115234,43.61000061035156,43.29499816894531,43.29499816894531,4852
2021-05-26,MOAT.MI,43.38999938964844,43.41999816894531,43.28499984741211,43.29999923706055,2911
2021-05-27,MOAT.MI,43.380001068115234,43.720001220703125,43.2599983215332,43.55500030517578,2959
2021-05-28,MOAT.MI,43.75,43.98500061035156,43.66999816894531,43.75,2761
2021-05-31,MOAT.MI,43.81999969482422,43.81999969482422,43.42499923706055,43.42499923706055,1516
2021-06-01,MOAT.MI,43.619998931884766,43.91999816894531,43.43000030517578,43.43000030517578,4971
2021-06-02,MOAT.MI,43.470001220703125,43.7400016784668,43.470001220703125,43.6349983215332,3312
2021-06-03,MOAT.MI,43.724998474121094,43.875,43.415000915527344,43.875,878
2021-06-04,MOAT.MI,43.98500061035156,44.13999938964844,43.939998626708984,44.095001220703125,2005
2021-06-07,MOAT.MI,44.025001525878906,44.20000076293945,44.0,44.084999084472656,9659
2021-06-08,MOAT.MI,44.29999923706055,44.5,44.19499969482422,44.19499969482422,1284
2021-06-09,MOAT.MI,44.349998474121094,44.52000045776367,44.349998474121094,44.5,1989
2021-06-10,MOAT.MI,44.459999084472656,44.744998931884766,44.415000915527344,44.65999984741211,1995
2021-06-11,MOAT.MI,44.63999938964844,45.04499816894531,44.63999938964844,44.90999984741211,1550
2021-06-14,MOAT.MI,44.95000076293945,45.025001525878906,44.72999954223633,44.72999954223633,3435
2021-06-15,MOAT.MI,44.92499923706055,45.064998626708984,44.75,44.75,2378
2021-06-16,MOAT.MI,44.84000015258789,44.880001068115234,44.689998626708984,44.7599983215332,4314
2021-06-17,MOAT.MI,44.79999923706055,45.185001373291016,44.79999923706055,45.01499938964844,2352
2021-06-18,MOAT.MI,45.060001373291016,45.1150016784668,44.709999084472656,44.709999084472656,1569
2021-06-21,MOAT.MI,44.625,44.90999984741211,44.560001373291016,44.90999984741211,3396
2021-06-22,MOAT.MI,45.0099983215332,45.04499816894531,44.875,45.02000045776367,2795
2021-06-23,MOAT.MI,45.28499984741211,45.28499984741211,44.75,44.83000183105469,3769
2021-06-24,MOAT.MI,44.900001525878906,44.9900016784668,44.75,44.8849983215332,5199
2021-06-25,MOAT.MI,45.09000015258789,45.404998779296875,44.82500076293945,44.97999954223633,1257
2021-06-28,MOAT.MI,45.165000915527344,45.31999969482422,45.025001525878906,45.025001525878906,5498
2021-06-29,MOAT.MI,45.29999923706055,45.43000030517578,45.18000030517578,45.18000030517578,10105
2021-06-30,MOAT.MI,45.29999923706055,45.435001373291016,45.01499938964844,45.35499954223633,20803
2021-07-01,MOAT.MI,45.525001525878906,45.779998779296875,45.32500076293945,45.41999816894531,3108
2021-07-02,MOAT.MI,45.5,45.755001068115234,45.5,45.70500183105469,1218
2021-07-05,MOAT.MI,45.720001220703125,45.81999969482422,45.70500183105469,45.790000915527344,1232
2021-07-06,MOAT.MI,45.80500030517578,45.8650016784668,45.525001525878906,45.525001525878906,1092
2021-07-07,MOAT.MI,45.970001220703125,45.9900016784668,45.89500045776367,45.959999084472656,2837
2021-07-08,MOAT.MI,46.0,46.0,45.220001220703125,45.474998474121094,9768
2021-07-09,MOAT.MI,45.79499816894531,45.88999938964844,45.709999084472656,45.8849983215332,5592
2021-07-12,MOAT.MI,45.79999923706055,45.814998626708984,45.63999938964844,45.814998626708984,1976
2021-07-13,MOAT.MI,45.76499938964844,45.959999084472656,45.76499938964844,45.959999084472656,2921
2021-07-14,MOAT.MI,45.810001373291016,45.939998626708984,45.66999816894531,45.66999816894531,6363
2021-07-15,MOAT.MI,45.70000076293945,45.834999084472656,45.55500030517578,45.60499954223633,698
2021-07-16,MOAT.MI,45.72999954223633,45.82500076293945,45.61000061035156,45.64500045776367,1294
2021-07-19,MOAT.MI,45.540000915527344,45.540000915527344,44.744998931884766,44.89500045776367,3174
2021-07-20,MOAT.MI,45.279998779296875,45.71500015258789,45.060001373291016,45.650001525878906,2284
2021-07-21,MOAT.MI,46.0,46.005001068115234,45.790000915527344,45.790000915527344,1623
2021-07-22,MOAT.MI,45.994998931884766,46.11000061035156,45.709999084472656,45.974998474121094,2348
2021-07-23,MOAT.MI,46.25,46.45500183105469,46.2400016784668,46.45500183105469,771
2021-07-26,MOAT.MI,46.459999084472656,46.78499984741211,46.16999816894531,46.29999923706055,2159
2021-07-27,MOAT.MI,46.30500030517578,46.36000061035156,46.09000015258789,46.09000015258789,587
2021-07-28,MOAT.MI,46.5,46.529998779296875,46.314998626708984,46.435001373291016,1414
2021-07-29,MOAT.MI,46.470001220703125,46.470001220703125,46.23500061035156,46.32500076293945,19846
2021-07-30,MOAT.MI,46.125,46.31999969482422,45.915000915527344,46.29999923706055,1218
2021-08-02,MOAT.MI,46.435001373291016,46.44499969482422,46.1349983215332,46.22999954223633,1635
2021-08-03,MOAT.MI,46.22999954223633,46.22999954223633,45.875,46.08000183105469,4773
2021-08-04,MOAT.MI,46.185001373291016,46.380001068115234,46.099998474121094,46.1349983215332,1063
2021-08-05,MOAT.MI,46.1349983215332,46.29999923706055,46.1349983215332,46.27000045776367,2184
2021-08-06,MOAT.MI,46.29999923706055,46.83000183105469,46.29999923706055,46.775001525878906,2416
2021-08-09,MOAT.MI,46.790000915527344,46.83000183105469,46.665000915527344,46.83000183105469,1725
2021-08-10,MOAT.MI,46.744998931884766,47.345001220703125,46.505001068115234,46.81999969482422,2983
2021-08-11,MOAT.MI,46.91999816894531,46.97999954223633,46.790000915527344,46.790000915527344,850
2021-08-12,MOAT.MI,47.0,47.0,46.665000915527344,46.810001373291016,1405
2021-08-13,MOAT.MI,46.91999816894531,46.939998626708984,46.75,46.7599983215332,2395
2021-08-16,MOAT.MI,46.709999084472656,46.82500076293945,46.64500045776367,46.72999954223633,994
2021-08-17,MOAT.MI,46.95500183105469,47.05500030517578,46.73500061035156,46.935001373291016,6120
2021-08-18,MOAT.MI,46.939998626708984,47.01499938964844,46.935001373291016,47.01499938964844,1561
2021-08-19,MOAT.MI,46.42499923706055,46.584999084472656,46.05500030517578,46.435001373291016,6650
2021-08-20,MOAT.MI,46.439998626708984,46.93000030517578,46.349998474121094,46.834999084472656,3478
2021-08-23,MOAT.MI,46.935001373291016,47.1150016784668,46.80500030517578,47.040000915527344,4739
2021-08-24,MOAT.MI,47.31999969482422,47.31999969482422,47.03499984741211,47.084999084472656,446
2021-08-25,MOAT.MI,47.11000061035156,47.13999938964844,46.9900016784668,47.05500030517578,1549
2021-08-26,MOAT.MI,46.92499923706055,47.130001068115234,46.92499923706055,46.959999084472656,1673
2021-08-27,MOAT.MI,47.1349983215332,47.1349983215332,46.95000076293945,47.04999923706055,1749
2021-08-30,MOAT.MI,47.04999923706055,47.209999084472656,47.04999923706055,47.17499923706055,4141
2021-08-31,MOAT.MI,47.20000076293945,47.20000076293945,46.91999816894531,47.125,371
2021-09-01,MOAT.MI,47.06999969482422,47.22999954223633,46.724998474121094,46.83000183105469,3290
2021-09-02,MOAT.MI,46.900001525878906,46.96500015258789,46.83000183105469,46.8849983215332,1672
2021-09-03,MOAT.MI,46.8650016784668,47.095001220703125,46.8650016784668,46.95000076293945,851
2021-09-06,MOAT.MI,47.09000015258789,47.125,46.994998931884766,47.099998474121094,1083
2021-09-07,MOAT.MI,47.040000915527344,47.07500076293945,46.599998474121094,46.66999816894531,816
2021-09-08,MOAT.MI,46.5099983215332,46.70000076293945,46.42499923706055,46.6349983215332,2001
2021-09-09,MOAT.MI,46.59000015258789,46.71500015258789,46.35499954223633,46.53499984741211,3490
2021-09-10,MOAT.MI,46.43000030517578,46.5,46.13999938964844,46.189998626708984,2340
2021-09-13,MOAT.MI,46.3849983215332,46.5,46.11000061035156,46.11000061035156,6004
2021-09-14,MOAT.MI,46.1150016784668,46.38999938964844,45.9900016784668,46.02000045776367,1642
2021-09-15,MOAT.MI,45.974998474121094,46.15999984741211,45.834999084472656,46.15999984741211,3132
2021-09-16,MOAT.MI,46.150001525878906,46.57500076293945,46.1150016784668,46.165000915527344,1797
2021-09-17,MOAT.MI,46.255001068115234,47.0,46.099998474121094,46.099998474121094,940
2021-09-20,MOAT.MI,45.849998474121094,45.849998474121094,45.40999984741211,45.470001220703125,5341
2021-09-21,MOAT.MI,45.775001525878906,45.779998779296875,45.39500045776367,45.44499969482422,1199
2021-09-22,MOAT.MI,45.650001525878906,45.744998931884766,45.45500183105469,45.744998931884766,2734
2021-09-23,MOAT.MI,46.08000183105469,46.35499954223633,45.994998931884766,46.33000183105469,1528
2021-09-24,MOAT.MI,46.23500061035156,46.584999084472656,46.209999084472656,46.46500015258789,2569
2021-09-27,MOAT.MI,46.900001525878906,46.900001525878906,46.560001373291016,46.65999984741211,3480
2021-09-28,MOAT.MI,46.65999984741211,46.65999984741211,45.89500045776367,45.89500045776367,1644
2021-09-29,MOAT.MI,46.084999084472656,46.41999816894531,46.084999084472656,46.41999816894531,1474
2021-09-30,MOAT.MI,46.70000076293945,46.70000076293945,46.36000061035156,46.43000030517578,4815
2021-10-01,MOAT.MI,45.625,46.27000045776367,45.54499816894531,46.064998626708984,3197
2021-10-04,MOAT.MI,45.96500015258789,46.25,45.790000915527344,45.834999084472656,804
2021-10-05,MOAT.MI,46.01499938964844,46.560001373291016,45.98500061035156,46.45000076293945,1459
2021-10-06,MOAT.MI,45.92499923706055,46.17499923706055,45.900001525878906,46.09000015258789,2441
2021-10-07,MOAT.MI,46.75,47.2599983215332,46.75,47.14500045776367,2352
2021-10-08,MOAT.MI,47.06999969482422,47.1349983215332,46.92499923706055,46.95000076293945,7081
2021-10-11,MOAT.MI,46.875,47.2400016784668,46.755001068115234,47.17499923706055,1136
2021-10-12,MOAT.MI,46.72999954223633,47.09000015258789,46.64500045776367,47.0099983215332,905
2021-10-13,MOAT.MI,46.89500045776367,46.959999084472656,46.70000076293945,46.72999954223633,1435
2021-10-14,MOAT.MI,47.05500030517578,47.529998779296875,47.04999923706055,47.4900016784668,4181
2021-10-15,MOAT.MI,47.56999969482422,47.83000183105469,47.560001373291016,47.79999923706055,3232
2021-10-18,MOAT.MI,47.79999923706055,47.81999969482422,47.5,47.7400016784668,2374
2021-10-19,MOAT.MI,47.560001373291016,47.7400016784668,47.529998779296875,47.73500061035156,1920
2021-10-20,MOAT.MI,47.79999923706055,47.88999938964844,47.75,47.834999084472656,1293
2021-10-21,MOAT.MI,47.63999938964844,47.66999816894531,47.54999923706055,47.6150016784668,6211
2021-10-22,MOAT.MI,47.685001373291016,47.76499938964844,47.529998779296875,47.54499816894531,4941
2021-10-25,MOAT.MI,47.5,47.76499938964844,47.5,47.724998474121094,3121
2021-10-26,MOAT.MI,47.77000045776367,47.915000915527344,47.28499984741211,47.56999969482422,3318
2021-10-27,MOAT.MI,47.48500061035156,47.48500061035156,47.14500045776367,47.25,1700
2021-10-28,MOAT.MI,47.185001373291016,47.185001373291016,46.97999954223633,47.005001068115234,3979
2021-10-29,MOAT.MI,47.040000915527344,47.599998474121094,47.040000915527344,47.599998474121094,2239
2021-11-01,MOAT.MI,47.810001373291016,47.810001373291016,47.70000076293945,47.7599983215332,4360
2021-11-02,MOAT.MI,47.71500015258789,47.8650016784668,47.689998626708984,47.80500030517578,2220
2021-11-03,MOAT.MI,48.0,48.07500076293945,47.86000061035156,48.0,2121
2021-11-04,MOAT.MI,48.290000915527344,48.72999954223633,48.290000915527344,48.57500076293945,4583
2021-11-05,MOAT.MI,48.779998779296875,49.33000183105469,48.70500183105469,49.060001373291016,4914
2021-11-08,MOAT.MI,49.23500061035156,49.23500061035156,48.775001525878906,48.775001525878906,3866
2021-11-09,MOAT.MI,48.77000045776367,48.90999984741211,48.60499954223633,48.650001525878906,6608
2021-11-10,MOAT.MI,48.81999969482422,48.98500061035156,48.65999984741211,48.95500183105469,2633
2021-11-11,MOAT.MI,48.970001220703125,49.06999969482422,48.94499969482422,48.94499969482422,2453
2021-11-12,MOAT.MI,49.05500030517578,49.310001373291016,48.9900016784668,49.310001373291016,7454
2021-11-15,MOAT.MI,49.470001220703125,49.755001068115234,49.349998474121094,49.56999969482422,4108
2021-11-16,MOAT.MI,49.599998474121094,49.70000076293945,49.459999084472656,49.58000183105469,2810
2021-11-17,MOAT.MI,49.564998626708984,49.689998626708984,49.40999984741211,49.45500183105469,5235
2021-11-18,MOAT.MI,49.39500045776367,49.459999084472656,48.95000076293945,49.040000915527344,2451
2021-11-19,MOAT.MI,49.36000061035156,49.474998474121094,49.064998626708984,49.15999984741211,4667
2021-11-22,MOAT.MI,49.3849983215332,49.5,49.25,49.494998931884766,3271
2021-11-23,MOAT.MI,49.005001068115234,49.2599983215332,48.77000045776367,48.96500015258789,40489
2021-11-24,MOAT.MI,49.2400016784668,49.29999923706055,49.1349983215332,49.25,1268
2021-11-25,MOAT.MI,49.375,49.375,49.27000045776367,49.27000045776367,644
2021-11-26,MOAT.MI,48.47999954223633,48.47999954223633,47.099998474121094,47.814998626708984,7204
2021-11-29,MOAT.MI,48.47999954223633,48.4900016784668,48.04999923706055,48.165000915527344,3291
2021-11-30,MOAT.MI,47.54499816894531,47.560001373291016,47.244998931884766,47.459999084472656,985
2021-12-01,MOAT.MI,47.345001220703125,47.724998474121094,47.20000076293945,47.724998474121094,4707
2021-12-02,MOAT.MI,46.80500030517578,46.900001525878906,46.45000076293945,46.88999938964844,6644
2021-12-03,MOAT.MI,47.29499816894531,47.380001068115234,46.91999816894531,46.98500061035156,688
2021-12-06,MOAT.MI,47.224998474121094,47.73500061035156,47.220001220703125,47.65999984741211,1978
2021-12-07,MOAT.MI,47.869998931884766,48.78499984741211,47.869998931884766,48.77000045776367,8470
2021-12-08,MOAT.MI,48.46500015258789,48.525001525878906,48.23500061035156,48.23500061035156,376
2021-12-09,MOAT.MI,48.400001525878906,48.45000076293945,48.334999084472656,48.45000076293945,760
2021-12-10,MOAT.MI,48.30500030517578,48.54999923706055,48.11000061035156,48.220001220703125,9190
2021-12-13,MOAT.MI,48.63999938964844,48.70000076293945,48.345001220703125,48.380001068115234,1513
2021-12-14,MOAT.MI,48.744998931884766,48.75,48.17499923706055,48.310001373291016,5188
2021-12-15,MOAT.MI,48.20500183105469,48.380001068115234,48.10499954223633,48.10499954223633,837
2021-12-16,MOAT.MI,48.93000030517578,49.0099983215332,48.70000076293945,48.8849983215332,959
2021-12-17,MOAT.MI,48.70500183105469,48.709999084472656,48.165000915527344,48.709999084472656,1057
2021-12-20,MOAT.MI,47.79999923706055,47.974998474121094,47.275001525878906,47.275001525878906,2348
2021-12-21,MOAT.MI,47.86000061035156,48.29999923706055,47.86000061035156,48.29999923706055,2079
2021-12-22,MOAT.MI,48.57500076293945,48.625,48.48500061035156,48.599998474121094,1608
2021-12-23,MOAT.MI,48.709999084472656,49.19499969482422,48.709999084472656,49.15999984741211,3078
2021-12-27,MOAT.MI,49.19499969482422,49.54499816894531,49.04999923706055,49.4900016784668,4719
2021-12-28,MOAT.MI,49.54999923706055,50.0,49.54999923706055,49.814998626708984,2330
2021-12-29,MOAT.MI,50.18000030517578,50.18000030517578,49.625,49.689998626708984,2916
2021-12-30,MOAT.MI,49.790000915527344,50.130001068115234,49.790000915527344,49.91999816894531,4059
2022-01-03,MOAT.MI,49.82500076293945,49.880001068115234,49.40999984741211,49.40999984741211,1392
2022-01-04,MOAT.MI,49.54499816894531,50.0,49.540000915527344,49.56999969482422,2736
2022-01-05,MOAT.MI,49.81999969482422,49.81999969482422,49.39500045776367,49.494998931884766,2356
2022-01-06,MOAT.MI,48.880001068115234,48.880001068115234,48.55500030517578,48.7599983215332,662
2022-01-07,MOAT.MI,48.6349983215332,48.849998474121094,48.185001373291016,48.185001373291016,1028
2022-01-10,MOAT.MI,48.334999084472656,48.40999984741211,47.400001525878906,47.52000045776367,519
2022-01-11,MOAT.MI,47.959999084472656,48.33000183105469,47.724998474121094,47.94499969482422,1300
2022-01-12,MOAT.MI,48.20500183105469,48.3650016784668,48.04499816894531,48.04499816894531,2629
2022-01-13,MOAT.MI,47.9900016784668,48.14500045776367,47.814998626708984,47.994998931884766,2997
2022-01-14,MOAT.MI,47.474998474121094,47.58000183105469,47.130001068115234,47.255001068115234,1017
2022-01-17,MOAT.MI,47.8650016784668,47.89500045776367,47.72999954223633,47.755001068115234,1062
2022-01-18,MOAT.MI,47.209999084472656,47.41999816894531,47.04499816894531,47.15999984741211,727
2022-01-19,MOAT.MI,46.79999923706055,46.97999954223633,46.744998931884766,46.744998931884766,11377
2022-01-20,MOAT.MI,46.5,47.11000061035156,46.35499954223633,47.04499816894531,2161
2022-01-21,MOAT.MI,46.04999923706055,46.119998931884766,45.52000045776367,46.084999084472656,5469
2022-01-24,MOAT.MI,45.77000045776367,45.77000045776367,44.13999938964844,44.58000183105469,5586
2022-01-25,MOAT.MI,45.209999084472656,45.76499938964844,44.69499969482422,45.04499816894531,3516
2022-01-26,MOAT.MI,45.47999954223633,45.95000076293945,45.459999084472656,45.75,6625
2022-01-27,MOAT.MI,44.900001525878906,46.130001068115234,44.900001525878906,45.790000915527344,7328
2022-01-28,MOAT.MI,45.0,45.35499954223633,44.709999084472656,45.35499954223633,388
2022-01-31,MOAT.MI,46.09000015258789,46.21500015258789,45.70000076293945,46.20000076293945,1539
2022-02-01,MOAT.MI,46.540000915527344,46.744998931884766,46.41999816894531,46.4900016784668,803
2022-02-02,MOAT.MI,46.86000061035156,46.86000061035156,46.595001220703125,46.61000061035156,1680
2022-02-03,MOAT.MI,46.599998474121094,46.68000030517578,45.76499938964844,45.76499938964844,1249
2022-02-04,MOAT.MI,45.744998931884766,45.744998931884766,44.814998626708984,45.0099983215332,1414
2022-02-07,MOAT.MI,45.560001373291016,45.560001373291016,45.20000076293945,45.36000061035156,42
2022-02-08,MOAT.MI,45.5,45.5,45.1150016784668,45.38999938964844,1005
2022-02-09,MOAT.MI,45.439998626708984,46.119998931884766,45.439998626708984,46.119998931884766,2840
2022-02-10,MOAT.MI,46.099998474121094,46.23500061035156,45.88999938964844,45.88999938964844,1802
2022-02-11,MOAT.MI,45.36000061035156,45.814998626708984,45.36000061035156,45.540000915527344,1059
2022-02-14,MOAT.MI,44.93000030517578,45.06999969482422,44.650001525878906,45.03499984741211,1742
2022-02-15,MOAT.MI,45.36000061035156,45.599998474121094,45.36000061035156,45.369998931884766,736
2022-02-16,MOAT.MI,45.349998474121094,45.400001525878906,45.03499984741211,45.16999816894531,1094
2022-02-17,MOAT.MI,45.244998931884766,45.290000915527344,44.814998626708984,44.880001068115234,3174
2022-02-18,MOAT.MI,44.744998931884766,44.744998931884766,44.30500030517578,44.30500030517578,2897
2022-02-21,MOAT.MI,44.40999984741211,44.40999984741211,43.84000015258789,43.84000015258789,2947
2022-02-22,MOAT.MI,43.724998474121094,44.31999969482422,43.67499923706055,44.11000061035156,774
2022-02-23,MOAT.MI,44.22999954223633,44.22999954223633,43.775001525878906,43.775001525878906,192
2022-02-24,MOAT.MI,42.904998779296875,43.71500015258789,42.47999954223633,43.71500015258789,1363
2022-02-25,MOAT.MI,43.88999938964844,44.779998779296875,43.8849983215332,44.779998779296875,809
2022-02-28,MOAT.MI,44.915000915527344,44.974998474121094,44.5,44.974998474121094,1327
2022-03-01,MOAT.MI,45.290000915527344,45.375,44.71500015258789,45.064998626708984,1149
2022-03-02,MOAT.MI,44.91999816894531,45.459999084472656,44.84000015258789,45.459999084472656,1062
2022-03-03,MOAT.MI,45.470001220703125,45.66999816894531,45.29499816894531,45.29499816894531,3667
2022-03-04,MOAT.MI,45.3650016784668,45.55500030517578,45.0,45.15999984741211,2761
2022-03-07,MOAT.MI,45.05500030517578,45.20000076293945,44.79499816894531,44.900001525878906,6037
2022-03-08,MOAT.MI,43.974998474121094,44.30500030517578,43.64500045776367,43.654998779296875,6079
2022-03-09,MOAT.MI,43.93000030517578,44.6349983215332,43.869998931884766,43.869998931884766,373
2022-03-10,MOAT.MI,44.0,44.09000015258789,43.39500045776367,43.439998626708984,229
2022-03-11,MOAT.MI,44.005001068115234,44.505001068115234,43.95000076293945,44.095001220703125,1623
2022-03-14,MOAT.MI,43.720001220703125,43.939998626708984,43.30500030517578,43.30500030517578,4812
2022-03-15,MOAT.MI,42.970001220703125,43.92499923706055,42.69499969482422,43.92499923706055,1178
2022-03-16,MOAT.MI,44.334999084472656,44.90999984741211,44.334999084472656,44.80500030517578,1076
2022-03-17,MOAT.MI,44.904998779296875,44.904998779296875,44.650001525878906,44.814998626708984,1035
2022-03-18,MOAT.MI,45.10499954223633,45.560001373291016,45.07500076293945,45.560001373291016,1809
2022-03-21,MOAT.MI,45.95000076293945,46.29999923706055,45.72999954223633,45.8849983215332,13840
2022-03-22,MOAT.MI,46.13999938964844,46.375,45.970001220703125,46.314998626708984,658
2022-03-23,MOAT.MI,46.32500076293945,46.34000015258789,45.96500015258789,45.96500015258789,512
2022-03-24,MOAT.MI,45.994998931884766,46.02000045776367,45.8650016784668,46.0,2540
2022-03-25,MOAT.MI,46.21500015258789,46.5,46.1349983215332,46.29499816894531,2172
2022-03-28,MOAT.MI,46.60499954223633,46.834999084472656,46.54999923706055,46.560001373291016,3190
2022-03-29,MOAT.MI,46.96500015258789,47.025001525878906,46.81999969482422,46.92499923706055,870
2022-03-30,MOAT.MI,47.0,47.0,46.685001373291016,46.685001373291016,798
2022-03-31,MOAT.MI,46.79999923706055,46.85499954223633,46.685001373291016,46.755001068115234,311
2022-04-01,MOAT.MI,46.5,46.654998779296875,46.21500015258789,46.21500015258789,3966
2022-04-04,MOAT.MI,46.279998779296875,46.73500061035156,46.14500045776367,46.650001525878906,8041
2022-04-05,MOAT.MI,46.79499816894531,46.845001220703125,46.48500061035156,46.709999084472656,680
2022-04-06,MOAT.MI,46.54999923706055,46.54999923706055,45.709999084472656,45.76499938964844,782
2022-04-07,MOAT.MI,46.11000061035156,46.13999938964844,45.82500076293945,45.82500076293945,2466
2022-04-08,MOAT.MI,46.654998779296875,46.66999816894531,46.28499984741211,46.35499954223633,4617
2022-04-11,MOAT.MI,45.72999954223633,46.005001068115234,45.54499816894531,45.560001373291016,1002
2022-04-12,MOAT.MI,45.5,46.03499984741211,45.2599983215332,45.93000030517578,5263
2022-04-13,MOAT.MI,45.779998779296875,45.779998779296875,45.54999923706055,45.650001525878906,1280
2022-04-14,MOAT.MI,45.595001220703125,46.099998474121094,45.540000915527344,45.9900016784668,661
2022-04-19,MOAT.MI,45.73500061035156,46.130001068115234,45.345001220703125,46.130001068115234,2684
2022-04-20,MOAT.MI,46.154998779296875,46.3849983215332,46.03499984741211,46.16999816894531,1978
2022-04-21,MOAT.MI,45.95000076293945,46.314998626708984,45.95000076293945,46.095001220703125,1050
2022-04-22,MOAT.MI,45.540000915527344,45.540000915527344,45.13999938964844,45.13999938964844,613
2022-04-25,MOAT.MI,44.29499816894531,44.459999084472656,44.10499954223633,44.40999984741211,2793
2022-04-26,MOAT.MI,45.08000183105469,45.08000183105469,44.36000061035156,44.42499923706055,7130
2022-04-27,MOAT.MI,44.36000061035156,44.939998626708984,44.36000061035156,44.915000915527344,7683
2022-04-28,MOAT.MI,45.400001525878906,45.55500030517578,45.38999938964844,45.38999938964844,1439
2022-04-29,MOAT.MI,45.970001220703125,46.025001525878906,45.46500015258789,45.46500015258789,1242
2022-05-02,MOAT.MI,44.790000915527344,44.970001220703125,44.5,44.61000061035156,2442
2022-05-03,MOAT.MI,45.029998779296875,45.119998931884766,44.709999084472656,45.06999969482422,920
2022-05-04,MOAT.MI,45.150001525878906,45.20500183105469,44.724998474121094,44.724998474121094,579
2022-05-05,MOAT.MI,45.88999938964844,46.07500076293945,45.0,45.04999923706055,756
2022-05-06,MOAT.MI,44.875,44.875,43.68000030517578,44.494998931884766,909
2022-05-09,MOAT.MI,44.02000045776367,44.02000045776367,43.439998626708984,43.44499969482422,5689
2022-05-10,MOAT.MI,43.474998474121094,43.790000915527344,43.099998474121094,43.10499954223633,2987
2022-05-11,MOAT.MI,43.415000915527344,43.51499938964844,42.904998779296875,43.505001068115234,860
2022-05-12,MOAT.MI,42.73500061035156,43.58000183105469,42.45000076293945,43.58000183105469,933
2022-05-13,MOAT.MI,43.994998931884766,44.86000061035156,43.96500015258789,44.70000076293945,2623
2022-05-16,MOAT.MI,44.689998626708984,44.70000076293945,44.32500076293945,44.32500076293945,1038
2022-05-17,MOAT.MI,44.43000030517578,44.814998626708984,44.29999923706055,44.40999984741211,3784
2022-05-18,MOAT.MI,44.474998474121094,44.505001068115234,43.41999816894531,43.41999816894531,616
2022-05-19,MOAT.MI,42.349998474121094,42.44499969482422,42.20000076293945,42.380001068115234,1420
2022-05-20,MOAT.MI,42.90999984741211,42.974998474121094,42.459999084472656,42.459999084472656,462
2022-05-23,MOAT.MI,42.79499816894531,42.88999938964844,42.790000915527344,42.88999938964844,130
2022-05-24,MOAT.MI,42.209999084472656,42.3849983215332,41.92499923706055,41.93000030517578,1034
2022-05-25,MOAT.MI,42.63999938964844,42.98500061035156,42.54499816894531,42.875,608
2022-05-26,MOAT.MI,43.17499923706055,43.61000061035156,43.17499923706055,43.584999084472656,218
2022-05-27,MOAT.MI,43.51499938964844,44.470001220703125,43.51499938964844,44.415000915527344,152
2022-05-30,MOAT.MI,44.900001525878906,45.02000045776367,44.70000076293945,44.73500061035156,313
2022-05-31,MOAT.MI,44.5,44.724998474121094,44.22999954223633,44.22999954223633,281
2022-06-01,MOAT.MI,44.57500076293945,44.900001525878906,44.2400016784668,44.27000045776367,836
2022-06-02,MOAT.MI,44.45500183105469,44.560001373291016,44.36000061035156,44.44499969482422,830
2022-06-03,MOAT.MI,44.92499923706055,45.01499938964844,44.439998626708984,44.439998626708984,1057
2022-06-06,MOAT.MI,44.875,44.939998626708984,44.59000015258789,44.775001525878906,1230
2022-06-07,MOAT.MI,44.334999084472656,44.75,44.334999084472656,44.560001373291016,204
2022-06-08,MOAT.MI,44.90999984741211,44.90999984741211,44.5,44.65999984741211,751
2022-06-09,MOAT.MI,44.529998779296875,44.529998779296875,44.185001373291016,44.43000030517578,808
2022-06-10,MOAT.MI,43.849998474121094,44.10499954223633,43.04999923706055,43.09000015258789,1075
2022-06-13,MOAT.MI,42.71500015258789,42.71500015258789,41.974998474121094,42.064998626708984,599
2022-06-14,MOAT.MI,42.09000015258789,42.22999954223633,41.96500015258789,41.96500015258789,3452
2022-06-15,MOAT.MI,41.9900016784668,42.4900016784668,41.7599983215332,42.255001068115234,891
2022-06-16,MOAT.MI,41.650001525878906,41.744998931884766,40.814998626708984,40.814998626708984,616
2022-06-17,MOAT.MI,41.060001373291016,41.06999969482422,40.744998931884766,41.040000915527344,330
2022-06-20,MOAT.MI,41.17499923706055,41.185001373291016,40.939998626708984,41.125,241
2022-06-21,MOAT.MI,41.29499816894531,41.58000183105469,41.2599983215332,41.564998626708984,369
2022-06-22,MOAT.MI,41.4900016784668,41.71500015258789,41.040000915527344,41.71500015258789,176
2022-06-23,MOAT.MI,41.935001373291016,42.34000015258789,41.935001373291016,42.34000015258789,211
2022-06-24,MOAT.MI,42.79999923706055,43.279998779296875,42.70000076293945,43.279998779296875,240
2022-06-27,MOAT.MI,43.494998931884766,44.099998474121094,43.494998931884766,43.525001525878906,683
2022-06-28,MOAT.MI,43.76499938964844,43.76499938964844,43.33000183105469,43.33000183105469,376
2022-06-29,MOAT.MI,42.529998779296875,42.88999938964844,42.529998779296875,42.86000061035156,390
2022-06-30,MOAT.MI,42.6150016784668,42.724998474121094,42.400001525878906,42.529998779296875,2169
2022-07-01,MOAT.MI,42.349998474121094,43.060001373291016,42.349998474121094,42.6349983215332,1136
2022-07-04,MOAT.MI,42.63999938964844,42.84000015258789,42.625,42.82500076293945,1606
2022-07-05,MOAT.MI,43.224998474121094,43.29999923706055,43.05500030517578,43.21500015258789,88
2022-07-06,MOAT.MI,43.83000183105469,44.29999923706055,43.83000183105469,44.165000915527344,242
2022-07-07,MOAT.MI,44.2599983215332,44.869998931884766,44.255001068115234,44.834999084472656,2877
2022-07-08,MOAT.MI,44.78499984741211,45.209999084472656,44.744998931884766,45.05500030517578,410
2022-07-11,MOAT.MI,44.6150016784668,45.150001525878906,44.6150016784668,44.97999954223633,3943
2022-07-12,MOAT.MI,44.97999954223633,45.09000015258789,44.71500015258789,44.91999816894531,3028
2022-07-13,MOAT.MI,44.61000061035156,44.65999984741211,44.13999938964844,44.13999938964844,1509
2022-07-14,MOAT.MI,43.90999984741211,44.040000915527344,43.875,44.040000915527344,3778
2022-07-15,MOAT.MI,44.474998474121094,44.875,44.33000183105469,44.80500030517578,1184
2022-07-18,MOAT.MI,45.01499938964844,45.064998626708984,44.70000076293945,44.845001220703125,1651
2022-07-19,MOAT.MI,44.0,44.78499984741211,44.0,44.78499984741211,52
2022-07-20,MOAT.MI,45.154998779296875,45.75,45.099998474121094,45.75,3190
2022-07-21,MOAT.MI,45.72999954223633,45.849998474121094,45.619998931884766,45.755001068115234,1398
2022-07-22,MOAT.MI,46.0,46.45000076293945,45.959999084472656,45.959999084472656,12672
2022-07-25,MOAT.MI,45.935001373291016,45.9900016784668,45.53499984741211,45.66999816894531,3770
2022-07-26,MOAT.MI,45.57500076293945,45.849998474121094,45.5099983215332,45.5099983215332,1989
2022-07-27,MOAT.MI,45.650001525878906,45.869998931884766,45.599998474121094,45.79499816894531,157
2022-07-28,MOAT.MI,45.93000030517578,46.70500183105469,45.904998779296875,46.70500183105469,1806
2022-07-29,MOAT.MI,46.7400016784668,47.334999084472656,46.7400016784668,46.90999984741211,4953
2022-08-01,MOAT.MI,47.029998779296875,47.2400016784668,46.82500076293945,47.1150016784668,700
2022-08-02,MOAT.MI,47.099998474121094,47.11000061035156,46.849998474121094,47.11000061035156,1038
2022-08-03,MOAT.MI,47.07500076293945,47.720001220703125,47.07500076293945,47.720001220703125,95
2022-08-04,MOAT.MI,47.83000183105469,47.93000030517578,47.59000015258789,47.59000015258789,1575
2022-08-05,MOAT.MI,47.71500015258789,47.849998474121094,47.5,47.525001525878906,967
2022-08-08,MOAT.MI,47.82500076293945,48.119998931884766,47.82500076293945,47.869998931884766,2453
2022-08-09,MOAT.MI,47.650001525878906,47.650001525878906,46.959999084472656,47.08000183105469,5924
2022-08-10,MOAT.MI,47.005001068115234,47.435001373291016,46.96500015258789,47.435001373291016,2367
2022-08-11,MOAT.MI,47.689998626708984,48.0,47.6349983215332,47.849998474121094,919
2022-08-12,MOAT.MI,47.79499816894531,48.279998779296875,47.67499923706055,48.26499938964844,2384
2022-08-16,MOAT.MI,49.244998931884766,49.400001525878906,49.099998474121094,49.27000045776367,3701
2022-08-17,MOAT.MI,49.29999923706055,49.29999923706055,48.775001525878906,48.84000015258789,823
2022-08-18,MOAT.MI,48.79999923706055,49.255001068115234,48.79999923706055,49.255001068115234,191
2022-08-19,MOAT.MI,49.29999923706055,49.43000030517578,49.005001068115234,49.005001068115234,637
2022-08-22,MOAT.MI,49.119998931884766,49.119998931884766,48.625,48.775001525878906,1722
2022-08-23,MOAT.MI,48.779998779296875,48.779998779296875,48.19499969482422,48.19499969482422,732
2022-08-24,MOAT.MI,48.29999923706055,48.584999084472656,48.20000076293945,48.55500030517578,33046
2022-08-25,MOAT.MI,48.720001220703125,48.744998931884766,48.540000915527344,48.584999084472656,3686
2022-08-26,MOAT.MI,48.91999816894531,48.91999816894531,47.75,47.75,757
2022-08-29,MOAT.MI,47.314998626708984,47.314998626708984,46.584999084472656,46.71500015258789,995
2022-08-30,MOAT.MI,46.79999923706055,46.82500076293945,46.119998931884766,46.119998931884766,1197
2022-08-31,MOAT.MI,46.150001525878906,46.400001525878906,45.814998626708984,45.814998626708984,590
2022-09-01,MOAT.MI,45.51499938964844,45.75,45.435001373291016,45.560001373291016,1283
2022-09-02,MOAT.MI,45.849998474121094,46.275001525878906,45.834999084472656,46.275001525878906,9312
2022-09-05,MOAT.MI,46.165000915527344,46.165000915527344,45.900001525878906,45.970001220703125,18
2022-09-06,MOAT.MI,45.625,45.85499954223633,45.625,45.85499954223633,180
2022-09-07,MOAT.MI,45.525001525878906,45.80500030517578,45.525001525878906,45.790000915527344,94
2022-09-08,MOAT.MI,45.91999816894531,46.6349983215332,45.900001525878906,46.619998931884766,2606
2022-09-09,MOAT.MI,46.70500183105469,46.845001220703125,46.65999984741211,46.845001220703125,232
2022-09-12,MOAT.MI,46.47999954223633,46.93000030517578,46.47999954223633,46.93000030517578,161
2022-09-13,MOAT.MI,46.93000030517578,46.93000030517578,46.93000030517578,46.93000030517578,0
2022-09-14,MOAT.MI,46.93000030517578,46.93000030517578,46.93000030517578,46.93000030517578,0
2022-09-15,MOAT.MI,46.93000030517578,46.93000030517578,46.93000030517578,46.93000030517578,0
2022-09-16,MOAT.MI,46.93000030517578,46.93000030517578,46.93000030517578,46.93000030517578,0
2022-09-19,MOAT.MI,46.93000030517578,46.93000030517578,46.93000030517578,46.93000030517578,0
2022-09-20,MOAT.MI,46.93000030517578,46.93000030517578,46.93000030517578,46.93000030517578,0
2022-09-21,MOAT.MI,44.4900016784668,45.06999969482422,44.4900016784668,45.06999969482422,298
2022-09-22,MOAT.MI,44.41999816894531,44.41999816894531,43.834999084472656,43.834999084472656,320
2022-09-23,MOAT.MI,43.755001068115234,43.83000183105469,43.5,43.69499969482422,792
2022-09-26,MOAT.MI,43.974998474121094,44.0,43.584999084472656,43.7400016784668,490
2022-09-27,MOAT.MI,43.849998474121094,44.165000915527344,43.790000915527344,43.790000915527344,117
2022-09-28,MOAT.MI,43.625,43.93000030517578,43.349998474121094,43.93000030517578,1118
2022-09-29,MOAT.MI,43.775001525878906,43.94499969482422,42.970001220703125,42.970001220703125,1635
2022-09-30,MOAT.MI,42.57500076293945,43.380001068115234,42.57500076293945,43.154998779296875,1344
2022-10-03,MOAT.MI,42.54499816894531,42.91999816894531,42.185001373291016,42.91999816894531,385
2022-10-04,MOAT.MI,43.48500061035156,43.95000076293945,43.48500061035156,43.77000045776367,236
2022-10-05,MOAT.MI,43.724998474121094,43.790000915527344,43.55500030517578,43.76499938964844,59
2022-10-06,MOAT.MI,43.80500030517578,44.334999084472656,43.80500030517578,44.334999084472656,29
2022-10-07,MOAT.MI,44.0,44.0,43.13999938964844,43.13999938964844,1703
2022-10-10,MOAT.MI,43.2599983215332,43.2599983215332,42.875,42.935001373291016,66
2022-10-11,MOAT.MI,42.35499954223633,42.55500030517578,42.35499954223633,42.55500030517578,51
2022-10-12,MOAT.MI,42.55500030517578,42.834999084472656,42.55500030517578,42.61000061035156,1271
2022-10-13,MOAT.MI,42.52000045776367,42.59000015258789,41.54999923706055,42.5,287
2022-10-14,MOAT.MI,43.099998474121094,43.435001373291016,42.5,42.5099983215332,1085
2022-10-17,MOAT.MI,42.32500076293945,42.709999084472656,42.30500030517578,42.60499954223633,786
2022-10-18,MOAT.MI,43.08000183105469,43.244998931884766,42.744998931884766,42.744998931884766,1427
2022-10-19,MOAT.MI,43.125,43.125,42.79999923706055,42.810001373291016,249
2022-10-20,MOAT.MI,42.790000915527344,42.790000915527344,42.65999984741211,42.65999984741211,44
2022-10-21,MOAT.MI,42.29999923706055,42.595001220703125,42.23500061035156,42.4900016784668,665
2022-10-24,MOAT.MI,43.0,43.540000915527344,43.0,43.04999923706055,622
2022-10-25,MOAT.MI,43.334999084472656,43.56999969482422,43.334999084472656,43.51499938964844,83
2022-10-26,MOAT.MI,43.810001373291016,43.810001373291016,43.400001525878906,43.790000915527344,1395
2022-10-27,MOAT.MI,43.80500030517578,44.025001525878906,43.39500045776367,44.025001525878906,5054
2022-10-28,MOAT.MI,43.81999969482422,44.78499984741211,43.77000045776367,44.78499984741211,825
2022-10-31,MOAT.MI,45.244998931884766,45.28499984741211,45.06999969482422,45.244998931884766,256
2022-11-01,MOAT.MI,45.375,45.43000030517578,45.0099983215332,45.0099983215332,431
2022-11-02,MOAT.MI,45.060001373291016,45.060001373291016,44.67499923706055,44.67499923706055,373
2022-11-03,MOAT.MI,44.380001068115234,44.380001068115234,43.970001220703125,44.16999816894531,458
2022-11-04,MOAT.MI,44.290000915527344,44.290000915527344,43.5099983215332,43.5099983215332,154
2022-11-07,MOAT.MI,43.79499816894531,43.900001525878906,43.54999923706055,43.83000183105469,1132
2022-11-08,MOAT.MI,44.099998474121094,44.505001068115234,44.099998474121094,44.505001068115234,40
2022-11-09,MOAT.MI,44.459999084472656,44.459999084472656,44.03499984741211,44.095001220703125,1199
2022-11-10,MOAT.MI,43.97999954223633,45.27000045776367,43.8650016784668,45.27000045776367,240
2022-11-11,MOAT.MI,45.82500076293945,45.82500076293945,45.099998474121094,45.099998474121094,2241
2022-11-14,MOAT.MI,45.5,45.73500061035156,45.279998779296875,45.279998779296875,816
2022-11-15,MOAT.MI,45.084999084472656,45.6150016784668,45.084999084472656,45.45000076293945,1451
2022-11-16,MOAT.MI,45.314998626708984,45.314998626708984,44.93000030517578,44.93000030517578,953
2022-11-17,MOAT.MI,44.814998626708984,44.814998626708984,44.41999816894531,44.459999084472656,2846
2022-11-18,MOAT.MI,44.724998474121094,45.0,44.724998474121094,44.80500030517578,3979
2022-11-21,MOAT.MI,45.1349983215332,45.400001525878906,45.09000015258789,45.35499954223633,753
2022-11-22,MOAT.MI,45.275001525878906,45.5,45.2599983215332,45.5,705
2022-11-23,MOAT.MI,45.59000015258789,45.7599983215332,45.03499984741211,45.7599983215332,302
2022-11-24,MOAT.MI,45.494998931884766,45.61000061035156,45.494998931884766,45.61000061035156,125
2022-11-25,MOAT.MI,45.54999923706055,45.7599983215332,45.51499938964844,45.560001373291016,241
2022-11-28,MOAT.MI,45.14500045776367,45.38999938964844,44.89500045776367,45.275001525878906,809
2022-11-29,MOAT.MI,45.290000915527344,45.290000915527344,44.84000015258789,44.84000015258789,756
2022-11-30,MOAT.MI,45.334999084472656,45.334999084472656,44.75,45.14500045776367,345
2022-12-01,MOAT.MI,46.150001525878906,46.150001525878906,45.790000915527344,45.790000915527344,711
2022-12-02,MOAT.MI,46.0099983215332,46.0099983215332,45.349998474121094,45.53499984741211,10905
2022-12-05,MOAT.MI,45.39500045776367,45.39500045776367,45.07500076293945,45.15999984741211,236
2022-12-06,MOAT.MI,45.14500045776367,45.14500045776367,44.474998474121094,44.474998474121094,733
2022-12-07,MOAT.MI,44.650001525878906,44.650001525878906,44.084999084472656,44.275001525878906,1013
2022-12-08,MOAT.MI,44.400001525878906,44.51499938964844,44.400001525878906,44.51499938964844,339
2022-12-09,MOAT.MI,44.654998779296875,44.654998779296875,44.46500015258789,44.46500015258789,442
2022-12-12,MOAT.MI,44.275001525878906,44.52000045776367,44.119998931884766,44.52000045776367,1042
2022-12-13,MOAT.MI,44.86000061035156,45.11000061035156,44.86000061035156,45.11000061035156,388
2022-12-14,MOAT.MI,45.0,45.10499954223633,44.67499923706055,45.10499954223633,437
2022-12-15,MOAT.MI,44.22999954223633,44.33000183105469,43.375,43.375,556
2022-12-16,MOAT.MI,42.93000030517578,43.040000915527344,42.93000030517578,42.994998931884766,5978
2022-12-19,MOAT.MI,43.06999969482422,43.19499969482422,42.8650016784668,42.8650016784668,764
2022-12-20,MOAT.MI,42.34000015258789,42.599998474121094,42.22999954223633,42.5,920
2022-12-21,MOAT.MI,42.6349983215332,43.474998474121094,42.6349983215332,43.439998626708984,935
2022-12-22,MOAT.MI,43.345001220703125,43.345001220703125,42.61000061035156,42.625,915
2022-12-23,MOAT.MI,42.91999816894531,42.91999816894531,42.46500015258789,42.75,537
2022-12-27,MOAT.MI,43.32500076293945,43.32500076293945,42.59000015258789,42.814998626708984,650
2022-12-28,MOAT.MI,42.82500076293945,42.95000076293945,42.68000030517578,42.68000030517578,320
2022-12-29,MOAT.MI,42.540000915527344,42.959999084472656,42.42499923706055,42.959999084472656,266
2022-12-30,MOAT.MI,42.83000183105469,42.915000915527344,42.505001068115234,42.505001068115234,737
2023-01-02,MOAT.MI,42.75,43.685001373291016,42.744998931884766,43.685001373291016,962
2023-01-03,MOAT.MI,43.97999954223633,43.97999954223633,43.279998779296875,43.279998779296875,521
2023-01-04,MOAT.MI,43.345001220703125,43.650001525878906,43.345001220703125,43.650001525878906,2812
2023-01-05,MOAT.MI,43.65999984741211,43.689998626708984,43.3849983215332,43.3849983215332,354
2023-01-06,MOAT.MI,43.45500183105469,43.83000183105469,43.35499954223633,43.83000183105469,1030
2023-01-09,MOAT.MI,43.65999984741211,44.44499969482422,43.65999984741211,44.44499969482422,4962
2023-01-10,MOAT.MI,43.84000015258789,44.0,43.70000076293945,44.0,7244
2023-01-11,MOAT.MI,44.08000183105469,44.38999938964844,44.08000183105469,44.38999938964844,186
2023-01-12,MOAT.MI,44.71500015258789,44.724998474121094,44.345001220703125,44.345001220703125,2850
2023-01-13,MOAT.MI,44.48500061035156,44.51499938964844,44.48500061035156,44.51499938964844,3
2023-01-16,MOAT.MI,44.56999969482422,44.814998626708984,44.52000045776367,44.72999954223633,2347
2023-01-17,MOAT.MI,44.650001525878906,44.70000076293945,44.40999984741211,44.665000915527344,3010
2023-01-18,MOAT.MI,44.474998474121094,44.72999954223633,44.32500076293945,44.32500076293945,1679
2023-01-19,MOAT.MI,43.744998931884766,43.744998931884766,43.42499923706055,43.42499923706055,929
2023-01-20,MOAT.MI,43.375,43.70500183105469,43.25,43.70500183105469,2022
2023-01-23,MOAT.MI,43.81999969482422,44.57500076293945,43.720001220703125,44.57500076293945,5458
2023-01-24,MOAT.MI,44.51499938964844,44.66999816894531,44.51499938964844,44.665000915527344,2679
2023-01-25,MOAT.MI,44.21500015258789,44.404998779296875,43.849998474121094,44.084999084472656,14034
2023-01-26,MOAT.MI,44.42499923706055,44.974998474121094,44.42499923706055,44.720001220703125,2346
2023-01-27,MOAT.MI,44.959999084472656,45.17499923706055,44.875,45.05500030517578,446
2023-01-30,MOAT.MI,44.810001373291016,44.90999984741211,44.48500061035156,44.90999984741211,460
2023-01-31,MOAT.MI,44.959999084472656,44.959999084472656,44.650001525878906,44.875,452
2023-02-01,MOAT.MI,45.150001525878906,45.25,45.08000183105469,45.185001373291016,780
2023-02-02,MOAT.MI,45.654998779296875,46.459999084472656,45.584999084472656,46.459999084472656,3932
2023-02-03,MOAT.MI,46.439998626708984,46.625,46.15999984741211,46.625,4625
2023-02-06,MOAT.MI,46.18000030517578,46.494998931884766,46.099998474121094,46.494998931884766,2021
2023-02-07,MOAT.MI,46.5,46.52000045776367,46.345001220703125,46.40999984741211,565
2023-02-08,MOAT.MI,46.70000076293945,47.04499816894531,46.560001373291016,46.560001373291016,3683
2023-02-09,MOAT.MI,46.724998474121094,46.724998474121094,46.439998626708984,46.439998626708984,1862
2023-02-10,MOAT.MI,46.099998474121094,46.14500045776367,45.875,46.1349983215332,684
2023-02-13,MOAT.MI,46.27000045776367,46.57500076293945,46.21500015258789,46.564998626708984,2165
2023-02-14,MOAT.MI,46.529998779296875,47.28499984741211,46.29999923706055,46.29999923706055,380
2023-02-15,MOAT.MI,46.3849983215332,46.834999084472656,46.3849983215332,46.834999084472656,445
2023-02-16,MOAT.MI,47.09000015258789,47.09000015258789,46.685001373291016,46.73500061035156,408
2023-02-17,MOAT.MI,46.724998474121094,46.724998474121094,46.20000076293945,46.209999084472656,1016
2023-02-20,MOAT.MI,46.189998626708984,46.564998626708984,46.189998626708984,46.20500183105469,281
2023-02-21,MOAT.MI,46.0,46.165000915527344,45.60499954223633,45.625,1129
2023-02-22,MOAT.MI,45.77000045776367,45.80500030517578,45.55500030517578,45.68000030517578,452
2023-02-23,MOAT.MI,45.869998931884766,45.970001220703125,45.584999084472656,45.584999084472656,1657
2023-02-24,MOAT.MI,45.80500030517578,45.80500030517578,45.42499923706055,45.494998931884766,1780
2023-02-27,MOAT.MI,45.7400016784668,45.85499954223633,45.61000061035156,45.61000061035156,1369
2023-02-28,MOAT.MI,45.27000045776367,45.564998626708984,45.27000045776367,45.55500030517578,648
2023-03-01,MOAT.MI,45.36000061035156,45.36000061035156,44.81999969482422,44.81999969482422,2784
2023-03-02,MOAT.MI,44.79499816894531,45.06999969482422,44.71500015258789,45.06999969482422,1137
2023-03-03,MOAT.MI,45.529998779296875,45.775001525878906,45.529998779296875,45.775001525878906,55
2023-03-06,MOAT.MI,45.86000061035156,46.099998474121094,45.86000061035156,45.98500061035156,1495
2023-03-07,MOAT.MI,45.7599983215332,45.880001068115234,45.6150016784668,45.6150016784668,569
2023-03-08,MOAT.MI,45.685001373291016,45.744998931884766,45.599998474121094,45.61000061035156,2607
2023-03-09,MOAT.MI,45.599998474121094,45.64500045776367,45.404998779296875,45.404998779296875,527
2023-03-10,MOAT.MI,44.290000915527344,44.529998779296875,43.654998779296875,44.09000015258789,1692
2023-03-13,MOAT.MI,43.810001373291016,43.810001373291016,42.79999923706055,42.994998931884766,6334
2023-03-14,MOAT.MI,43.255001068115234,43.82500076293945,43.21500015258789,43.7400016784668,66
2023-03-15,MOAT.MI,43.650001525878906,43.834999084472656,43.380001068115234,43.60499954223633,6868
2023-03-16,MOAT.MI,43.97999954223633,44.404998779296875,43.814998626708984,44.33000183105469,132
2023-03-17,MOAT.MI,44.40999984741211,44.40999984741211,43.790000915527344,43.790000915527344,1096
2023-03-20,MOAT.MI,43.67499923706055,43.834999084472656,43.654998779296875,43.744998931884766,1056
2023-03-21,MOAT.MI,44.060001373291016,44.06999969482422,44.04499816894531,44.06999969482422,213
2023-03-22,MOAT.MI,44.25,44.25,44.029998779296875,44.029998779296875,1113
2023-03-23,MOAT.MI,43.20000076293945,43.54499816894531,43.165000915527344,43.525001525878906,1098
2023-03-24,MOAT.MI,43.400001525878906,43.400001525878906,43.28499984741211,43.310001373291016,199
2023-03-27,MOAT.MI,43.810001373291016,44.0099983215332,43.720001220703125,43.810001373291016,407
2023-03-28,MOAT.MI,43.7400016784668,43.7400016784668,43.375,43.470001220703125,2564
2023-03-29,MOAT.MI,43.8650016784668,44.029998779296875,43.78499984741211,43.935001373291016,603
2023-03-30,MOAT.MI,44.22999954223633,44.38999938964844,44.15999984741211,44.2400016784668,4304
2023-03-31,MOAT.MI,44.310001373291016,44.849998474121094,44.290000915527344,44.83000183105469,430
2023-04-03,MOAT.MI,45.2400016784668,45.2400016784668,44.650001525878906,44.650001525878906,1111
2023-04-04,MOAT.MI,44.72999954223633,44.939998626708984,44.25,44.25,952
2023-04-05,MOAT.MI,44.14500045776367,44.14500045776367,43.814998626708984,43.814998626708984,2087
2023-04-06,MOAT.MI,43.94499969482422,43.959999084472656,43.689998626708984,43.720001220703125,3551
2023-04-11,MOAT.MI,44.130001068115234,44.25,44.029998779296875,44.25,425
2023-04-12,MOAT.MI,44.25,44.349998474121094,43.915000915527344,43.915000915527344,231
2023-04-13,MOAT.MI,43.8650016784668,43.8650016784668,43.67499923706055,43.67499923706055,939
2023-04-14,MOAT.MI,43.849998474121094,44.185001373291016,43.84000015258789,44.09000015258789,1270
2023-04-17,MOAT.MI,44.224998474121094,44.28499984741211,44.005001068115234,44.154998779296875,1060
2023-04-18,MOAT.MI,44.29499816894531,44.53499984741211,44.23500061035156,44.23500061035156,1308
2023-04-19,MOAT.MI,44.27000045776367,44.27000045776367,44.20000076293945,44.244998931884766,4359
2023-04-20,MOAT.MI,44.27000045776367,44.27000045776367,44.26499938964844,44.26499938964844,30
2023-04-21,MOAT.MI,44.23500061035156,44.310001373291016,44.13999938964844,44.16999816894531,3565
2023-04-24,MOAT.MI,44.040000915527344,44.16999816894531,43.94499969482422,43.94499969482422,2551
2023-04-25,MOAT.MI,43.84000015258789,43.84000015258789,43.73500061035156,43.790000915527344,5034
2023-04-26,MOAT.MI,43.415000915527344,43.415000915527344,43.185001373291016,43.22999954223633,118
2023-04-27,MOAT.MI,43.13999938964844,43.415000915527344,43.04499816894531,43.39500045776367,3276
2023-04-28,MOAT.MI,43.95000076293945,44.2599983215332,43.875,44.029998779296875,5399
2023-05-02,MOAT.MI,44.584999084472656,44.65999984741211,43.67499923706055,43.67499923706055,919
2023-05-03,MOAT.MI,43.880001068115234,43.97999954223633,43.720001220703125,43.720001220703125,12360
2023-05-04,MOAT.MI,43.48500061035156,43.54999923706055,43.18000030517578,43.255001068115234,2854
2023-05-05,MOAT.MI,43.25,43.83000183105469,43.20000076293945,43.64500045776367,5102
2023-05-08,MOAT.MI,43.79999923706055,43.84000015258789,43.64500045776367,43.69499969482422,249
2023-05-09,MOAT.MI,43.869998931884766,43.91999816894531,43.78499984741211,43.8849983215332,833
2023-05-10,MOAT.MI,43.779998779296875,44.0,43.76499938964844,43.8650016784668,200
2023-05-11,MOAT.MI,44.279998779296875,44.279998779296875,43.84000015258789,43.84000015258789,6187
2023-05-12,MOAT.MI,44.1349983215332,44.255001068115234,44.06999969482422,44.06999969482422,296
2023-05-15,MOAT.MI,44.40999984741211,44.41999816894531,44.13999938964844,44.41999816894531,5824
2023-05-16,MOAT.MI,44.5,44.5,44.26499938964844,44.349998474121094,4959
2023-05-17,MOAT.MI,44.5,44.55500030517578,44.41999816894531,44.55500030517578,810
2023-05-18,MOAT.MI,44.97999954223633,45.44499969482422,44.97999954223633,45.44499969482422,1381
2023-05-19,MOAT.MI,45.650001525878906,45.689998626708984,45.23500061035156,45.23500061035156,503
2023-05-22,MOAT.MI,45.22999954223633,45.439998626708984,45.22999954223633,45.439998626708984,781
2023-05-23,MOAT.MI,45.400001525878906,45.54999923706055,45.29999923706055,45.369998931884766,457
2023-05-24,MOAT.MI,44.915000915527344,44.915000915527344,44.404998779296875,44.5,18490
2023-05-25,MOAT.MI,44.64500045776367,44.68000030517578,44.349998474121094,44.68000030517578,4500
2023-05-26,MOAT.MI,44.7599983215332,45.470001220703125,44.7599983215332,45.45000076293945,7716
2023-05-29,MOAT.MI,46.1150016784668,46.1150016784668,45.22999954223633,45.72999954223633,923
2023-05-30,MOAT.MI,45.73500061035156,45.75,45.41999816894531,45.43000030517578,839
2023-05-31,MOAT.MI,45.47999954223633,45.560001373291016,45.130001068115234,45.20000076293945,1605
2023-06-01,MOAT.MI,45.415000915527344,45.415000915527344,45.095001220703125,45.20000076293945,405
2023-06-02,MOAT.MI,45.310001373291016,46.189998626708984,45.08000183105469,46.189998626708984,1136
2023-06-05,MOAT.MI,46.470001220703125,46.5,46.29999923706055,46.29999923706055,298
2023-06-06,MOAT.MI,46.25,46.529998779296875,46.25,46.439998626708984,359
2023-06-07,MOAT.MI,46.44499969482422,46.45000076293945,46.290000915527344,46.42499923706055,1251
2023-06-08,MOAT.MI,46.154998779296875,46.36000061035156,46.060001373291016,46.20000076293945,788
2023-06-09,MOAT.MI,46.099998474121094,46.4900016784668,46.099998474121094,46.2400016784668,740
2023-06-12,MOAT.MI,46.470001220703125,46.470001220703125,46.31999969482422,46.3650016784668,655
2023-06-13,MOAT.MI,46.584999084472656,46.86000061035156,46.5,46.86000061035156,1147
2023-06-14,MOAT.MI,46.85499954223633,46.95500183105469,46.814998626708984,46.95500183105469,2282
2023-06-15,MOAT.MI,46.94499969482422,46.94499969482422,46.47999954223633,46.4900016784668,10357
2023-06-16,MOAT.MI,46.84000015258789,46.974998474121094,46.7400016784668,46.77000045776367,188
2023-06-19,MOAT.MI,46.630001068115234,46.63999938964844,46.505001068115234,46.505001068115234,158
2023-06-20,MOAT.MI,46.45500183105469,46.4900016784668,46.19499969482422,46.209999084472656,745
2023-06-21,MOAT.MI,46.27000045776367,46.27000045776367,45.959999084472656,45.959999084472656,81
2023-06-22,MOAT.MI,45.599998474121094,45.72999954223633,45.470001220703125,45.72999954223633,11280
2023-06-23,MOAT.MI,45.959999084472656,46.025001525878906,45.689998626708984,45.70000076293945,1104
2023-06-26,MOAT.MI,45.69499969482422,45.73500061035156,45.525001525878906,45.654998779296875,3885
2023-06-27,MOAT.MI,45.70500183105469,45.709999084472656,45.42499923706055,45.709999084472656,5156
2023-06-28,MOAT.MI,45.994998931884766,46.08000183105469,45.9900016784668,46.08000183105469,1106
2023-06-29,MOAT.MI,46.13999938964844,46.46500015258789,46.125,46.46500015258789,17825
2023-06-30,MOAT.MI,46.75,46.970001220703125,46.75,46.814998626708984,409
2023-07-03,MOAT.MI,46.79499816894531,46.845001220703125,46.665000915527344,46.79999923706055,4067
2023-07-04,MOAT.MI,47.060001373291016,47.060001373291016,46.79999923706055,46.845001220703125,290
2023-07-05,MOAT.MI,46.724998474121094,46.875,46.625,46.81999969482422,1798
2023-07-06,MOAT.MI,46.79499816894531,46.79499816894531,46.060001373291016,46.064998626708984,1675
2023-07-07,MOAT.MI,46.290000915527344,46.290000915527344,46.060001373291016,46.060001373291016,1380
2023-07-10,MOAT.MI,45.875,46.255001068115234,45.7599983215332,46.17499923706055,1082
2023-07-11,MOAT.MI,46.064998626708984,46.40999984741211,46.04499816894531,46.375,3905
2023-07-12,MOAT.MI,46.47999954223633,46.595001220703125,46.35499954223633,46.35499954223633,395
2023-07-13,MOAT.MI,46.334999084472656,46.334999084472656,46.16999816894531,46.2400016784668,1369
2023-07-14,MOAT.MI,46.22999954223633,46.26499938964844,45.93000030517578,45.93000030517578,2480
2023-07-17,MOAT.MI,45.814998626708984,46.08000183105469,45.7400016784668,46.08000183105469,1251
2023-07-18,MOAT.MI,45.900001525878906,46.30500030517578,45.900001525878906,46.30500030517578,871
2023-07-19,MOAT.MI,46.439998626708984,46.92499923706055,46.39500045776367,46.81999969482422,804
2023-07-20,MOAT.MI,46.849998474121094,46.88999938964844,46.75,46.88999938964844,2330
2023-07-21,MOAT.MI,46.81999969482422,47.06999969482422,46.81999969482422,47.06999969482422,2053
2023-07-24,MOAT.MI,46.88999938964844,47.224998474121094,46.88999938964844,47.224998474121094,503
2023-07-25,MOAT.MI,47.31999969482422,47.375,47.31999969482422,47.375,298
2023-07-26,MOAT.MI,47.35499954223633,47.35499954223633,47.099998474121094,47.10499954223633,938
2023-07-27,MOAT.MI,47.119998931884766,48.125,47.119998931884766,47.915000915527344,1790
2023-07-28,MOAT.MI,47.45500183105469,47.69499969482422,47.43000030517578,47.43000030517578,2181
2023-07-31,MOAT.MI,47.57500076293945,47.7599983215332,47.52000045776367,47.68000030517578,3108
2023-08-01,MOAT.MI,47.80500030517578,47.8849983215332,47.61000061035156,47.61000061035156,2656
2023-08-02,MOAT.MI,47.279998779296875,47.3849983215332,47.10499954223633,47.275001525878906,652
2023-08-03,MOAT.MI,47.22999954223633,47.275001525878906,46.94499969482422,47.07500076293945,1982
2023-08-04,MOAT.MI,46.95000076293945,47.0,46.584999084472656,46.584999084472656,1953
2023-08-07,MOAT.MI,46.58000183105469,46.7400016784668,46.5,46.720001220703125,2036
2023-08-08,MOAT.MI,46.665000915527344,46.71500015258789,46.150001525878906,46.19499969482422,1410
2023-08-09,MOAT.MI,46.54999923706055,46.54999923706055,46.275001525878906,46.275001525878906,3249
2023-08-10,MOAT.MI,46.369998931884766,46.6150016784668,46.29999923706055,46.45000076293945,708
2023-08-11,MOAT.MI,46.32500076293945,46.32500076293945,46.20000076293945,46.275001525878906,165
2023-08-14,MOAT.MI,46.30500030517578,46.53499984741211,46.30500030517578,46.53499984741211,500
2023-08-16,MOAT.MI,46.05500030517578,46.05500030517578,45.88999938964844,46.01499938964844,1205
2023-08-17,MOAT.MI,45.84000015258789,45.849998474121094,45.63999938964844,45.63999938964844,1650
2023-08-18,MOAT.MI,45.28499984741211,45.29499816894531,45.154998779296875,45.27000045776367,604
2023-08-21,MOAT.MI,45.47999954223633,45.47999954223633,45.224998474121094,45.224998474121094,10
2023-08-22,MOAT.MI,45.540000915527344,45.6150016784668,45.44499969482422,45.564998626708984,7243
2023-08-23,MOAT.MI,45.775001525878906,45.8650016784668,45.775001525878906,45.8650016784668,426
2023-08-24,MOAT.MI,46.14500045776367,46.14500045776367,45.869998931884766,45.869998931884766,681
2023-08-25,MOAT.MI,45.80500030517578,45.935001373291016,45.685001373291016,45.935001373291016,327
2023-08-28,MOAT.MI,46.04999923706055,46.400001525878906,45.97999954223633,46.279998779296875,1853
2023-08-29,MOAT.MI,46.349998474121094,46.61000061035156,46.349998474121094,46.564998626708984,439
2023-08-30,MOAT.MI,46.75,46.75,46.404998779296875,46.470001220703125,885
2023-08-31,MOAT.MI,46.904998779296875,47.20000076293945,46.904998779296875,47.125,25
2023-09-01,MOAT.MI,47.06999969482422,47.375,47.06999969482422,47.375,2748
2023-09-04,MOAT.MI,47.40999984741211,47.439998626708984,47.20000076293945,47.20000076293945,622
2023-09-05,MOAT.MI,47.255001068115234,47.94499969482422,47.255001068115234,47.52000045776367,2021
2023-09-06,MOAT.MI,47.11000061035156,47.30500030517578,47.005001068115234,47.165000915527344,407
2023-09-07,MOAT.MI,47.165000915527344,47.220001220703125,46.88999938964844,46.974998474121094,1656
2023-09-08,MOAT.MI,46.935001373291016,47.06999969482422,46.935001373291016,47.06999969482422,299
2023-09-11,MOAT.MI,47.029998779296875,47.165000915527344,46.904998779296875,46.904998779296875,3014
2023-09-12,MOAT.MI,47.02000045776367,47.02000045776367,46.76499938964844,46.76499938964844,1528
2023-09-13,MOAT.MI,46.650001525878906,46.650001525878906,46.529998779296875,46.564998626708984,533
2023-09-14,MOAT.MI,46.63999938964844,47.025001525878906,46.63999938964844,47.02000045776367,623
2023-09-15,MOAT.MI,47.26499938964844,47.45500183105469,46.845001220703125,46.845001220703125,414
2023-09-18,MOAT.MI,46.6349983215332,46.6349983215332,46.59000015258789,46.59000015258789,158
2023-09-19,MOAT.MI,46.599998474121094,46.6349983215332,46.2599983215332,46.27000045776367,1548
2023-09-20,MOAT.MI,46.375,46.494998931884766,46.375,46.439998626708984,290
2023-09-21,MOAT.MI,46.279998779296875,46.279998779296875,45.65999984741211,45.65999984741211,396
2023-09-22,MOAT.MI,45.564998626708984,45.63999938964844,45.54999923706055,45.63999938964844,869
2023-09-25,MOAT.MI,45.435001373291016,45.60499954223633,45.31999969482422,45.599998474121094,179
2023-09-26,MOAT.MI,45.44499969482422,45.44499969482422,45.154998779296875,45.154998779296875,855
2023-09-27,MOAT.MI,45.19499969482422,45.5,45.19499969482422,45.415000915527344,138
2023-09-28,MOAT.MI,45.29999923706055,45.53499984741211,45.27000045776367,45.53499984741211,2444
2023-09-29,MOAT.MI,45.650001525878906,45.900001525878906,45.63999938964844,45.880001068115234,1664
2023-10-02,MOAT.MI,45.880001068115234,45.880001068115234,45.650001525878906,45.75,431
2023-10-03,MOAT.MI,45.68000030517578,45.779998779296875,45.220001220703125,45.22999954223633,658
2023-10-04,MOAT.MI,44.95500183105469,45.095001220703125,44.82500076293945,45.029998779296875,876
2023-10-05,MOAT.MI,45.189998626708984,45.2400016784668,44.685001373291016,44.72999954223633,3258
2023-10-06,MOAT.MI,44.97999954223633,45.05500030517578,44.7400016784668,45.05500030517578,1399
2023-10-09,MOAT.MI,45.040000915527344,45.30500030517578,45.040000915527344,45.30500030517578,1176
2023-10-10,MOAT.MI,45.54999923706055,45.86000061035156,45.494998931884766,45.86000061035156,313
2023-10-11,MOAT.MI,45.630001068115234,45.755001068115234,45.5,45.5,848
2023-10-12,MOAT.MI,45.650001525878906,45.81999969482422,45.560001373291016,45.689998626708984,4903
2023-10-13,MOAT.MI,45.48500061035156,45.60499954223633,45.32500076293945,45.400001525878906,5442
2023-10-16,MOAT.MI,45.435001373291016,45.790000915527344,45.349998474121094,45.790000915527344,1305
2023-10-17,MOAT.MI,45.689998626708984,45.869998931884766,45.52000045776367,45.869998931884766,485
2023-10-18,MOAT.MI,45.71500015258789,45.73500061035156,45.595001220703125,45.595001220703125,1046
2023-10-19,MOAT.MI,45.244998931884766,45.29999923706055,44.91999816894531,44.98500061035156,491
2023-10-20,MOAT.MI,44.58000183105469,44.58000183105469,44.13999938964844,44.13999938964844,2066
2023-10-23,MOAT.MI,44.16999816894531,44.16999816894531,43.814998626708984,43.814998626708984,468
2023-10-24,MOAT.MI,43.70000076293945,44.1150016784668,43.70000076293945,44.1150016784668,890
2023-10-25,MOAT.MI,43.970001220703125,44.1150016784668,43.720001220703125,43.790000915527344,1384
2023-10-26,MOAT.MI,43.345001220703125,43.64500045776367,43.345001220703125,43.525001525878906,1416
2023-10-27,MOAT.MI,43.375,43.375,42.900001525878906,43.04499816894531,4238
2023-10-30,MOAT.MI,43.150001525878906,43.150001525878906,42.76499938964844,42.79999923706055,3878
2023-10-31,MOAT.MI,42.810001373291016,43.470001220703125,42.810001373291016,43.470001220703125,327
2023-11-01,MOAT.MI,43.56999969482422,43.86000061035156,43.529998779296875,43.724998474121094,1999
2023-11-02,MOAT.MI,43.900001525878906,44.435001373291016,43.86000061035156,44.345001220703125,1632
2023-11-03,MOAT.MI,44.73500061035156,44.73500061035156,44.525001525878906,44.6349983215332,84
2023-11-06,MOAT.MI,44.650001525878906,44.650001525878906,44.369998931884766,44.43000030517578,1124
2023-11-07,MOAT.MI,44.54999923706055,44.79999923706055,44.54999923706055,44.79999923706055,6676
2023-11-08,MOAT.MI,44.720001220703125,44.80500030517578,44.57500076293945,44.59000015258789,1110
2023-11-09,MOAT.MI,44.67499923706055,44.904998779296875,44.470001220703125,44.599998474121094,1707
2023-11-10,MOAT.MI,44.27000045776367,44.529998779296875,44.27000045776367,44.529998779296875,443
2023-11-13,MOAT.MI,44.7400016784668,44.880001068115234,44.70500183105469,44.779998779296875,3927
2023-11-14,MOAT.MI,44.79499816894531,45.3849983215332,44.70500183105469,45.3849983215332,2114
2023-11-15,MOAT.MI,45.279998779296875,45.665000915527344,45.279998779296875,45.619998931884766,9086
2023-11-16,MOAT.MI,45.35499954223633,45.35499954223633,45.14500045776367,45.17499923706055,406
2023-11-17,MOAT.MI,45.3849983215332,45.38999938964844,45.23500061035156,45.23500061035156,965
2023-11-20,MOAT.MI,45.099998474121094,45.20000076293945,45.060001373291016,45.10499954223633,626
2023-11-21,MOAT.MI,45.2599983215332,45.314998626708984,45.224998474121094,45.314998626708984,640
2023-11-22,MOAT.MI,45.3849983215332,45.904998779296875,45.3849983215332,45.880001068115234,1053
2023-11-23,MOAT.MI,45.68000030517578,45.70500183105469,45.6150016784668,45.69499969482422,78
2023-11-24,MOAT.MI,45.66999816894531,45.66999816894531,45.55500030517578,45.55500030517578,655
2023-11-27,MOAT.MI,45.44499969482422,45.599998474121094,45.44499969482422,45.599998474121094,8196
2023-11-28,MOAT.MI,45.459999084472656,45.459999084472656,45.21500015258789,45.400001525878906,1262
2023-11-29,MOAT.MI,45.52000045776367,45.790000915527344,45.52000045776367,45.70500183105469,1669
2023-11-30,MOAT.MI,45.814998626708984,46.029998779296875,45.814998626708984,46.029998779296875,1182
2023-12-01,MOAT.MI,46.34000015258789,46.65999984741211,46.31999969482422,46.65999984741211,1940
2023-12-04,MOAT.MI,46.81999969482422,47.14500045776367,46.775001525878906,46.869998931884766,2680
2023-12-05,MOAT.MI,46.869998931884766,46.89500045776367,46.650001525878906,46.89500045776367,363
2023-12-06,MOAT.MI,46.9900016784668,47.04999923706055,46.96500015258789,46.96500015258789,154
2023-12-07,MOAT.MI,46.82500076293945,46.97999954223633,46.779998779296875,46.935001373291016,4998
2023-12-08,MOAT.MI,47.20500183105469,47.27000045776367,47.20500183105469,47.27000045776367,22
2023-12-11,MOAT.MI,47.380001068115234,47.79999923706055,47.290000915527344,47.79999923706055,1235
2023-12-12,MOAT.MI,47.744998931884766,47.85499954223633,47.584999084472656,47.85499954223633,788
2023-12-13,MOAT.MI,48.0,48.04499816894531,47.89500045776367,47.89500045776367,475
2023-12-14,MOAT.MI,48.41999816894531,48.41999816894531,48.30500030517578,48.30500030517578,412
2023-12-15,MOAT.MI,48.75,48.75,48.5099983215332,48.685001373291016,440
2023-12-18,MOAT.MI,48.849998474121094,48.849998474121094,48.60499954223633,48.6349983215332,496
2023-12-19,MOAT.MI,48.76499938964844,48.790000915527344,48.599998474121094,48.72999954223633,1517
2023-12-20,MOAT.MI,48.83000183105469,48.83000183105469,48.665000915527344,48.83000183105469,4548
2023-12-21,MOAT.MI,48.57500076293945,48.57500076293945,48.275001525878906,48.435001373291016,1463
2023-12-22,MOAT.MI,48.404998779296875,48.654998779296875,48.334999084472656,48.630001068115234,3969
2023-12-27,MOAT.MI,48.83000183105469,48.83000183105469,48.525001525878906,48.525001525878906,240
2023-12-28,MOAT.MI,48.77000045776367,48.77000045776367,48.52000045776367,48.71500015258789,904
2023-12-29,MOAT.MI,48.95500183105469,49.005001068115234,48.599998474121094,48.599998474121094,1121
2024-01-02,MOAT.MI,49.04499816894531,49.06999969482422,48.755001068115234,48.755001068115234,588
2024-01-03,MOAT.MI,48.744998931884766,48.744998931884766,48.290000915527344,48.290000915527344,7201
2024-01-04,MOAT.MI,48.224998474121094,48.224998474121094,47.95000076293945,48.11000061035156,368
2024-01-05,MOAT.MI,48.084999084472656,48.10499954223633,47.96500015258789,48.01499938964844,756
2024-01-08,MOAT.MI,47.900001525878906,48.255001068115234,47.83000183105469,48.20000076293945,356
2024-01-09,MOAT.MI,48.46500015258789,48.65999984741211,48.46500015258789,48.65999984741211,350
2024-01-10,MOAT.MI,48.529998779296875,48.529998779296875,48.314998626708984,48.400001525878906,1434
2024-01-11,MOAT.MI,48.63999938964844,48.650001525878906,48.31999969482422,48.31999969482422,2395
2024-01-12,MOAT.MI,48.54999923706055,48.91999816894531,48.54999923706055,48.724998474121094,2590
2024-01-15,MOAT.MI,48.78499984741211,48.83000183105469,48.724998474121094,48.83000183105469,4055
2024-01-16,MOAT.MI,48.68000030517578,49.0,48.68000030517578,48.994998931884766,1462
2024-01-17,MOAT.MI,48.80500030517578,48.8650016784668,48.70500183105469,48.8650016784668,1432
2024-01-18,MOAT.MI,48.584999084472656,49.099998474121094,48.584999084472656,49.08000183105469,3059
2024-01-19,MOAT.MI,49.31999969482422,49.540000915527344,49.279998779296875,49.29999923706055,364
2024-01-22,MOAT.MI,49.724998474121094,50.0099983215332,49.724998474121094,49.959999084472656,868
2024-01-23,MOAT.MI,49.79499816894531,50.209999084472656,49.75,49.98500061035156,2157
2024-01-24,MOAT.MI,50.099998474121094,50.36000061035156,50.0,50.060001373291016,304
2024-01-25,MOAT.MI,49.70500183105469,50.15999984741211,49.70500183105469,50.15999984741211,1945
2024-01-26,MOAT.MI,50.20000076293945,50.279998779296875,50.0,50.220001220703125,1437
2024-01-29,MOAT.MI,50.18000030517578,50.33000183105469,50.06999969482422,50.33000183105469,549
2024-01-30,MOAT.MI,50.5,50.689998626708984,50.4900016784668,50.4900016784668,55
2024-01-31,MOAT.MI,50.52000045776367,50.52000045776367,49.70000076293945,49.70000076293945,1095
2024-02-01,MOAT.MI,49.66999816894531,49.66999816894531,49.220001220703125,49.220001220703125,195
2024-02-02,MOAT.MI,49.685001373291016,49.880001068115234,49.39500045776367,49.880001068115234,1364
2024-02-05,MOAT.MI,49.9900016784668,50.22999954223633,49.86000061035156,49.94499969482422,1840
2024-02-06,MOAT.MI,49.92499923706055,50.150001525878906,49.630001068115234,50.119998931884766,5532
2024-02-07,MOAT.MI,50.369998931884766,50.45000076293945,50.18000030517578,50.45000076293945,169
2024-02-08,MOAT.MI,50.54999923706055,50.86000061035156,50.54999923706055,50.720001220703125,240
2024-02-09,MOAT.MI,50.79999923706055,51.04999923706055,50.75,50.97999954223633,839
2024-02-12,MOAT.MI,51.060001373291016,51.4900016784668,51.060001373291016,51.4900016784668,533
2024-02-13,MOAT.MI,51.36000061035156,51.36000061035156,50.689998626708984,51.09000015258789,449
2024-02-14,MOAT.MI,50.689998626708984,51.31999969482422,50.689998626708984,51.2400016784668,222
2024-02-15,MOAT.MI,51.599998474121094,51.599998474121094,51.25,51.369998931884766,531
2024-02-16,MOAT.MI,51.56999969482422,51.720001220703125,51.43000030517578,51.43000030517578,393
2024-02-19,MOAT.MI,51.0,51.20000076293945,50.939998626708984,51.18000030517578,143
2024-02-20,MOAT.MI,50.83000183105469,50.939998626708984,50.79999923706055,50.81999969482422,365
2024-02-21,MOAT.MI,50.86000061035156,50.86000061035156,50.56999969482422,50.56999969482422,4180
2024-02-22,MOAT.MI,51.0,51.560001373291016,50.86000061035156,51.189998626708984,1584
2024-02-23,MOAT.MI,51.189998626708984,51.5099983215332,51.060001373291016,51.34000015258789,562
2024-02-26,MOAT.MI,51.31999969482422,51.38999938964844,51.099998474121094,51.2599983215332,503
2024-02-27,MOAT.MI,51.06999969482422,51.34000015258789,51.06999969482422,51.15999984741211,2688
2024-02-28,MOAT.MI,51.33000183105469,51.36000061035156,51.099998474121094,51.31999969482422,291
2024-02-29,MOAT.MI,51.29999923706055,51.4900016784668,51.29999923706055,51.4900016784668,151
2024-03-01,MOAT.MI,51.68000030517578,51.72999954223633,51.529998779296875,51.66999816894531,2544
2024-03-04,MOAT.MI,51.63999938964844,51.79999923706055,51.63999938964844,51.65999984741211,706
2024-03-05,MOAT.MI,51.66999816894531,51.66999816894531,51.41999816894531,51.41999816894531,174
2024-03-06,MOAT.MI,51.22999954223633,51.31999969482422,51.099998474121094,51.15999984741211,410
2024-03-07,MOAT.MI,51.08000183105469,51.310001373291016,50.880001068115234,51.220001220703125,496
2024-03-08,MOAT.MI,51.27000045776367,51.65999984741211,51.220001220703125,51.65999984741211,903
2024-03-11,MOAT.MI,51.11000061035156,51.439998626708984,51.04999923706055,51.400001525878906,461
2024-03-12,MOAT.MI,51.70000076293945,51.79999923706055,51.529998779296875,51.65999984741211,962
2024-03-13,MOAT.MI,51.689998626708984,52.209999084472656,51.66999816894531,51.66999816894531,443
2024-03-14,MOAT.MI,51.709999084472656,51.83000183105469,51.18000030517578,51.36000061035156,1513
2024-03-15,MOAT.MI,51.470001220703125,51.5,51.029998779296875,51.029998779296875,263
2024-03-18,MOAT.MI,51.36000061035156,51.52000045776367,51.06999969482422,51.45000076293945,2993
2024-03-19,MOAT.MI,51.41999816894531,51.459999084472656,51.369998931884766,51.369998931884766,106
2024-03-20,MOAT.MI,51.5,51.75,51.470001220703125,51.58000183105469,690
2024-03-21,MOAT.MI,51.9900016784668,52.52000045776367,51.9900016784668,52.52000045776367,621
2024-03-22,MOAT.MI,52.540000915527344,52.540000915527344,52.380001068115234,52.380001068115234,162
2024-03-25,MOAT.MI,52.400001525878906,52.470001220703125,52.04999923706055,52.119998931884766,159
2024-03-26,MOAT.MI,52.09000015258789,52.15999984741211,52.040000915527344,52.15999984741211,1900
2024-03-27,MOAT.MI,52.40999984741211,52.560001373291016,52.2400016784668,52.40999984741211,468
2024-03-28,MOAT.MI,52.77000045776367,52.939998626708984,52.619998931884766,52.779998779296875,840
2024-04-02,MOAT.MI,53.0,53.0,51.970001220703125,52.099998474121094,284
2024-04-03,MOAT.MI,52.189998626708984,52.25,51.970001220703125,52.0099983215332,829
2024-04-04,MOAT.MI,51.79999923706055,52.11000061035156,51.720001220703125,52.11000061035156,360
2024-04-05,MOAT.MI,51.25,51.619998931884766,51.15999984741211,51.470001220703125,953
2024-04-08,MOAT.MI,51.59000015258789,51.68000030517578,51.59000015258789,51.61000061035156,556
2024-04-09,MOAT.MI,51.58000183105469,51.63999938964844,51.47999954223633,51.59000015258789,66
2024-04-10,MOAT.MI,51.88999938964844,51.95000076293945,51.439998626708984,51.58000183105469,251
2024-04-11,MOAT.MI,51.5,51.540000915527344,51.40999984741211,51.540000915527344,68
2024-04-12,MOAT.MI,52.040000915527344,52.040000915527344,51.54999923706055,51.650001525878906,4749
2024-04-15,MOAT.MI,51.599998474121094,51.900001525878906,51.43000030517578,51.43000030517578,590
2024-04-16,MOAT.MI,50.84000015258789,50.84000015258789,50.47999954223633,50.70000076293945,186
2024-04-17,MOAT.MI,50.650001525878906,50.650001525878906,50.220001220703125,50.220001220703125,368
2024-04-18,MOAT.MI,50.2599983215332,50.2599983215332,49.94499969482422,50.220001220703125,2852
2024-04-19,MOAT.MI,49.7599983215332,50.029998779296875,49.7599983215332,50.029998779296875,2103
2024-04-22,MOAT.MI,50.13999938964844,50.470001220703125,50.06999969482422,50.08000183105469,1992
2024-04-23,MOAT.MI,50.45000076293945,50.72999954223633,50.33000183105469,50.72999954223633,607
2024-04-24,MOAT.MI,50.709999084472656,50.77000045776367,50.59000015258789,50.65999984741211,2771
2024-04-25,MOAT.MI,50.84000015258789,50.84000015258789,50.29999923706055,50.29999923706055,84
2024-04-26,MOAT.MI,50.56999969482422,51.22999954223633,50.56999969482422,51.22999954223633,485
2024-04-29,MOAT.MI,51.0099983215332,51.13999938964844,50.849998474121094,51.13999938964844,920
2024-04-30,MOAT.MI,51.150001525878906,51.150001525878906,50.939998626708984,50.939998626708984,281
2024-05-02,MOAT.MI,50.22999954223633,50.310001373291016,50.130001068115234,50.209999084472656,410
2024-05-03,MOAT.MI,50.130001068115234,50.43000030517578,50.130001068115234,50.33000183105469,580
2024-05-06,MOAT.MI,50.56999969482422,50.599998474121094,50.4900016784668,50.599998474121094,219
2024-05-07,MOAT.MI,50.880001068115234,51.0,50.779998779296875,50.900001525878906,4898
2024-05-08,MOAT.MI,50.939998626708984,50.939998626708984,50.75,50.75,233
2024-05-09,MOAT.MI,51.08000183105469,51.11000061035156,51.08000183105469,51.11000061035156,2
2024-05-10,MOAT.MI,51.290000915527344,51.45000076293945,51.27000045776367,51.380001068115234,1173
2024-05-13,MOAT.MI,51.38999938964844,51.5,51.290000915527344,51.369998931884766,547
2024-05-14,MOAT.MI,51.25,51.33000183105469,51.220001220703125,51.22999954223633,1062
2024-05-15,MOAT.MI,51.38999938964844,51.66999816894531,51.33000183105469,51.61000061035156,199
2024-05-16,MOAT.MI,51.810001373291016,51.83000183105469,51.7599983215332,51.7599983215332,318
2024-05-17,MOAT.MI,51.849998474121094,51.849998474121094,51.540000915527344,51.540000915527344,89
2024-05-20,MOAT.MI,51.630001068115234,51.91999816894531,51.630001068115234,51.91999816894531,495
2024-05-21,MOAT.MI,51.70000076293945,51.70000076293945,51.630001068115234,51.650001525878906,679
2024-05-22,MOAT.MI,51.619998931884766,51.90999984741211,51.619998931884766,51.90999984741211,723
2024-05-23,MOAT.MI,52.029998779296875,52.09000015258789,51.529998779296875,51.529998779296875,1344
2024-05-24,MOAT.MI,51.099998474121094,51.18000030517578,51.0099983215332,51.15999984741211,247
2024-05-27,MOAT.MI,51.099998474121094,51.099998474121094,50.95000076293945,51.06999969482422,1748
2024-05-28,MOAT.MI,51.11000061035156,51.11000061035156,50.61000061035156,50.61000061035156,789
2024-05-29,MOAT.MI,50.290000915527344,50.36000061035156,50.150001525878906,50.33000183105469,446
2024-05-30,MOAT.MI,49.86000061035156,49.86000061035156,49.720001220703125,49.724998474121094,273
2024-05-31,MOAT.MI,49.45500183105469,49.53499984741211,49.310001373291016,49.33000183105469,1819
2024-06-03,MOAT.MI,50.13999938964844,50.310001373291016,49.61000061035156,49.625,12132
2024-06-04,MOAT.MI,49.59000015258789,49.689998626708984,49.435001373291016,49.689998626708984,4889
2024-06-05,MOAT.MI,49.904998779296875,50.16999816894531,49.904998779296875,50.16999816894531,205
2024-06-06,MOAT.MI,50.25,50.34000015258789,50.25,50.34000015258789,530
2024-06-07,MOAT.MI,50.5,50.7400016784668,50.220001220703125,50.619998931884766,4450
2024-06-10,MOAT.MI,50.529998779296875,50.66999816894531,50.5099983215332,50.66999816894531,1263
2024-06-11,MOAT.MI,50.65999984741211,50.790000915527344,50.5,50.560001373291016,495
2024-06-12,MOAT.MI,50.65999984741211,50.86000061035156,50.65999984741211,50.79999923706055,269
2024-06-13,MOAT.MI,50.77000045776367,50.77000045776367,50.61000061035156,50.709999084472656,21237
2024-06-14,MOAT.MI,50.900001525878906,51.13999938964844,50.65999984741211,50.83000183105469,2018
2024-06-17,MOAT.MI,50.95000076293945,50.95000076293945,50.810001373291016,50.88999938964844,4729
2024-06-18,MOAT.MI,51.119998931884766,51.25,51.119998931884766,51.209999084472656,1421
2024-06-19,MOAT.MI,51.2400016784668,51.2599983215332,51.209999084472656,51.22999954223633,854
2024-06-20,MOAT.MI,51.380001068115234,51.540000915527344,51.279998779296875,51.40999984741211,2021
2024-06-21,MOAT.MI,51.68000030517578,51.72999954223633,51.599998474121094,51.630001068115234,1157
2024-06-24,MOAT.MI,51.79999923706055,52.06999969482422,51.79999923706055,52.06999969482422,337
2024-06-25,MOAT.MI,51.90999984741211,51.9900016784668,51.56999969482422,51.56999969482422,4684
2024-06-26,MOAT.MI,51.630001068115234,51.70000076293945,51.5099983215332,51.54999923706055,452
2024-06-27,MOAT.MI,51.59000015258789,51.630001068115234,51.56999969482422,51.630001068115234,224
2024-06-28,MOAT.MI,51.880001068115234,52.060001373291016,51.7599983215332,51.83000183105469,228
2024-07-01,MOAT.MI,51.65999984741211,51.779998779296875,51.2599983215332,51.2599983215332,72
2024-07-02,MOAT.MI,51.0,51.2599983215332,50.97999954223633,51.2599983215332,899
2024-07-03,MOAT.MI,51.38999938964844,51.45000076293945,51.20000076293945,51.20000076293945,16249
2024-07-04,MOAT.MI,51.220001220703125,51.27000045776367,51.060001373291016,51.11000061035156,208
2024-07-05,MOAT.MI,51.380001068115234,51.380001068115234,50.9900016784668,51.0,2241
2024-07-08,MOAT.MI,51.18000030517578,51.22999954223633,51.08000183105469,51.09000015258789,962
2024-07-09,MOAT.MI,51.18000030517578,51.27000045776367,50.880001068115234,50.95000076293945,342
2024-07-10,MOAT.MI,50.9900016784668,51.02000045776367,50.95000076293945,50.9900016784668,719
2024-07-11,MOAT.MI,51.279998779296875,51.790000915527344,51.11000061035156,51.779998779296875,2058
2024-07-12,MOAT.MI,51.869998931884766,52.22999954223633,51.7400016784668,52.22999954223633,816
2024-07-15,MOAT.MI,52.279998779296875,52.38999938964844,52.150001525878906,52.310001373291016,148
2024-07-16,MOAT.MI,52.220001220703125,52.66999816894531,52.220001220703125,52.66999816894531,1231
2024-07-17,MOAT.MI,52.599998474121094,52.7400016784668,52.27000045776367,52.47999954223633,4897
2024-07-18,MOAT.MI,52.349998474121094,52.61000061035156,52.25,52.560001373291016,3132
2024-07-19,MOAT.MI,52.04999923706055,52.22999954223633,51.68000030517578,51.68000030517578,507
2024-07-22,MOAT.MI,51.88999938964844,52.099998474121094,51.88999938964844,52.0099983215332,298
2024-07-23,MOAT.MI,52.27000045776367,52.40999984741211,52.220001220703125,52.2599983215332,430
2024-07-24,MOAT.MI,51.9900016784668,51.9900016784668,51.709999084472656,51.709999084472656,639
2024-07-25,MOAT.MI,51.5,52.25,51.40999984741211,52.25,1354
2024-07-26,MOAT.MI,52.33000183105469,52.65999984741211,52.33000183105469,52.65999984741211,3237
2024-07-29,MOAT.MI,53.02000045776367,53.29999923706055,52.959999084472656,52.9900016784668,2461
2024-07-30,MOAT.MI,53.16999816894531,53.369998931884766,53.150001525878906,53.2599983215332,609
2024-07-31,MOAT.MI,53.619998931884766,53.83000183105469,53.470001220703125,53.720001220703125,5634
2024-08-01,MOAT.MI,53.720001220703125,53.7400016784668,53.15999984741211,53.15999984741211,142
2024-08-02,MOAT.MI,52.91999816894531,52.91999816894531,51.220001220703125,51.220001220703125,1669
2024-08-05,MOAT.MI,50.5,51.279998779296875,49.935001373291016,50.560001373291016,4664
2024-08-06,MOAT.MI,50.900001525878906,51.060001373291016,50.65999984741211,51.060001373291016,605
2024-08-07,MOAT.MI,51.400001525878906,51.59000015258789,51.29999923706055,51.54999923706055,354
2024-08-08,MOAT.MI,50.369998931884766,51.47999954223633,50.36000061035156,51.47999954223633,135
2024-08-09,MOAT.MI,51.54999923706055,51.75,51.459999084472656,51.5,980
2024-08-12,MOAT.MI,51.65999984741211,51.65999984741211,51.31999969482422,51.31999969482422,25
2024-08-13,MOAT.MI,51.4900016784668,51.779998779296875,51.4900016784668,51.779998779296875,4
2024-08-14,MOAT.MI,51.79999923706055,51.810001373291016,51.77000045776367,51.79999923706055,435
2024-08-16,MOAT.MI,52.7599983215332,52.95000076293945,52.619998931884766,52.70000076293945,380
2024-08-19,MOAT.MI,52.70000076293945,52.70000076293945,52.650001525878906,52.689998626708984,308
2024-08-20,MOAT.MI,52.79999923706055,52.81999969482422,52.56999969482422,52.56999969482422,290
2024-08-21,MOAT.MI,52.61000061035156,52.70000076293945,52.5,52.5,2089
2024-08-22,MOAT.MI,52.70000076293945,52.7599983215332,52.66999816894531,52.66999816894531,391
2024-08-23,MOAT.MI,52.75,52.959999084472656,52.68000030517578,52.810001373291016,2846
2024-08-26,MOAT.MI,52.880001068115234,53.099998474121094,52.880001068115234,53.0099983215332,763
2024-08-27,MOAT.MI,53.060001373291016,53.09000015258789,52.939998626708984,52.939998626708984,197
2024-08-28,MOAT.MI,53.290000915527344,53.349998474121094,53.130001068115234,53.130001068115234,530
2024-08-29,MOAT.MI,53.2400016784668,53.93000030517578,53.2400016784668,53.869998931884766,701
2024-08-30,MOAT.MI,53.779998779296875,53.81999969482422,53.66999816894531,53.66999816894531,370
2024-09-02,MOAT.MI,53.90999984741211,54.08000183105469,53.90999984741211,54.08000183105469,40
2024-09-03,MOAT.MI,54.060001373291016,54.099998474121094,53.810001373291016,53.88999938964844,162
2024-09-04,MOAT.MI,53.2400016784668,53.279998779296875,53.2400016784668,53.279998779296875,381
2024-09-05,MOAT.MI,53.22999954223633,53.310001373291016,52.810001373291016,52.81999969482422,641
2024-09-06,MOAT.MI,52.65999984741211,52.72999954223633,52.459999084472656,52.459999084472656,1375
2024-09-09,MOAT.MI,52.810001373291016,53.13999938964844,52.810001373291016,53.13999938964844,99
2024-09-10,MOAT.MI,53.130001068115234,53.220001220703125,53.09000015258789,53.220001220703125,1284
2024-09-11,MOAT.MI,53.189998626708984,53.189998626708984,52.5099983215332,52.599998474121094,703
2024-09-12,MOAT.MI,53.72999954223633,53.72999954223633,53.22999954223633,53.22999954223633,685
2024-09-13,MOAT.MI,53.43000030517578,53.810001373291016,53.349998474121094,53.63999938964844,130
2024-09-16,MOAT.MI,53.66999816894531,53.75,53.599998474121094,53.63999938964844,377
2024-09-17,MOAT.MI,53.779998779296875,54.060001373291016,53.779998779296875,54.060001373291016,265
2024-09-18,MOAT.MI,53.93000030517578,53.93000030517578,53.63999938964844,53.650001525878906,498
2024-09-19,MOAT.MI,54.099998474121094,54.31999969482422,54.099998474121094,54.2400016784668,443
2024-09-20,MOAT.MI,54.099998474121094,54.22999954223633,53.810001373291016,53.810001373291016,66
2024-09-23,MOAT.MI,54.20000076293945,54.220001220703125,54.13999938964844,54.150001525878906,476
2024-09-24,MOAT.MI,54.310001373291016,54.40999984741211,54.20000076293945,54.20000076293945,294
2024-09-25,MOAT.MI,54.02000045776367,54.060001373291016,53.86000061035156,53.86000061035156,497
2024-09-26,MOAT.MI,53.9900016784668,54.34000015258789,53.9900016784668,54.06999969482422,7729
2024-09-27,MOAT.MI,54.459999084472656,54.7400016784668,54.459999084472656,54.7400016784668,120
2024-09-30,MOAT.MI,54.36000061035156,54.459999084472656,54.25,54.459999084472656,1322
2024-10-01,MOAT.MI,54.849998474121094,55.02000045776367,54.61000061035156,54.66999816894531,10652
2024-10-02,MOAT.MI,54.59000015258789,54.84000015258789,54.41999816894531,54.84000015258789,1723
2024-10-03,MOAT.MI,54.810001373291016,54.810001373291016,54.58000183105469,54.720001220703125,335
2024-10-04,MOAT.MI,54.70000076293945,55.34000015258789,54.70000076293945,54.849998474121094,602
2024-10-07,MOAT.MI,55.16999816894531,55.189998626708984,54.900001525878906,54.90999984741211,641
2024-10-08,MOAT.MI,54.84000015258789,55.099998474121094,54.84000015258789,55.099998474121094,2
2024-10-09,MOAT.MI,55.029998779296875,55.5,55.029998779296875,55.5,194
2024-10-10,MOAT.MI,55.56999969482422,55.689998626708984,55.33000183105469,55.630001068115234,1104
2024-10-11,MOAT.MI,55.349998474121094,55.9900016784668,55.349998474121094,55.91999816894531,363
2024-10-14,MOAT.MI,55.97999954223633,56.45000076293945,55.97999954223633,56.45000076293945,114
2024-10-15,MOAT.MI,56.880001068115234,56.93000030517578,56.72999954223633,56.849998474121094,552
2024-10-16,MOAT.MI,56.56999969482422,56.720001220703125,56.56999969482422,56.720001220703125,6
2024-10-17,MOAT.MI,56.83000183105469,57.2400016784668,56.83000183105469,56.939998626708984,1772
2024-10-18,MOAT.MI,56.880001068115234,56.91999816894531,56.7400016784668,56.849998474121094,428
2024-10-21,MOAT.MI,57.0,57.0,56.52000045776367,56.52000045776367,271
2024-10-22,MOAT.MI,56.59000015258789,56.59000015258789,56.369998931884766,56.439998626708984,265
2024-10-23,MOAT.MI,56.560001373291016,56.630001068115234,56.45000076293945,56.470001220703125,3160
2024-10-24,MOAT.MI,56.65999984741211,56.65999984741211,56.41999816894531,56.41999816894531,62
2024-10-25,MOAT.MI,56.25,56.380001068115234,56.130001068115234,56.130001068115234,2660
2024-10-28,MOAT.MI,56.18000030517578,56.18000030517578,56.0,56.060001373291016,236
2024-10-29,MOAT.MI,55.970001220703125,56.15999984741211,55.959999084472656,56.15999984741211,661
2024-10-30,MOAT.MI,56.02000045776367,56.02000045776367,55.81999969482422,55.88999938964844,247
2024-10-31,MOAT.MI,55.650001525878906,55.709999084472656,55.22999954223633,55.349998474121094,1011
2024-11-01,MOAT.MI,55.06999969482422,55.689998626708984,55.06999969482422,55.689998626708984,1730
2024-11-04,MOAT.MI,55.099998474121094,55.34000015258789,55.09000015258789,55.15999984741211,732
2024-11-05,MOAT.MI,55.25,55.47999954223633,55.25,55.47999954223633,78
2024-11-06,MOAT.MI,57.540000915527344,58.400001525878906,57.0,57.22999954223633,3217
2024-11-07,MOAT.MI,57.41999816894531,57.5,57.2400016784668,57.31999969482422,47
2024-11-08,MOAT.MI,57.79999923706055,58.2599983215332,57.720001220703125,58.220001220703125,638
2024-11-11,MOAT.MI,58.41999816894531,59.11000061035156,58.41999816894531,59.029998779296875,1672
2024-11-12,MOAT.MI,59.029998779296875,59.09000015258789,58.93000030517578,58.93000030517578,334
2024-11-13,MOAT.MI,58.7599983215332,59.2400016784668,58.56999969482422,59.209999084472656,6295
2024-11-14,MOAT.MI,59.220001220703125,59.5,59.0,59.0,854
2024-11-15,MOAT.MI,58.33000183105469,58.380001068115234,57.91999816894531,57.91999816894531,204
2024-11-18,MOAT.MI,57.77000045776367,58.0,57.72999954223633,57.869998931884766,6056
2024-11-19,MOAT.MI,57.90999984741211,57.90999984741211,57.25,57.560001373291016,2121
2024-11-20,MOAT.MI,57.72999954223633,57.83000183105469,57.65999984741211,57.66999816894531,1364
2024-11-21,MOAT.MI,58.279998779296875,58.72999954223633,58.02000045776367,58.72999954223633,14095
2024-11-22,MOAT.MI,59.61000061035156,59.65999984741211,59.459999084472656,59.65999984741211,359
2024-11-25,MOAT.MI,59.810001373291016,60.0,59.599998474121094,60.0,3493
2024-11-26,MOAT.MI,60.029998779296875,60.029998779296875,59.61000061035156,59.79999923706055,5859
2024-11-27,MOAT.MI,59.4900016784668,59.619998931884766,59.369998931884766,59.369998931884766,654
2024-11-28,MOAT.MI,59.63999938964844,59.63999938964844,59.470001220703125,59.5,691
2024-11-29,MOAT.MI,59.52000045776367,59.650001525878906,59.52000045776367,59.630001068115234,748
2024-12-02,MOAT.MI,59.81999969482422,59.88999938964844,59.790000915527344,59.86000061035156,264
2024-12-03,MOAT.MI,59.86000061035156,59.86000061035156,59.650001525878906,59.66999816894531,1829
2024-12-04,MOAT.MI,59.95000076293945,60.130001068115234,59.79999923706055,59.93000030517578,1728
2024-12-05,MOAT.MI,59.90999984741211,60.0,59.560001373291016,59.560001373291016,132
2024-12-06,MOAT.MI,59.52000045776367,60.0,59.400001525878906,59.86000061035156,19678
2024-12-09,MOAT.MI,59.81999969482422,59.900001525878906,59.58000183105469,59.58000183105469,763
2024-12-10,MOAT.MI,59.630001068115234,59.959999084472656,59.380001068115234,59.959999084472656,6953
2024-12-11,MOAT.MI,59.7400016784668,60.22999954223633,59.7400016784668,60.119998931884766,13525
2024-12-12,MOAT.MI,59.70000076293945,60.0099983215332,59.63999938964844,59.970001220703125,259
2024-12-13,MOAT.MI,59.93000030517578,60.09000015258789,59.41999816894531,59.4900016784668,13498
2024-12-16,MOAT.MI,59.25,59.459999084472656,59.2400016784668,59.41999816894531,6611
2024-12-17,MOAT.MI,59.29999923706055,59.29999923706055,58.95000076293945,59.119998931884766,585
2024-12-18,MOAT.MI,58.939998626708984,59.029998779296875,58.81999969482422,58.97999954223633,7490
2024-12-19,MOAT.MI,57.81999969482422,58.11000061035156,57.65999984741211,57.88999938964844,7538
2024-12-20,MOAT.MI,57.619998931884766,58.2599983215332,57.15999984741211,58.2599983215332,4614
2024-12-23,MOAT.MI,58.34000015258789,58.380001068115234,57.88999938964844,57.88999938964844,1202
2024-12-27,MOAT.MI,58.9900016784668,58.9900016784668,58.0,58.0,418
2024-12-30,MOAT.MI,57.91999816894531,58.119998931884766,57.2400016784668,57.65999984741211,3290
2025-01-02,MOAT.MI,58.09000015258789,58.529998779296875,58.060001373291016,58.470001220703125,17041
2025-01-03,MOAT.MI,58.13999938964844,58.13999938964844,57.65999984741211,57.970001220703125,24505
2025-01-06,MOAT.MI,57.97999954223633,58.310001373291016,57.900001525878906,58.22999954223633,5924
2025-01-07,MOAT.MI,57.59000015258789,58.11000061035156,57.5099983215332,57.849998474121094,8587
2025-01-08,MOAT.MI,57.790000915527344,57.790000915527344,57.5,57.7400016784668,3599
2025-01-09,MOAT.MI,57.7599983215332,57.77000045776367,57.7599983215332,57.77000045776367,27
2025-01-10,MOAT.MI,57.810001373291016,57.810001373291016,57.099998474121094,57.209999084472656,1887
2025-01-13,MOAT.MI,57.0,57.400001525878906,56.7599983215332,57.38999938964844,781
2025-01-14,MOAT.MI,57.599998474121094,57.68000030517578,57.2599983215332,57.2599983215332,2535
2025-01-15,MOAT.MI,57.58000183105469,58.04999923706055,57.58000183105469,58.04999923706055,42
2025-01-16,MOAT.MI,58.2599983215332,58.52000045776367,58.20000076293945,58.52000045776367,11879
2025-01-17,MOAT.MI,58.75,59.0,58.66999816894531,58.880001068115234,178
2025-01-20,MOAT.MI,58.650001525878906,58.66999816894531,58.279998779296875,58.279998779296875,284
2025-01-21,MOAT.MI,58.369998931884766,58.630001068115234,58.369998931884766,58.58000183105469,2530
2025-01-22,MOAT.MI,58.66999816894531,58.93000030517578,58.5099983215332,58.93000030517578,1455
2025-01-23,MOAT.MI,58.790000915527344,58.790000915527344,58.720001220703125,58.720001220703125,2447
2025-01-24,MOAT.MI,58.599998474121094,58.619998931884766,58.599998474121094,58.619998931884766,390
2025-01-27,MOAT.MI,58.06999969482422,58.880001068115234,57.86000061035156,58.880001068115234,9729
2025-01-28,MOAT.MI,59.16999816894531,59.470001220703125,59.16999816894531,59.470001220703125,415
2025-01-29,MOAT.MI,59.41999816894531,59.599998474121094,59.06999969482422,59.06999969482422,1742
2025-01-30,MOAT.MI,59.06999969482422,59.2400016784668,59.04999923706055,59.22999954223633,12459
2025-01-31,MOAT.MI,59.599998474121094,59.79999923706055,59.59000015258789,59.709999084472656,11335
2025-02-03,MOAT.MI,59.380001068115234,59.400001525878906,58.790000915527344,59.279998779296875,10213
2025-02-04,MOAT.MI,58.86000061035156,58.86000061035156,58.40999984741211,58.40999984741211,5194
2025-02-05,MOAT.MI,57.81999969482422,57.970001220703125,57.68000030517578,57.91999816894531,3965
2025-02-06,MOAT.MI,58.540000915527344,58.65999984741211,58.43000030517578,58.43000030517578,5939
2025-02-07,MOAT.MI,58.369998931884766,58.38999938964844,58.060001373291016,58.060001373291016,17050
2025-02-10,MOAT.MI,58.13999938964844,58.34000015258789,58.06999969482422,58.06999969482422,3440
2025-02-11,MOAT.MI,58.029998779296875,58.029998779296875,57.709999084472656,57.720001220703125,79
2025-02-12,MOAT.MI,57.77000045776367,57.849998474121094,57.130001068115234,57.130001068115234,5843
2025-02-13,MOAT.MI,57.11000061035156,57.41999816894531,57.11000061035156,57.33000183105469,25146
2025-02-14,MOAT.MI,57.16999816894531,57.16999816894531,57.029998779296875,57.060001373291016,71
2025-02-17,MOAT.MI,57.099998474121094,57.209999084472656,57.099998474121094,57.150001525878906,506
2025-02-18,MOAT.MI,57.310001373291016,57.34000015258789,57.029998779296875,57.130001068115234,441
2025-02-19,MOAT.MI,57.34000015258789,57.459999084472656,57.290000915527344,57.459999084472656,778
2025-02-20,MOAT.MI,57.47999954223633,57.619998931884766,57.27000045776367,57.27000045776367,6171
2025-02-21,MOAT.MI,57.310001373291016,57.41999816894531,57.209999084472656,57.31999969482422,5137
2025-02-24,MOAT.MI,57.209999084472656,57.36000061035156,56.91999816894531,57.36000061035156,2551
2025-02-25,MOAT.MI,57.04999923706055,57.15999984741211,56.7599983215332,56.88999938964844,24988
2025-02-26,MOAT.MI,57.40999984741211,57.40999984741211,57.310001373291016,57.31999969482422,223
2025-02-27,MOAT.MI,57.27000045776367,57.29999923706055,57.040000915527344,57.290000915527344,5173
2025-02-28,MOAT.MI,56.849998474121094,56.95000076293945,56.720001220703125,56.720001220703125,4451
2025-03-03,MOAT.MI,57.2400016784668,57.2400016784668,56.810001373291016,56.810001373291016,1468
2025-03-04,MOAT.MI,56.16999816894531,56.16999816894531,55.13999938964844,55.13999938964844,19375
2025-03-05,MOAT.MI,54.84000015258789,54.84000015258789,54.029998779296875,54.029998779296875,9101
2025-03-06,MOAT.MI,54.310001373291016,54.61000061035156,54.119998931884766,54.54999923706055,9023
2025-03-07,MOAT.MI,54.189998626708984,54.52000045776367,54.15999984741211,54.15999984741211,7365
2025-03-10,MOAT.MI,54.310001373291016,54.720001220703125,54.310001373291016,54.619998931884766,374
2025-03-11,MOAT.MI,53.869998931884766,54.0099983215332,52.369998931884766,52.45000076293945,4018
2025-03-12,MOAT.MI,52.56999969482422,52.56999969482422,51.77000045776367,52.11000061035156,12205
2025-03-13,MOAT.MI,51.91999816894531,52.130001068115234,51.7599983215332,51.79999923706055,2239
2025-03-14,MOAT.MI,51.959999084472656,52.15999984741211,51.72999954223633,52.15999984741211,632
2025-03-17,MOAT.MI,52.06999969482422,52.68000030517578,52.0,52.619998931884766,460
2025-03-18,MOAT.MI,52.7400016784668,52.7599983215332,52.45000076293945,52.45000076293945,3004
2025-03-19,MOAT.MI,52.810001373291016,52.869998931884766,52.68000030517578,52.869998931884766,9219
2025-03-20,MOAT.MI,53.060001373291016,53.119998931884766,52.7400016784668,52.869998931884766,3936
2025-03-21,MOAT.MI,52.689998626708984,52.689998626708984,52.220001220703125,52.65999984741211,8924
2025-03-24,MOAT.MI,53.099998474121094,53.45000076293945,53.099998474121094,53.45000076293945,1827
2025-03-25,MOAT.MI,53.36000061035156,53.52000045776367,53.33000183105469,53.33000183105469,276
2025-03-26,MOAT.MI,53.34000015258789,53.5099983215332,53.310001373291016,53.310001373291016,285
2025-03-27,MOAT.MI,53.45000076293945,53.4900016784668,52.939998626708984,53.20000076293945,1907
2025-03-28,MOAT.MI,53.20000076293945,53.20000076293945,52.13999938964844,52.13999938964844,1748
2025-03-31,MOAT.MI,51.68000030517578,51.939998626708984,51.66999816894531,51.939998626708984,792
2025-04-01,MOAT.MI,52.11000061035156,52.38999938964844,51.900001525878906,52.38999938964844,1839
2025-04-02,MOAT.MI,52.2599983215332,52.27000045776367,52.040000915527344,52.2400016784668,1196
2025-04-03,MOAT.MI,50.5099983215332,50.65999984741211,49.11000061035156,49.494998931884766,3275
2025-04-04,MOAT.MI,49.04999923706055,49.04999923706055,47.619998931884766,47.689998626708984,23145
2025-04-07,MOAT.MI,44.56999969482422,46.95500183105469,44.46500015258789,45.96500015258789,85038
2025-04-08,MOAT.MI,46.939998626708984,47.92499923706055,46.939998626708984,47.334999084472656,13769
2025-04-09,MOAT.MI,44.959999084472656,45.20500183105469,44.0,44.709999084472656,46905
2025-04-10,MOAT.MI,48.779998779296875,48.779998779296875,45.97999954223633,45.97999954223633,2096
2025-04-11,MOAT.MI,45.97999954223633,45.98500061035156,44.95000076293945,45.349998474121094,11722
2025-04-14,MOAT.MI,46.599998474121094,47.07500076293945,46.599998474121094,46.70500183105469,2567
2025-04-15,MOAT.MI,47.099998474121094,47.345001220703125,46.83000183105469,47.130001068115234,13656
2025-04-16,MOAT.MI,46.310001373291016,46.724998474121094,46.130001068115234,46.619998931884766,10616
2025-04-17,MOAT.MI,46.18000030517578,46.189998626708984,45.82500076293945,45.96500015258789,6626
2025-04-22,MOAT.MI,45.26499938964844,45.96500015258789,45.119998931884766,45.96500015258789,14193
2025-04-23,MOAT.MI,48.0,48.0,47.29999923706055,47.29999923706055,24514
2025-04-24,MOAT.MI,46.95000076293945,47.779998779296875,46.744998931884766,47.779998779296875,38288
2025-04-25,MOAT.MI,47.994998931884766,48.11000061035156,47.505001068115234,47.630001068115234,3463
2025-04-28,MOAT.MI,47.900001525878906,48.119998931884766,47.744998931884766,47.744998931884766,229
2025-04-29,MOAT.MI,47.849998474121094,47.974998474121094,47.595001220703125,47.79999923706055,9472
2025-04-30,MOAT.MI,48.09000015258789,48.119998931884766,47.724998474121094,48.119998931884766,6385
2025-05-02,MOAT.MI,48.88999938964844,48.98500061035156,48.630001068115234,48.97999954223633,4894
2025-05-05,MOAT.MI,48.915000915527344,49.189998626708984,48.915000915527344,49.189998626708984,5741
2025-05-06,MOAT.MI,48.70000076293945,48.72999954223633,48.290000915527344,48.68000030517578,10906
2025-05-07,MOAT.MI,48.68000030517578,48.69499969482422,48.599998474121094,48.599998474121094,4913
2025-05-08,MOAT.MI,49.42499923706055,49.76499938964844,49.27000045776367,49.76499938964844,13257
2025-05-09,MOAT.MI,49.80500030517578,49.939998626708984,49.64500045776367,49.66999816894531,3655
2025-05-12,MOAT.MI,50.900001525878906,51.84000015258789,50.900001525878906,51.65999984741211,8041
2025-05-13,MOAT.MI,51.779998779296875,51.939998626708984,51.7400016784668,51.779998779296875,431
2025-05-14,MOAT.MI,51.2599983215332,51.29999923706055,51.11000061035156,51.11000061035156,402
2025-05-15,MOAT.MI,50.88999938964844,51.439998626708984,50.869998931884766,51.439998626708984,1506
2025-05-16,MOAT.MI,51.5099983215332,51.93000030517578,51.5099983215332,51.93000030517578,263
2025-05-19,MOAT.MI,51.220001220703125,51.52000045776367,51.20000076293945,51.52000045776367,314
2025-05-20,MOAT.MI,51.5,51.7400016784668,51.5,51.7400016784668,42
2025-05-21,MOAT.MI,51.040000915527344,51.040000915527344,50.720001220703125,50.83000183105469,473
2025-05-22,MOAT.MI,50.83000183105469,50.83000183105469,50.83000183105469,50.83000183105469,0
2025-05-23,MOAT.MI,50.13999938964844,50.13999938964844,49.34000015258789,49.51499938964844,666
2025-05-26,MOAT.MI,49.94499969482422,49.959999084472656,49.84000015258789,49.84000015258789,615
2025-05-27,MOAT.MI,50.060001373291016,50.380001068115234,50.040000915527344,50.380001068115234,811
2025-05-28,MOAT.MI,50.56999969482422,50.709999084472656,50.459999084472656,50.459999084472656,1655
2025-05-29,MOAT.MI,51.31999969482422,51.31999969482422,50.33000183105469,50.33000183105469,3147
2025-05-30,MOAT.MI,50.52000045776367,50.63999938964844,50.33000183105469,50.33000183105469,851
2025-06-02,MOAT.MI,49.869998931884766,50.0,49.4900016784668,49.685001373291016,161
2025-06-03,MOAT.MI,49.73500061035156,50.400001525878906,49.73500061035156,50.400001525878906,926
2025-06-04,MOAT.MI,50.630001068115234,50.79999923706055,50.56999969482422,50.689998626708984,2073
2025-06-05,MOAT.MI,50.79999923706055,50.79999923706055,50.290000915527344,50.619998931884766,328
2025-06-06,MOAT.MI,51.060001373291016,51.060001373291016,51.04999923706055,51.04999923706055,100
2025-06-09,MOAT.MI,50.959999084472656,51.11000061035156,50.91999816894531,51.11000061035156,310
2025-06-10,MOAT.MI,51.15999984741211,51.68000030517578,51.119998931884766,51.68000030517578,202
2025-06-11,MOAT.MI,51.619998931884766,51.619998931884766,51.310001373291016,51.310001373291016,11664
2025-06-12,MOAT.MI,50.540000915527344,50.68000030517578,50.29999923706055,50.68000030517578,937
2025-06-13,MOAT.MI,50.47999954223633,50.529998779296875,50.27000045776367,50.27000045776367,5007
2025-06-16,MOAT.MI,49.93000030517578,50.2400016784668,49.900001525878906,50.18000030517578,942
2025-06-17,MOAT.MI,50.11000061035156,50.209999084472656,50.0,50.209999084472656,2157
2025-06-18,MOAT.MI,49.974998474121094,50.13999938964844,49.939998626708984,49.939998626708984,1715
2025-06-19,MOAT.MI,49.65999984741211,49.65999984741211,49.4900016784668,49.4900016784668,605
2025-06-20,MOAT.MI,49.540000915527344,49.90999984741211,49.540000915527344,49.755001068115234,1090
2025-06-23,MOAT.MI,49.8849983215332,49.95000076293945,49.58000183105469,49.58000183105469,1580
2025-06-24,MOAT.MI,50.099998474121094,50.130001068115234,49.97999954223633,50.11000061035156,1496
2025-06-25,MOAT.MI,50.29999923706055,50.29999923706055,49.88999938964844,49.88999938964844,211
2025-06-26,MOAT.MI,49.88999938964844,49.90999984741211,49.790000915527344,49.89500045776367,509
2025-06-27,MOAT.MI,50.13999938964844,50.2599983215332,50.13999938964844,50.18000030517578,17
2025-06-30,MOAT.MI,50.13999938964844,50.220001220703125,49.9900016784668,49.9900016784668,283
2025-07-01,MOAT.MI,49.970001220703125,50.88999938964844,49.630001068115234,50.88999938964844,1563
2025-07-02,MOAT.MI,51.02000045776367,51.220001220703125,50.939998626708984,51.220001220703125,6801
2025-07-03,MOAT.MI,51.380001068115234,51.5099983215332,51.380001068115234,51.5,1958
2025-07-04,MOAT.MI,51.209999084472656,51.209999084472656,51.099998474121094,51.130001068115234,220
2025-07-07,MOAT.MI,51.529998779296875,51.59000015258789,51.29999923706055,51.29999923706055,3131
2025-07-08,MOAT.MI,51.08000183105469,51.68000030517578,51.08000183105469,51.68000030517578,2748
2025-07-09,MOAT.MI,51.68000030517578,51.68000030517578,51.2599983215332,51.2599983215332,155
2025-07-10,MOAT.MI,51.400001525878906,52.5,51.400001525878906,52.5,5643
2025-07-11,MOAT.MI,52.16999816894531,52.16999816894531,51.560001373291016,51.560001373291016,897
2025-07-14,MOAT.MI,51.439998626708984,51.5099983215332,51.36000061035156,51.38999938964844,511
2025-07-15,MOAT.MI,51.5099983215332,51.70000076293945,51.38999938964844,51.38999938964844,3082
2025-07-16,MOAT.MI,50.77000045776367,51.2599983215332,50.5,50.5,2088
2025-07-17,MOAT.MI,51.470001220703125,51.849998474121094,51.470001220703125,51.849998474121094,304
2025-07-18,MOAT.MI,52.04999923706055,52.04999923706055,51.63999938964844,51.63999938964844,1128
2025-07-21,MOAT.MI,51.75,51.75,51.43000030517578,51.43000030517578,388
2025-07-22,MOAT.MI,51.150001525878906,51.79999923706055,51.0099983215332,51.5099983215332,11749
2025-07-23,MOAT.MI,51.959999084472656,52.310001373291016,51.959999084472656,52.189998626708984,11199
2025-07-24,MOAT.MI,52.18000030517578,52.79999923706055,52.15999984741211,52.720001220703125,4722
2025-07-25,MOAT.MI,52.7400016784668,52.81999969482422,52.4900016784668,52.52000045776367,370
2025-07-28,MOAT.MI,53.060001373291016,53.290000915527344,53.04999923706055,53.220001220703125,1720
2025-07-29,MOAT.MI,53.36000061035156,53.439998626708984,53.220001220703125,53.220001220703125,273
2025-07-30,MOAT.MI,53.20000076293945,53.810001373291016,53.20000076293945,53.5,5391
2025-07-31,MOAT.MI,53.15999984741211,53.5099983215332,52.810001373291016,52.88999938964844,2189
2025-08-01,MOAT.MI,52.43000030517578,52.470001220703125,51.599998474121094,51.65999984741211,15528
2025-08-04,MOAT.MI,51.91999816894531,52.130001068115234,51.91999816894531,52.130001068115234,2363
2025-08-05,MOAT.MI,52.540000915527344,52.540000915527344,52.060001373291016,52.060001373291016,212
2025-08-06,MOAT.MI,52.130001068115234,52.130001068115234,51.45000076293945,51.45000076293945,250
2025-08-07,MOAT.MI,51.31999969482422,51.70000076293945,51.31999969482422,51.470001220703125,7152
2025-08-08,MOAT.MI,51.59000015258789,51.61000061035156,51.52000045776367,51.52000045776367,1822
2025-08-11,MOAT.MI,51.869998931884766,52.0,51.560001373291016,51.560001373291016,343
2025-08-12,MOAT.MI,51.56999969482422,51.95000076293945,51.45000076293945,51.91999816894531,5754
2025-08-13,MOAT.MI,52.20000076293945,52.66999816894531,52.20000076293945,52.66999816894531,2406
2025-08-14,MOAT.MI,53.130001068115234,53.220001220703125,52.7400016784668,52.869998931884766,503
2025-08-18,MOAT.MI,52.5099983215332,52.709999084472656,52.5099983215332,52.709999084472656,93
2025-08-19,MOAT.MI,52.56999969482422,52.97999954223633,52.45000076293945,52.90999984741211,1828
2025-08-20,MOAT.MI,52.849998474121094,52.90999984741211,52.72999954223633,52.75,5629
2025-08-21,MOAT.MI,52.810001373291016,52.810001373291016,52.47999954223633,52.7400016784668,1751
2025-08-22,MOAT.MI,52.790000915527344,53.349998474121094,52.790000915527344,53.349998474121094,240
2025-08-25,MOAT.MI,53.29999923706055,53.36000061035156,52.95000076293945,53.0,1826
2025-08-26,MOAT.MI,53.029998779296875,53.04999923706055,52.81999969482422,52.81999969482422,3442
2025-08-27,MOAT.MI,53.0,53.29999923706055,53.0,53.029998779296875,3145
2025-08-28,MOAT.MI,52.91999816894531,53.060001373291016,52.47999954223633,52.47999954223633,957
2025-08-29,MOAT.MI,52.650001525878906,52.650001525878906,52.43000030517578,52.45000076293945,1186
2025-09-01,MOAT.MI,52.5099983215332,52.630001068115234,52.400001525878906,52.630001068115234,36
2025-09-02,MOAT.MI,52.529998779296875,52.529998779296875,51.779998779296875,51.79999923706055,7734
2025-09-03,MOAT.MI,52.20000076293945,52.2599983215332,51.97999954223633,51.97999954223633,4146
2025-09-04,MOAT.MI,52.369998931884766,52.369998931884766,52.02000045776367,52.29999923706055,4772
2025-09-05,MOAT.MI,52.849998474121094,52.849998474121094,52.56999969482422,52.56999969482422,2486
2025-09-08,MOAT.MI,52.5099983215332,52.619998931884766,52.36000061035156,52.619998931884766,1020
2025-09-09,MOAT.MI,52.63999938964844,52.70000076293945,52.43000030517578,52.52000045776367,303
2025-09-10,MOAT.MI,52.56999969482422,52.56999969482422,52.220001220703125,52.220001220703125,5895
2025-09-11,MOAT.MI,52.25,52.7400016784668,52.25,52.7400016784668,5468
2025-09-12,MOAT.MI,52.56999969482422,52.72999954223633,52.2599983215332,52.2599983215332,201
2025-09-15,MOAT.MI,52.15999984741211,52.220001220703125,51.939998626708984,51.95000076293945,11419
2025-09-16,MOAT.MI,51.88999938964844,51.88999938964844,51.560001373291016,51.560001373291016,3808
2025-09-17,MOAT.MI,52.25,52.25,52.25,52.25,295
2025-09-18,MOAT.MI,52.25,52.75,52.25,52.66999816894531,3728
2025-09-19,MOAT.MI,52.70000076293945,52.709999084472656,52.45000076293945,52.45000076293945,618
2025-09-22,MOAT.MI,52.5,52.650001525878906,52.459999084472656,52.650001525878906,2250
2025-09-23,MOAT.MI,52.41999816894531,52.599998474121094,52.400001525878906,52.56999969482422,294
2025-09-24,MOAT.MI,52.45000076293945,52.58000183105469,52.400001525878906,52.47999954223633,333
2025-09-25,MOAT.MI,52.310001373291016,52.310001373291016,52.0,52.0,2462
2025-09-26,MOAT.MI,52.04999923706055,52.20000076293945,52.04999923706055,52.16999816894531,89
2025-09-29,MOAT.MI,52.52000045776367,52.630001068115234,52.18000030517578,52.310001373291016,1389
2025-09-30,MOAT.MI,52.36000061035156,52.369998931884766,52.29999923706055,52.369998931884766,399
2025-10-01,MOAT.MI,52.349998474121094,53.380001068115234,52.349998474121094,53.380001068115234,1402
2025-10-02,MOAT.MI,53.58000183105469,53.939998626708984,53.41999816894531,53.68000030517578,421
2025-10-03,MOAT.MI,53.790000915527344,53.9900016784668,53.720001220703125,53.9900016784668,437
2025-10-06,MOAT.MI,54.13999938964844,54.38999938964844,53.9900016784668,53.9900016784668,440
2025-10-07,MOAT.MI,54.09000015258789,54.13999938964844,53.70000076293945,53.70000076293945,393
2025-10-08,MOAT.MI,53.81999969482422,54.029998779296875,53.650001525878906,53.9900016784668,1550
2025-10-09,MOAT.MI,53.9900016784668,54.029998779296875,53.93000030517578,53.959999084472656,184
2025-10-10,MOAT.MI,53.95000076293945,53.95000076293945,52.91999816894531,52.91999816894531,1562
2025-10-13,MOAT.MI,52.939998626708984,53.29999923706055,52.939998626708984,53.29999923706055,7499
2025-10-14,MOAT.MI,52.97999954223633,53.220001220703125,52.86000061035156,53.119998931884766,4383
2025-10-15,MOAT.MI,53.709999084472656,53.880001068115234,53.630001068115234,53.65999984741211,10241
2025-10-16,MOAT.MI,53.869998931884766,53.939998626708984,53.84000015258789,53.84000015258789,4722
2025-10-17,MOAT.MI,52.900001525878906,53.720001220703125,52.900001525878906,53.52000045776367,36119
2025-10-20,MOAT.MI,53.939998626708984,54.52000045776367,53.939998626708984,54.45000076293945,11855
2025-10-21,MOAT.MI,54.560001373291016,55.2400016784668,54.54999923706055,55.13999938964844,1923
2025-10-22,MOAT.MI,55.2599983215332,55.2599983215332,55.09000015258789,55.09000015258789,3757
2025-10-23,MOAT.MI,54.93000030517578,55.20000076293945,54.849998474121094,55.09000015258789,19979
2025-10-27,MOAT.MI,55.5099983215332,55.599998474121094,55.220001220703125,55.220001220703125,5588
2025-10-28,MOAT.MI,55.15999984741211,55.2599983215332,54.900001525878906,54.91999816894531,3383
2025-10-29,MOAT.MI,55.0,55.0,54.47999954223633,54.47999954223633,8034
2025-10-30,MOAT.MI,54.33000183105469,54.65999984741211,54.33000183105469,54.65999984741211,255
2025-10-31,MOAT.MI,54.099998474121094,54.380001068115234,53.91999816894531,54.380001068115234,275
2025-11-03,MOAT.MI,54.470001220703125,54.689998626708984,54.040000915527344,54.040000915527344,1082
2025-11-04,MOAT.MI,53.810001373291016,54.15999984741211,53.810001373291016,54.119998931884766,4144
2025-11-05,MOAT.MI,54.02000045776367,54.06999969482422,53.81999969482422,53.880001068115234,490
2025-11-06,MOAT.MI,54.099998474121094,54.209999084472656,53.61000061035156,53.61000061035156,680
2025-11-07,MOAT.MI,53.61000061035156,53.61000061035156,52.869998931884766,52.880001068115234,631
2025-11-10,MOAT.MI,53.470001220703125,53.540000915527344,53.369998931884766,53.439998626708984,514
2025-11-11,MOAT.MI,53.58000183105469,53.900001525878906,53.540000915527344,53.900001525878906,6940
2025-11-12,MOAT.MI,54.40999984741211,54.599998474121094,54.34000015258789,54.47999954223633,965
2025-11-13,MOAT.MI,54.06999969482422,54.13999938964844,53.880001068115234,53.880001068115234,2452
2025-11-14,MOAT.MI,53.41999816894531,53.459999084472656,52.959999084472656,53.400001525878906,6104
2025-11-17,MOAT.MI,53.31999969482422,53.45000076293945,53.099998474121094,53.16999816894531,783
2025-11-18,MOAT.MI,52.52000045776367,52.70000076293945,52.31999969482422,52.66999816894531,1059
2025-11-19,MOAT.MI,52.939998626708984,53.02000045776367,52.810001373291016,52.849998474121094,2204
2025-11-20,MOAT.MI,53.290000915527344,53.400001525878906,53.029998779296875,53.029998779296875,3215
2025-11-21,MOAT.MI,52.279998779296875,53.209999084472656,52.279998779296875,53.209999084472656,3671
2025-11-24,MOAT.MI,53.7599983215332,53.91999816894531,53.54999923706055,53.91999816894531,8436
2025-11-25,MOAT.MI,53.81999969482422,54.40999984741211,53.70000076293945,54.40999984741211,4700
2025-11-26,MOAT.MI,54.56999969482422,54.810001373291016,54.56999969482422,54.779998779296875,1468
2025-11-27,MOAT.MI,54.709999084472656,54.709999084472656,54.61000061035156,54.650001525878906,180
2025-11-28,MOAT.MI,55.02000045776367,55.02000045776367,54.88999938964844,54.88999938964844,170
2025-12-01,MOAT.MI,54.5099983215332,54.7599983215332,54.380001068115234,54.7599983215332,4452
2025-12-02,MOAT.MI,54.540000915527344,54.689998626708984,54.540000915527344,54.61000061035156,258
2025-12-03,MOAT.MI,54.77000045776367,55.09000015258789,54.70000076293945,55.08000183105469,15268
2025-12-04,MOAT.MI,55.25,55.25,54.90999984741211,55.119998931884766,352
2025-12-05,MOAT.MI,55.220001220703125,55.70000076293945,55.16999816894531,55.70000076293945,8759
2025-12-08,MOAT.MI,55.5099983215332,55.630001068115234,55.2599983215332,55.2599983215332,643
2025-12-09,MOAT.MI,54.900001525878906,55.04999923706055,54.849998474121094,54.849998474121094,848
2025-12-10,MOAT.MI,54.720001220703125,54.9900016784668,54.720001220703125,54.9900016784668,766
2025-12-11,MOAT.MI,55.06999969482422,55.2400016784668,55.040000915527344,55.18000030517578,1814
2025-12-12,MOAT.MI,55.41999816894531,55.540000915527344,54.91999816894531,54.970001220703125,1764
2025-12-15,MOAT.MI,55.029998779296875,55.099998474121094,54.52000045776367,54.619998931884766,440
2025-12-16,MOAT.MI,54.75,54.7599983215332,54.41999816894531,54.41999816894531,1950
2025-12-17,MOAT.MI,54.52000045776367,54.720001220703125,54.380001068115234,54.380001068115234,2091
2025-12-18,MOAT.MI,54.400001525878906,54.810001373291016,54.38999938964844,54.72999954223633,3267
2025-12-19,MOAT.MI,54.439998626708984,54.72999954223633,54.43000030517578,54.72999954223633,1005
2025-12-22,MOAT.MI,54.7400016784668,54.900001525878906,54.5,54.900001525878906,1033
2025-12-23,MOAT.MI,54.7400016784668,54.7599983215332,54.52000045776367,54.52000045776367,277
2025-12-29,MOAT.MI,54.81999969482422,54.97999954223633,54.70000076293945,54.7400016784668,618
2025-12-30,MOAT.MI,54.84000015258789,54.900001525878906,54.84000015258789,54.869998931884766,805
2026-01-02,MOAT.MI,54.720001220703125,54.849998474121094,54.43000030517578,54.54999923706055,1686
2026-01-05,MOAT.MI,54.72999954223633,55.34000015258789,54.56999969482422,55.25,2346
2026-01-06,MOAT.MI,55.130001068115234,55.810001373291016,55.130001068115234,55.79999923706055,2098
2026-01-07,MOAT.MI,56.16999816894531,56.16999816894531,55.84000015258789,55.84000015258789,252
2026-01-08,MOAT.MI,55.63999938964844,56.27000045776367,55.63999938964844,56.27000045776367,913
2026-01-09,MOAT.MI,56.2599983215332,56.540000915527344,56.2599983215332,56.5099983215332,1571
2026-01-12,MOAT.MI,56.33000183105469,56.459999084472656,56.310001373291016,56.459999084472656,3988
2026-01-13,MOAT.MI,56.45000076293945,56.54999923706055,56.33000183105469,56.41999816894531,3864
2026-01-14,MOAT.MI,56.279998779296875,56.439998626708984,56.16999816894531,56.41999816894531,22205
2026-01-15,MOAT.MI,56.66999816894531,56.91999816894531,56.66999816894531,56.91999816894531,2903
2026-01-16,MOAT.MI,56.95000076293945,56.95000076293945,56.36000061035156,56.459999084472656,2292
2026-01-19,MOAT.MI,55.86000061035156,55.86000061035156,55.56999969482422,55.56999969482422,5753
2026-01-20,MOAT.MI,55.0,55.18000030517578,54.84000015258789,55.18000030517578,8377
2026-01-21,MOAT.MI,55.099998474121094,55.38999938964844,54.810001373291016,55.38999938964844,5483
2026-01-22,MOAT.MI,55.81999969482422,56.130001068115234,55.81999969482422,56.040000915527344,3055
2026-01-23,MOAT.MI,55.810001373291016,55.810001373291016,55.45000076293945,55.45000076293945,4
2026-01-26,MOAT.MI,54.7400016784668,54.970001220703125,54.7400016784668,54.959999084472656,404
2026-01-27,MOAT.MI,54.900001525878906,54.900001525878906,54.470001220703125,54.4900016784668,453
2026-01-28,MOAT.MI,54.31999969482422,54.5,54.2599983215332,54.47999954223633,7428
2026-01-29,MOAT.MI,53.959999084472656,54.150001525878906,53.34000015258789,53.369998931884766,16560
2026-01-30,MOAT.MI,53.15999984741211,53.63999938964844,53.15999984741211,53.63999938964844,20343
2026-02-02,MOAT.MI,53.61000061035156,54.5,53.61000061035156,54.459999084472656,2164
2026-02-03,MOAT.MI,54.619998931884766,54.650001525878906,53.900001525878906,53.900001525878906,6474
2026-02-04,MOAT.MI,53.630001068115234,54.779998779296875,53.599998474121094,54.779998779296875,4859
2026-02-05,MOAT.MI,54.81999969482422,54.90999984741211,54.29999923706055,54.29999923706055,8880
2026-02-06,MOAT.MI,54.380001068115234,54.88999938964844,54.380001068115234,54.849998474121094,32282
2026-02-09,MOAT.MI,54.790000915527344,54.81999969482422,54.0,54.5099983215332,2366
2026-02-10,MOAT.MI,54.63999938964844,55.25,54.560001373291016,55.25,9672
2026-02-11,MOAT.MI,55.20000076293945,55.20000076293945,54.65999984741211,54.77000045776367,1403
2026-02-12,MOAT.MI,54.970001220703125,54.970001220703125,54.31999969482422,54.31999969482422,784
2026-02-13,MOAT.MI,54.029998779296875,54.52000045776367,53.959999084472656,54.47999954223633,17691
2026-02-16,MOAT.MI,54.5099983215332,54.63999938964844,54.45000076293945,54.52000045776367,7215
2026-02-17,MOAT.MI,54.52000045776367,54.709999084472656,53.939998626708984,54.16999816894531,9268
2026-02-18,MOAT.MI,54.2400016784668,54.720001220703125,54.2400016784668,54.709999084472656,3586
2026-02-19,MOAT.MI,54.869998931884766,55.0099983215332,54.540000915527344,54.540000915527344,9377
2026-02-20,MOAT.MI,54.689998626708984,55.029998779296875,54.689998626708984,54.849998474121094,7139
2026-02-23,MOAT.MI,54.709999084472656,54.939998626708984,54.130001068115234,54.18000030517578,3633
2026-02-24,MOAT.MI,54.470001220703125,55.099998474121094,54.470001220703125,54.970001220703125,3308
2026-02-25,MOAT.MI,54.86000061035156,54.86000061035156,54.619998931884766,54.650001525878906,299
2026-02-26,MOAT.MI,54.75,55.189998626708984,54.75,55.11000061035156,11146
2026-02-27,MOAT.MI,54.93000030517578,54.970001220703125,54.68000030517578,54.91999816894531,27879
2026-03-02,MOAT.MI,54.72999954223633,55.06999969482422,54.5,54.9900016784668,12214
2026-03-03,MOAT.MI,54.65999984741211,54.869998931884766,54.65999984741211,54.779998779296875,7813
2026-03-04,MOAT.MI,54.93000030517578,55.099998474121094,54.869998931884766,54.95000076293945,13689
2026-03-05,MOAT.MI,54.849998474121094,55.060001373291016,54.68000030517578,54.84000015258789,13580
2026-03-09,MOAT.MI,53.09000015258789,53.41999816894531,52.91999816894531,53.34000015258789,18293
2026-03-10,MOAT.MI,53.79999923706055,53.79999923706055,53.5,53.529998779296875,22
2026-03-11,MOAT.MI,53.43000030517578,53.4900016784668,52.939998626708984,53.02000045776367,24479
2026-03-12,MOAT.MI,52.86000061035156,53.029998779296875,52.58000183105469,52.58000183105469,12579
2026-03-13,MOAT.MI,52.220001220703125,52.93000030517578,52.220001220703125,52.599998474121094,5371
2026-03-16,MOAT.MI,52.77000045776367,52.869998931884766,52.619998931884766,52.75,2854
2026-03-17,MOAT.MI,52.560001373291016,53.150001525878906,52.560001373291016,52.959999084472656,15095
2026-03-18,MOAT.MI,53.119998931884766,53.130001068115234,52.38999938964844,52.4900016784668,3940
2026-03-19,MOAT.MI,52.20000076293945,52.20000076293945,51.709999084472656,51.790000915527344,2964
2026-03-20,MOAT.MI,51.86000061035156,51.86000061035156,51.5,51.5,4352
2026-03-23,MOAT.MI,51.08000183105469,52.4900016784668,51.08000183105469,51.560001373291016,9869
2026-03-24,MOAT.MI,51.43000030517578,51.43000030517578,50.7599983215332,51.15999984741211,2624
2026-03-25,MOAT.MI,51.38999938964844,51.56999969482422,51.16999816894531,51.16999816894531,7469
2026-03-26,MOAT.MI,51.119998931884766,51.369998931884766,50.88999938964844,51.22999954223633,3041
2026-03-27,MOAT.MI,51.029998779296875,51.029998779296875,50.56999969482422,50.56999969482422,3766
2026-03-30,MOAT.MI,50.45000076293945,50.900001525878906,50.45000076293945,50.900001525878906,2225
2026-03-31,MOAT.MI,50.93000030517578,51.18000030517578,50.7400016784668,50.77000045776367,7329
2026-04-01,MOAT.MI,51.34000015258789,51.34000015258789,51.0099983215332,51.130001068115234,540
2026-04-02,MOAT.MI,50.70000076293945,51.13999938964844,50.66999816894531,51.13999938964844,1692
2026-04-07,MOAT.MI,51.29999923706055,51.5099983215332,50.810001373291016,50.810001373291016,287
2026-04-08,MOAT.MI,51.810001373291016,51.900001525878906,51.689998626708984,51.689998626708984,3667
2026-04-09,MOAT.MI,51.70000076293945,51.70000076293945,51.31999969482422,51.31999969482422,1712
2026-04-10,MOAT.MI,51.68000030517578,51.70000076293945,51.20000076293945,51.20000076293945,915
2026-04-13,MOAT.MI,50.83000183105469,51.15999984741211,50.83000183105469,51.15999984741211,3050
2026-04-14,MOAT.MI,51.47999954223633,51.90999984741211,51.47999954223633,51.90999984741211,406
2026-04-15,MOAT.MI,51.91999816894531,51.95000076293945,51.84000015258789,51.95000076293945,996
2026-04-16,MOAT.MI,52.220001220703125,52.380001068115234,52.220001220703125,52.380001068115234,2659
2026-04-17,MOAT.MI,52.41999816894531,53.0,52.41999816894531,53.0,2436
2026-04-20,MOAT.MI,52.91999816894531,53.18000030517578,52.91999816894531,53.04999923706055,1249
2026-04-21,MOAT.MI,53.18000030517578,53.369998931884766,53.119998931884766,53.119998931884766,62
2026-04-22,MOAT.MI,53.20000076293945,53.38999938964844,53.20000076293945,53.209999084472656,2438
2026-04-23,MOAT.MI,52.91999816894531,53.16999816894531,52.81999969482422,52.81999969482422,6297
2026-04-24,MOAT.MI,52.779998779296875,52.88999938964844,52.65999984741211,52.65999984741211,3091
2026-04-27,MOAT.MI,52.7400016784668,52.869998931884766,52.689998626708984,52.77000045776367,2041
2026-04-28,MOAT.MI,52.81999969482422,52.83000183105469,52.25,52.25,648
2026-04-29,MOAT.MI,52.11000061035156,52.13999938964844,51.689998626708984,51.77000045776367,3874
2026-04-30,MOAT.MI,51.58000183105469,52.04999923706055,51.58000183105469,52.04999923706055,7990
2026-05-04,MOAT.MI,51.88999938964844,51.95000076293945,51.81999969482422,51.81999969482422,924
2026-05-05,MOAT.MI,51.77000045776367,51.810001373291016,51.5,51.810001373291016,1421
2026-05-06,MOAT.MI,51.939998626708984,52.58000183105469,51.86000061035156,52.45000076293945,8191
2026-05-07,MOAT.MI,52.65999984741211,52.65999984741211,52.40999984741211,52.40999984741211,3207
2026-05-08,MOAT.MI,52.5099983215332,52.5099983215332,51.83000183105469,52.13999938964844,2535
2026-05-11,MOAT.MI,52.099998474121094,52.119998931884766,51.380001068115234,51.380001068115234,1577
2026-05-12,MOAT.MI,51.380001068115234,51.38999938964844,51.11000061035156,51.2400016784668,3018
2026-05-13,MOAT.MI,51.369998931884766,51.439998626708984,51.0,51.04999923706055,692
2026-05-14,MOAT.MI,51.27000045776367,51.630001068115234,51.27000045776367,51.630001068115234,6117
2026-05-15,MOAT.MI,51.369998931884766,51.40999984741211,51.279998779296875,51.33000183105469,584
2026-05-18,MOAT.MI,51.119998931884766,51.869998931884766,51.029998779296875,51.66999816894531,1092
2026-05-19,MOAT.MI,51.84000015258789,51.9900016784668,51.70000076293945,51.970001220703125,2427
2026-05-20,MOAT.MI,51.7599983215332,51.95000076293945,51.45000076293945,51.95000076293945,8953
2026-05-21,MOAT.MI,52.380001068115234,52.380001068115234,51.79999923706055,52.15999984741211,2369
2026-05-22,MOAT.MI,52.84000015258789,52.939998626708984,52.84000015258789,52.939998626708984,640
2026-05-25,MOAT.MI,53.45000076293945,53.61000061035156,53.400001525878906,53.61000061035156,120
2026-05-26,MOAT.MI,53.41999816894531,53.41999816894531,53.18000030517578,53.18000030517578,60
2026-05-27,MOAT.MI,53.15999984741211,53.5,53.15999984741211,53.33000183105469,2014
2026-05-28,MOAT.MI,53.31999969482422,53.540000915527344,53.02000045776367,53.540000915527344,2349
2026-05-29,MOAT.MI,53.70000076293945,53.790000915527344,53.59000015258789,53.63999938964844,602
2026-06-01,MOAT.MI,53.709999084472656,54.029998779296875,53.709999084472656,53.869998931884766,2217
2026-06-02,MOAT.MI,53.84000015258789,53.84000015258789,53.459999084472656,53.540000915527344,3599
2026-06-03,MOAT.MI,53.689998626708984,53.689998626708984,53.439998626708984,53.4900016784668,1469
2026-06-04,MOAT.MI,53.560001373291016,54.13999938964844,53.540000915527344,54.0099983215332,1603
2026-06-05,MOAT.MI,53.77000045776367,54.040000915527344,53.75,53.88999938964844,19680
2026-06-08,MOAT.MI,53.61000061035156,53.86000061035156,53.369998931884766,53.529998779296875,19674
2026-06-09,MOAT.MI,53.38999938964844,53.95000076293945,53.25,53.25,3097
2026-06-10,MOAT.MI,53.560001373291016,53.560001373291016,53.220001220703125,53.47999954223633,4157
2026-06-11,MOAT.MI,53.310001373291016,53.439998626708984,53.150001525878906,53.150001525878906,2333
2026-06-12,MOAT.MI,53.380001068115234,53.79999923706055,53.380001068115234,53.79999923706055,3875
2026-06-15,MOAT.MI,54.029998779296875,54.36000061035156,54.0099983215332,54.33000183105469,3481
2026-06-16,MOAT.MI,54.2400016784668,54.310001373291016,54.0,54.060001373291016,2742
2026-06-17,MOAT.MI,53.900001525878906,53.900001525878906,53.86000061035156,53.86000061035156,888
2026-06-18,MOAT.MI,53.349998474121094,53.619998931884766,53.349998474121094,53.56999969482422,10085
2026-06-19,MOAT.MI,53.7400016784668,53.900001525878906,53.59000015258789,53.65999984741211,7518
2026-06-22,MOAT.MI,53.689998626708984,53.79999923706055,53.36000061035156,53.439998626708984,9145
2026-06-23,MOAT.MI,53.16999816894531,53.7400016784668,53.16999816894531,53.689998626708984,7235
2026-06-24,MOAT.MI,53.849998474121094,54.81999969482422,53.849998474121094,54.81999969482422,4112
2026-06-25,MOAT.MI,54.380001068115234,54.439998626708984,54.29999923706055,54.439998626708984,702
2026-06-26,MOAT.MI,54.16999816894531,54.7400016784668,53.93000030517578,54.7400016784668,1753
2026-06-29,MOAT.MI,54.689998626708984,54.869998931884766,54.529998779296875,54.529998779296875,620
2026-06-30,MOAT.MI,54.400001525878906,54.45000076293945,54.189998626708984,54.189998626708984,260
2026-07-01,MOAT.MI,54.34000015258789,55.81999969482422,54.34000015258789,55.689998626708984,143
2026-07-02,MOAT.MI,55.380001068115234,55.77000045776367,55.220001220703125,55.7599983215332,3619
2026-07-03,MOAT.MI,55.97999954223633,55.97999954223633,55.90999984741211,55.95000076293945,612
2026-07-06,MOAT.MI,56.060001373291016,56.209999084472656,55.709999084472656,55.7400016784668,129
2026-07-07,MOAT.MI,56.27000045776367,56.4900016784668,56.27000045776367,56.470001220703125,726
2026-07-08,MOAT.MI,56.130001068115234,56.16999816894531,55.459999084472656,55.459999084472656,12835
2026-07-09,MOAT.MI,55.13999938964844,55.439998626708984,55.11000061035156,55.439998626708984,629
2026-07-10,MOAT.MI,55.779998779296875,56.2599983215332,55.779998779296875,56.11000061035156,7850
2026-07-13,MOAT.MI,56.279998779296875,56.779998779296875,56.279998779296875,56.65999984741211,417
2026-07-14,MOAT.MI,56.38999938964844,56.38999938964844,55.689998626708984,55.72999954223633,8664
2026-07-15,MOAT.MI,55.970001220703125,56.5099983215332,55.970001220703125,56.5099983215332,568
2026-07-16,MOAT.MI,56.5099983215332,56.869998931884766,56.5099983215332,56.869998931884766,300
2026-07-17,MOAT.MI,56.959999084472656,57.220001220703125,56.59000015258789,56.59000015258789,13233
2026-07-20,MOAT.MI,56.22999954223633,56.33000183105469,56.09000015258789,56.33000183105469,7422
2026-07-21,MOAT.MI,56.33000183105469,56.33000183105469,55.689998626708984,55.709999084472656,22584
2026-07-22,MOAT.MI,55.65999984741211,55.70000076293945,55.38999938964844,55.38999938964844,7095
2026-07-23,MOAT.MI,55.400001525878906,55.47999954223633,55.06999969482422,55.06999969482422,11558
2026-07-24,MOAT.MI,55.22999954223633,56.02000045776367,55.22999954223633,56.02000045776367,4913
2026-07-27,MOAT.MI,55.95000076293945,56.939998626708984,55.95000076293945,56.939998626708984,6876
2026-07-28,MOAT.MI,57.130001068115234,58.34000015258789,57.099998474121094,58.34000015258789,21586
