Date,Ticker,Open,High,Low,Close,Volume
2018-01-02,SW2CHB.MI,16.493999481201172,16.493999481201172,16.326000213623047,16.416000366210938,8081
2018-01-03,SW2CHB.MI,16.468000411987305,16.555999755859375,16.4060001373291,16.555999755859375,207668
2018-01-04,SW2CHB.MI,16.54800033569336,16.582000732421875,16.503999710083008,16.582000732421875,338196
2018-01-05,SW2CHB.MI,16.610000610351562,16.711999893188477,16.610000610351562,16.711999893188477,283478
2018-01-08,SW2CHB.MI,16.757999420166016,16.79599952697754,16.715999603271484,16.75,1574
2018-01-09,SW2CHB.MI,16.763999938964844,16.83799934387207,16.760000228881836,16.83799934387207,25701
2018-01-10,SW2CHB.MI,16.804000854492188,16.804000854492188,16.676000595092773,16.700000762939453,17481
2018-01-11,SW2CHB.MI,16.68000030517578,16.718000411987305,16.559999465942383,16.5939998626709,17202
2018-01-12,SW2CHB.MI,16.600000381469727,16.600000381469727,16.552000045776367,16.591999053955078,43425
2018-01-15,SW2CHB.MI,16.559999465942383,16.621999740600586,16.552000045776367,16.56399917602539,3815
2018-01-16,SW2CHB.MI,16.625999450683594,16.63599967956543,16.492000579833984,16.5,6722
2018-01-17,SW2CHB.MI,16.479999542236328,16.52199935913086,16.45199966430664,16.493999481201172,7915
2018-01-18,SW2CHB.MI,16.61400032043457,16.61400032043457,16.5,16.549999237060547,14078
2018-01-19,SW2CHB.MI,16.634000778198242,16.634000778198242,16.56999969482422,16.59600067138672,5886
2018-01-22,SW2CHB.MI,16.601999282836914,16.618000030517578,16.54599952697754,16.59600067138672,109012
2018-01-23,SW2CHB.MI,16.68000030517578,16.718000411987305,16.625999450683594,16.639999389648438,48045
2018-01-24,SW2CHB.MI,16.719999313354492,16.812000274658203,16.719999313354492,16.742000579833984,43818
2018-01-25,SW2CHB.MI,16.718000411987305,16.804000854492188,16.631999969482422,16.6560001373291,28634
2018-01-26,SW2CHB.MI,16.799999237060547,16.805999755859375,16.757999420166016,16.805999755859375,17898
2018-01-29,SW2CHB.MI,16.760000228881836,16.81800079345703,16.722000122070312,16.742000579833984,10987
2018-01-30,SW2CHB.MI,16.777999877929688,16.780000686645508,16.643999099731445,16.67799949645996,19757
2018-01-31,SW2CHB.MI,16.770000457763672,16.770000457763672,16.520000457763672,16.552000045776367,10639
2018-02-01,SW2CHB.MI,16.639999389648438,16.639999389648438,16.472000122070312,16.472000122070312,17224
2018-02-02,SW2CHB.MI,16.378000259399414,16.395999908447266,16.31399917602539,16.31399917602539,13510
2018-02-05,SW2CHB.MI,16.200000762939453,16.200000762939453,16.04199981689453,16.04199981689453,45481
2018-02-06,SW2CHB.MI,15.65999984741211,15.892000198364258,15.642000198364258,15.642000198364258,16960
2018-02-07,SW2CHB.MI,15.779999732971191,15.934000015258789,15.760000228881836,15.934000015258789,7732
2018-02-08,SW2CHB.MI,15.961999893188477,15.961999893188477,15.668000221252441,15.668000221252441,10828
2018-02-09,SW2CHB.MI,15.640000343322754,15.663999557495117,15.496000289916992,15.496000289916992,4057
2018-02-12,SW2CHB.MI,15.697999954223633,15.784000396728516,15.697999954223633,15.736000061035156,9201
2018-02-13,SW2CHB.MI,15.711999893188477,15.734000205993652,15.57800006866455,15.57800006866455,41327
2018-02-14,SW2CHB.MI,15.718000411987305,15.812000274658203,15.692000389099121,15.812000274658203,24015
2018-02-15,SW2CHB.MI,15.855999946594238,15.949999809265137,15.807999610900879,15.949999809265137,9708
2018-02-16,SW2CHB.MI,15.925999641418457,16.006000518798828,15.925999641418457,16.006000518798828,15453
2018-02-19,SW2CHB.MI,15.965999603271484,15.979999542236328,15.831999778747559,15.831999778747559,12259
2018-02-20,SW2CHB.MI,15.902000427246094,15.935999870300293,15.833999633789062,15.935999870300293,16545
2018-02-21,SW2CHB.MI,15.807999610900879,15.958000183105469,15.807999610900879,15.958000183105469,8539
2018-02-22,SW2CHB.MI,15.836000442504883,15.960000038146973,15.836000442504883,15.960000038146973,6285
2018-02-23,SW2CHB.MI,15.930000305175781,15.958000183105469,15.881999969482422,15.958000183105469,5699
2018-02-26,SW2CHB.MI,15.942000389099121,16.035999298095703,15.942000389099121,16.035999298095703,2370
2018-02-27,SW2CHB.MI,15.935999870300293,16.030000686645508,15.935999870300293,16.030000686645508,2435
2018-02-28,SW2CHB.MI,15.904000282287598,15.961999893188477,15.836000442504883,15.836000442504883,99028
2018-03-01,SW2CHB.MI,15.673999786376953,15.710000038146973,15.583999633789062,15.583999633789062,456226
2018-03-02,SW2CHB.MI,15.503999710083008,15.526000022888184,15.314000129699707,15.314000129699707,200761
2018-03-05,SW2CHB.MI,15.338000297546387,15.571999549865723,15.338000297546387,15.550000190734863,17477
2018-03-06,SW2CHB.MI,15.668000221252441,15.680000305175781,15.48799991607666,15.48799991607666,55822
2018-03-07,SW2CHB.MI,15.42199993133545,15.460000038146973,15.380000114440918,15.460000038146973,311383
2018-03-08,SW2CHB.MI,15.458000183105469,15.642000198364258,15.458000183105469,15.642000198364258,2978
2018-03-09,SW2CHB.MI,15.668000221252441,15.710000038146973,15.645999908447266,15.710000038146973,573207
2018-03-12,SW2CHB.MI,15.795999526977539,15.8100004196167,15.760000228881836,15.795999526977539,5885
2018-03-13,SW2CHB.MI,15.789999961853027,15.795999526977539,15.619999885559082,15.619999885559082,356858
2018-03-14,SW2CHB.MI,15.666000366210938,15.666000366210938,15.597999572753906,15.597999572753906,8974
2018-03-15,SW2CHB.MI,15.62600040435791,15.685999870300293,15.586000442504883,15.675999641418457,18360
2018-03-16,SW2CHB.MI,15.722000122070312,15.736000061035156,15.673999786376953,15.678000450134277,3878
2018-03-19,SW2CHB.MI,15.553999900817871,15.652000427246094,15.53600025177002,15.53600025177002,8593
2018-03-20,SW2CHB.MI,15.494000434875488,15.618000030517578,15.491999626159668,15.618000030517578,9556
2018-03-21,SW2CHB.MI,15.592000007629395,15.600000381469727,15.52400016784668,15.52400016784668,14474
2018-03-22,SW2CHB.MI,15.449999809265137,15.449999809265137,15.291999816894531,15.291999816894531,90102
2018-03-23,SW2CHB.MI,15.194000244140625,15.194000244140625,15.161999702453613,15.161999702453613,39279
2018-03-26,SW2CHB.MI,15.272000312805176,15.272000312805176,15.001999855041504,15.015999794006348,30791
2018-03-27,SW2CHB.MI,15.25,15.25,15.197999954223633,15.211999893188477,3215
2018-03-28,SW2CHB.MI,15.038000106811523,15.394000053405762,15.034000396728516,15.394000053405762,1291
2018-03-29,SW2CHB.MI,15.35200023651123,15.456000328063965,15.350000381469727,15.39799976348877,1262984
2018-04-03,SW2CHB.MI,15.229999542236328,15.263999938964844,15.196000099182129,15.204000473022461,6616
2018-04-04,SW2CHB.MI,15.196000099182129,15.196000099182129,15.010000228881836,15.045999526977539,7134
2018-04-05,SW2CHB.MI,15.199999809265137,15.39799976348877,15.199999809265137,15.39799976348877,6345
2018-04-06,SW2CHB.MI,15.343999862670898,15.38599967956543,15.32800006866455,15.32800006866455,7148
2018-04-09,SW2CHB.MI,15.434000015258789,15.434000015258789,15.312000274658203,15.350000381469727,3373
2018-04-10,SW2CHB.MI,15.473999977111816,15.473999977111816,15.36400032043457,15.437999725341797,1631212
2018-04-11,SW2CHB.MI,15.387999534606934,15.387999534606934,15.288000106811523,15.295999526977539,4935
2018-04-12,SW2CHB.MI,15.270000457763672,15.404000282287598,15.270000457763672,15.404000282287598,2919
2018-04-13,SW2CHB.MI,15.369999885559082,15.461999893188477,15.366000175476074,15.392000198364258,31435
2018-04-16,SW2CHB.MI,15.5,15.5,15.347999572753906,15.347999572753906,4042
2018-04-17,SW2CHB.MI,15.390000343322754,15.477999687194824,15.359999656677246,15.465999603271484,6678
2018-04-18,SW2CHB.MI,15.51200008392334,15.539999961853027,15.395999908447266,15.435999870300293,183364
2018-04-19,SW2CHB.MI,15.402000427246094,15.430000305175781,15.369999885559082,15.40999984741211,73107
2018-04-20,SW2CHB.MI,15.39799976348877,15.416000366210938,15.345999717712402,15.416000366210938,15498
2018-04-23,SW2CHB.MI,15.362000465393066,15.434000015258789,15.362000465393066,15.434000015258789,4536
2018-04-24,SW2CHB.MI,15.447999954223633,15.491999626159668,15.359999656677246,15.380000114440918,382264
2018-04-25,SW2CHB.MI,15.302000045776367,15.302000045776367,15.251999855041504,15.302000045776367,2261
2018-04-26,SW2CHB.MI,15.383999824523926,15.5,15.383999824523926,15.498000144958496,615561
2018-04-27,SW2CHB.MI,15.600000381469727,15.600000381469727,15.477999687194824,15.527999877929688,12561
2018-04-30,SW2CHB.MI,15.553999900817871,15.607999801635742,15.539999961853027,15.593999862670898,5988
2018-05-02,SW2CHB.MI,15.62600040435791,15.649999618530273,15.574000358581543,15.640000343322754,568825
2018-05-03,SW2CHB.MI,15.64799976348877,15.64799976348877,15.545999526977539,15.552000045776367,432482
2018-05-04,SW2CHB.MI,15.588000297546387,15.656000137329102,15.531999588012695,15.656000137329102,63417
2018-05-07,SW2CHB.MI,15.6899995803833,15.826000213623047,15.684000015258789,15.817999839782715,24862
2018-05-08,SW2CHB.MI,15.821999549865723,15.883999824523926,15.802000045776367,15.87600040435791,43451
2018-05-09,SW2CHB.MI,15.899999618530273,15.906000137329102,15.803999900817871,15.902000427246094,31322
2018-05-10,SW2CHB.MI,15.946000099182129,15.946000099182129,15.76200008392334,15.89799976348877,18313
2018-05-11,SW2CHB.MI,15.866000175476074,15.892000198364258,15.847999572753906,15.869999885559082,9472
2018-05-14,SW2CHB.MI,15.894000053405762,15.895999908447266,15.847999572753906,15.892000198364258,28534
2018-05-15,SW2CHB.MI,15.887999534606934,15.961999893188477,15.87600040435791,15.961999893188477,19794
2018-05-16,SW2CHB.MI,16.02199935913086,16.083999633789062,15.977999687194824,16.035999298095703,35999
2018-05-17,SW2CHB.MI,15.991999626159668,16.054000854492188,15.954000473022461,16.031999588012695,698700
2018-05-18,SW2CHB.MI,16.003999710083008,16.07200050354004,16.003999710083008,16.06599998474121,8443
2018-05-21,SW2CHB.MI,16.148000717163086,16.194000244140625,16.121999740600586,16.13599967956543,48544
2018-05-22,SW2CHB.MI,16.107999801635742,16.173999786376953,16.025999069213867,16.11199951171875,10586
2018-05-23,SW2CHB.MI,16.11199951171875,16.11199951171875,15.934000015258789,15.934000015258789,12206
2018-05-24,SW2CHB.MI,15.989999771118164,16.035999298095703,15.89799976348877,15.937999725341797,60151
2018-05-25,SW2CHB.MI,16.013999938964844,16.049999237060547,15.998000144958496,16.016000747680664,25920
2018-05-28,SW2CHB.MI,16.016000747680664,16.076000213623047,16.016000747680664,16.076000213623047,72962
2018-05-29,SW2CHB.MI,15.994000434875488,15.994000434875488,15.895999908447266,15.932000160217285,2429904
2018-05-30,SW2CHB.MI,15.87399959564209,15.880000114440918,15.76200008392334,15.76200008392334,522502
2018-05-31,SW2CHB.MI,15.788000106811523,15.829999923706055,15.609999656677246,15.62600040435791,758369
2018-06-01,SW2CHB.MI,15.656000137329102,15.826000213623047,15.656000137329102,15.8100004196167,555993
2018-06-04,SW2CHB.MI,15.880000114440918,15.880000114440918,15.817999839782715,15.819999694824219,585707
2018-06-05,SW2CHB.MI,15.805999755859375,15.871999740600586,15.715999603271484,15.715999603271484,120304
2018-06-06,SW2CHB.MI,15.663999557495117,15.687999725341797,15.501999855041504,15.61400032043457,174143
2018-06-07,SW2CHB.MI,15.697999954223633,15.697999954223633,15.609999656677246,15.609999656677246,228447
2018-06-08,SW2CHB.MI,15.550000190734863,15.609999656677246,15.543999671936035,15.574000358581543,10868
2018-06-11,SW2CHB.MI,15.685999870300293,15.72599983215332,15.661999702453613,15.72599983215332,183436
2018-06-12,SW2CHB.MI,15.770000457763672,15.800000190734863,15.734000205993652,15.788000106811523,16937
2018-06-13,SW2CHB.MI,15.78600025177002,15.814000129699707,15.78600025177002,15.805999755859375,2002
2018-06-14,SW2CHB.MI,15.680000305175781,15.932000160217285,15.63599967956543,15.932000160217285,5004
2018-06-15,SW2CHB.MI,15.996000289916992,15.996000289916992,15.815999984741211,15.862000465393066,68588
2018-06-18,SW2CHB.MI,15.79800033569336,15.79800033569336,15.60200023651123,15.652000427246094,7265
2018-06-19,SW2CHB.MI,15.557999610900879,15.630000114440918,15.557999610900879,15.583999633789062,36019
2018-06-20,SW2CHB.MI,15.697999954223633,15.767999649047852,15.673999786376953,15.727999687194824,39964
2018-06-21,SW2CHB.MI,15.812000274658203,15.812000274658203,15.59000015258789,15.59000015258789,6919
2018-06-22,SW2CHB.MI,15.666000366210938,15.866000175476074,15.663999557495117,15.866000175476074,7838
2018-06-25,SW2CHB.MI,15.734000205993652,15.734000205993652,15.552000045776367,15.555999755859375,31121
2018-06-26,SW2CHB.MI,15.60200023651123,15.60200023651123,15.54800033569336,15.59000015258789,62014
2018-06-27,SW2CHB.MI,15.588000297546387,15.711999893188477,15.447999954223633,15.67199993133545,6622
2018-06-28,SW2CHB.MI,15.64799976348877,15.64799976348877,15.491999626159668,15.5600004196167,501221
2018-06-29,SW2CHB.MI,15.75,15.803999900817871,15.736000061035156,15.77400016784668,617916
2018-07-02,SW2CHB.MI,15.685999870300293,15.715999603271484,15.640000343322754,15.715999603271484,12570
2018-07-03,SW2CHB.MI,15.727999687194824,15.868000030517578,15.727999687194824,15.842000007629395,4117
2018-07-04,SW2CHB.MI,15.843999862670898,15.925999641418457,15.843999862670898,15.906000137329102,625968
2018-07-05,SW2CHB.MI,15.890000343322754,15.944000244140625,15.838000297546387,15.869999885559082,3559
2018-07-06,SW2CHB.MI,15.871999740600586,15.906000137329102,15.819999694824219,15.906000137329102,32992
2018-07-09,SW2CHB.MI,15.982000350952148,16.0,15.913999557495117,15.994000434875488,13483
2018-07-10,SW2CHB.MI,15.984000205993652,16.049999237060547,15.965999603271484,15.986000061035156,18230
2018-07-11,SW2CHB.MI,15.859999656677246,15.892000198364258,15.843999862670898,15.854000091552734,8775
2018-07-12,SW2CHB.MI,15.918000221252441,16.031999588012695,15.881999969482422,15.986000061035156,5529
2018-07-13,SW2CHB.MI,16.02400016784668,16.121999740600586,16.02400016784668,16.079999923706055,19229
2018-07-16,SW2CHB.MI,16.11199951171875,16.118000030517578,16.04599952697754,16.0939998626709,173131
2018-07-17,SW2CHB.MI,16.083999633789062,16.101999282836914,16.038000106811523,16.077999114990234,38625
2018-07-18,SW2CHB.MI,16.200000762939453,16.29199981689453,16.200000762939453,16.29199981689453,3395
2018-07-19,SW2CHB.MI,16.29599952697754,16.365999221801758,16.29400062561035,16.31399917602539,58711
2018-07-20,SW2CHB.MI,16.31999969482422,16.375999450683594,16.284000396728516,16.365999221801758,9486
2018-07-23,SW2CHB.MI,16.488000869750977,16.488000869750977,16.31800079345703,16.365999221801758,8063
2018-07-24,SW2CHB.MI,16.357999801635742,16.450000762939453,16.357999801635742,16.422000885009766,50281
2018-07-25,SW2CHB.MI,16.437999725341797,16.472000122070312,16.40999984741211,16.465999603271484,30909
2018-07-26,SW2CHB.MI,16.549999237060547,16.714000701904297,16.549999237060547,16.695999145507812,8977
2018-07-27,SW2CHB.MI,16.743999481201172,16.775999069213867,16.719999313354492,16.770000457763672,11979
2018-07-30,SW2CHB.MI,16.700000762939453,16.781999588012695,16.700000762939453,16.75,7581
2018-07-31,SW2CHB.MI,16.763999938964844,16.777999877929688,16.729999542236328,16.761999130249023,18384
2018-08-01,SW2CHB.MI,16.70800018310547,16.73200035095215,16.666000366210938,16.68400001525879,153399
2018-08-02,SW2CHB.MI,16.79400062561035,16.79400062561035,16.719999313354492,16.785999298095703,4399
2018-08-03,SW2CHB.MI,16.760000228881836,16.851999282836914,16.760000228881836,16.850000381469727,7945
2018-08-06,SW2CHB.MI,16.847999572753906,16.913999557495117,16.785999298095703,16.823999404907227,14381
2018-08-07,SW2CHB.MI,16.899999618530273,16.923999786376953,16.84600067138672,16.898000717163086,7855
2018-08-08,SW2CHB.MI,16.77199935913086,16.86199951171875,16.77199935913086,16.854000091552734,3955
2018-08-09,SW2CHB.MI,16.841999053955078,16.91200065612793,16.826000213623047,16.91200065612793,23517
2018-08-10,SW2CHB.MI,16.874000549316406,16.895999908447266,16.823999404907227,16.868000030517578,6014
2018-08-13,SW2CHB.MI,16.84000015258789,16.847999572753906,16.775999069213867,16.847999572753906,7479
2018-08-14,SW2CHB.MI,16.965999603271484,16.965999603271484,16.893999099731445,16.937999725341797,3835
2018-08-16,SW2CHB.MI,16.829999923706055,16.86199951171875,16.790000915527344,16.809999465942383,50452
2018-08-17,SW2CHB.MI,16.84000015258789,16.84000015258789,16.75,16.81399917602539,6986
2018-08-20,SW2CHB.MI,16.8700008392334,16.884000778198242,16.84600067138672,16.881999969482422,2995
2018-08-21,SW2CHB.MI,16.898000717163086,16.959999084472656,16.898000717163086,16.91200065612793,2942
2018-08-22,SW2CHB.MI,16.850000381469727,16.865999221801758,16.81399917602539,16.83799934387207,16951
2018-08-23,SW2CHB.MI,16.908000946044922,16.926000595092773,16.8439998626709,16.8439998626709,5543
2018-08-24,SW2CHB.MI,16.9060001373291,16.9060001373291,16.81399917602539,16.81399917602539,3040
2018-08-27,SW2CHB.MI,16.878000259399414,16.8799991607666,16.809999465942383,16.865999221801758,24073
2018-08-28,SW2CHB.MI,16.871999740600586,16.878000259399414,16.81800079345703,16.856000900268555,3266
2018-08-29,SW2CHB.MI,16.892000198364258,16.93000030517578,16.83799934387207,16.93000030517578,8819
2018-08-30,SW2CHB.MI,16.9060001373291,16.968000411987305,16.898000717163086,16.968000411987305,56757
2018-08-31,SW2CHB.MI,16.92799949645996,16.950000762939453,16.90399932861328,16.941999435424805,20447
2018-09-03,SW2CHB.MI,16.983999252319336,16.983999252319336,16.93199920654297,16.97800064086914,4330
2018-09-04,SW2CHB.MI,17.0939998626709,17.0939998626709,16.802000045776367,16.836000442504883,14880
2018-09-05,SW2CHB.MI,16.804000854492188,16.804000854492188,16.65999984741211,16.65999984741211,57160
2018-09-06,SW2CHB.MI,16.639999389648438,16.70800018310547,16.61199951171875,16.61199951171875,11402
2018-09-07,SW2CHB.MI,16.663999557495117,16.742000579833984,16.652000427246094,16.736000061035156,12355
2018-09-10,SW2CHB.MI,16.823999404907227,16.826000213623047,16.760000228881836,16.760000228881836,5893
2018-09-11,SW2CHB.MI,16.775999069213867,16.79800033569336,16.757999420166016,16.757999420166016,5423
2018-09-12,SW2CHB.MI,16.878000259399414,16.878000259399414,16.82200050354004,16.836000442504883,3639
2018-09-13,SW2CHB.MI,16.93199920654297,16.93199920654297,16.83799934387207,16.83799934387207,9577
2018-09-14,SW2CHB.MI,16.874000549316406,16.9060001373291,16.841999053955078,16.9060001373291,7058
2018-09-17,SW2CHB.MI,16.88800048828125,16.895999908447266,16.790000915527344,16.860000610351562,22538
2018-09-18,SW2CHB.MI,16.892000198364258,16.892000198364258,16.799999237060547,16.82200050354004,24059
2018-09-19,SW2CHB.MI,16.785999298095703,16.788000106811523,16.724000930786133,16.788000106811523,6967
2018-09-20,SW2CHB.MI,16.82200050354004,16.90399932861328,16.82200050354004,16.90399932861328,10729
2018-09-21,SW2CHB.MI,16.950000762939453,17.0,16.93000030517578,16.93000030517578,6785
2018-09-24,SW2CHB.MI,16.969999313354492,16.969999313354492,16.756000518798828,16.756000518798828,8072
2018-09-25,SW2CHB.MI,16.766000747680664,16.836000442504883,16.714000701904297,16.836000442504883,4237
2018-09-26,SW2CHB.MI,16.827999114990234,16.913999557495117,16.802000045776367,16.913999557495117,5631
2018-09-27,SW2CHB.MI,16.823999404907227,16.93199920654297,16.823999404907227,16.93199920654297,9788
2018-09-28,SW2CHB.MI,17.04199981689453,17.04400062561035,16.916000366210938,16.992000579833984,10342
2018-10-01,SW2CHB.MI,16.920000076293945,17.031999588012695,16.893999099731445,17.011999130249023,3670
2018-10-02,SW2CHB.MI,16.989999771118164,16.989999771118164,16.920000076293945,16.92799949645996,20453
2018-10-03,SW2CHB.MI,17.0,17.04400062561035,16.964000701904297,17.04400062561035,11017
2018-10-04,SW2CHB.MI,16.947999954223633,16.947999954223633,16.81399917602539,16.83799934387207,25484
2018-10-05,SW2CHB.MI,16.808000564575195,16.808000564575195,16.70400047302246,16.724000930786133,17500
2018-10-08,SW2CHB.MI,16.676000595092773,16.676000595092773,16.56999969482422,16.58799934387207,7719
2018-10-09,SW2CHB.MI,16.579999923706055,16.600000381469727,16.488000869750977,16.600000381469727,40167
2018-10-10,SW2CHB.MI,16.573999404907227,16.634000778198242,16.422000885009766,16.422000885009766,31602
2018-10-11,SW2CHB.MI,16.128000259399414,16.18400001525879,15.934000015258789,15.934000015258789,131468
2018-10-12,SW2CHB.MI,16.031999588012695,16.059999465942383,15.956000328063965,15.956000328063965,18913
2018-10-15,SW2CHB.MI,15.859999656677246,15.989999771118164,15.859999656677246,15.947999954223633,31711
2018-10-16,SW2CHB.MI,15.986000061035156,16.163999557495117,15.986000061035156,16.16200065612793,209361
2018-10-17,SW2CHB.MI,16.350000381469727,16.350000381469727,16.1299991607666,16.145999908447266,34396
2018-10-18,SW2CHB.MI,16.284000396728516,16.284000396728516,16.167999267578125,16.167999267578125,20679
2018-10-19,SW2CHB.MI,16.309999465942383,16.378000259399414,16.256000518798828,16.347999572753906,29043
2018-10-22,SW2CHB.MI,16.365999221801758,16.43600082397461,16.336000442504883,16.3799991607666,26849
2018-10-23,SW2CHB.MI,16.329999923706055,16.329999923706055,16.0,16.191999435424805,13304
2018-10-24,SW2CHB.MI,16.312000274658203,16.34600067138672,16.209999084472656,16.209999084472656,80516
2018-10-25,SW2CHB.MI,16.0,16.1560001373291,15.982000350952148,16.15399932861328,25086
2018-10-26,SW2CHB.MI,16.02400016784668,16.20800018310547,16.006000518798828,16.124000549316406,86418
2018-10-29,SW2CHB.MI,16.299999237060547,16.371999740600586,16.246000289916992,16.246000289916992,10412
2018-10-30,SW2CHB.MI,16.270000457763672,16.4060001373291,16.260000228881836,16.399999618530273,6099
2018-10-31,SW2CHB.MI,16.58799934387207,16.72800064086914,16.582000732421875,16.70800018310547,59726
2018-11-01,SW2CHB.MI,16.766000747680664,16.766000747680664,16.618000030517578,16.649999618530273,54224
2018-11-02,SW2CHB.MI,16.718000411987305,16.724000930786133,16.625999450683594,16.625999450683594,6620
2018-11-05,SW2CHB.MI,16.604000091552734,16.670000076293945,16.579999923706055,16.5939998626709,13171
2018-11-06,SW2CHB.MI,16.597999572753906,16.601999282836914,16.49799919128418,16.562000274658203,1641
2018-11-07,SW2CHB.MI,16.672000885009766,16.700000762939453,16.586000442504883,16.66200065612793,6813
2018-11-08,SW2CHB.MI,16.73200035095215,16.753999710083008,16.70599937438965,16.72800064086914,9152
2018-11-09,SW2CHB.MI,16.733999252319336,16.766000747680664,16.709999084472656,16.766000747680664,10911
2018-11-12,SW2CHB.MI,16.926000595092773,16.926000595092773,16.694000244140625,16.70800018310547,9254
2018-11-13,SW2CHB.MI,16.781999588012695,16.781999588012695,16.601999282836914,16.70599937438965,28556
2018-11-14,SW2CHB.MI,16.634000778198242,16.649999618530273,16.54599952697754,16.54599952697754,3355
2018-11-15,SW2CHB.MI,16.54400062561035,16.555999755859375,16.389999389648438,16.43000030517578,3147
2018-11-16,SW2CHB.MI,16.525999069213867,16.525999069213867,16.323999404907227,16.440000534057617,7752
2018-11-19,SW2CHB.MI,16.74799919128418,16.74799919128418,16.29800033569336,16.29800033569336,31129
2018-11-20,SW2CHB.MI,16.31800079345703,16.341999053955078,16.215999603271484,16.277999877929688,21679
2018-11-21,SW2CHB.MI,16.305999755859375,16.41200065612793,16.29199981689453,16.40399932861328,17628
2018-11-22,SW2CHB.MI,16.378000259399414,16.378000259399414,16.285999298095703,16.308000564575195,20568
2018-11-23,SW2CHB.MI,16.31399917602539,16.47800064086914,16.29599952697754,16.47800064086914,2141
2018-11-26,SW2CHB.MI,16.513999938964844,16.628000259399414,16.513999938964844,16.604000091552734,52890
2018-11-27,SW2CHB.MI,16.648000717163086,16.648000717163086,16.510000228881836,16.58799934387207,8301
2018-11-28,SW2CHB.MI,16.670000076293945,16.670000076293945,16.601999282836914,16.601999282836914,3223
2018-11-29,SW2CHB.MI,16.711999893188477,16.72599983215332,16.634000778198242,16.711999893188477,2149
2018-11-30,SW2CHB.MI,16.649999618530273,16.799999237060547,16.642000198364258,16.77400016784668,14215
2018-12-03,SW2CHB.MI,16.8700008392334,16.992000579833984,16.8700008392334,16.889999389648438,14840
2018-12-04,SW2CHB.MI,16.86199951171875,16.899999618530273,16.829999923706055,16.865999221801758,10063
2018-12-05,SW2CHB.MI,16.733999252319336,16.733999252319336,16.600000381469727,16.600000381469727,14396
2018-12-06,SW2CHB.MI,16.426000595092773,16.426000595092773,16.149999618530273,16.149999618530273,7556
2018-12-07,SW2CHB.MI,16.399999618530273,16.41200065612793,16.29400062561035,16.29400062561035,108341
2018-12-10,SW2CHB.MI,16.170000076293945,16.187999725341797,16.011999130249023,16.011999130249023,5138
2018-12-11,SW2CHB.MI,16.163999557495117,16.3439998626709,16.163999557495117,16.33799934387207,23983
2018-12-12,SW2CHB.MI,16.365999221801758,16.54800033569336,16.365999221801758,16.538000106811523,8920
2018-12-13,SW2CHB.MI,16.468000411987305,16.520000457763672,16.445999145507812,16.445999145507812,30734
2018-12-14,SW2CHB.MI,16.32200050354004,16.326000213623047,16.224000930786133,16.290000915527344,5193
2018-12-17,SW2CHB.MI,16.190000534057617,16.190000534057617,16.04800033569336,16.04800033569336,17929
2018-12-18,SW2CHB.MI,15.982000350952148,16.02400016784668,15.710000038146973,15.859999656677246,884553
2018-12-19,SW2CHB.MI,15.833999633789062,15.883999824523926,15.817999839782715,15.842000007629395,17807
2018-12-20,SW2CHB.MI,15.600000381469727,15.685999870300293,15.574000358581543,15.595999717712402,830571
2018-12-21,SW2CHB.MI,15.531999588012695,15.645999908447266,15.52400016784668,15.645999908447266,4703
2018-12-27,SW2CHB.MI,15.604000091552734,15.604000091552734,15.263999938964844,15.263999938964844,4999
2018-12-28,SW2CHB.MI,15.569999694824219,15.710000038146973,15.569999694824219,15.70199966430664,3728
2019-01-02,SW2CHB.MI,15.609999656677246,15.814000129699707,15.609999656677246,15.814000129699707,1442
2019-01-03,SW2CHB.MI,15.800000190734863,15.829999923706055,15.75,15.777999877929688,6615
2019-01-04,SW2CHB.MI,15.79800033569336,16.062000274658203,15.79800033569336,16.062000274658203,1608
2019-01-07,SW2CHB.MI,16.011999130249023,16.011999130249023,15.932000160217285,15.932000160217285,56223
2019-01-08,SW2CHB.MI,16.011999130249023,16.170000076293945,16.011999130249023,16.106000900268555,19594
2019-01-09,SW2CHB.MI,16.139999389648438,16.25,16.139999389648438,16.194000244140625,15491
2019-01-10,SW2CHB.MI,16.16200065612793,16.341999053955078,16.097999572753906,16.341999053955078,34468
2019-01-11,SW2CHB.MI,16.347999572753906,16.42799949645996,16.347999572753906,16.426000595092773,13603
2019-01-14,SW2CHB.MI,16.305999755859375,16.3439998626709,16.29800033569336,16.3439998626709,1940
2019-01-15,SW2CHB.MI,16.399999618530273,16.45599937438965,16.354000091552734,16.45599937438965,51871
2019-01-16,SW2CHB.MI,16.43400001525879,16.507999420166016,16.43199920654297,16.507999420166016,56391
2019-01-17,SW2CHB.MI,16.513999938964844,16.586000442504883,16.488000869750977,16.540000915527344,17394
2019-01-18,SW2CHB.MI,16.645999908447266,16.766000747680664,16.642000198364258,16.766000747680664,9828
2019-01-21,SW2CHB.MI,16.68000030517578,16.714000701904297,16.658000946044922,16.691999435424805,6743
2019-01-22,SW2CHB.MI,16.714000701904297,16.72800064086914,16.6200008392334,16.63800048828125,99313
2019-01-23,SW2CHB.MI,16.59600067138672,16.70199966430664,16.59600067138672,16.61199951171875,22205
2019-01-24,SW2CHB.MI,16.67799949645996,16.700000762939453,16.57200050354004,16.645999908447266,6327
2019-01-25,SW2CHB.MI,16.714000701904297,16.714000701904297,16.56399917602539,16.56399917602539,16528
2019-01-28,SW2CHB.MI,16.472000122070312,16.54400062561035,16.408000946044922,16.408000946044922,54628
2019-01-29,SW2CHB.MI,16.42799949645996,16.597999572753906,16.42799949645996,16.555999755859375,39349
2019-01-30,SW2CHB.MI,16.54599952697754,16.57200050354004,16.50200080871582,16.57200050354004,30648
2019-01-31,SW2CHB.MI,16.58799934387207,16.61199951171875,16.52400016784668,16.61199951171875,5923
2019-02-01,SW2CHB.MI,16.687999725341797,16.691999435424805,16.513999938964844,16.61199951171875,249382
2019-02-04,SW2CHB.MI,16.573999404907227,16.645999908447266,16.573999404907227,16.6299991607666,87688
2019-02-05,SW2CHB.MI,16.600000381469727,16.898000717163086,16.600000381469727,16.881999969482422,118544
2019-02-06,SW2CHB.MI,16.850000381469727,16.93600082397461,16.850000381469727,16.893999099731445,48829
2019-02-07,SW2CHB.MI,16.92799949645996,16.92799949645996,16.743999481201172,16.743999481201172,221947
2019-02-08,SW2CHB.MI,16.75,16.75,16.700000762939453,16.746000289916992,65719
2019-02-11,SW2CHB.MI,16.809999465942383,16.889999389648438,16.809999465942383,16.86400032043457,5762
2019-02-12,SW2CHB.MI,16.90399932861328,16.940000534057617,16.860000610351562,16.868000030517578,4108
2019-02-13,SW2CHB.MI,16.95800018310547,16.968000411987305,16.875999450683594,16.95800018310547,5527
2019-02-14,SW2CHB.MI,17.09000015258789,17.124000549316406,16.97599983215332,16.992000579833984,134999
2019-02-15,SW2CHB.MI,17.020000457763672,17.173999786376953,17.020000457763672,17.173999786376953,3581
2019-02-18,SW2CHB.MI,17.209999084472656,17.242000579833984,17.200000762939453,17.22599983215332,41146
2019-02-19,SW2CHB.MI,17.218000411987305,17.218000411987305,17.166000366210938,17.20400047302246,28744
2019-02-20,SW2CHB.MI,17.284000396728516,17.32200050354004,17.280000686645508,17.31800079345703,38056
2019-02-21,SW2CHB.MI,17.354000091552734,17.398000717163086,17.329999923706055,17.354000091552734,41043
2019-02-22,SW2CHB.MI,17.360000610351562,17.40999984741211,17.34600067138672,17.393999099731445,98770
2019-02-25,SW2CHB.MI,17.360000610351562,17.45800018310547,17.360000610351562,17.45800018310547,2811
2019-02-26,SW2CHB.MI,17.417999267578125,17.535999298095703,17.40999984741211,17.530000686645508,5022
2019-02-27,SW2CHB.MI,17.45800018310547,17.479999542236328,17.395999908447266,17.417999267578125,42468
2019-02-28,SW2CHB.MI,17.357999801635742,17.441999435424805,17.350000381469727,17.437999725341797,75380
2019-03-01,SW2CHB.MI,17.492000579833984,17.513999938964844,17.440000534057617,17.440000534057617,32739
2019-03-04,SW2CHB.MI,17.579999923706055,17.600000381469727,17.540000915527344,17.56599998474121,5871
2019-03-05,SW2CHB.MI,17.49799919128418,17.554000854492188,17.45599937438965,17.54199981689453,34435
2019-03-06,SW2CHB.MI,17.525999069213867,17.527999877929688,17.492000579833984,17.527999877929688,7308
2019-03-07,SW2CHB.MI,17.49799919128418,17.583999633789062,17.474000930786133,17.525999069213867,68981
2019-03-08,SW2CHB.MI,17.49799919128418,17.49799919128418,17.416000366210938,17.441999435424805,19583
2019-03-11,SW2CHB.MI,17.486000061035156,17.534000396728516,17.444000244140625,17.520000457763672,118620
2019-03-12,SW2CHB.MI,17.483999252319336,17.5,17.472000122070312,17.474000930786133,63889
2019-03-13,SW2CHB.MI,17.464000701904297,17.59000015258789,17.450000762939453,17.59000015258789,43303
2019-03-14,SW2CHB.MI,17.70400047302246,17.81999969482422,17.691999435424805,17.79199981689453,4166
2019-03-15,SW2CHB.MI,17.790000915527344,17.809999465942383,17.736000061035156,17.79800033569336,36596
2019-03-18,SW2CHB.MI,17.79199981689453,17.83799934387207,17.756000518798828,17.83799934387207,32752
2019-03-19,SW2CHB.MI,17.850000381469727,17.944000244140625,17.850000381469727,17.874000549316406,9039
2019-03-20,SW2CHB.MI,17.788000106811523,17.805999755859375,17.739999771118164,17.805999755859375,2713
2019-03-21,SW2CHB.MI,17.784000396728516,17.893999099731445,17.784000396728516,17.893999099731445,4758
2019-03-22,SW2CHB.MI,17.83799934387207,17.84600067138672,17.722000122070312,17.722000122070312,26108
2019-03-25,SW2CHB.MI,17.639999389648438,17.691999435424805,17.63800048828125,17.687999725341797,31373
2019-03-26,SW2CHB.MI,17.804000854492188,17.884000778198242,17.799999237060547,17.884000778198242,13690
2019-03-27,SW2CHB.MI,17.802000045776367,17.983999252319336,17.802000045776367,17.922000885009766,1959
2019-03-28,SW2CHB.MI,18.0,18.04400062561035,17.95400047302246,17.965999603271484,23700
2019-03-29,SW2CHB.MI,18.016000747680664,18.097999572753906,18.003999710083008,18.0939998626709,71032
2019-04-01,SW2CHB.MI,18.13599967956543,18.176000595092773,18.1299991607666,18.176000595092773,6991
2019-04-02,SW2CHB.MI,18.1560001373291,18.187999725341797,18.13800048828125,18.18600082397461,3121
2019-04-03,SW2CHB.MI,18.17799949645996,18.219999313354492,18.079999923706055,18.219999313354492,19631
2019-04-04,SW2CHB.MI,18.158000946044922,18.18600082397461,18.149999618530273,18.176000595092773,27006
2019-04-05,SW2CHB.MI,18.200000762939453,18.224000930786133,18.170000076293945,18.20599937438965,2569
2019-04-08,SW2CHB.MI,18.149999618530273,18.20800018310547,18.139999389648438,18.1560001373291,16014
2019-04-09,SW2CHB.MI,18.200000762939453,18.31399917602539,18.170000076293945,18.20599937438965,239790
2019-04-10,SW2CHB.MI,18.176000595092773,18.20599937438965,18.1200008392334,18.152000427246094,81233
2019-04-11,SW2CHB.MI,18.1299991607666,18.20800018310547,18.09000015258789,18.110000610351562,69022
2019-04-12,SW2CHB.MI,18.09000015258789,18.097999572753906,17.88599967956543,17.983999252319336,155911
2019-04-15,SW2CHB.MI,17.969999313354492,18.082000732421875,17.969999313354492,18.035999298095703,135231
2019-04-16,SW2CHB.MI,18.08799934387207,18.139999389648438,18.073999404907227,18.118000030517578,163795
2019-04-17,SW2CHB.MI,18.09600067138672,18.11199951171875,18.0,18.055999755859375,103877
2019-04-18,SW2CHB.MI,18.076000213623047,18.158000946044922,18.038000106811523,18.038000106811523,53551
2019-04-23,SW2CHB.MI,18.0,18.170000076293945,17.944000244140625,18.134000778198242,38127
2019-04-24,SW2CHB.MI,18.233999252319336,18.299999237060547,18.218000411987305,18.23200035095215,52086
2019-04-25,SW2CHB.MI,18.34000015258789,18.356000900268555,18.290000915527344,18.356000900268555,7404
2019-04-26,SW2CHB.MI,18.371999740600586,18.399999618530273,18.31999969482422,18.399999618530273,21415
2019-04-29,SW2CHB.MI,18.40399932861328,18.43400001525879,18.36400032043457,18.392000198364258,37527
2019-04-30,SW2CHB.MI,18.43000030517578,18.445999145507812,18.357999801635742,18.389999389648438,61213
2019-05-02,SW2CHB.MI,18.465999603271484,18.465999603271484,18.375999450683594,18.38800048828125,17209
2019-05-03,SW2CHB.MI,18.40999984741211,18.503999710083008,18.40999984741211,18.416000366210938,24856
2019-05-06,SW2CHB.MI,18.299999237060547,18.326000213623047,18.166000366210938,18.308000564575195,22402
2019-05-07,SW2CHB.MI,18.3439998626709,18.354000091552734,18.115999221801758,18.118000030517578,58471
2019-05-08,SW2CHB.MI,18.15399932861328,18.260000228881836,18.139999389648438,18.253999710083008,11359
2019-05-09,SW2CHB.MI,18.200000762939453,18.200000762939453,17.945999145507812,17.950000762939453,58980
2019-05-10,SW2CHB.MI,18.062000274658203,18.128000259399414,18.031999588012695,18.052000045776367,17175
2019-05-13,SW2CHB.MI,18.08799934387207,18.08799934387207,17.850000381469727,17.940000534057617,62732
2019-05-14,SW2CHB.MI,18.038000106811523,18.038000106811523,17.95800018310547,18.031999588012695,33514
2019-05-15,SW2CHB.MI,18.04599952697754,18.173999786376953,18.02199935913086,18.173999786376953,26282
2019-05-16,SW2CHB.MI,18.222000122070312,18.538000106811523,18.215999603271484,18.538000106811523,17161
2019-05-17,SW2CHB.MI,18.47599983215332,18.549999237060547,18.43400001525879,18.54199981689453,34264
2019-05-20,SW2CHB.MI,18.520000457763672,18.555999755859375,18.393999099731445,18.423999786376953,20844
2019-05-21,SW2CHB.MI,18.496000289916992,18.558000564575195,18.489999771118164,18.49799919128418,16040
2019-05-22,SW2CHB.MI,18.54800033569336,18.61199951171875,18.492000579833984,18.600000381469727,56624
2019-05-23,SW2CHB.MI,18.549999237060547,18.591999053955078,18.479999542236328,18.559999465942383,21604
2019-05-24,SW2CHB.MI,18.673999786376953,18.711999893188477,18.672000885009766,18.676000595092773,8930
2019-05-27,SW2CHB.MI,18.760000228881836,18.805999755859375,18.722000122070312,18.746000289916992,5270
2019-05-28,SW2CHB.MI,18.695999145507812,18.695999145507812,18.618000030517578,18.618000030517578,69523
2019-05-29,SW2CHB.MI,18.555999755859375,18.555999755859375,18.43000030517578,18.461999893188477,32029
2019-05-30,SW2CHB.MI,18.54599952697754,18.58799934387207,18.474000930786133,18.54599952697754,67707
2019-05-31,SW2CHB.MI,18.423999786376953,18.479999542236328,18.354000091552734,18.479999542236328,31554
2019-06-03,SW2CHB.MI,18.474000930786133,18.63800048828125,18.474000930786133,18.63800048828125,24267
2019-06-04,SW2CHB.MI,18.625999450683594,18.746000289916992,18.607999801635742,18.63800048828125,36294
2019-06-05,SW2CHB.MI,18.634000778198242,18.805999755859375,18.628000259399414,18.799999237060547,34289
2019-06-06,SW2CHB.MI,18.799999237060547,18.926000595092773,18.770000457763672,18.79199981689453,157885
2019-06-07,SW2CHB.MI,18.868000030517578,18.961999893188477,18.81800079345703,18.90399932861328,135790
2019-06-10,SW2CHB.MI,18.986000061035156,19.011999130249023,18.92799949645996,18.968000411987305,182932
2019-06-11,SW2CHB.MI,18.91200065612793,19.055999755859375,18.91200065612793,18.969999313354492,32130
2019-06-12,SW2CHB.MI,18.908000946044922,19.040000915527344,18.908000946044922,18.996000289916992,26482
2019-06-13,SW2CHB.MI,19.010000228881836,19.148000717163086,19.010000228881836,19.06599998474121,87264
2019-06-14,SW2CHB.MI,19.04400062561035,19.079999923706055,18.969999313354492,19.052000045776367,14695
2019-06-17,SW2CHB.MI,19.110000610351562,19.110000610351562,19.007999420166016,19.054000854492188,16647
2019-06-18,SW2CHB.MI,19.055999755859375,19.392000198364258,19.020000457763672,19.329999923706055,31854
2019-06-19,SW2CHB.MI,19.326000213623047,19.326000213623047,19.261999130249023,19.31399917602539,16504
2019-06-20,SW2CHB.MI,19.464000701904297,19.573999404907227,19.445999145507812,19.535999298095703,40853
2019-06-21,SW2CHB.MI,19.530000686645508,19.530000686645508,19.34600067138672,19.368000030517578,37879
2019-06-24,SW2CHB.MI,19.399999618530273,19.437999725341797,19.308000564575195,19.384000778198242,31617
2019-06-25,SW2CHB.MI,19.277999877929688,19.381999969482422,19.277999877929688,19.381999969482422,596228
2019-06-26,SW2CHB.MI,19.308000564575195,19.347999572753906,19.214000701904297,19.214000701904297,46936
2019-06-27,SW2CHB.MI,19.173999786376953,19.24799919128418,19.148000717163086,19.24799919128418,69287
2019-06-28,SW2CHB.MI,19.22599983215332,19.33799934387207,19.195999145507812,19.33799934387207,49014
2019-07-01,SW2CHB.MI,19.513999938964844,19.513999938964844,19.365999221801758,19.365999221801758,264390
2019-07-02,SW2CHB.MI,19.408000946044922,19.527999877929688,19.408000946044922,19.492000579833984,106530
2019-07-03,SW2CHB.MI,19.54400062561035,19.667999267578125,19.54400062561035,19.621999740600586,111737
2019-07-04,SW2CHB.MI,19.621999740600586,19.667999267578125,19.573999404907227,19.624000549316406,40127
2019-07-05,SW2CHB.MI,19.624000549316406,19.625999450683594,19.423999786376953,19.450000762939453,17057
2019-07-08,SW2CHB.MI,19.422000885009766,19.461999893188477,19.41200065612793,19.45199966430664,55623
2019-07-09,SW2CHB.MI,19.395999908447266,19.413999557495117,19.31599998474121,19.40999984741211,31249
2019-07-10,SW2CHB.MI,19.371999740600586,19.450000762939453,19.329999923706055,19.36400032043457,45308
2019-07-11,SW2CHB.MI,19.416000366210938,19.420000076293945,19.257999420166016,19.26799964904785,16770
2019-07-12,SW2CHB.MI,19.275999069213867,19.275999069213867,19.163999557495117,19.163999557495117,39159
2019-07-15,SW2CHB.MI,19.173999786376953,19.288000106811523,19.121999740600586,19.243999481201172,89708
2019-07-16,SW2CHB.MI,19.299999237060547,19.36199951171875,19.299999237060547,19.309999465942383,40087
2019-07-17,SW2CHB.MI,19.389999389648438,19.56599998474121,19.389999389648438,19.489999771118164,153552
2019-07-18,SW2CHB.MI,19.554000854492188,19.66200065612793,19.554000854492188,19.621999740600586,26033
2019-07-19,SW2CHB.MI,19.68199920654297,19.68199920654297,19.559999465942383,19.582000732421875,42739
2019-07-22,SW2CHB.MI,19.658000946044922,19.658000946044922,19.511999130249023,19.597999572753906,25778
2019-07-23,SW2CHB.MI,19.687999725341797,19.790000915527344,19.631999969482422,19.72800064086914,34052
2019-07-24,SW2CHB.MI,19.718000411987305,19.736000061035156,19.559999465942383,19.625999450683594,233791
2019-07-25,SW2CHB.MI,19.729999542236328,19.763999938964844,19.389999389648438,19.445999145507812,270587
2019-07-26,SW2CHB.MI,19.516000747680664,19.687999725341797,19.510000228881836,19.648000717163086,76625
2019-07-29,SW2CHB.MI,19.5939998626709,19.746000289916992,19.579999923706055,19.673999786376953,52520
2019-07-30,SW2CHB.MI,19.642000198364258,19.667999267578125,19.45800018310547,19.527999877929688,37735
2019-07-31,SW2CHB.MI,19.527999877929688,19.68000030517578,19.520000457763672,19.625999450683594,113946
2019-08-01,SW2CHB.MI,19.68199920654297,19.8439998626709,19.68199920654297,19.81800079345703,287217
2019-08-02,SW2CHB.MI,19.642000198364258,19.694000244140625,19.516000747680664,19.615999221801758,160665
2019-08-05,SW2CHB.MI,19.555999755859375,19.555999755859375,19.187999725341797,19.25,68563
2019-08-06,SW2CHB.MI,19.134000778198242,19.290000915527344,19.06800079345703,19.06800079345703,82909
2019-08-07,SW2CHB.MI,19.09600067138672,19.263999938964844,18.996000289916992,19.124000549316406,93032
2019-08-08,SW2CHB.MI,19.29199981689453,19.493999481201172,19.29199981689453,19.493999481201172,11780
2019-08-09,SW2CHB.MI,19.579999923706055,19.670000076293945,19.554000854492188,19.558000564575195,73306
2019-08-12,SW2CHB.MI,19.711999893188477,19.777999877929688,19.606000900268555,19.639999389648438,32074
2019-08-13,SW2CHB.MI,19.576000213623047,19.711999893188477,19.48200035095215,19.642000198364258,36517
2019-08-14,SW2CHB.MI,19.673999786376953,19.68199920654297,19.417999267578125,19.417999267578125,44987
2019-08-16,SW2CHB.MI,19.4060001373291,19.57200050354004,19.4060001373291,19.56999969482422,6830
2019-08-19,SW2CHB.MI,19.70400047302246,19.784000396728516,19.700000762939453,19.761999130249023,39705
2019-08-20,SW2CHB.MI,19.850000381469727,19.86199951171875,19.65399932861328,19.65399932861328,3823
2019-08-21,SW2CHB.MI,19.743999481201172,19.850000381469727,19.743999481201172,19.802000045776367,10457
2019-08-22,SW2CHB.MI,19.719999313354492,19.736000061035156,19.643999099731445,19.65999984741211,11038
2019-08-23,SW2CHB.MI,19.763999938964844,19.805999755859375,19.59600067138672,19.59600067138672,31697
2019-08-26,SW2CHB.MI,19.559999465942383,19.591999053955078,19.469999313354492,19.586000442504883,6155
2019-08-27,SW2CHB.MI,19.549999237060547,19.691999435424805,19.540000915527344,19.687999725341797,8883
2019-08-28,SW2CHB.MI,19.643999099731445,19.65999984741211,19.586000442504883,19.65999984741211,16413
2019-08-29,SW2CHB.MI,19.690000534057617,19.799999237060547,19.690000534057617,19.77199935913086,18561
2019-08-30,SW2CHB.MI,19.84000015258789,19.989999771118164,19.84000015258789,19.920000076293945,36278
2019-09-02,SW2CHB.MI,19.99799919128418,20.065000534057617,19.93400001525879,20.010000228881836,19905
2019-09-03,SW2CHB.MI,19.95199966430664,20.010000228881836,19.922000885009766,19.95199966430664,9745
2019-09-04,SW2CHB.MI,20.100000381469727,20.1299991607666,20.030000686645508,20.079999923706055,35588
2019-09-05,SW2CHB.MI,20.1299991607666,20.1299991607666,20.030000686645508,20.084999084472656,43798
2019-09-06,SW2CHB.MI,20.09000015258789,20.264999389648438,20.065000534057617,20.264999389648438,180260
2019-09-09,SW2CHB.MI,20.274999618530273,20.274999618530273,20.100000381469727,20.100000381469727,19007
2019-09-10,SW2CHB.MI,20.020000457763672,20.020000457763672,19.871999740600586,20.020000457763672,34678
2019-09-11,SW2CHB.MI,20.020000457763672,20.149999618530273,19.972000122070312,20.149999618530273,32416
2019-09-12,SW2CHB.MI,20.170000076293945,20.325000762939453,20.059999465942383,20.135000228881836,70570
2019-09-13,SW2CHB.MI,20.135000228881836,20.135000228881836,19.95599937438965,19.95599937438965,93634
2019-09-16,SW2CHB.MI,19.88599967956543,19.9060001373291,19.809999465942383,19.854000091552734,88763
2019-09-17,SW2CHB.MI,19.83799934387207,19.908000946044922,19.781999588012695,19.875999450683594,42436
2019-09-18,SW2CHB.MI,19.829999923706055,19.884000778198242,19.823999404907227,19.841999053955078,31316
2019-09-19,SW2CHB.MI,19.920000076293945,19.986000061035156,19.860000610351562,19.97800064086914,54583
2019-09-20,SW2CHB.MI,20.059999465942383,20.104999542236328,20.030000686645508,20.045000076293945,78733
2019-09-23,SW2CHB.MI,20.020000457763672,20.05500030517578,19.983999252319336,20.040000915527344,51425
2019-09-24,SW2CHB.MI,20.075000762939453,20.114999771118164,20.05500030517578,20.06999969482422,41256
2019-09-25,SW2CHB.MI,19.965999603271484,19.965999603271484,19.808000564575195,19.95400047302246,60353
2019-09-26,SW2CHB.MI,19.993999481201172,20.15999984741211,19.993999481201172,20.145000457763672,45229
2019-09-27,SW2CHB.MI,20.229999542236328,20.2549991607666,20.15999984741211,20.19499969482422,73518
2019-09-30,SW2CHB.MI,20.165000915527344,20.2450008392334,20.1200008392334,20.219999313354492,29996
2019-10-01,SW2CHB.MI,20.2549991607666,20.290000915527344,19.944000244140625,19.974000930786133,82048
2019-10-02,SW2CHB.MI,19.93000030517578,19.93199920654297,19.52400016784668,19.525999069213867,55706
2019-10-03,SW2CHB.MI,19.486000061035156,19.555999755859375,19.351999282836914,19.472000122070312,63839
2019-10-04,SW2CHB.MI,19.58799934387207,19.74799919128418,19.513999938964844,19.687999725341797,41893
2019-10-07,SW2CHB.MI,19.691999435424805,19.88800048828125,19.691999435424805,19.856000900268555,19460
2019-10-08,SW2CHB.MI,19.851999282836914,19.868000030517578,19.719999313354492,19.719999313354492,12451
2019-10-09,SW2CHB.MI,19.719999313354492,19.79800033569336,19.68400001525879,19.724000930786133,65144
2019-10-10,SW2CHB.MI,19.722000122070312,19.757999420166016,19.610000610351562,19.757999420166016,63988
2019-10-11,SW2CHB.MI,19.743999481201172,19.86199951171875,19.743999481201172,19.86199951171875,29666
2019-10-14,SW2CHB.MI,19.808000564575195,19.829999923706055,19.68600082397461,19.808000564575195,32908
2019-10-15,SW2CHB.MI,19.884000778198242,19.93600082397461,19.785999298095703,19.902000427246094,112150
2019-10-16,SW2CHB.MI,19.95199966430664,19.961999893188477,19.8439998626709,19.8439998626709,31189
2019-10-17,SW2CHB.MI,19.832000732421875,19.881999969482422,19.79599952697754,19.804000854492188,123140
2019-10-18,SW2CHB.MI,19.757999420166016,19.770000457763672,19.68199920654297,19.68199920654297,50243
2019-10-21,SW2CHB.MI,19.68199920654297,19.738000869750977,19.666000366210938,19.695999145507812,61628
2019-10-22,SW2CHB.MI,19.72599983215332,19.72599983215332,19.59600067138672,19.719999313354492,31774
2019-10-23,SW2CHB.MI,19.695999145507812,19.81399917602539,19.695999145507812,19.729999542236328,39084
2019-10-24,SW2CHB.MI,19.799999237060547,19.93400001525879,19.799999237060547,19.90999984741211,20527
2019-10-25,SW2CHB.MI,19.93400001525879,20.059999465942383,19.917999267578125,20.059999465942383,51632
2019-10-28,SW2CHB.MI,20.040000915527344,20.135000228881836,20.014999389648438,20.079999923706055,148314
2019-10-29,SW2CHB.MI,20.059999465942383,20.125,20.024999618530273,20.110000610351562,64896
2019-10-30,SW2CHB.MI,20.170000076293945,20.19499969482422,20.145000457763672,20.19499969482422,51618
2019-10-31,SW2CHB.MI,20.19499969482422,20.25,20.1200008392334,20.155000686645508,82579
2019-11-01,SW2CHB.MI,20.204999923706055,20.239999771118164,20.170000076293945,20.18000030517578,5474
2019-11-04,SW2CHB.MI,20.239999771118164,20.354999542236328,20.190000534057617,20.350000381469727,138540
2019-11-05,SW2CHB.MI,20.30500030517578,20.315000534057617,20.239999771118164,20.25,130428
2019-11-06,SW2CHB.MI,20.190000534057617,20.3700008392334,20.190000534057617,20.34000015258789,110954
2019-11-07,SW2CHB.MI,20.375,20.385000228881836,20.28499984741211,20.360000610351562,137862
2019-11-08,SW2CHB.MI,20.280000686645508,20.364999771118164,20.280000686645508,20.344999313354492,53070
2019-11-11,SW2CHB.MI,20.360000610351562,20.395000457763672,20.30500030517578,20.375,48487
2019-11-12,SW2CHB.MI,20.3799991607666,20.450000762939453,20.31999969482422,20.434999465942383,38926
2019-11-13,SW2CHB.MI,20.40999984741211,20.524999618530273,20.375,20.524999618530273,35059
2019-11-14,SW2CHB.MI,20.530000686645508,20.530000686645508,20.415000915527344,20.415000915527344,20757
2019-11-15,SW2CHB.MI,20.475000381469727,20.514999389648438,20.405000686645508,20.424999237060547,64729
2019-11-18,SW2CHB.MI,20.440000534057617,20.514999389648438,20.440000534057617,20.479999542236328,26225
2019-11-19,SW2CHB.MI,20.514999389648438,20.559999465942383,20.450000762939453,20.450000762939453,23829
2019-11-20,SW2CHB.MI,20.44499969482422,20.475000381469727,20.399999618530273,20.475000381469727,21442
2019-11-21,SW2CHB.MI,20.329999923706055,20.415000915527344,20.329999923706055,20.385000228881836,20297
2019-11-22,SW2CHB.MI,20.424999237060547,20.489999771118164,20.3799991607666,20.43000030517578,14290
2019-11-25,SW2CHB.MI,20.545000076293945,20.645000457763672,20.514999389648438,20.645000457763672,52652
2019-11-26,SW2CHB.MI,20.6299991607666,20.7450008392334,20.614999771118164,20.69499969482422,48036
2019-11-27,SW2CHB.MI,20.709999084472656,20.774999618530273,20.684999465942383,20.735000610351562,18946
2019-11-28,SW2CHB.MI,20.71500015258789,20.774999618530273,20.68000030517578,20.7450008392334,71806
2019-11-29,SW2CHB.MI,20.690000534057617,20.725000381469727,20.625,20.625,15785
2019-12-02,SW2CHB.MI,20.665000915527344,20.729999542236328,20.3700008392334,20.389999389648438,48041
2019-12-03,SW2CHB.MI,20.46500015258789,20.46500015258789,20.25,20.274999618530273,17365
2019-12-04,SW2CHB.MI,20.399999618530273,20.420000076293945,20.360000610351562,20.405000686645508,30064
2019-12-05,SW2CHB.MI,20.4950008392334,20.579999923706055,20.434999465942383,20.454999923706055,15289
2019-12-06,SW2CHB.MI,20.53499984741211,20.69499969482422,20.530000686645508,20.69499969482422,15277
2019-12-09,SW2CHB.MI,20.690000534057617,20.709999084472656,20.635000228881836,20.674999237060547,33645
2019-12-10,SW2CHB.MI,20.645000457763672,20.645000457763672,20.43000030517578,20.565000534057617,40641
2019-12-11,SW2CHB.MI,20.559999465942383,20.614999771118164,20.510000228881836,20.604999542236328,20986
2019-12-12,SW2CHB.MI,20.610000610351562,20.670000076293945,20.559999465942383,20.625,38783
2019-12-13,SW2CHB.MI,20.65999984741211,20.674999237060547,20.600000381469727,20.655000686645508,25099
2019-12-16,SW2CHB.MI,20.690000534057617,20.875,20.690000534057617,20.81999969482422,56081
2019-12-17,SW2CHB.MI,20.760000228881836,20.850000381469727,20.71500015258789,20.825000762939453,36023
2019-12-18,SW2CHB.MI,20.864999771118164,21.059999465942383,20.864999771118164,20.940000534057617,45092
2019-12-19,SW2CHB.MI,20.899999618530273,21.024999618530273,20.860000610351562,21.024999618530273,138162
2019-12-20,SW2CHB.MI,21.084999084472656,21.21500015258789,21.065000534057617,21.204999923706055,25079
2019-12-23,SW2CHB.MI,21.25,21.360000610351562,21.25,21.315000534057617,46641
2019-12-27,SW2CHB.MI,21.459999084472656,21.459999084472656,21.28499984741211,21.34000015258789,22847
2019-12-30,SW2CHB.MI,21.334999084472656,21.334999084472656,21.174999237060547,21.184999465942383,28447
2020-01-02,SW2CHB.MI,21.34000015258789,21.454999923706055,21.25,21.405000686645508,258935
2020-01-03,SW2CHB.MI,21.190000534057617,21.399999618530273,21.155000686645508,21.375,25185
2020-01-06,SW2CHB.MI,21.2450008392334,21.315000534057617,21.079999923706055,21.315000534057617,11864
2020-01-07,SW2CHB.MI,21.46500015258789,21.475000381469727,21.34000015258789,21.364999771118164,18487
2020-01-08,SW2CHB.MI,21.270000457763672,21.385000228881836,21.260000228881836,21.354999542236328,33918
2020-01-09,SW2CHB.MI,21.420000076293945,21.454999923706055,21.315000534057617,21.350000381469727,32569
2020-01-10,SW2CHB.MI,21.399999618530273,21.399999618530273,21.260000228881836,21.30500030517578,22472
2020-01-13,SW2CHB.MI,21.30500030517578,21.385000228881836,21.25,21.299999237060547,27544
2020-01-14,SW2CHB.MI,21.25,21.415000915527344,21.139999389648438,21.415000915527344,38986
2020-01-15,SW2CHB.MI,21.43000030517578,21.5,21.399999618530273,21.479999542236328,37320
2020-01-16,SW2CHB.MI,21.510000228881836,21.565000534057617,21.469999313354492,21.565000534057617,45732
2020-01-17,SW2CHB.MI,21.670000076293945,21.8700008392334,21.665000915527344,21.8700008392334,43723
2020-01-20,SW2CHB.MI,21.850000381469727,21.93000030517578,21.850000381469727,21.905000686645508,25192
2020-01-21,SW2CHB.MI,21.829999923706055,21.989999771118164,21.799999237060547,21.985000610351562,70217
2020-01-22,SW2CHB.MI,22.020000457763672,22.110000610351562,22.020000457763672,22.020000457763672,41634
2020-01-23,SW2CHB.MI,22.03499984741211,22.03499984741211,21.899999618530273,21.924999237060547,42059
2020-01-24,SW2CHB.MI,21.985000610351562,22.104999542236328,21.94499969482422,22.0049991607666,25160
2020-01-27,SW2CHB.MI,21.7549991607666,21.7549991607666,21.649999618530273,21.700000762939453,68912
2020-01-28,SW2CHB.MI,21.844999313354492,21.864999771118164,21.709999084472656,21.84000015258789,42785
2020-01-29,SW2CHB.MI,21.950000762939453,22.014999389648438,21.905000686645508,21.979999542236328,30130
2020-01-30,SW2CHB.MI,21.809999465942383,21.899999618530273,21.780000686645508,21.825000762939453,38438
2020-01-31,SW2CHB.MI,21.8799991607666,21.895000457763672,21.600000381469727,21.604999542236328,43636
2020-02-03,SW2CHB.MI,21.610000610351562,21.729999542236328,21.575000762939453,21.674999237060547,163902
2020-02-04,SW2CHB.MI,21.68000030517578,21.899999618530273,21.68000030517578,21.899999618530273,50442
2020-02-05,SW2CHB.MI,21.899999618530273,22.290000915527344,21.899999618530273,22.270000457763672,56419
2020-02-06,SW2CHB.MI,22.31999969482422,22.31999969482422,22.219999313354492,22.295000076293945,48034
2020-02-07,SW2CHB.MI,22.28499984741211,22.30500030517578,22.219999313354492,22.260000228881836,40129
2020-02-10,SW2CHB.MI,22.235000610351562,22.434999465942383,22.229999542236328,22.424999237060547,47028
2020-02-11,SW2CHB.MI,22.510000228881836,22.53499984741211,22.46500015258789,22.524999618530273,55483
2020-02-12,SW2CHB.MI,22.530000686645508,22.575000762939453,22.489999771118164,22.524999618530273,53208
2020-02-13,SW2CHB.MI,22.479999542236328,22.53499984741211,22.375,22.53499984741211,35528
2020-02-14,SW2CHB.MI,22.489999771118164,22.649999618530273,22.489999771118164,22.6200008392334,28118
2020-02-17,SW2CHB.MI,22.670000076293945,22.719999313354492,22.600000381469727,22.700000762939453,76437
2020-02-18,SW2CHB.MI,22.610000610351562,22.725000381469727,22.594999313354492,22.674999237060547,28286
2020-02-19,SW2CHB.MI,22.71500015258789,22.959999084472656,22.71500015258789,22.920000076293945,40613
2020-02-20,SW2CHB.MI,22.889999389648438,22.954999923706055,22.704999923706055,22.704999923706055,79363
2020-02-21,SW2CHB.MI,22.670000076293945,22.770000457763672,22.524999618530273,22.625,47417
2020-02-24,SW2CHB.MI,22.264999389648438,22.264999389648438,21.75,21.844999313354492,125011
2020-02-25,SW2CHB.MI,21.8799991607666,21.885000228881836,21.350000381469727,21.3799991607666,81225
2020-02-26,SW2CHB.MI,21.264999389648438,21.479999542236328,20.934999465942383,21.420000076293945,40394
2020-02-27,SW2CHB.MI,21.149999618530273,21.149999618530273,20.584999084472656,20.7549991607666,68225
2020-02-28,SW2CHB.MI,20.219999313354492,20.360000610351562,19.86400032043457,20.010000228881836,43425
2020-03-02,SW2CHB.MI,20.405000686645508,20.545000076293945,19.95400047302246,20.170000076293945,294918
2020-03-03,SW2CHB.MI,20.594999313354492,20.959999084472656,20.530000686645508,20.59000015258789,106410
2020-03-04,SW2CHB.MI,20.604999542236328,21.075000762939453,20.56999969482422,21.0,35613
2020-03-05,SW2CHB.MI,21.110000610351562,21.139999389648438,20.614999771118164,20.809999465942383,30040
2020-03-06,SW2CHB.MI,20.40999984741211,20.5049991607666,19.945999145507812,20.06999969482422,37282
2020-03-09,SW2CHB.MI,19.131999969482422,19.474000930786133,18.5939998626709,18.969999313354492,83109
2020-03-10,SW2CHB.MI,19.26799964904785,19.77199935913086,18.90999984741211,18.961999893188477,135006
2020-03-11,SW2CHB.MI,19.253999710083008,19.253999710083008,18.854000091552734,18.854000091552734,48760
2020-03-12,SW2CHB.MI,18.01799964904785,18.06999969482422,17.055999755859375,17.163999557495117,60270
2020-03-13,SW2CHB.MI,17.645999908447266,18.583999633789062,17.06999969482422,17.3700008392334,96860
2020-03-16,SW2CHB.MI,17.374000549316406,17.374000549316406,15.920000076293945,17.04800033569336,141593
2020-03-17,SW2CHB.MI,17.642000198364258,17.642000198364258,16.51799964904785,17.479999542236328,73166
2020-03-18,SW2CHB.MI,17.0,17.492000579833984,16.8700008392334,17.27199935913086,30744
2020-03-19,SW2CHB.MI,17.700000762939453,18.219999313354492,17.486000061035156,18.219999313354492,60815
2020-03-20,SW2CHB.MI,18.8700008392334,18.8700008392334,17.937999725341797,17.937999725341797,39724
2020-03-23,SW2CHB.MI,17.299999237060547,17.690000534057617,16.996000289916992,16.99799919128418,31371
2020-03-24,SW2CHB.MI,17.479999542236328,18.003999710083008,17.437999725341797,18.003999710083008,22163
2020-03-25,SW2CHB.MI,18.18000030517578,18.667999267578125,17.922000885009766,18.4060001373291,36222
2020-03-26,SW2CHB.MI,18.152000427246094,18.805999755859375,18.134000778198242,18.805999755859375,20436
2020-03-27,SW2CHB.MI,18.61199951171875,18.68000030517578,18.31999969482422,18.52199935913086,44242
2020-03-30,SW2CHB.MI,18.753999710083008,18.916000366210938,18.290000915527344,18.916000366210938,42120
2020-03-31,SW2CHB.MI,19.07200050354004,19.290000915527344,18.917999267578125,19.18400001525879,63772
2020-04-01,SW2CHB.MI,18.604000091552734,19.08799934387207,18.604000091552734,18.93600082397461,45799
2020-04-02,SW2CHB.MI,19.0,19.239999771118164,18.93199920654297,19.152000427246094,32017
2020-04-03,SW2CHB.MI,19.309999465942383,19.350000381469727,19.17799949645996,19.18199920654297,23822
2020-04-06,SW2CHB.MI,19.67799949645996,19.700000762939453,19.459999084472656,19.639999389648438,43159
2020-04-07,SW2CHB.MI,19.88800048828125,20.145000457763672,19.555999755859375,19.700000762939453,49507
2020-04-08,SW2CHB.MI,19.5,19.601999282836914,19.43400001525879,19.601999282836914,35123
2020-04-09,SW2CHB.MI,19.72800064086914,19.766000747680664,19.3799991607666,19.607999801635742,84483
2020-04-14,SW2CHB.MI,19.8439998626709,19.97599983215332,19.79199981689453,19.833999633789062,50520
2020-04-15,SW2CHB.MI,20.0,20.0,19.450000762939453,19.479999542236328,42961
2020-04-16,SW2CHB.MI,19.700000762939453,19.827999114990234,19.63800048828125,19.77400016784668,74304
2020-04-17,SW2CHB.MI,20.135000228881836,20.19499969482422,20.0,20.100000381469727,66119
2020-04-20,SW2CHB.MI,20.200000762939453,20.475000381469727,20.065000534057617,20.475000381469727,16897
2020-04-21,SW2CHB.MI,20.43000030517578,20.43000030517578,19.993999481201172,19.993999481201172,45281
2020-04-22,SW2CHB.MI,20.075000762939453,20.274999618530273,20.075000762939453,20.270000457763672,51646
2020-04-23,SW2CHB.MI,20.209999084472656,20.329999923706055,20.084999084472656,20.19499969482422,23726
2020-04-24,SW2CHB.MI,20.139999389648438,20.360000610351562,20.104999542236328,20.19499969482422,155308
2020-04-27,SW2CHB.MI,20.4950008392334,20.53499984741211,20.274999618530273,20.395000457763672,133388
2020-04-28,SW2CHB.MI,20.434999465942383,20.729999542236328,20.420000076293945,20.6299991607666,45593
2020-04-29,SW2CHB.MI,20.579999923706055,20.579999923706055,20.389999389648438,20.56999969482422,62493
2020-04-30,SW2CHB.MI,20.514999389648438,20.514999389648438,20.065000534057617,20.065000534057617,97168
2020-05-04,SW2CHB.MI,19.97599983215332,19.97599983215332,19.65999984741211,19.694000244140625,119621
2020-05-05,SW2CHB.MI,19.8799991607666,19.98200035095215,19.81599998474121,19.98200035095215,9202
2020-05-06,SW2CHB.MI,20.010000228881836,20.184999465942383,20.010000228881836,20.15999984741211,26889
2020-05-07,SW2CHB.MI,20.219999313354492,20.270000457763672,20.149999618530273,20.239999771118164,18526
2020-05-08,SW2CHB.MI,20.395000457763672,20.395000457763672,20.299999237060547,20.34000015258789,9847
2020-05-11,SW2CHB.MI,20.415000915527344,20.454999923706055,20.2450008392334,20.450000762939453,12667
2020-05-12,SW2CHB.MI,20.55500030517578,20.604999542236328,20.46500015258789,20.53499984741211,17839
2020-05-13,SW2CHB.MI,20.329999923706055,20.375,20.299999237060547,20.31999969482422,9453
2020-05-14,SW2CHB.MI,20.25,20.25,19.871999740600586,19.95599937438965,59089
2020-05-15,SW2CHB.MI,20.18000030517578,20.200000762939453,20.045000076293945,20.06999969482422,21384
2020-05-18,SW2CHB.MI,20.28499984741211,20.540000915527344,20.28499984741211,20.524999618530273,15887
2020-05-19,SW2CHB.MI,20.3799991607666,20.415000915527344,20.219999313354492,20.405000686645508,41546
2020-05-20,SW2CHB.MI,20.399999618530273,20.5049991607666,20.389999389648438,20.5049991607666,22188
2020-05-21,SW2CHB.MI,20.399999618530273,20.420000076293945,20.295000076293945,20.329999923706055,81991
2020-05-22,SW2CHB.MI,20.145000457763672,20.274999618530273,20.100000381469727,20.270000457763672,12527
2020-05-25,SW2CHB.MI,20.459999084472656,20.579999923706055,20.344999313354492,20.579999923706055,66010
2020-05-26,SW2CHB.MI,20.655000686645508,20.65999984741211,20.440000534057617,20.450000762939453,11042
2020-05-27,SW2CHB.MI,20.469999313354492,20.5049991607666,20.079999923706055,20.155000686645508,30839
2020-05-28,SW2CHB.MI,20.290000915527344,20.559999465942383,20.190000534057617,20.55500030517578,34176
2020-05-29,SW2CHB.MI,20.44499969482422,20.489999771118164,20.299999237060547,20.325000762939453,15456
2020-06-01,SW2CHB.MI,20.610000610351562,20.610000610351562,20.424999237060547,20.540000915527344,9340
2020-06-02,SW2CHB.MI,20.725000381469727,20.725000381469727,20.3799991607666,20.44499969482422,8750
2020-06-03,SW2CHB.MI,20.53499984741211,20.704999923706055,20.46500015258789,20.69499969482422,28457
2020-06-04,SW2CHB.MI,20.795000076293945,20.799999237060547,20.375,20.44499969482422,32235
2020-06-05,SW2CHB.MI,20.4950008392334,20.520000457763672,20.395000457763672,20.5049991607666,23321
2020-06-08,SW2CHB.MI,20.364999771118164,20.625,20.364999771118164,20.604999542236328,50932
2020-06-09,SW2CHB.MI,20.795000076293945,20.829999923706055,20.65999984741211,20.75,29384
2020-06-10,SW2CHB.MI,20.815000534057617,20.825000762939453,20.69499969482422,20.774999618530273,22641
2020-06-11,SW2CHB.MI,20.565000534057617,20.584999084472656,20.28499984741211,20.28499984741211,78425
2020-06-12,SW2CHB.MI,20.18000030517578,20.350000381469727,20.079999923706055,20.155000686645508,36971
2020-06-15,SW2CHB.MI,19.974000930786133,20.299999237060547,19.827999114990234,20.235000610351562,37381
2020-06-16,SW2CHB.MI,20.459999084472656,20.71500015258789,20.459999084472656,20.649999618530273,19104
2020-06-17,SW2CHB.MI,20.770000457763672,21.075000762939453,20.690000534057617,21.075000762939453,25946
2020-06-18,SW2CHB.MI,20.975000381469727,21.059999465942383,20.93000030517578,21.010000228881836,12876
2020-06-19,SW2CHB.MI,21.165000915527344,21.295000076293945,21.149999618530273,21.209999084472656,21763
2020-06-22,SW2CHB.MI,21.174999237060547,21.204999923706055,20.969999313354492,20.975000381469727,27705
2020-06-23,SW2CHB.MI,21.045000076293945,21.079999923706055,20.989999771118164,21.06999969482422,27248
2020-06-24,SW2CHB.MI,20.905000686645508,20.915000915527344,20.65999984741211,20.65999984741211,24983
2020-06-25,SW2CHB.MI,20.600000381469727,20.844999313354492,20.510000228881836,20.844999313354492,57179
2020-06-26,SW2CHB.MI,21.0,21.05500030517578,20.764999389648438,20.80500030517578,12262
2020-06-29,SW2CHB.MI,20.780000686645508,20.790000915527344,20.704999923706055,20.7450008392334,32285
2020-06-30,SW2CHB.MI,20.690000534057617,20.795000076293945,20.670000076293945,20.780000686645508,8151
2020-07-01,SW2CHB.MI,20.770000457763672,20.950000762939453,20.770000457763672,20.875,16568
2020-07-02,SW2CHB.MI,21.0,21.09000015258789,20.889999389648438,21.09000015258789,11416
2020-07-03,SW2CHB.MI,21.114999771118164,21.114999771118164,20.950000762939453,20.969999313354492,9324
2020-07-06,SW2CHB.MI,21.125,21.174999237060547,21.094999313354492,21.170000076293945,12085
2020-07-07,SW2CHB.MI,21.104999542236328,21.1200008392334,21.0,21.1200008392334,10618
2020-07-08,SW2CHB.MI,20.9950008392334,21.165000915527344,20.9950008392334,21.09000015258789,30916
2020-07-09,SW2CHB.MI,21.165000915527344,21.25,21.045000076293945,21.05500030517578,13432
2020-07-10,SW2CHB.MI,21.045000076293945,21.225000381469727,21.045000076293945,21.225000381469727,4430
2020-07-13,SW2CHB.MI,21.25,21.25,21.1299991607666,21.25,8332
2020-07-14,SW2CHB.MI,21.040000915527344,21.1299991607666,20.950000762939453,21.104999542236328,14619
2020-07-15,SW2CHB.MI,21.25,21.420000076293945,21.235000610351562,21.3799991607666,16283
2020-07-16,SW2CHB.MI,21.190000534057617,21.280000686645508,21.170000076293945,21.280000686645508,132479
2020-07-17,SW2CHB.MI,21.280000686645508,21.3799991607666,21.264999389648438,21.364999771118164,11787
2020-07-20,SW2CHB.MI,21.295000076293945,21.5049991607666,21.204999923706055,21.440000534057617,20390
2020-07-21,SW2CHB.MI,21.5049991607666,21.56999969482422,21.354999542236328,21.395000457763672,29579
2020-07-22,SW2CHB.MI,21.309999465942383,21.360000610351562,21.2549991607666,21.360000610351562,7952
2020-07-23,SW2CHB.MI,21.399999618530273,21.5,21.34000015258789,21.360000610351562,111987
2020-07-24,SW2CHB.MI,21.145000457763672,21.145000457763672,20.94499969482422,20.985000610351562,27890
2020-07-27,SW2CHB.MI,20.950000762939453,21.030000686645508,20.889999389648438,20.924999237060547,19223
2020-07-28,SW2CHB.MI,21.100000381469727,21.1200008392334,20.96500015258789,21.075000762939453,4299
2020-07-29,SW2CHB.MI,21.030000686645508,21.104999542236328,21.020000457763672,21.075000762939453,5704
2020-07-30,SW2CHB.MI,20.924999237060547,20.969999313354492,20.635000228881836,20.770000457763672,9454
2020-07-31,SW2CHB.MI,20.760000228881836,20.825000762939453,20.475000381469727,20.475000381469727,5464
2020-08-03,SW2CHB.MI,20.6200008392334,20.93000030517578,20.489999771118164,20.8700008392334,123449
2020-08-04,SW2CHB.MI,20.860000610351562,20.860000610351562,20.729999542236328,20.809999465942383,17236
2020-08-05,SW2CHB.MI,20.875,20.885000228881836,20.690000534057617,20.690000534057617,15113
2020-08-06,SW2CHB.MI,20.635000228881836,20.704999923706055,20.575000762939453,20.614999771118164,6082
2020-08-07,SW2CHB.MI,20.545000076293945,20.725000381469727,20.53499984741211,20.65999984741211,12536
2020-08-10,SW2CHB.MI,20.65999984741211,20.735000610351562,20.649999618530273,20.670000076293945,3068
2020-08-11,SW2CHB.MI,20.8799991607666,20.920000076293945,20.739999771118164,20.7549991607666,9243
2020-08-12,SW2CHB.MI,20.795000076293945,21.079999923706055,20.795000076293945,21.079999923706055,5465
2020-08-13,SW2CHB.MI,21.09000015258789,21.174999237060547,20.96500015258789,21.045000076293945,15555
2020-08-14,SW2CHB.MI,20.899999618530273,20.899999618530273,20.739999771118164,20.860000610351562,5704
2020-08-17,SW2CHB.MI,20.889999389648438,21.030000686645508,20.889999389648438,21.0049991607666,5045
2020-08-18,SW2CHB.MI,20.8799991607666,21.0,20.825000762939453,20.844999313354492,7420
2020-08-19,SW2CHB.MI,20.905000686645508,21.03499984741211,20.905000686645508,21.03499984741211,3552
2020-08-20,SW2CHB.MI,20.969999313354492,21.059999465942383,20.924999237060547,21.020000457763672,6112
2020-08-21,SW2CHB.MI,21.100000381469727,21.110000610351562,21.020000457763672,21.030000686645508,16423
2020-08-24,SW2CHB.MI,21.200000762939453,21.2549991607666,21.139999389648438,21.18000030517578,92361
2020-08-25,SW2CHB.MI,21.200000762939453,21.260000228881836,21.0049991607666,21.0049991607666,31433
2020-08-26,SW2CHB.MI,21.065000534057617,21.239999771118164,21.065000534057617,21.239999771118164,2066
2020-08-27,SW2CHB.MI,21.190000534057617,21.264999389648438,21.1299991607666,21.1299991607666,5808
2020-08-28,SW2CHB.MI,21.100000381469727,21.100000381469727,20.8799991607666,20.899999618530273,4523
2020-08-31,SW2CHB.MI,20.940000534057617,21.049999237060547,20.834999084472656,20.834999084472656,10771
2020-09-01,SW2CHB.MI,21.065000534057617,21.065000534057617,20.700000762939453,20.790000915527344,9011
2020-09-02,SW2CHB.MI,20.920000076293945,21.344999313354492,20.920000076293945,21.315000534057617,32104
2020-09-03,SW2CHB.MI,21.450000762939453,21.524999618530273,20.959999084472656,21.0,15689
2020-09-04,SW2CHB.MI,20.764999389648438,21.114999771118164,20.65999984741211,20.729999542236328,14567
2020-09-07,SW2CHB.MI,20.8799991607666,21.059999465942383,20.8799991607666,20.985000610351562,3094
2020-09-08,SW2CHB.MI,20.975000381469727,21.020000457763672,20.700000762939453,20.899999618530273,7780
2020-09-09,SW2CHB.MI,21.03499984741211,21.295000076293945,21.03499984741211,21.280000686645508,11028
2020-09-10,SW2CHB.MI,21.31999969482422,21.350000381469727,21.204999923706055,21.260000228881836,8976
2020-09-11,SW2CHB.MI,21.315000534057617,21.434999465942383,21.315000534057617,21.415000915527344,12281
2020-09-14,SW2CHB.MI,21.389999389648438,21.399999618530273,21.329999923706055,21.399999618530273,5606
2020-09-15,SW2CHB.MI,21.5,21.604999542236328,21.469999313354492,21.530000686645508,9102
2020-09-16,SW2CHB.MI,21.614999771118164,21.670000076293945,21.59000015258789,21.635000228881836,19682
2020-09-17,SW2CHB.MI,21.4950008392334,21.614999771118164,21.489999771118164,21.565000534057617,15627
2020-09-18,SW2CHB.MI,21.549999237060547,21.684999465942383,21.530000686645508,21.53499984741211,23095
2020-09-21,SW2CHB.MI,21.395000457763672,21.420000076293945,21.1299991607666,21.19499969482422,15600
2020-09-22,SW2CHB.MI,21.280000686645508,21.315000534057617,21.190000534057617,21.21500015258789,18023
2020-09-23,SW2CHB.MI,21.2549991607666,21.389999389648438,21.155000686645508,21.155000686645508,28172
2020-09-24,SW2CHB.MI,21.0,21.010000228881836,20.809999465942383,20.860000610351562,13804
2020-09-25,SW2CHB.MI,20.864999771118164,20.934999465942383,20.80500030517578,20.920000076293945,6295
2020-09-28,SW2CHB.MI,21.135000228881836,21.170000076293945,21.03499984741211,21.1200008392334,15720
2020-09-29,SW2CHB.MI,21.010000228881836,21.079999923706055,20.934999465942383,20.934999465942383,22579
2020-09-30,SW2CHB.MI,21.010000228881836,21.049999237060547,20.844999313354492,20.94499969482422,60045
2020-10-01,SW2CHB.MI,21.09000015258789,21.125,20.96500015258789,20.989999771118164,29088
2020-10-02,SW2CHB.MI,20.915000915527344,21.049999237060547,20.8799991607666,21.049999237060547,7467
2020-10-05,SW2CHB.MI,21.190000534057617,21.264999389648438,21.1200008392334,21.125,9435
2020-10-06,SW2CHB.MI,21.024999618530273,21.049999237060547,20.940000534057617,20.985000610351562,13209
2020-10-07,SW2CHB.MI,21.010000228881836,21.03499984741211,20.84000015258789,20.875,7829
2020-10-08,SW2CHB.MI,21.0,21.100000381469727,20.915000915527344,21.05500030517578,3977
2020-10-09,SW2CHB.MI,21.079999923706055,21.200000762939453,21.079999923706055,21.184999465942383,9448
2020-10-12,SW2CHB.MI,21.184999465942383,21.375,21.184999465942383,21.350000381469727,23010
2020-10-13,SW2CHB.MI,21.354999542236328,21.424999237060547,21.264999389648438,21.299999237060547,31692
2020-10-14,SW2CHB.MI,21.375,21.399999618530273,21.184999465942383,21.200000762939453,23032
2020-10-15,SW2CHB.MI,20.989999771118164,20.989999771118164,20.790000915527344,20.829999923706055,14862
2020-10-16,SW2CHB.MI,20.8799991607666,21.135000228881836,20.8799991607666,21.03499984741211,37623
2020-10-19,SW2CHB.MI,21.170000076293945,21.21500015258789,21.0,21.0049991607666,15859
2020-10-20,SW2CHB.MI,21.079999923706055,21.079999923706055,20.940000534057617,20.940000534057617,35232
2020-10-21,SW2CHB.MI,20.950000762939453,20.950000762939453,20.645000457763672,20.645000457763672,12542
2020-10-22,SW2CHB.MI,20.540000915527344,20.625,20.424999237060547,20.610000610351562,9957
2020-10-23,SW2CHB.MI,20.684999465942383,20.739999771118164,20.625,20.65999984741211,10078
2020-10-26,SW2CHB.MI,20.5,20.690000534057617,20.485000610351562,20.565000534057617,8060
2020-10-27,SW2CHB.MI,20.575000762939453,20.610000610351562,20.354999542236328,20.405000686645508,15048
2020-10-28,SW2CHB.MI,20.25,20.25,19.805999755859375,19.908000946044922,32070
2020-10-29,SW2CHB.MI,19.986000061035156,20.0,19.823999404907227,19.823999404907227,21370
2020-10-30,SW2CHB.MI,19.67799949645996,19.88800048828125,19.67799949645996,19.88800048828125,14948
2020-11-02,SW2CHB.MI,19.881999969482422,20.2450008392334,19.850000381469727,20.235000610351562,90278
2020-11-03,SW2CHB.MI,20.2549991607666,20.645000457763672,20.2549991607666,20.645000457763672,9848
2020-11-04,SW2CHB.MI,20.81999969482422,21.309999465942383,20.81999969482422,21.270000457763672,9845
2020-11-05,SW2CHB.MI,21.34000015258789,21.3700008392334,21.125,21.200000762939453,16695
2020-11-06,SW2CHB.MI,21.204999923706055,21.295000076293945,21.084999084472656,21.229999542236328,53451
2020-11-09,SW2CHB.MI,21.375,21.8799991607666,21.155000686645508,21.2450008392334,42718
2020-11-10,SW2CHB.MI,21.094999313354492,21.190000534057617,20.93000030517578,21.03499984741211,31625
2020-11-11,SW2CHB.MI,21.065000534057617,21.475000381469727,21.065000534057617,21.424999237060547,15024
2020-11-12,SW2CHB.MI,21.3700008392334,21.46500015258789,21.334999084472656,21.350000381469727,14360
2020-11-13,SW2CHB.MI,21.315000534057617,21.360000610351562,21.274999618530273,21.325000762939453,10018
2020-11-16,SW2CHB.MI,21.329999923706055,21.475000381469727,21.280000686645508,21.475000381469727,41513
2020-11-17,SW2CHB.MI,21.43000030517578,21.53499984741211,21.30500030517578,21.43000030517578,50903
2020-11-18,SW2CHB.MI,21.329999923706055,21.489999771118164,21.329999923706055,21.424999237060547,29829
2020-11-19,SW2CHB.MI,21.299999237060547,21.31999969482422,21.219999313354492,21.274999618530273,18580
2020-11-20,SW2CHB.MI,21.309999465942383,21.329999923706055,21.190000534057617,21.264999389648438,57414
2020-11-23,SW2CHB.MI,21.299999237060547,21.3700008392334,21.170000076293945,21.184999465942383,36202
2020-11-24,SW2CHB.MI,21.21500015258789,21.25,21.045000076293945,21.174999237060547,20745
2020-11-25,SW2CHB.MI,21.110000610351562,21.21500015258789,21.110000610351562,21.170000076293945,33848
2020-11-26,SW2CHB.MI,21.18000030517578,21.344999313354492,21.18000030517578,21.290000915527344,26310
2020-11-27,SW2CHB.MI,21.229999542236328,21.25,21.149999618530273,21.25,18736
2020-11-30,SW2CHB.MI,21.2450008392334,21.309999465942383,21.165000915527344,21.165000915527344,14686
2020-12-01,SW2CHB.MI,21.100000381469727,21.25,21.040000915527344,21.09000015258789,25208
2020-12-02,SW2CHB.MI,21.010000228881836,21.1299991607666,20.9950008392334,21.05500030517578,12193
2020-12-03,SW2CHB.MI,21.065000534057617,21.065000534057617,20.889999389648438,20.905000686645508,16951
2020-12-04,SW2CHB.MI,20.920000076293945,20.975000381469727,20.899999618530273,20.969999313354492,10026
2020-12-07,SW2CHB.MI,20.969999313354492,21.104999542236328,20.940000534057617,21.040000915527344,24447
2020-12-08,SW2CHB.MI,21.094999313354492,21.1200008392334,20.875,21.1200008392334,15207
2020-12-09,SW2CHB.MI,21.18000030517578,21.295000076293945,21.18000030517578,21.239999771118164,12673
2020-12-10,SW2CHB.MI,21.2549991607666,21.364999771118164,21.170000076293945,21.170000076293945,17429
2020-12-11,SW2CHB.MI,21.165000915527344,21.225000381469727,20.9950008392334,21.125,23361
2020-12-14,SW2CHB.MI,21.219999313354492,21.219999313354492,21.06999969482422,21.110000610351562,24968
2020-12-15,SW2CHB.MI,21.100000381469727,21.149999618530273,21.014999389648438,21.049999237060547,32240
2020-12-16,SW2CHB.MI,21.145000457763672,21.25,21.045000076293945,21.25,18974
2020-12-17,SW2CHB.MI,21.295000076293945,21.420000076293945,21.28499984741211,21.34000015258789,24249
2020-12-18,SW2CHB.MI,21.31999969482422,21.43000030517578,21.31999969482422,21.34000015258789,39415
2020-12-21,SW2CHB.MI,21.209999084472656,21.209999084472656,20.764999389648438,20.895000457763672,45730
2020-12-22,SW2CHB.MI,20.989999771118164,21.135000228881836,20.989999771118164,21.135000228881836,11003
2020-12-23,SW2CHB.MI,21.104999542236328,21.1200008392334,21.05500030517578,21.094999313354492,19566
2020-12-28,SW2CHB.MI,21.139999389648438,21.44499969482422,21.139999389648438,21.399999618530273,25540
2020-12-29,SW2CHB.MI,21.399999618530273,21.670000076293945,21.399999618530273,21.649999618530273,16093
2020-12-30,SW2CHB.MI,21.665000915527344,21.700000762939453,21.600000381469727,21.635000228881836,11088
2021-01-04,SW2CHB.MI,21.90999984741211,21.90999984741211,21.760000228881836,21.809999465942383,17906
2021-01-05,SW2CHB.MI,21.799999237060547,21.875,21.665000915527344,21.709999084472656,15658
2021-01-06,SW2CHB.MI,21.649999618530273,21.7549991607666,21.540000915527344,21.71500015258789,7268
2021-01-07,SW2CHB.MI,21.75,21.799999237060547,21.579999923706055,21.725000381469727,10748
2021-01-08,SW2CHB.MI,21.809999465942383,21.829999923706055,21.75,21.799999237060547,13398
2021-01-11,SW2CHB.MI,21.795000076293945,21.934999465942383,21.725000381469727,21.899999618530273,18667
2021-01-12,SW2CHB.MI,21.954999923706055,21.954999923706055,21.815000534057617,21.915000915527344,20588
2021-01-13,SW2CHB.MI,21.950000762939453,21.969999313354492,21.885000228881836,21.934999465942383,14939
2021-01-14,SW2CHB.MI,21.934999465942383,22.014999389648438,21.854999542236328,21.959999084472656,20141
2021-01-15,SW2CHB.MI,21.899999618530273,22.06999969482422,21.899999618530273,22.020000457763672,21175
2021-01-18,SW2CHB.MI,22.094999313354492,22.1200008392334,22.010000228881836,22.094999313354492,19519
2021-01-19,SW2CHB.MI,22.200000762939453,22.200000762939453,22.0,22.0,39226
2021-01-20,SW2CHB.MI,22.079999923706055,22.200000762939453,22.030000686645508,22.1200008392334,35239
2021-01-21,SW2CHB.MI,22.170000076293945,22.219999313354492,22.09000015258789,22.110000610351562,17372
2021-01-22,SW2CHB.MI,22.040000915527344,22.125,22.0,22.079999923706055,9509
2021-01-25,SW2CHB.MI,22.18000030517578,22.229999542236328,22.075000762939453,22.075000762939453,14526
2021-01-26,SW2CHB.MI,22.059999465942383,22.2450008392334,22.059999465942383,22.15999984741211,10735
2021-01-27,SW2CHB.MI,22.09000015258789,22.274999618530273,21.979999542236328,22.1299991607666,62158
2021-01-28,SW2CHB.MI,21.864999771118164,22.110000610351562,21.69499969482422,22.014999389648438,59702
2021-01-29,SW2CHB.MI,21.584999084472656,21.760000228881836,21.399999618530273,21.399999618530273,28077
2021-02-01,SW2CHB.MI,21.475000381469727,21.700000762939453,21.46500015258789,21.68000030517578,7872
2021-02-02,SW2CHB.MI,21.860000610351562,21.90999984741211,21.829999923706055,21.864999771118164,15719
2021-02-03,SW2CHB.MI,21.950000762939453,21.969999313354492,21.739999771118164,21.78499984741211,9642
2021-02-04,SW2CHB.MI,21.739999771118164,21.93000030517578,21.709999084472656,21.93000030517578,34521
2021-02-05,SW2CHB.MI,21.895000457763672,21.895000457763672,21.690000534057617,21.71500015258789,22227
2021-02-08,SW2CHB.MI,21.75,21.834999084472656,21.735000610351562,21.7549991607666,16473
2021-02-09,SW2CHB.MI,21.75,21.834999084472656,21.68000030517578,21.829999923706055,15189
2021-02-10,SW2CHB.MI,21.915000915527344,22.030000686645508,21.864999771118164,21.895000457763672,24266
2021-02-11,SW2CHB.MI,21.889999389648438,21.985000610351562,21.889999389648438,21.959999084472656,13894
2021-02-12,SW2CHB.MI,21.93000030517578,22.024999618530273,21.905000686645508,22.014999389648438,14058
2021-02-15,SW2CHB.MI,22.030000686645508,22.139999389648438,21.950000762939453,22.1299991607666,49088
2021-02-16,SW2CHB.MI,22.100000381469727,22.155000686645508,22.079999923706055,22.084999084472656,6682
2021-02-17,SW2CHB.MI,21.93000030517578,21.959999084472656,21.81999969482422,21.854999542236328,11088
2021-02-18,SW2CHB.MI,21.850000381469727,21.889999389648438,21.674999237060547,21.674999237060547,18421
2021-02-19,SW2CHB.MI,21.690000534057617,21.729999542236328,21.610000610351562,21.610000610351562,12048
2021-02-22,SW2CHB.MI,21.375,21.575000762939453,21.31999969482422,21.530000686645508,7127
2021-02-23,SW2CHB.MI,21.344999313354492,21.344999313354492,21.079999923706055,21.18000030517578,13430
2021-02-24,SW2CHB.MI,21.170000076293945,21.354999542236328,21.139999389648438,21.28499984741211,8978
2021-02-25,SW2CHB.MI,21.274999618530273,21.274999618530273,21.094999313354492,21.094999313354492,38333
2021-02-26,SW2CHB.MI,20.96500015258789,21.239999771118164,20.934999465942383,20.934999465942383,25611
2021-03-01,SW2CHB.MI,21.209999084472656,21.299999237060547,21.104999542236328,21.25,7127
2021-03-02,SW2CHB.MI,21.329999923706055,21.469999313354492,21.31999969482422,21.385000228881836,12587
2021-03-03,SW2CHB.MI,21.424999237060547,21.424999237060547,21.09000015258789,21.184999465942383,14240
2021-03-04,SW2CHB.MI,21.200000762939453,21.219999313354492,21.125,21.165000915527344,15704
2021-03-05,SW2CHB.MI,21.09000015258789,21.190000534057617,20.9950008392334,20.9950008392334,13844
2021-03-08,SW2CHB.MI,21.170000076293945,21.40999984741211,21.155000686645508,21.40999984741211,5327
2021-03-09,SW2CHB.MI,21.30500030517578,21.579999923706055,21.30500030517578,21.579999923706055,6663
2021-03-10,SW2CHB.MI,21.594999313354492,21.729999542236328,21.59000015258789,21.6299991607666,8441
2021-03-11,SW2CHB.MI,21.600000381469727,21.684999465942383,21.600000381469727,21.639999389648438,3844
2021-03-12,SW2CHB.MI,21.520000457763672,21.520000457763672,21.420000076293945,21.479999542236328,9654
2021-03-15,SW2CHB.MI,21.614999771118164,21.6200008392334,21.549999237060547,21.610000610351562,6731
2021-03-16,SW2CHB.MI,21.69499969482422,21.854999542236328,21.69499969482422,21.854999542236328,21619
2021-03-17,SW2CHB.MI,21.815000534057617,21.815000534057617,21.649999618530273,21.7450008392334,6460
2021-03-18,SW2CHB.MI,21.760000228881836,21.895000457763672,21.760000228881836,21.875,4194
2021-03-19,SW2CHB.MI,21.81999969482422,21.895000457763672,21.78499984741211,21.8700008392334,3619
2021-03-22,SW2CHB.MI,21.93000030517578,22.125,21.899999618530273,22.125,12006
2021-03-23,SW2CHB.MI,22.100000381469727,22.149999618530273,22.079999923706055,22.135000228881836,5661
2021-03-24,SW2CHB.MI,22.15999984741211,22.15999984741211,22.010000228881836,22.09000015258789,7137
2021-03-25,SW2CHB.MI,22.0,22.19499969482422,22.0,22.145000457763672,5604
2021-03-26,SW2CHB.MI,22.15999984741211,22.165000915527344,22.110000610351562,22.135000228881836,1289
2021-03-29,SW2CHB.MI,22.209999084472656,22.239999771118164,22.100000381469727,22.204999923706055,15999
2021-03-30,SW2CHB.MI,22.174999237060547,22.2549991607666,22.174999237060547,22.2549991607666,3969
2021-03-31,SW2CHB.MI,22.190000534057617,22.309999465942383,22.15999984741211,22.165000915527344,16189
2021-04-01,SW2CHB.MI,22.25,22.264999389648438,22.1200008392334,22.264999389648438,13476
2021-04-06,SW2CHB.MI,22.344999313354492,22.485000610351562,22.31999969482422,22.440000534057617,23196
2021-04-07,SW2CHB.MI,22.360000610351562,22.485000610351562,22.309999465942383,22.399999618530273,20348
2021-04-08,SW2CHB.MI,22.415000915527344,22.565000534057617,22.415000915527344,22.565000534057617,7121
2021-04-09,SW2CHB.MI,22.649999618530273,22.725000381469727,22.604999542236328,22.704999923706055,33332
2021-04-12,SW2CHB.MI,22.68000030517578,22.725000381469727,22.584999084472656,22.635000228881836,5423
2021-04-13,SW2CHB.MI,22.600000381469727,22.600000381469727,22.475000381469727,22.4950008392334,4936
2021-04-14,SW2CHB.MI,22.475000381469727,22.600000381469727,22.475000381469727,22.485000610351562,5003
2021-04-15,SW2CHB.MI,22.5,22.639999389648438,22.5,22.610000610351562,8428
2021-04-16,SW2CHB.MI,22.635000228881836,22.75,22.614999771118164,22.75,6699
2021-04-19,SW2CHB.MI,22.825000762939453,22.844999313354492,22.735000610351562,22.774999618530273,10285
2021-04-20,SW2CHB.MI,22.760000228881836,22.770000457763672,22.53499984741211,22.53499984741211,8837
2021-04-21,SW2CHB.MI,22.639999389648438,22.760000228881836,22.610000610351562,22.704999923706055,10235
2021-04-22,SW2CHB.MI,22.770000457763672,22.8700008392334,22.770000457763672,22.799999237060547,8700
2021-04-23,SW2CHB.MI,22.739999771118164,22.739999771118164,22.610000610351562,22.725000381469727,11511
2021-04-26,SW2CHB.MI,22.71500015258789,22.719999313354492,22.575000762939453,22.645000457763672,3686
2021-04-27,SW2CHB.MI,22.635000228881836,22.635000228881836,22.475000381469727,22.545000076293945,4985
2021-04-28,SW2CHB.MI,22.5,22.545000076293945,22.454999923706055,22.489999771118164,4435
2021-04-29,SW2CHB.MI,22.635000228881836,22.635000228881836,22.4950008392334,22.5049991607666,3432
2021-04-30,SW2CHB.MI,22.665000915527344,22.665000915527344,22.459999084472656,22.459999084472656,1338
2021-05-03,SW2CHB.MI,22.565000534057617,22.719999313354492,22.565000534057617,22.649999618530273,6948
2021-05-04,SW2CHB.MI,22.649999618530273,22.649999618530273,22.3700008392334,22.3700008392334,3572
2021-05-05,SW2CHB.MI,22.625,22.68000030517578,22.604999542236328,22.68000030517578,1326
2021-05-06,SW2CHB.MI,22.684999465942383,22.709999084472656,22.604999542236328,22.709999084472656,5849
2021-05-07,SW2CHB.MI,22.75,22.815000534057617,22.674999237060547,22.815000534057617,2714
2021-05-10,SW2CHB.MI,22.860000610351562,22.860000610351562,22.71500015258789,22.764999389648438,2437
2021-05-11,SW2CHB.MI,22.5,22.5,22.309999465942383,22.399999618530273,3653
2021-05-12,SW2CHB.MI,22.475000381469727,22.530000686645508,22.469999313354492,22.475000381469727,2024
2021-05-13,SW2CHB.MI,22.2549991607666,22.665000915527344,22.05500030517578,22.545000076293945,67834
2021-05-14,SW2CHB.MI,22.665000915527344,22.71500015258789,22.625,22.69499969482422,1095
2021-05-17,SW2CHB.MI,22.795000076293945,22.815000534057617,22.719999313354492,22.780000686645508,20049
2021-05-18,SW2CHB.MI,22.889999389648438,22.889999389648438,22.774999618530273,22.815000534057617,19122
2021-05-19,SW2CHB.MI,22.579999923706055,22.649999618530273,22.44499969482422,22.530000686645508,4967
2021-05-20,SW2CHB.MI,22.690000534057617,22.80500030517578,22.6299991607666,22.80500030517578,655
2021-05-21,SW2CHB.MI,22.90999984741211,23.05500030517578,22.899999618530273,23.05500030517578,5109
2021-05-24,SW2CHB.MI,23.049999237060547,23.125,23.0,23.075000762939453,20570
2021-05-25,SW2CHB.MI,23.155000686645508,23.200000762939453,23.149999618530273,23.149999618530273,9271
2021-05-26,SW2CHB.MI,23.30500030517578,23.30500030517578,23.225000381469727,23.295000076293945,4729
2021-05-27,SW2CHB.MI,23.31999969482422,23.344999313354492,23.25,23.260000228881836,2953
2021-05-28,SW2CHB.MI,23.299999237060547,23.469999313354492,23.299999237060547,23.424999237060547,3272
2021-05-31,SW2CHB.MI,23.424999237060547,23.424999237060547,23.270000457763672,23.270000457763672,3531
2021-06-01,SW2CHB.MI,23.295000076293945,23.524999618530273,23.295000076293945,23.459999084472656,2614
2021-06-02,SW2CHB.MI,23.53499984741211,23.545000076293945,23.4950008392334,23.5049991607666,1594
2021-06-03,SW2CHB.MI,23.479999542236328,23.59000015258789,23.459999084472656,23.59000015258789,1657
2021-06-04,SW2CHB.MI,23.6200008392334,23.78499984741211,23.604999542236328,23.78499984741211,42013
2021-06-07,SW2CHB.MI,23.625,23.90999984741211,23.625,23.90999984741211,6749
2021-06-08,SW2CHB.MI,23.989999771118164,24.100000381469727,23.985000610351562,24.0,12738
2021-06-09,SW2CHB.MI,23.979999542236328,24.2549991607666,23.96500015258789,24.25,6561
2021-06-10,SW2CHB.MI,24.30500030517578,24.389999389648438,24.19499969482422,24.299999237060547,9034
2021-06-11,SW2CHB.MI,24.309999465942383,24.454999923706055,24.309999465942383,24.420000076293945,11521
2021-06-14,SW2CHB.MI,24.454999923706055,24.489999771118164,24.3700008392334,24.399999618530273,6719
2021-06-15,SW2CHB.MI,24.469999313354492,24.614999771118164,24.469999313354492,24.559999465942383,27865
2021-06-16,SW2CHB.MI,24.610000610351562,24.670000076293945,24.559999465942383,24.655000686645508,5279
2021-06-17,SW2CHB.MI,24.59000015258789,24.6299991607666,24.46500015258789,24.6200008392334,11739
2021-06-18,SW2CHB.MI,24.655000686645508,24.709999084472656,24.454999923706055,24.479999542236328,7415
2021-06-21,SW2CHB.MI,24.354999542236328,24.59000015258789,24.354999542236328,24.59000015258789,3589
2021-06-22,SW2CHB.MI,24.575000762939453,24.579999923706055,24.469999313354492,24.56999969482422,2627
2021-06-23,SW2CHB.MI,24.540000915527344,24.55500030517578,24.395000457763672,24.395000457763672,6722
2021-06-24,SW2CHB.MI,24.469999313354492,24.614999771118164,24.434999465942383,24.56999969482422,3829
2021-06-25,SW2CHB.MI,24.530000686645508,24.594999313354492,24.530000686645508,24.575000762939453,3188
2021-06-28,SW2CHB.MI,24.584999084472656,24.614999771118164,24.540000915527344,24.55500030517578,8056
2021-06-29,SW2CHB.MI,24.684999465942383,24.69499969482422,24.610000610351562,24.649999618530273,3137
2021-06-30,SW2CHB.MI,24.635000228881836,24.635000228881836,24.40999984741211,24.459999084472656,3038
2021-07-01,SW2CHB.MI,24.56999969482422,24.56999969482422,24.344999313354492,24.5049991607666,2447
2021-07-02,SW2CHB.MI,24.6200008392334,24.69499969482422,24.540000915527344,24.59000015258789,13490
2021-07-05,SW2CHB.MI,24.524999618530273,24.579999923706055,24.44499969482422,24.56999969482422,14409
2021-07-06,SW2CHB.MI,24.59000015258789,24.655000686645508,24.549999237060547,24.59000015258789,3162
2021-07-07,SW2CHB.MI,24.71500015258789,24.854999542236328,24.71500015258789,24.854999542236328,1788
2021-07-08,SW2CHB.MI,24.75,24.799999237060547,24.610000610351562,24.71500015258789,12970
2021-07-09,SW2CHB.MI,24.844999313354492,24.8799991607666,24.700000762939453,24.774999618530273,25271
2021-07-12,SW2CHB.MI,24.795000076293945,24.979999542236328,24.7450008392334,24.96500015258789,5123
2021-07-13,SW2CHB.MI,24.940000534057617,25.014999389648438,24.799999237060547,24.979999542236328,4230
2021-07-14,SW2CHB.MI,24.979999542236328,24.979999542236328,24.864999771118164,24.969999313354492,2348
2021-07-15,SW2CHB.MI,24.959999084472656,25.049999237060547,24.81999969482422,24.81999969482422,5394
2021-07-16,SW2CHB.MI,24.8799991607666,24.8799991607666,24.84000015258789,24.8799991607666,3113
2021-07-19,SW2CHB.MI,24.690000534057617,24.81999969482422,24.549999237060547,24.6200008392334,14563
2021-07-20,SW2CHB.MI,24.78499984741211,24.905000686645508,24.69499969482422,24.69499969482422,3226
2021-07-21,SW2CHB.MI,24.864999771118164,24.969999313354492,24.854999542236328,24.96500015258789,3186
2021-07-22,SW2CHB.MI,24.915000915527344,24.975000381469727,24.815000534057617,24.864999771118164,3757
2021-07-23,SW2CHB.MI,24.959999084472656,25.149999618530273,24.94499969482422,25.139999389648438,7311
2021-07-26,SW2CHB.MI,25.104999542236328,25.104999542236328,24.969999313354492,25.010000228881836,5453
2021-07-27,SW2CHB.MI,24.954999923706055,25.010000228881836,24.860000610351562,24.920000076293945,9134
2021-07-28,SW2CHB.MI,24.9950008392334,25.084999084472656,24.9950008392334,25.075000762939453,1981
2021-07-29,SW2CHB.MI,25.040000915527344,25.15999984741211,25.040000915527344,25.15999984741211,9042
2021-07-30,SW2CHB.MI,24.9950008392334,25.299999237060547,24.9950008392334,25.28499984741211,1335
2021-08-02,SW2CHB.MI,25.354999542236328,25.389999389648438,25.260000228881836,25.389999389648438,4799
2021-08-03,SW2CHB.MI,25.40999984741211,25.459999084472656,25.389999389648438,25.434999465942383,5750
2021-08-04,SW2CHB.MI,25.459999084472656,25.510000228881836,25.415000915527344,25.415000915527344,9863
2021-08-05,SW2CHB.MI,25.450000762939453,25.485000610351562,25.424999237060547,25.454999923706055,2576
2021-08-06,SW2CHB.MI,25.479999542236328,25.510000228881836,25.360000610351562,25.364999771118164,4185
2021-08-09,SW2CHB.MI,25.450000762939453,25.520000457763672,25.420000076293945,25.514999389648438,5392
2021-08-10,SW2CHB.MI,25.524999618530273,25.575000762939453,25.520000457763672,25.565000534057617,6407
2021-08-11,SW2CHB.MI,25.56999969482422,25.645000457763672,25.545000076293945,25.614999771118164,2403
2021-08-12,SW2CHB.MI,25.649999618530273,25.674999237060547,25.614999771118164,25.655000686645508,4619
2021-08-13,SW2CHB.MI,25.71500015258789,25.780000686645508,25.700000762939453,25.770000457763672,6965
2021-08-16,SW2CHB.MI,25.764999389648438,25.84000015258789,25.764999389648438,25.84000015258789,1197
2021-08-17,SW2CHB.MI,25.885000228881836,26.084999084472656,25.885000228881836,26.06999969482422,3073
2021-08-18,SW2CHB.MI,26.094999313354492,26.18000030517578,26.06999969482422,26.104999542236328,4377
2021-08-19,SW2CHB.MI,26.0,26.0,25.65999984741211,25.854999542236328,6251
2021-08-20,SW2CHB.MI,25.815000534057617,25.950000762939453,25.795000076293945,25.924999237060547,28198
2021-08-23,SW2CHB.MI,26.0,26.075000762939453,25.924999237060547,26.065000534057617,4845
2021-08-24,SW2CHB.MI,26.1299991607666,26.15999984741211,25.920000076293945,25.950000762939453,3778
2021-08-25,SW2CHB.MI,25.950000762939453,25.950000762939453,25.719999313354492,25.799999237060547,3887
2021-08-26,SW2CHB.MI,25.6299991607666,25.799999237060547,25.614999771118164,25.799999237060547,12511
2021-08-27,SW2CHB.MI,25.729999542236328,25.93000030517578,25.729999542236328,25.93000030517578,1726
2021-08-30,SW2CHB.MI,25.889999389648438,25.889999389648438,25.764999389648438,25.815000534057617,1647
2021-08-31,SW2CHB.MI,25.829999923706055,25.84000015258789,25.704999923706055,25.764999389648438,3213
2021-09-01,SW2CHB.MI,25.795000076293945,25.795000076293945,25.690000534057617,25.770000457763672,9851
2021-09-02,SW2CHB.MI,25.709999084472656,25.7450008392334,25.639999389648438,25.729999542236328,2341
2021-09-03,SW2CHB.MI,25.639999389648438,25.649999618530273,25.399999618530273,25.514999389648438,4796
2021-09-06,SW2CHB.MI,25.579999923706055,25.65999984741211,25.579999923706055,25.649999618530273,3597
2021-09-07,SW2CHB.MI,25.6200008392334,25.625,25.459999084472656,25.475000381469727,1841
2021-09-08,SW2CHB.MI,25.165000915527344,25.2450008392334,25.104999542236328,25.149999618530273,17223
2021-09-09,SW2CHB.MI,25.094999313354492,25.235000610351562,25.0,25.174999237060547,8172
2021-09-10,SW2CHB.MI,25.1200008392334,25.15999984741211,24.975000381469727,24.975000381469727,14918
2021-09-13,SW2CHB.MI,25.03499984741211,25.1200008392334,24.940000534057617,24.954999923706055,10612
2021-09-14,SW2CHB.MI,24.899999618530273,25.020000457763672,24.860000610351562,25.014999389648438,7160
2021-09-15,SW2CHB.MI,25.024999618530273,25.024999618530273,24.799999237060547,24.864999771118164,4680
2021-09-16,SW2CHB.MI,24.93000030517578,24.94499969482422,24.8799991607666,24.94499969482422,2452
2021-09-17,SW2CHB.MI,25.135000228881836,25.135000228881836,24.600000381469727,24.6200008392334,16891
2021-09-20,SW2CHB.MI,24.354999542236328,24.354999542236328,24.15999984741211,24.350000381469727,8944
2021-09-21,SW2CHB.MI,24.454999923706055,24.604999542236328,24.454999923706055,24.575000762939453,1920
2021-09-22,SW2CHB.MI,24.65999984741211,24.684999465942383,24.600000381469727,24.639999389648438,9189
2021-09-23,SW2CHB.MI,24.81999969482422,24.899999618530273,24.78499984741211,24.885000228881836,10110
2021-09-24,SW2CHB.MI,24.739999771118164,24.739999771118164,24.545000076293945,24.56999969482422,14047
2021-09-27,SW2CHB.MI,24.6299991607666,24.6299991607666,24.280000686645508,24.295000076293945,3996
2021-09-28,SW2CHB.MI,24.15999984741211,24.15999984741211,23.764999389648438,23.829999923706055,7878
2021-09-29,SW2CHB.MI,24.100000381469727,24.110000610351562,24.040000915527344,24.104999542236328,2333
2021-09-30,SW2CHB.MI,24.280000686645508,24.280000686645508,24.075000762939453,24.190000534057617,1356
2021-10-01,SW2CHB.MI,23.94499969482422,24.18000030517578,23.94499969482422,24.114999771118164,3389
2021-10-04,SW2CHB.MI,24.145000457763672,24.28499984741211,24.079999923706055,24.170000076293945,4538
2021-10-05,SW2CHB.MI,24.190000534057617,24.2450008392334,24.145000457763672,24.190000534057617,7575
2021-10-06,SW2CHB.MI,24.0,24.200000762939453,23.860000610351562,24.190000534057617,7247
2021-10-07,SW2CHB.MI,24.469999313354492,24.635000228881836,24.469999313354492,24.549999237060547,3463
2021-10-08,SW2CHB.MI,24.46500015258789,24.59000015258789,24.415000915527344,24.565000534057617,5568
2021-10-11,SW2CHB.MI,24.55500030517578,24.635000228881836,24.5,24.635000228881836,1605
2021-10-12,SW2CHB.MI,24.399999618530273,24.674999237060547,24.399999618530273,24.6299991607666,9123
2021-10-13,SW2CHB.MI,24.5,24.799999237060547,24.5,24.799999237060547,3535
2021-10-14,SW2CHB.MI,24.899999618530273,24.954999923706055,24.825000762939453,24.934999465942383,1493
2021-10-15,SW2CHB.MI,24.959999084472656,25.059999465942383,24.864999771118164,25.049999237060547,8173
2021-10-18,SW2CHB.MI,25.040000915527344,25.110000610351562,24.975000381469727,25.110000610351562,10331
2021-10-19,SW2CHB.MI,25.030000686645508,25.030000686645508,24.850000381469727,25.014999389648438,1728
2021-10-20,SW2CHB.MI,25.139999389648438,25.165000915527344,25.09000015258789,25.114999771118164,8485
2021-10-21,SW2CHB.MI,25.040000915527344,25.28499984741211,25.040000915527344,25.260000228881836,7263
2021-10-22,SW2CHB.MI,25.31999969482422,25.375,25.280000686645508,25.350000381469727,4018
2021-10-25,SW2CHB.MI,25.25,25.34000015258789,25.235000610351562,25.34000015258789,2539
2021-10-26,SW2CHB.MI,25.415000915527344,25.485000610351562,25.344999313354492,25.485000610351562,5107
2021-10-27,SW2CHB.MI,25.489999771118164,25.55500030517578,25.46500015258789,25.5,5766
2021-10-28,SW2CHB.MI,25.5049991607666,25.610000610351562,25.469999313354492,25.610000610351562,3803
2021-10-29,SW2CHB.MI,25.510000228881836,25.729999542236328,25.510000228881836,25.729999542236328,5333
2021-11-01,SW2CHB.MI,25.809999465942383,25.959999084472656,25.774999618530273,25.959999084472656,6040
2021-11-02,SW2CHB.MI,25.950000762939453,26.094999313354492,25.905000686645508,26.09000015258789,9424
2021-11-03,SW2CHB.MI,26.155000686645508,26.334999084472656,26.100000381469727,26.334999084472656,8380
2021-11-04,SW2CHB.MI,26.514999389648438,26.59000015258789,26.46500015258789,26.53499984741211,4925
2021-11-05,SW2CHB.MI,26.46500015258789,26.584999084472656,26.28499984741211,26.389999389648438,3984
2021-11-08,SW2CHB.MI,26.2549991607666,26.334999084472656,26.229999542236328,26.28499984741211,4523
2021-11-09,SW2CHB.MI,26.325000762939453,26.389999389648438,26.299999237060547,26.34000015258789,5111
2021-11-10,SW2CHB.MI,26.385000228881836,26.459999084472656,26.334999084472656,26.459999084472656,16501
2021-11-11,SW2CHB.MI,26.440000534057617,26.514999389648438,26.434999465942383,26.5,6507
2021-11-12,SW2CHB.MI,26.56999969482422,26.684999465942383,26.530000686645508,26.684999465942383,25486
2021-11-15,SW2CHB.MI,26.639999389648438,26.760000228881836,26.639999389648438,26.729999542236328,15452
2021-11-16,SW2CHB.MI,26.704999923706055,26.799999237060547,26.645000457763672,26.770000457763672,5495
2021-11-17,SW2CHB.MI,26.760000228881836,26.8799991607666,26.729999542236328,26.8700008392334,7538
2021-11-18,SW2CHB.MI,26.905000686645508,26.920000076293945,26.7549991607666,26.7549991607666,19786
2021-11-19,SW2CHB.MI,26.834999084472656,27.0,26.834999084472656,26.84000015258789,11309
2021-11-22,SW2CHB.MI,26.899999618530273,26.90999984741211,26.7450008392334,26.75,5381
2021-11-23,SW2CHB.MI,26.625,26.625,26.309999465942383,26.329999923706055,6520
2021-11-24,SW2CHB.MI,26.3700008392334,26.46500015258789,26.290000915527344,26.46500015258789,3497
2021-11-25,SW2CHB.MI,26.610000610351562,26.610000610351562,26.475000381469727,26.53499984741211,4028
2021-11-26,SW2CHB.MI,26.155000686645508,26.315000534057617,25.950000762939453,26.079999923706055,13603
2021-11-29,SW2CHB.MI,26.145000457763672,26.354999542236328,26.145000457763672,26.174999237060547,5075
2021-11-30,SW2CHB.MI,26.040000915527344,26.184999465942383,25.850000381469727,26.145000457763672,6948
2021-12-01,SW2CHB.MI,26.229999542236328,26.299999237060547,26.084999084472656,26.299999237060547,2668
2021-12-02,SW2CHB.MI,26.135000228881836,26.170000076293945,25.934999465942383,26.100000381469727,5451
2021-12-03,SW2CHB.MI,26.1299991607666,26.440000534057617,26.1299991607666,26.229999542236328,3148
2021-12-06,SW2CHB.MI,26.354999542236328,26.545000076293945,26.260000228881836,26.524999618530273,3507
2021-12-07,SW2CHB.MI,26.700000762939453,26.924999237060547,26.614999771118164,26.924999237060547,6302
2021-12-08,SW2CHB.MI,27.049999237060547,27.1299991607666,26.950000762939453,27.030000686645508,6123
2021-12-09,SW2CHB.MI,27.09000015258789,27.09000015258789,26.920000076293945,26.934999465942383,3580
2021-12-10,SW2CHB.MI,26.93000030517578,27.15999984741211,26.915000915527344,27.094999313354492,3252
2021-12-13,SW2CHB.MI,27.094999313354492,27.149999618530273,26.9950008392334,26.9950008392334,3235
2021-12-14,SW2CHB.MI,27.174999237060547,27.174999237060547,26.739999771118164,26.780000686645508,8837
2021-12-15,SW2CHB.MI,26.774999618530273,26.934999465942383,26.774999618530273,26.905000686645508,3473
2021-12-16,SW2CHB.MI,27.225000381469727,27.46500015258789,27.204999923706055,27.440000534057617,12464
2021-12-17,SW2CHB.MI,27.440000534057617,27.44499969482422,27.174999237060547,27.364999771118164,11691
2021-12-20,SW2CHB.MI,27.0,27.139999389648438,26.809999465942383,27.139999389648438,5114
2021-12-21,SW2CHB.MI,27.295000076293945,27.295000076293945,27.110000610351562,27.25,1885
2021-12-22,SW2CHB.MI,27.170000076293945,27.309999465942383,27.065000534057617,27.309999465942383,11955
2021-12-23,SW2CHB.MI,27.360000610351562,27.524999618530273,27.315000534057617,27.524999618530273,9079
2021-12-27,SW2CHB.MI,27.5,27.764999389648438,27.5,27.670000076293945,7597
2021-12-28,SW2CHB.MI,27.885000228881836,28.0,27.8799991607666,27.9950008392334,5970
2021-12-29,SW2CHB.MI,27.885000228881836,27.969999313354492,27.799999237060547,27.899999618530273,6568
2021-12-30,SW2CHB.MI,27.94499969482422,27.975000381469727,27.834999084472656,27.834999084472656,11502
2022-01-03,SW2CHB.MI,28.0,28.104999542236328,27.84000015258789,27.915000915527344,15047
2022-01-04,SW2CHB.MI,27.899999618530273,28.040000915527344,27.834999084472656,27.899999618530273,10960
2022-01-05,SW2CHB.MI,27.790000915527344,27.875,27.7450008392334,27.834999084472656,5932
2022-01-06,SW2CHB.MI,27.360000610351562,27.53499984741211,27.350000381469727,27.485000610351562,4556
2022-01-07,SW2CHB.MI,27.334999084472656,27.43000030517578,27.274999618530273,27.350000381469727,9100
2022-01-10,SW2CHB.MI,27.350000381469727,27.350000381469727,26.665000915527344,26.704999923706055,11140
2022-01-11,SW2CHB.MI,26.9950008392334,27.014999389648438,26.90999984741211,26.985000610351562,7642
2022-01-12,SW2CHB.MI,26.895000457763672,27.014999389648438,26.834999084472656,27.014999389648438,9583
2022-01-13,SW2CHB.MI,26.875,26.954999923706055,26.770000457763672,26.899999618530273,4674
2022-01-14,SW2CHB.MI,26.674999237060547,26.78499984741211,26.665000915527344,26.704999923706055,3622
2022-01-17,SW2CHB.MI,26.75,26.989999771118164,26.719999313354492,26.989999771118164,3262
2022-01-18,SW2CHB.MI,26.709999084472656,26.809999465942383,26.625,26.809999465942383,7951
2022-01-19,SW2CHB.MI,26.735000610351562,26.834999084472656,26.670000076293945,26.719999313354492,20291
2022-01-20,SW2CHB.MI,26.739999771118164,26.90999984741211,26.665000915527344,26.90999984741211,4546
2022-01-21,SW2CHB.MI,26.649999618530273,26.719999313354492,26.479999542236328,26.520000457763672,20077
2022-01-24,SW2CHB.MI,26.3700008392334,26.434999465942383,25.545000076293945,25.545000076293945,18516
2022-01-25,SW2CHB.MI,25.649999618530273,25.700000762939453,25.459999084472656,25.559999465942383,14422
2022-01-26,SW2CHB.MI,25.780000686645508,26.0,25.780000686645508,25.825000762939453,23897
2022-01-27,SW2CHB.MI,25.68000030517578,26.045000076293945,25.635000228881836,25.9950008392334,74207
2022-01-28,SW2CHB.MI,25.959999084472656,25.959999084472656,25.665000915527344,25.8799991607666,6706
2022-01-31,SW2CHB.MI,26.145000457763672,26.145000457763672,25.969999313354492,26.040000915527344,6561
2022-02-01,SW2CHB.MI,26.415000915527344,26.514999389648438,26.329999923706055,26.450000762939453,5489
2022-02-02,SW2CHB.MI,26.5,26.5049991607666,26.34000015258789,26.459999084472656,5034
2022-02-03,SW2CHB.MI,26.229999542236328,26.30500030517578,25.829999923706055,25.860000610351562,6089
2022-02-04,SW2CHB.MI,25.885000228881836,25.885000228881836,25.399999618530273,25.415000915527344,7382
2022-02-07,SW2CHB.MI,25.56999969482422,25.625,25.434999465942383,25.55500030517578,3590
2022-02-08,SW2CHB.MI,25.739999771118164,25.739999771118164,25.454999923706055,25.46500015258789,5019
2022-02-09,SW2CHB.MI,25.725000381469727,26.024999618530273,25.725000381469727,25.975000381469727,3943
2022-02-10,SW2CHB.MI,25.920000076293945,26.014999389648438,25.709999084472656,25.709999084472656,3168
2022-02-11,SW2CHB.MI,25.635000228881836,25.78499984741211,25.594999313354492,25.674999237060547,7758
2022-02-14,SW2CHB.MI,25.440000534057617,25.520000457763672,25.280000686645508,25.475000381469727,7293
2022-02-15,SW2CHB.MI,25.594999313354492,25.719999313354492,25.514999389648438,25.625,4987
2022-02-16,SW2CHB.MI,25.78499984741211,25.78499984741211,25.645000457763672,25.704999923706055,4932
2022-02-17,SW2CHB.MI,25.674999237060547,25.729999542236328,25.514999389648438,25.514999389648438,3189
2022-02-18,SW2CHB.MI,25.665000915527344,25.700000762939453,25.454999923706055,25.459999084472656,5128
2022-02-21,SW2CHB.MI,25.53499984741211,25.635000228881836,25.325000762939453,25.3700008392334,35940
2022-02-22,SW2CHB.MI,25.100000381469727,25.3700008392334,25.0049991607666,25.3700008392334,18004
2022-02-23,SW2CHB.MI,25.434999465942383,25.69499969482422,25.434999465942383,25.434999465942383,6030
2022-02-24,SW2CHB.MI,24.864999771118164,25.065000534057617,24.700000762939453,24.985000610351562,54630
2022-02-25,SW2CHB.MI,25.03499984741211,25.5049991607666,25.03499984741211,25.5,10742
2022-02-28,SW2CHB.MI,25.46500015258789,25.825000762939453,25.46500015258789,25.7450008392334,2708
2022-03-01,SW2CHB.MI,25.93000030517578,25.93000030517578,25.56999969482422,25.790000915527344,27124
2022-03-02,SW2CHB.MI,25.719999313354492,25.834999084472656,25.510000228881836,25.725000381469727,11776
2022-03-03,SW2CHB.MI,25.825000762939453,25.825000762939453,25.459999084472656,25.459999084472656,12961
2022-03-04,SW2CHB.MI,25.459999084472656,25.4950008392334,25.014999389648438,25.110000610351562,6910
2022-03-07,SW2CHB.MI,24.665000915527344,24.834999084472656,24.139999389648438,24.719999313354492,13977
2022-03-08,SW2CHB.MI,24.645000457763672,25.0,24.200000762939453,24.360000610351562,15462
2022-03-09,SW2CHB.MI,24.530000686645508,25.030000686645508,24.530000686645508,25.030000686645508,13361
2022-03-10,SW2CHB.MI,25.040000915527344,25.114999771118164,24.799999237060547,24.834999084472656,31731
2022-03-11,SW2CHB.MI,25.030000686645508,25.219999313354492,24.815000534057617,25.020000457763672,4697
2022-03-14,SW2CHB.MI,25.290000915527344,25.299999237060547,25.114999771118164,25.225000381469727,2801
2022-03-15,SW2CHB.MI,24.954999923706055,25.334999084472656,24.850000381469727,25.25,3911
2022-03-16,SW2CHB.MI,25.53499984741211,25.729999542236328,25.53499984741211,25.625,1271
2022-03-17,SW2CHB.MI,25.760000228881836,25.969999313354492,25.674999237060547,25.969999313354492,1774
2022-03-18,SW2CHB.MI,25.94499969482422,26.389999389648438,25.94499969482422,26.3799991607666,21354
2022-03-21,SW2CHB.MI,26.395000457763672,26.540000915527344,26.329999923706055,26.530000686645508,9781
2022-03-22,SW2CHB.MI,26.450000762939453,26.6200008392334,26.3700008392334,26.6200008392334,5286
2022-03-23,SW2CHB.MI,26.559999465942383,26.56999969482422,26.3700008392334,26.424999237060547,19459
2022-03-24,SW2CHB.MI,26.3700008392334,26.524999618530273,26.350000381469727,26.489999771118164,11419
2022-03-25,SW2CHB.MI,26.514999389648438,26.649999618530273,26.434999465942383,26.53499984741211,1517
2022-03-28,SW2CHB.MI,26.579999923706055,26.704999923706055,26.5,26.565000534057617,8611
2022-03-29,SW2CHB.MI,26.674999237060547,26.739999771118164,26.600000381469727,26.735000610351562,5106
2022-03-30,SW2CHB.MI,26.639999389648438,26.700000762939453,26.540000915527344,26.540000915527344,8652
2022-03-31,SW2CHB.MI,26.645000457763672,26.760000228881836,26.639999389648438,26.65999984741211,3095
2022-04-01,SW2CHB.MI,26.68000030517578,26.75,26.625,26.700000762939453,21707
2022-04-04,SW2CHB.MI,26.93000030517578,27.1200008392334,26.885000228881836,27.09000015258789,4483
2022-04-05,SW2CHB.MI,27.145000457763672,27.28499984741211,27.1299991607666,27.28499984741211,5275
2022-04-06,SW2CHB.MI,27.229999542236328,27.229999542236328,26.860000610351562,27.040000915527344,7425
2022-04-07,SW2CHB.MI,27.174999237060547,27.395000457763672,27.094999313354492,27.204999923706055,5701
2022-04-08,SW2CHB.MI,27.4950008392334,27.514999389648438,27.309999465942383,27.514999389648438,10368
2022-04-11,SW2CHB.MI,27.510000228881836,27.6299991607666,27.44499969482422,27.6299991607666,6697
2022-04-12,SW2CHB.MI,27.399999618530273,27.53499984741211,27.290000915527344,27.489999771118164,1911
2022-04-13,SW2CHB.MI,27.450000762939453,27.479999542236328,27.30500030517578,27.334999084472656,5418
2022-04-14,SW2CHB.MI,27.270000457763672,27.575000762939453,27.270000457763672,27.5049991607666,6915
2022-04-19,SW2CHB.MI,27.274999618530273,27.274999618530273,26.834999084472656,26.915000915527344,4512
2022-04-20,SW2CHB.MI,27.0,27.0,26.850000381469727,26.920000076293945,9284
2022-04-21,SW2CHB.MI,26.799999237060547,26.959999084472656,26.799999237060547,26.825000762939453,6679
2022-04-22,SW2CHB.MI,26.725000381469727,26.809999465942383,26.649999618530273,26.704999923706055,12009
2022-04-25,SW2CHB.MI,26.344999313354492,26.614999771118164,26.344999313354492,26.489999771118164,7886
2022-04-26,SW2CHB.MI,26.655000686645508,26.700000762939453,26.21500015258789,26.21500015258789,3768
2022-04-27,SW2CHB.MI,26.204999923706055,26.530000686645508,25.959999084472656,26.46500015258789,3958
2022-04-28,SW2CHB.MI,26.799999237060547,26.799999237060547,26.53499984741211,26.635000228881836,24072
2022-04-29,SW2CHB.MI,26.729999542236328,26.899999618530273,26.674999237060547,26.735000610351562,8047
2022-05-02,SW2CHB.MI,26.545000076293945,26.545000076293945,26.270000457763672,26.274999618530273,7815
2022-05-03,SW2CHB.MI,26.46500015258789,26.46500015258789,26.15999984741211,26.28499984741211,3248
2022-05-04,SW2CHB.MI,26.024999618530273,26.059999465942383,25.834999084472656,25.860000610351562,1613
2022-05-05,SW2CHB.MI,26.204999923706055,26.204999923706055,25.75,25.825000762939453,17728
2022-05-06,SW2CHB.MI,25.815000534057617,25.84000015258789,25.21500015258789,25.399999618530273,6189
2022-05-09,SW2CHB.MI,25.155000686645508,25.155000686645508,24.594999313354492,24.594999313354492,5284
2022-05-10,SW2CHB.MI,24.719999313354492,25.024999618530273,24.719999313354492,24.864999771118164,7432
2022-05-11,SW2CHB.MI,24.795000076293945,24.920000076293945,24.59000015258789,24.920000076293945,3393
2022-05-12,SW2CHB.MI,24.610000610351562,24.854999542236328,24.5,24.854999542236328,2453
2022-05-13,SW2CHB.MI,25.024999618530273,25.145000457763672,25.024999618530273,25.110000610351562,6126
2022-05-16,SW2CHB.MI,25.065000534057617,25.174999237060547,25.045000076293945,25.170000076293945,2283
2022-05-17,SW2CHB.MI,25.200000762939453,25.420000076293945,25.184999465942383,25.184999465942383,7471
2022-05-18,SW2CHB.MI,25.270000457763672,25.270000457763672,24.924999237060547,25.104999542236328,4008
2022-05-19,SW2CHB.MI,24.93000030517578,24.93000030517578,24.59000015258789,24.59000015258789,5715
2022-05-20,SW2CHB.MI,24.780000686645508,24.889999389648438,24.614999771118164,24.6200008392334,6282
2022-05-23,SW2CHB.MI,24.8799991607666,25.0,24.729999542236328,25.0,12185
2022-05-24,SW2CHB.MI,24.854999542236328,25.094999313354492,24.81999969482422,24.9950008392334,3155
2022-05-25,SW2CHB.MI,25.190000534057617,25.190000534057617,25.040000915527344,25.040000915527344,19478
2022-05-26,SW2CHB.MI,25.174999237060547,25.200000762939453,25.040000915527344,25.174999237060547,1634
2022-05-27,SW2CHB.MI,25.06999969482422,25.524999618530273,25.049999237060547,25.524999618530273,3161
2022-05-30,SW2CHB.MI,25.614999771118164,25.614999771118164,25.5,25.549999237060547,6234
2022-05-31,SW2CHB.MI,25.485000610351562,25.485000610351562,25.40999984741211,25.40999984741211,1165
2022-06-01,SW2CHB.MI,25.485000610351562,25.485000610351562,25.100000381469727,25.100000381469727,1819
2022-06-02,SW2CHB.MI,25.299999237060547,25.299999237060547,25.15999984741211,25.184999465942383,229
2022-06-03,SW2CHB.MI,25.260000228881836,25.260000228881836,25.084999084472656,25.09000015258789,3579
2022-06-06,SW2CHB.MI,25.260000228881836,25.325000762939453,25.110000610351562,25.110000610351562,189690
2022-06-07,SW2CHB.MI,24.885000228881836,24.90999984741211,24.795000076293945,24.895000457763672,1326
2022-06-08,SW2CHB.MI,24.649999618530273,24.665000915527344,24.43000030517578,24.545000076293945,8245
2022-06-09,SW2CHB.MI,24.450000762939453,24.59000015258789,24.299999237060547,24.325000762939453,6262
2022-06-10,SW2CHB.MI,24.239999771118164,24.239999771118164,23.799999237060547,23.920000076293945,9189
2022-06-13,SW2CHB.MI,23.875,23.875,23.485000610351562,23.549999237060547,3277
2022-06-14,SW2CHB.MI,23.700000762939453,23.700000762939453,23.184999465942383,23.184999465942383,12504
2022-06-15,SW2CHB.MI,23.0,23.3700008392334,22.9950008392334,23.299999237060547,1761
2022-06-16,SW2CHB.MI,23.260000228881836,23.270000457763672,22.979999542236328,23.139999389648438,6265
2022-06-17,SW2CHB.MI,23.209999084472656,23.44499969482422,23.125,23.135000228881836,1152
2022-06-20,SW2CHB.MI,23.139999389648438,23.174999237060547,23.104999542236328,23.174999237060547,3656
2022-06-21,SW2CHB.MI,23.315000534057617,23.315000534057617,23.184999465942383,23.184999465942383,44669
2022-06-22,SW2CHB.MI,23.094999313354492,23.34000015258789,23.040000915527344,23.34000015258789,2940
2022-06-23,SW2CHB.MI,23.25,23.364999771118164,23.1200008392334,23.350000381469727,3917
2022-06-24,SW2CHB.MI,23.639999389648438,24.209999084472656,23.639999389648438,24.209999084472656,286
2022-06-27,SW2CHB.MI,24.200000762939453,24.28499984741211,24.1299991607666,24.264999389648438,10616
2022-06-28,SW2CHB.MI,24.290000915527344,24.31999969482422,24.165000915527344,24.165000915527344,1055
2022-06-29,SW2CHB.MI,24.135000228881836,24.475000381469727,24.010000228881836,24.475000381469727,1928
2022-06-30,SW2CHB.MI,24.1200008392334,24.25,24.040000915527344,24.25,2793
2022-07-01,SW2CHB.MI,24.059999465942383,24.34000015258789,24.020000457763672,24.25,9619
2022-07-04,SW2CHB.MI,24.450000762939453,24.545000076293945,24.434999465942383,24.459999084472656,2833
2022-07-05,SW2CHB.MI,24.600000381469727,24.610000610351562,24.329999923706055,24.329999923706055,2130
2022-07-06,SW2CHB.MI,24.68000030517578,24.834999084472656,24.549999237060547,24.795000076293945,1566
2022-07-07,SW2CHB.MI,25.0,25.010000228881836,24.899999618530273,24.9950008392334,2642
2022-07-08,SW2CHB.MI,24.854999542236328,24.989999771118164,24.854999542236328,24.989999771118164,488
2022-07-11,SW2CHB.MI,24.809999465942383,25.165000915527344,24.809999465942383,25.145000457763672,2953
2022-07-12,SW2CHB.MI,25.094999313354492,25.274999618530273,25.09000015258789,25.2549991607666,1286
2022-07-13,SW2CHB.MI,25.139999389648438,25.139999389648438,24.899999618530273,24.969999313354492,2994
2022-07-14,SW2CHB.MI,24.809999465942383,24.844999313354492,24.700000762939453,24.7549991607666,2133
2022-07-15,SW2CHB.MI,24.860000610351562,25.100000381469727,24.81999969482422,25.100000381469727,3838
2022-07-18,SW2CHB.MI,25.165000915527344,25.385000228881836,25.040000915527344,25.040000915527344,5051
2022-07-19,SW2CHB.MI,24.989999771118164,25.309999465942383,24.924999237060547,25.309999465942383,6648
2022-07-20,SW2CHB.MI,25.354999542236328,25.375,25.15999984741211,25.15999984741211,6727
2022-07-21,SW2CHB.MI,25.065000534057617,25.434999465942383,25.045000076293945,25.434999465942383,2811
2022-07-22,SW2CHB.MI,25.5049991607666,25.65999984741211,25.5,25.530000686645508,3194
2022-07-25,SW2CHB.MI,25.3799991607666,25.514999389648438,25.3799991607666,25.510000228881836,9574
2022-07-26,SW2CHB.MI,25.459999084472656,25.764999389648438,25.459999084472656,25.725000381469727,7665
2022-07-27,SW2CHB.MI,25.739999771118164,25.790000915527344,25.604999542236328,25.604999542236328,786
2022-07-28,SW2CHB.MI,25.549999237060547,25.899999618530273,25.530000686645508,25.899999618530273,5163
2022-07-29,SW2CHB.MI,25.959999084472656,26.09000015258789,25.950000762939453,26.0049991607666,6046
2022-08-01,SW2CHB.MI,25.954999923706055,26.53499984741211,25.834999084472656,25.834999084472656,11649
2022-08-02,SW2CHB.MI,25.71500015258789,25.899999618530273,25.645000457763672,25.899999618530273,2069
2022-08-03,SW2CHB.MI,25.719999313354492,25.950000762939453,25.700000762939453,25.920000076293945,4711
2022-08-04,SW2CHB.MI,25.829999923706055,25.9950008392334,25.829999923706055,25.915000915527344,770
2022-08-05,SW2CHB.MI,25.924999237060547,26.0,25.725000381469727,25.725000381469727,3002
2022-08-08,SW2CHB.MI,25.895000457763672,26.06999969482422,25.844999313354492,25.934999465942383,1473
2022-08-09,SW2CHB.MI,25.905000686645508,25.905000686645508,25.725000381469727,25.844999313354492,4013
2022-08-10,SW2CHB.MI,25.799999237060547,25.96500015258789,25.704999923706055,25.895000457763672,1292
2022-08-11,SW2CHB.MI,26.03499984741211,26.059999465942383,25.934999465942383,26.024999618530273,1444
2022-08-12,SW2CHB.MI,25.959999084472656,26.135000228881836,25.959999084472656,26.079999923706055,1109
2022-08-16,SW2CHB.MI,26.344999313354492,26.344999313354492,25.90999984741211,25.959999084472656,1850
2022-08-17,SW2CHB.MI,26.049999237060547,26.084999084472656,25.8700008392334,25.875,6089
2022-08-18,SW2CHB.MI,25.90999984741211,26.079999923706055,25.8700008392334,26.079999923706055,1474
2022-08-19,SW2CHB.MI,26.1299991607666,26.28499984741211,26.1299991607666,26.1299991607666,198
2022-08-22,SW2CHB.MI,26.100000381469727,26.125,26.0,26.045000076293945,868
2022-08-23,SW2CHB.MI,25.93000030517578,25.934999465942383,25.600000381469727,25.639999389648438,3124
2022-08-24,SW2CHB.MI,25.6299991607666,25.829999923706055,25.6299991607666,25.78499984741211,1063
2022-08-25,SW2CHB.MI,25.899999618530273,25.959999084472656,25.780000686645508,25.959999084472656,953
2022-08-26,SW2CHB.MI,26.030000686645508,26.030000686645508,25.584999084472656,25.584999084472656,5973
2022-08-29,SW2CHB.MI,25.434999465942383,25.524999618530273,25.3700008392334,25.389999389648438,1555
2022-08-30,SW2CHB.MI,25.44499969482422,25.459999084472656,25.139999389648438,25.139999389648438,2064
2022-08-31,SW2CHB.MI,25.100000381469727,25.155000686645508,24.934999465942383,24.954999923706055,1336
2022-09-01,SW2CHB.MI,24.889999389648438,24.889999389648438,24.5049991607666,24.55500030517578,5624
2022-09-02,SW2CHB.MI,24.684999465942383,24.96500015258789,24.6200008392334,24.899999618530273,7344
2022-09-05,SW2CHB.MI,24.864999771118164,25.030000686645508,24.80500030517578,25.030000686645508,1265
2022-09-06,SW2CHB.MI,25.06999969482422,25.149999618530273,24.950000762939453,25.010000228881836,920
2022-09-07,SW2CHB.MI,24.829999923706055,24.920000076293945,24.709999084472656,24.864999771118164,4396
2022-09-08,SW2CHB.MI,24.950000762939453,25.040000915527344,24.899999618530273,25.040000915527344,786
2022-09-09,SW2CHB.MI,25.040000915527344,25.420000076293945,25.040000915527344,25.375,2511
2022-09-12,SW2CHB.MI,25.200000762939453,25.614999771118164,25.200000762939453,25.59000015258789,15742
2022-09-13,SW2CHB.MI,25.59000015258789,25.59000015258789,25.59000015258789,25.59000015258789,0
2022-09-14,SW2CHB.MI,25.59000015258789,25.59000015258789,25.59000015258789,25.59000015258789,0
2022-09-15,SW2CHB.MI,25.59000015258789,25.59000015258789,25.59000015258789,25.59000015258789,0
2022-09-16,SW2CHB.MI,25.59000015258789,25.59000015258789,25.59000015258789,25.59000015258789,0
2022-09-19,SW2CHB.MI,25.59000015258789,25.59000015258789,25.59000015258789,25.59000015258789,0
2022-09-20,SW2CHB.MI,25.59000015258789,25.59000015258789,25.59000015258789,25.59000015258789,0
2022-09-21,SW2CHB.MI,24.399999618530273,24.5049991607666,24.344999313354492,24.44499969482422,7161
2022-09-22,SW2CHB.MI,24.354999542236328,24.354999542236328,23.895000457763672,23.895000457763672,5007
2022-09-23,SW2CHB.MI,24.045000076293945,24.104999542236328,23.68000030517578,23.8700008392334,17913
2022-09-26,SW2CHB.MI,23.895000457763672,23.895000457763672,23.604999542236328,23.704999923706055,2230
2022-09-27,SW2CHB.MI,24.0,24.0,23.905000686645508,23.905000686645508,100
2022-09-28,SW2CHB.MI,23.940000534057617,24.2549991607666,23.905000686645508,24.2549991607666,1977
2022-09-29,SW2CHB.MI,23.764999389648438,23.850000381469727,23.684999465942383,23.729999542236328,13920
2022-09-30,SW2CHB.MI,23.75,23.96500015258789,23.75,23.93000030517578,12224
2022-10-03,SW2CHB.MI,23.709999084472656,23.725000381469727,23.350000381469727,23.610000610351562,20786
2022-10-04,SW2CHB.MI,23.920000076293945,24.264999389648438,23.920000076293945,24.225000381469727,12911
2022-10-05,SW2CHB.MI,24.270000457763672,24.270000457763672,24.110000610351562,24.114999771118164,989
2022-10-06,SW2CHB.MI,24.334999084472656,24.334999084472656,23.979999542236328,24.014999389648438,2276
2022-10-07,SW2CHB.MI,23.969999313354492,24.059999465942383,23.760000228881836,23.760000228881836,3752
2022-10-10,SW2CHB.MI,23.75,23.764999389648438,23.6299991607666,23.690000534057617,2652
2022-10-11,SW2CHB.MI,23.479999542236328,23.6299991607666,23.389999389648438,23.6299991607666,3285
2022-10-12,SW2CHB.MI,23.69499969482422,23.69499969482422,23.524999618530273,23.6299991607666,2341
2022-10-13,SW2CHB.MI,23.43000030517578,23.540000915527344,23.125,23.475000381469727,29980
2022-10-14,SW2CHB.MI,23.700000762939453,23.729999542236328,23.625,23.65999984741211,5521
2022-10-17,SW2CHB.MI,23.700000762939453,24.1200008392334,23.655000686645508,24.03499984741211,3145
2022-10-18,SW2CHB.MI,24.094999313354492,24.2549991607666,24.084999084472656,24.174999237060547,4516
2022-10-19,SW2CHB.MI,24.114999771118164,24.114999771118164,23.899999618530273,23.934999465942383,1570
2022-10-20,SW2CHB.MI,23.825000762939453,23.860000610351562,23.719999313354492,23.860000610351562,922
2022-10-21,SW2CHB.MI,23.604999542236328,23.735000610351562,23.479999542236328,23.690000534057617,1355
2022-10-24,SW2CHB.MI,23.940000534057617,24.03499984741211,23.799999237060547,23.969999313354492,1615
2022-10-25,SW2CHB.MI,24.020000457763672,24.30500030517578,24.020000457763672,24.30500030517578,35208
2022-10-26,SW2CHB.MI,24.299999237060547,24.3799991607666,24.15999984741211,24.350000381469727,11385
2022-10-27,SW2CHB.MI,24.239999771118164,24.2450008392334,24.139999389648438,24.2450008392334,1553
2022-10-28,SW2CHB.MI,24.094999313354492,24.274999618530273,24.0,24.274999618530273,919
2022-10-31,SW2CHB.MI,24.25,24.3700008392334,24.104999542236328,24.3700008392334,4868
2022-11-01,SW2CHB.MI,24.645000457763672,24.645000457763672,24.30500030517578,24.30500030517578,372
2022-11-02,SW2CHB.MI,24.46500015258789,24.53499984741211,24.344999313354492,24.375,1458
2022-11-03,SW2CHB.MI,24.235000610351562,24.280000686645508,24.06999969482422,24.104999542236328,3775
2022-11-04,SW2CHB.MI,24.184999465942383,24.454999923706055,24.184999465942383,24.329999923706055,24726
2022-11-07,SW2CHB.MI,24.21500015258789,24.28499984741211,24.155000686645508,24.155000686645508,3220
2022-11-08,SW2CHB.MI,24.229999542236328,24.360000610351562,24.229999542236328,24.295000076293945,3407
2022-11-09,SW2CHB.MI,24.360000610351562,24.6299991607666,24.360000610351562,24.594999313354492,7524
2022-11-10,SW2CHB.MI,24.559999465942383,25.299999237060547,24.559999465942383,25.225000381469727,2836
2022-11-11,SW2CHB.MI,25.325000762939453,25.450000762939453,25.2450008392334,25.415000915527344,2949
2022-11-14,SW2CHB.MI,25.299999237060547,25.399999618530273,25.139999389648438,25.139999389648438,1861
2022-11-15,SW2CHB.MI,25.209999084472656,25.229999542236328,25.084999084472656,25.084999084472656,5382
2022-11-16,SW2CHB.MI,25.010000228881836,25.010000228881836,24.815000534057617,24.815000534057617,3488
2022-11-17,SW2CHB.MI,24.959999084472656,24.959999084472656,24.655000686645508,24.655000686645508,7315
2022-11-18,SW2CHB.MI,24.790000915527344,25.0049991607666,24.790000915527344,24.93000030517578,2674
2022-11-21,SW2CHB.MI,25.065000534057617,25.170000076293945,25.049999237060547,25.114999771118164,3744
2022-11-22,SW2CHB.MI,25.075000762939453,25.264999389648438,25.075000762939453,25.190000534057617,2279
2022-11-23,SW2CHB.MI,25.114999771118164,25.295000076293945,25.114999771118164,25.295000076293945,14421
2022-11-24,SW2CHB.MI,25.264999389648438,25.399999618530273,25.264999389648438,25.31999969482422,3328
2022-11-25,SW2CHB.MI,25.360000610351562,25.375,25.2450008392334,25.270000457763672,1358
2022-11-28,SW2CHB.MI,25.2549991607666,25.395000457763672,25.149999618530273,25.28499984741211,659
2022-11-29,SW2CHB.MI,25.25,25.2549991607666,25.040000915527344,25.040000915527344,1806
2022-11-30,SW2CHB.MI,25.200000762939453,25.299999237060547,25.170000076293945,25.290000915527344,2491
2022-12-01,SW2CHB.MI,25.43000030517578,25.479999542236328,25.399999618530273,25.434999465942383,519
2022-12-02,SW2CHB.MI,25.329999923706055,25.415000915527344,25.28499984741211,25.31999969482422,2440
2022-12-05,SW2CHB.MI,25.315000534057617,25.315000534057617,25.149999618530273,25.165000915527344,1845
2022-12-06,SW2CHB.MI,25.145000457763672,25.145000457763672,24.954999923706055,24.979999542236328,2258
2022-12-07,SW2CHB.MI,25.010000228881836,25.010000228881836,24.725000381469727,24.774999618530273,1464
2022-12-08,SW2CHB.MI,24.69499969482422,24.770000457763672,24.649999618530273,24.770000457763672,1302
2022-12-09,SW2CHB.MI,24.924999237060547,25.010000228881836,24.920000076293945,25.010000228881836,1136
2022-12-12,SW2CHB.MI,24.80500030517578,24.905000686645508,24.790000915527344,24.889999389648438,1319
2022-12-13,SW2CHB.MI,24.915000915527344,25.270000457763672,24.864999771118164,25.079999923706055,12847
2022-12-14,SW2CHB.MI,25.03499984741211,25.225000381469727,24.94499969482422,25.219999313354492,1345
2022-12-15,SW2CHB.MI,24.940000534057617,24.940000534057617,24.44499969482422,24.44499969482422,1702
2022-12-16,SW2CHB.MI,24.399999618530273,24.44499969482422,24.155000686645508,24.190000534057617,3688
2022-12-19,SW2CHB.MI,24.28499984741211,24.309999465942383,24.190000534057617,24.2450008392334,1098
2022-12-20,SW2CHB.MI,24.239999771118164,24.239999771118164,24.075000762939453,24.075000762939453,1219
2022-12-21,SW2CHB.MI,24.190000534057617,24.524999618530273,24.190000534057617,24.524999618530273,3275
2022-12-22,SW2CHB.MI,24.594999313354492,24.594999313354492,24.295000076293945,24.295000076293945,1110
2022-12-23,SW2CHB.MI,24.3700008392334,24.405000686645508,24.2450008392334,24.2450008392334,1874
2022-12-27,SW2CHB.MI,24.389999389648438,24.40999984741211,24.225000381469727,24.31999969482422,1853
2022-12-28,SW2CHB.MI,24.40999984741211,24.454999923706055,24.360000610351562,24.450000762939453,3741
2022-12-29,SW2CHB.MI,24.399999618530273,24.489999771118164,24.385000228881836,24.469999313354492,1815
2022-12-30,SW2CHB.MI,24.3799991607666,24.46500015258789,24.155000686645508,24.155000686645508,1449
2023-01-02,SW2CHB.MI,24.489999771118164,24.53499984741211,24.350000381469727,24.53499984741211,1185
2023-01-03,SW2CHB.MI,24.434999465942383,24.780000686645508,24.434999465942383,24.670000076293945,11661
2023-01-04,SW2CHB.MI,25.079999923706055,25.190000534057617,25.03499984741211,25.190000534057617,2026
2023-01-05,SW2CHB.MI,25.075000762939453,25.155000686645508,25.0049991607666,25.0049991607666,12681
2023-01-06,SW2CHB.MI,24.9950008392334,25.155000686645508,24.950000762939453,25.155000686645508,776
2023-01-09,SW2CHB.MI,25.235000610351562,25.325000762939453,25.18000030517578,25.2450008392334,6832
2023-01-10,SW2CHB.MI,25.084999084472656,25.15999984741211,25.0,25.1299991607666,5786
2023-01-11,SW2CHB.MI,25.1299991607666,25.235000610351562,25.065000534057617,25.094999313354492,3676
2023-01-12,SW2CHB.MI,25.104999542236328,25.174999237060547,24.979999542236328,25.010000228881836,7907
2023-01-13,SW2CHB.MI,25.079999923706055,25.1299991607666,24.9950008392334,25.1299991607666,1333
2023-01-16,SW2CHB.MI,25.219999313354492,25.469999313354492,25.165000915527344,25.454999923706055,3033
2023-01-17,SW2CHB.MI,25.475000381469727,25.610000610351562,25.420000076293945,25.604999542236328,4476
2023-01-18,SW2CHB.MI,25.639999389648438,25.78499984741211,25.549999237060547,25.614999771118164,7395
2023-01-19,SW2CHB.MI,25.520000457763672,25.604999542236328,25.395000457763672,25.395000457763672,2773
2023-01-20,SW2CHB.MI,25.389999389648438,25.389999389648438,25.239999771118164,25.239999771118164,1650
2023-01-23,SW2CHB.MI,25.2549991607666,25.3700008392334,25.165000915527344,25.3700008392334,3178
2023-01-24,SW2CHB.MI,25.420000076293945,25.420000076293945,25.2549991607666,25.344999313354492,2502
2023-01-25,SW2CHB.MI,25.190000534057617,25.350000381469727,25.190000534057617,25.350000381469727,586
2023-01-26,SW2CHB.MI,25.3799991607666,25.440000534057617,25.204999923706055,25.204999923706055,1254
2023-01-27,SW2CHB.MI,25.260000228881836,25.260000228881836,25.145000457763672,25.239999771118164,3841
2023-01-30,SW2CHB.MI,25.145000457763672,25.2450008392334,25.110000610351562,25.239999771118164,4699
2023-01-31,SW2CHB.MI,25.104999542236328,25.28499984741211,25.010000228881836,25.28499984741211,1017
2023-02-01,SW2CHB.MI,25.420000076293945,25.485000610351562,25.014999389648438,25.059999465942383,2240
2023-02-02,SW2CHB.MI,25.200000762939453,25.200000762939453,25.0049991607666,25.19499969482422,784
2023-02-03,SW2CHB.MI,25.18000030517578,25.354999542236328,25.18000030517578,25.354999542236328,620
2023-02-06,SW2CHB.MI,25.350000381469727,25.375,25.260000228881836,25.375,1803
2023-02-07,SW2CHB.MI,25.415000915527344,25.434999465942383,25.3700008392334,25.43000030517578,941
2023-02-08,SW2CHB.MI,25.670000076293945,25.670000076293945,25.510000228881836,25.510000228881836,10059
2023-02-09,SW2CHB.MI,25.670000076293945,25.670000076293945,25.375,25.375,2600
2023-02-10,SW2CHB.MI,25.149999618530273,25.200000762939453,25.059999465942383,25.200000762939453,2054
2023-02-13,SW2CHB.MI,25.264999389648438,25.385000228881836,25.2450008392334,25.3799991607666,1459
2023-02-14,SW2CHB.MI,25.5,25.540000915527344,25.40999984741211,25.40999984741211,1686
2023-02-15,SW2CHB.MI,25.315000534057617,25.53499984741211,25.315000534057617,25.53499984741211,1071
2023-02-16,SW2CHB.MI,25.514999389648438,25.565000534057617,25.28499984741211,25.344999313354492,5003
2023-02-17,SW2CHB.MI,25.149999618530273,25.420000076293945,25.104999542236328,25.420000076293945,1557
2023-02-20,SW2CHB.MI,25.540000915527344,25.540000915527344,25.479999542236328,25.5,1474
2023-02-21,SW2CHB.MI,25.55500030517578,25.55500030517578,25.364999771118164,25.469999313354492,1997
2023-02-22,SW2CHB.MI,25.31999969482422,25.579999923706055,25.315000534057617,25.524999618530273,2370
2023-02-23,SW2CHB.MI,25.46500015258789,25.520000457763672,25.389999389648438,25.389999389648438,5050
2023-02-24,SW2CHB.MI,25.434999465942383,25.489999771118164,25.139999389648438,25.174999237060547,1032
2023-02-27,SW2CHB.MI,25.260000228881836,25.364999771118164,25.239999771118164,25.239999771118164,2726
2023-02-28,SW2CHB.MI,25.149999618530273,25.149999618530273,24.934999465942383,24.934999465942383,7798
2023-03-01,SW2CHB.MI,24.864999771118164,24.94499969482422,24.655000686645508,24.655000686645508,4417
2023-03-02,SW2CHB.MI,24.625,25.024999618530273,24.5049991607666,25.020000457763672,2036
2023-03-03,SW2CHB.MI,25.065000534057617,25.139999389648438,25.040000915527344,25.139999389648438,821
2023-03-06,SW2CHB.MI,25.34000015258789,25.34000015258789,25.0,25.014999389648438,2577
2023-03-07,SW2CHB.MI,25.014999389648438,25.049999237060547,24.829999923706055,24.829999923706055,2694
2023-03-08,SW2CHB.MI,24.75,24.84000015258789,24.735000610351562,24.84000015258789,1181
2023-03-09,SW2CHB.MI,24.770000457763672,24.834999084472656,24.764999389648438,24.834999084472656,1690
2023-03-10,SW2CHB.MI,24.655000686645508,24.764999389648438,24.594999313354492,24.6200008392334,3634
2023-03-13,SW2CHB.MI,24.5,24.610000610351562,24.309999465942383,24.469999313354492,5612
2023-03-14,SW2CHB.MI,24.545000076293945,24.614999771118164,24.434999465942383,24.565000534057617,2329
2023-03-15,SW2CHB.MI,24.415000915527344,24.46500015258789,24.155000686645508,24.325000762939453,16818
2023-03-16,SW2CHB.MI,24.55500030517578,24.6200008392334,24.329999923706055,24.6200008392334,1676
2023-03-17,SW2CHB.MI,24.700000762939453,24.700000762939453,24.239999771118164,24.299999237060547,6327
2023-03-20,SW2CHB.MI,24.100000381469727,24.395000457763672,23.84000015258789,24.280000686645508,7038
2023-03-21,SW2CHB.MI,24.434999465942383,24.584999084472656,24.434999465942383,24.584999084472656,249
2023-03-22,SW2CHB.MI,24.549999237060547,24.600000381469727,24.520000457763672,24.520000457763672,2244
2023-03-23,SW2CHB.MI,24.30500030517578,24.43000030517578,24.295000076293945,24.43000030517578,3560
2023-03-24,SW2CHB.MI,24.44499969482422,24.44499969482422,24.34000015258789,24.43000030517578,8106
2023-03-27,SW2CHB.MI,24.43000030517578,24.75,24.43000030517578,24.75,0
2023-03-28,SW2CHB.MI,24.43000030517578,24.610000610351562,24.43000030517578,24.610000610351562,0
2023-03-29,SW2CHB.MI,24.834999084472656,24.90999984741211,24.80500030517578,24.90999984741211,665
2023-03-30,SW2CHB.MI,25.100000381469727,25.165000915527344,25.014999389648438,25.084999084472656,3621
2023-03-31,SW2CHB.MI,25.174999237060547,25.3700008392334,25.165000915527344,25.3700008392334,1710
2023-04-03,SW2CHB.MI,25.204999923706055,25.260000228881836,25.18000030517578,25.260000228881836,1592
2023-04-04,SW2CHB.MI,25.260000228881836,25.270000457763672,25.200000762939453,25.204999923706055,543
2023-04-05,SW2CHB.MI,25.235000610351562,25.454999923706055,25.235000610351562,25.454999923706055,676
2023-04-06,SW2CHB.MI,25.520000457763672,25.725000381469727,25.520000457763672,25.71500015258789,11927
2023-04-11,SW2CHB.MI,25.905000686645508,25.905000686645508,25.725000381469727,25.829999923706055,2075
2023-04-12,SW2CHB.MI,25.81999969482422,25.979999542236328,25.774999618530273,25.860000610351562,1734
2023-04-13,SW2CHB.MI,25.96500015258789,26.010000228881836,25.959999084472656,25.985000610351562,8864
2023-04-14,SW2CHB.MI,26.010000228881836,26.18000030517578,26.010000228881836,26.1200008392334,3525
2023-04-17,SW2CHB.MI,26.204999923706055,26.204999923706055,26.1200008392334,26.15999984741211,4337
2023-04-18,SW2CHB.MI,26.139999389648438,26.25,26.125,26.184999465942383,3795
2023-04-19,SW2CHB.MI,26.125,26.209999084472656,26.125,26.190000534057617,827
2023-04-20,SW2CHB.MI,26.18000030517578,26.350000381469727,26.18000030517578,26.350000381469727,1649
2023-04-21,SW2CHB.MI,26.420000076293945,26.55500030517578,26.420000076293945,26.55500030517578,4336
2023-04-24,SW2CHB.MI,26.59000015258789,26.700000762939453,26.59000015258789,26.649999618530273,10809
2023-04-25,SW2CHB.MI,26.739999771118164,26.78499984741211,26.719999313354492,26.7549991607666,7769
2023-04-26,SW2CHB.MI,26.610000610351562,26.610000610351562,26.295000076293945,26.315000534057617,3614
2023-04-27,SW2CHB.MI,26.28499984741211,26.28499984741211,26.174999237060547,26.204999923706055,13753
2023-04-28,SW2CHB.MI,26.260000228881836,26.5049991607666,26.260000228881836,26.5049991607666,4228
2023-05-02,SW2CHB.MI,26.5049991607666,26.565000534057617,26.450000762939453,26.485000610351562,5802
2023-05-03,SW2CHB.MI,26.55500030517578,26.75,26.53499984741211,26.7450008392334,2996
2023-05-04,SW2CHB.MI,26.665000915527344,26.729999542236328,26.56999969482422,26.719999313354492,4848
2023-05-05,SW2CHB.MI,26.704999923706055,26.80500030517578,26.584999084472656,26.80500030517578,8320
2023-05-08,SW2CHB.MI,26.8799991607666,26.940000534057617,26.825000762939453,26.940000534057617,3503
2023-05-09,SW2CHB.MI,26.96500015258789,26.96500015258789,26.780000686645508,26.950000762939453,2182
2023-05-10,SW2CHB.MI,26.975000381469727,26.975000381469727,26.69499969482422,26.69499969482422,2568
2023-05-11,SW2CHB.MI,26.889999389648438,26.889999389648438,26.760000228881836,26.8700008392334,3164
2023-05-12,SW2CHB.MI,27.09000015258789,27.149999618530273,27.0049991607666,27.040000915527344,4934
2023-05-15,SW2CHB.MI,27.104999542236328,27.139999389648438,27.03499984741211,27.104999542236328,7991
2023-05-16,SW2CHB.MI,27.030000686645508,27.06999969482422,26.940000534057617,26.959999084472656,3238
2023-05-17,SW2CHB.MI,26.854999542236328,26.854999542236328,26.719999313354492,26.719999313354492,1920
2023-05-18,SW2CHB.MI,26.844999313354492,26.96500015258789,26.7450008392334,26.84000015258789,42669
2023-05-19,SW2CHB.MI,26.899999618530273,27.149999618530273,26.899999618530273,27.1299991607666,4545
2023-05-22,SW2CHB.MI,27.135000228881836,27.184999465942383,27.05500030517578,27.094999313354492,2419
2023-05-23,SW2CHB.MI,27.049999237060547,27.05500030517578,26.90999984741211,26.90999984741211,635
2023-05-24,SW2CHB.MI,26.739999771118164,26.739999771118164,26.5049991607666,26.579999923706055,1158
2023-05-25,SW2CHB.MI,26.53499984741211,26.610000610351562,26.510000228881836,26.510000228881836,1146
2023-05-26,SW2CHB.MI,26.639999389648438,26.81999969482422,26.594999313354492,26.809999465942383,1498
2023-05-29,SW2CHB.MI,26.844999313354492,26.899999618530273,26.834999084472656,26.899999618530273,4964
2023-05-30,SW2CHB.MI,26.799999237060547,26.825000762939453,26.485000610351562,26.485000610351562,512
2023-05-31,SW2CHB.MI,26.385000228881836,26.510000228881836,26.190000534057617,26.190000534057617,1271
2023-06-01,SW2CHB.MI,26.385000228881836,26.454999923706055,26.190000534057617,26.190000534057617,1440
2023-06-02,SW2CHB.MI,26.510000228881836,26.729999542236328,26.510000228881836,26.729999542236328,153
2023-06-05,SW2CHB.MI,26.709999084472656,26.780000686645508,26.700000762939453,26.700000762939453,5969
2023-06-06,SW2CHB.MI,26.739999771118164,26.844999313354492,26.739999771118164,26.825000762939453,1047
2023-06-07,SW2CHB.MI,26.739999771118164,26.739999771118164,26.510000228881836,26.510000228881836,4487
2023-06-08,SW2CHB.MI,26.43000030517578,26.485000610351562,26.399999618530273,26.459999084472656,2727
2023-06-09,SW2CHB.MI,26.5,26.5,26.350000381469727,26.350000381469727,480
2023-06-12,SW2CHB.MI,26.459999084472656,26.459999084472656,26.2549991607666,26.2549991607666,3669
2023-06-13,SW2CHB.MI,26.375,26.3799991607666,26.204999923706055,26.34000015258789,1648
2023-06-14,SW2CHB.MI,26.395000457763672,26.424999237060547,26.315000534057617,26.334999084472656,667
2023-06-15,SW2CHB.MI,26.184999465942383,26.31999969482422,26.165000915527344,26.309999465942383,8497
2023-06-16,SW2CHB.MI,26.329999923706055,26.565000534057617,26.329999923706055,26.459999084472656,8667
2023-06-19,SW2CHB.MI,26.34000015258789,26.354999542236328,26.19499969482422,26.204999923706055,4165
2023-06-20,SW2CHB.MI,26.174999237060547,26.174999237060547,25.9950008392334,25.9950008392334,3315
2023-06-21,SW2CHB.MI,25.93000030517578,25.9950008392334,25.875,25.915000915527344,3114
2023-06-22,SW2CHB.MI,25.639999389648438,25.84000015258789,25.639999389648438,25.84000015258789,28922
2023-06-23,SW2CHB.MI,25.950000762939453,26.114999771118164,25.950000762939453,26.065000534057617,1317
2023-06-26,SW2CHB.MI,26.049999237060547,26.065000534057617,25.93000030517578,25.93000030517578,4593
2023-06-27,SW2CHB.MI,25.969999313354492,26.020000457763672,25.774999618530273,25.809999465942383,4266
2023-06-28,SW2CHB.MI,25.924999237060547,25.969999313354492,25.885000228881836,25.969999313354492,4102
2023-06-29,SW2CHB.MI,25.895000457763672,26.010000228881836,25.895000457763672,25.96500015258789,1333
2023-06-30,SW2CHB.MI,26.040000915527344,26.229999542236328,26.040000915527344,26.229999542236328,1424
2023-07-03,SW2CHB.MI,26.290000915527344,26.31999969482422,26.075000762939453,26.075000762939453,2392
2023-07-04,SW2CHB.MI,26.110000610351562,26.200000762939453,26.110000610351562,26.1200008392334,703
2023-07-05,SW2CHB.MI,26.0,26.059999465942383,25.9950008392334,26.040000915527344,2270
2023-07-06,SW2CHB.MI,25.899999618530273,25.940000534057617,25.565000534057617,25.610000610351562,1652
2023-07-07,SW2CHB.MI,25.565000534057617,25.604999542236328,25.399999618530273,25.420000076293945,1609
2023-07-10,SW2CHB.MI,25.44499969482422,25.575000762939453,25.44499969482422,25.4950008392334,810
2023-07-11,SW2CHB.MI,25.625,25.78499984741211,25.604999542236328,25.7549991607666,365
2023-07-12,SW2CHB.MI,25.780000686645508,25.96500015258789,25.780000686645508,25.96500015258789,302
2023-07-13,SW2CHB.MI,26.125,26.139999389648438,26.114999771118164,26.1200008392334,2771
2023-07-14,SW2CHB.MI,26.145000457763672,26.219999313354492,26.110000610351562,26.110000610351562,1176
2023-07-17,SW2CHB.MI,26.084999084472656,26.09000015258789,25.889999389648438,25.889999389648438,11032
2023-07-18,SW2CHB.MI,26.079999923706055,26.260000228881836,26.075000762939453,26.260000228881836,1081
2023-07-19,SW2CHB.MI,26.334999084472656,26.3799991607666,26.299999237060547,26.299999237060547,817
2023-07-20,SW2CHB.MI,26.2549991607666,26.360000610351562,26.2549991607666,26.354999542236328,2758
2023-07-21,SW2CHB.MI,26.399999618530273,26.454999923706055,26.344999313354492,26.44499969482422,2900
2023-07-24,SW2CHB.MI,26.399999618530273,26.565000534057617,26.399999618530273,26.475000381469727,3378
2023-07-25,SW2CHB.MI,26.469999313354492,26.71500015258789,26.469999313354492,26.71500015258789,2965
2023-07-26,SW2CHB.MI,26.7450008392334,26.78499984741211,26.489999771118164,26.614999771118164,4120
2023-07-27,SW2CHB.MI,26.899999618530273,27.200000762939453,26.899999618530273,27.065000534057617,8170
2023-07-28,SW2CHB.MI,26.96500015258789,26.9950008392334,26.860000610351562,26.905000686645508,2145
2023-07-31,SW2CHB.MI,26.8700008392334,26.920000076293945,26.8700008392334,26.8700008392334,599
2023-08-01,SW2CHB.MI,26.899999618530273,26.899999618530273,26.565000534057617,26.565000534057617,11991
2023-08-02,SW2CHB.MI,26.375,26.540000915527344,26.295000076293945,26.53499984741211,2763
2023-08-03,SW2CHB.MI,26.309999465942383,26.360000610351562,26.260000228881836,26.354999542236328,1678
2023-08-04,SW2CHB.MI,26.2450008392334,26.2450008392334,26.09000015258789,26.235000610351562,2304
2023-08-07,SW2CHB.MI,26.190000534057617,26.280000686645508,26.18000030517578,26.280000686645508,2066
2023-08-08,SW2CHB.MI,26.229999542236328,26.30500030517578,26.184999465942383,26.209999084472656,1660
2023-08-09,SW2CHB.MI,26.325000762939453,26.3700008392334,26.174999237060547,26.174999237060547,530
2023-08-10,SW2CHB.MI,26.375,26.44499969482422,26.344999313354492,26.3799991607666,531
2023-08-11,SW2CHB.MI,26.290000915527344,26.290000915527344,26.149999618530273,26.229999542236328,1468
2023-08-14,SW2CHB.MI,26.270000457763672,26.354999542236328,26.2450008392334,26.354999542236328,248
2023-08-16,SW2CHB.MI,26.084999084472656,26.084999084472656,26.020000457763672,26.05500030517578,781
2023-08-17,SW2CHB.MI,26.0,26.0,25.875,25.875,807
2023-08-18,SW2CHB.MI,25.764999389648438,25.764999389648438,25.549999237060547,25.704999923706055,1624
2023-08-21,SW2CHB.MI,25.780000686645508,25.899999618530273,25.729999542236328,25.729999542236328,4371
2023-08-22,SW2CHB.MI,25.84000015258789,26.024999618530273,25.84000015258789,25.905000686645508,578
2023-08-23,SW2CHB.MI,26.110000610351562,26.239999771118164,26.110000610351562,26.1299991607666,396
2023-08-24,SW2CHB.MI,26.264999389648438,26.264999389648438,26.084999084472656,26.084999084472656,1956
2023-08-25,SW2CHB.MI,26.09000015258789,26.100000381469727,26.040000915527344,26.09000015258789,3592
2023-08-28,SW2CHB.MI,26.260000228881836,26.28499984741211,26.229999542236328,26.2549991607666,1197
2023-08-29,SW2CHB.MI,26.30500030517578,26.459999084472656,26.295000076293945,26.459999084472656,3039
2023-08-30,SW2CHB.MI,26.43000030517578,26.43000030517578,26.299999237060547,26.309999465942383,1856
2023-08-31,SW2CHB.MI,26.375,26.485000610351562,26.360000610351562,26.360000610351562,665
2023-09-01,SW2CHB.MI,26.360000610351562,26.389999389648438,26.315000534057617,26.334999084472656,992
2023-09-04,SW2CHB.MI,26.5049991607666,26.530000686645508,26.329999923706055,26.329999923706055,151
2023-09-05,SW2CHB.MI,26.165000915527344,26.235000610351562,26.094999313354492,26.155000686645508,1672
2023-09-06,SW2CHB.MI,25.975000381469727,25.989999771118164,25.885000228881836,25.989999771118164,500
2023-09-07,SW2CHB.MI,26.09000015258789,26.149999618530273,26.09000015258789,26.145000457763672,289
2023-09-08,SW2CHB.MI,26.1299991607666,26.139999389648438,26.014999389648438,26.045000076293945,293
2023-09-11,SW2CHB.MI,26.18000030517578,26.235000610351562,26.045000076293945,26.045000076293945,2040
2023-09-12,SW2CHB.MI,26.15999984741211,26.225000381469727,26.05500030517578,26.05500030517578,3948
2023-09-13,SW2CHB.MI,26.020000457763672,26.020000457763672,25.829999923706055,25.9950008392334,2650
2023-09-14,SW2CHB.MI,26.0,26.360000610351562,26.0,26.360000610351562,3052
2023-09-15,SW2CHB.MI,26.545000076293945,26.635000228881836,26.520000457763672,26.520000457763672,1515
2023-09-18,SW2CHB.MI,26.489999771118164,26.489999771118164,26.200000762939453,26.229999542236328,2118
2023-09-19,SW2CHB.MI,26.1200008392334,26.264999389648438,26.075000762939453,26.145000457763672,2723
2023-09-20,SW2CHB.MI,26.2450008392334,26.399999618530273,26.2450008392334,26.375,2990
2023-09-21,SW2CHB.MI,26.3799991607666,26.454999923706055,26.104999542236328,26.104999542236328,13205
2023-09-22,SW2CHB.MI,25.905000686645508,25.934999465942383,25.844999313354492,25.850000381469727,2940
2023-09-25,SW2CHB.MI,25.850000381469727,25.850000381469727,25.719999313354492,25.81999969482422,5217
2023-09-26,SW2CHB.MI,25.649999618530273,25.7450008392334,25.59000015258789,25.635000228881836,4039
2023-09-27,SW2CHB.MI,25.729999542236328,25.729999542236328,25.459999084472656,25.459999084472656,1666
2023-09-28,SW2CHB.MI,25.399999618530273,25.469999313354492,25.329999923706055,25.469999313354492,4652
2023-09-29,SW2CHB.MI,25.625,25.815000534057617,25.614999771118164,25.635000228881836,10789
2023-10-02,SW2CHB.MI,25.700000762939453,25.760000228881836,25.424999237060547,25.479999542236328,3364
2023-10-03,SW2CHB.MI,25.415000915527344,25.4950008392334,25.219999313354492,25.2450008392334,6618
2023-10-04,SW2CHB.MI,25.18000030517578,25.434999465942383,25.18000030517578,25.235000610351562,12266
2023-10-05,SW2CHB.MI,25.350000381469727,25.420000076293945,25.219999313354492,25.334999084472656,842
2023-10-06,SW2CHB.MI,25.34000015258789,25.40999984741211,25.18000030517578,25.389999389648438,1445
2023-10-09,SW2CHB.MI,25.424999237060547,25.604999542236328,25.385000228881836,25.5,7064
2023-10-10,SW2CHB.MI,25.71500015258789,25.875,25.71500015258789,25.875,832
2023-10-11,SW2CHB.MI,25.81999969482422,26.09000015258789,25.799999237060547,26.030000686645508,5180
2023-10-12,SW2CHB.MI,26.165000915527344,26.165000915527344,25.954999923706055,25.954999923706055,1199
2023-10-13,SW2CHB.MI,25.924999237060547,25.969999313354492,25.834999084472656,25.94499969482422,1637
2023-10-16,SW2CHB.MI,25.860000610351562,25.940000534057617,25.80500030517578,25.90999984741211,1394
2023-10-17,SW2CHB.MI,25.774999618530273,25.8700008392334,25.690000534057617,25.709999084472656,2761
2023-10-18,SW2CHB.MI,25.625,25.649999618530273,25.4950008392334,25.549999237060547,26191
2023-10-19,SW2CHB.MI,25.280000686645508,25.280000686645508,24.940000534057617,24.989999771118164,10284
2023-10-20,SW2CHB.MI,24.815000534057617,24.9950008392334,24.815000534057617,24.850000381469727,3483
2023-10-23,SW2CHB.MI,24.799999237060547,24.799999237060547,24.55500030517578,24.670000076293945,3811
2023-10-24,SW2CHB.MI,24.670000076293945,24.815000534057617,24.53499984741211,24.815000534057617,7256
2023-10-25,SW2CHB.MI,24.774999618530273,24.84000015258789,24.65999984741211,24.84000015258789,3094
2023-10-26,SW2CHB.MI,24.600000381469727,24.854999542236328,24.600000381469727,24.75,4356
2023-10-27,SW2CHB.MI,24.709999084472656,24.735000610351562,24.424999237060547,24.424999237060547,3021
2023-10-30,SW2CHB.MI,24.559999465942383,24.6200008392334,24.530000686645508,24.530000686645508,2738
2023-10-31,SW2CHB.MI,24.405000686645508,24.5,24.399999618530273,24.450000762939453,9371
2023-11-01,SW2CHB.MI,24.614999771118164,24.790000915527344,24.614999771118164,24.770000457763672,1063
2023-11-02,SW2CHB.MI,25.0049991607666,25.065000534057617,24.924999237060547,24.969999313354492,4653
2023-11-03,SW2CHB.MI,24.9950008392334,25.0,24.915000915527344,24.915000915527344,514
2023-11-06,SW2CHB.MI,24.885000228881836,24.905000686645508,24.780000686645508,24.8700008392334,2421
2023-11-07,SW2CHB.MI,24.93000030517578,24.950000762939453,24.885000228881836,24.905000686645508,2283
2023-11-08,SW2CHB.MI,24.8799991607666,25.065000534057617,24.860000610351562,24.96500015258789,1785
2023-11-09,SW2CHB.MI,24.905000686645508,25.149999618530273,24.905000686645508,25.05500030517578,709
2023-11-10,SW2CHB.MI,24.899999618530273,24.940000534057617,24.81999969482422,24.81999969482422,155
2023-11-13,SW2CHB.MI,24.899999618530273,24.899999618530273,24.780000686645508,24.899999618530273,570
2023-11-14,SW2CHB.MI,24.889999389648438,25.165000915527344,24.864999771118164,25.145000457763672,2755
2023-11-15,SW2CHB.MI,25.309999465942383,25.334999084472656,25.229999542236328,25.2450008392334,1392
2023-11-16,SW2CHB.MI,25.209999084472656,25.209999084472656,25.045000076293945,25.100000381469727,1043
2023-11-17,SW2CHB.MI,25.19499969482422,25.31999969482422,25.155000686645508,25.2450008392334,2357
2023-11-20,SW2CHB.MI,25.204999923706055,25.204999923706055,25.145000457763672,25.15999984741211,11271
2023-11-21,SW2CHB.MI,25.149999618530273,25.31999969482422,25.135000228881836,25.31999969482422,3561
2023-11-22,SW2CHB.MI,25.434999465942383,25.520000457763672,25.434999465942383,25.475000381469727,3571
2023-11-23,SW2CHB.MI,25.454999923706055,25.5,25.364999771118164,25.5,840
2023-11-24,SW2CHB.MI,25.4950008392334,25.540000915527344,25.489999771118164,25.524999618530273,1483
2023-11-27,SW2CHB.MI,25.475000381469727,25.53499984741211,25.44499969482422,25.44499969482422,2456
2023-11-28,SW2CHB.MI,25.200000762939453,25.270000457763672,25.184999465942383,25.270000457763672,4008
2023-11-29,SW2CHB.MI,25.459999084472656,25.459999084472656,25.3700008392334,25.440000534057617,934
2023-11-30,SW2CHB.MI,25.530000686645508,25.795000076293945,25.5,25.795000076293945,3257
2023-12-01,SW2CHB.MI,25.80500030517578,26.0049991607666,25.795000076293945,26.0049991607666,2425
2023-12-04,SW2CHB.MI,25.985000610351562,26.149999618530273,25.985000610351562,26.149999618530273,4071
2023-12-05,SW2CHB.MI,26.100000381469727,26.225000381469727,26.09000015258789,26.200000762939453,6330
2023-12-06,SW2CHB.MI,26.200000762939453,26.375,26.15999984741211,26.325000762939453,1940
2023-12-07,SW2CHB.MI,26.235000610351562,26.290000915527344,26.149999618530273,26.15999984741211,575
2023-12-08,SW2CHB.MI,26.229999542236328,26.364999771118164,26.229999542236328,26.350000381469727,1505
2023-12-11,SW2CHB.MI,26.360000610351562,26.545000076293945,26.260000228881836,26.545000076293945,10103
2023-12-12,SW2CHB.MI,26.549999237060547,26.6299991607666,26.485000610351562,26.584999084472656,2057
2023-12-13,SW2CHB.MI,26.639999389648438,26.81999969482422,26.635000228881836,26.639999389648438,5119
2023-12-14,SW2CHB.MI,26.774999618530273,26.899999618530273,26.510000228881836,26.604999542236328,8302
2023-12-15,SW2CHB.MI,26.524999618530273,26.7450008392334,26.524999618530273,26.719999313354492,13237
2023-12-18,SW2CHB.MI,26.4950008392334,26.594999313354492,26.489999771118164,26.594999313354492,716
2023-12-19,SW2CHB.MI,26.575000762939453,26.6299991607666,26.510000228881836,26.614999771118164,8426
2023-12-20,SW2CHB.MI,26.645000457763672,26.739999771118164,26.56999969482422,26.604999542236328,49800
2023-12-21,SW2CHB.MI,26.53499984741211,26.645000457763672,26.459999084472656,26.645000457763672,1227
2023-12-22,SW2CHB.MI,26.610000610351562,26.670000076293945,26.565000534057617,26.65999984741211,3465
2023-12-27,SW2CHB.MI,26.479999542236328,26.739999771118164,26.479999542236328,26.739999771118164,3660
2023-12-28,SW2CHB.MI,26.8700008392334,26.959999084472656,26.790000915527344,26.815000534057617,4519
2023-12-29,SW2CHB.MI,26.90999984741211,27.065000534057617,26.875,26.954999923706055,4795
2024-01-02,SW2CHB.MI,26.9950008392334,27.135000228881836,26.825000762939453,27.09000015258789,32917
2024-01-03,SW2CHB.MI,27.139999389648438,27.30500030517578,26.950000762939453,27.014999389648438,2633
2024-01-04,SW2CHB.MI,27.139999389648438,27.139999389648438,26.90999984741211,27.114999771118164,4129
2024-01-05,SW2CHB.MI,27.0,27.1200008392334,26.860000610351562,27.05500030517578,1803
2024-01-08,SW2CHB.MI,27.075000762939453,27.204999923706055,26.93000030517578,27.18000030517578,3413
2024-01-09,SW2CHB.MI,27.184999465942383,27.209999084472656,27.0049991607666,27.170000076293945,3864
2024-01-10,SW2CHB.MI,27.06999969482422,27.145000457763672,27.040000915527344,27.094999313354492,1080
2024-01-11,SW2CHB.MI,27.204999923706055,27.204999923706055,26.770000457763672,26.770000457763672,3782
2024-01-12,SW2CHB.MI,26.885000228881836,27.079999923706055,26.885000228881836,27.0049991607666,3388
2024-01-15,SW2CHB.MI,27.0,27.0049991607666,26.8799991607666,26.8799991607666,5936
2024-01-16,SW2CHB.MI,26.725000381469727,27.0,26.725000381469727,26.96500015258789,2452
2024-01-17,SW2CHB.MI,26.684999465942383,26.739999771118164,26.559999465942383,26.649999618530273,5777
2024-01-18,SW2CHB.MI,26.575000762939453,26.704999923706055,26.575000762939453,26.665000915527344,1967
2024-01-19,SW2CHB.MI,26.75,26.75,26.469999313354492,26.485000610351562,3891
2024-01-22,SW2CHB.MI,26.665000915527344,26.774999618530273,26.6200008392334,26.7450008392334,7887
2024-01-23,SW2CHB.MI,26.7450008392334,26.7549991607666,26.524999618530273,26.524999618530273,4632
2024-01-24,SW2CHB.MI,26.635000228881836,26.7549991607666,26.600000381469727,26.719999313354492,20390
2024-01-25,SW2CHB.MI,26.709999084472656,26.790000915527344,26.579999923706055,26.790000915527344,10204
2024-01-26,SW2CHB.MI,27.0049991607666,27.344999313354492,27.0049991607666,27.299999237060547,9176
2024-01-29,SW2CHB.MI,27.344999313354492,27.520000457763672,27.344999313354492,27.5049991607666,3243
2024-01-30,SW2CHB.MI,27.559999465942383,27.6299991607666,27.40999984741211,27.489999771118164,1070
2024-01-31,SW2CHB.MI,27.44499969482422,27.44499969482422,27.350000381469727,27.354999542236328,2610
2024-02-01,SW2CHB.MI,27.235000610351562,27.264999389648438,27.065000534057617,27.125,3120
2024-02-02,SW2CHB.MI,27.25,27.325000762939453,27.084999084472656,27.084999084472656,6576
2024-02-05,SW2CHB.MI,27.100000381469727,27.239999771118164,27.045000076293945,27.18000030517578,11498
2024-02-06,SW2CHB.MI,27.1299991607666,27.1299991607666,26.96500015258789,27.09000015258789,11563
2024-02-07,SW2CHB.MI,27.065000534057617,27.065000534057617,26.895000457763672,26.899999618530273,5255
2024-02-08,SW2CHB.MI,26.844999313354492,26.969999313354492,26.69499969482422,26.69499969482422,5989
2024-02-09,SW2CHB.MI,26.674999237060547,26.674999237060547,26.43000030517578,26.475000381469727,3490
2024-02-12,SW2CHB.MI,26.584999084472656,26.719999313354492,26.56999969482422,26.69499969482422,8037
2024-02-13,SW2CHB.MI,26.59000015258789,26.6299991607666,26.389999389648438,26.420000076293945,9188
2024-02-14,SW2CHB.MI,26.4950008392334,26.614999771118164,26.4950008392334,26.604999542236328,4860
2024-02-15,SW2CHB.MI,26.700000762939453,26.850000381469727,26.700000762939453,26.81999969482422,2651
2024-02-16,SW2CHB.MI,26.8799991607666,26.94499969482422,26.799999237060547,26.860000610351562,2519
2024-02-19,SW2CHB.MI,26.780000686645508,27.05500030517578,26.780000686645508,27.030000686645508,24198
2024-02-20,SW2CHB.MI,26.9950008392334,27.094999313354492,26.934999465942383,27.059999465942383,4756
2024-02-21,SW2CHB.MI,27.03499984741211,27.059999465942383,27.0,27.010000228881836,1861
2024-02-22,SW2CHB.MI,27.104999542236328,27.104999542236328,26.825000762939453,26.854999542236328,1988
2024-02-23,SW2CHB.MI,26.8700008392334,27.05500030517578,26.8700008392334,27.045000076293945,40034
2024-02-26,SW2CHB.MI,27.020000457763672,27.059999465942383,26.895000457763672,26.895000457763672,1336
2024-02-27,SW2CHB.MI,26.895000457763672,26.940000534057617,26.80500030517578,26.885000228881836,4719
2024-02-28,SW2CHB.MI,27.0,27.0,26.829999923706055,26.829999923706055,2241
2024-02-29,SW2CHB.MI,26.905000686645508,27.030000686645508,26.799999237060547,26.829999923706055,4484
2024-03-01,SW2CHB.MI,26.809999465942383,26.90999984741211,26.799999237060547,26.860000610351562,3436
2024-03-04,SW2CHB.MI,26.895000457763672,26.899999618530273,26.674999237060547,26.760000228881836,38139
2024-03-05,SW2CHB.MI,26.770000457763672,26.770000457763672,26.665000915527344,26.7549991607666,1161
2024-03-06,SW2CHB.MI,26.739999771118164,26.895000457763672,26.739999771118164,26.860000610351562,5772
2024-03-07,SW2CHB.MI,26.899999618530273,27.239999771118164,26.899999618530273,27.155000686645508,15657
2024-03-08,SW2CHB.MI,27.219999313354492,27.350000381469727,27.219999313354492,27.325000762939453,3151
2024-03-11,SW2CHB.MI,27.315000534057617,27.3799991607666,27.280000686645508,27.375,3232
2024-03-12,SW2CHB.MI,27.4950008392334,27.59000015258789,27.405000686645508,27.584999084472656,10833
2024-03-13,SW2CHB.MI,27.55500030517578,27.635000228881836,27.549999237060547,27.594999313354492,4966
2024-03-14,SW2CHB.MI,27.579999923706055,27.625,27.454999923706055,27.514999389648438,10384
2024-03-15,SW2CHB.MI,27.454999923706055,27.559999465942383,27.389999389648438,27.389999389648438,4885
2024-03-18,SW2CHB.MI,27.315000534057617,27.34000015258789,27.200000762939453,27.2450008392334,8923
2024-03-19,SW2CHB.MI,27.1299991607666,27.155000686645508,27.06999969482422,27.110000610351562,845
2024-03-20,SW2CHB.MI,27.079999923706055,27.15999984741211,27.049999237060547,27.110000610351562,3327
2024-03-21,SW2CHB.MI,27.209999084472656,27.2549991607666,27.065000534057617,27.079999923706055,12193
2024-03-22,SW2CHB.MI,27.104999542236328,27.184999465942383,27.075000762939453,27.100000381469727,3239
2024-03-25,SW2CHB.MI,27.084999084472656,27.100000381469727,26.940000534057617,26.989999771118164,4514
2024-03-26,SW2CHB.MI,26.905000686645508,26.954999923706055,26.8799991607666,26.940000534057617,3725
2024-03-27,SW2CHB.MI,26.950000762939453,27.024999618530273,26.920000076293945,26.985000610351562,5566
2024-03-28,SW2CHB.MI,27.149999618530273,27.204999923706055,27.065000534057617,27.204999923706055,6005
2024-04-02,SW2CHB.MI,27.5049991607666,27.5049991607666,26.80500030517578,26.834999084472656,12570
2024-04-03,SW2CHB.MI,26.799999237060547,26.829999923706055,26.735000610351562,26.809999465942383,5890
2024-04-04,SW2CHB.MI,26.75,26.844999313354492,26.684999465942383,26.844999313354492,3724
2024-04-05,SW2CHB.MI,26.649999618530273,26.655000686645508,26.584999084472656,26.649999618530273,13969
2024-04-08,SW2CHB.MI,26.575000762939453,26.635000228881836,26.530000686645508,26.594999313354492,3028
2024-04-09,SW2CHB.MI,26.575000762939453,26.649999618530273,26.5,26.55500030517578,5890
2024-04-10,SW2CHB.MI,26.65999984741211,26.674999237060547,26.334999084472656,26.510000228881836,25647
2024-04-11,SW2CHB.MI,26.530000686645508,26.700000762939453,26.454999923706055,26.575000762939453,5074
2024-04-12,SW2CHB.MI,26.799999237060547,26.850000381469727,26.584999084472656,26.59000015258789,2298
2024-04-15,SW2CHB.MI,26.665000915527344,26.684999465942383,26.55500030517578,26.604999542236328,4274
2024-04-16,SW2CHB.MI,26.28499984741211,26.325000762939453,26.200000762939453,26.209999084472656,2682
2024-04-17,SW2CHB.MI,26.290000915527344,26.360000610351562,26.2549991607666,26.28499984741211,3598
2024-04-18,SW2CHB.MI,26.325000762939453,26.354999542236328,26.25,26.28499984741211,2590
2024-04-19,SW2CHB.MI,26.18000030517578,26.479999542236328,26.1299991607666,26.479999542236328,5518
2024-04-22,SW2CHB.MI,26.540000915527344,26.655000686645508,26.514999389648438,26.6299991607666,1592
2024-04-23,SW2CHB.MI,26.825000762939453,26.940000534057617,26.825000762939453,26.829999923706055,2160
2024-04-24,SW2CHB.MI,26.760000228881836,26.760000228881836,26.549999237060547,26.55500030517578,1514
2024-04-25,SW2CHB.MI,26.3799991607666,26.3799991607666,26.09000015258789,26.235000610351562,5043
2024-04-26,SW2CHB.MI,26.43000030517578,26.5,26.350000381469727,26.489999771118164,3586
2024-04-29,SW2CHB.MI,26.510000228881836,26.594999313354492,26.489999771118164,26.489999771118164,2905
2024-04-30,SW2CHB.MI,26.524999618530273,26.524999618530273,26.239999771118164,26.239999771118164,1630
2024-05-02,SW2CHB.MI,26.309999465942383,26.395000457763672,26.209999084472656,26.225000381469727,14649
2024-05-03,SW2CHB.MI,26.354999542236328,26.510000228881836,26.354999542236328,26.440000534057617,2578
2024-05-06,SW2CHB.MI,26.459999084472656,26.6299991607666,26.459999084472656,26.514999389648438,8385
2024-05-07,SW2CHB.MI,26.735000610351562,26.864999771118164,26.684999465942383,26.864999771118164,3723
2024-05-08,SW2CHB.MI,27.0,27.075000762939453,26.9950008392334,27.059999465942383,12308
2024-05-09,SW2CHB.MI,26.975000381469727,27.165000915527344,26.975000381469727,27.145000457763672,36897
2024-05-10,SW2CHB.MI,27.264999389648438,27.415000915527344,27.225000381469727,27.415000915527344,2176
2024-05-13,SW2CHB.MI,27.469999313354492,27.469999313354492,27.385000228881836,27.415000915527344,6748
2024-05-14,SW2CHB.MI,27.375,27.450000762939453,27.354999542236328,27.44499969482422,1435
2024-05-15,SW2CHB.MI,27.55500030517578,27.68000030517578,27.489999771118164,27.68000030517578,2624
2024-05-16,SW2CHB.MI,27.790000915527344,27.854999542236328,27.704999923706055,27.704999923706055,4421
2024-05-17,SW2CHB.MI,27.81999969482422,27.81999969482422,27.774999618530273,27.80500030517578,2276
2024-05-20,SW2CHB.MI,27.7549991607666,27.8799991607666,27.7549991607666,27.875,4104
2024-05-21,SW2CHB.MI,27.764999389648438,27.78499984741211,27.68000030517578,27.684999465942383,6097
2024-05-22,SW2CHB.MI,27.579999923706055,27.610000610351562,27.489999771118164,27.55500030517578,2191
2024-05-23,SW2CHB.MI,27.594999313354492,27.65999984741211,27.549999237060547,27.600000381469727,6648
2024-05-24,SW2CHB.MI,27.454999923706055,27.469999313354492,27.354999542236328,27.459999084472656,4151
2024-05-27,SW2CHB.MI,27.395000457763672,27.520000457763672,27.395000457763672,27.520000457763672,4157
2024-05-28,SW2CHB.MI,27.53499984741211,27.549999237060547,27.315000534057617,27.334999084472656,7718
2024-05-29,SW2CHB.MI,27.270000457763672,27.334999084472656,27.21500015258789,27.2549991607666,1616
2024-05-30,SW2CHB.MI,27.325000762939453,27.674999237060547,27.325000762939453,27.674999237060547,1809
2024-05-31,SW2CHB.MI,27.68000030517578,27.954999923706055,27.68000030517578,27.954999923706055,4478
2024-06-03,SW2CHB.MI,28.065000534057617,28.09000015258789,27.969999313354492,28.030000686645508,5830
2024-06-04,SW2CHB.MI,28.030000686645508,28.325000762939453,28.024999618530273,28.260000228881836,1173
2024-06-05,SW2CHB.MI,28.389999389648438,28.479999542236328,28.1200008392334,28.440000534057617,14152
2024-06-06,SW2CHB.MI,28.540000915527344,28.719999313354492,28.540000915527344,28.65999984741211,1642
2024-06-07,SW2CHB.MI,28.760000228881836,28.809999465942383,28.69499969482422,28.760000228881836,3553
2024-06-10,SW2CHB.MI,28.645000457763672,28.700000762939453,28.575000762939453,28.625,5740
2024-06-11,SW2CHB.MI,28.700000762939453,28.700000762939453,28.450000762939453,28.459999084472656,4343
2024-06-12,SW2CHB.MI,28.520000457763672,28.684999465942383,28.520000457763672,28.604999542236328,14970
2024-06-13,SW2CHB.MI,28.56999969482422,28.600000381469727,28.485000610351562,28.600000381469727,11238
2024-06-14,SW2CHB.MI,28.735000610351562,28.860000610351562,28.584999084472656,28.735000610351562,5917
2024-06-17,SW2CHB.MI,28.764999389648438,28.764999389648438,28.489999771118164,28.579999923706055,5620
2024-06-18,SW2CHB.MI,28.7549991607666,28.854999542236328,28.655000686645508,28.850000381469727,4948
2024-06-19,SW2CHB.MI,28.844999313354492,28.895000457763672,28.844999313354492,28.8799991607666,2975
2024-06-20,SW2CHB.MI,28.915000915527344,28.924999237060547,28.684999465942383,28.924999237060547,7157
2024-06-21,SW2CHB.MI,28.864999771118164,28.875,28.614999771118164,28.614999771118164,2091
2024-06-24,SW2CHB.MI,28.600000381469727,28.854999542236328,28.600000381469727,28.854999542236328,1247
2024-06-25,SW2CHB.MI,28.729999542236328,28.729999542236328,28.68000030517578,28.700000762939453,22805
2024-06-26,SW2CHB.MI,28.790000915527344,28.790000915527344,28.489999771118164,28.510000228881836,24223
2024-06-27,SW2CHB.MI,28.540000915527344,28.540000915527344,28.405000686645508,28.420000076293945,3034
2024-06-28,SW2CHB.MI,28.399999618530273,28.46500015258789,28.309999465942383,28.31999969482422,3050
2024-07-01,SW2CHB.MI,28.415000915527344,28.415000915527344,28.225000381469727,28.260000228881836,2647
2024-07-02,SW2CHB.MI,28.0049991607666,28.165000915527344,27.94499969482422,28.165000915527344,24290
2024-07-03,SW2CHB.MI,28.204999923706055,28.274999618530273,28.114999771118164,28.165000915527344,5441
2024-07-04,SW2CHB.MI,28.09000015258789,28.350000381469727,28.09000015258789,28.274999618530273,4478
2024-07-05,SW2CHB.MI,28.309999465942383,28.364999771118164,28.174999237060547,28.18000030517578,837
2024-07-08,SW2CHB.MI,28.2549991607666,28.405000686645508,28.25,28.270000457763672,2488
2024-07-09,SW2CHB.MI,28.200000762939453,28.485000610351562,28.200000762939453,28.264999389648438,9243
2024-07-10,SW2CHB.MI,28.30500030517578,28.434999465942383,28.295000076293945,28.434999465942383,1878
2024-07-11,SW2CHB.MI,28.53499984741211,28.709999084472656,28.53499984741211,28.709999084472656,402
2024-07-12,SW2CHB.MI,28.665000915527344,28.834999084472656,28.635000228881836,28.81999969482422,3296
2024-07-15,SW2CHB.MI,28.729999542236328,28.940000534057617,28.55500030517578,28.55500030517578,2474
2024-07-16,SW2CHB.MI,28.489999771118164,28.594999313354492,28.440000534057617,28.594999313354492,413
2024-07-17,SW2CHB.MI,28.7549991607666,28.96500015258789,28.65999984741211,28.94499969482422,16640
2024-07-18,SW2CHB.MI,28.959999084472656,28.959999084472656,28.850000381469727,28.850000381469727,32101
2024-07-19,SW2CHB.MI,28.774999618530273,28.774999618530273,28.6200008392334,28.6200008392334,1543
2024-07-22,SW2CHB.MI,28.78499984741211,28.940000534057617,28.78499984741211,28.875,11829
2024-07-23,SW2CHB.MI,28.864999771118164,28.954999923706055,28.809999465942383,28.81999969482422,2258
2024-07-24,SW2CHB.MI,28.739999771118164,28.96500015258789,28.739999771118164,28.924999237060547,653
2024-07-25,SW2CHB.MI,28.8700008392334,28.8700008392334,28.649999618530273,28.790000915527344,4133
2024-07-26,SW2CHB.MI,28.674999237060547,29.014999389648438,28.655000686645508,29.014999389648438,683
2024-07-29,SW2CHB.MI,29.09000015258789,29.165000915527344,28.940000534057617,28.950000762939453,1901
2024-07-30,SW2CHB.MI,28.959999084472656,29.18000030517578,28.959999084472656,29.15999984741211,6989
2024-07-31,SW2CHB.MI,29.354999542236328,29.469999313354492,29.354999542236328,29.3799991607666,34273
2024-08-01,SW2CHB.MI,29.43000030517578,29.489999771118164,29.200000762939453,29.235000610351562,65512
2024-08-02,SW2CHB.MI,29.225000381469727,29.225000381469727,28.729999542236328,28.844999313354492,10020
2024-08-05,SW2CHB.MI,28.299999237060547,28.354999542236328,28.045000076293945,28.139999389648438,11699
2024-08-06,SW2CHB.MI,28.149999618530273,28.229999542236328,27.950000762939453,28.139999389648438,12372
2024-08-07,SW2CHB.MI,28.290000915527344,28.614999771118164,28.290000915527344,28.5,3152
2024-08-08,SW2CHB.MI,28.434999465942383,28.545000076293945,28.299999237060547,28.479999542236328,3086
2024-08-09,SW2CHB.MI,28.485000610351562,28.665000915527344,28.485000610351562,28.614999771118164,742
2024-08-12,SW2CHB.MI,28.645000457763672,28.645000457763672,28.46500015258789,28.5049991607666,3003
2024-08-13,SW2CHB.MI,28.579999923706055,28.625,28.514999389648438,28.625,3123
2024-08-14,SW2CHB.MI,28.770000457763672,28.8799991607666,28.604999542236328,28.8799991607666,4407
2024-08-16,SW2CHB.MI,29.010000228881836,29.155000686645508,28.989999771118164,29.030000686645508,1047
2024-08-19,SW2CHB.MI,29.0049991607666,29.260000228881836,29.0049991607666,29.235000610351562,3936
2024-08-20,SW2CHB.MI,29.295000076293945,29.399999618530273,29.260000228881836,29.280000686645508,2645
2024-08-21,SW2CHB.MI,29.270000457763672,29.364999771118164,29.270000457763672,29.34000015258789,1910
2024-08-22,SW2CHB.MI,29.450000762939453,29.610000610351562,29.450000762939453,29.584999084472656,7466
2024-08-23,SW2CHB.MI,29.389999389648438,29.594999313354492,29.389999389648438,29.56999969482422,12942
2024-08-26,SW2CHB.MI,29.604999542236328,29.684999465942383,29.575000762939453,29.649999618530273,3708
2024-08-27,SW2CHB.MI,29.670000076293945,29.719999313354492,29.600000381469727,29.690000534057617,2693
2024-08-28,SW2CHB.MI,29.700000762939453,30.024999618530273,29.700000762939453,29.94499969482422,6514
2024-08-29,SW2CHB.MI,29.954999923706055,30.114999771118164,29.954999923706055,30.014999389648438,1459
2024-08-30,SW2CHB.MI,30.110000610351562,30.15999984741211,30.045000076293945,30.094999313354492,9591
2024-09-02,SW2CHB.MI,29.9950008392334,30.040000915527344,29.850000381469727,30.014999389648438,4562
2024-09-03,SW2CHB.MI,29.864999771118164,29.94499969482422,29.795000076293945,29.864999771118164,10220
2024-09-04,SW2CHB.MI,29.5049991607666,29.610000610351562,29.399999618530273,29.43000030517578,3171
2024-09-05,SW2CHB.MI,29.329999923706055,29.350000381469727,29.1299991607666,29.1299991607666,8680
2024-09-06,SW2CHB.MI,29.084999084472656,29.25,28.985000610351562,28.985000610351562,3046
2024-09-09,SW2CHB.MI,29.139999389648438,29.145000457763672,28.950000762939453,29.125,6428
2024-09-10,SW2CHB.MI,29.19499969482422,29.235000610351562,29.05500030517578,29.125,1097
2024-09-11,SW2CHB.MI,29.1200008392334,29.155000686645508,28.979999542236328,29.014999389648438,1270
2024-09-12,SW2CHB.MI,28.975000381469727,28.975000381469727,28.84000015258789,28.954999923706055,5379
2024-09-13,SW2CHB.MI,29.15999984741211,29.21500015258789,29.1200008392334,29.125,4455
2024-09-16,SW2CHB.MI,29.024999618530273,29.170000076293945,29.024999618530273,29.03499984741211,3143
2024-09-17,SW2CHB.MI,29.21500015258789,29.280000686645508,29.094999313354492,29.100000381469727,3593
2024-09-18,SW2CHB.MI,29.174999237060547,29.174999237060547,28.959999084472656,28.975000381469727,8720
2024-09-19,SW2CHB.MI,29.145000457763672,29.18000030517578,29.06999969482422,29.06999969482422,4207
2024-09-20,SW2CHB.MI,28.985000610351562,28.985000610351562,28.635000228881836,28.635000228881836,7934
2024-09-23,SW2CHB.MI,28.6200008392334,28.885000228881836,28.6200008392334,28.850000381469727,6108
2024-09-24,SW2CHB.MI,29.06999969482422,29.1200008392334,28.93000030517578,29.059999465942383,4740
2024-09-25,SW2CHB.MI,29.079999923706055,29.19499969482422,29.079999923706055,29.19499969482422,557
2024-09-26,SW2CHB.MI,29.434999465942383,29.450000762939453,29.309999465942383,29.375,9056
2024-09-27,SW2CHB.MI,29.479999542236328,29.684999465942383,29.479999542236328,29.649999618530273,6132
2024-09-30,SW2CHB.MI,29.565000534057617,29.674999237060547,29.415000915527344,29.459999084472656,16750
2024-10-01,SW2CHB.MI,29.524999618530273,29.719999313354492,29.434999465942383,29.454999923706055,4403
2024-10-02,SW2CHB.MI,29.594999313354492,29.610000610351562,29.295000076293945,29.440000534057617,9040
2024-10-03,SW2CHB.MI,29.295000076293945,29.299999237060547,29.145000457763672,29.165000915527344,1276
2024-10-04,SW2CHB.MI,29.190000534057617,29.19499969482422,29.06999969482422,29.084999084472656,2712
2024-10-07,SW2CHB.MI,29.19499969482422,29.290000915527344,29.059999465942383,29.19499969482422,1241
2024-10-08,SW2CHB.MI,29.0,29.209999084472656,28.954999923706055,29.139999389648438,397
2024-10-09,SW2CHB.MI,29.204999923706055,29.385000228881836,29.18000030517578,29.385000228881836,1658
2024-10-10,SW2CHB.MI,29.450000762939453,29.489999771118164,29.364999771118164,29.459999084472656,1056
2024-10-11,SW2CHB.MI,29.405000686645508,29.59000015258789,29.385000228881836,29.540000915527344,9565
2024-10-14,SW2CHB.MI,29.65999984741211,29.719999313354492,29.579999923706055,29.690000534057617,3826
2024-10-15,SW2CHB.MI,29.844999313354492,29.850000381469727,29.635000228881836,29.635000228881836,2176
2024-10-16,SW2CHB.MI,29.600000381469727,29.600000381469727,29.520000457763672,29.565000534057617,13193
2024-10-17,SW2CHB.MI,29.479999542236328,29.959999084472656,29.469999313354492,29.895000457763672,2412
2024-10-18,SW2CHB.MI,29.875,29.924999237060547,29.80500030517578,29.885000228881836,2650
2024-10-21,SW2CHB.MI,29.875,29.96500015258789,29.799999237060547,29.81999969482422,4827
2024-10-22,SW2CHB.MI,29.655000686645508,29.690000534057617,29.5,29.6299991607666,4470
2024-10-23,SW2CHB.MI,29.635000228881836,29.760000228881836,29.545000076293945,29.6299991607666,2160
2024-10-24,SW2CHB.MI,29.729999542236328,29.799999237060547,29.645000457763672,29.645000457763672,12600
2024-10-25,SW2CHB.MI,29.59000015258789,29.639999389648438,29.524999618530273,29.604999542236328,53239
2024-10-28,SW2CHB.MI,29.760000228881836,29.829999923706055,29.604999542236328,29.809999465942383,4658
2024-10-29,SW2CHB.MI,29.780000686645508,29.780000686645508,29.399999618530273,29.399999618530273,5183
2024-10-30,SW2CHB.MI,29.30500030517578,29.30500030517578,29.0,29.010000228881836,7631
2024-10-31,SW2CHB.MI,28.885000228881836,28.885000228881836,28.565000534057617,28.6200008392334,6971
2024-11-01,SW2CHB.MI,28.649999618530273,28.94499969482422,28.649999618530273,28.94499969482422,4255
2024-11-04,SW2CHB.MI,28.940000534057617,28.959999084472656,28.8799991607666,28.8799991607666,2283
2024-11-05,SW2CHB.MI,28.889999389648438,28.93000030517578,28.709999084472656,28.71500015258789,3378
2024-11-06,SW2CHB.MI,29.174999237060547,29.34000015258789,28.735000610351562,28.735000610351562,12673
2024-11-07,SW2CHB.MI,28.78499984741211,28.915000915527344,28.78499984741211,28.829999923706055,3735
2024-11-08,SW2CHB.MI,28.8700008392334,28.8700008392334,28.639999389648438,28.670000076293945,3261
2024-11-11,SW2CHB.MI,28.8700008392334,29.045000076293945,28.8700008392334,28.950000762939453,54717
2024-11-12,SW2CHB.MI,28.739999771118164,28.774999618530273,28.479999542236328,28.510000228881836,3818
2024-11-13,SW2CHB.MI,28.424999237060547,28.520000457763672,28.260000228881836,28.520000457763672,4821
2024-11-14,SW2CHB.MI,28.420000076293945,28.655000686645508,28.375,28.59000015258789,5975
2024-11-15,SW2CHB.MI,28.299999237060547,28.420000076293945,28.2549991607666,28.270000457763672,6707
2024-11-18,SW2CHB.MI,28.270000457763672,28.325000762939453,28.170000076293945,28.295000076293945,1579
2024-11-19,SW2CHB.MI,28.44499969482422,28.44499969482422,28.0,28.15999984741211,4635
2024-11-20,SW2CHB.MI,28.325000762939453,28.325000762939453,28.184999465942383,28.239999771118164,4135
2024-11-21,SW2CHB.MI,28.239999771118164,28.399999618530273,28.200000762939453,28.399999618530273,8611
2024-11-22,SW2CHB.MI,28.59000015258789,28.84000015258789,28.56999969482422,28.674999237060547,9092
2024-11-25,SW2CHB.MI,28.700000762939453,28.704999923706055,28.520000457763672,28.59000015258789,21246
2024-11-26,SW2CHB.MI,28.5049991607666,28.59000015258789,28.43000030517578,28.46500015258789,4414
2024-11-27,SW2CHB.MI,28.56999969482422,28.56999969482422,28.43000030517578,28.4950008392334,10919
2024-11-28,SW2CHB.MI,28.549999237060547,28.670000076293945,28.530000686645508,28.6200008392334,13597
2024-11-29,SW2CHB.MI,28.655000686645508,28.78499984741211,28.594999313354492,28.78499984741211,14749
2024-12-02,SW2CHB.MI,28.764999389648438,28.950000762939453,28.739999771118164,28.950000762939453,24364
2024-12-03,SW2CHB.MI,28.954999923706055,28.979999542236328,28.8799991607666,28.915000915527344,101944
2024-12-04,SW2CHB.MI,28.81999969482422,28.8799991607666,28.780000686645508,28.875,14574
2024-12-05,SW2CHB.MI,28.850000381469727,28.885000228881836,28.75,28.8700008392334,14920
2024-12-06,SW2CHB.MI,28.844999313354492,29.010000228881836,28.825000762939453,28.940000534057617,20583
2024-12-09,SW2CHB.MI,28.969999313354492,28.969999313354492,28.780000686645508,28.885000228881836,14623
2024-12-10,SW2CHB.MI,28.815000534057617,28.844999313354492,28.645000457763672,28.645000457763672,4774
2024-12-11,SW2CHB.MI,28.520000457763672,28.7450008392334,28.520000457763672,28.719999313354492,7532
2024-12-12,SW2CHB.MI,28.729999542236328,28.729999542236328,28.600000381469727,28.639999389648438,22578
2024-12-13,SW2CHB.MI,28.55500030517578,28.55500030517578,28.385000228881836,28.440000534057617,36583
2024-12-16,SW2CHB.MI,28.395000457763672,28.440000534057617,28.3700008392334,28.420000076293945,3844
2024-12-17,SW2CHB.MI,28.190000534057617,28.489999771118164,28.1299991607666,28.489999771118164,6065
2024-12-18,SW2CHB.MI,28.43000030517578,28.43000030517578,28.31999969482422,28.354999542236328,9687
2024-12-19,SW2CHB.MI,28.049999237060547,28.049999237060547,27.844999313354492,27.954999923706055,11210
2024-12-20,SW2CHB.MI,27.690000534057617,27.934999465942383,27.665000915527344,27.899999618530273,37854
2024-12-23,SW2CHB.MI,27.84000015258789,28.114999771118164,27.84000015258789,28.020000457763672,18120
2024-12-27,SW2CHB.MI,28.049999237060547,28.149999618530273,27.975000381469727,28.149999618530273,3473
2024-12-30,SW2CHB.MI,28.09000015258789,28.1200008392334,28.0,28.09000015258789,2825
2025-01-02,SW2CHB.MI,28.190000534057617,28.44499969482422,28.155000686645508,28.44499969482422,38827
2025-01-03,SW2CHB.MI,28.375,28.424999237060547,28.235000610351562,28.31999969482422,8851
2025-01-06,SW2CHB.MI,28.329999923706055,28.385000228881836,28.184999465942383,28.385000228881836,9927
2025-01-07,SW2CHB.MI,28.334999084472656,28.639999389648438,28.334999084472656,28.639999389648438,76035
2025-01-08,SW2CHB.MI,28.68000030517578,28.875,28.68000030517578,28.834999084472656,6883
2025-01-09,SW2CHB.MI,28.78499984741211,29.0049991607666,28.78499984741211,28.924999237060547,12011
2025-01-10,SW2CHB.MI,28.825000762939453,28.850000381469727,28.635000228881836,28.655000686645508,2117
2025-01-13,SW2CHB.MI,28.549999237060547,28.549999237060547,28.44499969482422,28.44499969482422,9148
2025-01-14,SW2CHB.MI,28.604999542236328,28.6200008392334,28.399999618530273,28.399999618530273,14605
2025-01-15,SW2CHB.MI,28.34000015258789,28.6200008392334,28.34000015258789,28.6200008392334,6799
2025-01-16,SW2CHB.MI,28.924999237060547,29.0,28.854999542236328,28.9950008392334,15666
2025-01-17,SW2CHB.MI,29.1200008392334,29.170000076293945,29.03499984741211,29.059999465942383,3072
2025-01-20,SW2CHB.MI,29.084999084472656,29.165000915527344,28.979999542236328,29.045000076293945,7556
2025-01-21,SW2CHB.MI,29.114999771118164,29.264999389648438,29.100000381469727,29.235000610351562,5406
2025-01-22,SW2CHB.MI,29.450000762939453,29.5,29.3799991607666,29.440000534057617,14530
2025-01-23,SW2CHB.MI,29.5,29.604999542236328,29.40999984741211,29.584999084472656,3013
2025-01-24,SW2CHB.MI,29.665000915527344,29.670000076293945,29.434999465942383,29.434999465942383,2826
2025-01-27,SW2CHB.MI,29.450000762939453,29.905000686645508,29.424999237060547,29.895000457763672,3705
2025-01-28,SW2CHB.MI,29.989999771118164,30.184999465942383,29.989999771118164,30.059999465942383,5099
2025-01-29,SW2CHB.MI,30.139999389648438,30.290000915527344,30.09000015258789,30.18000030517578,3738
2025-01-30,SW2CHB.MI,30.264999389648438,30.375,30.235000610351562,30.334999084472656,9898
2025-01-31,SW2CHB.MI,30.399999618530273,30.575000762939453,30.329999923706055,30.329999923706055,5645
2025-02-03,SW2CHB.MI,30.1299991607666,30.344999313354492,30.075000762939453,30.315000534057617,13853
2025-02-04,SW2CHB.MI,30.190000534057617,30.25,30.079999923706055,30.145000457763672,8951
2025-02-05,SW2CHB.MI,30.145000457763672,30.434999465942383,30.135000228881836,30.434999465942383,3712
2025-02-06,SW2CHB.MI,30.53499984741211,30.614999771118164,30.40999984741211,30.565000534057617,12830
2025-02-07,SW2CHB.MI,30.469999313354492,30.530000686645508,30.434999465942383,30.434999465942383,97999
2025-02-10,SW2CHB.MI,30.450000762939453,30.56999969482422,30.424999237060547,30.565000534057617,17833
2025-02-11,SW2CHB.MI,30.559999465942383,30.614999771118164,30.5,30.565000534057617,63476
2025-02-12,SW2CHB.MI,30.5,30.579999923706055,30.30500030517578,30.475000381469727,40992
2025-02-13,SW2CHB.MI,30.764999389648438,31.139999389648438,30.700000762939453,31.139999389648438,44504
2025-02-14,SW2CHB.MI,30.9950008392334,31.1299991607666,30.8799991607666,30.94499969482422,72615
2025-02-17,SW2CHB.MI,30.920000076293945,31.0049991607666,30.915000915527344,30.975000381469727,54805
2025-02-18,SW2CHB.MI,31.020000457763672,31.100000381469727,30.920000076293945,31.049999237060547,14175
2025-02-19,SW2CHB.MI,31.0049991607666,31.0049991607666,30.774999618530273,30.875,21472
2025-02-20,SW2CHB.MI,30.815000534057617,30.93000030517578,30.80500030517578,30.8799991607666,7903
2025-02-21,SW2CHB.MI,30.8700008392334,31.280000686645508,30.860000610351562,31.280000686645508,27808
2025-02-24,SW2CHB.MI,31.260000228881836,31.364999771118164,31.200000762939453,31.28499984741211,94739
2025-02-25,SW2CHB.MI,31.30500030517578,31.5,31.30500030517578,31.485000610351562,17675
2025-02-26,SW2CHB.MI,31.46500015258789,31.600000381469727,31.395000457763672,31.479999542236328,20643
2025-02-27,SW2CHB.MI,31.264999389648438,31.389999389648438,31.2549991607666,31.389999389648438,9034
2025-02-28,SW2CHB.MI,31.2549991607666,31.415000915527344,31.200000762939453,31.415000915527344,3031
2025-03-03,SW2CHB.MI,31.450000762939453,31.729999542236328,31.399999618530273,31.674999237060547,3975
2025-03-04,SW2CHB.MI,31.635000228881836,31.719999313354492,31.485000610351562,31.489999771118164,9199
2025-03-05,SW2CHB.MI,31.31999969482422,31.415000915527344,31.065000534057617,31.09000015258789,5132
2025-03-06,SW2CHB.MI,30.920000076293945,30.920000076293945,30.59000015258789,30.809999465942383,7959
2025-03-07,SW2CHB.MI,30.770000457763672,31.09000015258789,30.709999084472656,31.049999237060547,8095
2025-03-10,SW2CHB.MI,31.125,31.15999984741211,30.834999084472656,30.834999084472656,12892
2025-03-11,SW2CHB.MI,30.770000457763672,30.770000457763672,29.94499969482422,29.96500015258789,13211
2025-03-12,SW2CHB.MI,30.295000076293945,30.604999542236328,30.274999618530273,30.31999969482422,7592
2025-03-13,SW2CHB.MI,30.485000610351562,30.549999237060547,30.2549991607666,30.309999465942383,21144
2025-03-14,SW2CHB.MI,30.385000228881836,30.4950008392334,30.200000762939453,30.459999084472656,6434
2025-03-17,SW2CHB.MI,30.510000228881836,30.81999969482422,30.510000228881836,30.80500030517578,9189
2025-03-18,SW2CHB.MI,30.864999771118164,30.934999465942383,30.80500030517578,30.915000915527344,3031
2025-03-19,SW2CHB.MI,30.854999542236328,30.979999542236328,30.75,30.905000686645508,3808
2025-03-20,SW2CHB.MI,30.959999084472656,31.06999969482422,30.905000686645508,31.059999465942383,11768
2025-03-21,SW2CHB.MI,30.885000228881836,31.06999969482422,30.864999771118164,31.0,1763
2025-03-24,SW2CHB.MI,31.399999618530273,31.399999618530273,30.875,30.940000534057617,16038
2025-03-25,SW2CHB.MI,31.049999237060547,31.2450008392334,31.020000457763672,31.020000457763672,7967
2025-03-26,SW2CHB.MI,30.959999084472656,30.989999771118164,30.790000915527344,30.905000686645508,13828
2025-03-27,SW2CHB.MI,30.709999084472656,30.799999237060547,30.55500030517578,30.799999237060547,16204
2025-03-28,SW2CHB.MI,30.834999084472656,30.93000030517578,30.655000686645508,30.71500015258789,4830
2025-03-31,SW2CHB.MI,30.510000228881836,30.510000228881836,30.094999313354492,30.094999313354492,14757
2025-04-01,SW2CHB.MI,30.520000457763672,30.520000457763672,30.290000915527344,30.360000610351562,2882
2025-04-02,SW2CHB.MI,30.209999084472656,30.209999084472656,29.94499969482422,30.0,26531
2025-04-03,SW2CHB.MI,29.674999237060547,29.7549991607666,29.434999465942383,29.520000457763672,4572
2025-04-04,SW2CHB.MI,29.385000228881836,29.46500015258789,28.145000457763672,28.209999084472656,15661
2025-04-07,SW2CHB.MI,26.635000228881836,27.40999984741211,26.545000076293945,26.889999389648438,21744
2025-04-08,SW2CHB.MI,27.454999923706055,28.104999542236328,27.1299991607666,27.770000457763672,14673
2025-04-09,SW2CHB.MI,27.040000915527344,27.09000015258789,26.450000762939453,26.739999771118164,12335
2025-04-10,SW2CHB.MI,29.0049991607666,29.0049991607666,27.614999771118164,27.704999923706055,3884
2025-04-11,SW2CHB.MI,27.885000228881836,27.940000534057617,27.399999618530273,27.864999771118164,3945
2025-04-14,SW2CHB.MI,28.219999313354492,28.489999771118164,28.075000762939453,28.44499969482422,7169
2025-04-15,SW2CHB.MI,28.424999237060547,28.81999969482422,28.329999923706055,28.81999969482422,7981
2025-04-16,SW2CHB.MI,28.670000076293945,28.739999771118164,28.479999542236328,28.739999771118164,6878
2025-04-17,SW2CHB.MI,28.614999771118164,28.739999771118164,28.549999237060547,28.709999084472656,1920
2025-04-22,SW2CHB.MI,28.725000381469727,28.809999465942383,28.450000762939453,28.809999465942383,9884
2025-04-23,SW2CHB.MI,29.0,29.2549991607666,28.975000381469727,29.0049991607666,32358
2025-04-24,SW2CHB.MI,28.979999542236328,29.299999237060547,28.889999389648438,29.295000076293945,7059
2025-04-25,SW2CHB.MI,29.264999389648438,29.424999237060547,29.190000534057617,29.239999771118164,6582
2025-04-28,SW2CHB.MI,29.290000915527344,29.579999923706055,29.19499969482422,29.565000534057617,7044
2025-04-29,SW2CHB.MI,29.709999084472656,29.725000381469727,29.6299991607666,29.674999237060547,4598
2025-04-30,SW2CHB.MI,29.760000228881836,29.9950008392334,29.7450008392334,29.9950008392334,4571
2025-05-02,SW2CHB.MI,29.950000762939453,30.30500030517578,29.950000762939453,30.264999389648438,30370
2025-05-05,SW2CHB.MI,30.2549991607666,30.459999084472656,30.2549991607666,30.364999771118164,24110
2025-05-06,SW2CHB.MI,30.424999237060547,30.434999465942383,30.174999237060547,30.264999389648438,4475
2025-05-07,SW2CHB.MI,30.075000762939453,30.139999389648438,29.975000381469727,30.09000015258789,18519
2025-05-08,SW2CHB.MI,30.010000228881836,30.229999542236328,30.0,30.0,5073
2025-05-09,SW2CHB.MI,30.0,30.075000762939453,29.94499969482422,29.9950008392334,2011
2025-05-12,SW2CHB.MI,29.950000762939453,30.270000457763672,29.799999237060547,30.270000457763672,8867
2025-05-13,SW2CHB.MI,30.264999389648438,30.6299991607666,30.020000457763672,30.020000457763672,9800
2025-05-14,SW2CHB.MI,29.979999542236328,30.075000762939453,29.934999465942383,29.934999465942383,11162
2025-05-15,SW2CHB.MI,29.8799991607666,30.344999313354492,29.8799991607666,30.34000015258789,4482
2025-05-16,SW2CHB.MI,30.594999313354492,30.684999465942383,30.385000228881836,30.6200008392334,11730
2025-05-19,SW2CHB.MI,30.579999923706055,30.594999313354492,30.360000610351562,30.594999313354492,7600
2025-05-20,SW2CHB.MI,30.655000686645508,30.834999084472656,30.549999237060547,30.790000915527344,4089
2025-05-21,SW2CHB.MI,30.69499969482422,30.7549991607666,30.604999542236328,30.719999313354492,5119
2025-05-22,SW2CHB.MI,30.684999465942383,30.684999465942383,30.405000686645508,30.4950008392334,3807
2025-05-23,SW2CHB.MI,30.59000015258789,30.610000610351562,30.0,30.434999465942383,8514
2025-05-26,SW2CHB.MI,30.559999465942383,30.725000381469727,30.545000076293945,30.700000762939453,3925
2025-05-27,SW2CHB.MI,30.645000457763672,30.729999542236328,30.579999923706055,30.59000015258789,2971
2025-05-28,SW2CHB.MI,30.584999084472656,30.600000381469727,30.344999313354492,30.350000381469727,4353
2025-05-29,SW2CHB.MI,30.399999618530273,30.55500030517578,30.28499984741211,30.325000762939453,90666
2025-05-30,SW2CHB.MI,30.44499969482422,30.684999465942383,30.405000686645508,30.46500015258789,14141
2025-06-02,SW2CHB.MI,30.475000381469727,30.475000381469727,30.235000610351562,30.40999984741211,8310
2025-06-03,SW2CHB.MI,30.59000015258789,30.59000015258789,30.299999237060547,30.420000076293945,6341
2025-06-04,SW2CHB.MI,30.479999542236328,30.635000228881836,30.389999389648438,30.6200008392334,5281
2025-06-05,SW2CHB.MI,30.704999923706055,30.7450008392334,30.385000228881836,30.520000457763672,16622
2025-06-06,SW2CHB.MI,30.540000915527344,30.75,30.53499984741211,30.75,4454
2025-06-09,SW2CHB.MI,30.75,30.75,30.6200008392334,30.674999237060547,171661
2025-06-10,SW2CHB.MI,30.739999771118164,30.739999771118164,30.565000534057617,30.614999771118164,26790
2025-06-11,SW2CHB.MI,30.665000915527344,30.7450008392334,30.485000610351562,30.485000610351562,4914
2025-06-12,SW2CHB.MI,30.389999389648438,30.540000915527344,30.270000457763672,30.485000610351562,5646
2025-06-13,SW2CHB.MI,30.19499969482422,30.46500015258789,30.135000228881836,30.135000228881836,9873
2025-06-16,SW2CHB.MI,30.020000457763672,30.139999389648438,29.954999923706055,30.0,5108
2025-06-17,SW2CHB.MI,29.790000915527344,30.0,29.719999313354492,29.834999084472656,15620
2025-06-18,SW2CHB.MI,29.7549991607666,29.7549991607666,29.6299991607666,29.639999389648438,9028
2025-06-19,SW2CHB.MI,29.489999771118164,29.645000457763672,29.40999984741211,29.530000686645508,8332
2025-06-20,SW2CHB.MI,29.649999618530273,29.655000686645508,29.43000030517578,29.43000030517578,1926
2025-06-23,SW2CHB.MI,29.53499984741211,29.645000457763672,29.334999084472656,29.489999771118164,12976
2025-06-24,SW2CHB.MI,29.889999389648438,29.895000457763672,29.735000610351562,29.850000381469727,15450
2025-06-25,SW2CHB.MI,29.954999923706055,29.985000610351562,29.614999771118164,29.645000457763672,2304
2025-06-26,SW2CHB.MI,29.665000915527344,29.670000076293945,29.579999923706055,29.610000610351562,2521
2025-06-27,SW2CHB.MI,29.854999542236328,29.989999771118164,29.760000228881836,29.90999984741211,3866
2025-06-30,SW2CHB.MI,29.899999618530273,29.96500015258789,29.725000381469727,29.780000686645508,8030
2025-07-01,SW2CHB.MI,29.954999923706055,29.954999923706055,29.68000030517578,29.920000076293945,3385
2025-07-02,SW2CHB.MI,29.96500015258789,30.06999969482422,29.80500030517578,29.989999771118164,16635
2025-07-03,SW2CHB.MI,30.125,30.125,29.850000381469727,29.924999237060547,3879
2025-07-04,SW2CHB.MI,29.885000228881836,30.075000762939453,29.7450008392334,29.920000076293945,10044
2025-07-07,SW2CHB.MI,29.905000686645508,29.954999923706055,29.860000610351562,29.899999618530273,5176
2025-07-08,SW2CHB.MI,29.875,30.020000457763672,29.729999542236328,30.020000457763672,16010
2025-07-09,SW2CHB.MI,30.0049991607666,30.209999084472656,29.899999618530273,30.114999771118164,9019
2025-07-10,SW2CHB.MI,30.270000457763672,30.43000030517578,30.270000457763672,30.43000030517578,9185
2025-07-11,SW2CHB.MI,30.299999237060547,30.299999237060547,29.96500015258789,29.9950008392334,13187
2025-07-14,SW2CHB.MI,29.924999237060547,30.0,29.834999084472656,30.0,17857
2025-07-15,SW2CHB.MI,30.075000762939453,30.155000686645508,29.915000915527344,29.954999923706055,7135
2025-07-16,SW2CHB.MI,29.985000610351562,30.049999237060547,29.885000228881836,29.90999984741211,4668
2025-07-17,SW2CHB.MI,30.045000076293945,30.125,29.9950008392334,30.03499984741211,13228
2025-07-18,SW2CHB.MI,30.135000228881836,30.200000762939453,30.05500030517578,30.155000686645508,9289
2025-07-21,SW2CHB.MI,30.079999923706055,30.184999465942383,29.979999542236328,30.014999389648438,13128
2025-07-22,SW2CHB.MI,29.8799991607666,29.934999465942383,29.78499984741211,29.934999465942383,14397
2025-07-23,SW2CHB.MI,30.2450008392334,30.375,30.2450008392334,30.329999923706055,22636
2025-07-24,SW2CHB.MI,30.34000015258789,30.3799991607666,30.1299991607666,30.155000686645508,7446
2025-07-25,SW2CHB.MI,30.075000762939453,30.125,29.90999984741211,29.959999084472656,7026
2025-07-28,SW2CHB.MI,30.2549991607666,30.2549991607666,29.934999465942383,29.985000610351562,160576
2025-07-29,SW2CHB.MI,30.020000457763672,30.155000686645508,29.950000762939453,30.094999313354492,79290
2025-07-30,SW2CHB.MI,30.084999084472656,30.18000030517578,29.989999771118164,29.989999771118164,7519
2025-07-31,SW2CHB.MI,30.05500030517578,30.125,29.774999618530273,29.799999237060547,29438
2025-08-01,SW2CHB.MI,29.350000381469727,29.415000915527344,28.799999237060547,28.834999084472656,283244
2025-08-04,SW2CHB.MI,29.135000228881836,29.549999237060547,29.135000228881836,29.549999237060547,37789
2025-08-05,SW2CHB.MI,29.670000076293945,29.790000915527344,29.6200008392334,29.645000457763672,92510
2025-08-06,SW2CHB.MI,29.639999389648438,29.69499969482422,29.229999542236328,29.290000915527344,47712
2025-08-07,SW2CHB.MI,29.31999969482422,29.6200008392334,29.30500030517578,29.579999923706055,23458
2025-08-08,SW2CHB.MI,29.604999542236328,29.614999771118164,29.399999618530273,29.510000228881836,13523
2025-08-11,SW2CHB.MI,29.704999923706055,29.704999923706055,29.440000534057617,29.454999923706055,4529
2025-08-12,SW2CHB.MI,29.559999465942383,29.565000534057617,29.354999542236328,29.450000762939453,12657
2025-08-13,SW2CHB.MI,29.604999542236328,29.719999313354492,29.530000686645508,29.704999923706055,4946
2025-08-14,SW2CHB.MI,29.80500030517578,29.834999084472656,29.700000762939453,29.790000915527344,3905
2025-08-18,SW2CHB.MI,29.889999389648438,29.93000030517578,29.799999237060547,29.93000030517578,7477
2025-08-19,SW2CHB.MI,29.985000610351562,30.280000686645508,29.954999923706055,30.280000686645508,6554
2025-08-20,SW2CHB.MI,30.28499984741211,30.594999313354492,30.28499984741211,30.549999237060547,8079
2025-08-21,SW2CHB.MI,30.520000457763672,30.520000457763672,30.329999923706055,30.454999923706055,5760
2025-08-22,SW2CHB.MI,30.40999984741211,30.639999389648438,30.40999984741211,30.524999618530273,3731
2025-08-25,SW2CHB.MI,30.43000030517578,30.53499984741211,30.350000381469727,30.40999984741211,6775
2025-08-26,SW2CHB.MI,30.31999969482422,30.44499969482422,30.31999969482422,30.329999923706055,4471
2025-08-27,SW2CHB.MI,30.405000686645508,30.600000381469727,30.405000686645508,30.565000534057617,4963
2025-08-28,SW2CHB.MI,30.604999542236328,30.65999984741211,30.43000030517578,30.475000381469727,34810
2025-08-29,SW2CHB.MI,30.469999313354492,30.540000915527344,30.360000610351562,30.395000457763672,7441
2025-09-01,SW2CHB.MI,30.420000076293945,30.489999771118164,30.295000076293945,30.295000076293945,1769
2025-09-02,SW2CHB.MI,30.149999618530273,30.299999237060547,30.079999923706055,30.1200008392334,3543
2025-09-03,SW2CHB.MI,30.235000610351562,30.334999084472656,30.184999465942383,30.31999969482422,11647
2025-09-04,SW2CHB.MI,30.424999237060547,30.825000762939453,30.415000915527344,30.725000381469727,7043
2025-09-05,SW2CHB.MI,30.815000534057617,30.905000686645508,30.790000915527344,30.809999465942383,2133
2025-09-08,SW2CHB.MI,30.915000915527344,30.915000915527344,30.735000610351562,30.850000381469727,1903
2025-09-09,SW2CHB.MI,30.825000762939453,30.834999084472656,30.69499969482422,30.700000762939453,7603
2025-09-10,SW2CHB.MI,30.809999465942383,30.809999465942383,30.530000686645508,30.559999465942383,10821
2025-09-11,SW2CHB.MI,30.690000534057617,30.760000228881836,30.614999771118164,30.7450008392334,5585
2025-09-12,SW2CHB.MI,30.670000076293945,30.709999084472656,30.545000076293945,30.545000076293945,5264
2025-09-15,SW2CHB.MI,30.559999465942383,30.575000762939453,30.375,30.40999984741211,6265
2025-09-16,SW2CHB.MI,30.31999969482422,30.354999542236328,30.084999084472656,30.174999237060547,6197
2025-09-17,SW2CHB.MI,30.104999542236328,30.18000030517578,30.079999923706055,30.114999771118164,8487
2025-09-18,SW2CHB.MI,30.075000762939453,30.229999542236328,30.049999237060547,30.170000076293945,1930
2025-09-19,SW2CHB.MI,30.135000228881836,30.329999923706055,30.104999542236328,30.299999237060547,2879
2025-09-22,SW2CHB.MI,30.280000686645508,30.420000076293945,30.2450008392334,30.31999969482422,10805
2025-09-23,SW2CHB.MI,30.25,30.34000015258789,30.235000610351562,30.2450008392334,2229
2025-09-24,SW2CHB.MI,30.010000228881836,30.104999542236328,29.96500015258789,29.969999313354492,5710
2025-09-25,SW2CHB.MI,29.795000076293945,29.864999771118164,29.674999237060547,29.700000762939453,5701
2025-09-26,SW2CHB.MI,29.739999771118164,29.864999771118164,29.739999771118164,29.815000534057617,3634
2025-09-29,SW2CHB.MI,29.885000228881836,29.9950008392334,29.844999313354492,29.94499969482422,3535
2025-09-30,SW2CHB.MI,29.950000762939453,30.18000030517578,29.885000228881836,30.155000686645508,6414
2025-10-01,SW2CHB.MI,30.415000915527344,30.674999237060547,30.399999618530273,30.635000228881836,9998
2025-10-02,SW2CHB.MI,30.8700008392334,30.920000076293945,30.825000762939453,30.905000686645508,7944
2025-10-03,SW2CHB.MI,30.94499969482422,31.165000915527344,30.94499969482422,31.110000610351562,14387
2025-10-06,SW2CHB.MI,31.114999771118164,31.31999969482422,31.06999969482422,31.31999969482422,9376
2025-10-07,SW2CHB.MI,31.34000015258789,31.389999389648438,31.264999389648438,31.315000534057617,1922
2025-10-08,SW2CHB.MI,31.389999389648438,31.649999618530273,31.385000228881836,31.625,12432
2025-10-09,SW2CHB.MI,31.55500030517578,31.670000076293945,31.479999542236328,31.479999542236328,8809
2025-10-10,SW2CHB.MI,31.479999542236328,31.565000534057617,31.09000015258789,31.260000228881836,8939
2025-10-13,SW2CHB.MI,31.280000686645508,31.354999542236328,31.110000610351562,31.235000610351562,5395
2025-10-14,SW2CHB.MI,31.1299991607666,31.329999923706055,31.1299991607666,31.174999237060547,2663
2025-10-15,SW2CHB.MI,31.315000534057617,31.415000915527344,31.145000457763672,31.415000915527344,17299
2025-10-16,SW2CHB.MI,31.655000686645508,31.850000381469727,31.55500030517578,31.809999465942383,19478
2025-10-17,SW2CHB.MI,31.635000228881836,31.834999084472656,31.415000915527344,31.799999237060547,18143
2025-10-20,SW2CHB.MI,31.69499969482422,31.84000015258789,31.684999465942383,31.84000015258789,12112
2025-10-21,SW2CHB.MI,31.84000015258789,31.854999542236328,31.700000762939453,31.799999237060547,5003
2025-10-22,SW2CHB.MI,31.674999237060547,31.815000534057617,31.649999618530273,31.770000457763672,14135
2025-10-23,SW2CHB.MI,31.71500015258789,31.725000381469727,31.645000457763672,31.65999984741211,1716
2025-10-24,SW2CHB.MI,29.292499542236328,29.292499542236328,29.292499542236328,29.292499542236328,0
2025-10-27,SW2CHB.MI,31.53499984741211,31.53499984741211,31.344999313354492,31.524999618530273,4747
2025-10-28,SW2CHB.MI,31.405000686645508,31.405000686645508,31.15999984741211,31.18000030517578,2298
2025-10-29,SW2CHB.MI,31.15999984741211,31.200000762939453,30.934999465942383,30.959999084472656,6950
2025-10-30,SW2CHB.MI,30.959999084472656,31.030000686645508,30.899999618530273,31.030000686645508,3871
2025-10-31,SW2CHB.MI,31.05500030517578,31.05500030517578,30.825000762939453,30.885000228881836,3436
2025-11-03,SW2CHB.MI,30.860000610351562,30.969999313354492,30.764999389648438,30.764999389648438,3309
2025-11-04,SW2CHB.MI,30.6200008392334,30.940000534057617,30.524999618530273,30.940000534057617,3431
2025-11-05,SW2CHB.MI,30.834999084472656,31.09000015258789,30.834999084472656,31.020000457763672,17727
2025-11-06,SW2CHB.MI,30.915000915527344,30.915000915527344,30.815000534057617,30.854999542236328,7418
2025-11-07,SW2CHB.MI,30.889999389648438,30.895000457763672,30.655000686645508,30.825000762939453,25770
2025-11-10,SW2CHB.MI,31.0049991607666,31.264999389648438,30.959999084472656,31.19499969482422,18373
2025-11-11,SW2CHB.MI,31.450000762939453,32.0,31.450000762939453,31.950000762939453,6837
2025-11-12,SW2CHB.MI,32.07500076293945,32.345001220703125,32.07500076293945,32.29999923706055,10164
2025-11-13,SW2CHB.MI,32.349998474121094,32.435001373291016,32.22999954223633,32.25,7640
2025-11-14,SW2CHB.MI,32.125,32.224998474121094,31.8799991607666,32.0,6743
2025-11-17,SW2CHB.MI,32.025001525878906,32.025001525878906,31.735000610351562,31.799999237060547,13108
2025-11-18,SW2CHB.MI,31.674999237060547,31.674999237060547,31.354999542236328,31.389999389648438,4389
2025-11-19,SW2CHB.MI,31.479999542236328,31.549999237060547,31.395000457763672,31.395000457763672,4582
2025-11-20,SW2CHB.MI,31.704999923706055,31.704999923706055,31.440000534057617,31.46500015258789,4068
2025-11-21,SW2CHB.MI,31.3799991607666,31.625,31.3799991607666,31.584999084472656,8507
2025-11-24,SW2CHB.MI,31.725000381469727,31.735000610351562,31.530000686645508,31.639999389648438,42538
2025-11-25,SW2CHB.MI,31.700000762939453,31.799999237060547,31.469999313354492,31.780000686645508,11270
2025-11-26,SW2CHB.MI,31.860000610351562,31.9950008392334,31.809999465942383,31.979999542236328,24111
2025-11-27,SW2CHB.MI,31.924999237060547,32.005001068115234,31.920000076293945,31.9950008392334,4832
2025-11-28,SW2CHB.MI,31.954999923706055,32.099998474121094,31.940000534057617,32.05500030517578,12087
2025-12-01,SW2CHB.MI,31.989999771118164,32.1150016784668,31.950000762939453,32.0099983215332,8421
2025-12-02,SW2CHB.MI,31.9950008392334,32.21500015258789,31.9950008392334,32.10499954223633,134833
2025-12-03,SW2CHB.MI,32.185001373291016,32.2400016784668,32.02000045776367,32.04999923706055,10157
2025-12-04,SW2CHB.MI,32.04999923706055,32.19499969482422,32.04999923706055,32.09000015258789,4532
2025-12-05,SW2CHB.MI,32.04499816894531,32.185001373291016,32.029998779296875,32.10499954223633,15875
2025-12-08,SW2CHB.MI,32.125,32.22999954223633,32.10499954223633,32.150001525878906,5061
2025-12-09,SW2CHB.MI,32.14500045776367,32.20500183105469,32.060001373291016,32.060001373291016,2666
2025-12-10,SW2CHB.MI,31.985000610351562,32.16999816894531,31.854999542236328,32.13999938964844,8145
2025-12-11,SW2CHB.MI,32.060001373291016,32.22999954223633,32.0,32.14500045776367,5070
2025-12-12,SW2CHB.MI,32.27000045776367,32.404998779296875,32.09000015258789,32.09000015258789,1933
2025-12-15,SW2CHB.MI,32.16999816894531,32.43000030517578,32.16999816894531,32.369998931884766,5420
2025-12-16,SW2CHB.MI,32.5,32.59000015258789,32.345001220703125,32.42499923706055,28032
2025-12-17,SW2CHB.MI,32.404998779296875,32.52000045776367,32.34000015258789,32.45000076293945,5524
2025-12-18,SW2CHB.MI,32.400001525878906,32.82500076293945,32.400001525878906,32.80500030517578,11007
2025-12-19,SW2CHB.MI,32.78499984741211,32.91999816894531,32.73500061035156,32.85499954223633,6050
2025-12-22,SW2CHB.MI,32.80500030517578,32.88999938964844,32.709999084472656,32.88999938964844,5821
2025-12-23,SW2CHB.MI,32.915000915527344,33.220001220703125,32.915000915527344,33.119998931884766,8905
2025-12-29,SW2CHB.MI,33.13999938964844,33.209999084472656,33.04999923706055,33.130001068115234,6168
2025-12-30,SW2CHB.MI,33.06999969482422,33.20000076293945,33.06999969482422,33.18000030517578,3670
2026-01-02,SW2CHB.MI,32.75,33.3849983215332,32.75,33.224998474121094,485925
2026-01-05,SW2CHB.MI,33.04999923706055,33.20500183105469,32.904998779296875,33.20500183105469,8757
2026-01-06,SW2CHB.MI,33.314998626708984,33.3849983215332,33.10499954223633,33.33000183105469,21841
2026-01-07,SW2CHB.MI,33.44499969482422,33.529998779296875,33.220001220703125,33.34000015258789,24145
2026-01-08,SW2CHB.MI,33.349998474121094,33.43000030517578,33.23500061035156,33.3650016784668,28778
2026-01-09,SW2CHB.MI,33.404998779296875,33.540000915527344,33.39500045776367,33.540000915527344,19503
2026-01-12,SW2CHB.MI,33.529998779296875,33.599998474121094,33.4900016784668,33.599998474121094,10597
2026-01-13,SW2CHB.MI,33.540000915527344,33.564998626708984,33.33000183105469,33.35499954223633,19205
2026-01-14,SW2CHB.MI,33.42499923706055,33.70000076293945,33.42499923706055,33.68000030517578,5725
2026-01-15,SW2CHB.MI,33.720001220703125,33.85499954223633,33.65999984741211,33.73500061035156,58471
2026-01-16,SW2CHB.MI,33.689998626708984,33.70000076293945,33.560001373291016,33.65999984741211,9328
2026-01-19,SW2CHB.MI,33.39500045776367,33.564998626708984,33.314998626708984,33.380001068115234,111777
2026-01-20,SW2CHB.MI,33.119998931884766,33.20000076293945,33.0,33.185001373291016,19053
2026-01-21,SW2CHB.MI,33.06999969482422,33.150001525878906,32.915000915527344,33.084999084472656,112093
2026-01-22,SW2CHB.MI,33.369998931884766,33.439998626708984,33.2400016784668,33.310001373291016,12096
2026-01-23,SW2CHB.MI,33.18000030517578,33.21500015258789,33.0,33.13999938964844,16086
2026-01-26,SW2CHB.MI,33.275001525878906,33.3849983215332,33.185001373291016,33.29999923706055,8199
2026-01-27,SW2CHB.MI,33.400001525878906,33.66999816894531,33.38999938964844,33.595001220703125,3732
2026-01-28,SW2CHB.MI,33.435001373291016,33.435001373291016,33.04499816894531,33.04499816894531,12064
2026-01-29,SW2CHB.MI,33.060001373291016,33.51499938964844,33.060001373291016,33.40999984741211,5672
2026-01-30,SW2CHB.MI,33.540000915527344,33.689998626708984,33.48500061035156,33.57500076293945,22295
2026-02-02,SW2CHB.MI,33.560001373291016,33.93000030517578,33.540000915527344,33.93000030517578,10945
2026-02-03,SW2CHB.MI,34.18000030517578,34.22999954223633,33.814998626708984,34.0099983215332,9855
2026-02-04,SW2CHB.MI,33.790000915527344,34.45500183105469,33.790000915527344,34.29499816894531,23003
2026-02-05,SW2CHB.MI,34.23500061035156,34.27000045776367,34.04999923706055,34.2400016784668,6252
2026-02-06,SW2CHB.MI,34.07500076293945,34.345001220703125,33.91999816894531,34.290000915527344,7516
2026-02-09,SW2CHB.MI,34.29999923706055,34.470001220703125,34.29999923706055,34.470001220703125,9912
2026-02-10,SW2CHB.MI,34.560001373291016,34.6150016784668,34.44499969482422,34.51499938964844,2448
2026-02-11,SW2CHB.MI,34.404998779296875,34.5,34.29999923706055,34.375,13898
2026-02-12,SW2CHB.MI,34.584999084472656,34.689998626708984,34.5,34.529998779296875,4344
2026-02-13,SW2CHB.MI,34.54499816894531,34.79499816894531,34.54499816894531,34.71500015258789,62650
2026-02-16,SW2CHB.MI,34.73500061035156,34.849998474121094,34.72999954223633,34.80500030517578,33912
2026-02-17,SW2CHB.MI,34.92499923706055,35.095001220703125,34.92499923706055,35.04999923706055,5353
2026-02-18,SW2CHB.MI,35.119998931884766,35.279998779296875,35.119998931884766,35.275001525878906,8071
2026-02-19,SW2CHB.MI,35.345001220703125,35.404998779296875,35.10499954223633,35.150001525878906,6584
2026-02-20,SW2CHB.MI,35.244998931884766,35.279998779296875,35.095001220703125,35.279998779296875,62579
2026-02-23,SW2CHB.MI,35.224998474121094,35.2599983215332,35.119998931884766,35.220001220703125,9444
2026-02-24,SW2CHB.MI,35.17499923706055,35.70500183105469,35.17499923706055,35.54999923706055,5418
2026-02-25,SW2CHB.MI,35.625,35.6349983215332,35.529998779296875,35.564998626708984,29569
2026-02-26,SW2CHB.MI,35.5099983215332,35.599998474121094,35.375,35.42499923706055,26392
2026-02-27,SW2CHB.MI,35.540000915527344,35.86000061035156,35.540000915527344,35.7599983215332,15489
2026-03-02,SW2CHB.MI,35.290000915527344,35.404998779296875,35.03499984741211,35.189998626708984,29102
2026-03-03,SW2CHB.MI,34.70000076293945,34.70000076293945,33.994998931884766,34.31999969482422,52935
2026-03-04,SW2CHB.MI,34.564998626708984,34.775001525878906,34.435001373291016,34.54999923706055,9226
2026-03-05,SW2CHB.MI,34.560001373291016,34.73500061035156,34.1349983215332,34.14500045776367,59270
2026-03-09,SW2CHB.MI,33.060001373291016,33.4900016784668,32.83000183105469,33.4900016784668,25035
2026-03-10,SW2CHB.MI,33.95500183105469,34.05500030517578,33.65999984741211,33.78499984741211,17140
2026-03-11,SW2CHB.MI,33.400001525878906,33.494998931884766,33.29999923706055,33.474998474121094,14998
2026-03-12,SW2CHB.MI,33.310001373291016,33.400001525878906,33.18000030517578,33.23500061035156,6606
2026-03-13,SW2CHB.MI,33.099998474121094,33.5,32.9900016784668,33.26499938964844,4210
2026-03-16,SW2CHB.MI,33.244998931884766,33.34000015258789,33.0099983215332,33.28499984741211,8487
2026-03-17,SW2CHB.MI,33.185001373291016,33.494998931884766,33.165000915527344,33.494998931884766,19859
2026-03-18,SW2CHB.MI,33.46500015258789,33.46500015258789,32.80500030517578,32.8849983215332,6356
2026-03-19,SW2CHB.MI,32.54999923706055,32.59000015258789,31.94499969482422,31.94499969482422,9978
2026-03-20,SW2CHB.MI,32.16999816894531,32.19499969482422,31.614999771118164,31.68000030517578,12970
2026-03-23,SW2CHB.MI,31.139999389648438,32.70000076293945,31.010000228881836,31.875,28162
2026-03-24,SW2CHB.MI,31.905000686645508,32.0,31.670000076293945,31.950000762939453,35848
2026-03-25,SW2CHB.MI,32.380001068115234,32.57500076293945,32.349998474121094,32.57500076293945,18561
2026-03-26,SW2CHB.MI,32.400001525878906,32.46500015258789,32.23500061035156,32.32500076293945,12785
2026-03-27,SW2CHB.MI,32.255001068115234,32.255001068115234,31.940000534057617,32.07500076293945,13665
2026-03-30,SW2CHB.MI,31.9950008392334,32.435001373291016,31.96500015258789,32.435001373291016,9909
2026-03-31,SW2CHB.MI,32.53499984741211,32.724998474121094,32.345001220703125,32.345001220703125,33109
2026-04-01,SW2CHB.MI,33.1349983215332,33.25,32.92499923706055,33.084999084472656,26098
2026-04-02,SW2CHB.MI,32.790000915527344,32.97999954223633,32.73500061035156,32.97999954223633,13019
2026-04-07,SW2CHB.MI,32.959999084472656,33.13999938964844,32.31999969482422,32.38999938964844,10132
2026-04-08,SW2CHB.MI,33.689998626708984,33.70000076293945,33.34000015258789,33.375,27761
2026-04-09,SW2CHB.MI,33.38999938964844,33.41999816894531,33.119998931884766,33.41999816894531,22970
2026-04-10,SW2CHB.MI,33.595001220703125,33.744998931884766,33.4900016784668,33.4900016784668,3487
2026-04-13,SW2CHB.MI,33.279998779296875,33.55500030517578,33.2599983215332,33.55500030517578,5107
2026-04-14,SW2CHB.MI,33.654998779296875,33.915000915527344,33.6349983215332,33.6349983215332,11942
2026-04-15,SW2CHB.MI,33.94499969482422,33.97999954223633,33.720001220703125,33.720001220703125,5163
2026-04-16,SW2CHB.MI,33.70500183105469,33.70500183105469,33.540000915527344,33.540000915527344,1903
2026-04-17,SW2CHB.MI,33.689998626708984,34.34000015258789,33.650001525878906,34.34000015258789,2412
2026-04-20,SW2CHB.MI,33.994998931884766,34.209999084472656,33.91999816894531,34.209999084472656,62870
2026-04-21,SW2CHB.MI,34.06999969482422,34.19499969482422,33.845001220703125,33.88999938964844,25896
2026-04-22,SW2CHB.MI,33.97999954223633,34.01499938964844,33.6150016784668,33.6150016784668,26783
2026-04-23,SW2CHB.MI,33.81999969482422,34.09000015258789,33.744998931884766,34.04499816894531,9877
2026-04-24,SW2CHB.MI,33.95500183105469,33.95500183105469,33.66999816894531,33.79999923706055,28890
2026-04-27,SW2CHB.MI,33.775001525878906,33.79999923706055,33.630001068115234,33.72999954223633,68465
2026-04-28,SW2CHB.MI,33.345001220703125,33.53499984741211,33.334999084472656,33.52000045776367,15021
2026-04-29,SW2CHB.MI,33.67499923706055,33.69499969482422,33.20000076293945,33.30500030517578,23756
2026-04-30,SW2CHB.MI,33.099998474121094,33.84000015258789,33.099998474121094,33.84000015258789,13799
2026-05-04,SW2CHB.MI,33.959999084472656,33.959999084472656,33.5,33.529998779296875,6096
2026-05-05,SW2CHB.MI,33.54499816894531,33.875,33.54499816894531,33.779998779296875,11356
2026-05-06,SW2CHB.MI,34.08000183105469,34.529998779296875,34.08000183105469,34.375,16642
2026-05-07,SW2CHB.MI,34.38999938964844,34.55500030517578,34.04499816894531,34.04499816894531,5704
2026-05-08,SW2CHB.MI,33.810001373291016,34.0,33.810001373291016,33.97999954223633,21016
2026-05-11,SW2CHB.MI,33.900001525878906,34.0,33.81999969482422,33.93000030517578,2132
2026-05-12,SW2CHB.MI,33.57500076293945,33.95500183105469,33.57500076293945,33.89500045776367,7143
2026-05-13,SW2CHB.MI,34.095001220703125,34.23500061035156,33.93000030517578,34.185001373291016,39801
2026-05-14,SW2CHB.MI,34.31999969482422,34.5,34.1349983215332,34.470001220703125,20977
2026-05-15,SW2CHB.MI,34.32500076293945,34.43000030517578,34.150001525878906,34.224998474121094,3846
2026-05-18,SW2CHB.MI,34.0099983215332,34.43000030517578,34.005001068115234,34.314998626708984,20042
2026-05-19,SW2CHB.MI,34.45500183105469,34.75,34.45500183105469,34.53499984741211,16651
2026-05-20,SW2CHB.MI,34.45000076293945,34.869998931884766,34.310001373291016,34.7599983215332,36904
2026-05-21,SW2CHB.MI,34.709999084472656,34.900001525878906,34.625,34.8650016784668,49020
2026-05-22,SW2CHB.MI,35.0099983215332,35.095001220703125,34.88999938964844,35.029998779296875,41075
2026-05-25,SW2CHB.MI,35.459999084472656,35.70000076293945,35.3849983215332,35.65999984741211,151749
2026-05-26,SW2CHB.MI,35.29999923706055,35.36000061035156,35.06999969482422,35.06999969482422,36956
2026-05-27,SW2CHB.MI,35.189998626708984,35.275001525878906,35.11000061035156,35.20000076293945,18164
2026-05-28,SW2CHB.MI,35.01499938964844,35.01499938964844,34.75,34.9900016784668,3343
2026-05-29,SW2CHB.MI,35.084999084472656,35.3849983215332,35.084999084472656,35.18000030517578,151840
2026-06-01,SW2CHB.MI,35.025001525878906,35.025001525878906,34.470001220703125,34.55500030517578,7372
2026-06-02,SW2CHB.MI,34.69499969482422,34.69499969482422,34.40999984741211,34.474998474121094,3477
2026-06-03,SW2CHB.MI,34.41999816894531,34.41999816894531,34.1150016784668,34.130001068115234,31464
2026-06-04,SW2CHB.MI,34.165000915527344,34.6150016784668,34.150001525878906,34.540000915527344,6527
2026-06-05,SW2CHB.MI,34.52000045776367,34.68000030517578,34.5099983215332,34.55500030517578,23504
2026-06-08,SW2CHB.MI,34.33000183105469,34.56999969482422,34.26499938964844,34.3650016784668,15385
2026-06-09,SW2CHB.MI,34.375,34.68000030517578,34.375,34.41999816894531,8352
2026-06-10,SW2CHB.MI,34.45000076293945,34.66999816894531,34.29499816894531,34.58000183105469,12628
2026-06-11,SW2CHB.MI,34.56999969482422,35.025001525878906,34.56999969482422,34.82500076293945,37050
2026-06-12,SW2CHB.MI,35.23500061035156,35.35499954223633,35.154998779296875,35.27000045776367,16680
2026-06-15,SW2CHB.MI,35.654998779296875,35.66999816894531,35.30500030517578,35.32500076293945,31344
2026-06-16,SW2CHB.MI,35.375,35.474998474121094,35.30500030517578,35.44499969482422,6304
2026-06-17,SW2CHB.MI,35.435001373291016,35.68000030517578,35.435001373291016,35.630001068115234,2193
2026-06-18,SW2CHB.MI,35.630001068115234,35.65999984741211,35.400001525878906,35.43000030517578,12212
2026-06-19,SW2CHB.MI,35.36000061035156,35.46500015258789,35.189998626708984,35.26499938964844,66184
2026-06-22,SW2CHB.MI,35.244998931884766,35.540000915527344,35.16999816894531,35.540000915527344,30512
2026-06-23,SW2CHB.MI,35.46500015258789,35.81999969482422,35.46500015258789,35.75,8143
2026-06-24,SW2CHB.MI,35.875,36.334999084472656,35.875,36.31999969482422,34473
2026-06-25,SW2CHB.MI,36.279998779296875,36.689998626708984,36.279998779296875,36.630001068115234,24227
2026-06-26,SW2CHB.MI,36.59000015258789,36.59000015258789,36.20500183105469,36.45000076293945,11779
2026-06-29,SW2CHB.MI,36.43000030517578,36.56999969482422,36.369998931884766,36.56999969482422,22394
2026-06-30,SW2CHB.MI,36.685001373291016,36.77000045776367,36.44499969482422,36.53499984741211,5246
2026-07-01,SW2CHB.MI,36.43000030517578,36.474998474121094,36.17499923706055,36.3849983215332,3152
2026-07-02,SW2CHB.MI,36.439998626708984,37.150001525878906,36.439998626708984,37.095001220703125,31379
2026-07-03,SW2CHB.MI,37.095001220703125,37.224998474121094,36.91999816894531,37.19499969482422,34717
2026-07-06,SW2CHB.MI,37.18000030517578,37.20500183105469,36.70000076293945,36.82500076293945,38552
2026-07-07,SW2CHB.MI,36.80500030517578,37.11000061035156,36.79999923706055,36.880001068115234,6307
2026-07-08,SW2CHB.MI,36.58000183105469,36.6349983215332,36.310001373291016,36.415000915527344,9162
2026-07-09,SW2CHB.MI,36.5,36.564998626708984,36.40999984741211,36.564998626708984,4008
2026-07-10,SW2CHB.MI,36.66999816894531,36.709999084472656,36.560001373291016,36.560001373291016,8612
2026-07-13,SW2CHB.MI,36.560001373291016,36.560001373291016,36.400001525878906,36.47999954223633,11196
2026-07-14,SW2CHB.MI,36.20500183105469,36.505001068115234,36.06999969482422,36.48500061035156,2846
2026-07-15,SW2CHB.MI,36.44499969482422,36.71500015258789,36.349998474121094,36.71500015258789,3565
2026-07-16,SW2CHB.MI,36.5099983215332,36.52000045776367,36.20500183105469,36.52000045776367,11974
2026-07-17,SW2CHB.MI,36.5,36.775001525878906,36.5,36.775001525878906,2501
2026-07-20,SW2CHB.MI,36.54499816894531,36.720001220703125,36.470001220703125,36.470001220703125,4119
2026-07-21,SW2CHB.MI,36.48500061035156,36.564998626708984,36.369998931884766,36.525001525878906,6948
2026-07-22,SW2CHB.MI,36.38999938964844,36.724998474121094,36.380001068115234,36.42499923706055,7333
2026-07-23,SW2CHB.MI,35.95000076293945,36.16999816894531,35.7599983215332,36.15999984741211,4922
2026-07-24,SW2CHB.MI,36.209999084472656,36.41999816894531,36.209999084472656,36.375,9121
2026-07-27,SW2CHB.MI,36.73500061035156,36.73500061035156,36.4900016784668,36.4900016784668,5358
2026-07-28,SW2CHB.MI,36.54499816894531,36.89500045776367,36.54499816894531,36.88999938964844,2651
