Date,Ticker,Open,High,Low,Close,Volume
2020-08-03,USPA.MI,21.610000610351562,21.78499984741211,21.610000610351562,21.760000228881836,110
2020-08-04,USPA.MI,21.639999389648438,21.795000076293945,21.639999389648438,21.719999313354492,800
2020-08-05,USPA.MI,21.71500015258789,21.71500015258789,21.639999389648438,21.639999389648438,300
2020-08-06,USPA.MI,21.729999542236328,21.729999542236328,21.725000381469727,21.725000381469727,25
2020-08-07,USPA.MI,21.725000381469727,21.725000381469727,21.725000381469727,21.725000381469727,0
2020-08-10,USPA.MI,21.725000381469727,21.725000381469727,21.725000381469727,21.725000381469727,0
2020-08-11,USPA.MI,22.19499969482422,22.19499969482422,22.15999984741211,22.15999984741211,150
2020-08-12,USPA.MI,22.15999984741211,22.15999984741211,22.15999984741211,22.15999984741211,0
2020-08-13,USPA.MI,22.15999984741211,22.15999984741211,22.15999984741211,22.15999984741211,0
2020-08-14,USPA.MI,22.010000228881836,22.079999923706055,22.010000228881836,22.079999923706055,300
2020-08-17,USPA.MI,22.079999923706055,22.079999923706055,22.079999923706055,22.079999923706055,0
2020-08-18,USPA.MI,22.079999923706055,22.079999923706055,22.079999923706055,22.079999923706055,0
2020-08-19,USPA.MI,22.079999923706055,22.079999923706055,22.079999923706055,22.079999923706055,0
2020-08-20,USPA.MI,22.079999923706055,22.079999923706055,22.079999923706055,22.079999923706055,0
2020-08-21,USPA.MI,22.229999542236328,22.325000762939453,22.229999542236328,22.325000762939453,390
2020-08-24,USPA.MI,22.469999313354492,22.475000381469727,22.469999313354492,22.475000381469727,400
2020-08-25,USPA.MI,22.559999465942383,22.59000015258789,22.4950008392334,22.559999465942383,1450
2020-08-26,USPA.MI,22.559999465942383,22.559999465942383,22.559999465942383,22.559999465942383,0
2020-08-27,USPA.MI,22.885000228881836,23.05500030517578,22.885000228881836,23.05500030517578,20
2020-08-28,USPA.MI,23.05500030517578,23.05500030517578,23.05500030517578,23.05500030517578,0
2020-08-31,USPA.MI,23.05500030517578,23.05500030517578,23.05500030517578,23.05500030517578,0
2020-09-01,USPA.MI,23.05500030517578,23.05500030517578,23.05500030517578,23.05500030517578,0
2020-09-02,USPA.MI,23.05500030517578,23.05500030517578,23.05500030517578,23.05500030517578,0
2020-09-03,USPA.MI,22.780000686645508,22.844999313354492,22.780000686645508,22.844999313354492,500
2020-09-04,USPA.MI,22.684999465942383,22.684999465942383,22.135000228881836,22.135000228881836,1900
2020-09-07,USPA.MI,22.415000915527344,22.540000915527344,22.415000915527344,22.540000915527344,500
2020-09-08,USPA.MI,22.540000915527344,22.540000915527344,22.540000915527344,22.540000915527344,0
2020-09-09,USPA.MI,22.540000915527344,22.540000915527344,22.540000915527344,22.540000915527344,0
2020-09-10,USPA.MI,22.540000915527344,22.540000915527344,22.540000915527344,22.540000915527344,0
2020-09-11,USPA.MI,22.540000915527344,22.540000915527344,22.540000915527344,22.540000915527344,0
2020-09-14,USPA.MI,22.540000915527344,22.540000915527344,22.540000915527344,22.540000915527344,0
2020-09-15,USPA.MI,22.540000915527344,22.540000915527344,22.540000915527344,22.540000915527344,0
2020-09-16,USPA.MI,22.3700008392334,22.389999389648438,22.3700008392334,22.389999389648438,500
2020-09-17,USPA.MI,22.040000915527344,22.045000076293945,22.03499984741211,22.03499984741211,1000
2020-09-18,USPA.MI,22.03499984741211,22.03499984741211,22.03499984741211,22.03499984741211,0
2020-09-21,USPA.MI,21.559999465942383,21.559999465942383,21.354999542236328,21.354999542236328,375
2020-09-22,USPA.MI,21.709999084472656,21.735000610351562,21.704999923706055,21.704999923706055,990
2020-09-23,USPA.MI,21.704999923706055,21.704999923706055,21.704999923706055,21.704999923706055,0
2020-09-24,USPA.MI,21.704999923706055,21.704999923706055,21.704999923706055,21.704999923706055,0
2020-09-25,USPA.MI,21.704999923706055,21.704999923706055,21.704999923706055,21.704999923706055,0
2020-09-28,USPA.MI,22.264999389648438,22.280000686645508,22.264999389648438,22.280000686645508,500
2020-09-29,USPA.MI,22.209999084472656,22.209999084472656,22.079999923706055,22.079999923706055,500
2020-09-30,USPA.MI,22.079999923706055,22.079999923706055,22.079999923706055,22.079999923706055,0
2020-10-01,USPA.MI,22.079999923706055,22.079999923706055,22.079999923706055,22.079999923706055,0
2020-10-02,USPA.MI,22.28499984741211,22.28499984741211,22.270000457763672,22.270000457763672,115
2020-10-05,USPA.MI,22.280000686645508,22.399999618530273,22.280000686645508,22.399999618530273,227
2020-10-06,USPA.MI,22.424999237060547,22.450000762939453,22.415000915527344,22.415000915527344,395
2020-10-07,USPA.MI,22.329999923706055,22.46500015258789,22.329999923706055,22.44499969482422,3645
2020-10-08,USPA.MI,22.735000610351562,22.760000228881836,22.704999923706055,22.704999923706055,565
2020-10-09,USPA.MI,22.795000076293945,22.795000076293945,22.78499984741211,22.78499984741211,267
2020-10-12,USPA.MI,23.075000762939453,23.225000381469727,23.075000762939453,23.225000381469727,423
2020-10-13,USPA.MI,23.329999923706055,23.399999618530273,23.329999923706055,23.399999618530273,16
2020-10-14,USPA.MI,23.299999237060547,23.315000534057617,23.225000381469727,23.225000381469727,279
2020-10-15,USPA.MI,22.905000686645508,23.05500030517578,22.905000686645508,23.030000686645508,636
2020-10-16,USPA.MI,23.125,23.200000762939453,23.125,23.200000762939453,101
2020-10-19,USPA.MI,23.065000534057617,23.135000228881836,22.889999389648438,22.889999389648438,170
2020-10-20,USPA.MI,22.6200008392334,22.635000228881836,22.6200008392334,22.635000228881836,31
2020-10-21,USPA.MI,22.645000457763672,22.760000228881836,22.59000015258789,22.59000015258789,593
2020-10-22,USPA.MI,22.614999771118164,22.709999084472656,22.614999771118164,22.645000457763672,345
2020-10-23,USPA.MI,22.795000076293945,22.795000076293945,22.7450008392334,22.7450008392334,267
2020-10-26,USPA.MI,22.635000228881836,22.71500015258789,22.395000457763672,22.395000457763672,283
2020-10-27,USPA.MI,22.55500030517578,22.55500030517578,22.3799991607666,22.420000076293945,558
2020-10-28,USPA.MI,22.424999237060547,22.424999237060547,21.8700008392334,21.8799991607666,798
2020-10-29,USPA.MI,22.05500030517578,22.05500030517578,22.05500030517578,22.05500030517578,6
2020-10-30,USPA.MI,21.940000534057617,21.989999771118164,21.725000381469727,21.920000076293945,367
2020-11-02,USPA.MI,22.200000762939453,22.209999084472656,22.18000030517578,22.209999084472656,301
2020-11-03,USPA.MI,22.209999084472656,22.209999084472656,22.209999084472656,22.209999084472656,0
2020-11-04,USPA.MI,22.795000076293945,23.235000610351562,22.795000076293945,23.235000610351562,331
2020-11-05,USPA.MI,23.415000915527344,23.415000915527344,23.28499984741211,23.399999618530273,3531
2020-11-06,USPA.MI,23.229999542236328,23.229999542236328,22.96500015258789,23.184999465942383,1967
2020-11-09,USPA.MI,23.610000610351562,24.145000457763672,23.610000610351562,24.0,567
2020-11-10,USPA.MI,23.594999313354492,23.594999313354492,23.385000228881836,23.399999618530273,1439
2020-11-11,USPA.MI,23.559999465942383,23.735000610351562,23.559999465942383,23.735000610351562,618
2020-11-12,USPA.MI,23.600000381469727,23.600000381469727,23.584999084472656,23.584999084472656,36
2020-11-13,USPA.MI,23.559999465942383,23.65999984741211,23.524999618530273,23.55500030517578,411
2020-11-16,USPA.MI,23.850000381469727,23.93000030517578,23.84000015258789,23.93000030517578,1077
2020-11-17,USPA.MI,23.799999237060547,23.799999237060547,23.639999389648438,23.709999084472656,1338
2020-11-18,USPA.MI,23.700000762939453,23.774999618530273,23.700000762939453,23.739999771118164,116
2020-11-19,USPA.MI,23.395000457763672,23.485000610351562,23.395000457763672,23.485000610351562,801
2020-11-20,USPA.MI,23.5049991607666,23.524999618530273,23.459999084472656,23.524999618530273,564
2020-11-23,USPA.MI,23.459999084472656,23.530000686645508,23.424999237060547,23.440000534057617,239
2020-11-24,USPA.MI,23.635000228881836,23.739999771118164,23.6200008392334,23.739999771118164,290
2020-11-25,USPA.MI,23.690000534057617,23.719999313354492,23.690000534057617,23.704999923706055,139
2020-11-26,USPA.MI,23.704999923706055,23.704999923706055,23.704999923706055,23.704999923706055,0
2020-11-27,USPA.MI,23.799999237060547,23.799999237060547,23.764999389648438,23.764999389648438,200
2020-11-30,USPA.MI,23.614999771118164,23.670000076293945,23.510000228881836,23.559999465942383,161
2020-12-01,USPA.MI,23.850000381469727,23.915000915527344,23.815000534057617,23.825000762939453,862
2020-12-02,USPA.MI,23.780000686645508,23.780000686645508,23.6200008392334,23.684999465942383,1411
2020-12-03,USPA.MI,23.6200008392334,23.655000686645508,23.6200008392334,23.655000686645508,194
2020-12-04,USPA.MI,23.709999084472656,23.7549991607666,23.709999084472656,23.7549991607666,139
2020-12-07,USPA.MI,23.825000762939453,23.94499969482422,23.795000076293945,23.795000076293945,300
2020-12-08,USPA.MI,23.795000076293945,23.795000076293945,23.795000076293945,23.795000076293945,0
2020-12-09,USPA.MI,23.940000534057617,23.940000534057617,23.895000457763672,23.895000457763672,150
2020-12-10,USPA.MI,23.71500015258789,23.71500015258789,23.479999542236328,23.639999389648438,266
2020-12-11,USPA.MI,23.489999771118164,23.530000686645508,23.450000762939453,23.479999542236328,15855
2020-12-14,USPA.MI,23.665000915527344,23.780000686645508,23.665000915527344,23.665000915527344,24263
2020-12-15,USPA.MI,23.625,23.625,23.5049991607666,23.5049991607666,442
2020-12-16,USPA.MI,23.709999084472656,23.709999084472656,23.65999984741211,23.684999465942383,866
2020-12-17,USPA.MI,23.7549991607666,23.7549991607666,23.6200008392334,23.674999237060547,5052
2020-12-18,USPA.MI,23.68000030517578,23.684999465942383,23.579999923706055,23.579999923706055,1784
2020-12-21,USPA.MI,23.389999389648438,23.540000915527344,23.290000915527344,23.420000076293945,1290
2020-12-22,USPA.MI,23.639999389648438,23.719999313354492,23.639999389648438,23.69499969482422,1154
2020-12-23,USPA.MI,23.65999984741211,23.709999084472656,23.65999984741211,23.709999084472656,119
2020-12-28,USPA.MI,23.709999084472656,23.709999084472656,23.709999084472656,23.709999084472656,0
2020-12-29,USPA.MI,23.9950008392334,23.9950008392334,23.864999771118164,23.864999771118164,294
2020-12-30,USPA.MI,23.834999084472656,23.834999084472656,23.774999618530273,23.774999618530273,27
2021-01-04,USPA.MI,23.989999771118164,24.0,23.56999969482422,23.56999969482422,610
2021-01-05,USPA.MI,23.635000228881836,23.645000457763672,23.55500030517578,23.55500030517578,1425
2021-01-06,USPA.MI,23.540000915527344,23.924999237060547,23.540000915527344,23.924999237060547,1650
2021-01-07,USPA.MI,23.934999465942383,24.155000686645508,23.920000076293945,24.155000686645508,149
2021-01-08,USPA.MI,24.264999389648438,24.344999313354492,24.239999771118164,24.239999771118164,1570
2021-01-11,USPA.MI,24.31999969482422,24.46500015258789,24.31999969482422,24.46500015258789,3013
2021-01-12,USPA.MI,24.454999923706055,24.485000610351562,24.334999084472656,24.344999313354492,1145
2021-01-13,USPA.MI,24.299999237060547,24.399999618530273,24.2450008392334,24.399999618530273,1792
2021-01-14,USPA.MI,24.375,24.450000762939453,24.375,24.415000915527344,165
2021-01-15,USPA.MI,24.15999984741211,24.219999313354492,24.155000686645508,24.219999313354492,931
2021-01-18,USPA.MI,24.290000915527344,24.290000915527344,24.274999618530273,24.274999618530273,66
2021-01-19,USPA.MI,24.334999084472656,24.334999084472656,24.264999389648438,24.264999389648438,55
2021-01-20,USPA.MI,24.264999389648438,24.264999389648438,24.264999389648438,24.264999389648438,0
2021-01-21,USPA.MI,24.69499969482422,24.729999542236328,24.674999237060547,24.719999313354492,174
2021-01-22,USPA.MI,24.545000076293945,24.614999771118164,24.545000076293945,24.614999771118164,5
2021-01-25,USPA.MI,24.71500015258789,24.760000228881836,24.5049991607666,24.5049991607666,2231
2021-01-26,USPA.MI,24.65999984741211,24.739999771118164,24.65999984741211,24.674999237060547,717
2021-01-27,USPA.MI,24.469999313354492,24.4950008392334,24.34000015258789,24.34000015258789,1875
2021-01-28,USPA.MI,23.899999618530273,24.469999313354492,23.899999618530273,24.469999313354492,1833
2021-01-29,USPA.MI,24.065000534057617,24.184999465942383,23.975000381469727,23.975000381469727,689
2021-02-01,USPA.MI,24.145000457763672,24.229999542236328,24.075000762939453,24.229999542236328,1868
2021-02-02,USPA.MI,24.670000076293945,24.844999313354492,24.649999618530273,24.844999313354492,479
2021-02-03,USPA.MI,24.969999313354492,24.969999313354492,24.834999084472656,24.8799991607666,1185
2021-02-04,USPA.MI,25.010000228881836,25.170000076293945,25.010000228881836,25.170000076293945,326
2021-02-05,USPA.MI,25.325000762939453,25.389999389648438,25.200000762939453,25.200000762939453,842
2021-02-08,USPA.MI,25.315000534057617,25.315000534057617,25.274999618530273,25.274999618530273,97
2021-02-09,USPA.MI,25.2450008392334,25.25,25.170000076293945,25.225000381469727,604
2021-02-10,USPA.MI,25.280000686645508,25.280000686645508,25.104999542236328,25.104999542236328,198
2021-02-11,USPA.MI,25.25,25.260000228881836,25.25,25.2549991607666,492
2021-02-12,USPA.MI,25.260000228881836,25.31999969482422,25.235000610351562,25.31999969482422,610
2021-02-15,USPA.MI,25.5,25.510000228881836,25.469999313354492,25.485000610351562,160
2021-02-16,USPA.MI,25.489999771118164,25.5049991607666,25.399999618530273,25.399999618530273,842
2021-02-17,USPA.MI,25.5,25.5,25.3799991607666,25.420000076293945,864
2021-02-18,USPA.MI,25.489999771118164,25.549999237060547,25.200000762939453,25.25,1695
2021-02-19,USPA.MI,25.270000457763672,25.395000457763672,25.270000457763672,25.30500030517578,1272
2021-02-22,USPA.MI,25.0049991607666,25.0049991607666,24.899999618530273,24.969999313354492,470
2021-02-23,USPA.MI,24.84000015258789,24.854999542236328,24.649999618530273,24.770000457763672,1917
2021-02-24,USPA.MI,24.895000457763672,25.065000534057617,24.850000381469727,25.065000534057617,905
2021-02-25,USPA.MI,25.024999618530273,25.03499984741211,24.825000762939453,24.825000762939453,3861
2021-02-26,USPA.MI,24.71500015258789,24.78499984741211,24.475000381469727,24.690000534057617,2240
2021-03-01,USPA.MI,24.920000076293945,25.174999237060547,24.799999237060547,25.174999237060547,7264
2021-03-02,USPA.MI,25.290000915527344,25.290000915527344,25.100000381469727,25.104999542236328,503
2021-03-03,USPA.MI,25.010000228881836,25.010000228881836,24.94499969482422,24.950000762939453,542
2021-03-04,USPA.MI,24.6299991607666,24.78499984741211,24.604999542236328,24.78499984741211,2380
2021-03-05,USPA.MI,24.65999984741211,24.90999984741211,24.530000686645508,24.530000686645508,744
2021-03-08,USPA.MI,25.170000076293945,25.53499984741211,25.170000076293945,25.53499984741211,1602
2021-03-09,USPA.MI,25.329999923706055,25.545000076293945,25.274999618530273,25.545000076293945,13217
2021-03-10,USPA.MI,25.405000686645508,25.559999465942383,25.360000610351562,25.559999465942383,2095
2021-03-11,USPA.MI,25.59000015258789,25.739999771118164,25.56999969482422,25.739999771118164,502
2021-03-12,USPA.MI,25.56999969482422,25.670000076293945,25.55500030517578,25.55500030517578,1446
2021-03-15,USPA.MI,25.799999237060547,25.90999984741211,25.674999237060547,25.68000030517578,14997
2021-03-16,USPA.MI,26.110000610351562,26.114999771118164,25.9950008392334,25.9950008392334,500
2021-03-17,USPA.MI,25.93000030517578,25.93000030517578,25.815000534057617,25.895000457763672,973
2021-03-18,USPA.MI,25.844999313354492,25.969999313354492,25.844999313354492,25.96500015258789,281
2021-03-19,USPA.MI,25.7549991607666,25.81999969482422,25.6200008392334,25.739999771118164,3168
2021-03-22,USPA.MI,25.729999542236328,25.834999084472656,25.729999542236328,25.834999084472656,219
2021-03-23,USPA.MI,25.875,26.024999618530273,25.875,25.9950008392334,320
2021-03-24,USPA.MI,25.915000915527344,26.05500030517578,25.915000915527344,25.989999771118164,11981
2021-03-25,USPA.MI,25.834999084472656,25.850000381469727,25.565000534057617,25.825000762939453,1758
2021-03-26,USPA.MI,25.94499969482422,26.100000381469727,25.94499969482422,26.079999923706055,864
2021-03-29,USPA.MI,26.325000762939453,26.325000762939453,26.28499984741211,26.28499984741211,46
2021-03-30,USPA.MI,26.5,26.5,26.3799991607666,26.424999237060547,342
2021-03-31,USPA.MI,26.389999389648438,26.579999923706055,26.3799991607666,26.575000762939453,1459
2021-04-01,USPA.MI,26.684999465942383,26.739999771118164,26.665000915527344,26.725000381469727,772
2021-04-06,USPA.MI,27.065000534057617,27.084999084472656,27.010000228881836,27.040000915527344,3068
2021-04-07,USPA.MI,26.895000457763672,26.934999465942383,26.8799991607666,26.90999984741211,485
2021-04-08,USPA.MI,27.084999084472656,27.09000015258789,27.03499984741211,27.049999237060547,832
2021-04-09,USPA.MI,27.135000228881836,27.15999984741211,27.1200008392334,27.139999389648438,3892
2021-04-12,USPA.MI,27.2450008392334,27.2450008392334,27.190000534057617,27.204999923706055,303
2021-04-13,USPA.MI,27.299999237060547,27.299999237060547,27.2450008392334,27.270000457763672,447
2021-04-14,USPA.MI,27.2450008392334,27.31999969482422,27.209999084472656,27.209999084472656,2281
2021-04-15,USPA.MI,27.209999084472656,27.385000228881836,27.209999084472656,27.385000228881836,3348
2021-04-16,USPA.MI,27.43000030517578,27.489999771118164,27.43000030517578,27.450000762939453,664
2021-04-19,USPA.MI,27.459999084472656,27.459999084472656,27.290000915527344,27.315000534057617,20695
2021-04-20,USPA.MI,27.21500015258789,27.225000381469727,27.020000457763672,27.020000457763672,2003
2021-04-21,USPA.MI,27.135000228881836,27.19499969482422,27.135000228881836,27.19499969482422,363
2021-04-22,USPA.MI,27.264999389648438,27.3799991607666,27.264999389648438,27.3799991607666,571
2021-04-23,USPA.MI,27.1200008392334,27.299999237060547,27.1200008392334,27.28499984741211,117
2021-04-26,USPA.MI,27.19499969482422,27.3799991607666,27.190000534057617,27.375,3298
2021-04-27,USPA.MI,27.395000457763672,27.395000457763672,27.295000076293945,27.34000015258789,2606
2021-04-28,USPA.MI,27.489999771118164,27.489999771118164,27.344999313354492,27.344999313354492,6940
2021-04-29,USPA.MI,27.479999542236328,27.4950008392334,27.360000610351562,27.360000610351562,1096
2021-04-30,USPA.MI,27.360000610351562,27.360000610351562,27.360000610351562,27.360000610351562,0
2021-05-03,USPA.MI,27.520000457763672,27.614999771118164,27.405000686645508,27.405000686645508,2757
2021-05-04,USPA.MI,27.44499969482422,27.540000915527344,27.075000762939453,27.084999084472656,1916
2021-05-05,USPA.MI,27.450000762939453,27.450000762939453,27.30500030517578,27.405000686645508,468
2021-05-06,USPA.MI,27.280000686645508,27.295000076293945,27.03499984741211,27.184999465942383,829
2021-05-07,USPA.MI,27.34000015258789,27.434999465942383,27.34000015258789,27.420000076293945,135
2021-05-10,USPA.MI,27.3700008392334,27.3700008392334,27.2450008392334,27.290000915527344,668
2021-05-11,USPA.MI,26.825000762939453,26.825000762939453,26.545000076293945,26.735000610351562,2240
2021-05-12,USPA.MI,26.75,26.75,26.639999389648438,26.639999389648438,1000
2021-05-13,USPA.MI,26.260000228881836,26.68000030517578,26.2450008392334,26.68000030517578,7562
2021-05-14,USPA.MI,26.81999969482422,26.899999618530273,26.790000915527344,26.899999618530273,1737
2021-05-17,USPA.MI,26.834999084472656,26.96500015258789,26.790000915527344,26.790000915527344,1203
2021-05-18,USPA.MI,26.80500030517578,26.80500030517578,26.735000610351562,26.770000457763672,993
2021-05-19,USPA.MI,26.139999389648438,26.280000686645508,26.139999389648438,26.280000686645508,25
2021-05-20,USPA.MI,26.434999465942383,26.7549991607666,26.434999465942383,26.7549991607666,3859
2021-05-21,USPA.MI,26.7549991607666,26.7549991607666,26.7549991607666,26.7549991607666,0
2021-05-24,USPA.MI,26.934999465942383,27.114999771118164,26.934999465942383,27.114999771118164,1705
2021-05-25,USPA.MI,27.125,27.125,27.020000457763672,27.024999618530273,3456
2021-05-26,USPA.MI,27.079999923706055,27.18000030517578,26.96500015258789,27.110000610351562,2064
2021-05-27,USPA.MI,27.05500030517578,27.184999465942383,27.05500030517578,27.174999237060547,869
2021-05-28,USPA.MI,27.280000686645508,27.280000686645508,27.225000381469727,27.239999771118164,223
2021-05-31,USPA.MI,27.170000076293945,27.204999923706055,27.049999237060547,27.049999237060547,367
2021-06-01,USPA.MI,27.125,27.325000762939453,27.024999618530273,27.024999618530273,476
2021-06-02,USPA.MI,27.024999618530273,27.024999618530273,27.024999618530273,27.024999618530273,0
2021-06-03,USPA.MI,27.155000686645508,27.264999389648438,27.09000015258789,27.264999389648438,2244
2021-06-04,USPA.MI,27.2450008392334,27.325000762939453,27.2450008392334,27.325000762939453,980
2021-06-07,USPA.MI,27.3700008392334,27.395000457763672,27.280000686645508,27.280000686645508,350
2021-06-08,USPA.MI,27.44499969482422,27.475000381469727,27.30500030517578,27.30500030517578,1106
2021-06-09,USPA.MI,27.3799991607666,27.43000030517578,27.364999771118164,27.43000030517578,5259
2021-06-10,USPA.MI,27.40999984741211,27.530000686645508,27.40999984741211,27.530000686645508,329
2021-06-11,USPA.MI,27.6299991607666,27.729999542236328,27.6299991607666,27.729999542236328,407
2021-06-14,USPA.MI,27.690000534057617,27.690000534057617,27.655000686645508,27.674999237060547,139
2021-06-15,USPA.MI,27.940000534057617,27.940000534057617,27.69499969482422,27.69499969482422,395
2021-06-16,USPA.MI,27.69499969482422,27.75,27.69499969482422,27.75,205
2021-06-17,USPA.MI,27.93000030517578,28.1200008392334,27.920000076293945,28.1200008392334,1145
2021-06-18,USPA.MI,28.084999084472656,28.084999084472656,27.954999923706055,27.954999923706055,195
2021-06-21,USPA.MI,27.969999313354492,28.100000381469727,27.969999313354492,28.100000381469727,71
2021-06-22,USPA.MI,28.15999984741211,28.270000457763672,28.15999984741211,28.270000457763672,142
2021-06-23,USPA.MI,28.28499984741211,28.295000076293945,28.225000381469727,28.239999771118164,1162
2021-06-24,USPA.MI,28.3700008392334,28.424999237060547,28.334999084472656,28.424999237060547,368
2021-06-25,USPA.MI,28.420000076293945,28.469999313354492,28.420000076293945,28.469999313354492,542
2021-06-28,USPA.MI,28.559999465942383,28.600000381469727,28.540000915527344,28.540000915527344,444
2021-06-29,USPA.MI,28.790000915527344,28.790000915527344,28.7450008392334,28.7450008392334,44
2021-06-30,USPA.MI,28.75,28.8700008392334,28.75,28.834999084472656,752
2021-07-01,USPA.MI,28.934999465942383,28.975000381469727,28.815000534057617,28.940000534057617,716
2021-07-02,USPA.MI,29.059999465942383,29.165000915527344,29.059999465942383,29.15999984741211,352
2021-07-05,USPA.MI,29.225000381469727,29.295000076293945,29.219999313354492,29.28499984741211,2203
2021-07-06,USPA.MI,29.315000534057617,29.31999969482422,29.190000534057617,29.190000534057617,473
2021-07-07,USPA.MI,29.344999313354492,29.405000686645508,29.344999313354492,29.3799991607666,1262
2021-07-08,USPA.MI,28.864999771118164,28.9950008392334,28.864999771118164,28.9950008392334,476
2021-07-09,USPA.MI,29.139999389648438,29.264999389648438,29.139999389648438,29.264999389648438,4105
2021-07-12,USPA.MI,29.295000076293945,29.434999465942383,29.170000076293945,29.389999389648438,345
2021-07-13,USPA.MI,29.584999084472656,29.614999771118164,29.565000534057617,29.614999771118164,164
2021-07-14,USPA.MI,29.59000015258789,29.59000015258789,29.4950008392334,29.4950008392334,93
2021-07-15,USPA.MI,29.469999313354492,29.56999969482422,29.405000686645508,29.459999084472656,731
2021-07-16,USPA.MI,29.475000381469727,29.489999771118164,29.354999542236328,29.354999542236328,1221
2021-07-19,USPA.MI,29.34000015258789,29.34000015258789,28.770000457763672,28.864999771118164,1097
2021-07-20,USPA.MI,29.079999923706055,29.309999465942383,29.05500030517578,29.309999465942383,740
2021-07-21,USPA.MI,29.309999465942383,29.309999465942383,29.309999465942383,29.309999465942383,0
2021-07-22,USPA.MI,29.565000534057617,29.614999771118164,29.489999771118164,29.600000381469727,1391
2021-07-23,USPA.MI,29.780000686645508,30.020000457763672,29.780000686645508,30.020000457763672,332
2021-07-26,USPA.MI,29.905000686645508,29.979999542236328,29.885000228881836,29.94499969482422,2622
2021-07-27,USPA.MI,30.0049991607666,30.0049991607666,29.719999313354492,29.719999313354492,240
2021-07-28,USPA.MI,29.854999542236328,29.985000610351562,29.854999542236328,29.915000915527344,835
2021-07-29,USPA.MI,29.78499984741211,29.895000457763672,29.735000610351562,29.84000015258789,1587
2021-07-30,USPA.MI,29.815000534057617,29.829999923706055,29.78499984741211,29.78499984741211,2906
2021-08-02,USPA.MI,29.96500015258789,29.96500015258789,29.829999923706055,29.864999771118164,1497
2021-08-03,USPA.MI,29.799999237060547,29.799999237060547,29.635000228881836,29.709999084472656,599
2021-08-04,USPA.MI,29.94499969482422,29.94499969482422,29.934999465942383,29.934999465942383,333
2021-08-05,USPA.MI,30.020000457763672,30.024999618530273,29.9950008392334,30.024999618530273,9246
2021-08-06,USPA.MI,30.170000076293945,30.360000610351562,30.165000915527344,30.325000762939453,15079
2021-08-09,USPA.MI,30.354999542236328,30.354999542236328,30.354999542236328,30.354999542236328,200
2021-08-10,USPA.MI,30.420000076293945,30.489999771118164,30.399999618530273,30.399999618530273,653
2021-08-11,USPA.MI,30.440000534057617,30.485000610351562,30.395000457763672,30.395000457763672,17233
2021-08-12,USPA.MI,30.364999771118164,30.44499969482422,30.364999771118164,30.44499969482422,1008
2021-08-13,USPA.MI,30.545000076293945,30.545000076293945,30.454999923706055,30.454999923706055,148
2021-08-16,USPA.MI,30.454999923706055,30.579999923706055,30.375,30.375,424
2021-08-17,USPA.MI,30.530000686645508,30.68000030517578,30.530000686645508,30.625,923
2021-08-18,USPA.MI,30.600000381469727,30.68000030517578,30.59000015258789,30.670000076293945,8597
2021-08-19,USPA.MI,30.299999237060547,30.450000762939453,30.030000686645508,30.399999618530273,2247
2021-08-20,USPA.MI,30.399999618530273,30.399999618530273,30.399999618530273,30.399999618530273,0
2021-08-23,USPA.MI,30.764999389648438,30.954999923706055,30.735000610351562,30.954999923706055,105
2021-08-24,USPA.MI,31.030000686645508,31.040000915527344,30.950000762939453,30.950000762939453,1310
2021-08-25,USPA.MI,31.0049991607666,31.03499984741211,30.959999084472656,31.03499984741211,8452
2021-08-26,USPA.MI,30.924999237060547,31.059999465942383,30.920000076293945,30.934999465942383,1155
2021-08-27,USPA.MI,30.90999984741211,30.989999771118164,30.889999389648438,30.969999313354492,979
2021-08-30,USPA.MI,31.05500030517578,31.209999084472656,31.05500030517578,31.165000915527344,547
2021-08-31,USPA.MI,31.1299991607666,31.1299991607666,31.014999389648438,31.1200008392334,631
2021-09-01,USPA.MI,31.225000381469727,31.225000381469727,31.0,31.0,444
2021-09-02,USPA.MI,31.020000457763672,31.065000534057617,30.989999771118164,30.989999771118164,1263
2021-09-03,USPA.MI,30.985000610351562,30.985000610351562,30.854999542236328,30.899999618530273,679
2021-09-06,USPA.MI,31.045000076293945,31.065000534057617,31.020000457763672,31.065000534057617,868
2021-09-07,USPA.MI,31.0049991607666,31.024999618530273,30.90999984741211,30.90999984741211,3360
2021-09-08,USPA.MI,30.8799991607666,31.0,30.8799991607666,30.920000076293945,2323
2021-09-09,USPA.MI,30.844999313354492,30.979999542236328,30.844999313354492,30.959999084472656,189
2021-09-10,USPA.MI,30.895000457763672,30.915000915527344,30.690000534057617,30.690000534057617,662
2021-09-13,USPA.MI,30.78499984741211,30.850000381469727,30.524999618530273,30.524999618530273,658
2021-09-14,USPA.MI,30.514999389648438,30.6299991607666,30.450000762939453,30.5,521
2021-09-15,USPA.MI,30.5,30.53499984741211,30.354999542236328,30.53499984741211,827
2021-09-16,USPA.MI,30.739999771118164,30.809999465942383,30.600000381469727,30.600000381469727,166
2021-09-17,USPA.MI,30.719999313354492,30.719999313354492,30.575000762939453,30.594999313354492,87
2021-09-20,USPA.MI,30.1200008392334,30.1200008392334,30.059999465942383,30.059999465942383,245
2021-09-21,USPA.MI,30.100000381469727,30.149999618530273,30.100000381469727,30.104999542236328,206
2021-09-22,USPA.MI,30.229999542236328,30.25,30.229999542236328,30.25,2
2021-09-23,USPA.MI,30.520000457763672,30.655000686645508,30.395000457763672,30.635000228881836,817
2021-09-24,USPA.MI,30.604999542236328,30.639999389648438,30.575000762939453,30.639999389648438,163
2021-09-27,USPA.MI,30.725000381469727,30.799999237060547,30.670000076293945,30.670000076293945,2153
2021-09-28,USPA.MI,30.46500015258789,30.46500015258789,30.079999923706055,30.079999923706055,340
2021-09-29,USPA.MI,30.364999771118164,30.399999618530273,30.28499984741211,30.28499984741211,556
2021-09-30,USPA.MI,30.344999313354492,30.344999313354492,30.334999084472656,30.334999084472656,186
2021-10-01,USPA.MI,29.8700008392334,30.0049991607666,29.600000381469727,30.0049991607666,673
2021-10-04,USPA.MI,30.149999618530273,30.149999618530273,29.655000686645508,29.655000686645508,797
2021-10-05,USPA.MI,29.8700008392334,30.19499969482422,29.8700008392334,30.19499969482422,2273
2021-10-06,USPA.MI,29.940000534057617,30.139999389648438,29.8799991607666,30.030000686645508,3082
2021-10-07,USPA.MI,30.485000610351562,30.799999237060547,30.485000610351562,30.760000228881836,818
2021-10-08,USPA.MI,30.670000076293945,30.670000076293945,30.604999542236328,30.604999542236328,689
2021-10-11,USPA.MI,30.385000228881836,30.65999984741211,30.385000228881836,30.614999771118164,1029
2021-10-12,USPA.MI,30.334999084472656,30.334999084472656,30.28499984741211,30.325000762939453,96
2021-10-13,USPA.MI,30.30500030517578,30.315000534057617,30.104999542236328,30.104999542236328,1193
2021-10-14,USPA.MI,30.325000762939453,30.65999984741211,30.325000762939453,30.65999984741211,47762
2021-10-15,USPA.MI,30.854999542236328,31.030000686645508,30.81999969482422,30.94499969482422,163
2021-10-18,USPA.MI,30.934999465942383,30.9950008392334,30.774999618530273,30.989999771118164,1238
2021-10-19,USPA.MI,31.0049991607666,31.18000030517578,31.0049991607666,31.155000686645508,336
2021-10-20,USPA.MI,31.295000076293945,31.329999923706055,31.274999618530273,31.274999618530273,782
2021-10-21,USPA.MI,31.209999084472656,31.344999313354492,31.209999084472656,31.235000610351562,15904
2021-10-22,USPA.MI,31.3700008392334,31.415000915527344,31.334999084472656,31.334999084472656,1496
2021-10-25,USPA.MI,31.46500015258789,31.584999084472656,31.46500015258789,31.584999084472656,536
2021-10-26,USPA.MI,31.844999313354492,31.969999313354492,31.790000915527344,31.959999084472656,5533
2021-10-27,USPA.MI,31.75,31.7549991607666,31.649999618530273,31.739999771118164,689
2021-10-28,USPA.MI,31.610000610351562,31.625,31.575000762939453,31.600000381469727,1620
2021-10-29,USPA.MI,31.690000534057617,32.06999969482422,31.690000534057617,32.06999969482422,159
2021-11-01,USPA.MI,32.2400016784668,32.334999084472656,32.09000015258789,32.09000015258789,1752
2021-11-02,USPA.MI,32.09000015258789,32.29499816894531,31.9950008392334,32.29499816894531,1281
2021-11-03,USPA.MI,32.11000061035156,32.279998779296875,32.11000061035156,32.25,1509
2021-11-04,USPA.MI,32.63999938964844,32.779998779296875,32.63999938964844,32.72999954223633,709
2021-11-05,USPA.MI,32.82500076293945,33.11000061035156,32.82500076293945,32.93000030517578,7157
2021-11-08,USPA.MI,32.85499954223633,32.959999084472656,32.81999969482422,32.86000061035156,2281
2021-11-09,USPA.MI,32.91999816894531,32.939998626708984,32.64500045776367,32.720001220703125,1820
2021-11-10,USPA.MI,32.7400016784668,32.85499954223633,32.625,32.81999969482422,2052
2021-11-11,USPA.MI,32.89500045776367,32.89500045776367,32.82500076293945,32.82500076293945,412
2021-11-12,USPA.MI,32.93000030517578,33.029998779296875,32.869998931884766,33.029998779296875,963
2021-11-15,USPA.MI,33.185001373291016,33.310001373291016,33.07500076293945,33.189998626708984,4020
2021-11-16,USPA.MI,33.224998474121094,33.54999923706055,33.224998474121094,33.54999923706055,1576
2021-11-17,USPA.MI,33.709999084472656,33.709999084472656,33.39500045776367,33.52000045776367,2252
2021-11-18,USPA.MI,33.48500061035156,33.55500030517578,33.314998626708984,33.3650016784668,3803
2021-11-19,USPA.MI,33.58000183105469,33.63999938964844,33.58000183105469,33.61000061035156,1063
2021-11-22,USPA.MI,33.79999923706055,34.08000183105469,33.79999923706055,33.8650016784668,1327
2021-11-23,USPA.MI,33.51499938964844,33.51499938964844,33.33000183105469,33.380001068115234,2486
2021-11-24,USPA.MI,33.60499954223633,33.775001525878906,33.58000183105469,33.775001525878906,1232
2021-11-25,USPA.MI,33.970001220703125,33.970001220703125,33.915000915527344,33.935001373291016,530
2021-11-26,USPA.MI,33.20000076293945,33.279998779296875,32.81999969482422,32.845001220703125,3195
2021-11-29,USPA.MI,33.20000076293945,33.375,33.189998626708984,33.244998931884766,1724
2021-11-30,USPA.MI,32.95000076293945,33.05500030517578,32.80500030517578,32.93000030517578,1471
2021-12-01,USPA.MI,33.0,33.125,32.915000915527344,33.125,826
2021-12-02,USPA.MI,32.32500076293945,32.630001068115234,32.11000061035156,32.630001068115234,1669
2021-12-03,USPA.MI,32.61000061035156,32.974998474121094,32.25,32.375,1372
2021-12-06,USPA.MI,32.6349983215332,32.650001525878906,32.369998931884766,32.650001525878906,1942
2021-12-07,USPA.MI,33.1150016784668,33.599998474121094,33.1150016784668,33.599998474121094,1535
2021-12-08,USPA.MI,33.564998626708984,33.6349983215332,33.32500076293945,33.369998931884766,6214
2021-12-09,USPA.MI,33.400001525878906,33.67499923706055,33.400001525878906,33.6349983215332,642
2021-12-10,USPA.MI,33.595001220703125,33.66999816894531,33.439998626708984,33.44499969482422,3418
2021-12-13,USPA.MI,33.82500076293945,33.82500076293945,33.48500061035156,33.48500061035156,1303
2021-12-14,USPA.MI,33.5099983215332,33.5099983215332,33.130001068115234,33.130001068115234,1255
2021-12-15,USPA.MI,33.22999954223633,33.404998779296875,33.14500045776367,33.19499969482422,392
2021-12-16,USPA.MI,33.970001220703125,33.970001220703125,33.685001373291016,33.685001373291016,1850
2021-12-17,USPA.MI,33.505001068115234,33.505001068115234,32.97999954223633,33.42499923706055,928
2021-12-20,USPA.MI,32.70000076293945,32.70000076293945,32.48500061035156,32.48500061035156,612
2021-12-21,USPA.MI,32.974998474121094,33.04499816894531,32.974998474121094,33.005001068115234,1760
2021-12-22,USPA.MI,33.30500030517578,33.415000915527344,33.224998474121094,33.415000915527344,368
2021-12-23,USPA.MI,33.55500030517578,33.84000015258789,33.55500030517578,33.84000015258789,555
2021-12-27,USPA.MI,33.849998474121094,34.130001068115234,33.849998474121094,34.130001068115234,100
2021-12-28,USPA.MI,34.34000015258789,34.404998779296875,34.26499938964844,34.26499938964844,9566
2021-12-29,USPA.MI,34.35499954223633,34.39500045776367,34.03499984741211,34.03499984741211,1018
2021-12-30,USPA.MI,34.334999084472656,34.334999084472656,34.130001068115234,34.279998779296875,1069
2022-01-03,USPA.MI,34.11000061035156,34.224998474121094,34.04999923706055,34.150001525878906,1138
2022-01-04,USPA.MI,34.33000183105469,34.41999816894531,34.10499954223633,34.10499954223633,5716
2022-01-05,USPA.MI,34.07500076293945,34.119998931884766,33.974998474121094,34.005001068115234,2102
2022-01-06,USPA.MI,33.36000061035156,33.505001068115234,33.119998931884766,33.40999984741211,1355
2022-01-07,USPA.MI,33.369998931884766,33.375,33.05500030517578,33.05500030517578,729
2022-01-10,USPA.MI,32.79999923706055,32.79999923706055,32.439998626708984,32.630001068115234,278
2022-01-11,USPA.MI,33.119998931884766,33.13999938964844,32.970001220703125,33.1349983215332,461
2022-01-12,USPA.MI,33.40999984741211,33.40999984741211,33.20500183105469,33.20500183105469,863
2022-01-13,USPA.MI,33.13999938964844,33.224998474121094,33.064998626708984,33.064998626708984,278
2022-01-14,USPA.MI,32.59000015258789,32.650001525878906,32.474998474121094,32.474998474121094,212
2022-01-17,USPA.MI,32.65999984741211,32.79999923706055,32.65999984741211,32.755001068115234,330
2022-01-18,USPA.MI,32.64500045776367,32.64500045776367,32.3849983215332,32.38999938964844,3093
2022-01-19,USPA.MI,32.26499938964844,32.474998474121094,32.154998779296875,32.154998779296875,1348
2022-01-20,USPA.MI,32.119998931884766,32.44499969482422,32.119998931884766,32.40999984741211,278
2022-01-21,USPA.MI,31.655000686645508,31.665000915527344,31.3700008392334,31.665000915527344,2382
2022-01-24,USPA.MI,31.170000076293945,31.170000076293945,30.21500015258789,30.21500015258789,1265
2022-01-25,USPA.MI,30.594999313354492,30.774999618530273,30.559999465942383,30.639999389648438,2298
2022-01-26,USPA.MI,31.0,31.21500015258789,31.0,31.21500015258789,554
2022-01-27,USPA.MI,30.690000534057617,31.600000381469727,30.690000534057617,31.350000381469727,19350
2022-01-28,USPA.MI,30.899999618530273,31.19499969482422,30.645000457763672,31.19499969482422,894
2022-01-31,USPA.MI,31.6200008392334,31.795000076293945,31.5,31.770000457763672,16163
2022-02-01,USPA.MI,32.165000915527344,32.189998626708984,31.940000534057617,32.07500076293945,2867
2022-02-02,USPA.MI,32.599998474121094,32.599998474121094,32.29999923706055,32.29999923706055,1754
2022-02-03,USPA.MI,32.27000045776367,32.27000045776367,31.704999923706055,31.704999923706055,382
2022-02-04,USPA.MI,31.6200008392334,31.6200008392334,31.21500015258789,31.21500015258789,720
2022-02-07,USPA.MI,31.475000381469727,31.53499984741211,31.475000381469727,31.5,541
2022-02-08,USPA.MI,31.53499984741211,31.559999465942383,31.440000534057617,31.514999389648438,638
2022-02-09,USPA.MI,31.90999984741211,32.03499984741211,31.905000686645508,32.03499984741211,193
2022-02-10,USPA.MI,31.94499969482422,31.94499969482422,31.799999237060547,31.799999237060547,501
2022-02-11,USPA.MI,31.56999969482422,31.78499984741211,31.454999923706055,31.454999923706055,61667
2022-02-14,USPA.MI,30.889999389648438,31.174999237060547,30.674999237060547,31.049999237060547,60769
2022-02-15,USPA.MI,31.094999313354492,31.475000381469727,31.094999313354492,31.364999771118164,1206
2022-02-16,USPA.MI,31.145000457763672,31.204999923706055,31.145000457763672,31.204999923706055,322
2022-02-17,USPA.MI,31.280000686645508,31.280000686645508,30.989999771118164,31.0,671
2022-02-18,USPA.MI,30.905000686645508,30.905000686645508,30.485000610351562,30.485000610351562,884
2022-02-21,USPA.MI,30.315000534057617,30.315000534057617,30.065000534057617,30.065000534057617,11069
2022-02-22,USPA.MI,30.299999237060547,30.55500030517578,30.049999237060547,30.049999237060547,6824
2022-02-23,USPA.MI,30.420000076293945,30.420000076293945,30.020000457763672,30.020000457763672,838
2022-02-24,USPA.MI,29.100000381469727,29.950000762939453,29.045000076293945,29.809999465942383,1904
2022-02-25,USPA.MI,30.469999313354492,30.7450008392334,30.469999313354492,30.7450008392334,773
2022-02-28,USPA.MI,30.55500030517578,30.875,30.510000228881836,30.875,1348
2022-03-01,USPA.MI,31.06999969482422,31.06999969482422,30.80500030517578,30.80500030517578,178
2022-03-02,USPA.MI,30.579999923706055,31.1299991607666,30.579999923706055,31.1299991607666,43
2022-03-03,USPA.MI,31.1299991607666,31.229999542236328,31.114999771118164,31.114999771118164,2663
2022-03-04,USPA.MI,30.989999771118164,31.045000076293945,30.93000030517578,30.93000030517578,143
2022-03-07,USPA.MI,30.6299991607666,30.7450008392334,30.565000534057617,30.7450008392334,1359
2022-03-08,USPA.MI,30.229999542236328,30.229999542236328,29.899999618530273,29.899999618530273,1297
2022-03-09,USPA.MI,30.094999313354492,30.440000534057617,30.094999313354492,30.149999618530273,5443
2022-03-10,USPA.MI,30.149999618530273,30.204999923706055,29.959999084472656,29.959999084472656,1033
2022-03-11,USPA.MI,30.290000915527344,30.559999465942383,30.290000915527344,30.424999237060547,562
2022-03-14,USPA.MI,30.204999923706055,30.204999923706055,29.950000762939453,29.950000762939453,521
2022-03-15,USPA.MI,30.209999084472656,30.385000228881836,30.165000915527344,30.385000228881836,428
2022-03-16,USPA.MI,30.385000228881836,30.385000228881836,30.385000228881836,30.385000228881836,0
2022-03-17,USPA.MI,31.030000686645508,31.03499984741211,30.924999237060547,31.03499984741211,1708
2022-03-18,USPA.MI,31.364999771118164,31.655000686645508,31.364999771118164,31.655000686645508,330
2022-03-21,USPA.MI,31.860000610351562,32.005001068115234,31.790000915527344,31.979999542236328,3044
2022-03-22,USPA.MI,32.310001373291016,32.310001373291016,32.255001068115234,32.29999923706055,3
2022-03-23,USPA.MI,32.15999984741211,32.15999984741211,32.08000183105469,32.08000183105469,138
2022-03-24,USPA.MI,32.10499954223633,32.18000030517578,31.985000610351562,32.150001525878906,854
2022-03-25,USPA.MI,32.35499954223633,32.43000030517578,32.220001220703125,32.349998474121094,688
2022-03-28,USPA.MI,32.54499816894531,32.6150016784668,32.529998779296875,32.57500076293945,579
2022-03-29,USPA.MI,32.810001373291016,32.83000183105469,32.790000915527344,32.82500076293945,2074
2022-03-30,USPA.MI,32.65999984741211,32.73500061035156,32.57500076293945,32.57500076293945,1259
2022-03-31,USPA.MI,32.67499923706055,32.70500183105469,32.58000183105469,32.58000183105469,408
2022-04-01,USPA.MI,32.435001373291016,32.494998931884766,32.27000045776367,32.31999969482422,247
2022-04-04,USPA.MI,32.72999954223633,32.72999954223633,32.689998626708984,32.689998626708984,775
2022-04-05,USPA.MI,32.92499923706055,32.92499923706055,32.790000915527344,32.83000183105469,5172
2022-04-06,USPA.MI,32.2400016784668,32.2400016784668,32.125,32.1349983215332,373
2022-04-07,USPA.MI,32.29999923706055,32.29999923706055,32.0,32.09000015258789,497
2022-04-08,USPA.MI,32.564998626708984,32.564998626708984,32.34000015258789,32.45500183105469,1313
2022-04-11,USPA.MI,31.989999771118164,32.05500030517578,31.854999542236328,31.854999542236328,222
2022-04-12,USPA.MI,31.899999618530273,32.040000915527344,31.875,32.040000915527344,517
2022-04-13,USPA.MI,31.774999618530273,31.81999969482422,31.735000610351562,31.81999969482422,1875
2022-04-14,USPA.MI,31.81999969482422,31.81999969482422,31.81999969482422,31.81999969482422,0
2022-04-19,USPA.MI,31.860000610351562,32.185001373291016,31.790000915527344,32.185001373291016,997
2022-04-20,USPA.MI,32.34000015258789,32.34000015258789,32.17499923706055,32.17499923706055,121
2022-04-21,USPA.MI,32.34000015258789,32.34000015258789,32.21500015258789,32.21500015258789,892
2022-04-22,USPA.MI,31.75,31.75,31.415000915527344,31.415000915527344,145
2022-04-25,USPA.MI,30.81999969482422,30.81999969482422,30.815000534057617,30.815000534057617,315
2022-04-26,USPA.MI,31.114999771118164,31.229999542236328,30.920000076293945,30.920000076293945,27802
2022-04-27,USPA.MI,31.075000762939453,31.2450008392334,30.96500015258789,31.2450008392334,2182
2022-04-28,USPA.MI,31.530000686645508,31.530000686645508,31.329999923706055,31.420000076293945,726
2022-04-29,USPA.MI,31.5049991607666,31.5049991607666,31.28499984741211,31.28499984741211,267
2022-05-02,USPA.MI,30.829999923706055,30.829999923706055,30.520000457763672,30.600000381469727,2824
2022-05-03,USPA.MI,30.915000915527344,30.9950008392334,30.700000762939453,30.985000610351562,781
2022-05-04,USPA.MI,30.860000610351562,30.860000610351562,30.610000610351562,30.610000610351562,909
2022-05-05,USPA.MI,31.40999984741211,31.46500015258789,30.739999771118164,30.790000915527344,3232
2022-05-06,USPA.MI,30.0,30.485000610351562,30.0,30.440000534057617,2
2022-05-09,USPA.MI,30.209999084472656,30.209999084472656,29.604999542236328,29.604999542236328,884
2022-05-10,USPA.MI,29.709999084472656,29.809999465942383,29.334999084472656,29.385000228881836,430
2022-05-11,USPA.MI,29.850000381469727,29.850000381469727,29.299999237060547,29.670000076293945,162
2022-05-12,USPA.MI,29.204999923706055,29.469999313354492,28.96500015258789,29.395000457763672,7487
2022-05-13,USPA.MI,29.729999542236328,30.059999465942383,29.725000381469727,30.059999465942383,598
2022-05-16,USPA.MI,30.0,30.014999389648438,29.864999771118164,29.864999771118164,462
2022-05-17,USPA.MI,30.184999465942383,30.184999465942383,29.954999923706055,29.969999313354492,231
2022-05-18,USPA.MI,29.75,29.75,29.454999923706055,29.454999923706055,158
2022-05-19,USPA.MI,28.799999237060547,28.799999237060547,28.614999771118164,28.614999771118164,317
2022-05-20,USPA.MI,28.969999313354492,28.969999313354492,28.489999771118164,28.489999771118164,156
2022-05-23,USPA.MI,28.549999237060547,28.829999923706055,28.549999237060547,28.815000534057617,199
2022-05-24,USPA.MI,28.450000762939453,28.454999923706055,28.125,28.125,284
2022-05-25,USPA.MI,28.125,28.125,28.125,28.125,0
2022-05-26,USPA.MI,28.989999771118164,29.25,28.989999771118164,29.25,581
2022-05-27,USPA.MI,29.354999542236328,29.875,29.354999542236328,29.875,93
2022-05-30,USPA.MI,30.19499969482422,30.21500015258789,30.100000381469727,30.100000381469727,567
2022-05-31,USPA.MI,29.844999313354492,29.844999313354492,29.774999618530273,29.815000534057617,699
2022-06-01,USPA.MI,30.170000076293945,30.170000076293945,29.84000015258789,29.84000015258789,35
2022-06-02,USPA.MI,29.84000015258789,29.84000015258789,29.84000015258789,29.84000015258789,0
2022-06-03,USPA.MI,30.155000686645508,30.155000686645508,29.739999771118164,29.739999771118164,111
2022-06-06,USPA.MI,30.075000762939453,30.274999618530273,30.075000762939453,30.110000610351562,859
2022-06-07,USPA.MI,29.795000076293945,29.885000228881836,29.75,29.885000228881836,259
2022-06-08,USPA.MI,29.895000457763672,29.989999771118164,29.885000228881836,29.989999771118164,528
2022-06-09,USPA.MI,29.885000228881836,29.885000228881836,29.770000457763672,29.770000457763672,228
2022-06-10,USPA.MI,29.0049991607666,29.145000457763672,28.735000610351562,28.735000610351562,571
2022-06-13,USPA.MI,28.209999084472656,28.209999084472656,28.0,28.010000228881836,858
2022-06-14,USPA.MI,27.93000030517578,27.93000030517578,27.780000686645508,27.780000686645508,6585
2022-06-15,USPA.MI,28.104999542236328,28.114999771118164,28.049999237060547,28.049999237060547,1408
2022-06-16,USPA.MI,27.625,27.645000457763672,27.190000534057617,27.204999923706055,5313
2022-06-17,USPA.MI,27.229999542236328,27.420000076293945,27.204999923706055,27.420000076293945,226
2022-06-20,USPA.MI,27.420000076293945,27.420000076293945,27.420000076293945,27.420000076293945,0
2022-06-21,USPA.MI,27.795000076293945,27.850000381469727,27.795000076293945,27.799999237060547,190
2022-06-22,USPA.MI,27.450000762939453,27.93000030517578,27.450000762939453,27.889999389648438,124
2022-06-23,USPA.MI,27.799999237060547,28.174999237060547,27.799999237060547,28.155000686645508,342
2022-06-24,USPA.MI,28.434999465942383,28.829999923706055,28.434999465942383,28.829999923706055,166
2022-06-27,USPA.MI,29.125,29.15999984741211,28.940000534057617,28.940000534057617,359
2022-06-28,USPA.MI,28.940000534057617,29.049999237060547,28.719999313354492,28.719999313354492,314
2022-06-29,USPA.MI,28.204999923706055,28.479999542236328,28.204999923706055,28.479999542236328,34778
2022-06-30,USPA.MI,28.450000762939453,28.450000762939453,28.149999618530273,28.25,9327
2022-07-01,USPA.MI,28.510000228881836,28.510000228881836,28.280000686645508,28.344999313354492,4110
2022-07-04,USPA.MI,28.415000915527344,28.53499984741211,28.415000915527344,28.5,190
2022-07-05,USPA.MI,28.844999313354492,28.844999313354492,28.68000030517578,28.68000030517578,194
2022-07-06,USPA.MI,29.46500015258789,29.530000686645508,29.43000030517578,29.459999084472656,455
2022-07-07,USPA.MI,29.700000762939453,29.954999923706055,29.610000610351562,29.954999923706055,201
2022-07-08,USPA.MI,30.1200008392334,30.165000915527344,30.094999313354492,30.15999984741211,789
2022-07-11,USPA.MI,30.014999389648438,30.05500030517578,29.954999923706055,30.05500030517578,209
2022-07-12,USPA.MI,30.049999237060547,30.059999465942383,30.0,30.059999465942383,243
2022-07-13,USPA.MI,29.899999618530273,29.899999618530273,29.354999542236328,29.514999389648438,316
2022-07-14,USPA.MI,29.549999237060547,29.549999237060547,29.375,29.375,436
2022-07-15,USPA.MI,29.985000610351562,30.020000457763672,29.94499969482422,29.969999313354492,3896
2022-07-18,USPA.MI,30.165000915527344,30.170000076293945,30.020000457763672,30.020000457763672,301
2022-07-19,USPA.MI,29.610000610351562,29.950000762939453,29.565000534057617,29.950000762939453,138
2022-07-20,USPA.MI,30.295000076293945,30.604999542236328,30.274999618530273,30.584999084472656,712
2022-07-21,USPA.MI,30.450000762939453,30.6200008392334,30.450000762939453,30.600000381469727,543
2022-07-22,USPA.MI,30.985000610351562,30.985000610351562,30.645000457763672,30.645000457763672,27
2022-07-25,USPA.MI,30.479999542236328,30.524999618530273,30.479999542236328,30.524999618530273,13
2022-07-26,USPA.MI,30.565000534057617,30.649999618530273,30.434999465942383,30.434999465942383,79
2022-07-27,USPA.MI,30.709999084472656,30.790000915527344,30.709999084472656,30.790000915527344,122
2022-07-28,USPA.MI,31.225000381469727,31.28499984741211,31.225000381469727,31.28499984741211,101
2022-07-29,USPA.MI,31.809999465942383,31.809999465942383,31.4950008392334,31.4950008392334,162
2022-08-01,USPA.MI,31.579999923706055,31.670000076293945,31.459999084472656,31.670000076293945,796
2022-08-02,USPA.MI,31.450000762939453,31.670000076293945,31.405000686645508,31.670000076293945,81
2022-08-03,USPA.MI,31.665000915527344,32.14500045776367,31.614999771118164,32.119998931884766,379
2022-08-04,USPA.MI,32.244998931884766,32.244998931884766,31.915000915527344,31.950000762939453,172
2022-08-05,USPA.MI,32.029998779296875,32.084999084472656,31.954999923706055,31.954999923706055,155
2022-08-08,USPA.MI,32.19499969482422,32.349998474121094,32.11000061035156,32.11000061035156,1592
2022-08-09,USPA.MI,32.040000915527344,32.04499816894531,31.709999084472656,31.7549991607666,900
2022-08-10,USPA.MI,32.0,32.005001068115234,31.989999771118164,32.005001068115234,16
2022-08-11,USPA.MI,32.255001068115234,32.439998626708984,32.255001068115234,32.314998626708984,425
2022-08-12,USPA.MI,32.314998626708984,32.314998626708984,32.314998626708984,32.314998626708984,0
2022-08-16,USPA.MI,33.220001220703125,33.474998474121094,33.220001220703125,33.36000061035156,160
2022-08-17,USPA.MI,33.3650016784668,33.3650016784668,33.05500030517578,33.09000015258789,324
2022-08-18,USPA.MI,33.084999084472656,33.290000915527344,33.084999084472656,33.290000915527344,2
2022-08-19,USPA.MI,33.29499816894531,33.29499816894531,33.095001220703125,33.095001220703125,780
2022-08-22,USPA.MI,32.95500183105469,32.95500183105469,32.724998474121094,32.814998626708984,525
2022-08-23,USPA.MI,32.775001525878906,32.775001525878906,32.39500045776367,32.39500045776367,77
2022-08-24,USPA.MI,32.470001220703125,32.61000061035156,32.470001220703125,32.61000061035156,169
2022-08-25,USPA.MI,32.59000015258789,32.69499969482422,32.55500030517578,32.69499969482422,447
2022-08-26,USPA.MI,32.69499969482422,32.69499969482422,32.69499969482422,32.69499969482422,0
2022-08-29,USPA.MI,31.645000457763672,31.645000457763672,31.364999771118164,31.395000457763672,557
2022-08-30,USPA.MI,31.584999084472656,31.584999084472656,31.075000762939453,31.075000762939453,45
2022-08-31,USPA.MI,31.15999984741211,31.219999313354492,30.8700008392334,30.8700008392334,112
2022-09-01,USPA.MI,30.625,30.854999542236328,30.625,30.69499969482422,79
2022-09-02,USPA.MI,30.69499969482422,30.69499969482422,30.69499969482422,30.69499969482422,0
2022-09-05,USPA.MI,30.885000228881836,30.93000030517578,30.860000610351562,30.93000030517578,1176
2022-09-06,USPA.MI,31.09000015258789,31.1299991607666,30.915000915527344,30.915000915527344,365
2022-09-07,USPA.MI,30.915000915527344,30.915000915527344,30.915000915527344,30.915000915527344,0
2022-09-08,USPA.MI,31.139999389648438,31.479999542236328,31.110000610351562,31.479999542236328,341
2022-09-09,USPA.MI,31.184999465942383,31.665000915527344,31.184999465942383,31.665000915527344,64
2022-09-12,USPA.MI,31.594999313354492,31.764999389648438,31.594999313354492,31.764999389648438,65
2022-09-13,USPA.MI,31.764999389648438,31.764999389648438,31.764999389648438,31.764999389648438,0
2022-09-14,USPA.MI,31.764999389648438,31.764999389648438,31.764999389648438,31.764999389648438,0
2022-09-15,USPA.MI,31.764999389648438,31.764999389648438,31.764999389648438,31.764999389648438,0
2022-09-16,USPA.MI,31.764999389648438,31.764999389648438,31.764999389648438,31.764999389648438,0
2022-09-19,USPA.MI,31.764999389648438,31.764999389648438,31.764999389648438,31.764999389648438,0
2022-09-20,USPA.MI,31.764999389648438,31.764999389648438,31.764999389648438,31.764999389648438,0
2022-09-21,USPA.MI,30.454999923706055,30.549999237060547,30.454999923706055,30.549999237060547,134
2022-09-22,USPA.MI,29.8700008392334,29.895000457763672,29.725000381469727,29.735000610351562,49
2022-09-23,USPA.MI,29.655000686645508,29.655000686645508,29.53499984741211,29.600000381469727,153
2022-09-26,USPA.MI,29.71500015258789,29.790000915527344,29.709999084472656,29.729999542236328,423
2022-09-27,USPA.MI,30.010000228881836,30.010000228881836,29.78499984741211,29.790000915527344,36
2022-09-28,USPA.MI,29.545000076293945,29.834999084472656,29.424999237060547,29.834999084472656,1071
2022-09-29,USPA.MI,29.719999313354492,29.719999313354492,29.014999389648438,29.05500030517578,638
2022-09-30,USPA.MI,29.170000076293945,29.209999084472656,29.170000076293945,29.209999084472656,74
2022-10-03,USPA.MI,28.5,29.045000076293945,28.4950008392334,29.045000076293945,6600
2022-10-04,USPA.MI,29.2549991607666,29.6299991607666,29.2549991607666,29.6299991607666,632
2022-10-05,USPA.MI,29.545000076293945,29.575000762939453,29.545000076293945,29.559999465942383,290
2022-10-06,USPA.MI,29.670000076293945,29.989999771118164,29.670000076293945,29.989999771118164,342
2022-10-07,USPA.MI,29.81999969482422,29.81999969482422,29.174999237060547,29.174999237060547,82
2022-10-10,USPA.MI,29.030000686645508,29.09000015258789,29.014999389648438,29.014999389648438,461
2022-10-11,USPA.MI,28.764999389648438,28.889999389648438,28.709999084472656,28.854999542236328,939
2022-10-12,USPA.MI,28.905000686645508,28.96500015258789,28.885000228881836,28.885000228881836,1037
2022-10-13,USPA.MI,28.844999313354492,28.969999313354492,28.790000915527344,28.790000915527344,323
2022-10-14,USPA.MI,29.424999237060547,29.600000381469727,29.049999237060547,29.049999237060547,20
2022-10-17,USPA.MI,28.969999313354492,29.280000686645508,28.969999313354492,29.190000534057617,835
2022-10-18,USPA.MI,29.604999542236328,29.65999984741211,29.3700008392334,29.3700008392334,67
2022-10-19,USPA.MI,29.520000457763672,29.540000915527344,29.469999313354492,29.489999771118164,367
2022-10-20,USPA.MI,29.295000076293945,29.454999923706055,29.295000076293945,29.454999923706055,77
2022-10-21,USPA.MI,29.450000762939453,29.450000762939453,29.299999237060547,29.299999237060547,303
2022-10-24,USPA.MI,29.864999771118164,29.864999771118164,29.825000762939453,29.834999084472656,2832
2022-10-25,USPA.MI,29.969999313354492,30.114999771118164,29.969999313354492,30.114999771118164,207
2022-10-26,USPA.MI,29.81999969482422,30.09000015258789,29.790000915527344,30.09000015258789,45
2022-10-27,USPA.MI,29.8799991607666,29.950000762939453,29.8799991607666,29.950000762939453,77
2022-10-28,USPA.MI,29.639999389648438,30.274999618530273,29.639999389648438,30.274999618530273,209
2022-10-31,USPA.MI,30.559999465942383,30.59000015258789,30.559999465942383,30.59000015258789,55
2022-11-01,USPA.MI,30.684999465942383,30.684999465942383,30.3700008392334,30.3700008392334,973
2022-11-02,USPA.MI,30.329999923706055,30.329999923706055,30.1299991607666,30.1299991607666,611
2022-11-03,USPA.MI,29.6299991607666,29.719999313354492,29.6299991607666,29.719999313354492,81
2022-11-04,USPA.MI,29.415000915527344,29.415000915527344,29.290000915527344,29.290000915527344,62
2022-11-07,USPA.MI,29.524999618530273,29.584999084472656,29.399999618530273,29.440000534057617,6130
2022-11-08,USPA.MI,29.75,29.799999237060547,29.75,29.799999237060547,462
2022-11-09,USPA.MI,29.614999771118164,29.6200008392334,29.450000762939453,29.450000762939453,734
2022-11-10,USPA.MI,29.93000030517578,30.170000076293945,29.93000030517578,30.145000457763672,539
2022-11-11,USPA.MI,30.399999618530273,30.399999618530273,29.985000610351562,29.985000610351562,201
2022-11-14,USPA.MI,30.2549991607666,30.270000457763672,30.1200008392334,30.1200008392334,444
2022-11-15,USPA.MI,30.059999465942383,30.334999084472656,30.059999465942383,30.290000915527344,337
2022-11-16,USPA.MI,30.0,30.030000686645508,29.889999389648438,29.889999389648438,160
2022-11-17,USPA.MI,29.924999237060547,29.924999237060547,29.71500015258789,29.71500015258789,433
2022-11-18,USPA.MI,29.979999542236328,30.084999084472656,29.905000686645508,29.905000686645508,380
2022-11-21,USPA.MI,30.15999984741211,30.19499969482422,30.1200008392334,30.18000030517578,148
2022-11-22,USPA.MI,30.100000381469727,30.274999618530273,30.100000381469727,30.274999618530273,23
2022-11-23,USPA.MI,30.315000534057617,30.459999084472656,30.315000534057617,30.459999084472656,13
2022-11-24,USPA.MI,30.415000915527344,30.424999237060547,30.415000915527344,30.424999237060547,102
2022-11-25,USPA.MI,30.395000457763672,30.424999237060547,30.354999542236328,30.354999542236328,67
2022-11-28,USPA.MI,29.954999923706055,30.135000228881836,29.954999923706055,30.135000228881836,2590
2022-11-29,USPA.MI,30.114999771118164,30.114999771118164,29.825000762939453,29.825000762939453,549
2022-11-30,USPA.MI,29.924999237060547,30.014999389648438,29.924999237060547,30.014999389648438,61
2022-12-01,USPA.MI,30.670000076293945,30.690000534057617,30.3799991607666,30.479999542236328,345
2022-12-02,USPA.MI,30.420000076293945,30.5049991607666,30.350000381469727,30.350000381469727,234
2022-12-05,USPA.MI,30.05500030517578,30.09000015258789,30.020000457763672,30.09000015258789,2053
2022-12-06,USPA.MI,29.905000686645508,30.03499984741211,29.55500030517578,29.55500030517578,3793
2022-12-07,USPA.MI,29.415000915527344,29.434999465942383,29.415000915527344,29.434999465942383,267
2022-12-08,USPA.MI,29.434999465942383,29.434999465942383,29.434999465942383,29.434999465942383,0
2022-12-09,USPA.MI,29.65999984741211,29.700000762939453,29.489999771118164,29.665000915527344,824
2022-12-12,USPA.MI,29.43000030517578,29.600000381469727,29.43000030517578,29.600000381469727,160
2022-12-13,USPA.MI,29.989999771118164,30.145000457763672,29.975000381469727,29.975000381469727,181
2022-12-14,USPA.MI,29.774999618530273,29.96500015258789,29.774999618530273,29.96500015258789,280
2022-12-15,USPA.MI,29.360000610351562,29.360000610351562,28.815000534057617,28.815000534057617,29
2022-12-16,USPA.MI,28.559999465942383,28.725000381469727,28.540000915527344,28.540000915527344,122
2022-12-19,USPA.MI,28.5049991607666,28.540000915527344,28.40999984741211,28.40999984741211,128
2022-12-20,USPA.MI,28.225000381469727,28.229999542236328,28.15999984741211,28.15999984741211,219
2022-12-21,USPA.MI,28.459999084472656,28.760000228881836,28.459999084472656,28.760000228881836,4703
2022-12-22,USPA.MI,28.594999313354492,28.665000915527344,28.21500015258789,28.21500015258789,95
2022-12-23,USPA.MI,28.21500015258789,28.21500015258789,28.21500015258789,28.21500015258789,0
2022-12-27,USPA.MI,28.21500015258789,28.21500015258789,28.21500015258789,28.21500015258789,0
2022-12-28,USPA.MI,28.225000381469727,28.225000381469727,28.100000381469727,28.100000381469727,92
2022-12-29,USPA.MI,27.979999542236328,28.274999618530273,27.979999542236328,28.274999618530273,11
2022-12-30,USPA.MI,28.274999618530273,28.274999618530273,28.274999618530273,28.274999618530273,0
2023-01-02,USPA.MI,28.274999618530273,28.274999618530273,28.274999618530273,28.274999618530273,0
2023-01-03,USPA.MI,28.8700008392334,28.8700008392334,28.375,28.375,387
2023-01-04,USPA.MI,28.44499969482422,28.549999237060547,28.415000915527344,28.549999237060547,1481
2023-01-05,USPA.MI,28.55500030517578,28.55500030517578,28.364999771118164,28.364999771118164,303
2023-01-06,USPA.MI,28.364999771118164,28.364999771118164,28.364999771118164,28.364999771118164,0
2023-01-09,USPA.MI,28.729999542236328,28.959999084472656,28.729999542236328,28.934999465942383,4890
2023-01-10,USPA.MI,28.434999465942383,28.575000762939453,28.434999465942383,28.575000762939453,223
2023-01-11,USPA.MI,28.799999237060547,28.889999389648438,28.78499984741211,28.889999389648438,128
2023-01-12,USPA.MI,29.1200008392334,29.125,28.950000762939453,28.950000762939453,361
2023-01-13,USPA.MI,28.850000381469727,28.9950008392334,28.850000381469727,28.9950008392334,2536
2023-01-16,USPA.MI,29.19499969482422,29.235000610351562,29.19499969482422,29.209999084472656,342
2023-01-17,USPA.MI,29.149999618530273,29.190000534057617,29.145000457763672,29.190000534057617,101
2023-01-18,USPA.MI,29.2549991607666,29.2549991607666,28.989999771118164,28.989999771118164,54
2023-01-19,USPA.MI,28.485000610351562,28.524999618530273,28.479999542236328,28.479999542236328,87
2023-01-20,USPA.MI,28.46500015258789,28.71500015258789,28.415000915527344,28.71500015258789,16
2023-01-23,USPA.MI,29.31999969482422,29.31999969482422,29.30500030517578,29.30500030517578,602
2023-01-24,USPA.MI,29.299999237060547,29.299999237060547,29.139999389648438,29.28499984741211,966
2023-01-25,USPA.MI,29.049999237060547,29.09000015258789,28.889999389648438,28.889999389648438,93
2023-01-26,USPA.MI,29.25,29.350000381469727,29.25,29.30500030517578,718
2023-01-27,USPA.MI,29.46500015258789,29.665000915527344,29.43000030517578,29.665000915527344,159
2023-01-30,USPA.MI,29.325000762939453,29.545000076293945,29.30500030517578,29.524999618530273,246
2023-01-31,USPA.MI,29.360000610351562,29.545000076293945,29.360000610351562,29.545000076293945,376
2023-02-01,USPA.MI,29.674999237060547,29.700000762939453,29.510000228881836,29.559999465942383,40284
2023-02-02,USPA.MI,29.889999389648438,30.450000762939453,29.889999389648438,30.450000762939453,444
2023-02-03,USPA.MI,30.25,30.655000686645508,30.200000762939453,30.655000686645508,629
2023-02-06,USPA.MI,30.31999969482422,30.53499984741211,30.290000915527344,30.53499984741211,152
2023-02-07,USPA.MI,30.575000762939453,30.575000762939453,30.510000228881836,30.524999618530273,470
2023-02-08,USPA.MI,30.645000457763672,30.719999313354492,30.46500015258789,30.46500015258789,1165
2023-02-09,USPA.MI,30.635000228881836,30.635000228881836,30.420000076293945,30.420000076293945,314
2023-02-10,USPA.MI,30.079999923706055,30.204999923706055,29.9950008392334,30.204999923706055,183
2023-02-13,USPA.MI,30.290000915527344,30.454999923706055,30.290000915527344,30.454999923706055,110
2023-02-14,USPA.MI,30.415000915527344,30.415000915527344,30.28499984741211,30.28499984741211,148
2023-02-15,USPA.MI,30.3799991607666,30.645000457763672,30.375,30.645000457763672,424
2023-02-16,USPA.MI,30.71500015258789,30.71500015258789,30.565000534057617,30.565000534057617,36
2023-02-17,USPA.MI,30.209999084472656,30.2450008392334,30.094999313354492,30.094999313354492,71
2023-02-20,USPA.MI,30.145000457763672,30.190000534057617,30.135000228881836,30.165000915527344,191
2023-02-21,USPA.MI,30.0,30.0,29.770000457763672,29.770000457763672,50
2023-02-22,USPA.MI,29.770000457763672,29.770000457763672,29.770000457763672,29.770000457763672,0
2023-02-23,USPA.MI,30.040000915527344,30.040000915527344,29.854999542236328,29.854999542236328,20
2023-02-24,USPA.MI,29.795000076293945,29.84000015258789,29.760000228881836,29.760000228881836,115
2023-02-27,USPA.MI,30.024999618530273,30.024999618530273,29.860000610351562,29.860000610351562,86
2023-02-28,USPA.MI,29.725000381469727,29.790000915527344,29.725000381469727,29.790000915527344,24
2023-03-01,USPA.MI,29.645000457763672,29.645000457763672,29.315000534057617,29.315000534057617,609
2023-03-02,USPA.MI,29.31999969482422,29.489999771118164,29.31999969482422,29.489999771118164,476
2023-03-03,USPA.MI,29.834999084472656,30.030000686645508,29.834999084472656,30.030000686645508,79
2023-03-06,USPA.MI,30.225000381469727,30.25,30.225000381469727,30.239999771118164,106
2023-03-07,USPA.MI,30.155000686645508,30.15999984741211,30.024999618530273,30.024999618530273,642
2023-03-08,USPA.MI,29.899999618530273,29.96500015258789,29.899999618530273,29.96500015258789,70
2023-03-09,USPA.MI,29.8799991607666,29.959999084472656,29.8799991607666,29.959999084472656,83
2023-03-10,USPA.MI,29.309999465942383,29.309999465942383,29.100000381469727,29.145000457763672,42
2023-03-13,USPA.MI,28.665000915527344,28.665000915527344,28.415000915527344,28.625,237
2023-03-14,USPA.MI,28.90999984741211,29.0049991607666,28.90999984741211,28.959999084472656,850
2023-03-15,USPA.MI,28.934999465942383,29.020000457763672,28.93000030517578,29.020000457763672,43
2023-03-16,USPA.MI,29.020000457763672,29.020000457763672,29.020000457763672,29.020000457763672,0
2023-03-17,USPA.MI,29.670000076293945,29.670000076293945,29.325000762939453,29.325000762939453,230
2023-03-20,USPA.MI,29.209999084472656,29.25,29.145000457763672,29.25,731
2023-03-21,USPA.MI,29.43000030517578,29.4950008392334,29.43000030517578,29.450000762939453,584
2023-03-22,USPA.MI,29.559999465942383,29.575000762939453,29.559999465942383,29.575000762939453,5532
2023-03-23,USPA.MI,29.104999542236328,29.309999465942383,29.104999542236328,29.309999465942383,74
2023-03-24,USPA.MI,29.19499969482422,29.225000381469727,29.19499969482422,29.225000381469727,108
2023-03-27,USPA.MI,29.614999771118164,29.649999618530273,29.459999084472656,29.459999084472656,46
2023-03-28,USPA.MI,29.260000228881836,29.260000228881836,29.209999084472656,29.209999084472656,82
2023-03-29,USPA.MI,29.530000686645508,29.530000686645508,29.5,29.5,6
2023-03-30,USPA.MI,29.725000381469727,29.725000381469727,29.565000534057617,29.6200008392334,480
2023-03-31,USPA.MI,29.725000381469727,29.989999771118164,29.725000381469727,29.989999771118164,59
2023-04-03,USPA.MI,30.2450008392334,30.2450008392334,30.014999389648438,30.014999389648438,2810
2023-04-04,USPA.MI,30.065000534057617,30.065000534057617,29.809999465942383,29.809999465942383,9
2023-04-05,USPA.MI,29.815000534057617,29.815000534057617,29.674999237060547,29.674999237060547,299
2023-04-06,USPA.MI,29.7450008392334,29.7450008392334,29.719999313354492,29.719999313354492,200
2023-04-11,USPA.MI,29.924999237060547,29.924999237060547,29.8700008392334,29.924999237060547,1140
2023-04-12,USPA.MI,29.889999389648438,29.889999389648438,29.635000228881836,29.729999542236328,31067
2023-04-13,USPA.MI,29.559999465942383,29.610000610351562,29.55500030517578,29.600000381469727,1224
2023-04-14,USPA.MI,29.780000686645508,30.045000076293945,29.735000610351562,29.885000228881836,32945
2023-04-17,USPA.MI,30.030000686645508,30.184999465942383,29.985000610351562,30.09000015258789,4575
2023-04-18,USPA.MI,30.104999542236328,30.280000686645508,30.079999923706055,30.079999923706055,1888
2023-04-19,USPA.MI,30.100000381469727,30.135000228881836,29.895000457763672,30.094999313354492,816
2023-04-20,USPA.MI,30.020000457763672,30.040000915527344,29.959999084472656,30.040000915527344,929
2023-04-21,USPA.MI,30.145000457763672,30.145000457763672,29.934999465942383,30.010000228881836,1037
2023-04-24,USPA.MI,30.010000228881836,30.010000228881836,30.010000228881836,30.010000228881836,0
2023-04-25,USPA.MI,30.010000228881836,30.010000228881836,30.010000228881836,30.010000228881836,0
2023-04-26,USPA.MI,29.485000610351562,29.485000610351562,29.350000381469727,29.44499969482422,360
2023-04-27,USPA.MI,29.360000610351562,29.614999771118164,29.360000610351562,29.614999771118164,862
2023-04-28,USPA.MI,29.889999389648438,30.024999618530273,29.829999923706055,29.889999389648438,861
2023-05-02,USPA.MI,30.209999084472656,30.239999771118164,29.684999465942383,29.684999465942383,2235
2023-05-03,USPA.MI,29.81999969482422,29.899999618530273,29.719999313354492,29.719999313354492,689
2023-05-04,USPA.MI,29.489999771118164,29.510000228881836,29.295000076293945,29.459999084472656,325
2023-05-05,USPA.MI,29.290000915527344,29.844999313354492,29.290000915527344,29.844999313354492,1757
2023-05-08,USPA.MI,29.96500015258789,29.96500015258789,29.770000457763672,29.920000076293945,1077
2023-05-09,USPA.MI,29.959999084472656,30.079999923706055,29.959999084472656,30.079999923706055,933
2023-05-10,USPA.MI,30.18000030517578,30.18000030517578,29.809999465942383,30.05500030517578,1119
2023-05-11,USPA.MI,30.264999389648438,30.264999389648438,30.225000381469727,30.235000610351562,197
2023-05-12,USPA.MI,30.454999923706055,30.489999771118164,30.34000015258789,30.34000015258789,639
2023-05-15,USPA.MI,30.514999389648438,30.6200008392334,30.40999984741211,30.434999465942383,677
2023-05-16,USPA.MI,30.625,30.625,30.420000076293945,30.475000381469727,605
2023-05-17,USPA.MI,30.280000686645508,30.614999771118164,30.280000686645508,30.614999771118164,364
2023-05-18,USPA.MI,30.975000381469727,31.229999542236328,30.915000915527344,31.229999542236328,1736
2023-05-19,USPA.MI,31.3700008392334,31.385000228881836,31.155000686645508,31.155000686645508,652
2023-05-22,USPA.MI,31.149999618530273,31.219999313354492,31.094999313354492,31.219999313354492,162
2023-05-23,USPA.MI,31.139999389648438,31.239999771118164,31.040000915527344,31.170000076293945,14862
2023-05-24,USPA.MI,31.084999084472656,31.084999084472656,30.604999542236328,30.674999237060547,332
2023-05-25,USPA.MI,30.959999084472656,31.280000686645508,30.959999084472656,31.200000762939453,5712
2023-05-26,USPA.MI,31.25,31.625,31.170000076293945,31.625,291
2023-05-29,USPA.MI,31.764999389648438,31.815000534057617,31.764999389648438,31.815000534057617,160
2023-05-30,USPA.MI,31.93000030517578,31.954999923706055,31.549999237060547,31.700000762939453,4441
2023-05-31,USPA.MI,31.94499969482422,31.94499969482422,31.545000076293945,31.545000076293945,256
2023-06-01,USPA.MI,31.635000228881836,31.635000228881836,31.545000076293945,31.545000076293945,25
2023-06-02,USPA.MI,31.9950008392334,32.20000076293945,31.9950008392334,32.20000076293945,276
2023-06-05,USPA.MI,32.279998779296875,32.369998931884766,32.279998779296875,32.32500076293945,769
2023-06-06,USPA.MI,32.3849983215332,32.3849983215332,32.255001068115234,32.334999084472656,2097
2023-06-07,USPA.MI,32.29999923706055,32.34000015258789,32.19499969482422,32.209999084472656,3952
2023-06-08,USPA.MI,32.09000015258789,32.09000015258789,31.885000228881836,32.025001525878906,812
2023-06-09,USPA.MI,32.060001373291016,32.25,32.060001373291016,32.220001220703125,1260
2023-06-12,USPA.MI,32.34000015258789,32.34000015258789,32.275001525878906,32.28499984741211,706
2023-06-13,USPA.MI,32.54499816894531,32.64500045776367,32.459999084472656,32.64500045776367,553
2023-06-14,USPA.MI,32.650001525878906,32.650001525878906,32.54999923706055,32.64500045776367,62
2023-06-15,USPA.MI,32.61000061035156,32.61000061035156,32.345001220703125,32.525001525878906,1091
2023-06-16,USPA.MI,32.65999984741211,32.779998779296875,32.584999084472656,32.665000915527344,23679
2023-06-19,USPA.MI,32.619998931884766,32.619998931884766,32.51499938964844,32.51499938964844,2889
2023-06-20,USPA.MI,32.459999084472656,32.494998931884766,32.40999984741211,32.41999816894531,1277
2023-06-21,USPA.MI,32.48500061035156,32.48500061035156,32.209999084472656,32.209999084472656,1737
2023-06-22,USPA.MI,31.975000381469727,32.189998626708984,31.940000534057617,32.189998626708984,1604
2023-06-23,USPA.MI,32.474998474121094,32.52000045776367,32.255001068115234,32.255001068115234,1350
2023-06-26,USPA.MI,32.165000915527344,32.2599983215332,32.10499954223633,32.10499954223633,387
2023-06-27,USPA.MI,31.969999313354492,32.060001373291016,31.924999237060547,32.060001373291016,483
2023-06-28,USPA.MI,32.1349983215332,32.28499984741211,32.1349983215332,32.28499984741211,556
2023-06-29,USPA.MI,32.31999969482422,32.54999923706055,32.31999969482422,32.505001068115234,321
2023-06-30,USPA.MI,32.775001525878906,32.790000915527344,32.775001525878906,32.790000915527344,22
2023-07-03,USPA.MI,32.935001373291016,33.439998626708984,32.84000015258789,33.439998626708984,108
2023-07-04,USPA.MI,32.875,32.939998626708984,32.875,32.915000915527344,355
2023-07-05,USPA.MI,32.720001220703125,33.04999923706055,32.56999969482422,32.970001220703125,1280
2023-07-06,USPA.MI,32.69499969482422,32.709999084472656,32.560001373291016,32.560001373291016,870
2023-07-07,USPA.MI,32.63999938964844,32.63999938964844,32.46500015258789,32.46500015258789,4
2023-07-10,USPA.MI,32.349998474121094,32.57500076293945,32.27000045776367,32.27000045776367,2648
2023-07-11,USPA.MI,32.189998626708984,32.45000076293945,32.189998626708984,32.35499954223633,473
2023-07-12,USPA.MI,32.45500183105469,32.494998931884766,32.439998626708984,32.439998626708984,301
2023-07-13,USPA.MI,32.35499954223633,32.35499954223633,32.345001220703125,32.345001220703125,6
2023-07-14,USPA.MI,32.3650016784668,32.58000183105469,32.3650016784668,32.44499969482422,348
2023-07-17,USPA.MI,32.375,32.45000076293945,32.334999084472656,32.45000076293945,263
2023-07-18,USPA.MI,32.5,32.59000015258789,32.5,32.59000015258789,91
2023-07-19,USPA.MI,32.845001220703125,33.025001525878906,32.845001220703125,33.01499938964844,777
2023-07-20,USPA.MI,33.064998626708984,33.064998626708984,32.904998779296875,32.96500015258789,65
2023-07-21,USPA.MI,32.92499923706055,32.98500061035156,32.92499923706055,32.97999954223633,1486
2023-07-24,USPA.MI,33.029998779296875,33.13999938964844,32.974998474121094,33.125,386
2023-07-25,USPA.MI,33.244998931884766,33.30500030517578,33.244998931884766,33.279998779296875,329
2023-07-26,USPA.MI,33.564998626708984,33.564998626708984,33.15999984741211,33.15999984741211,520
2023-07-27,USPA.MI,33.29999923706055,33.834999084472656,33.28499984741211,33.68000030517578,1309
2023-07-28,USPA.MI,33.665000915527344,33.665000915527344,33.41999816894531,33.560001373291016,455
2023-07-31,USPA.MI,33.369998931884766,33.56999969482422,33.369998931884766,33.54999923706055,3083
2023-08-01,USPA.MI,33.64500045776367,33.650001525878906,33.58000183105469,33.64500045776367,141
2023-08-02,USPA.MI,33.41999816894531,33.41999816894531,33.31999969482422,33.31999969482422,2011
2023-08-03,USPA.MI,33.185001373291016,33.19499969482422,32.88999938964844,33.150001525878906,5772
2023-08-04,USPA.MI,33.26499938964844,33.26499938964844,33.029998779296875,33.095001220703125,801
2023-08-07,USPA.MI,33.0,33.04499816894531,32.900001525878906,32.970001220703125,977
2023-08-08,USPA.MI,33.08000183105469,33.185001373291016,32.939998626708984,32.939998626708984,4726
2023-08-09,USPA.MI,33.11000061035156,33.27000045776367,32.78499984741211,32.78499984741211,2085
2023-08-10,USPA.MI,32.845001220703125,32.900001525878906,32.845001220703125,32.900001525878906,359
2023-08-11,USPA.MI,32.77000045776367,32.875,32.720001220703125,32.75,2497
2023-08-14,USPA.MI,33.11000061035156,33.11000061035156,33.084999084472656,33.084999084472656,251
2023-08-16,USPA.MI,32.814998626708984,32.849998474121094,32.779998779296875,32.849998474121094,17
2023-08-17,USPA.MI,32.849998474121094,32.849998474121094,32.849998474121094,32.849998474121094,0
2023-08-18,USPA.MI,32.41999816894531,32.41999816894531,32.2599983215332,32.314998626708984,741
2023-08-21,USPA.MI,32.375,32.375,32.369998931884766,32.369998931884766,2063
2023-08-22,USPA.MI,32.720001220703125,32.80500030517578,32.720001220703125,32.76499938964844,1203
2023-08-23,USPA.MI,32.8650016784668,32.9900016784668,32.810001373291016,32.9900016784668,106
2023-08-24,USPA.MI,33.29499816894531,33.29499816894531,32.90999984741211,32.90999984741211,106
2023-08-25,USPA.MI,32.814998626708984,32.939998626708984,32.744998931884766,32.83000183105469,510
2023-08-28,USPA.MI,32.994998931884766,33.09000015258789,32.994998931884766,33.040000915527344,1824
2023-08-29,USPA.MI,33.13999938964844,33.38999938964844,33.13999938964844,33.38999938964844,1318
2023-08-30,USPA.MI,33.46500015258789,33.46500015258789,33.25,33.34000015258789,1504
2023-08-31,USPA.MI,33.599998474121094,33.77000045776367,33.599998474121094,33.72999954223633,596
2023-09-01,USPA.MI,33.775001525878906,33.81999969482422,33.755001068115234,33.81999969482422,325
2023-09-04,USPA.MI,33.845001220703125,33.93000030517578,33.845001220703125,33.85499954223633,5049
2023-09-05,USPA.MI,33.89500045776367,34.029998779296875,33.869998931884766,34.029998779296875,412
2023-09-06,USPA.MI,33.70500183105469,33.810001373291016,33.654998779296875,33.654998779296875,1086
2023-09-07,USPA.MI,33.48500061035156,33.599998474121094,33.48500061035156,33.564998626708984,442
2023-09-08,USPA.MI,33.630001068115234,33.70500183105469,33.59000015258789,33.68000030517578,203
2023-09-11,USPA.MI,33.70000076293945,33.70000076293945,33.59000015258789,33.63999938964844,73
2023-09-12,USPA.MI,33.79499816894531,33.79999923706055,33.599998474121094,33.599998474121094,319
2023-09-13,USPA.MI,33.470001220703125,33.625,33.470001220703125,33.625,45
2023-09-14,USPA.MI,33.915000915527344,34.0,33.8849983215332,34.0,190
2023-09-15,USPA.MI,34.150001525878906,34.244998931884766,33.79999923706055,33.79999923706055,131315
2023-09-18,USPA.MI,33.7400016784668,33.755001068115234,33.564998626708984,33.650001525878906,1471
2023-09-19,USPA.MI,33.650001525878906,33.650001525878906,33.36000061035156,33.36000061035156,200
2023-09-20,USPA.MI,33.540000915527344,33.6349983215332,33.494998931884766,33.494998931884766,12438
2023-09-21,USPA.MI,33.07500076293945,33.14500045776367,32.93000030517578,32.93000030517578,1066
2023-09-22,USPA.MI,32.915000915527344,33.01499938964844,32.810001373291016,32.935001373291016,907
2023-09-25,USPA.MI,32.654998779296875,32.91999816894531,32.525001525878906,32.91999816894531,3450
2023-09-26,USPA.MI,32.81999969482422,32.84000015258789,32.6150016784668,32.6150016784668,1190
2023-09-27,USPA.MI,32.779998779296875,32.814998626708984,32.68000030517578,32.709999084472656,2885
2023-09-28,USPA.MI,32.619998931884766,32.72999954223633,32.57500076293945,32.72999954223633,877
2023-09-29,USPA.MI,32.81999969482422,32.96500015258789,32.81999969482422,32.915000915527344,477
2023-10-02,USPA.MI,32.9900016784668,33.08000183105469,32.93000030517578,33.08000183105469,679
2023-10-03,USPA.MI,33.15999984741211,33.189998626708984,32.685001373291016,32.70500183105469,812
2023-10-04,USPA.MI,32.540000915527344,32.744998931884766,32.51499938964844,32.67499923706055,739
2023-10-05,USPA.MI,32.76499938964844,32.77000045776367,32.584999084472656,32.584999084472656,589
2023-10-06,USPA.MI,32.540000915527344,32.900001525878906,32.540000915527344,32.900001525878906,985
2023-10-09,USPA.MI,32.86000061035156,32.974998474121094,32.86000061035156,32.974998474121094,360
2023-10-10,USPA.MI,33.185001373291016,33.41999816894531,33.14500045776367,33.41999816894531,701
2023-10-11,USPA.MI,33.36000061035156,33.380001068115234,33.275001525878906,33.275001525878906,820
2023-10-12,USPA.MI,33.48500061035156,33.6349983215332,33.439998626708984,33.60499954223633,1162
2023-10-13,USPA.MI,33.525001525878906,33.654998779296875,33.400001525878906,33.400001525878906,1720
2023-10-16,USPA.MI,33.314998626708984,33.59000015258789,33.29499816894531,33.59000015258789,151
2023-10-17,USPA.MI,33.560001373291016,33.560001373291016,33.26499938964844,33.415000915527344,1139
2023-10-18,USPA.MI,33.369998931884766,33.43000030517578,33.17499923706055,33.29999923706055,2659
2023-10-19,USPA.MI,33.0,33.04499816894531,32.86000061035156,32.92499923706055,4486
2023-10-20,USPA.MI,32.60499954223633,32.65999984741211,32.29999923706055,32.29999923706055,457
2023-10-23,USPA.MI,32.154998779296875,32.20000076293945,32.154998779296875,32.20000076293945,2021
2023-10-24,USPA.MI,32.119998931884766,32.40999984741211,32.119998931884766,32.40999984741211,82
2023-10-25,USPA.MI,32.279998779296875,32.38999938964844,32.09000015258789,32.19499969482422,3314
2023-10-26,USPA.MI,31.809999465942383,31.950000762939453,31.665000915527344,31.80500030517578,134533
2023-10-27,USPA.MI,31.610000610351562,31.635000228881836,31.610000610351562,31.6299991607666,1400
2023-10-30,USPA.MI,31.600000381469727,31.600000381469727,31.53499984741211,31.59000015258789,983
2023-10-31,USPA.MI,31.84000015258789,32.150001525878906,31.84000015258789,32.150001525878906,354
2023-11-01,USPA.MI,32.0099983215332,32.290000915527344,32.0099983215332,32.290000915527344,46
2023-11-02,USPA.MI,32.45500183105469,32.755001068115234,32.3650016784668,32.755001068115234,763
2023-11-03,USPA.MI,32.755001068115234,32.939998626708984,32.755001068115234,32.939998626708984,806
2023-11-06,USPA.MI,32.88999938964844,32.95000076293945,32.88999938964844,32.94499969482422,1299
2023-11-07,USPA.MI,33.07500076293945,33.32500076293945,33.07500076293945,33.32500076293945,1339
2023-11-08,USPA.MI,33.369998931884766,33.400001525878906,33.2400016784668,33.2400016784668,1255
2023-11-09,USPA.MI,33.435001373291016,33.459999084472656,33.2400016784668,33.29499816894531,1678
2023-11-10,USPA.MI,33.220001220703125,33.35499954223633,33.220001220703125,33.35499954223633,608
2023-11-13,USPA.MI,33.4900016784668,33.599998474121094,33.33000183105469,33.560001373291016,721
2023-11-14,USPA.MI,33.61000061035156,33.834999084472656,33.48500061035156,33.51499938964844,4949
2023-11-15,USPA.MI,33.82500076293945,33.880001068115234,33.810001373291016,33.810001373291016,566
2023-11-16,USPA.MI,33.7599983215332,33.7599983215332,33.689998626708984,33.709999084472656,276
2023-11-17,USPA.MI,33.92499923706055,33.92499923706055,33.70500183105469,33.70500183105469,178
2023-11-20,USPA.MI,33.689998626708984,33.8650016784668,33.66999816894531,33.78499984741211,549
2023-11-21,USPA.MI,33.845001220703125,34.0,33.73500061035156,33.82500076293945,4296
2023-11-22,USPA.MI,34.1349983215332,34.20000076293945,34.125,34.20000076293945,993
2023-11-23,USPA.MI,34.08000183105469,34.1150016784668,34.08000183105469,34.09000015258789,70
2023-11-24,USPA.MI,34.02000045776367,34.02000045776367,33.91999816894531,33.95500183105469,356
2023-11-27,USPA.MI,33.900001525878906,33.95000076293945,33.849998474121094,33.95000076293945,1051
2023-11-28,USPA.MI,33.84000015258789,33.84000015258789,33.79999923706055,33.79999923706055,257
2023-11-29,USPA.MI,33.90999984741211,34.05500030517578,33.880001068115234,33.880001068115234,5084
2023-11-30,USPA.MI,34.09000015258789,34.09000015258789,34.0099983215332,34.0099983215332,1034
2023-12-01,USPA.MI,34.21500015258789,34.3650016784668,34.21500015258789,34.3650016784668,616
2023-12-04,USPA.MI,34.40999984741211,34.40999984741211,34.3650016784668,34.38999938964844,238
2023-12-05,USPA.MI,34.290000915527344,34.54499816894531,34.290000915527344,34.54499816894531,188
2023-12-06,USPA.MI,34.685001373291016,34.959999084472656,34.540000915527344,34.650001525878906,2008
2023-12-07,USPA.MI,34.63999938964844,34.665000915527344,34.48500061035156,34.665000915527344,214
2023-12-08,USPA.MI,34.939998626708984,34.959999084472656,34.904998779296875,34.904998779296875,604
2023-12-11,USPA.MI,34.91999816894531,34.994998931884766,34.89500045776367,34.994998931884766,360
2023-12-12,USPA.MI,34.97999954223633,35.05500030517578,34.900001525878906,35.025001525878906,649
2023-12-13,USPA.MI,35.26499938964844,35.28499984741211,34.94499969482422,35.20000076293945,569
2023-12-14,USPA.MI,35.33000183105469,35.369998931884766,35.02000045776367,35.02000045776367,4154
2023-12-15,USPA.MI,35.20000076293945,35.334999084472656,35.20000076293945,35.334999084472656,1146
2023-12-18,USPA.MI,35.310001373291016,35.45000076293945,35.310001373291016,35.439998626708984,766
2023-12-19,USPA.MI,35.400001525878906,35.48500061035156,35.25,35.404998779296875,1662
2023-12-20,USPA.MI,35.470001220703125,35.54999923706055,35.345001220703125,35.54999923706055,3570
2023-12-21,USPA.MI,35.33000183105469,35.33000183105469,35.189998626708984,35.20500183105469,1662
2023-12-22,USPA.MI,35.220001220703125,35.34000015258789,35.220001220703125,35.34000015258789,267
2023-12-27,USPA.MI,35.349998474121094,35.35499954223633,35.040000915527344,35.1349983215332,573
2023-12-28,USPA.MI,35.150001525878906,35.349998474121094,35.150001525878906,35.349998474121094,323
2023-12-29,USPA.MI,35.435001373291016,35.435001373291016,35.255001068115234,35.255001068115234,152
2024-01-02,USPA.MI,35.494998931884766,36.04999923706055,35.33000183105469,35.3650016784668,1113
2024-01-03,USPA.MI,35.20000076293945,35.35499954223633,35.20000076293945,35.290000915527344,287
2024-01-04,USPA.MI,35.18000030517578,35.209999084472656,34.91999816894531,35.16999816894531,1296
2024-01-05,USPA.MI,35.04499816894531,35.06999969482422,34.9900016784668,35.06999969482422,565
2024-01-08,USPA.MI,35.060001373291016,35.220001220703125,34.994998931884766,35.185001373291016,4235
2024-01-09,USPA.MI,35.560001373291016,35.619998931884766,35.43000030517578,35.619998931884766,917
2024-01-10,USPA.MI,35.869998931884766,35.869998931884766,35.625,35.625,368
2024-01-11,USPA.MI,35.85499954223633,35.85499954223633,35.59000015258789,35.59000015258789,168
2024-01-12,USPA.MI,35.67499923706055,35.790000915527344,35.67499923706055,35.775001525878906,3045
2024-01-15,USPA.MI,35.88999938964844,35.88999938964844,35.83000183105469,35.83000183105469,495
2024-01-16,USPA.MI,35.76499938964844,36.10499954223633,35.76499938964844,36.060001373291016,1791
2024-01-17,USPA.MI,35.89500045776367,35.95000076293945,35.79499816894531,35.95000076293945,2186
2024-01-18,USPA.MI,35.8849983215332,36.27000045776367,35.8650016784668,36.15999984741211,71446
2024-01-19,USPA.MI,36.41999816894531,36.630001068115234,36.28499984741211,36.43000030517578,126781
2024-01-22,USPA.MI,36.68000030517578,36.91999816894531,36.68000030517578,36.834999084472656,666
2024-01-23,USPA.MI,36.869998931884766,36.95500183105469,36.869998931884766,36.939998626708984,551
2024-01-24,USPA.MI,37.279998779296875,37.279998779296875,36.974998474121094,37.10499954223633,1707
2024-01-25,USPA.MI,36.994998931884766,37.36000061035156,36.994998931884766,37.36000061035156,5947
2024-01-26,USPA.MI,37.130001068115234,37.224998474121094,37.125,37.224998474121094,557
2024-01-29,USPA.MI,37.41999816894531,37.459999084472656,37.34000015258789,37.3849983215332,731
2024-01-30,USPA.MI,37.650001525878906,37.689998626708984,37.48500061035156,37.595001220703125,2445
2024-01-31,USPA.MI,37.60499954223633,37.60499954223633,37.1150016784668,37.1150016784668,1063
2024-02-01,USPA.MI,37.17499923706055,37.19499969482422,36.94499969482422,36.94499969482422,497
2024-02-02,USPA.MI,37.43000030517578,37.834999084472656,37.43000030517578,37.834999084472656,765
2024-02-05,USPA.MI,37.970001220703125,38.1349983215332,37.970001220703125,38.005001068115234,914
2024-02-06,USPA.MI,38.125,38.125,38.08000183105469,38.08000183105469,267
2024-02-07,USPA.MI,38.19499969482422,38.334999084472656,38.19499969482422,38.334999084472656,142
2024-02-08,USPA.MI,38.415000915527344,38.470001220703125,38.369998931884766,38.369998931884766,270
2024-02-09,USPA.MI,38.47999954223633,38.625,38.459999084472656,38.57500076293945,270468
2024-02-12,USPA.MI,38.724998474121094,38.81999969482422,38.68000030517578,38.81999969482422,6767
2024-02-13,USPA.MI,38.47999954223633,38.525001525878906,38.30500030517578,38.47999954223633,1451
2024-02-14,USPA.MI,38.28499984741211,38.67499923706055,38.28499984741211,38.45500183105469,3574
2024-02-15,USPA.MI,38.709999084472656,38.7400016784668,38.505001068115234,38.60499954223633,2502
2024-02-16,USPA.MI,38.755001068115234,38.79499816894531,38.55500030517578,38.665000915527344,842
2024-02-19,USPA.MI,38.290000915527344,38.470001220703125,38.290000915527344,38.470001220703125,223
2024-02-20,USPA.MI,38.29999923706055,38.33000183105469,37.880001068115234,38.185001373291016,94857
2024-02-21,USPA.MI,37.935001373291016,37.974998474121094,37.79999923706055,37.8650016784668,1305
2024-02-22,USPA.MI,38.130001068115234,38.82500076293945,38.130001068115234,38.790000915527344,21301
2024-02-23,USPA.MI,39.14500045776367,39.14500045776367,38.92499923706055,39.005001068115234,455
2024-02-26,USPA.MI,38.915000915527344,39.025001525878906,38.86000061035156,38.88999938964844,1446
2024-02-27,USPA.MI,38.915000915527344,38.915000915527344,38.709999084472656,38.709999084472656,437
2024-02-28,USPA.MI,39.08000183105469,39.08000183105469,38.75,38.81999969482422,1616
2024-02-29,USPA.MI,38.93000030517578,38.9900016784668,38.67499923706055,38.9900016784668,429
2024-03-01,USPA.MI,39.13999938964844,39.2400016784668,39.025001525878906,39.2400016784668,120
2024-03-04,USPA.MI,39.255001068115234,39.28499984741211,39.20000076293945,39.275001525878906,3232
2024-03-05,USPA.MI,39.220001220703125,39.220001220703125,38.779998779296875,38.8650016784668,2723
2024-03-06,USPA.MI,38.75,38.970001220703125,38.75,38.96500015258789,1078
2024-03-07,USPA.MI,38.80500030517578,39.13999938964844,38.79499816894531,39.13999938964844,1192
2024-03-08,USPA.MI,39.290000915527344,39.415000915527344,39.095001220703125,39.095001220703125,4744
2024-03-11,USPA.MI,38.654998779296875,38.80500030517578,38.654998779296875,38.755001068115234,1102
2024-03-12,USPA.MI,39.16999816894531,39.22999954223633,38.849998474121094,39.22999954223633,885
2024-03-13,USPA.MI,39.369998931884766,39.404998779296875,39.220001220703125,39.220001220703125,800
2024-03-14,USPA.MI,39.349998474121094,39.375,39.18000030517578,39.18000030517578,1144
2024-03-15,USPA.MI,39.439998626708984,39.439998626708984,38.880001068115234,38.880001068115234,985
2024-03-18,USPA.MI,39.099998474121094,39.400001525878906,39.025001525878906,39.400001525878906,1045
2024-03-19,USPA.MI,39.275001525878906,39.38999938964844,39.150001525878906,39.38999938964844,50710
2024-03-20,USPA.MI,39.60499954223633,39.755001068115234,39.52000045776367,39.54499816894531,39910
2024-03-21,USPA.MI,39.88999938964844,40.20000076293945,39.83000183105469,40.20000076293945,2925
2024-03-22,USPA.MI,40.220001220703125,40.334999084472656,40.13999938964844,40.165000915527344,1230
2024-03-25,USPA.MI,40.04999923706055,40.04999923706055,39.959999084472656,39.959999084472656,418
2024-03-26,USPA.MI,40.0099983215332,40.095001220703125,40.0099983215332,40.060001373291016,968
2024-03-27,USPA.MI,40.0,40.060001373291016,39.96500015258789,40.005001068115234,992
2024-03-28,USPA.MI,40.48500061035156,40.48500061035156,40.275001525878906,40.275001525878906,508
2024-04-02,USPA.MI,40.39500045776367,40.39500045776367,39.8650016784668,39.88999938964844,2884
2024-04-03,USPA.MI,40.14500045776367,40.14500045776367,39.834999084472656,39.93000030517578,1876
2024-04-04,USPA.MI,39.85499954223633,39.90999984741211,39.61000061035156,39.90999984741211,1600
2024-04-05,USPA.MI,39.310001373291016,39.654998779296875,39.310001373291016,39.654998779296875,235
2024-04-08,USPA.MI,39.68000030517578,39.744998931884766,39.68000030517578,39.69499969482422,1633
2024-04-09,USPA.MI,39.685001373291016,39.790000915527344,39.3650016784668,39.439998626708984,1038
2024-04-10,USPA.MI,39.775001525878906,39.775001525878906,39.72999954223633,39.755001068115234,323
2024-04-11,USPA.MI,39.67499923706055,39.90999984741211,39.61000061035156,39.81999969482422,734
2024-04-12,USPA.MI,40.290000915527344,40.40999984741211,39.93000030517578,40.005001068115234,2583
2024-04-15,USPA.MI,39.900001525878906,40.08000183105469,39.880001068115234,39.880001068115234,1672
2024-04-16,USPA.MI,39.224998474121094,39.349998474121094,39.224998474121094,39.33000183105469,257
2024-04-17,USPA.MI,39.38999938964844,39.40999984741211,39.10499954223633,39.10499954223633,198
2024-04-18,USPA.MI,38.915000915527344,39.060001373291016,38.915000915527344,39.060001373291016,425
2024-04-19,USPA.MI,38.625,38.650001525878906,38.494998931884766,38.59000015258789,1210
2024-04-22,USPA.MI,38.79499816894531,38.8849983215332,38.59000015258789,38.59000015258789,1098
2024-04-23,USPA.MI,38.7599983215332,39.06999969482422,38.7599983215332,39.06999969482422,505
2024-04-24,USPA.MI,39.275001525878906,39.275001525878906,39.07500076293945,39.07500076293945,278
2024-04-25,USPA.MI,38.82500076293945,38.82500076293945,38.654998779296875,38.654998779296875,267
2024-04-26,USPA.MI,39.2400016784668,39.54499816894531,39.2400016784668,39.54499816894531,304
2024-04-29,USPA.MI,39.48500061035156,39.48500061035156,39.439998626708984,39.44499969482422,233
2024-04-30,USPA.MI,39.345001220703125,39.400001525878906,39.32500076293945,39.32500076293945,546
2024-05-02,USPA.MI,38.91999816894531,39.1150016784668,38.91999816894531,38.9900016784668,1585
2024-05-03,USPA.MI,39.36000061035156,39.36000061035156,39.189998626708984,39.349998474121094,320
2024-05-06,USPA.MI,39.525001525878906,39.630001068115234,39.525001525878906,39.630001068115234,514
2024-05-07,USPA.MI,39.86000061035156,39.95000076293945,39.86000061035156,39.935001373291016,1681
2024-05-08,USPA.MI,39.97999954223633,39.97999954223633,39.915000915527344,39.915000915527344,96
2024-05-09,USPA.MI,39.915000915527344,39.974998474121094,39.86000061035156,39.974998474121094,1155
2024-05-10,USPA.MI,40.16999816894531,40.16999816894531,40.1150016784668,40.119998931884766,348
2024-05-13,USPA.MI,40.38999938964844,40.38999938964844,40.06999969482422,40.06999969482422,210
2024-05-14,USPA.MI,40.099998474121094,40.099998474121094,40.04499816894531,40.04499816894531,157
2024-05-15,USPA.MI,40.130001068115234,40.34000015258789,40.11000061035156,40.34000015258789,604
2024-05-16,USPA.MI,40.51499938964844,40.6150016784668,40.47999954223633,40.58000183105469,53108
2024-05-17,USPA.MI,40.5099983215332,40.5099983215332,40.3650016784668,40.42499923706055,815
2024-05-20,USPA.MI,40.2599983215332,40.625,40.2599983215332,40.625,3267
2024-05-21,USPA.MI,40.45000076293945,40.54499816894531,40.435001373291016,40.51499938964844,2297
2024-05-22,USPA.MI,40.599998474121094,40.744998931884766,40.599998474121094,40.70000076293945,1091
2024-05-23,USPA.MI,41.03499984741211,41.03499984741211,40.685001373291016,40.685001373291016,248
2024-05-24,USPA.MI,40.3650016784668,40.505001068115234,40.36000061035156,40.505001068115234,966
2024-05-27,USPA.MI,40.42499923706055,40.55500030517578,40.404998779296875,40.505001068115234,28151
2024-05-28,USPA.MI,40.40999984741211,40.525001525878906,40.33000183105469,40.33000183105469,2623
2024-05-29,USPA.MI,40.20500183105469,40.36000061035156,40.16999816894531,40.36000061035156,953
2024-05-30,USPA.MI,40.19499969482422,40.19499969482422,39.95000076293945,39.98500061035156,783
2024-05-31,USPA.MI,40.08000183105469,40.08000183105469,39.6349983215332,39.6349983215332,355
2024-06-03,USPA.MI,40.279998779296875,40.314998626708984,40.0099983215332,40.0099983215332,1236
2024-06-04,USPA.MI,40.224998474121094,40.224998474121094,39.92499923706055,40.04999923706055,55407
2024-06-05,USPA.MI,40.349998474121094,40.599998474121094,40.349998474121094,40.599998474121094,341
2024-06-06,USPA.MI,40.78499984741211,40.84000015258789,40.76499938964844,40.76499938964844,346
2024-06-07,USPA.MI,40.83000183105469,41.185001373291016,40.7400016784668,41.09000015258789,2860
2024-06-10,USPA.MI,41.17499923706055,41.334999084472656,41.15999984741211,41.244998931884766,27005
2024-06-11,USPA.MI,41.26499938964844,41.39500045776367,41.21500015258789,41.39500045776367,1596
2024-06-12,USPA.MI,41.4900016784668,41.73500061035156,41.459999084472656,41.60499954223633,30181
2024-06-13,USPA.MI,41.654998779296875,41.78499984741211,41.599998474121094,41.755001068115234,1873
2024-06-14,USPA.MI,42.1150016784668,42.1150016784668,41.90999984741211,42.064998626708984,3320
2024-06-17,USPA.MI,42.10499954223633,42.15999984741211,42.060001373291016,42.15999984741211,460
2024-06-18,USPA.MI,42.44499969482422,42.48500061035156,42.310001373291016,42.34000015258789,391
2024-06-19,USPA.MI,42.494998931884766,42.494998931884766,42.41999816894531,42.439998626708984,995
2024-06-20,USPA.MI,42.71500015258789,42.720001220703125,42.560001373291016,42.560001373291016,794
2024-06-21,USPA.MI,42.4900016784668,42.54999923706055,42.45500183105469,42.51499938964844,417
2024-06-24,USPA.MI,42.04999923706055,42.58000183105469,42.04999923706055,42.58000183105469,2636
2024-06-25,USPA.MI,42.29999923706055,42.45500183105469,42.29999923706055,42.45000076293945,1475
2024-06-26,USPA.MI,42.45000076293945,42.45000076293945,42.45000076293945,42.45000076293945,0
2024-06-27,USPA.MI,42.57500076293945,42.595001220703125,42.53499984741211,42.53499984741211,344
2024-06-28,USPA.MI,42.70500183105469,42.73500061035156,42.665000915527344,42.665000915527344,176
2024-07-01,USPA.MI,42.584999084472656,42.584999084472656,42.349998474121094,42.3650016784668,3149
2024-07-02,USPA.MI,42.23500061035156,42.369998931884766,42.23500061035156,42.345001220703125,12370
2024-07-03,USPA.MI,42.689998626708984,42.70500183105469,42.380001068115234,42.52000045776367,12441
2024-07-04,USPA.MI,42.60499954223633,42.63999938964844,42.51499938964844,42.51499938964844,170
2024-07-05,USPA.MI,42.51499938964844,42.51499938964844,42.51499938964844,42.51499938964844,0
2024-07-08,USPA.MI,42.79499816894531,42.834999084472656,42.79499816894531,42.79499816894531,770
2024-07-09,USPA.MI,42.904998779296875,42.93000030517578,42.89500045776367,42.89500045776367,382
2024-07-10,USPA.MI,42.96500015258789,42.994998931884766,42.8849983215332,42.904998779296875,2700
2024-07-11,USPA.MI,43.05500030517578,43.099998474121094,42.779998779296875,42.779998779296875,34989
2024-07-12,USPA.MI,42.6349983215332,42.939998626708984,42.084999084472656,42.939998626708984,390372
2024-07-15,USPA.MI,42.9900016784668,43.09000015258789,42.88999938964844,43.09000015258789,115707
2024-07-16,USPA.MI,42.994998931884766,43.224998474121094,42.994998931884766,43.224998474121094,10
2024-07-17,USPA.MI,42.79499816894531,42.79499816894531,42.689998626708984,42.75,1204
2024-07-18,USPA.MI,42.720001220703125,42.720001220703125,42.5,42.5,123
2024-07-19,USPA.MI,42.27000045776367,42.439998626708984,42.16999816894531,42.16999816894531,7294
2024-07-22,USPA.MI,42.290000915527344,42.38999938964844,42.290000915527344,42.3849983215332,110
2024-07-23,USPA.MI,42.70000076293945,42.814998626708984,42.689998626708984,42.814998626708984,504
2024-07-24,USPA.MI,42.29499816894531,42.29499816894531,41.834999084472656,41.834999084472656,23
2024-07-25,USPA.MI,41.52000045776367,41.814998626708984,41.505001068115234,41.814998626708984,41955
2024-07-26,USPA.MI,41.720001220703125,41.814998626708984,41.720001220703125,41.814998626708984,481
2024-07-29,USPA.MI,42.05500030517578,42.25,41.994998931884766,41.994998931884766,1798
2024-07-30,USPA.MI,42.11000061035156,42.130001068115234,41.98500061035156,42.0099983215332,203
2024-07-31,USPA.MI,42.255001068115234,42.619998931884766,42.23500061035156,42.619998931884766,4981
2024-08-01,USPA.MI,42.73500061035156,42.76499938964844,42.38999938964844,42.38999938964844,281
2024-08-02,USPA.MI,41.70000076293945,41.70000076293945,40.63999938964844,40.63999938964844,213
2024-08-05,USPA.MI,39.85499954223633,40.01499938964844,39.36000061035156,39.83000183105469,3719
2024-08-06,USPA.MI,39.83000183105469,39.83000183105469,39.83000183105469,39.83000183105469,0
2024-08-07,USPA.MI,40.2400016784668,40.7400016784668,40.2400016784668,40.6349983215332,659
2024-08-08,USPA.MI,39.98500061035156,40.619998931884766,39.650001525878906,40.55500030517578,1667
2024-08-09,USPA.MI,40.834999084472656,40.834999084472656,40.689998626708984,40.689998626708984,244
2024-08-12,USPA.MI,40.8650016784668,40.8650016784668,40.72999954223633,40.72999954223633,393
2024-08-13,USPA.MI,40.9900016784668,41.26499938964844,40.93000030517578,41.15999984741211,440
2024-08-14,USPA.MI,41.185001373291016,41.185001373291016,41.154998779296875,41.154998779296875,267
2024-08-16,USPA.MI,41.8849983215332,41.974998474121094,41.8849983215332,41.974998474121094,80
2024-08-19,USPA.MI,41.93000030517578,42.03499984741211,41.93000030517578,42.03499984741211,27
2024-08-20,USPA.MI,42.03499984741211,42.03499984741211,42.03499984741211,42.03499984741211,0
2024-08-21,USPA.MI,42.025001525878906,42.05500030517578,41.9900016784668,41.9900016784668,911
2024-08-22,USPA.MI,42.060001373291016,42.10499954223633,41.994998931884766,41.994998931884766,490
2024-08-23,USPA.MI,41.994998931884766,41.994998931884766,41.994998931884766,41.994998931884766,0
2024-08-26,USPA.MI,42.084999084472656,42.084999084472656,41.92499923706055,41.92499923706055,198
2024-08-27,USPA.MI,41.619998931884766,41.970001220703125,41.619998931884766,41.90999984741211,338
2024-08-28,USPA.MI,42.03499984741211,42.14500045776367,41.8650016784668,41.8650016784668,2246
2024-08-29,USPA.MI,42.154998779296875,42.400001525878906,42.040000915527344,42.34000015258789,698
2024-08-30,USPA.MI,42.14500045776367,42.154998779296875,42.095001220703125,42.154998779296875,296
2024-09-02,USPA.MI,42.154998779296875,42.154998779296875,42.154998779296875,42.154998779296875,0
2024-09-03,USPA.MI,42.529998779296875,42.529998779296875,42.224998474121094,42.224998474121094,313
2024-09-04,USPA.MI,42.224998474121094,42.224998474121094,42.224998474121094,42.224998474121094,0
2024-09-05,USPA.MI,41.69499969482422,41.744998931884766,41.4900016784668,41.4900016784668,7652
2024-09-06,USPA.MI,41.27000045776367,41.435001373291016,40.96500015258789,40.96500015258789,799
2024-09-09,USPA.MI,41.310001373291016,41.46500015258789,41.310001373291016,41.46500015258789,1072
2024-09-10,USPA.MI,41.529998779296875,41.779998779296875,41.529998779296875,41.779998779296875,576
2024-09-11,USPA.MI,41.45000076293945,41.45000076293945,41.3849983215332,41.39500045776367,12
2024-09-12,USPA.MI,42.04999923706055,42.3849983215332,42.04999923706055,42.20500183105469,572
2024-09-13,USPA.MI,42.38999938964844,42.584999084472656,42.33000183105469,42.584999084472656,683
2024-09-16,USPA.MI,42.584999084472656,42.584999084472656,42.584999084472656,42.584999084472656,0
2024-09-17,USPA.MI,42.52000045776367,42.67499923706055,42.47999954223633,42.625,1054
2024-09-18,USPA.MI,42.42499923706055,42.435001373291016,42.36000061035156,42.36000061035156,550
2024-09-19,USPA.MI,42.709999084472656,42.96500015258789,42.64500045776367,42.84000015258789,991
2024-09-20,USPA.MI,42.70500183105469,42.70500183105469,42.45000076293945,42.56999969482422,1713
2024-09-23,USPA.MI,42.94499969482422,42.94499969482422,42.8650016784668,42.8650016784668,235
2024-09-24,USPA.MI,42.974998474121094,43.0099983215332,42.744998931884766,42.744998931884766,774
2024-09-25,USPA.MI,42.72999954223633,42.8650016784668,42.66999816894531,42.8650016784668,154
2024-09-26,USPA.MI,43.224998474121094,43.279998779296875,42.775001525878906,42.775001525878906,201
2024-09-27,USPA.MI,43.16999816894531,43.17499923706055,42.96500015258789,43.06999969482422,202
2024-09-30,USPA.MI,42.875,43.01499938964844,42.79499816894531,43.01499938964844,36
2024-10-01,USPA.MI,43.290000915527344,43.369998931884766,42.96500015258789,42.96500015258789,264
2024-10-02,USPA.MI,42.939998626708984,43.19499969482422,42.845001220703125,43.19499969482422,551
2024-10-03,USPA.MI,43.09000015258789,43.185001373291016,43.005001068115234,43.185001373291016,364
2024-10-04,USPA.MI,43.5,43.52000045776367,43.290000915527344,43.290000915527344,41
2024-10-07,USPA.MI,43.720001220703125,43.72999954223633,43.44499969482422,43.540000915527344,9785
2024-10-08,USPA.MI,43.29999923706055,43.845001220703125,43.220001220703125,43.845001220703125,1435
2024-10-09,USPA.MI,43.845001220703125,43.845001220703125,43.845001220703125,43.845001220703125,0
2024-10-10,USPA.MI,44.18000030517578,44.35499954223633,44.130001068115234,44.15999984741211,1610
2024-10-11,USPA.MI,44.1349983215332,44.2400016784668,44.04499816894531,44.2400016784668,6
2024-10-14,USPA.MI,44.3849983215332,44.900001525878906,44.3849983215332,44.900001525878906,848
2024-10-15,USPA.MI,44.90999984741211,44.90999984741211,44.90999984741211,44.90999984741211,22
2024-10-16,USPA.MI,44.70000076293945,44.71500015258789,44.58000183105469,44.63999938964844,39
2024-10-17,USPA.MI,45.0099983215332,45.220001220703125,45.0,45.07500076293945,1373
2024-10-18,USPA.MI,45.099998474121094,45.099998474121094,44.8650016784668,44.98500061035156,81725
2024-10-21,USPA.MI,45.060001373291016,45.060001373291016,44.82500076293945,44.85499954223633,20261
2024-10-22,USPA.MI,44.880001068115234,44.98500061035156,44.834999084472656,44.96500015258789,2910
2024-10-23,USPA.MI,45.15999984741211,45.15999984741211,44.90999984741211,44.90999984741211,4771
2024-10-24,USPA.MI,44.91999816894531,45.01499938964844,44.80500030517578,44.80500030517578,17081
2024-10-25,USPA.MI,44.67499923706055,45.060001373291016,44.67499923706055,45.060001373291016,67
2024-10-28,USPA.MI,45.064998626708984,45.09000015258789,45.025001525878906,45.029998779296875,530
2024-10-29,USPA.MI,45.0,45.15999984741211,44.93000030517578,45.15999984741211,302
2024-10-30,USPA.MI,45.15999984741211,45.15999984741211,45.03499984741211,45.05500030517578,602
2024-10-31,USPA.MI,44.46500015258789,44.505001068115234,44.1150016784668,44.1150016784668,4452
2024-11-01,USPA.MI,44.029998779296875,44.45500183105469,44.005001068115234,44.45500183105469,4992
2024-11-04,USPA.MI,44.064998626708984,44.064998626708984,43.974998474121094,43.994998931884766,541
2024-11-05,USPA.MI,43.994998931884766,44.15999984741211,43.994998931884766,44.15999984741211,105
2024-11-06,USPA.MI,45.494998931884766,46.21500015258789,45.494998931884766,45.869998931884766,70806
2024-11-07,USPA.MI,46.095001220703125,46.275001525878906,46.084999084472656,46.275001525878906,968
2024-11-08,USPA.MI,46.59000015258789,46.970001220703125,46.45000076293945,46.970001220703125,5652
2024-11-11,USPA.MI,47.255001068115234,47.275001525878906,47.255001068115234,47.275001525878906,90
2024-11-12,USPA.MI,47.28499984741211,47.40999984741211,47.255001068115234,47.40999984741211,1140
2024-11-13,USPA.MI,47.1150016784668,47.41999816894531,47.1150016784668,47.41999816894531,265
2024-11-14,USPA.MI,47.52000045776367,47.8849983215332,47.2400016784668,47.2400016784668,80341
2024-11-15,USPA.MI,46.80500030517578,46.80500030517578,46.46500015258789,46.6150016784668,1399
2024-11-18,USPA.MI,46.505001068115234,46.58000183105469,46.505001068115234,46.58000183105469,264
2024-11-19,USPA.MI,46.404998779296875,46.505001068115234,46.404998779296875,46.505001068115234,310
2024-11-20,USPA.MI,47.165000915527344,47.165000915527344,47.165000915527344,47.165000915527344,1210
2024-11-21,USPA.MI,46.849998474121094,47.150001525878906,46.720001220703125,47.150001525878906,238
2024-11-22,USPA.MI,47.45500183105469,47.744998931884766,47.45500183105469,47.744998931884766,288
2024-11-25,USPA.MI,47.82500076293945,47.834999084472656,47.685001373291016,47.834999084472656,2370
2024-11-26,USPA.MI,47.619998931884766,47.904998779296875,47.619998931884766,47.904998779296875,66
2024-11-27,USPA.MI,47.72999954223633,47.72999954223633,47.3849983215332,47.3849983215332,74
2024-11-28,USPA.MI,47.525001525878906,47.599998474121094,47.5099983215332,47.599998474121094,163
2024-11-29,USPA.MI,47.65999984741211,47.7400016784668,47.529998779296875,47.7400016784668,31
2024-12-02,USPA.MI,47.900001525878906,48.45000076293945,47.79499816894531,48.45000076293945,695
2024-12-03,USPA.MI,48.040000915527344,48.125,48.040000915527344,48.10499954223633,1171
2024-12-04,USPA.MI,48.42499923706055,48.529998779296875,48.20000076293945,48.314998626708984,935
2024-12-05,USPA.MI,48.380001068115234,48.380001068115234,48.2400016784668,48.2400016784668,391
2024-12-06,USPA.MI,48.084999084472656,48.380001068115234,47.970001220703125,48.380001068115234,539
2024-12-09,USPA.MI,48.31999969482422,48.33000183105469,48.04999923706055,48.04999923706055,1456
2024-12-10,USPA.MI,48.185001373291016,48.42499923706055,48.185001373291016,48.3849983215332,653
2024-12-11,USPA.MI,48.3849983215332,48.779998779296875,48.31999969482422,48.75,340
2024-12-12,USPA.MI,48.64500045776367,48.73500061035156,48.64500045776367,48.724998474121094,784
2024-12-13,USPA.MI,48.625,48.66999816894531,48.310001373291016,48.310001373291016,6496
2024-12-16,USPA.MI,48.18000030517578,48.439998626708984,48.18000030517578,48.439998626708984,299
2024-12-17,USPA.MI,48.310001373291016,48.42499923706055,48.290000915527344,48.36000061035156,2979
2024-12-18,USPA.MI,48.505001068115234,48.66999816894531,48.34000015258789,48.66999816894531,460
2024-12-19,USPA.MI,48.10499954223633,48.10499954223633,47.52000045776367,47.86000061035156,1458
2024-12-20,USPA.MI,47.040000915527344,47.900001525878906,46.900001525878906,47.900001525878906,1255
2024-12-23,USPA.MI,47.400001525878906,48.0,47.400001525878906,47.8849983215332,488
2024-12-27,USPA.MI,48.47999954223633,48.47999954223633,47.79999923706055,47.79999923706055,98
2024-12-30,USPA.MI,47.915000915527344,47.915000915527344,47.60499954223633,47.60499954223633,24
2025-01-02,USPA.MI,47.939998626708984,48.2599983215332,47.939998626708984,48.2599983215332,350
2025-01-03,USPA.MI,48.255001068115234,48.255001068115234,47.849998474121094,48.11000061035156,53
2025-01-06,USPA.MI,48.11000061035156,48.11000061035156,48.11000061035156,48.11000061035156,0
2025-01-07,USPA.MI,47.93000030517578,48.20500183105469,47.93000030517578,48.04999923706055,3177
2025-01-08,USPA.MI,48.005001068115234,48.1150016784668,47.8849983215332,47.974998474121094,2128
2025-01-09,USPA.MI,48.0,48.0099983215332,48.0,48.0099983215332,12
2025-01-10,USPA.MI,48.0,48.06999969482422,47.55500030517578,47.55500030517578,269
2025-01-13,USPA.MI,47.29499816894531,47.39500045776367,47.279998779296875,47.3849983215332,3227
2025-01-14,USPA.MI,47.54499816894531,47.779998779296875,47.54499816894531,47.665000915527344,3558
2025-01-15,USPA.MI,47.415000915527344,48.165000915527344,47.415000915527344,48.165000915527344,305
2025-01-16,USPA.MI,48.40999984741211,48.40999984741211,48.29999923706055,48.29999923706055,218
2025-01-17,USPA.MI,48.33000183105469,48.70500183105469,48.290000915527344,48.70500183105469,191
2025-01-20,USPA.MI,48.5099983215332,48.5099983215332,48.23500061035156,48.369998931884766,1412
2025-01-21,USPA.MI,48.505001068115234,48.505001068115234,48.224998474121094,48.224998474121094,83
2025-01-22,USPA.MI,48.51499938964844,48.71500015258789,48.51499938964844,48.71500015258789,359
2025-01-23,USPA.MI,48.68000030517578,48.8849983215332,48.57500076293945,48.8849983215332,90932
2025-01-24,USPA.MI,48.75,48.75,48.5,48.53499984741211,871
2025-01-27,USPA.MI,47.65999984741211,47.83000183105469,47.154998779296875,47.83000183105469,58951
2025-01-28,USPA.MI,48.3849983215332,48.685001373291016,48.255001068115234,48.64500045776367,12080
2025-01-29,USPA.MI,48.845001220703125,48.994998931884766,48.70500183105469,48.70500183105469,3456
2025-01-30,USPA.MI,48.81999969482422,48.91999816894531,48.560001373291016,48.65999984741211,5458
2025-01-31,USPA.MI,49.18000030517578,49.33000183105469,49.18000030517578,49.29499816894531,2505
2025-02-03,USPA.MI,48.85499954223633,48.95500183105469,48.595001220703125,48.95500183105469,1175
2025-02-04,USPA.MI,48.525001525878906,48.685001373291016,48.525001525878906,48.685001373291016,160
2025-02-05,USPA.MI,48.185001373291016,48.345001220703125,48.119998931884766,48.345001220703125,145
2025-02-06,USPA.MI,48.91999816894531,49.005001068115234,48.900001525878906,48.900001525878906,504
2025-02-07,USPA.MI,48.9900016784668,48.9900016784668,48.82500076293945,48.82500076293945,202
2025-02-10,USPA.MI,49.060001373291016,49.220001220703125,48.935001373291016,49.220001220703125,299
2025-02-11,USPA.MI,48.95500183105469,49.084999084472656,48.95000076293945,49.084999084472656,1052
2025-02-12,USPA.MI,48.959999084472656,48.959999084472656,48.6349983215332,48.71500015258789,1062
2025-02-13,USPA.MI,48.63999938964844,48.86000061035156,48.619998931884766,48.86000061035156,543
2025-02-14,USPA.MI,49.0,49.0,48.82500076293945,48.880001068115234,1366
2025-02-17,USPA.MI,48.95500183105469,49.099998474121094,48.95500183105469,49.04999923706055,991
2025-02-18,USPA.MI,49.19499969482422,49.19499969482422,49.07500076293945,49.09000015258789,1361
2025-02-19,USPA.MI,49.40999984741211,49.40999984741211,49.40999984741211,49.40999984741211,253
2025-02-20,USPA.MI,49.2400016784668,49.29499816894531,48.935001373291016,48.935001373291016,3975
2025-02-21,USPA.MI,49.13999938964844,49.13999938964844,48.810001373291016,48.875,715
2025-02-24,USPA.MI,48.27000045776367,48.53499984741211,48.27000045776367,48.334999084472656,1354
2025-02-25,USPA.MI,47.904998779296875,47.939998626708984,47.5,47.5,35
2025-02-26,USPA.MI,47.869998931884766,47.994998931884766,47.869998931884766,47.94499969482422,794
2025-02-27,USPA.MI,47.880001068115234,48.404998779296875,47.880001068115234,48.404998779296875,4862
2025-02-28,USPA.MI,47.595001220703125,47.595001220703125,47.470001220703125,47.48500061035156,315
2025-03-03,USPA.MI,48.11000061035156,48.11000061035156,47.78499984741211,47.78499984741211,393
2025-03-04,USPA.MI,46.875,46.95000076293945,46.09000015258789,46.09000015258789,1090
2025-03-05,USPA.MI,45.81999969482422,45.939998626708984,45.13999938964844,45.13999938964844,15201
2025-03-06,USPA.MI,45.20000076293945,45.40999984741211,44.91999816894531,45.154998779296875,722
2025-03-07,USPA.MI,44.75,44.75,44.3849983215332,44.3849983215332,3009
2025-03-10,USPA.MI,44.89500045776367,44.89500045776367,44.14500045776367,44.14500045776367,206
2025-03-11,USPA.MI,43.70500183105469,43.72999954223633,42.880001068115234,42.880001068115234,3240
2025-03-12,USPA.MI,43.25,43.380001068115234,43.2400016784668,43.2400016784668,1235
2025-03-13,USPA.MI,43.30500030517578,43.314998626708984,42.869998931884766,42.869998931884766,50877
2025-03-14,USPA.MI,43.0,43.44499969482422,43.0,43.369998931884766,347
2025-03-17,USPA.MI,43.55500030517578,43.55500030517578,43.28499984741211,43.55500030517578,1632
2025-03-18,USPA.MI,43.525001525878906,43.525001525878906,43.095001220703125,43.16999816894531,4714
2025-03-19,USPA.MI,43.290000915527344,43.625,43.290000915527344,43.625,3419
2025-03-20,USPA.MI,43.974998474121094,44.20500183105469,43.625,43.79499816894531,17018
2025-03-21,USPA.MI,43.66999816894531,43.77000045776367,43.474998474121094,43.77000045776367,1162
2025-03-24,USPA.MI,44.275001525878906,44.970001220703125,44.275001525878906,44.970001220703125,22311
2025-03-25,USPA.MI,44.76499938964844,44.89500045776367,44.76499938964844,44.845001220703125,254
2025-03-26,USPA.MI,44.84000015258789,45.029998779296875,44.4900016784668,44.4900016784668,6869
2025-03-27,USPA.MI,44.4900016784668,44.4900016784668,44.4900016784668,44.4900016784668,0
2025-03-28,USPA.MI,44.35499954223633,44.40999984741211,43.415000915527344,43.415000915527344,8369
2025-03-31,USPA.MI,42.90999984741211,43.36000061035156,42.900001525878906,43.36000061035156,29546
2025-04-01,USPA.MI,43.56999969482422,43.98500061035156,43.369998931884766,43.98500061035156,1080
2025-04-02,USPA.MI,43.70500183105469,43.83000183105469,43.70500183105469,43.83000183105469,249
2025-04-03,USPA.MI,41.5,41.79499816894531,41.349998474121094,41.79499816894531,54379
2025-04-04,USPA.MI,41.084999084472656,41.084999084472656,39.875,39.900001525878906,68
2025-04-07,USPA.MI,36.70000076293945,38.33000183105469,36.70000076293945,38.19499969482422,2830
2025-04-08,USPA.MI,39.494998931884766,40.22999954223633,39.4900016784668,39.959999084472656,2845
2025-04-09,USPA.MI,37.650001525878906,38.17499923706055,37.650001525878906,38.02000045776367,1847
2025-04-10,USPA.MI,41.814998626708984,41.814998626708984,39.5,39.5,1035
2025-04-11,USPA.MI,39.04999923706055,39.40999984741211,38.96500015258789,38.96500015258789,1336
2025-04-14,USPA.MI,40.040000915527344,40.06999969482422,39.849998474121094,40.06999969482422,167
2025-04-15,USPA.MI,40.11000061035156,40.23500061035156,40.06999969482422,40.23500061035156,713
2025-04-16,USPA.MI,39.59000015258789,39.625,39.540000915527344,39.540000915527344,929
2025-04-17,USPA.MI,39.244998931884766,39.30500030517578,38.915000915527344,38.915000915527344,944
2025-04-22,USPA.MI,38.185001373291016,38.63999938964844,38.185001373291016,38.52000045776367,3464
2025-04-23,USPA.MI,39.880001068115234,39.900001525878906,39.73500061035156,39.900001525878906,746
2025-04-24,USPA.MI,39.529998779296875,40.18000030517578,39.45500183105469,40.18000030517578,305
2025-04-25,USPA.MI,40.630001068115234,40.630001068115234,40.36000061035156,40.42499923706055,1056
2025-04-28,USPA.MI,40.70000076293945,40.915000915527344,40.47999954223633,40.47999954223633,3025
2025-04-29,USPA.MI,40.810001373291016,40.869998931884766,40.55500030517578,40.76499938964844,3436
2025-04-30,USPA.MI,40.88999938964844,41.005001068115234,40.81999969482422,40.81999969482422,627
2025-05-02,USPA.MI,41.79999923706055,41.98500061035156,41.6349983215332,41.98500061035156,86
2025-05-05,USPA.MI,41.689998626708984,41.98500061035156,41.58000183105469,41.98500061035156,2258
2025-05-06,USPA.MI,41.89500045776367,41.89500045776367,41.540000915527344,41.69499969482422,479
2025-05-07,USPA.MI,41.77000045776367,41.77000045776367,41.494998931884766,41.494998931884766,1012
2025-05-08,USPA.MI,42.2400016784668,42.279998779296875,42.2400016784668,42.279998779296875,267
2025-05-09,USPA.MI,42.380001068115234,42.400001525878906,42.26499938964844,42.29999923706055,644
2025-05-12,USPA.MI,43.564998626708984,44.13999938964844,43.564998626708984,43.869998931884766,666
2025-05-13,USPA.MI,44.040000915527344,44.380001068115234,43.970001220703125,44.28499984741211,2191
2025-05-14,USPA.MI,43.935001373291016,44.35499954223633,43.935001373291016,44.25,1462
2025-05-15,USPA.MI,44.45500183105469,44.45500183105469,44.45500183105469,44.45500183105469,21
2025-05-16,USPA.MI,44.56999969482422,44.79499816894531,44.56999969482422,44.79499816894531,112
2025-05-19,USPA.MI,44.0099983215332,44.44499969482422,43.95000076293945,44.44499969482422,696
2025-05-20,USPA.MI,44.44499969482422,44.57500076293945,44.44499969482422,44.505001068115234,96
2025-05-21,USPA.MI,43.86000061035156,44.119998931884766,43.86000061035156,44.099998474121094,404
2025-05-22,USPA.MI,43.57500076293945,43.685001373291016,43.57500076293945,43.68000030517578,239
2025-05-23,USPA.MI,43.56999969482422,43.56999969482422,43.084999084472656,43.1150016784668,398
2025-05-26,USPA.MI,43.349998474121094,43.400001525878906,43.349998474121094,43.400001525878906,45
2025-05-27,USPA.MI,43.46500015258789,43.834999084472656,43.46500015258789,43.834999084472656,206
2025-05-28,USPA.MI,43.834999084472656,43.834999084472656,43.834999084472656,43.834999084472656,0
2025-05-29,USPA.MI,43.90999984741211,43.90999984741211,43.630001068115234,43.88999938964844,4333
2025-05-30,USPA.MI,43.80500030517578,43.814998626708984,43.724998474121094,43.76499938964844,338
2025-06-02,USPA.MI,43.32500076293945,43.32500076293945,43.084999084472656,43.29999923706055,95
2025-06-03,USPA.MI,43.53499984741211,43.95000076293945,43.53499984741211,43.95000076293945,742
2025-06-04,USPA.MI,44.11000061035156,44.11000061035156,43.97999954223633,43.97999954223633,557
2025-06-05,USPA.MI,43.869998931884766,44.05500030517578,43.84000015258789,44.05500030517578,3672
2025-06-06,USPA.MI,44.27000045776367,44.27000045776367,44.27000045776367,44.27000045776367,97
2025-06-09,USPA.MI,44.1349983215332,44.435001373291016,44.1349983215332,44.165000915527344,681
2025-06-10,USPA.MI,44.36000061035156,44.4900016784668,44.185001373291016,44.29499816894531,1412
2025-06-11,USPA.MI,44.380001068115234,44.380001068115234,44.34000015258789,44.34000015258789,26
2025-06-12,USPA.MI,43.48500061035156,43.904998779296875,43.48500061035156,43.904998779296875,645
2025-06-13,USPA.MI,43.70500183105469,43.70500183105469,43.560001373291016,43.560001373291016,598
2025-06-16,USPA.MI,43.45500183105469,43.7599983215332,43.45500183105469,43.69499969482422,1106
2025-06-17,USPA.MI,43.71500015258789,43.71500015258789,43.71500015258789,43.71500015258789,4
2025-06-18,USPA.MI,43.6349983215332,43.68000030517578,43.6349983215332,43.68000030517578,65
2025-06-19,USPA.MI,43.564998626708984,43.564998626708984,43.165000915527344,43.165000915527344,370
2025-06-20,USPA.MI,43.165000915527344,43.165000915527344,43.165000915527344,43.165000915527344,0
2025-06-23,USPA.MI,43.54999923706055,43.54999923706055,43.39500045776367,43.39500045776367,82
2025-06-24,USPA.MI,43.94499969482422,43.98500061035156,43.81999969482422,43.81999969482422,947
2025-06-25,USPA.MI,43.9900016784668,44.1150016784668,43.900001525878906,43.900001525878906,1169
2025-06-26,USPA.MI,43.77000045776367,43.79999923706055,43.619998931884766,43.665000915527344,1359
2025-06-27,USPA.MI,43.84000015258789,44.025001525878906,43.84000015258789,44.025001525878906,1174
2025-06-30,USPA.MI,44.1150016784668,44.1150016784668,43.98500061035156,43.98500061035156,44
2025-07-01,USPA.MI,43.93000030517578,43.974998474121094,43.93000030517578,43.974998474121094,93
2025-07-02,USPA.MI,44.04999923706055,44.04999923706055,44.0099983215332,44.0099983215332,457
2025-07-03,USPA.MI,44.560001373291016,44.56999969482422,44.45000076293945,44.56999969482422,316
2025-07-04,USPA.MI,44.56999969482422,44.56999969482422,44.56999969482422,44.56999969482422,0
2025-07-07,USPA.MI,44.45500183105469,44.45500183105469,44.41999816894531,44.41999816894531,125
2025-07-08,USPA.MI,44.45500183105469,44.494998931884766,44.41999816894531,44.41999816894531,487
2025-07-09,USPA.MI,44.525001525878906,44.6150016784668,44.439998626708984,44.439998626708984,5760
2025-07-10,USPA.MI,44.435001373291016,44.779998779296875,44.435001373291016,44.779998779296875,335
2025-07-11,USPA.MI,44.48500061035156,44.51499938964844,44.48500061035156,44.51499938964844,146
2025-07-14,USPA.MI,44.32500076293945,44.51499938964844,44.32500076293945,44.51499938964844,252
2025-07-15,USPA.MI,44.904998779296875,44.904998779296875,44.904998779296875,44.904998779296875,12
2025-07-16,USPA.MI,44.904998779296875,44.904998779296875,44.904998779296875,44.904998779296875,0
2025-07-17,USPA.MI,44.98500061035156,45.09000015258789,44.98500061035156,45.09000015258789,170
2025-07-18,USPA.MI,45.04499816894531,45.05500030517578,44.88999938964844,44.89500045776367,2244
2025-07-21,USPA.MI,44.94499969482422,44.94499969482422,44.94499969482422,44.94499969482422,66
2025-07-22,USPA.MI,44.79499816894531,44.79499816894531,44.685001373291016,44.685001373291016,538
2025-07-23,USPA.MI,44.89500045776367,44.93000030517578,44.89500045776367,44.93000030517578,104
2025-07-24,USPA.MI,44.994998931884766,44.994998931884766,44.994998931884766,44.994998931884766,5
2025-07-25,USPA.MI,45.21500015258789,45.21500015258789,45.150001525878906,45.20500183105469,616
2025-07-28,USPA.MI,45.5,45.70500183105469,45.494998931884766,45.70500183105469,602
2025-07-29,USPA.MI,46.14500045776367,46.14500045776367,45.95000076293945,45.95000076293945,1058
2025-07-30,USPA.MI,45.935001373291016,46.185001373291016,45.93000030517578,46.185001373291016,48
2025-07-31,USPA.MI,46.59000015258789,46.685001373291016,46.35499954223633,46.35499954223633,164
2025-08-01,USPA.MI,45.93000030517578,45.93000030517578,44.83000183105469,44.83000183105469,146
2025-08-04,USPA.MI,44.959999084472656,45.34000015258789,44.79499816894531,45.34000015258789,1857
2025-08-05,USPA.MI,45.665000915527344,45.689998626708984,45.22999954223633,45.22999954223633,479
2025-08-06,USPA.MI,45.2599983215332,45.290000915527344,44.970001220703125,45.290000915527344,3516
2025-08-07,USPA.MI,45.43000030517578,45.560001373291016,45.369998931884766,45.369998931884766,3968
2025-08-08,USPA.MI,45.48500061035156,45.564998626708984,45.334999084472656,45.540000915527344,2479
2025-08-11,USPA.MI,45.8650016784668,45.8650016784668,45.834999084472656,45.834999084472656,1060
2025-08-12,USPA.MI,45.755001068115234,45.755001068115234,45.70000076293945,45.70000076293945,47
2025-08-13,USPA.MI,45.70000076293945,45.70000076293945,45.70000076293945,45.70000076293945,0
2025-08-14,USPA.MI,46.0,46.060001373291016,46.0,46.029998779296875,50
2025-08-18,USPA.MI,45.98500061035156,45.98500061035156,45.98500061035156,45.98500061035156,14
2025-08-19,USPA.MI,46.04999923706055,46.04999923706055,45.93000030517578,45.93000030517578,78
2025-08-20,USPA.MI,45.93000030517578,45.93000030517578,45.93000030517578,45.93000030517578,0
2025-08-21,USPA.MI,45.744998931884766,45.85499954223633,45.64500045776367,45.85499954223633,1159
2025-08-22,USPA.MI,45.85499954223633,45.85499954223633,45.85499954223633,45.85499954223633,0
2025-08-25,USPA.MI,46.09000015258789,46.09000015258789,46.09000015258789,46.09000015258789,1
2025-08-26,USPA.MI,45.939998626708984,45.939998626708984,45.939998626708984,45.939998626708984,5
2025-08-27,USPA.MI,46.349998474121094,46.43000030517578,46.349998474121094,46.40999984741211,104
2025-08-28,USPA.MI,46.36000061035156,46.36000061035156,46.1349983215332,46.15999984741211,617
2025-08-29,USPA.MI,46.15999984741211,46.15999984741211,46.15999984741211,46.15999984741211,0
2025-09-01,USPA.MI,45.97999954223633,46.07500076293945,45.97999954223633,46.07500076293945,82
2025-09-02,USPA.MI,45.78499984741211,45.814998626708984,45.474998474121094,45.474998474121094,1735
2025-09-03,USPA.MI,46.060001373291016,46.07500076293945,46.0,46.0,211
2025-09-04,USPA.MI,46.0,46.0,46.0,46.0,0
2025-09-05,USPA.MI,46.45500183105469,46.45500183105469,45.92499923706055,45.92499923706055,3818
2025-09-08,USPA.MI,46.209999084472656,46.209999084472656,46.04499816894531,46.16999816894531,816
2025-09-09,USPA.MI,46.255001068115234,46.255001068115234,46.255001068115234,46.255001068115234,6463
2025-09-10,USPA.MI,46.505001068115234,46.505001068115234,46.345001220703125,46.345001220703125,21
2025-09-11,USPA.MI,46.459999084472656,46.64500045776367,46.459999084472656,46.64500045776367,636
2025-09-12,USPA.MI,46.689998626708984,46.814998626708984,46.540000915527344,46.814998626708984,1750
2025-09-15,USPA.MI,46.84000015258789,46.935001373291016,46.744998931884766,46.869998931884766,81
2025-09-16,USPA.MI,46.45500183105469,46.505001068115234,46.45500183105469,46.505001068115234,568
2025-09-17,USPA.MI,46.505001068115234,46.505001068115234,46.505001068115234,46.505001068115234,0
2025-09-18,USPA.MI,46.90999984741211,47.060001373291016,46.90999984741211,47.060001373291016,245
2025-09-19,USPA.MI,47.18000030517578,47.18000030517578,47.119998931884766,47.119998931884766,10
2025-09-22,USPA.MI,47.119998931884766,47.375,47.09000015258789,47.375,252
2025-09-23,USPA.MI,47.44499969482422,47.44499969482422,47.224998474121094,47.224998474121094,1246
2025-09-24,USPA.MI,47.119998931884766,47.34000015258789,47.119998931884766,47.18000030517578,20
2025-09-25,USPA.MI,47.18000030517578,47.18000030517578,47.18000030517578,47.18000030517578,0
2025-09-26,USPA.MI,47.1349983215332,47.189998626708984,47.119998931884766,47.125,573
2025-09-29,USPA.MI,47.26499938964844,47.35499954223633,47.26499938964844,47.314998626708984,1293
2025-09-30,USPA.MI,47.244998931884766,47.275001525878906,47.130001068115234,47.275001525878906,142
2025-10-01,USPA.MI,46.96500015258789,47.6349983215332,46.96500015258789,47.6349983215332,742
2025-10-02,USPA.MI,47.83000183105469,47.880001068115234,47.75,47.79999923706055,8810
2025-10-03,USPA.MI,47.880001068115234,47.8849983215332,47.869998931884766,47.8849983215332,2
2025-10-06,USPA.MI,48.279998779296875,48.279998779296875,47.875,48.04499816894531,1884
2025-10-07,USPA.MI,48.14500045776367,48.415000915527344,48.084999084472656,48.084999084472656,3096
2025-10-08,USPA.MI,48.310001373291016,48.529998779296875,48.20000076293945,48.529998779296875,1967
2025-10-09,USPA.MI,48.584999084472656,48.64500045776367,48.584999084472656,48.64500045776367,233
2025-10-10,USPA.MI,48.57500076293945,48.66999816894531,47.744998931884766,47.744998931884766,1695
2025-10-13,USPA.MI,47.814998626708984,47.939998626708984,47.814998626708984,47.939998626708984,211
2025-10-14,USPA.MI,47.654998779296875,47.654998779296875,47.61000061035156,47.61000061035156,749
2025-10-15,USPA.MI,47.974998474121094,48.150001525878906,47.970001220703125,47.970001220703125,240
2025-10-16,USPA.MI,47.79999923706055,47.79999923706055,47.79999923706055,47.79999923706055,2
2025-10-17,USPA.MI,47.19499969482422,47.73500061035156,47.19499969482422,47.45000076293945,216
2025-10-20,USPA.MI,48.029998779296875,48.28499984741211,47.959999084472656,48.28499984741211,24
2025-10-21,USPA.MI,48.4900016784668,48.630001068115234,48.4900016784668,48.630001068115234,367
2025-10-22,USPA.MI,48.63999938964844,48.755001068115234,48.369998931884766,48.369998931884766,218
2025-10-23,USPA.MI,48.334999084472656,48.41999816894531,48.334999084472656,48.41999816894531,44
2025-10-27,USPA.MI,49.20500183105469,49.33000183105469,49.18000030517578,49.33000183105469,342
2025-10-28,USPA.MI,49.32500076293945,49.53499984741211,49.31999969482422,49.48500061035156,1357
2025-10-29,USPA.MI,49.7599983215332,49.7599983215332,49.36000061035156,49.36000061035156,205
2025-10-30,USPA.MI,49.39500045776367,49.68000030517578,49.39500045776367,49.68000030517578,2751
2025-10-31,USPA.MI,49.599998474121094,49.70500183105469,49.42499923706055,49.505001068115234,623
2025-11-03,USPA.MI,49.439998626708984,49.76499938964844,49.439998626708984,49.57500076293945,1553
2025-11-04,USPA.MI,49.13999938964844,49.375,49.1349983215332,49.375,780
2025-11-05,USPA.MI,49.130001068115234,49.380001068115234,49.119998931884766,49.380001068115234,280
2025-11-06,USPA.MI,49.220001220703125,49.26499938964844,48.529998779296875,48.529998779296875,446
2025-11-07,USPA.MI,48.70500183105469,48.70500183105469,47.814998626708984,47.814998626708984,706
2025-11-10,USPA.MI,48.70500183105469,48.93000030517578,48.53499984741211,48.73500061035156,703
2025-11-11,USPA.MI,48.869998931884766,48.869998931884766,48.84000015258789,48.84000015258789,33
2025-11-12,USPA.MI,48.84000015258789,48.84000015258789,48.84000015258789,48.84000015258789,0
2025-11-13,USPA.MI,49.27000045776367,49.27000045776367,48.60499954223633,48.60499954223633,286
2025-11-14,USPA.MI,48.25,48.5099983215332,47.810001373291016,48.5099983215332,301
2025-11-17,USPA.MI,48.52000045776367,48.52000045776367,48.33000183105469,48.33000183105469,171
2025-11-18,USPA.MI,47.80500030517578,47.80500030517578,47.755001068115234,47.755001068115234,202
2025-11-19,USPA.MI,47.775001525878906,48.17499923706055,47.775001525878906,47.93000030517578,364
2025-11-20,USPA.MI,48.63999938964844,48.79999923706055,48.279998779296875,48.279998779296875,552
2025-11-21,USPA.MI,47.25,47.71500015258789,47.25,47.71500015258789,1200
2025-11-24,USPA.MI,48.314998626708984,48.47999954223633,48.314998626708984,48.47999954223633,159
2025-11-25,USPA.MI,48.349998474121094,48.46500015258789,48.279998779296875,48.46500015258789,1784
2025-11-26,USPA.MI,48.80500030517578,48.88999938964844,48.779998779296875,48.88999938964844,432
2025-11-27,USPA.MI,48.78499984741211,48.81999969482422,48.78499984741211,48.81999969482422,287
2025-11-28,USPA.MI,49.06999969482422,49.06999969482422,48.96500015258789,48.96500015258789,44
2025-12-01,USPA.MI,48.375,48.84000015258789,48.375,48.84000015258789,448
2025-12-02,USPA.MI,49.1349983215332,49.1349983215332,48.849998474121094,48.849998474121094,2
2025-12-03,USPA.MI,48.83000183105469,48.83000183105469,48.80500030517578,48.80500030517578,294
2025-12-04,USPA.MI,48.80500030517578,48.80500030517578,48.80500030517578,48.80500030517578,0
2025-12-05,USPA.MI,49.20000076293945,49.20000076293945,49.18000030517578,49.18000030517578,72
2025-12-08,USPA.MI,49.0099983215332,49.0099983215332,49.0099983215332,49.0099983215332,2
2025-12-09,USPA.MI,49.04499816894531,49.04499816894531,48.915000915527344,48.970001220703125,758
2025-12-10,USPA.MI,48.88999938964844,48.88999938964844,48.814998626708984,48.814998626708984,716
2025-12-11,USPA.MI,48.58000183105469,48.58000183105469,48.4900016784668,48.4900016784668,120
2025-12-12,USPA.MI,48.8650016784668,48.8650016784668,48.415000915527344,48.415000915527344,890
2025-12-15,USPA.MI,48.599998474121094,48.625,48.33000183105469,48.345001220703125,709
2025-12-16,USPA.MI,47.97999954223633,47.98500061035156,47.97999954223633,47.98500061035156,412
2025-12-17,USPA.MI,48.53499984741211,48.53499984741211,47.96500015258789,47.96500015258789,11
2025-12-18,USPA.MI,48.0,48.349998474121094,48.0,48.349998474121094,963
2025-12-19,USPA.MI,48.349998474121094,48.6349983215332,48.2599983215332,48.6349983215332,903
2025-12-22,USPA.MI,48.68000030517578,49.130001068115234,48.68000030517578,48.75,186
2025-12-23,USPA.MI,48.685001373291016,48.834999084472656,48.685001373291016,48.834999084472656,337
2025-12-29,USPA.MI,49.01499938964844,49.01499938964844,48.88999938964844,48.939998626708984,69
2025-12-30,USPA.MI,48.95000076293945,48.95000076293945,48.935001373291016,48.935001373291016,119
2026-01-02,USPA.MI,49.0,49.0,48.5,48.5,23
2026-01-05,USPA.MI,48.744998931884766,49.01499938964844,48.744998931884766,48.970001220703125,21
2026-01-06,USPA.MI,48.970001220703125,48.970001220703125,48.970001220703125,48.970001220703125,0
2026-01-07,USPA.MI,49.36000061035156,49.435001373291016,49.36000061035156,49.435001373291016,553
2026-01-08,USPA.MI,49.255001068115234,49.404998779296875,49.255001068115234,49.404998779296875,34
2026-01-09,USPA.MI,49.48500061035156,49.689998626708984,49.470001220703125,49.650001525878906,155
2026-01-12,USPA.MI,49.26499938964844,49.44499969482422,49.095001220703125,49.44499969482422,254
2026-01-13,USPA.MI,49.47999954223633,49.47999954223633,49.3650016784668,49.3650016784668,988
2026-01-14,USPA.MI,49.14500045776367,49.185001373291016,48.994998931884766,48.994998931884766,1792
2026-01-15,USPA.MI,49.400001525878906,49.630001068115234,49.400001525878906,49.60499954223633,562
2026-01-16,USPA.MI,49.439998626708984,49.439998626708984,49.439998626708984,49.439998626708984,69
2026-01-19,USPA.MI,48.599998474121094,48.599998474121094,48.599998474121094,48.599998474121094,2
2026-01-20,USPA.MI,48.185001373291016,48.20000076293945,48.185001373291016,48.20000076293945,23
2026-01-21,USPA.MI,48.04499816894531,48.345001220703125,47.685001373291016,48.345001220703125,1866
2026-01-22,USPA.MI,48.64500045776367,48.64500045776367,48.53499984741211,48.564998626708984,29
2026-01-23,USPA.MI,48.470001220703125,48.470001220703125,48.470001220703125,48.470001220703125,7
2026-01-26,USPA.MI,48.10499954223633,48.19499969482422,48.03499984741211,48.17499923706055,685
2026-01-27,USPA.MI,48.16999816894531,48.16999816894531,48.09000015258789,48.09000015258789,141
2026-01-28,USPA.MI,48.07500076293945,48.224998474121094,48.07500076293945,48.224998474121094,349
2026-01-29,USPA.MI,48.1349983215332,48.1349983215332,47.540000915527344,47.55500030517578,185
2026-01-30,USPA.MI,47.69499969482422,48.04499816894531,47.69499969482422,48.04499816894531,965
2026-02-02,USPA.MI,48.165000915527344,48.64500045776367,48.165000915527344,48.64500045776367,133
2026-02-03,USPA.MI,48.70000076293945,48.73500061035156,48.029998779296875,48.029998779296875,288
2026-02-04,USPA.MI,47.77000045776367,47.77000045776367,47.70500183105469,47.70500183105469,100
2026-02-05,USPA.MI,47.44499969482422,47.44499969482422,47.244998931884766,47.33000183105469,202
2026-02-06,USPA.MI,47.279998779296875,47.595001220703125,47.279998779296875,47.59000015258789,1118
2026-02-09,USPA.MI,47.70000076293945,47.70000076293945,47.4900016784668,47.65999984741211,663
2026-02-10,USPA.MI,47.56999969482422,47.630001068115234,47.52000045776367,47.630001068115234,648
2026-02-11,USPA.MI,47.435001373291016,47.779998779296875,47.43000030517578,47.45500183105469,918
2026-02-12,USPA.MI,47.540000915527344,47.540000915527344,46.849998474121094,46.849998474121094,326
2026-02-13,USPA.MI,46.70500183105469,46.915000915527344,46.60499954223633,46.83000183105469,728
2026-02-16,USPA.MI,46.78499984741211,46.86000061035156,46.744998931884766,46.744998931884766,127
2026-02-17,USPA.MI,46.75,46.85499954223633,46.75,46.85499954223633,201
2026-02-18,USPA.MI,46.92499923706055,47.33000183105469,46.92499923706055,47.33000183105469,139
2026-02-19,USPA.MI,47.22999954223633,47.279998779296875,47.22999954223633,47.279998779296875,1658
2026-02-20,USPA.MI,47.435001373291016,47.439998626708984,47.04499816894531,47.30500030517578,1156
2026-02-23,USPA.MI,47.290000915527344,47.349998474121094,46.95500183105469,46.95500183105469,796
2026-02-24,USPA.MI,47.01499938964844,47.31999969482422,47.01499938964844,47.16999816894531,80
2026-02-25,USPA.MI,47.5099983215332,47.70500183105469,47.5099983215332,47.63999938964844,1491
2026-02-26,USPA.MI,47.63999938964844,47.63999938964844,47.63999938964844,47.63999938964844,0
2026-02-27,USPA.MI,47.43000030517578,47.43000030517578,47.189998626708984,47.279998779296875,387
2026-03-02,USPA.MI,46.78499984741211,47.6349983215332,46.78499984741211,47.6349983215332,223
2026-03-03,USPA.MI,47.45500183105469,47.595001220703125,47.3849983215332,47.595001220703125,27
2026-03-04,USPA.MI,47.71500015258789,48.095001220703125,47.71500015258789,48.095001220703125,14
2026-03-05,USPA.MI,48.13999938964844,48.154998779296875,47.79999923706055,48.005001068115234,4165
2026-03-09,USPA.MI,47.084999084472656,47.25,47.084999084472656,47.25,1278
2026-03-10,USPA.MI,47.650001525878906,47.650001525878906,47.564998626708984,47.625,561
2026-03-11,USPA.MI,47.67499923706055,47.67499923706055,47.560001373291016,47.560001373291016,430
2026-03-12,USPA.MI,47.415000915527344,47.415000915527344,47.189998626708984,47.224998474121094,2404
2026-03-13,USPA.MI,47.29999923706055,47.584999084472656,47.22999954223633,47.25,573
2026-03-16,USPA.MI,47.38999938964844,47.38999938964844,47.279998779296875,47.279998779296875,57
2026-03-17,USPA.MI,47.130001068115234,47.400001525878906,47.130001068115234,47.400001525878906,24
2026-03-18,USPA.MI,47.01499938964844,47.01499938964844,47.01499938964844,47.01499938964844,154
2026-03-19,USPA.MI,46.720001220703125,46.79999923706055,46.33000183105469,46.33000183105469,253
2026-03-20,USPA.MI,46.345001220703125,46.345001220703125,46.0,46.0,33
2026-03-23,USPA.MI,45.560001373291016,46.39500045776367,45.54999923706055,46.060001373291016,776
2026-03-24,USPA.MI,46.025001525878906,46.029998779296875,45.8849983215332,45.935001373291016,289
2026-03-25,USPA.MI,46.08000183105469,46.08000183105469,46.06999969482422,46.06999969482422,54
2026-03-26,USPA.MI,46.06999969482422,46.06999969482422,46.06999969482422,46.06999969482422,0
2026-03-27,USPA.MI,45.69499969482422,45.69499969482422,44.98500061035156,44.98500061035156,186
2026-03-30,USPA.MI,44.98500061035156,44.98500061035156,44.98500061035156,44.98500061035156,0
2026-03-31,USPA.MI,45.185001373291016,45.185001373291016,45.1150016784668,45.1150016784668,218
2026-04-01,USPA.MI,45.900001525878906,45.91999816894531,45.72999954223633,45.91999816894531,167
2026-04-02,USPA.MI,45.400001525878906,46.02000045776367,45.400001525878906,45.97999954223633,385
2026-04-07,USPA.MI,46.165000915527344,46.165000915527344,45.689998626708984,45.689998626708984,329
2026-04-08,USPA.MI,46.95500183105469,46.959999084472656,46.650001525878906,46.650001525878906,820
2026-04-09,USPA.MI,46.650001525878906,46.65999984741211,46.53499984741211,46.53499984741211,43
2026-04-10,USPA.MI,46.8650016784668,46.8650016784668,46.70000076293945,46.70000076293945,225
2026-04-13,USPA.MI,46.779998779296875,46.779998779296875,46.689998626708984,46.689998626708984,1
2026-04-14,USPA.MI,46.904998779296875,47.2599983215332,46.904998779296875,47.2599983215332,577
2026-04-15,USPA.MI,47.470001220703125,47.80500030517578,47.45500183105469,47.79499816894531,225
2026-04-16,USPA.MI,48.130001068115234,48.244998931884766,48.04499816894531,48.244998931884766,16
2026-04-17,USPA.MI,48.25,48.90999984741211,48.209999084472656,48.90999984741211,1872
2026-04-20,USPA.MI,48.71500015258789,48.85499954223633,48.6150016784668,48.6150016784668,400
2026-04-21,USPA.MI,48.91999816894531,49.02000045776367,48.7400016784668,48.7400016784668,553
2026-04-22,USPA.MI,48.90999984741211,48.93000030517578,48.90999984741211,48.93000030517578,35
2026-04-23,USPA.MI,49.025001525878906,49.025001525878906,48.98500061035156,48.98500061035156,27
2026-04-24,USPA.MI,49.095001220703125,49.095001220703125,49.064998626708984,49.064998626708984,89
2026-04-27,USPA.MI,49.130001068115234,49.130001068115234,49.02000045776367,49.07500076293945,221
2026-04-28,USPA.MI,49.26499938964844,49.26499938964844,48.96500015258789,48.96500015258789,891
2026-04-29,USPA.MI,49.1150016784668,49.26499938964844,49.1150016784668,49.26499938964844,208
2026-04-30,USPA.MI,49.375,49.375,49.26499938964844,49.310001373291016,1289
2026-05-04,USPA.MI,49.77000045776367,49.8650016784668,49.52000045776367,49.630001068115234,783
2026-05-05,USPA.MI,49.8849983215332,50.0099983215332,49.880001068115234,50.0099983215332,287
2026-05-06,USPA.MI,50.060001373291016,50.41999816894531,50.060001373291016,50.41999816894531,3491
2026-05-07,USPA.MI,50.63999938964844,50.75,50.61000061035156,50.75,825
2026-05-08,USPA.MI,50.91999816894531,50.91999816894531,50.91999816894531,50.91999816894531,2
2026-05-11,USPA.MI,50.91999816894531,51.11000061035156,50.91999816894531,51.11000061035156,522
2026-05-12,USPA.MI,51.0,51.0,50.790000915527344,50.790000915527344,21
2026-05-13,USPA.MI,51.459999084472656,51.459999084472656,51.22999954223633,51.22999954223633,132
2026-05-14,USPA.MI,52.06999969482422,52.06999969482422,52.06999969482422,52.06999969482422,197
2026-05-15,USPA.MI,51.88999938964844,51.88999938964844,51.630001068115234,51.81999969482422,409
2026-05-18,USPA.MI,51.58000183105469,51.70000076293945,51.470001220703125,51.470001220703125,1254
2026-05-19,USPA.MI,51.630001068115234,51.63999938964844,51.41999816894531,51.41999816894531,461
2026-05-20,USPA.MI,51.689998626708984,51.77000045776367,51.61000061035156,51.7400016784668,30
2026-05-21,USPA.MI,51.900001525878906,52.040000915527344,51.880001068115234,51.97999954223633,3696
2026-05-22,USPA.MI,52.47999954223633,52.689998626708984,52.47999954223633,52.689998626708984,2154
2026-05-25,USPA.MI,52.939998626708984,53.02000045776367,52.86000061035156,53.02000045776367,347
2026-05-26,USPA.MI,52.709999084472656,52.790000915527344,52.650001525878906,52.75,374
2026-05-27,USPA.MI,52.90999984741211,52.97999954223633,52.75,52.75,1944
2026-05-28,USPA.MI,52.83000183105469,52.959999084472656,52.77000045776367,52.959999084472656,1314
2026-05-29,USPA.MI,53.290000915527344,53.29999923706055,53.22999954223633,53.22999954223633,165
2026-06-01,USPA.MI,53.29999923706055,53.5,53.29999923706055,53.5,233
2026-06-02,USPA.MI,53.2400016784668,53.529998779296875,53.2400016784668,53.529998779296875,196
2026-06-03,USPA.MI,53.560001373291016,53.599998474121094,53.349998474121094,53.349998474121094,255
2026-06-04,USPA.MI,53.25,53.380001068115234,53.13999938964844,53.380001068115234,131
2026-06-05,USPA.MI,53.08000183105469,53.16999816894531,53.0099983215332,53.0099983215332,1167
2026-06-08,USPA.MI,52.43000030517578,52.869998931884766,52.43000030517578,52.65999984741211,1416
2026-06-09,USPA.MI,52.59000015258789,52.59000015258789,51.7599983215332,51.7599983215332,4
2026-06-10,USPA.MI,51.939998626708984,51.939998626708984,51.7400016784668,51.7400016784668,871
2026-06-11,USPA.MI,51.900001525878906,51.900001525878906,51.61000061035156,51.61000061035156,444
2026-06-12,USPA.MI,52.25,52.56999969482422,52.16999816894531,52.4900016784668,400
2026-06-15,USPA.MI,53.02000045776367,53.34000015258789,53.0,53.34000015258789,692
2026-06-16,USPA.MI,53.279998779296875,53.31999969482422,53.189998626708984,53.189998626708984,1338
2026-06-17,USPA.MI,52.959999084472656,53.04999923706055,52.93000030517578,52.93000030517578,939
2026-06-18,USPA.MI,53.09000015258789,53.13999938964844,53.06999969482422,53.13999938964844,313
2026-06-19,USPA.MI,53.13999938964844,53.13999938964844,53.13999938964844,53.13999938964844,0
2026-06-22,USPA.MI,53.349998474121094,53.869998931884766,53.349998474121094,53.439998626708984,896
2026-06-23,USPA.MI,53.13999938964844,53.2599983215332,52.970001220703125,52.970001220703125,8859
2026-06-24,USPA.MI,53.25,53.470001220703125,53.20000076293945,53.43000030517578,884
2026-06-25,USPA.MI,53.63999938964844,53.63999938964844,52.88999938964844,52.93000030517578,564
2026-06-26,USPA.MI,52.52000045776367,52.93000030517578,52.52000045776367,52.93000030517578,354
2026-06-29,USPA.MI,52.939998626708984,53.16999816894531,52.939998626708984,53.16999816894531,423
2026-06-30,USPA.MI,53.70000076293945,53.83000183105469,53.560001373291016,53.75,261
2026-07-01,USPA.MI,53.75,54.22999954223633,53.75,54.22999954223633,292
2026-07-02,USPA.MI,54.060001373291016,54.060001373291016,53.540000915527344,53.540000915527344,97
2026-07-03,USPA.MI,53.81999969482422,53.83000183105469,53.81999969482422,53.83000183105469,973
2026-07-06,USPA.MI,53.9900016784668,54.15999984741211,53.9900016784668,54.15999984741211,86
2026-07-07,USPA.MI,53.849998474121094,53.93000030517578,53.630001068115234,53.630001068115234,1102
2026-07-08,USPA.MI,53.43000030517578,53.43000030517578,53.20000076293945,53.20000076293945,98
2026-07-09,USPA.MI,53.599998474121094,53.83000183105469,53.540000915527344,53.83000183105469,472
2026-07-10,USPA.MI,53.77000045776367,53.9900016784668,53.77000045776367,53.9900016784668,10
2026-07-13,USPA.MI,54.18000030517578,54.209999084472656,54.18000030517578,54.209999084472656,7
2026-07-14,USPA.MI,54.040000915527344,54.040000915527344,53.599998474121094,53.790000915527344,155
2026-07-15,USPA.MI,54.189998626708984,54.189998626708984,53.91999816894531,53.91999816894531,4
2026-07-16,USPA.MI,53.7599983215332,53.93000030517578,53.54999923706055,53.93000030517578,1069
2026-07-17,USPA.MI,53.45000076293945,53.459999084472656,53.29999923706055,53.459999084472656,929
2026-07-20,USPA.MI,53.470001220703125,53.709999084472656,53.470001220703125,53.66999816894531,904
2026-07-21,USPA.MI,53.66999816894531,53.68000030517578,53.5,53.630001068115234,6204
2026-07-22,USPA.MI,53.470001220703125,53.779998779296875,53.470001220703125,53.77000045776367,690
2026-07-23,USPA.MI,52.84000015258789,52.84000015258789,52.84000015258789,52.84000015258789,5
2026-07-24,USPA.MI,53.099998474121094,53.18000030517578,52.849998474121094,53.18000030517578,364
2026-07-27,USPA.MI,53.31999969482422,53.400001525878906,53.040000915527344,53.040000915527344,211
2026-07-28,USPA.MI,53.0099983215332,53.459999084472656,53.0099983215332,53.459999084472656,12734
