Date,Ticker,Open,High,Low,Close,Volume
2018-01-02,VCIT,87.41000366210938,87.41000366210938,87.01000213623047,87.16999816894531,967700
2018-01-03,VCIT,87.22000122070312,87.31999969482422,87.08999633789062,87.23999786376953,1101700
2018-01-04,VCIT,87.1500015258789,87.25,87.05000305175781,87.22000122070312,1354000
2018-01-05,VCIT,87.22000122070312,87.23999786376953,87.08000183105469,87.16000366210938,1042100
2018-01-08,VCIT,87.26000213623047,87.26000213623047,87.08000183105469,87.12999725341797,1234600
2018-01-09,VCIT,87.0199966430664,87.08999633789062,86.87000274658203,86.88999938964844,1355900
2018-01-10,VCIT,86.86000061035156,86.9800033569336,86.66999816894531,86.97000122070312,1136000
2018-01-11,VCIT,86.97000122070312,87.12999725341797,86.80999755859375,87.01000213623047,1840300
2018-01-12,VCIT,86.86000061035156,87.06999969482422,86.81999969482422,86.9800033569336,1103600
2018-01-16,VCIT,86.9800033569336,87.12000274658203,86.9000015258789,86.97000122070312,1377500
2018-01-17,VCIT,86.93000030517578,86.94999694824219,86.7300033569336,86.79000091552734,1148000
2018-01-18,VCIT,86.58000183105469,86.68000030517578,86.54000091552734,86.58999633789062,1627100
2018-01-19,VCIT,86.5,86.55000305175781,86.33999633789062,86.38999938964844,1391900
2018-01-22,VCIT,86.44000244140625,86.5,86.33000183105469,86.37999725341797,1947900
2018-01-23,VCIT,86.54000091552734,86.63999938964844,86.48999786376953,86.62999725341797,2652000
2018-01-24,VCIT,86.44999694824219,86.58999633789062,86.41000366210938,86.54000091552734,2178000
2018-01-25,VCIT,86.5199966430664,86.81999969482422,86.44000244140625,86.79000091552734,1051300
2018-01-26,VCIT,86.69000244140625,86.69000244140625,86.55000305175781,86.63999938964844,899300
2018-01-29,VCIT,86.41999816894531,86.45999908447266,86.30000305175781,86.43000030517578,964400
2018-01-30,VCIT,86.4000015258789,86.41999816894531,86.23999786376953,86.2699966430664,1753100
2018-01-31,VCIT,86.44000244140625,86.47000122070312,86.1500015258789,86.37999725341797,1555100
2018-02-01,VCIT,86.16999816894531,86.19000244140625,85.80999755859375,85.80999755859375,1828700
2018-02-02,VCIT,85.63999938964844,85.72000122070312,85.45999908447266,85.56999969482422,1866500
2018-02-05,VCIT,85.62999725341797,86.0199966430664,85.44000244140625,85.87999725341797,2082700
2018-02-06,VCIT,85.80999755859375,85.81999969482422,85.56999969482422,85.56999969482422,2297500
2018-02-07,VCIT,85.70999908447266,85.80000305175781,85.37999725341797,85.4000015258789,1370600
2018-02-08,VCIT,85.33999633789062,85.44000244140625,85.13999938964844,85.19999694824219,1822000
2018-02-09,VCIT,85.19999694824219,85.22000122070312,85.0199966430664,85.02999877929688,3732800
2018-02-12,VCIT,85.05000305175781,85.06999969482422,84.91999816894531,84.9800033569336,3230300
2018-02-13,VCIT,84.95999908447266,85.0,84.83000183105469,84.95999908447266,1636800
2018-02-14,VCIT,84.69000244140625,84.76000213623047,84.55999755859375,84.66999816894531,1427300
2018-02-15,VCIT,84.72000122070312,84.94999694824219,84.72000122070312,84.8499984741211,1312200
2018-02-16,VCIT,84.97000122070312,85.0999984741211,84.94999694824219,85.02999877929688,1060500
2018-02-20,VCIT,84.8499984741211,84.91999816894531,84.73999786376953,84.8499984741211,1407800
2018-02-21,VCIT,84.95999908447266,84.98999786376953,84.54000091552734,84.55999755859375,1262600
2018-02-22,VCIT,84.79000091552734,84.8499984741211,84.66999816894531,84.68000030517578,1037400
2018-02-23,VCIT,84.86000061035156,85.0199966430664,84.83000183105469,84.95999908447266,862600
2018-02-26,VCIT,85.0999984741211,85.22000122070312,85.08000183105469,85.08999633789062,909200
2018-02-27,VCIT,85.12000274658203,85.12000274658203,84.6500015258789,84.77999877929688,1184400
2018-02-28,VCIT,84.86000061035156,84.87999725341797,84.80000305175781,84.83999633789062,954500
2018-03-01,VCIT,84.62999725341797,84.80000305175781,84.48999786376953,84.69000244140625,1508600
2018-03-02,VCIT,84.52999877929688,84.6500015258789,84.4000015258789,84.48999786376953,1399500
2018-03-05,VCIT,84.6500015258789,84.66000366210938,84.27999877929688,84.41000366210938,2533200
2018-03-06,VCIT,84.58999633789062,84.62000274658203,84.47000122070312,84.48999786376953,1169500
2018-03-07,VCIT,84.58999633789062,84.62999725341797,84.47000122070312,84.5199966430664,1111300
2018-03-08,VCIT,84.58999633789062,84.69999694824219,84.5199966430664,84.61000061035156,838900
2018-03-09,VCIT,84.48999786376953,84.48999786376953,84.33999633789062,84.41000366210938,958500
2018-03-12,VCIT,84.43000030517578,84.4800033569336,84.37999725341797,84.47000122070312,802400
2018-03-13,VCIT,84.43000030517578,84.4800033569336,84.37999725341797,84.44999694824219,915300
2018-03-14,VCIT,84.41000366210938,84.66999816894531,84.41000366210938,84.56999969482422,1023700
2018-03-15,VCIT,84.55000305175781,84.58999633789062,84.45999908447266,84.5199966430664,780000
2018-03-16,VCIT,84.43000030517578,84.58000183105469,84.41999816894531,84.58000183105469,1385800
2018-03-19,VCIT,84.41000366210938,84.5199966430664,84.37000274658203,84.37999725341797,900300
2018-03-20,VCIT,84.25,84.2699966430664,84.13999938964844,84.16999816894531,1056200
2018-03-21,VCIT,84.05999755859375,84.19999694824219,83.86000061035156,84.12999725341797,1776500
2018-03-22,VCIT,84.30000305175781,84.41000366210938,84.18000030517578,84.26000213623047,1533300
2018-03-23,VCIT,84.16999816894531,84.25,84.11000061035156,84.1500015258789,1353400
2018-03-26,VCIT,84.22000122070312,84.25,84.08999633789062,84.16000366210938,2022500
2018-03-27,VCIT,84.23999786376953,84.55000305175781,84.19999694824219,84.51000213623047,1525200
2018-03-28,VCIT,84.66000366210938,84.75,84.51000213623047,84.58000183105469,1134700
2018-03-29,VCIT,84.68000030517578,84.9000015258789,84.61000061035156,84.83999633789062,1881600
2018-04-02,VCIT,84.58000183105469,84.63999938964844,84.41999816894531,84.55999755859375,1011900
2018-04-03,VCIT,84.47000122070312,84.51000213623047,84.31999969482422,84.3499984741211,3262000
2018-04-04,VCIT,84.41999816894531,84.44999694824219,84.30000305175781,84.37999725341797,6020400
2018-04-05,VCIT,84.3499984741211,84.37999725341797,84.27999877929688,84.37000274658203,1347700
2018-04-06,VCIT,84.55000305175781,84.62999725341797,84.44999694824219,84.56999969482422,1474300
2018-04-09,VCIT,84.5199966430664,84.62000274658203,84.47000122070312,84.62000274658203,733300
2018-04-10,VCIT,84.62999725341797,84.66999816894531,84.52999877929688,84.58999633789062,1255200
2018-04-11,VCIT,84.62999725341797,84.70999908447266,84.55000305175781,84.66000366210938,741400
2018-04-12,VCIT,84.62000274658203,84.66000366210938,84.5,84.52999877929688,697300
2018-04-13,VCIT,84.43000030517578,84.55000305175781,84.41999816894531,84.5199966430664,674900
2018-04-16,VCIT,84.37000274658203,84.48999786376953,84.37000274658203,84.45999908447266,875700
2018-04-17,VCIT,84.4800033569336,84.55999755859375,84.44000244140625,84.51000213623047,868600
2018-04-18,VCIT,84.41000366210938,84.5,84.18000030517578,84.18000030517578,890200
2018-04-19,VCIT,84.02999877929688,84.0999984741211,83.88999938964844,84.01000213623047,928700
2018-04-20,VCIT,83.93000030517578,84.0,83.7300033569336,83.7699966430664,821000
2018-04-23,VCIT,83.75,83.77999877929688,83.62000274658203,83.68000030517578,942900
2018-04-24,VCIT,83.66999816894531,83.72000122070312,83.56999969482422,83.58999633789062,1476300
2018-04-25,VCIT,83.47000122070312,83.4800033569336,83.3499984741211,83.43000030517578,987200
2018-04-26,VCIT,83.56999969482422,83.6500015258789,83.5199966430664,83.56999969482422,1420800
2018-04-27,VCIT,83.68000030517578,83.73999786376953,83.66000366210938,83.70999908447266,753100
2018-04-30,VCIT,83.72000122070312,83.77999877929688,83.66999816894531,83.66999816894531,812000
2018-05-01,VCIT,83.44000244140625,83.44999694824219,83.26000213623047,83.30000305175781,1013000
2018-05-02,VCIT,83.3499984741211,83.44000244140625,83.30000305175781,83.33000183105469,811000
2018-05-03,VCIT,83.4800033569336,83.5,83.30000305175781,83.30000305175781,2218400
2018-05-04,VCIT,83.47000122070312,83.47000122070312,83.29000091552734,83.38999938964844,928300
2018-05-07,VCIT,83.41000366210938,83.41999816894531,83.3499984741211,83.37999725341797,978700
2018-05-08,VCIT,83.25,83.3499984741211,83.19000244140625,83.2699966430664,1213500
2018-05-09,VCIT,83.18000030517578,83.2699966430664,83.12999725341797,83.2300033569336,788000
2018-05-10,VCIT,83.4000015258789,83.51000213623047,83.4000015258789,83.44000244140625,740400
2018-05-11,VCIT,83.48999786376953,83.52999877929688,83.41999816894531,83.48999786376953,672900
2018-05-14,VCIT,83.44999694824219,83.45999908447266,83.36000061035156,83.37999725341797,886200
2018-05-15,VCIT,83.12999725341797,83.13999938964844,82.83000183105469,82.94999694824219,967700
2018-05-16,VCIT,82.95999908447266,83.0199966430664,82.86000061035156,82.87000274658203,1097600
2018-05-17,VCIT,82.9000015258789,82.93000030517578,82.80999755859375,82.83999633789062,1228900
2018-05-18,VCIT,82.91999816894531,83.12000274658203,82.91999816894531,83.08000183105469,513800
2018-05-21,VCIT,83.04000091552734,83.12999725341797,82.98999786376953,83.12000274658203,632600
2018-05-22,VCIT,83.18000030517578,83.18000030517578,83.05000305175781,83.0999984741211,926500
2018-05-23,VCIT,83.26000213623047,83.45999908447266,83.2300033569336,83.41000366210938,814400
2018-05-24,VCIT,83.55000305175781,83.69999694824219,83.52999877929688,83.58999633789062,873600
2018-05-25,VCIT,83.69999694824219,83.80999755859375,83.69999694824219,83.80000305175781,589900
2018-05-29,VCIT,83.87000274658203,84.44000244140625,83.83000183105469,84.27999877929688,1197500
2018-05-30,VCIT,84.0999984741211,84.12999725341797,83.87000274658203,83.9000015258789,1869600
2018-05-31,VCIT,83.94000244140625,84.0199966430664,83.79000091552734,83.91999816894531,997900
2018-06-01,VCIT,83.44000244140625,83.5999984741211,83.43000030517578,83.5,882800
2018-06-04,VCIT,83.44000244140625,83.4800033569336,83.31999969482422,83.33999633789062,610900
2018-06-05,VCIT,83.48999786376953,83.58000183105469,83.38999938964844,83.43000030517578,943000
2018-06-06,VCIT,83.29000091552734,83.29000091552734,83.1500015258789,83.19999694824219,1428900
2018-06-07,VCIT,83.19999694824219,83.5999984741211,83.16999816894531,83.43000030517578,1012500
2018-06-08,VCIT,83.36000061035156,83.44999694824219,83.33999633789062,83.36000061035156,564200
2018-06-11,VCIT,83.2300033569336,83.31999969482422,83.22000122070312,83.2699966430664,1308200
2018-06-12,VCIT,83.20999908447266,83.29000091552734,83.19000244140625,83.23999786376953,952000
2018-06-13,VCIT,83.27999877929688,83.3499984741211,82.9800033569336,83.20999908447266,876100
2018-06-14,VCIT,83.41000366210938,83.47000122070312,83.31999969482422,83.44999694824219,948600
2018-06-15,VCIT,83.54000091552734,83.63999938964844,83.4000015258789,83.41999816894531,590200
2018-06-18,VCIT,83.38999938964844,83.41000366210938,83.29000091552734,83.37000274658203,573300
2018-06-19,VCIT,83.48999786376953,83.52999877929688,83.37000274658203,83.44999694824219,760400
2018-06-20,VCIT,83.44999694824219,83.44999694824219,83.18000030517578,83.2300033569336,632300
2018-06-21,VCIT,83.2300033569336,83.2699966430664,83.16000366210938,83.19000244140625,1289300
2018-06-22,VCIT,83.18000030517578,83.2699966430664,83.16000366210938,83.2300033569336,2362600
2018-06-25,VCIT,83.30000305175781,83.37000274658203,83.18000030517578,83.19999694824219,2433500
2018-06-26,VCIT,83.19999694824219,83.4000015258789,83.19999694824219,83.38999938964844,1139600
2018-06-27,VCIT,83.56999969482422,83.5999984741211,83.44999694824219,83.58999633789062,1164300
2018-06-28,VCIT,83.54000091552734,83.56999969482422,83.4800033569336,83.52999877929688,843300
2018-06-29,VCIT,83.58999633789062,83.63999938964844,83.48999786376953,83.5199966430664,741800
2018-07-02,VCIT,83.30999755859375,83.36000061035156,83.19999694824219,83.23999786376953,799200
2018-07-03,VCIT,83.23999786376953,83.48999786376953,83.23999786376953,83.47000122070312,729400
2018-07-05,VCIT,83.52999877929688,83.7300033569336,83.5,83.7300033569336,900200
2018-07-06,VCIT,83.75,83.79000091552734,83.66999816894531,83.72000122070312,746800
2018-07-09,VCIT,83.61000061035156,83.68000030517578,83.5999984741211,83.66000366210938,1256100
2018-07-10,VCIT,83.62999725341797,83.70999908447266,83.58999633789062,83.5999984741211,1199700
2018-07-11,VCIT,83.69999694824219,83.73999786376953,83.58000183105469,83.69999694824219,695000
2018-07-12,VCIT,83.79000091552734,83.8499984741211,83.68000030517578,83.83000183105469,679100
2018-07-13,VCIT,83.88999938964844,83.98999786376953,83.87999725341797,83.91000366210938,830300
2018-07-16,VCIT,83.8499984741211,83.8499984741211,83.6500015258789,83.80000305175781,1026600
2018-07-17,VCIT,83.8499984741211,83.86000061035156,83.7300033569336,83.7699966430664,3854900
2018-07-18,VCIT,83.87999725341797,83.87999725341797,83.73999786376953,83.7699966430664,1021500
2018-07-19,VCIT,83.76000213623047,83.97000122070312,83.76000213623047,83.94000244140625,838600
2018-07-20,VCIT,83.8499984741211,83.93000030517578,83.75,83.80999755859375,1039100
2018-07-23,VCIT,83.72000122070312,83.75,83.47000122070312,83.5199966430664,1282400
2018-07-24,VCIT,83.58999633789062,83.68000030517578,83.5199966430664,83.68000030517578,849000
2018-07-25,VCIT,83.7300033569336,83.80000305175781,83.62999725341797,83.66000366210938,954800
2018-07-26,VCIT,83.70999908447266,83.86000061035156,83.69999694824219,83.72000122070312,751200
2018-07-27,VCIT,83.86000061035156,83.91999816894531,83.77999877929688,83.83999633789062,1497000
2018-07-30,VCIT,83.73999786376953,83.80999755859375,83.69999694824219,83.7300033569336,699300
2018-07-31,VCIT,83.91999816894531,83.9800033569336,83.86000061035156,83.94000244140625,953900
2018-08-01,VCIT,83.5,83.58000183105469,83.44999694824219,83.55000305175781,783200
2018-08-02,VCIT,83.48999786376953,83.62000274658203,83.47000122070312,83.62000274658203,2393100
2018-08-03,VCIT,83.72000122070312,83.86000061035156,83.69000244140625,83.80999755859375,917800
2018-08-06,VCIT,83.88999938964844,84.0,83.80999755859375,83.91000366210938,703200
2018-08-07,VCIT,83.73999786376953,83.88999938964844,83.73999786376953,83.75,1161800
2018-08-08,VCIT,83.73999786376953,83.77999877929688,83.69000244140625,83.72000122070312,1027000
2018-08-09,VCIT,83.80000305175781,83.86000061035156,83.76000213623047,83.77999877929688,2716000
2018-08-10,VCIT,83.77999877929688,84.04000091552734,83.75,83.93000030517578,982700
2018-08-13,VCIT,83.93000030517578,83.98999786376953,83.87000274658203,83.94000244140625,1038800
2018-08-14,VCIT,84.04000091552734,84.05000305175781,83.9800033569336,84.02999877929688,2545500
2018-08-15,VCIT,84.12999725341797,84.1500015258789,84.05000305175781,84.0999984741211,1365200
2018-08-16,VCIT,84.11000061035156,84.19000244140625,84.04000091552734,84.11000061035156,923700
2018-08-17,VCIT,84.2300033569336,84.30000305175781,84.18000030517578,84.25,934700
2018-08-20,VCIT,84.37999725341797,84.44999694824219,84.33999633789062,84.41999816894531,1053200
2018-08-21,VCIT,84.36000061035156,84.37000274658203,84.25,84.25,965800
2018-08-22,VCIT,84.4000015258789,84.44000244140625,84.25,84.30000305175781,1147000
2018-08-23,VCIT,84.3499984741211,84.4800033569336,84.26000213623047,84.2699966430664,1748500
2018-08-24,VCIT,84.20999908447266,84.41999816894531,84.19000244140625,84.41999816894531,1366600
2018-08-27,VCIT,84.30000305175781,84.37999725341797,84.2699966430664,84.30999755859375,838200
2018-08-28,VCIT,84.26000213623047,84.2699966430664,84.0999984741211,84.11000061035156,903900
2018-08-29,VCIT,84.20999908447266,84.20999908447266,84.05000305175781,84.06999969482422,1151600
2018-08-30,VCIT,84.19999694824219,84.19999694824219,84.08999633789062,84.13999938964844,710300
2018-08-31,VCIT,84.23999786376953,84.26000213623047,84.13999938964844,84.16999816894531,716700
2018-09-04,VCIT,83.79000091552734,83.87999725341797,83.72000122070312,83.80999755859375,1186400
2018-09-05,VCIT,83.76000213623047,83.79000091552734,83.69999694824219,83.76000213623047,898100
2018-09-06,VCIT,83.86000061035156,83.98999786376953,83.81999969482422,83.91999816894531,1120500
2018-09-07,VCIT,83.69999694824219,83.70999908447266,83.62000274658203,83.62999725341797,1042100
2018-09-10,VCIT,83.66999816894531,83.70999908447266,83.66000366210938,83.69000244140625,4112700
2018-09-11,VCIT,83.58999633789062,83.5999984741211,83.5199966430664,83.55000305175781,2473800
2018-09-12,VCIT,83.69999694824219,83.72000122070312,83.63999938964844,83.68000030517578,981300
2018-09-13,VCIT,83.80000305175781,83.83000183105469,83.70999908447266,83.73999786376953,869900
2018-09-14,VCIT,83.6500015258789,83.7300033569336,83.58000183105469,83.58000183105469,1176200
2018-09-17,VCIT,83.54000091552734,83.63999938964844,83.5199966430664,83.56999969482422,893200
2018-09-18,VCIT,83.5199966430664,83.52999877929688,83.38999938964844,83.4000015258789,933800
2018-09-19,VCIT,83.41000366210938,83.44999694824219,83.2699966430664,83.33999633789062,1001400
2018-09-20,VCIT,83.30000305175781,83.48999786376953,83.27999877929688,83.4000015258789,959600
2018-09-21,VCIT,83.37000274658203,83.45999908447266,83.3499984741211,83.3499984741211,1075700
2018-09-24,VCIT,83.27999877929688,83.36000061035156,83.2300033569336,83.27999877929688,1249300
2018-09-25,VCIT,83.19000244140625,83.26000213623047,83.16000366210938,83.26000213623047,782200
2018-09-26,VCIT,83.30000305175781,83.52999877929688,83.30000305175781,83.47000122070312,987900
2018-09-27,VCIT,83.48999786376953,83.58000183105469,83.44999694824219,83.56999969482422,1750400
2018-09-28,VCIT,83.61000061035156,83.62999725341797,83.5199966430664,83.52999877929688,904000
2018-10-01,VCIT,83.2699966430664,83.33999633789062,83.2300033569336,83.26000213623047,1375800
2018-10-02,VCIT,83.33999633789062,83.41000366210938,83.2699966430664,83.30000305175781,1423200
2018-10-03,VCIT,83.26000213623047,83.27999877929688,82.8499984741211,82.9800033569336,1524800
2018-10-04,VCIT,82.80999755859375,82.8499984741211,82.6500015258789,82.68000030517578,1324100
2018-10-05,VCIT,82.56999969482422,82.66000366210938,82.41999816894531,82.52999877929688,2581900
2018-10-08,VCIT,82.55000305175781,82.66000366210938,82.5199966430664,82.52999877929688,726800
2018-10-09,VCIT,82.56999969482422,82.63999938964844,82.5199966430664,82.55999755859375,2603200
2018-10-10,VCIT,82.44000244140625,82.52999877929688,82.36000061035156,82.5,1456800
2018-10-11,VCIT,82.66000366210938,82.8499984741211,82.58999633789062,82.73999786376953,1849300
2018-10-12,VCIT,82.73999786376953,82.87999725341797,82.69000244140625,82.69000244140625,1158800
2018-10-15,VCIT,82.7300033569336,82.7699966430664,82.66000366210938,82.69000244140625,686800
2018-10-16,VCIT,82.69000244140625,82.79000091552734,82.63999938964844,82.75,1003000
2018-10-17,VCIT,82.7699966430664,82.77999877929688,82.52999877929688,82.54000091552734,847000
2018-10-18,VCIT,82.47000122070312,82.66000366210938,82.43000030517578,82.54000091552734,1005700
2018-10-19,VCIT,82.58000183105469,82.63999938964844,82.4000015258789,82.44000244140625,965700
2018-10-22,VCIT,82.58999633789062,82.5999984741211,82.44999694824219,82.44999694824219,973700
2018-10-23,VCIT,82.66000366210938,82.72000122070312,82.5199966430664,82.58999633789062,1778900
2018-10-24,VCIT,82.79000091552734,82.79000091552734,82.68000030517578,82.73999786376953,1540000
2018-10-25,VCIT,82.69999694824219,82.80000305175781,82.5999984741211,82.6500015258789,1061800
2018-10-26,VCIT,82.83999633789062,82.95999908447266,82.80999755859375,82.8499984741211,1091800
2018-10-29,VCIT,82.80000305175781,82.83000183105469,82.70999908447266,82.77999877929688,1411000
2018-10-30,VCIT,82.75,82.80999755859375,82.61000061035156,82.63999938964844,1167800
2018-10-31,VCIT,82.5,82.63999938964844,82.5,82.55000305175781,1433600
2018-11-01,VCIT,82.22000122070312,82.41999816894531,82.20999908447266,82.41999816894531,1252300
2018-11-02,VCIT,82.31999969482422,82.36000061035156,82.08999633789062,82.0999984741211,992200
2018-11-05,VCIT,82.19999694824219,82.25,82.12999725341797,82.16000366210938,1335200
2018-11-06,VCIT,82.25,82.25,82.13999938964844,82.18000030517578,1087000
2018-11-07,VCIT,82.37000274658203,82.47000122070312,82.29000091552734,82.33999633789062,1785700
2018-11-08,VCIT,82.30999755859375,82.33999633789062,82.12000274658203,82.12999725341797,1070500
2018-11-09,VCIT,82.19000244140625,82.31999969482422,82.16999816894531,82.23999786376953,1049100
2018-11-12,VCIT,82.31999969482422,82.3499984741211,82.18000030517578,82.22000122070312,567400
2018-11-13,VCIT,82.2699966430664,82.30999755859375,82.22000122070312,82.26000213623047,1074000
2018-11-14,VCIT,82.1500015258789,82.2699966430664,82.11000061035156,82.12000274658203,992800
2018-11-15,VCIT,82.1500015258789,82.2300033569336,82.0,82.16000366210938,1268100
2018-11-16,VCIT,82.26000213623047,82.31999969482422,82.18000030517578,82.30999755859375,1269700
2018-11-19,VCIT,82.25,82.27999877929688,82.16999816894531,82.16999816894531,1186500
2018-11-20,VCIT,82.0999984741211,82.16000366210938,82.06999969482422,82.12000274658203,1803300
2018-11-21,VCIT,82.18000030517578,82.23999786376953,82.1500015258789,82.16000366210938,833700
2018-11-23,VCIT,82.33000183105469,82.37000274658203,82.19000244140625,82.19000244140625,474400
2018-11-26,VCIT,82.2300033569336,82.26000213623047,82.12000274658203,82.13999938964844,1211800
2018-11-27,VCIT,82.12999725341797,82.19000244140625,82.08999633789062,82.12999725341797,1176200
2018-11-28,VCIT,82.12000274658203,82.3499984741211,81.9800033569336,82.33000183105469,1260600
2018-11-29,VCIT,82.33000183105469,82.37000274658203,82.12000274658203,82.16999816894531,1356700
2018-11-30,VCIT,82.18000030517578,82.18000030517578,82.01000213623047,82.11000061035156,1463100
2018-12-03,VCIT,81.97000122070312,82.06999969482422,81.94999694824219,82.05999755859375,1901100
2018-12-04,VCIT,82.12999725341797,82.19000244140625,81.95999908447266,82.0199966430664,1196600
2018-12-06,VCIT,82.1500015258789,82.33000183105469,82.02999877929688,82.19000244140625,2526000
2018-12-07,VCIT,82.26000213623047,82.31999969482422,82.19999694824219,82.30999755859375,3618300
2018-12-10,VCIT,82.37999725341797,82.4000015258789,82.22000122070312,82.4000015258789,1716600
2018-12-11,VCIT,82.37000274658203,82.44000244140625,82.30999755859375,82.4000015258789,1732900
2018-12-12,VCIT,82.36000061035156,82.44999694824219,82.31999969482422,82.33000183105469,1564400
2018-12-13,VCIT,82.5,82.58999633789062,82.44999694824219,82.51000213623047,1808200
2018-12-14,VCIT,82.5999984741211,82.6500015258789,82.4800033569336,82.52999877929688,1167700
2018-12-17,VCIT,82.52999877929688,82.62999725341797,82.51000213623047,82.58999633789062,1444900
2018-12-18,VCIT,82.69999694824219,82.80999755859375,82.68000030517578,82.80000305175781,1063000
2018-12-19,VCIT,82.9000015258789,82.94999694824219,82.66999816894531,82.66999816894531,1979400
2018-12-20,VCIT,82.88999938964844,82.91999816894531,82.4800033569336,82.55000305175781,1769800
2018-12-21,VCIT,82.63999938964844,82.69000244140625,82.44999694824219,82.68000030517578,1597600
2018-12-24,VCIT,82.27999877929688,82.36000061035156,82.16000366210938,82.27999877929688,960800
2018-12-26,VCIT,82.25,82.25,81.9800033569336,82.05000305175781,2298300
2018-12-27,VCIT,82.30000305175781,82.36000061035156,82.16000366210938,82.30000305175781,1445000
2018-12-28,VCIT,82.37999725341797,82.5999984741211,82.3499984741211,82.5999984741211,1223200
2018-12-31,VCIT,82.5999984741211,82.87000274658203,82.56999969482422,82.86000061035156,1429400
2019-01-02,VCIT,82.86000061035156,82.97000122070312,82.76000213623047,82.97000122070312,2280700
2019-01-03,VCIT,82.95999908447266,83.20999908447266,82.91000366210938,83.16000366210938,1581700
2019-01-04,VCIT,82.94000244140625,83.0,82.8499984741211,82.9800033569336,2724000
2019-01-07,VCIT,83.05000305175781,83.08999633789062,82.8499984741211,82.87000274658203,1958900
2019-01-08,VCIT,82.91000366210938,82.98999786376953,82.88999938964844,82.94000244140625,1896500
2019-01-09,VCIT,83.02999877929688,83.25,83.0199966430664,83.25,1512400
2019-01-10,VCIT,83.27999877929688,83.27999877929688,83.08999633789062,83.11000061035156,1718800
2019-01-11,VCIT,83.36000061035156,83.38999938964844,83.27999877929688,83.3499984741211,1795700
2019-01-14,VCIT,83.30000305175781,83.37000274658203,83.27999877929688,83.29000091552734,2468300
2019-01-15,VCIT,83.47000122070312,83.47000122070312,83.31999969482422,83.3499984741211,3068200
2019-01-16,VCIT,83.33000183105469,83.55000305175781,83.27999877929688,83.5,23908500
2019-01-17,VCIT,83.45999908447266,83.58999633789062,83.41000366210938,83.51000213623047,2856800
2019-01-18,VCIT,83.55000305175781,83.66999816894531,83.51000213623047,83.58999633789062,2277100
2019-01-22,VCIT,83.66999816894531,83.80999755859375,83.6500015258789,83.69999694824219,3058600
2019-01-23,VCIT,83.7699966430664,83.94000244140625,83.73999786376953,83.91999816894531,3366900
2019-01-24,VCIT,84.18000030517578,84.19000244140625,84.06999969482422,84.12000274658203,2026300
2019-01-25,VCIT,84.06999969482422,84.12000274658203,84.02999877929688,84.08999633789062,1273300
2019-01-28,VCIT,84.06999969482422,84.13999938964844,84.01000213623047,84.11000061035156,1780000
2019-01-29,VCIT,84.27999877929688,84.30999755859375,84.2300033569336,84.27999877929688,2321500
2019-01-30,VCIT,84.33999633789062,84.72000122070312,84.30000305175781,84.66999816894531,2344900
2019-01-31,VCIT,84.94999694824219,85.19999694824219,84.88999938964844,85.16000366210938,2275500
2019-02-01,VCIT,84.80000305175781,84.81999969482422,84.55999755859375,84.61000061035156,2347600
2019-02-04,VCIT,84.48999786376953,84.56999969482422,84.44000244140625,84.55000305175781,3927300
2019-02-05,VCIT,84.69999694824219,84.86000061035156,84.68000030517578,84.73999786376953,1796400
2019-02-06,VCIT,84.87000274658203,84.87000274658203,84.66999816894531,84.72000122070312,1316400
2019-02-07,VCIT,84.7699966430664,84.80999755859375,84.66000366210938,84.79000091552734,1078100
2019-02-08,VCIT,84.81999969482422,84.94999694824219,84.80000305175781,84.9000015258789,1534900
2019-02-11,VCIT,84.80000305175781,84.81999969482422,84.75,84.77999877929688,1163400
2019-02-12,VCIT,84.80999755859375,84.8499984741211,84.76000213623047,84.8499984741211,1043200
2019-02-13,VCIT,84.72000122070312,84.76000213623047,84.66999816894531,84.70999908447266,1386300
2019-02-14,VCIT,84.95999908447266,84.95999908447266,84.80999755859375,84.86000061035156,960300
2019-02-15,VCIT,84.86000061035156,84.94000244140625,84.86000061035156,84.9000015258789,1090400
2019-02-19,VCIT,85.02999877929688,85.02999877929688,84.9000015258789,84.94999694824219,1185900
2019-02-20,VCIT,84.93000030517578,84.97000122070312,84.83999633789062,84.94000244140625,1322200
2019-02-21,VCIT,84.75,84.8499984741211,84.69999694824219,84.81999969482422,1025400
2019-02-22,VCIT,84.95999908447266,85.19000244140625,84.94999694824219,85.12999725341797,983500
2019-02-25,VCIT,85.0999984741211,85.13999938964844,85.04000091552734,85.11000061035156,1061500
2019-02-26,VCIT,85.27999877929688,85.3499984741211,85.16999816894531,85.26000213623047,1028000
2019-02-27,VCIT,85.18000030517578,85.22000122070312,85.11000061035156,85.16000366210938,2285500
2019-02-28,VCIT,85.16000366210938,85.16999816894531,85.04000091552734,85.04000091552734,2224000
2019-03-01,VCIT,84.8499984741211,84.87000274658203,84.68000030517578,84.70999908447266,3988700
2019-03-04,VCIT,84.83000183105469,84.87000274658203,84.76000213623047,84.83999633789062,909200
2019-03-05,VCIT,84.80000305175781,84.88999938964844,84.75,84.83999633789062,1059100
2019-03-06,VCIT,84.87999725341797,85.05000305175781,84.86000061035156,85.04000091552734,1629500
2019-03-07,VCIT,85.16999816894531,85.27999877929688,85.12000274658203,85.20999908447266,1250800
2019-03-08,VCIT,85.2300033569336,85.29000091552734,85.0999984741211,85.27999877929688,2837200
2019-03-11,VCIT,85.30999755859375,85.37999725341797,85.26000213623047,85.37000274658203,1520800
2019-03-12,VCIT,85.43000030517578,85.66000366210938,85.43000030517578,85.55999755859375,1407700
2019-03-13,VCIT,85.52999877929688,85.52999877929688,85.44999694824219,85.5,1060800
2019-03-14,VCIT,85.48999786376953,85.5,85.37000274658203,85.43000030517578,1624100
2019-03-15,VCIT,85.63999938964844,85.73999786376953,85.62000274658203,85.70999908447266,1026100
2019-03-18,VCIT,85.66999816894531,85.69999694824219,85.58999633789062,85.6500015258789,924300
2019-03-19,VCIT,85.58000183105469,85.70999908447266,85.58000183105469,85.68000030517578,806600
2019-03-20,VCIT,85.69000244140625,86.19999694824219,85.68000030517578,86.18000030517578,1406000
2019-03-21,VCIT,86.18000030517578,86.30000305175781,86.16000366210938,86.26000213623047,1369900
2019-03-22,VCIT,86.48999786376953,86.69000244140625,86.47000122070312,86.5999984741211,1355200
2019-03-25,VCIT,86.6500015258789,86.91999816894531,86.55999755859375,86.77999877929688,1209700
2019-03-26,VCIT,86.76000213623047,86.94000244140625,86.73999786376953,86.83999633789062,1895600
2019-03-27,VCIT,86.9800033569336,87.08999633789062,86.86000061035156,86.87999725341797,2777700
2019-03-28,VCIT,86.9000015258789,86.97000122070312,86.80000305175781,86.95999908447266,1364200
2019-03-29,VCIT,86.72000122070312,86.93000030517578,86.72000122070312,86.87000274658203,1658700
2019-04-01,VCIT,86.41999816894531,86.45999908447266,86.25,86.26000213623047,1676100
2019-04-02,VCIT,86.31999969482422,86.37000274658203,86.25,86.33000183105469,1453100
2019-04-03,VCIT,86.23999786376953,86.30999755859375,86.19999694824219,86.23999786376953,2699400
2019-04-04,VCIT,86.2699966430664,86.31999969482422,86.2300033569336,86.30999755859375,1025300
2019-04-05,VCIT,86.30000305175781,86.51000213623047,86.27999877929688,86.44999694824219,1508400
2019-04-08,VCIT,86.4800033569336,86.4800033569336,86.3499984741211,86.36000061035156,991000
2019-04-09,VCIT,86.5,86.55999755859375,86.44000244140625,86.4800033569336,1486600
2019-04-10,VCIT,86.66000366210938,86.8499984741211,86.63999938964844,86.83999633789062,1729300
2019-04-11,VCIT,86.72000122070312,86.80999755859375,86.72000122070312,86.7699966430664,1373800
2019-04-12,VCIT,86.6500015258789,86.70999908447266,86.58999633789062,86.61000061035156,1128800
2019-04-15,VCIT,86.63999938964844,86.68000030517578,86.58999633789062,86.5999984741211,755000
2019-04-16,VCIT,86.55999755859375,86.5999984741211,86.41000366210938,86.41000366210938,1278200
2019-04-17,VCIT,86.45999908447266,86.5199966430664,86.41000366210938,86.41000366210938,797400
2019-04-18,VCIT,86.54000091552734,86.58000183105469,86.45999908447266,86.4800033569336,1419100
2019-04-22,VCIT,86.4800033569336,86.54000091552734,86.38999938964844,86.43000030517578,1031700
2019-04-23,VCIT,86.58999633789062,86.68000030517578,86.5199966430664,86.66999816894531,1651400
2019-04-24,VCIT,86.87000274658203,86.98999786376953,86.81999969482422,86.94000244140625,1403400
2019-04-25,VCIT,86.9000015258789,86.91000366210938,86.7699966430664,86.80999755859375,1840800
2019-04-26,VCIT,87.08999633789062,87.13999938964844,87.05000305175781,87.11000061035156,1398900
2019-04-29,VCIT,86.98999786376953,87.01000213623047,86.87999725341797,86.9000015258789,962400
2019-04-30,VCIT,86.91000366210938,87.02999877929688,86.87999725341797,86.98999786376953,1140000
2019-05-01,VCIT,86.76000213623047,87.11000061035156,86.62000274658203,86.62000274658203,1657800
2019-05-02,VCIT,86.62000274658203,86.62000274658203,86.3499984741211,86.4800033569336,1247000
2019-05-03,VCIT,86.5199966430664,86.66999816894531,86.5199966430664,86.61000061035156,1211300
2019-05-06,VCIT,86.72000122070312,86.87999725341797,86.69000244140625,86.79000091552734,2352900
2019-05-07,VCIT,86.91999816894531,86.93000030517578,86.83000183105469,86.8499984741211,1089700
2019-05-08,VCIT,86.94000244140625,86.94000244140625,86.63999938964844,86.6500015258789,1143100
2019-05-09,VCIT,86.87000274658203,87.0,86.69000244140625,86.77999877929688,789700
2019-05-10,VCIT,86.79000091552734,86.83000183105469,86.73999786376953,86.77999877929688,1040500
2019-05-13,VCIT,86.91000366210938,87.0,86.81999969482422,86.91000366210938,1945400
2019-05-14,VCIT,86.91000366210938,86.94999694824219,86.87999725341797,86.91999816894531,978000
2019-05-15,VCIT,87.22000122070312,87.23999786376953,87.04000091552734,87.18000030517578,2130500
2019-05-16,VCIT,87.11000061035156,87.13999938964844,87.02999877929688,87.12000274658203,2169100
2019-05-17,VCIT,87.20999908447266,87.2300033569336,87.06999969482422,87.19999694824219,1129500
2019-05-20,VCIT,87.08000183105469,87.12999725341797,86.9000015258789,86.95999908447266,1015200
2019-05-21,VCIT,86.93000030517578,86.93000030517578,86.83000183105469,86.87000274658203,1503500
2019-05-22,VCIT,86.93000030517578,87.05000305175781,86.9000015258789,87.02999877929688,1252500
2019-05-23,VCIT,87.08000183105469,87.33000183105469,87.04000091552734,87.20999908447266,1962800
2019-05-24,VCIT,87.23999786376953,87.33999633789062,87.20999908447266,87.31999969482422,754700
2019-05-28,VCIT,87.4800033569336,87.54000091552734,87.41000366210938,87.43000030517578,814800
2019-05-29,VCIT,87.5199966430664,87.58999633789062,87.43000030517578,87.43000030517578,2252100
2019-05-30,VCIT,87.58000183105469,87.83000183105469,87.5,87.80000305175781,2463200
2019-05-31,VCIT,87.80999755859375,88.06999969482422,87.72000122070312,88.06999969482422,2749700
2019-06-03,VCIT,87.88999938964844,88.06999969482422,87.7300033569336,88.05999755859375,4577000
2019-06-04,VCIT,88.0,88.08999633789062,87.86000061035156,88.08999633789062,3401000
2019-06-05,VCIT,88.2300033569336,88.37000274658203,88.0999984741211,88.13999938964844,1558900
2019-06-06,VCIT,88.11000061035156,88.23999786376953,88.05000305175781,88.12999725341797,1304000
2019-06-07,VCIT,88.4800033569336,88.63999938964844,88.37999725341797,88.45999908447266,1375400
2019-06-10,VCIT,88.31999969482422,88.3499984741211,88.19999694824219,88.20999908447266,2138500
2019-06-11,VCIT,88.19999694824219,88.27999877929688,88.18000030517578,88.20999908447266,1245600
2019-06-12,VCIT,88.23999786376953,88.37000274658203,88.2300033569336,88.3499984741211,1142900
2019-06-13,VCIT,88.44999694824219,88.66999816894531,88.44999694824219,88.5999984741211,1541500
2019-06-14,VCIT,88.44999694824219,88.61000061035156,88.36000061035156,88.5999984741211,1024800
2019-06-17,VCIT,88.56999969482422,88.62000274658203,88.48999786376953,88.54000091552734,1346600
2019-06-18,VCIT,88.97000122070312,89.08000183105469,88.80000305175781,88.94999694824219,1225300
2019-06-19,VCIT,88.7699966430664,89.41999816894531,88.73999786376953,89.25,1790900
2019-06-20,VCIT,89.63999938964844,89.83999633789062,89.58000183105469,89.66000366210938,3758100
2019-06-21,VCIT,89.47000122070312,89.54000091552734,89.3499984741211,89.48999786376953,1235700
2019-06-24,VCIT,89.56999969482422,89.72000122070312,89.54000091552734,89.62000274658203,4331700
2019-06-25,VCIT,89.68000030517578,89.73999786376953,89.45999908447266,89.61000061035156,9095200
2019-06-26,VCIT,89.58999633789062,89.61000061035156,89.36000061035156,89.4000015258789,5037800
2019-06-27,VCIT,89.54000091552734,89.73999786376953,89.48999786376953,89.73999786376953,1416400
2019-06-28,VCIT,89.69000244140625,89.87000274658203,89.6500015258789,89.8499984741211,1013700
2019-07-01,VCIT,89.72000122070312,89.80999755859375,89.54000091552734,89.66000366210938,1513900
2019-07-02,VCIT,89.76000213623047,89.91000366210938,89.70999908447266,89.83999633789062,3468400
2019-07-03,VCIT,89.9000015258789,90.0,89.87999725341797,90.0,2232400
2019-07-05,VCIT,89.5,89.58000183105469,89.18000030517578,89.5199966430664,3163800
2019-07-08,VCIT,89.69999694824219,89.69999694824219,89.36000061035156,89.37000274658203,1318700
2019-07-09,VCIT,89.41999816894531,89.41999816894531,89.23999786376953,89.27999877929688,970900
2019-07-10,VCIT,89.4000015258789,89.51000213623047,89.3499984741211,89.4800033569336,1161500
2019-07-11,VCIT,89.33000183105469,89.38999938964844,89.05999755859375,89.13999938964844,1497900
2019-07-12,VCIT,89.11000061035156,89.25,89.08000183105469,89.22000122070312,1235200
2019-07-15,VCIT,89.25,89.30999755859375,89.22000122070312,89.25,857600
2019-07-16,VCIT,89.11000061035156,89.16000366210938,89.0199966430664,89.11000061035156,1617900
2019-07-17,VCIT,89.25,89.54000091552734,89.25,89.44999694824219,1760600
2019-07-18,VCIT,89.5,89.80999755859375,89.43000030517578,89.75,1408400
2019-07-19,VCIT,89.63999938964844,89.73999786376953,89.51000213623047,89.63999938964844,1316000
2019-07-22,VCIT,89.73999786376953,89.83999633789062,89.72000122070312,89.7699966430664,971400
2019-07-23,VCIT,89.79000091552734,89.8499984741211,89.66999816894531,89.80000305175781,2264000
2019-07-24,VCIT,89.88999938964844,90.0,89.83000183105469,89.94000244140625,1415700
2019-07-25,VCIT,89.87000274658203,89.93000030517578,89.58000183105469,89.88999938964844,1223000
2019-07-26,VCIT,89.80000305175781,89.9000015258789,89.69000244140625,89.9000015258789,1104000
2019-07-29,VCIT,89.86000061035156,89.91000366210938,89.63999938964844,89.80000305175781,6376900
2019-07-30,VCIT,89.77999877929688,89.9000015258789,89.66000366210938,89.9000015258789,1419400
2019-07-31,VCIT,89.81999969482422,90.04000091552734,89.41999816894531,89.83000183105469,5767600
2019-08-01,VCIT,89.72000122070312,90.30999755859375,89.61000061035156,90.20999908447266,1894800
2019-08-02,VCIT,90.19999694824219,90.30000305175781,90.12999725341797,90.27999877929688,2500200
2019-08-05,VCIT,90.48999786376953,90.62000274658203,90.41000366210938,90.47000122070312,4059200
2019-08-06,VCIT,90.5999984741211,90.76000213623047,90.44999694824219,90.73999786376953,6403100
2019-08-07,VCIT,91.16999816894531,91.16999816894531,90.68000030517578,90.73999786376953,4369400
2019-08-08,VCIT,90.62000274658203,90.8499984741211,90.48999786376953,90.81999969482422,2222300
2019-08-09,VCIT,90.79000091552734,90.83000183105469,90.58000183105469,90.61000061035156,2653800
2019-08-12,VCIT,90.76000213623047,90.98999786376953,90.72000122070312,90.95999908447266,2248900
2019-08-13,VCIT,90.88999938964844,90.91999816894531,90.66000366210938,90.80999755859375,1646800
2019-08-14,VCIT,91.02999877929688,91.05999755859375,90.87000274658203,90.9800033569336,1655100
2019-08-15,VCIT,91.08000183105469,91.47000122070312,91.0,91.33000183105469,1759200
2019-08-16,VCIT,91.2300033569336,91.48999786376953,91.08999633789062,91.48999786376953,1904700
2019-08-19,VCIT,91.20999908447266,91.36000061035156,91.19999694824219,91.22000122070312,1390100
2019-08-20,VCIT,91.48999786376953,91.58999633789062,91.44000244140625,91.55999755859375,1330300
2019-08-21,VCIT,91.51000213623047,91.80999755859375,91.45999908447266,91.68000030517578,1611800
2019-08-22,VCIT,91.55999755859375,91.7300033569336,91.45999908447266,91.54000091552734,1419500
2019-08-23,VCIT,91.4800033569336,91.91000366210938,91.41999816894531,91.75,1134600
2019-08-26,VCIT,91.77999877929688,91.88999938964844,91.66000366210938,91.75,1271500
2019-08-27,VCIT,91.8499984741211,92.05999755859375,91.80999755859375,92.01000213623047,1234900
2019-08-28,VCIT,92.13999938964844,92.2300033569336,92.01000213623047,92.08999633789062,1350200
2019-08-29,VCIT,91.98999786376953,92.04000091552734,91.76000213623047,91.94000244140625,1983300
2019-08-30,VCIT,91.83999633789062,91.97000122070312,91.7699966430664,91.88999938964844,2175900
2019-09-03,VCIT,91.63999938964844,91.9000015258789,91.44999694824219,91.68000030517578,3465400
2019-09-04,VCIT,91.7300033569336,92.01000213623047,91.68000030517578,91.94000244140625,2133700
2019-09-05,VCIT,91.62000274658203,91.62000274658203,91.36000061035156,91.44999694824219,2071700
2019-09-06,VCIT,91.5,91.69000244140625,91.45999908447266,91.63999938964844,2172900
2019-09-09,VCIT,91.30000305175781,91.4000015258789,91.16999816894531,91.19000244140625,1048800
2019-09-10,VCIT,91.08999633789062,91.08999633789062,90.62000274658203,90.66999816894531,1818800
2019-09-11,VCIT,90.56999969482422,90.73999786376953,90.55999755859375,90.56999969482422,1035500
2019-09-12,VCIT,90.9000015258789,90.93000030517578,90.41999816894531,90.55999755859375,1265500
2019-09-13,VCIT,90.2699966430664,90.33000183105469,89.91000366210938,89.94000244140625,1314000
2019-09-16,VCIT,90.1500015258789,90.25,90.0199966430664,90.22000122070312,1052100
2019-09-17,VCIT,90.18000030517578,90.45999908447266,90.08999633789062,90.41999816894531,1479500
2019-09-18,VCIT,90.5999984741211,90.79000091552734,90.26000213623047,90.51000213623047,1241500
2019-09-19,VCIT,90.69000244140625,90.75,90.54000091552734,90.5999984741211,1767000
2019-09-20,VCIT,90.7300033569336,91.0199966430664,90.69000244140625,90.97000122070312,1573700
2019-09-23,VCIT,91.11000061035156,91.23999786376953,91.01000213623047,91.05000305175781,1543900
2019-09-24,VCIT,91.12000274658203,91.31999969482422,91.0999984741211,91.25,872800
2019-09-25,VCIT,91.16000366210938,91.16999816894531,90.81999969482422,90.87999725341797,2265500
2019-09-26,VCIT,91.05999755859375,91.12000274658203,90.9800033569336,91.01000213623047,888000
2019-09-27,VCIT,91.05999755859375,91.1500015258789,91.0199966430664,91.12000274658203,1548200
2019-09-30,VCIT,91.01000213623047,91.23999786376953,90.94999694824219,91.23999786376953,1758000
2019-10-01,VCIT,90.75,91.38999938964844,90.70999908447266,91.19999694824219,3616600
2019-10-02,VCIT,91.18000030517578,91.33000183105469,91.05000305175781,91.27999877929688,2128400
2019-10-03,VCIT,91.4000015258789,91.75,91.29000091552734,91.66999816894531,2445100
2019-10-04,VCIT,91.69999694824219,91.86000061035156,91.6500015258789,91.79000091552734,1253000
2019-10-07,VCIT,91.66999816894531,91.70999908447266,91.51000213623047,91.5199966430664,1326200
2019-10-08,VCIT,91.73999786376953,91.77999877929688,91.52999877929688,91.58000183105469,2644500
2019-10-09,VCIT,91.68000030517578,91.79000091552734,91.41999816894531,91.5199966430664,1867800
2019-10-10,VCIT,91.36000061035156,91.4000015258789,91.12000274658203,91.13999938964844,2567100
2019-10-11,VCIT,90.93000030517578,91.01000213623047,90.80999755859375,90.9000015258789,2115000
2019-10-14,VCIT,91.05999755859375,91.12000274658203,91.0199966430664,91.08999633789062,938100
2019-10-15,VCIT,91.0999984741211,91.1500015258789,90.8499984741211,90.87999725341797,1594900
2019-10-16,VCIT,91.0,91.0999984741211,90.88999938964844,91.01000213623047,1649700
2019-10-17,VCIT,91.01000213623047,91.19999694824219,90.95999908447266,91.08000183105469,1342900
2019-10-18,VCIT,91.19999694824219,91.29000091552734,91.08000183105469,91.22000122070312,910000
2019-10-21,VCIT,91.05999755859375,91.16000366210938,91.01000213623047,91.02999877929688,994100
2019-10-22,VCIT,91.2300033569336,91.23999786376953,91.05999755859375,91.19999694824219,1714100
2019-10-23,VCIT,91.31999969482422,91.33000183105469,91.19000244140625,91.19999694824219,829100
2019-10-24,VCIT,91.31999969482422,91.41999816894531,91.30999755859375,91.33000183105469,1378400
2019-10-25,VCIT,91.36000061035156,91.37000274658203,91.12000274658203,91.19000244140625,1032100
2019-10-28,VCIT,91.01000213623047,91.08000183105469,90.94999694824219,91.02999877929688,1349800
2019-10-29,VCIT,91.05999755859375,91.06999969482422,90.91000366210938,90.91999816894531,2418400
2019-10-30,VCIT,90.93000030517578,91.16000366210938,90.83999633789062,91.16000366210938,2038100
2019-10-31,VCIT,91.36000061035156,91.5999984741211,91.33000183105469,91.5999984741211,3437000
2019-11-01,VCIT,91.31999969482422,91.51000213623047,91.19999694824219,91.3499984741211,2396400
2019-11-04,VCIT,91.12000274658203,91.16999816894531,90.9800033569336,91.02999877929688,1462500
2019-11-05,VCIT,90.79000091552734,90.81999969482422,90.56999969482422,90.6500015258789,2354600
2019-11-06,VCIT,90.87999725341797,91.01000213623047,90.80999755859375,90.97000122070312,1458800
2019-11-07,VCIT,90.7300033569336,90.75,90.31999969482422,90.5,3771400
2019-11-08,VCIT,90.51000213623047,90.6500015258789,90.4000015258789,90.41999816894531,1383500
2019-11-11,VCIT,90.51000213623047,90.55000305175781,90.4000015258789,90.45999908447266,618000
2019-11-12,VCIT,90.4800033569336,90.55999755859375,90.37999725341797,90.5199966430664,1661000
2019-11-13,VCIT,90.73999786376953,90.76000213623047,90.66000366210938,90.66999816894531,2147500
2019-11-14,VCIT,90.91000366210938,91.11000061035156,90.91000366210938,91.02999877929688,2407800
2019-11-15,VCIT,90.93000030517578,91.08999633789062,90.93000030517578,91.0,1958600
2019-11-18,VCIT,91.0999984741211,91.19999694824219,91.02999877929688,91.12000274658203,3657200
2019-11-19,VCIT,91.16000366210938,91.2300033569336,91.11000061035156,91.2300033569336,1501000
2019-11-20,VCIT,91.30000305175781,91.37000274658203,91.25,91.33000183105469,1586000
2019-11-21,VCIT,91.22000122070312,91.23999786376953,91.12999725341797,91.2300033569336,1804000
2019-11-22,VCIT,91.27999877929688,91.27999877929688,91.16000366210938,91.27999877929688,962900
2019-11-25,VCIT,91.33999633789062,91.45999908447266,91.31999969482422,91.44000244140625,1053300
2019-11-26,VCIT,91.55000305175781,91.58999633789062,91.4800033569336,91.52999877929688,988800
2019-11-27,VCIT,91.44000244140625,91.5,91.38999938964844,91.48999786376953,1753600
2019-11-29,VCIT,91.41999816894531,91.45999908447266,91.33999633789062,91.37999725341797,3108200
2019-12-02,VCIT,90.91000366210938,91.06999969482422,90.7699966430664,90.91999816894531,1867500
2019-12-03,VCIT,91.23999786376953,91.52999877929688,91.18000030517578,91.4800033569336,4415700
2019-12-04,VCIT,91.41000366210938,91.51000213623047,91.19000244140625,91.3499984741211,2059800
2019-12-05,VCIT,91.20999908447266,91.31999969482422,91.13999938964844,91.27999877929688,1683800
2019-12-06,VCIT,91.04000091552734,91.29000091552734,91.01000213623047,91.18000030517578,1493100
2019-12-09,VCIT,91.30999755859375,91.30999755859375,91.16999816894531,91.18000030517578,1492300
2019-12-10,VCIT,91.2300033569336,91.2300033569336,91.05999755859375,91.12000274658203,1448900
2019-12-11,VCIT,91.20999908447266,91.47000122070312,91.18000030517578,91.37000274658203,1216300
2019-12-12,VCIT,91.41000366210938,91.41000366210938,90.91000366210938,91.08000183105469,2281500
2019-12-13,VCIT,91.30999755859375,91.48999786376953,91.11000061035156,91.47000122070312,1695300
2019-12-16,VCIT,91.3499984741211,91.41999816894531,91.2699966430664,91.27999877929688,1704800
2019-12-17,VCIT,91.3499984741211,91.37999725341797,91.26000213623047,91.29000091552734,1488500
2019-12-18,VCIT,91.2699966430664,91.27999877929688,91.16999816894531,91.2300033569336,1530500
2019-12-19,VCIT,91.26000213623047,91.37999725341797,91.19999694824219,91.36000061035156,1796600
2019-12-20,VCIT,91.20999908447266,91.31999969482422,91.18000030517578,91.30999755859375,2284700
2019-12-23,VCIT,91.12000274658203,91.12000274658203,90.91000366210938,91.0,3870500
2019-12-24,VCIT,90.93000030517578,91.19999694824219,90.91000366210938,91.19999694824219,742900
2019-12-26,VCIT,91.13999938964844,91.22000122070312,91.05000305175781,91.22000122070312,787100
2019-12-27,VCIT,91.31999969482422,91.44999694824219,91.30000305175781,91.4000015258789,1033500
2019-12-30,VCIT,91.2300033569336,91.5,91.18000030517578,91.5,1332500
2019-12-31,VCIT,91.41999816894531,91.41999816894531,91.27999877929688,91.33000183105469,809700
2020-01-02,VCIT,91.55000305175781,91.63999938964844,91.38999938964844,91.44999694824219,1836700
2020-01-03,VCIT,91.58000183105469,91.7699966430664,91.5,91.70999908447266,1210700
2020-01-06,VCIT,91.7699966430664,91.80000305175781,91.51000213623047,91.6500015258789,2068300
2020-01-07,VCIT,91.63999938964844,91.66000366210938,91.52999877929688,91.58000183105469,3111000
2020-01-08,VCIT,91.56999969482422,91.72000122070312,91.41000366210938,91.5199966430664,1962300
2020-01-09,VCIT,91.41999816894531,91.66000366210938,91.41000366210938,91.6500015258789,3163200
2020-01-10,VCIT,91.72000122070312,91.86000061035156,91.66000366210938,91.7699966430664,1577400
2020-01-13,VCIT,91.72000122070312,91.75,91.62999725341797,91.66000366210938,1883600
2020-01-14,VCIT,91.68000030517578,91.7699966430664,91.62999725341797,91.7699966430664,13289400
2020-01-15,VCIT,91.91999816894531,92.0,91.80999755859375,91.91999816894531,1646500
2020-01-16,VCIT,91.9000015258789,91.98999786376953,91.81999969482422,91.94000244140625,3486200
2020-01-17,VCIT,91.83000183105469,91.95999908447266,91.81999969482422,91.91999816894531,4177800
2020-01-21,VCIT,92.11000061035156,92.19999694824219,91.95999908447266,92.18000030517578,2199200
2020-01-22,VCIT,92.20999908447266,92.30999755859375,92.19999694824219,92.26000213623047,5461900
2020-01-23,VCIT,92.3499984741211,92.45999908447266,92.26000213623047,92.4000015258789,2516800
2020-01-24,VCIT,92.52999877929688,92.62000274658203,92.44000244140625,92.55999755859375,2842700
2020-01-27,VCIT,92.70999908447266,92.7699966430664,92.63999938964844,92.73999786376953,2973300
2020-01-28,VCIT,92.7300033569336,92.76000213623047,92.61000061035156,92.70999908447266,3432100
2020-01-29,VCIT,92.80000305175781,93.01000213623047,92.80000305175781,92.9000015258789,2602300
2020-01-30,VCIT,93.0199966430664,93.13999938964844,92.8499984741211,93.02999877929688,1854600
2020-01-31,VCIT,93.1500015258789,93.33999633789062,93.08999633789062,93.33999633789062,2332000
2020-02-03,VCIT,92.94000244140625,93.05000305175781,92.8499984741211,93.01000213623047,1931800
2020-02-04,VCIT,92.80000305175781,92.81999969482422,92.69999694824219,92.77999877929688,1332600
2020-02-05,VCIT,92.6500015258789,92.75,92.5999984741211,92.69000244140625,1925700
2020-02-06,VCIT,92.66000366210938,92.75,92.62000274658203,92.66000366210938,1885300
2020-02-07,VCIT,92.8499984741211,92.9800033569336,92.79000091552734,92.91000366210938,1643900
2020-02-10,VCIT,93.0199966430664,93.16999816894531,92.97000122070312,93.12000274658203,1357100
2020-02-11,VCIT,93.02999877929688,93.12000274658203,92.94999694824219,92.9800033569336,2088800
2020-02-12,VCIT,92.88999938964844,92.94000244140625,92.83000183105469,92.87999725341797,1767900
2020-02-13,VCIT,92.87999725341797,92.9800033569336,92.87000274658203,92.87000274658203,1294700
2020-02-14,VCIT,93.04000091552734,93.08999633789062,92.98999786376953,92.98999786376953,1396100
2020-02-18,VCIT,93.08999633789062,93.18000030517578,93.01000213623047,93.12999725341797,1097600
2020-02-19,VCIT,93.05999755859375,93.16000366210938,93.02999877929688,93.08000183105469,1773100
2020-02-20,VCIT,93.12999725341797,93.30000305175781,91.30000305175781,93.27999877929688,5279200
2020-02-21,VCIT,93.41999816894531,93.62999725341797,93.41000366210938,93.45999908447266,2860000
2020-02-24,VCIT,93.69999694824219,93.70999908447266,93.5999984741211,93.5999984741211,3048500
2020-02-25,VCIT,93.66999816894531,93.86000061035156,93.62999725341797,93.73999786376953,3058900
2020-02-26,VCIT,93.63999938964844,93.8499984741211,93.62000274658203,93.63999938964844,3031200
2020-02-27,VCIT,93.72000122070312,93.76000213623047,93.36000061035156,93.37999725341797,4462700
2020-02-28,VCIT,93.69000244140625,94.16000366210938,93.41999816894531,94.16000366210938,9400600
2020-03-02,VCIT,94.0199966430664,94.27999877929688,93.7300033569336,93.76000213623047,5784000
2020-03-03,VCIT,93.93000030517578,95.0199966430664,93.86000061035156,94.72000122070312,7399600
2020-03-04,VCIT,94.98999786376953,95.1500015258789,94.77999877929688,94.81999969482422,2775800
2020-03-05,VCIT,95.04000091552734,95.06999969482422,94.72000122070312,94.76000213623047,3465500
2020-03-06,VCIT,94.97000122070312,95.08999633789062,94.55999755859375,94.6500015258789,5197700
2020-03-09,VCIT,93.58000183105469,93.93000030517578,92.77999877929688,93.05999755859375,4996000
2020-03-10,VCIT,92.83000183105469,92.98999786376953,91.80999755859375,91.81999969482422,8561000
2020-03-11,VCIT,91.5999984741211,91.73999786376953,89.4800033569336,89.5,8334500
2020-03-12,VCIT,88.68000030517578,90.06999969482422,85.12999725341797,86.94999694824219,14327400
2020-03-13,VCIT,87.0,89.43000030517578,87.0,88.86000061035156,6441100
2020-03-16,VCIT,84.69999694824219,88.87000274658203,84.41999816894531,88.08999633789062,6213700
2020-03-17,VCIT,87.36000061035156,87.94000244140625,85.41000366210938,85.5999984741211,6696000
2020-03-18,VCIT,83.7300033569336,84.68000030517578,81.3499984741211,81.76000213623047,7398000
2020-03-19,VCIT,79.38999938964844,81.6500015258789,78.81999969482422,79.77999877929688,5643800
2020-03-20,VCIT,80.5,81.55000305175781,78.83000183105469,78.83000183105469,7132700
2020-03-23,VCIT,80.33000183105469,83.80000305175781,80.0,83.11000061035156,8368500
2020-03-24,VCIT,82.12999725341797,84.8499984741211,82.12999725341797,83.33999633789062,3383700
2020-03-25,VCIT,84.01000213623047,86.55999755859375,84.0,85.87999725341797,3950600
2020-03-26,VCIT,85.51000213623047,86.5,85.19000244140625,86.0199966430664,3277900
2020-03-27,VCIT,85.81999969482422,86.3499984741211,84.93000030517578,85.8499984741211,2725300
2020-03-30,VCIT,85.7699966430664,86.91999816894531,85.72000122070312,86.72000122070312,3617600
2020-03-31,VCIT,86.62999725341797,87.62999725341797,86.5999984741211,87.08999633789062,3324900
2020-04-01,VCIT,86.70999908447266,86.7300033569336,85.97000122070312,86.25,5138100
2020-04-02,VCIT,86.3499984741211,86.95999908447266,86.01000213623047,86.47000122070312,3731600
2020-04-03,VCIT,86.33000183105469,86.68000030517578,85.98999786376953,86.23999786376953,2431800
2020-04-06,VCIT,86.91000366210938,87.25,86.56999969482422,87.12000274658203,2183300
2020-04-07,VCIT,87.22000122070312,87.58000183105469,87.16000366210938,87.3499984741211,2775100
2020-04-08,VCIT,87.9000015258789,88.48999786376953,87.41000366210938,88.36000061035156,3101800
2020-04-09,VCIT,89.72000122070312,90.79000091552734,89.51000213623047,90.73999786376953,5208100
2020-04-13,VCIT,90.69999694824219,91.18000030517578,90.36000061035156,90.95999908447266,4177600
2020-04-14,VCIT,91.37999725341797,91.37999725341797,90.5,90.58000183105469,4793300
2020-04-15,VCIT,90.5,91.1500015258789,90.43000030517578,91.12000274658203,2821500
2020-04-16,VCIT,90.94000244140625,91.25,90.79000091552734,90.86000061035156,3784500
2020-04-17,VCIT,91.44000244140625,91.44000244140625,90.97000122070312,91.08000183105469,3018100
2020-04-20,VCIT,90.87999725341797,90.87999725341797,90.61000061035156,90.75,2309000
2020-04-21,VCIT,90.8499984741211,91.08000183105469,90.41999816894531,90.69999694824219,3606400
2020-04-22,VCIT,90.66999816894531,90.98999786376953,90.5199966430664,90.7699966430664,2028900
2020-04-23,VCIT,91.12999725341797,91.13999938964844,90.79000091552734,91.0,1837200
2020-04-24,VCIT,91.02999877929688,91.04000091552734,90.80999755859375,91.01000213623047,1906800
2020-04-27,VCIT,91.04000091552734,91.0999984741211,90.48999786376953,90.73999786376953,2117300
2020-04-28,VCIT,91.01000213623047,91.05000305175781,90.81999969482422,90.94000244140625,2332400
2020-04-29,VCIT,91.19999694824219,91.47000122070312,91.05999755859375,91.41999816894531,2150300
2020-04-30,VCIT,91.37999725341797,91.5,91.19999694824219,91.3499984741211,2927500
2020-05-01,VCIT,91.0,91.08999633789062,90.54000091552734,90.77999877929688,3193700
2020-05-04,VCIT,90.80999755859375,91.0,90.80000305175781,90.87999725341797,2227600
2020-05-05,VCIT,90.86000061035156,91.02999877929688,90.79000091552734,90.88999938964844,3679700
2020-05-06,VCIT,90.80999755859375,90.87999725341797,90.36000061035156,90.55000305175781,2213300
2020-05-07,VCIT,90.66999816894531,90.80999755859375,90.43000030517578,90.76000213623047,3831300
2020-05-08,VCIT,90.5,90.7699966430664,90.4800033569336,90.55999755859375,1519800
2020-05-11,VCIT,90.55999755859375,90.58999633789062,90.08999633789062,90.20999908447266,1784400
2020-05-12,VCIT,90.72000122070312,90.83999633789062,90.41999816894531,90.63999938964844,3285600
2020-05-13,VCIT,90.94000244140625,90.9800033569336,90.68000030517578,90.87000274658203,3990700
2020-05-14,VCIT,90.9000015258789,91.1500015258789,90.69000244140625,91.06999969482422,3219600
2020-05-15,VCIT,91.18000030517578,91.38999938964844,91.04000091552734,91.30000305175781,3131000
2020-05-18,VCIT,91.48999786376953,91.58999633789062,91.33000183105469,91.58999633789062,4001900
2020-05-19,VCIT,91.6500015258789,91.91000366210938,91.52999877929688,91.83000183105469,2530300
2020-05-20,VCIT,92.01000213623047,92.4000015258789,91.93000030517578,92.33999633789062,3393200
2020-05-21,VCIT,92.55000305175781,92.58999633789062,92.3499984741211,92.5199966430664,2123200
2020-05-22,VCIT,92.4800033569336,92.5199966430664,92.2699966430664,92.37000274658203,2101500
2020-05-26,VCIT,92.63999938964844,92.77999877929688,92.51000213623047,92.62000274658203,2839800
2020-05-27,VCIT,92.69000244140625,92.9800033569336,92.66999816894531,92.9800033569336,5837400
2020-05-28,VCIT,92.94999694824219,93.13999938964844,92.87000274658203,93.13999938964844,3968700
2020-05-29,VCIT,93.20999908447266,93.58000183105469,93.0999984741211,93.56999969482422,5340900
2020-06-01,VCIT,93.19999694824219,93.37000274658203,93.08000183105469,93.37000274658203,2526000
2020-06-02,VCIT,93.43000030517578,93.81999969482422,93.4000015258789,93.69000244140625,6021000
2020-06-03,VCIT,93.7699966430664,93.9000015258789,93.4800033569336,93.5999984741211,5579300
2020-06-04,VCIT,93.88999938964844,93.88999938964844,93.5199966430664,93.62999725341797,3960800
2020-06-05,VCIT,93.81999969482422,93.94999694824219,93.58999633789062,93.7300033569336,4520200
2020-06-08,VCIT,94.02999877929688,94.16000366210938,93.77999877929688,94.08000183105469,4470000
2020-06-09,VCIT,94.08999633789062,94.20999908447266,93.94000244140625,94.16000366210938,4566500
2020-06-10,VCIT,94.16000366210938,94.62000274658203,93.91000366210938,94.5999984741211,4576600
2020-06-11,VCIT,94.22000122070312,94.30000305175781,93.69000244140625,93.69000244140625,6376400
2020-06-12,VCIT,94.22000122070312,94.2300033569336,93.87000274658203,94.08000183105469,7238200
2020-06-15,VCIT,93.91999816894531,95.47000122070312,93.83999633789062,95.1500015258789,6402000
2020-06-16,VCIT,95.62999725341797,95.62999725341797,94.7699966430664,95.36000061035156,9306200
2020-06-17,VCIT,95.52999877929688,95.62999725341797,94.91999816894531,95.33000183105469,8636500
2020-06-18,VCIT,95.44000244140625,95.44999694824219,95.0999984741211,95.18000030517578,14477900
2020-06-19,VCIT,95.30999755859375,95.33999633789062,94.94000244140625,95.12000274658203,4310100
2020-06-22,VCIT,95.33000183105469,95.4000015258789,94.79000091552734,94.8499984741211,5057900
2020-06-23,VCIT,94.97000122070312,95.04000091552734,94.86000061035156,94.94000244140625,11129300
2020-06-24,VCIT,94.8499984741211,94.88999938964844,94.56999969482422,94.75,12160300
2020-06-25,VCIT,94.79000091552734,94.86000061035156,94.68000030517578,94.72000122070312,9778200
2020-06-26,VCIT,94.7699966430664,94.81999969482422,94.62999725341797,94.68000030517578,2403000
2020-06-29,VCIT,94.72000122070312,94.97000122070312,94.58000183105469,94.94999694824219,3394300
2020-06-30,VCIT,95.02999877929688,95.19000244140625,94.91000366210938,95.13999938964844,3980600
2020-07-01,VCIT,94.88999938964844,95.13999938964844,94.83000183105469,95.12000274658203,2771400
2020-07-02,VCIT,95.19000244140625,95.29000091552734,95.12000274658203,95.2699966430664,2765600
2020-07-06,VCIT,95.36000061035156,95.55999755859375,95.22000122070312,95.55999755859375,2194000
2020-07-07,VCIT,95.31999969482422,95.5,95.30000305175781,95.48999786376953,3079600
2020-07-08,VCIT,95.45999908447266,95.45999908447266,95.31999969482422,95.33000183105469,2144600
2020-07-09,VCIT,95.4000015258789,95.58000183105469,95.30000305175781,95.5199966430664,2604900
2020-07-10,VCIT,95.58999633789062,95.63999938964844,95.36000061035156,95.44000244140625,1796800
2020-07-13,VCIT,95.44999694824219,95.56999969482422,95.3499984741211,95.36000061035156,1840200
2020-07-14,VCIT,95.4800033569336,95.73999786376953,95.41000366210938,95.66999816894531,2513700
2020-07-15,VCIT,95.62999725341797,95.79000091552734,95.62000274658203,95.69999694824219,2203000
2020-07-16,VCIT,95.77999877929688,95.97000122070312,95.72000122070312,95.95999908447266,3517800
2020-07-17,VCIT,95.9800033569336,96.12000274658203,95.94000244140625,96.0999984741211,2103600
2020-07-20,VCIT,96.1500015258789,96.27999877929688,96.06999969482422,96.22000122070312,1651300
2020-07-21,VCIT,96.37999725341797,96.44999694824219,96.29000091552734,96.33000183105469,2490700
2020-07-22,VCIT,96.58000183105469,96.58999633789062,96.43000030517578,96.56999969482422,2793700
2020-07-23,VCIT,96.69000244140625,96.69000244140625,96.5199966430664,96.54000091552734,2185500
2020-07-24,VCIT,96.58000183105469,96.58000183105469,96.44000244140625,96.48999786376953,2176700
2020-07-27,VCIT,96.52999877929688,96.55999755859375,96.29000091552734,96.30999755859375,1619000
2020-07-28,VCIT,96.06999969482422,96.41000366210938,96.06999969482422,96.31999969482422,1763100
2020-07-29,VCIT,96.38999938964844,96.7300033569336,96.38999938964844,96.72000122070312,2563100
2020-07-30,VCIT,96.76000213623047,96.76000213623047,96.61000061035156,96.75,1486500
2020-07-31,VCIT,96.7699966430664,96.88999938964844,96.69999694824219,96.83000183105469,2253000
2020-08-03,VCIT,96.7699966430664,96.79000091552734,96.61000061035156,96.79000091552734,2554100
2020-08-04,VCIT,96.95999908447266,97.0,96.80999755859375,96.95999908447266,2972800
2020-08-05,VCIT,96.9800033569336,96.9800033569336,96.83000183105469,96.9000015258789,2116500
2020-08-06,VCIT,97.06999969482422,97.12000274658203,96.9800033569336,97.0999984741211,2229400
2020-08-07,VCIT,97.12000274658203,97.19000244140625,96.88999938964844,96.91000366210938,2377900
2020-08-10,VCIT,97.08000183105469,97.16000366210938,96.86000061035156,96.86000061035156,1902500
2020-08-11,VCIT,96.77999877929688,96.8499984741211,96.5,96.62999725341797,5538700
2020-08-12,VCIT,96.47000122070312,96.62999725341797,96.44000244140625,96.51000213623047,4646400
2020-08-13,VCIT,96.44000244140625,96.44999694824219,96.0,96.13999938964844,3245100
2020-08-14,VCIT,96.05999755859375,96.11000061035156,95.80000305175781,95.83999633789062,2513300
2020-08-17,VCIT,96.16000366210938,96.19000244140625,95.83999633789062,96.06999969482422,2381800
2020-08-18,VCIT,96.0199966430664,96.27999877929688,96.0199966430664,96.25,2405800
2020-08-19,VCIT,96.31999969482422,96.33999633789062,96.06999969482422,96.13999938964844,1643200
2020-08-20,VCIT,96.33000183105469,96.36000061035156,96.20999908447266,96.33999633789062,3564000
2020-08-21,VCIT,96.29000091552734,96.4000015258789,96.2300033569336,96.37000274658203,3567700
2020-08-24,VCIT,96.38999938964844,96.45999908447266,96.29000091552734,96.3499984741211,2175400
2020-08-25,VCIT,96.12000274658203,96.18000030517578,95.94000244140625,96.08999633789062,2045200
2020-08-26,VCIT,96.0999984741211,96.19000244140625,95.97000122070312,96.16000366210938,2919800
2020-08-27,VCIT,96.30000305175781,96.41000366210938,95.80999755859375,95.87999725341797,2577200
2020-08-28,VCIT,95.94000244140625,96.13999938964844,95.94000244140625,96.0999984741211,1650700
2020-08-31,VCIT,96.0999984741211,96.44000244140625,96.05999755859375,96.38999938964844,3537300
2020-09-01,VCIT,96.1500015258789,96.44000244140625,96.08000183105469,96.4000015258789,2664700
2020-09-02,VCIT,96.37999725341797,96.6500015258789,96.37000274658203,96.63999938964844,4980600
2020-09-03,VCIT,96.63999938964844,96.75,96.4800033569336,96.54000091552734,4344900
2020-09-04,VCIT,96.33000183105469,96.44999694824219,96.0,96.0,3399100
2020-09-08,VCIT,96.0,96.0999984741211,95.94000244140625,95.9800033569336,5212400
2020-09-09,VCIT,96.38999938964844,96.38999938964844,96.01000213623047,96.08000183105469,2318100
2020-09-10,VCIT,96.05000305175781,96.19000244140625,95.9800033569336,96.08000183105469,2766500
2020-09-11,VCIT,96.16999816894531,96.20999908447266,96.05999755859375,96.12000274658203,1601400
2020-09-14,VCIT,96.2699966430664,96.4000015258789,96.22000122070312,96.26000213623047,2930800
2020-09-15,VCIT,96.29000091552734,96.4000015258789,96.26000213623047,96.37000274658203,2681300
2020-09-16,VCIT,96.45999908447266,96.5199966430664,96.31999969482422,96.4000015258789,4144100
2020-09-17,VCIT,96.4800033569336,96.5,96.29000091552734,96.37999725341797,2721400
2020-09-18,VCIT,96.37999725341797,96.38999938964844,96.19999694824219,96.29000091552734,3321100
2020-09-21,VCIT,96.27999877929688,96.3499984741211,96.11000061035156,96.2300033569336,5229900
2020-09-22,VCIT,96.22000122070312,96.26000213623047,96.13999938964844,96.2300033569336,3279800
2020-09-23,VCIT,96.13999938964844,96.19000244140625,95.70999908447266,95.77999877929688,4787600
2020-09-24,VCIT,95.69000244140625,95.76000213623047,95.45999908447266,95.5999984741211,5590000
2020-09-25,VCIT,95.51000213623047,95.6500015258789,95.5,95.55999755859375,4443600
2020-09-28,VCIT,95.63999938964844,95.9000015258789,95.5999984741211,95.9000015258789,2456500
2020-09-29,VCIT,95.88999938964844,96.02999877929688,95.87000274658203,95.87000274658203,2049000
2020-09-30,VCIT,95.87999725341797,95.91000366210938,95.76000213623047,95.80000305175781,3090000
2020-10-01,VCIT,95.56999969482422,95.86000061035156,95.56999969482422,95.8499984741211,2049900
2020-10-02,VCIT,95.81999969482422,95.9000015258789,95.66999816894531,95.86000061035156,2881600
2020-10-05,VCIT,95.76000213623047,95.83999633789062,95.5999984741211,95.62000274658203,2524700
2020-10-06,VCIT,95.73999786376953,95.91000366210938,95.58999633789062,95.68000030517578,3241300
2020-10-07,VCIT,95.62000274658203,95.80000305175781,95.61000061035156,95.62999725341797,2526300
2020-10-08,VCIT,95.72000122070312,95.87999725341797,95.72000122070312,95.83999633789062,2969500
2020-10-09,VCIT,95.83000183105469,95.9800033569336,95.80000305175781,95.94000244140625,2823200
2020-10-12,VCIT,96.08999633789062,96.26000213623047,96.0,96.26000213623047,1606800
2020-10-13,VCIT,96.25,96.30000305175781,95.97000122070312,96.1500015258789,3441700
2020-10-14,VCIT,96.26000213623047,96.26000213623047,96.01000213623047,96.19000244140625,2109200
2020-10-15,VCIT,96.16000366210938,96.16000366210938,96.0199966430664,96.02999877929688,2582300
2020-10-16,VCIT,96.05999755859375,96.2300033569336,95.97000122070312,96.05000305175781,2424700
2020-10-19,VCIT,95.94999694824219,96.01000213623047,95.8499984741211,95.93000030517578,2819300
2020-10-20,VCIT,95.9000015258789,95.9800033569336,95.80999755859375,95.80999755859375,2237400
2020-10-21,VCIT,95.77999877929688,95.87000274658203,95.73999786376953,95.76000213623047,1738800
2020-10-22,VCIT,95.76000213623047,95.77999877929688,95.61000061035156,95.7300033569336,3751900
2020-10-23,VCIT,95.69999694824219,95.86000061035156,95.69000244140625,95.81999969482422,1476100
2020-10-26,VCIT,95.97000122070312,95.97000122070312,95.83000183105469,95.91000366210938,2373700
2020-10-27,VCIT,96.04000091552734,96.12000274658203,95.97000122070312,96.12000274658203,2176100
2020-10-28,VCIT,96.1500015258789,96.1500015258789,95.80999755859375,95.83000183105469,6278000
2020-10-29,VCIT,95.81999969482422,95.83000183105469,95.55999755859375,95.68000030517578,6137900
2020-10-30,VCIT,95.6500015258789,95.69000244140625,95.4000015258789,95.45999908447266,2528700
2020-11-02,VCIT,95.44999694824219,95.5199966430664,95.37999725341797,95.44999694824219,5618000
2020-11-03,VCIT,95.41999816894531,95.47000122070312,95.33999633789062,95.37000274658203,6976200
2020-11-04,VCIT,96.01000213623047,96.30999755859375,95.80000305175781,96.2699966430664,5800500
2020-11-05,VCIT,96.44000244140625,96.5,96.29000091552734,96.37999725341797,3869500
2020-11-06,VCIT,96.33999633789062,96.33999633789062,96.12999725341797,96.25,2381500
2020-11-09,VCIT,96.25,96.26000213623047,95.73999786376953,95.81999969482422,3402500
2020-11-10,VCIT,95.72000122070312,96.04000091552734,95.66000366210938,95.77999877929688,6529200
2020-11-11,VCIT,95.75,95.8499984741211,95.70999908447266,95.83000183105469,1132800
2020-11-12,VCIT,95.98999786376953,96.19000244140625,95.95999908447266,96.1500015258789,5860900
2020-11-13,VCIT,96.1500015258789,96.22000122070312,96.0999984741211,96.18000030517578,1202800
2020-11-16,VCIT,96.19000244140625,96.33999633789062,96.16999816894531,96.30999755859375,2728800
2020-11-17,VCIT,96.38999938964844,96.48999786376953,96.3499984741211,96.45999908447266,3693600
2020-11-18,VCIT,96.55000305175781,96.58999633789062,96.47000122070312,96.5,1932200
2020-11-19,VCIT,96.62000274658203,96.79000091552734,96.52999877929688,96.75,3503900
2020-11-20,VCIT,96.69000244140625,96.7300033569336,96.52999877929688,96.69999694824219,2410200
2020-11-23,VCIT,96.66999816894531,96.69999694824219,96.62999725341797,96.68000030517578,1820000
2020-11-24,VCIT,96.73999786376953,96.7699966430664,96.6500015258789,96.72000122070312,2544900
2020-11-25,VCIT,96.69000244140625,96.8499984741211,96.63999938964844,96.83999633789062,2536200
2020-11-27,VCIT,96.94000244140625,97.0,96.9000015258789,97.0,767400
2020-11-30,VCIT,97.02999877929688,97.19000244140625,96.9800033569336,97.16999816894531,3828200
2020-12-01,VCIT,96.87000274658203,96.9800033569336,96.66000366210938,96.72000122070312,2827900
2020-12-02,VCIT,96.7300033569336,96.77999877929688,96.54000091552734,96.69999694824219,2556400
2020-12-03,VCIT,96.80999755859375,96.98999786376953,96.7699966430664,96.91000366210938,2914800
2020-12-04,VCIT,96.66000366210938,96.73999786376953,96.58999633789062,96.69000244140625,2329000
2020-12-07,VCIT,96.77999877929688,96.94999694824219,96.7300033569336,96.7699966430664,5149400
2020-12-08,VCIT,96.80000305175781,96.91999816894531,96.69000244140625,96.69000244140625,2625100
2020-12-09,VCIT,96.56999969482422,96.58999633789062,96.31999969482422,96.44999694824219,3793100
2020-12-10,VCIT,96.52999877929688,96.80999755859375,96.51000213623047,96.7300033569336,2206400
2020-12-11,VCIT,96.79000091552734,96.8499984741211,96.68000030517578,96.7699966430664,2887600
2020-12-14,VCIT,96.69000244140625,96.83999633789062,96.66999816894531,96.80999755859375,1961700
2020-12-15,VCIT,96.8499984741211,96.95999908447266,96.79000091552734,96.91999816894531,3042900
2020-12-16,VCIT,96.91000366210938,97.02999877929688,96.73999786376953,96.88999938964844,2184300
2020-12-17,VCIT,97.06999969482422,97.0999984741211,96.83999633789062,97.0,1791700
2020-12-18,VCIT,97.0999984741211,97.0999984741211,96.9000015258789,96.94000244140625,2199200
2020-12-21,VCIT,96.91999816894531,96.94999694824219,96.76000213623047,96.87000274658203,3210500
2020-12-22,VCIT,96.98999786376953,97.06999969482422,96.9000015258789,97.04000091552734,1605700
2020-12-23,VCIT,96.75,96.91000366210938,96.5,96.7300033569336,3417900
2020-12-24,VCIT,96.80999755859375,96.88999938964844,96.76000213623047,96.87999725341797,893800
2020-12-28,VCIT,96.80999755859375,96.97000122070312,96.7699966430664,96.9000015258789,1871000
2020-12-29,VCIT,96.91999816894531,97.0199966430664,96.41000366210938,96.97000122070312,2850500
2020-12-30,VCIT,97.02999877929688,97.12000274658203,96.9800033569336,97.12000274658203,1306600
2020-12-31,VCIT,97.08999633789062,97.18000030517578,97.06999969482422,97.13999938964844,1436700
2021-01-04,VCIT,97.02999877929688,97.08999633789062,96.73999786376953,97.0199966430664,3606500
2021-01-05,VCIT,96.87999725341797,96.98999786376953,96.75,96.83999633789062,2492000
2021-01-06,VCIT,96.47000122070312,96.52999877929688,96.31999969482422,96.5199966430664,4410700
2021-01-07,VCIT,96.33000183105469,96.44000244140625,96.33000183105469,96.41999816894531,2509400
2021-01-08,VCIT,96.37999725341797,96.37999725341797,96.1500015258789,96.2699966430664,2762900
2021-01-11,VCIT,96.08999633789062,96.1500015258789,96.01000213623047,96.02999877929688,2180400
2021-01-12,VCIT,95.87999725341797,96.16000366210938,95.76000213623047,96.13999938964844,13654900
2021-01-13,VCIT,96.12000274658203,96.58999633789062,96.12000274658203,96.48999786376953,3696600
2021-01-14,VCIT,96.43000030517578,96.63999938964844,96.33000183105469,96.37000274658203,3127300
2021-01-15,VCIT,96.4800033569336,96.5199966430664,96.36000061035156,96.44000244140625,2929100
2021-01-19,VCIT,96.41000366210938,96.51000213623047,96.36000061035156,96.47000122070312,2308300
2021-01-20,VCIT,96.45999908447266,96.55999755859375,96.44000244140625,96.5,5596300
2021-01-21,VCIT,96.01000213623047,96.4800033569336,95.76000213623047,96.43000030517578,4489000
2021-01-22,VCIT,96.33000183105469,96.44000244140625,96.30000305175781,96.31999969482422,2864600
2021-01-25,VCIT,96.41000366210938,96.56999969482422,96.38999938964844,96.51000213623047,3990200
2021-01-26,VCIT,96.43000030517578,96.62000274658203,96.41999816894531,96.55000305175781,4773700
2021-01-27,VCIT,96.61000061035156,96.66000366210938,96.48999786376953,96.51000213623047,3536800
2021-01-28,VCIT,96.47000122070312,96.5199966430664,96.36000061035156,96.36000061035156,3250100
2021-01-29,VCIT,96.19000244140625,96.41000366210938,96.16000366210938,96.29000091552734,2737000
2021-02-01,VCIT,96.16999816894531,96.33000183105469,96.13999938964844,96.27999877929688,3087800
2021-02-02,VCIT,96.08999633789062,96.23999786376953,96.06999969482422,96.19000244140625,2631600
2021-02-03,VCIT,96.06999969482422,96.1500015258789,96.06999969482422,96.13999938964844,3022800
2021-02-04,VCIT,96.06999969482422,96.26000213623047,96.0199966430664,96.22000122070312,2534300
2021-02-05,VCIT,96.27999877929688,96.33000183105469,96.16999816894531,96.18000030517578,4672400
2021-02-08,VCIT,96.18000030517578,96.30999755859375,96.0,96.2699966430664,3747300
2021-02-09,VCIT,96.30000305175781,96.31999969482422,96.18000030517578,96.20999908447266,3090500
2021-02-10,VCIT,96.27999877929688,96.41999816894531,96.27999877929688,96.4000015258789,3338200
2021-02-11,VCIT,96.31999969482422,96.44000244140625,96.19999694824219,96.33000183105469,2676700
2021-02-12,VCIT,96.18000030517578,96.29000091552734,96.1500015258789,96.16999816894531,1841600
2021-02-16,VCIT,95.83999633789062,95.8499984741211,95.58999633789062,95.62000274658203,4445300
2021-02-17,VCIT,95.72000122070312,95.80999755859375,95.58999633789062,95.80000305175781,5189200
2021-02-18,VCIT,95.87000274658203,95.87000274658203,95.58999633789062,95.7699966430664,2737600
2021-02-19,VCIT,95.61000061035156,95.68000030517578,95.36000061035156,95.38999938964844,3608200
2021-02-22,VCIT,95.23999786376953,95.41999816894531,95.0999984741211,95.12000274658203,7656500
2021-02-23,VCIT,94.81999969482422,95.2699966430664,94.81999969482422,95.25,5130300
2021-02-24,VCIT,94.91000366210938,95.31999969482422,94.80999755859375,95.30999755859375,3466700
2021-02-25,VCIT,94.91000366210938,94.91000366210938,93.69999694824219,93.93000030517578,10810300
2021-02-26,VCIT,94.27999877929688,94.61000061035156,93.98999786376953,94.58000183105469,9815800
2021-03-01,VCIT,94.45999908447266,94.66999816894531,94.44000244140625,94.66000366210938,5157500
2021-03-02,VCIT,94.62000274658203,94.73999786376953,94.55999755859375,94.63999938964844,3103500
2021-03-03,VCIT,94.33999633789062,94.38999938964844,94.16000366210938,94.16999816894531,4239000
2021-03-04,VCIT,94.16999816894531,94.26000213623047,93.55999755859375,93.66000366210938,7836300
2021-03-05,VCIT,93.41000366210938,93.48999786376953,93.19999694824219,93.4000015258789,9460200
2021-03-08,VCIT,93.16000366210938,93.18000030517578,92.68000030517578,92.68000030517578,4079900
2021-03-09,VCIT,93.0999984741211,93.19000244140625,92.97000122070312,93.06999969482422,4191000
2021-03-10,VCIT,93.12000274658203,93.48999786376953,93.0999984741211,93.4000015258789,4670400
2021-03-11,VCIT,93.55999755859375,93.63999938964844,93.43000030517578,93.51000213623047,5199300
2021-03-12,VCIT,93.08999633789062,93.19000244140625,92.83999633789062,92.93000030517578,2908300
2021-03-15,VCIT,92.9000015258789,93.0999984741211,92.87000274658203,93.05000305175781,2026000
2021-03-16,VCIT,93.12000274658203,93.16999816894531,92.9800033569336,93.05000305175781,3446000
2021-03-17,VCIT,92.80999755859375,93.37000274658203,92.69000244140625,93.19999694824219,3915100
2021-03-18,VCIT,92.55999755859375,92.76000213623047,92.43000030517578,92.68000030517578,6167800
2021-03-19,VCIT,92.55999755859375,92.73999786376953,92.5,92.62000274658203,3994800
2021-03-22,VCIT,92.73999786376953,92.91000366210938,92.69999694824219,92.81999969482422,2723900
2021-03-23,VCIT,92.93000030517578,93.02999877929688,92.86000061035156,93.01000213623047,2822100
2021-03-24,VCIT,92.8499984741211,93.16999816894531,92.81999969482422,93.16000366210938,2320100
2021-03-25,VCIT,93.16000366210938,93.2300033569336,92.97000122070312,93.1500015258789,2259900
2021-03-26,VCIT,92.97000122070312,93.16999816894531,92.91999816894531,93.0,2261100
2021-03-29,VCIT,93.37000274658203,93.77999877929688,92.75,92.83000183105469,2681100
2021-03-30,VCIT,92.73999786376953,92.93000030517578,92.58999633789062,92.91000366210938,2527000
2021-03-31,VCIT,92.83000183105469,93.1500015258789,92.81999969482422,93.02999877929688,3675300
2021-04-01,VCIT,93.0999984741211,93.18000030517578,92.9800033569336,93.13999938964844,3066600
2021-04-05,VCIT,92.83999633789062,93.02999877929688,92.41999816894531,92.83000183105469,2304200
2021-04-06,VCIT,93.0,93.3499984741211,93.0,93.26000213623047,3718700
2021-04-07,VCIT,93.36000061035156,93.45999908447266,93.23999786376953,93.2699966430664,3417800
2021-04-08,VCIT,93.41999816894531,93.55999755859375,93.3499984741211,93.55000305175781,2202300
2021-04-09,VCIT,93.31999969482422,93.55000305175781,93.2699966430664,93.44000244140625,2368600
2021-04-12,VCIT,93.29000091552734,93.38999938964844,93.26000213623047,93.36000061035156,1898500
2021-04-13,VCIT,93.3499984741211,93.69000244140625,93.31999969482422,93.69000244140625,2484900
2021-04-14,VCIT,93.63999938964844,93.66000366210938,93.51000213623047,93.62999725341797,2365700
2021-04-15,VCIT,93.7699966430664,94.12999725341797,93.68000030517578,94.01000213623047,2406800
2021-04-16,VCIT,93.79000091552734,93.83000183105469,93.44999694824219,93.62999725341797,2965300
2021-04-19,VCIT,93.47000122070312,93.62000274658203,93.44999694824219,93.55999755859375,2367500
2021-04-20,VCIT,93.56999969482422,93.81999969482422,93.55000305175781,93.69999694824219,2151500
2021-04-21,VCIT,93.75,93.87999725341797,93.68000030517578,93.87999725341797,2671400
2021-04-22,VCIT,93.70999908447266,93.9800033569336,93.69000244140625,93.94000244140625,2536500
2021-04-23,VCIT,93.91999816894531,94.06999969482422,93.86000061035156,93.98999786376953,3306400
2021-04-26,VCIT,94.04000091552734,94.04000091552734,93.91999816894531,93.94000244140625,2357200
2021-04-27,VCIT,94.01000213623047,94.01000213623047,93.69000244140625,93.70999908447266,19649500
2021-04-28,VCIT,93.69999694824219,93.80000305175781,93.5,93.80000305175781,3353700
2021-04-29,VCIT,93.51000213623047,93.7300033569336,93.43000030517578,93.72000122070312,5517600
2021-04-30,VCIT,93.69000244140625,93.8499984741211,93.68000030517578,93.81999969482422,2759100
2021-05-03,VCIT,93.66999816894531,93.88999938964844,93.63999938964844,93.81999969482422,2171500
2021-05-04,VCIT,93.9800033569336,94.0,93.75,93.80999755859375,2863300
2021-05-05,VCIT,93.80999755859375,93.94999694824219,93.75,93.91000366210938,2104100
2021-05-06,VCIT,93.87999725341797,94.05000305175781,93.8499984741211,94.05000305175781,2470500
2021-05-07,VCIT,94.29000091552734,94.44000244140625,94.06999969482422,94.13999938964844,3253200
2021-05-10,VCIT,94.0999984741211,94.20999908447266,93.91999816894531,94.01000213623047,2125300
2021-05-11,VCIT,93.80000305175781,93.83999633789062,93.72000122070312,93.81999969482422,1924000
2021-05-12,VCIT,94.16999816894531,94.16999816894531,93.33999633789062,93.3499984741211,4602300
2021-05-13,VCIT,93.55000305175781,93.72000122070312,93.52999877929688,93.69000244140625,2969600
2021-05-14,VCIT,93.87000274658203,93.97000122070312,93.79000091552734,93.97000122070312,1574800
2021-05-17,VCIT,93.91000366210938,93.91000366210938,93.80000305175781,93.87000274658203,1823800
2021-05-18,VCIT,93.81999969482422,93.83999633789062,93.73999786376953,93.7699966430664,1507400
2021-05-19,VCIT,93.73999786376953,93.86000061035156,93.44999694824219,93.58999633789062,2131300
2021-05-20,VCIT,93.7699966430664,93.98999786376953,93.75,93.94999694824219,1506000
2021-05-21,VCIT,93.62000274658203,94.08000183105469,93.62000274658203,93.98999786376953,1642200
2021-05-24,VCIT,94.04000091552734,94.1500015258789,94.0199966430664,94.11000061035156,1931400
2021-05-25,VCIT,94.13999938964844,94.38999938964844,94.04000091552734,94.37000274658203,3550500
2021-05-26,VCIT,94.2699966430664,94.37000274658203,94.19999694824219,94.33000183105469,4145700
2021-05-27,VCIT,94.20999908447266,94.23999786376953,94.0999984741211,94.16000366210938,2099000
2021-05-28,VCIT,94.18000030517578,94.37000274658203,94.18000030517578,94.19000244140625,1282300
2021-06-01,VCIT,93.94000244140625,94.08000183105469,93.87999725341797,94.06999969482422,2200100
2021-06-02,VCIT,94.18000030517578,94.2300033569336,94.13999938964844,94.22000122070312,2630100
2021-06-03,VCIT,93.94000244140625,93.98999786376953,93.88999938964844,93.9000015258789,2011700
2021-06-04,VCIT,94.08000183105469,94.33999633789062,94.06999969482422,94.31999969482422,2783300
2021-06-07,VCIT,94.23999786376953,94.30000305175781,94.20999908447266,94.29000091552734,2022700
2021-06-08,VCIT,94.5,94.54000091552734,94.41999816894531,94.51000213623047,2517100
2021-06-09,VCIT,94.75,94.83000183105469,94.62999725341797,94.72000122070312,2002400
2021-06-10,VCIT,94.63999938964844,95.04000091552734,94.58999633789062,95.04000091552734,1938400
2021-06-11,VCIT,95.08999633789062,95.0999984741211,94.95999908447266,95.02999877929688,1507300
2021-06-14,VCIT,94.95999908447266,94.95999908447266,94.75,94.81999969482422,1144300
2021-06-15,VCIT,94.58999633789062,94.91999816894531,94.58999633789062,94.91999816894531,2042900
2021-06-16,VCIT,94.97000122070312,95.04000091552734,94.23999786376953,94.44000244140625,2450400
2021-06-17,VCIT,94.5199966430664,94.80000305175781,94.48999786376953,94.6500015258789,3881600
2021-06-18,VCIT,94.69000244140625,94.95999908447266,94.5,94.9000015258789,2794300
2021-06-21,VCIT,94.77999877929688,94.86000061035156,94.69999694824219,94.7300033569336,2379700
2021-06-22,VCIT,94.66000366210938,94.87000274658203,94.5999984741211,94.87000274658203,1515600
2021-06-23,VCIT,94.7699966430664,94.87999725341797,94.5,94.69999694824219,9649900
2021-06-24,VCIT,94.79000091552734,94.86000061035156,94.69999694824219,94.80999755859375,2956100
2021-06-25,VCIT,94.86000061035156,94.87999725341797,94.54000091552734,94.69000244140625,2982800
2021-06-28,VCIT,94.80999755859375,94.93000030517578,94.72000122070312,94.9000015258789,3475000
2021-06-29,VCIT,94.91000366210938,95.0199966430664,94.80000305175781,95.0199966430664,2386500
2021-06-30,VCIT,95.0999984741211,95.19999694824219,95.05000305175781,95.06999969482422,3358900
2021-07-01,VCIT,94.94999694824219,94.9800033569336,94.73999786376953,94.83000183105469,1685400
2021-07-02,VCIT,94.91000366210938,95.06999969482422,94.83000183105469,95.05999755859375,2119900
2021-07-06,VCIT,95.08999633789062,95.45999908447266,95.08999633789062,95.37000274658203,3446900
2021-07-07,VCIT,95.45999908447266,95.63999938964844,95.38999938964844,95.56999969482422,2620100
2021-07-08,VCIT,95.51000213623047,95.72000122070312,95.5,95.62999725341797,3227000
2021-07-09,VCIT,95.44000244140625,95.44000244140625,95.33999633789062,95.36000061035156,1982100
2021-07-12,VCIT,95.36000061035156,95.41000366210938,95.23999786376953,95.31999969482422,3874800
2021-07-13,VCIT,95.30999755859375,95.36000061035156,95.04000091552734,95.08000183105469,6358200
2021-07-14,VCIT,95.2699966430664,95.4000015258789,95.25,95.4000015258789,6512900
2021-07-15,VCIT,95.51000213623047,95.58999633789062,95.33999633789062,95.55000305175781,3337100
2021-07-16,VCIT,95.37000274658203,95.55000305175781,95.3499984741211,95.48999786376953,3018100
2021-07-19,VCIT,95.80999755859375,96.05999755859375,95.68000030517578,95.97000122070312,3865200
2021-07-20,VCIT,96.23999786376953,96.2699966430664,95.86000061035156,95.94999694824219,5330500
2021-07-21,VCIT,95.7300033569336,95.7699966430664,95.52999877929688,95.63999938964844,2769100
2021-07-22,VCIT,95.69999694824219,95.94000244140625,95.66999816894531,95.87000274658203,2101900
2021-07-23,VCIT,95.63999938964844,95.8499984741211,95.62000274658203,95.83000183105469,2244500
2021-07-26,VCIT,95.70999908447266,95.88999938964844,95.70999908447266,95.7300033569336,2946400
2021-07-27,VCIT,95.94999694824219,95.98999786376953,95.83999633789062,95.9800033569336,3137900
2021-07-28,VCIT,95.8499984741211,96.12000274658203,95.79000091552734,96.12000274658203,3227500
2021-07-29,VCIT,95.93000030517578,96.01000213623047,95.87999725341797,95.97000122070312,2153500
2021-07-30,VCIT,96.0,96.11000061035156,95.98999786376953,96.08999633789062,2106800
2021-08-02,VCIT,96.02999877929688,96.2699966430664,95.95999908447266,96.12999725341797,2755300
2021-08-03,VCIT,96.1500015258789,96.26000213623047,96.08999633789062,96.12999725341797,2255300
2021-08-04,VCIT,96.29000091552734,96.38999938964844,95.83000183105469,96.06999969482422,3351600
2021-08-05,VCIT,95.93000030517578,95.97000122070312,95.7699966430664,95.83000183105469,2845100
2021-08-06,VCIT,95.4800033569336,95.55000305175781,95.37999725341797,95.43000030517578,2257300
2021-08-09,VCIT,95.41000366210938,95.45999908447266,95.11000061035156,95.13999938964844,1624100
2021-08-10,VCIT,95.05999755859375,95.3499984741211,94.94999694824219,94.98999786376953,1660400
2021-08-11,VCIT,95.0199966430664,95.27999877929688,94.91000366210938,95.1500015258789,2589300
2021-08-12,VCIT,95.08999633789062,95.18000030517578,95.02999877929688,95.16999816894531,1820400
2021-08-13,VCIT,95.27999877929688,95.5199966430664,95.26000213623047,95.5199966430664,1210700
2021-08-16,VCIT,95.68000030517578,95.80999755859375,95.5999984741211,95.63999938964844,1716000
2021-08-17,VCIT,95.55999755859375,95.62999725341797,95.48999786376953,95.54000091552734,1953400
2021-08-18,VCIT,95.5,95.5199966430664,95.29000091552734,95.37000274658203,2267000
2021-08-19,VCIT,95.48999786376953,95.5999984741211,95.38999938964844,95.54000091552734,1710200
2021-08-20,VCIT,95.58999633789062,95.5999984741211,95.45999908447266,95.5199966430664,1187300
2021-08-23,VCIT,95.54000091552734,95.62000274658203,95.48999786376953,95.55999755859375,1313600
2021-08-24,VCIT,95.5199966430664,95.55999755859375,95.37999725341797,95.41000366210938,1731600
2021-08-25,VCIT,95.43000030517578,95.44000244140625,95.18000030517578,95.25,1730400
2021-08-26,VCIT,95.36000061035156,95.36000061035156,95.11000061035156,95.19999694824219,4689400
2021-08-27,VCIT,95.20999908447266,95.55000305175781,95.11000061035156,95.5199966430664,2610800
2021-08-30,VCIT,95.26000213623047,95.72000122070312,95.26000213623047,95.70999908447266,2809600
2021-08-31,VCIT,95.69999694824219,95.80000305175781,95.58000183105469,95.58000183105469,3775200
2021-09-01,VCIT,95.44999694824219,95.58000183105469,95.3499984741211,95.48999786376953,2261400
2021-09-02,VCIT,95.5999984741211,95.66000366210938,95.51000213623047,95.66000366210938,3277300
2021-09-03,VCIT,95.44000244140625,95.5,95.37999725341797,95.45999908447266,1106900
2021-09-07,VCIT,94.91999816894531,95.18000030517578,94.91999816894531,95.12000274658203,3928700
2021-09-08,VCIT,95.19000244140625,95.37000274658203,95.13999938964844,95.27999877929688,2305600
2021-09-09,VCIT,95.4000015258789,95.69000244140625,95.33999633789062,95.58999633789062,2756100
2021-09-10,VCIT,95.5199966430664,95.56999969482422,95.3499984741211,95.45999908447266,1300700
2021-09-13,VCIT,95.52999877929688,95.62999725341797,95.5199966430664,95.5199966430664,7506800
2021-09-14,VCIT,95.62000274658203,95.77999877929688,95.5999984741211,95.70999908447266,3732800
2021-09-15,VCIT,95.44999694824219,95.70999908447266,95.44999694824219,95.63999938964844,2644300
2021-09-16,VCIT,95.38999938964844,95.5199966430664,95.33000183105469,95.4800033569336,2242100
2021-09-17,VCIT,95.30000305175781,95.33000183105469,95.20999908447266,95.27999877929688,1771000
2021-09-20,VCIT,95.37999725341797,95.54000091552734,95.30999755859375,95.52999877929688,3140200
2021-09-21,VCIT,95.55999755859375,95.62000274658203,95.48999786376953,95.5199966430664,2045000
2021-09-22,VCIT,95.5199966430664,95.66999816894531,95.37000274658203,95.58999633789062,2929000
2021-09-23,VCIT,95.37000274658203,95.37999725341797,95.12999725341797,95.16000366210938,2792300
2021-09-24,VCIT,95.05000305175781,95.08999633789062,94.94999694824219,95.05000305175781,1511400
2021-09-27,VCIT,94.87000274658203,94.98999786376953,94.83000183105469,94.9000015258789,2334700
2021-09-28,VCIT,94.66000366210938,94.66000366210938,94.41000366210938,94.44000244140625,2846400
2021-09-29,VCIT,94.58999633789062,94.7699966430664,94.41999816894531,94.5,4397700
2021-09-30,VCIT,94.43000030517578,94.54000091552734,94.30999755859375,94.41000366210938,3680500
2021-10-01,VCIT,94.44999694824219,94.73999786376953,94.41999816894531,94.66999816894531,3192800
2021-10-04,VCIT,94.5199966430664,94.6500015258789,94.45999908447266,94.58000183105469,2099500
2021-10-05,VCIT,94.47000122070312,94.51000213623047,94.31999969482422,94.37000274658203,2561100
2021-10-06,VCIT,94.29000091552734,94.36000061035156,94.19999694824219,94.30999755859375,2449400
2021-10-07,VCIT,94.18000030517578,94.2699966430664,94.02999877929688,94.04000091552734,1558800
2021-10-08,VCIT,93.62999725341797,94.02999877929688,93.37999725341797,93.79000091552734,2451600
2021-10-11,VCIT,93.62999725341797,93.70999908447266,93.54000091552734,93.5999984741211,1107000
2021-10-12,VCIT,93.7699966430664,93.88999938964844,93.63999938964844,93.86000061035156,2067600
2021-10-13,VCIT,93.91999816894531,94.12999725341797,93.88999938964844,94.0999984741211,3107800
2021-10-14,VCIT,94.22000122070312,94.36000061035156,94.0,94.3499984741211,2675000
2021-10-15,VCIT,94.13999938964844,94.13999938964844,93.98999786376953,94.04000091552734,2863500
2021-10-18,VCIT,93.77999877929688,93.87999725341797,93.6500015258789,93.80999755859375,3576500
2021-10-19,VCIT,93.76000213623047,93.76000213623047,93.56999969482422,93.58000183105469,2708000
2021-10-20,VCIT,93.54000091552734,93.69999694824219,93.51000213623047,93.5199966430664,11055700
2021-10-21,VCIT,93.33999633789062,93.43000030517578,93.20999908447266,93.2699966430664,5499200
2021-10-22,VCIT,93.44000244140625,93.5,93.20999908447266,93.44000244140625,3141800
2021-10-25,VCIT,93.4800033569336,93.66000366210938,93.44000244140625,93.58999633789062,2686400
2021-10-26,VCIT,93.62999725341797,93.72000122070312,93.51000213623047,93.70999908447266,4174600
2021-10-27,VCIT,93.91000366210938,94.1500015258789,93.75,94.0199966430664,4659200
2021-10-28,VCIT,93.95999908447266,94.0,93.7699966430664,93.87999725341797,4112900
2021-10-29,VCIT,93.6500015258789,93.98999786376953,93.5999984741211,93.88999938964844,4056600
2021-11-01,VCIT,93.56999969482422,93.66999816894531,93.43000030517578,93.62999725341797,1906300
2021-11-02,VCIT,93.6500015258789,93.87000274658203,93.6500015258789,93.8499984741211,4614100
2021-11-03,VCIT,93.80000305175781,93.87000274658203,93.52999877929688,93.73999786376953,3678000
2021-11-04,VCIT,93.8499984741211,94.18000030517578,93.81999969482422,94.06999969482422,3022100
2021-11-05,VCIT,94.1500015258789,94.5999984741211,94.1500015258789,94.5199966430664,3820900
2021-11-08,VCIT,94.44000244140625,94.44000244140625,94.16000366210938,94.2300033569336,3330200
2021-11-09,VCIT,94.5,94.56999969482422,94.38999938964844,94.41999816894531,3358400
2021-11-10,VCIT,94.2300033569336,94.23999786376953,93.69999694824219,93.7699966430664,4254600
2021-11-11,VCIT,93.72000122070312,93.8499984741211,93.41999816894531,93.45999908447266,1585200
2021-11-12,VCIT,93.7300033569336,93.75,93.5,93.58000183105469,2849000
2021-11-15,VCIT,93.48999786376953,93.52999877929688,93.13999938964844,93.16000366210938,4083300
2021-11-16,VCIT,93.06999969482422,93.27999877929688,93.05000305175781,93.05999755859375,3817400
2021-11-17,VCIT,93.08000183105469,93.30999755859375,93.0199966430664,93.29000091552734,3897900
2021-11-18,VCIT,93.38999938964844,93.41999816894531,93.19000244140625,93.37000274658203,2561900
2021-11-19,VCIT,93.52999877929688,93.69000244140625,93.48999786376953,93.5199966430664,6298900
2021-11-22,VCIT,93.20999908447266,93.33000183105469,92.9000015258789,92.9000015258789,4119000
2021-11-23,VCIT,92.7699966430664,92.80999755859375,92.54000091552734,92.55000305175781,5427300
2021-11-24,VCIT,92.44000244140625,92.68000030517578,92.4000015258789,92.66999816894531,3589100
2021-11-26,VCIT,92.97000122070312,93.26000213623047,92.93000030517578,93.25,3632000
2021-11-29,VCIT,92.91999816894531,93.31999969482422,92.87999725341797,93.26000213623047,4889900
2021-11-30,VCIT,93.63999938964844,93.87999725341797,93.25,93.4000015258789,9302400
2021-12-01,VCIT,93.12999725341797,93.27999877929688,93.05000305175781,93.25,4224600
2021-12-02,VCIT,93.22000122070312,93.29000091552734,93.08999633789062,93.27999877929688,3811700
2021-12-03,VCIT,93.30000305175781,93.91000366210938,93.2300033569336,93.7300033569336,4097900
2021-12-06,VCIT,93.72000122070312,93.73999786376953,93.41999816894531,93.45999908447266,4867500
2021-12-07,VCIT,93.43000030517578,93.62999725341797,93.43000030517578,93.51000213623047,5397600
2021-12-08,VCIT,93.41000366210938,93.48999786376953,93.12999725341797,93.26000213623047,4031900
2021-12-09,VCIT,93.38999938964844,93.47000122070312,93.23999786376953,93.26000213623047,2275400
2021-12-10,VCIT,93.37999725341797,93.54000091552734,93.31999969482422,93.37999725341797,3959900
2021-12-13,VCIT,93.55999755859375,93.79000091552734,93.55000305175781,93.62000274658203,3659000
2021-12-14,VCIT,93.48999786376953,93.51000213623047,93.30999755859375,93.37999725341797,5603600
2021-12-15,VCIT,93.22000122070312,93.54000091552734,93.16999816894531,93.54000091552734,3183200
2021-12-16,VCIT,93.9800033569336,93.9800033569336,93.62000274658203,93.7300033569336,3252200
2021-12-17,VCIT,93.7699966430664,93.93000030517578,93.7300033569336,93.79000091552734,1907800
2021-12-20,VCIT,93.7699966430664,93.80999755859375,93.58000183105469,93.6500015258789,2927900
2021-12-21,VCIT,93.94999694824219,93.94999694824219,92.75,93.58999633789062,3021800
2021-12-22,VCIT,93.66000366210938,93.68000030517578,93.51000213623047,93.63999938964844,1890000
2021-12-23,VCIT,92.81999969482422,92.8499984741211,92.69000244140625,92.83000183105469,2136600
2021-12-27,VCIT,92.80999755859375,93.0,92.80999755859375,92.95999908447266,1931400
2021-12-28,VCIT,93.05999755859375,93.11000061035156,92.91999816894531,92.97000122070312,1879100
2021-12-29,VCIT,92.7300033569336,92.80000305175781,92.58000183105469,92.66000366210938,3049100
2021-12-30,VCIT,92.76000213623047,92.88999938964844,92.63999938964844,92.88999938964844,2213300
2021-12-31,VCIT,92.9000015258789,92.97000122070312,92.73999786376953,92.76000213623047,2711900
2022-01-03,VCIT,92.3499984741211,92.37999725341797,92.13999938964844,92.16999816894531,4707500
2022-01-04,VCIT,92.05999755859375,92.23999786376953,92.0,92.23999786376953,3672500
2022-01-05,VCIT,92.26000213623047,92.30000305175781,91.76000213623047,91.76000213623047,7126400
2022-01-06,VCIT,91.58999633789062,91.69000244140625,91.5199966430664,91.58999633789062,5094300
2022-01-07,VCIT,91.44999694824219,91.48999786376953,91.20999908447266,91.33000183105469,3767500
2022-01-10,VCIT,91.12999725341797,91.25,90.98999786376953,91.25,5104600
2022-01-11,VCIT,91.16000366210938,91.41999816894531,91.12000274658203,91.37000274658203,4633900
2022-01-12,VCIT,91.5,91.62000274658203,91.41999816894531,91.43000030517578,3730100
2022-01-13,VCIT,91.44000244140625,91.5999984741211,91.37000274658203,91.5999984741211,4844800
2022-01-14,VCIT,91.37000274658203,91.38999938964844,91.05999755859375,91.08999633789062,4389700
2022-01-18,VCIT,90.68000030517578,90.70999908447266,90.4000015258789,90.4000015258789,5459000
2022-01-19,VCIT,90.58000183105469,90.75,90.51000213623047,90.51000213623047,4461600
2022-01-20,VCIT,90.62999725341797,90.70999908447266,90.45999908447266,90.5199966430664,5880600
2022-01-21,VCIT,90.91000366210938,90.95999908447266,90.79000091552734,90.9000015258789,14939100
2022-01-24,VCIT,91.0,91.04000091552734,90.80999755859375,90.83999633789062,4670700
2022-01-25,VCIT,90.80999755859375,90.93000030517578,90.6500015258789,90.69000244140625,3416700
2022-01-26,VCIT,90.79000091552734,90.87000274658203,90.12999725341797,90.16999816894531,7083000
2022-01-27,VCIT,90.23999786376953,90.47000122070312,90.19999694824219,90.29000091552734,5019100
2022-01-28,VCIT,90.01000213623047,90.38999938964844,89.95999908447266,90.38999938964844,5958100
2022-01-31,VCIT,90.26000213623047,90.48999786376953,90.19000244140625,90.45999908447266,3796200
2022-02-01,VCIT,90.30999755859375,90.43000030517578,90.05000305175781,90.3499984741211,3724300
2022-02-02,VCIT,90.43000030517578,90.5999984741211,90.37999725341797,90.41000366210938,3775300
2022-02-03,VCIT,90.0,90.04000091552734,89.83999633789062,89.9000015258789,4060700
2022-02-04,VCIT,89.37999725341797,89.38999938964844,89.0999984741211,89.31999969482422,6009700
2022-02-07,VCIT,89.23999786376953,89.45999908447266,89.18000030517578,89.4000015258789,2693100
2022-02-08,VCIT,89.2699966430664,89.30000305175781,89.12999725341797,89.1500015258789,5714700
2022-02-09,VCIT,89.33000183105469,89.52999877929688,89.29000091552734,89.3499984741211,3966000
2022-02-10,VCIT,88.91999816894531,89.05000305175781,88.41999816894531,88.41999816894531,5980400
2022-02-11,VCIT,88.68000030517578,89.08000183105469,88.4000015258789,89.01000213623047,13291100
2022-02-14,VCIT,88.55999755859375,88.77999877929688,88.45999908447266,88.48999786376953,11094400
2022-02-15,VCIT,88.37999725341797,88.55000305175781,88.27999877929688,88.29000091552734,9206800
2022-02-16,VCIT,88.38999938964844,88.41000366210938,88.08999633789062,88.3499984741211,6791200
2022-02-17,VCIT,88.47000122070312,88.5999984741211,88.41000366210938,88.52999877929688,6467700
2022-02-18,VCIT,88.63999938964844,88.66000366210938,88.43000030517578,88.54000091552734,4282800
2022-02-22,VCIT,88.33999633789062,88.44000244140625,88.25,88.41000366210938,4470300
2022-02-23,VCIT,88.23999786376953,88.25,87.93000030517578,87.94999694824219,6060800
2022-02-24,VCIT,87.91000366210938,88.23999786376953,87.8499984741211,88.08000183105469,8624800
2022-02-25,VCIT,88.12999725341797,88.30000305175781,88.08000183105469,88.26000213623047,5152400
2022-02-28,VCIT,88.56999969482422,88.97000122070312,88.56999969482422,88.97000122070312,4699900
2022-03-01,VCIT,89.02999877929688,89.58000183105469,89.02999877929688,89.19000244140625,6704400
2022-03-02,VCIT,88.77999877929688,88.86000061035156,88.2300033569336,88.25,9046500
2022-03-03,VCIT,88.44000244140625,88.58000183105469,88.30000305175781,88.45999908447266,6612600
2022-03-04,VCIT,88.83000183105469,88.93000030517578,88.58000183105469,88.66000366210938,4924300
2022-03-07,VCIT,88.12000274658203,88.37999725341797,87.83000183105469,87.93000030517578,4515900
2022-03-08,VCIT,87.38999938964844,87.55999755859375,87.16000366210938,87.33000183105469,8131500
2022-03-09,VCIT,87.20999908447266,87.43000030517578,87.20999908447266,87.2699966430664,6115600
2022-03-10,VCIT,87.0,87.02999877929688,86.47000122070312,86.70999908447266,5540200
2022-03-11,VCIT,86.61000061035156,86.72000122070312,86.5199966430664,86.55999755859375,3846600
2022-03-14,VCIT,86.05999755859375,86.08000183105469,85.58999633789062,85.58999633789062,4022500
2022-03-15,VCIT,85.93000030517578,86.01000213623047,85.70999908447266,85.83000183105469,6773100
2022-03-16,VCIT,86.0199966430664,86.16999816894531,85.33000183105469,86.08999633789062,8821100
2022-03-17,VCIT,86.33000183105469,86.70999908447266,86.25,86.61000061035156,6223400
2022-03-18,VCIT,86.5,86.87000274658203,86.5,86.80000305175781,8237000
2022-03-21,VCIT,86.26000213623047,86.41000366210938,85.81999969482422,85.91000366210938,13311400
2022-03-22,VCIT,85.61000061035156,85.76000213623047,85.58000183105469,85.66999816894531,7270200
2022-03-23,VCIT,85.7300033569336,85.8499984741211,85.5199966430664,85.8499984741211,7864000
2022-03-24,VCIT,85.3499984741211,85.7300033569336,85.22000122070312,85.66999816894531,11538200
2022-03-25,VCIT,85.54000091552734,85.54000091552734,84.83000183105469,85.05000305175781,15339500
2022-03-28,VCIT,85.08999633789062,85.41000366210938,85.05000305175781,85.26000213623047,6018700
2022-03-29,VCIT,85.47000122070312,85.81999969482422,85.45999908447266,85.80999755859375,8362100
2022-03-30,VCIT,85.62999725341797,86.06999969482422,85.62000274658203,86.0199966430664,4628500
2022-03-31,VCIT,86.02999877929688,86.29000091552734,85.93000030517578,86.04000091552734,5137800
2022-04-01,VCIT,85.33999633789062,85.88999938964844,85.29000091552734,85.70999908447266,3866600
2022-04-04,VCIT,85.80000305175781,85.93000030517578,85.72000122070312,85.93000030517578,8100100
2022-04-05,VCIT,85.66999816894531,85.70999908447266,84.83999633789062,84.86000061035156,4293500
2022-04-06,VCIT,84.30999755859375,84.83999633789062,84.1500015258789,84.44000244140625,7530600
2022-04-07,VCIT,84.5,84.62000274658203,84.25,84.25,5993500
2022-04-08,VCIT,83.8499984741211,84.02999877929688,83.72000122070312,83.91000366210938,6612400
2022-04-11,VCIT,83.4800033569336,83.58999633789062,83.20999908447266,83.3499984741211,11823300
2022-04-12,VCIT,83.68000030517578,83.94999694824219,83.58000183105469,83.58000183105469,7578800
2022-04-13,VCIT,83.66999816894531,83.93000030517578,83.62000274658203,83.87999725341797,7156500
2022-04-14,VCIT,83.77999877929688,83.86000061035156,83.12000274658203,83.18000030517578,4740700
2022-04-18,VCIT,83.01000213623047,83.12000274658203,82.69999694824219,82.76000213623047,5202700
2022-04-19,VCIT,82.38999938964844,82.55000305175781,82.16000366210938,82.2699966430664,5662600
2022-04-20,VCIT,82.54000091552734,82.83999633789062,82.48999786376953,82.69000244140625,6367800
2022-04-21,VCIT,82.5999984741211,82.5999984741211,81.80999755859375,81.9800033569336,9741200
2022-04-22,VCIT,81.73999786376953,82.08000183105469,81.56999969482422,81.94999694824219,10068700
2022-04-25,VCIT,82.33000183105469,82.7699966430664,82.33000183105469,82.54000091552734,12251000
2022-04-26,VCIT,82.91000366210938,82.94999694824219,82.48999786376953,82.63999938964844,21391400
2022-04-27,VCIT,82.5999984741211,82.7300033569336,82.04000091552734,82.08999633789062,19696500
2022-04-28,VCIT,81.87999725341797,82.19000244140625,81.73999786376953,82.19000244140625,15140400
2022-04-29,VCIT,81.61000061035156,81.91000366210938,81.41999816894531,81.56999969482422,17959000
2022-05-02,VCIT,81.12000274658203,81.2300033569336,80.91000366210938,81.0199966430664,7147300
2022-05-03,VCIT,81.54000091552734,81.69000244140625,81.2300033569336,81.33000183105469,6499400
2022-05-04,VCIT,81.2699966430664,82.11000061035156,80.97000122070312,82.01000213623047,10016400
2022-05-05,VCIT,81.58999633789062,81.58999633789062,80.7300033569336,81.16000366210938,8559300
2022-05-06,VCIT,80.66999816894531,81.05999755859375,80.61000061035156,80.69999694824219,5996400
2022-05-09,VCIT,80.55999755859375,81.0199966430664,80.47000122070312,80.94000244140625,6736200
2022-05-10,VCIT,81.29000091552734,81.47000122070312,81.12000274658203,81.16999816894531,7796100
2022-05-11,VCIT,80.95999908447266,81.48999786376953,80.87000274658203,81.33000183105469,8349100
2022-05-12,VCIT,81.5,81.80000305175781,81.45999908447266,81.4800033569336,5572100
2022-05-13,VCIT,81.33999633789062,81.43000030517578,81.0999984741211,81.25,5301800
2022-05-16,VCIT,81.36000061035156,81.62999725341797,81.3499984741211,81.38999938964844,3696700
2022-05-17,VCIT,80.95999908447266,81.11000061035156,80.83999633789062,80.97000122070312,4035300
2022-05-18,VCIT,80.76000213623047,81.11000061035156,80.76000213623047,81.11000061035156,2471700
2022-05-19,VCIT,81.51000213623047,81.77999877929688,81.30999755859375,81.3499984741211,8240700
2022-05-20,VCIT,81.5,81.66000366210938,81.37999725341797,81.66000366210938,4518700
2022-05-23,VCIT,81.47000122070312,81.5999984741211,81.2300033569336,81.41999816894531,5985700
2022-05-24,VCIT,81.5,82.0999984741211,81.5,82.01000213623047,5130000
2022-05-25,VCIT,82.37000274658203,82.61000061035156,82.20999908447266,82.45999908447266,7261700
2022-05-26,VCIT,82.75,82.93000030517578,82.58999633789062,82.7699966430664,5150700
2022-05-27,VCIT,82.87999725341797,83.19000244140625,82.83999633789062,83.0199966430664,2784100
2022-05-31,VCIT,82.56999969482422,82.58999633789062,82.25,82.44999694824219,6707500
2022-06-01,VCIT,82.43000030517578,82.58000183105469,81.69000244140625,81.83999633789062,4378900
2022-06-02,VCIT,82.0,82.0999984741211,81.69000244140625,81.94000244140625,6044100
2022-06-03,VCIT,81.66000366210938,81.80999755859375,81.58000183105469,81.79000091552734,3259900
2022-06-06,VCIT,81.73999786376953,81.75,81.31999969482422,81.4000015258789,4756100
2022-06-07,VCIT,81.5,81.7699966430664,81.48999786376953,81.63999938964844,2650900
2022-06-08,VCIT,81.43000030517578,81.66000366210938,81.31999969482422,81.33999633789062,2996100
2022-06-09,VCIT,81.19999694824219,81.31999969482422,80.87000274658203,80.88999938964844,2941000
2022-06-10,VCIT,80.54000091552734,80.58999633789062,79.83999633789062,80.01000213623047,5047100
2022-06-13,VCIT,78.94000244140625,79.19000244140625,78.16000366210938,78.63999938964844,6889500
2022-06-14,VCIT,78.91000366210938,79.05999755859375,78.0,78.0999984741211,5846700
2022-06-15,VCIT,78.87000274658203,79.4000015258789,78.4000015258789,79.4000015258789,6037600
2022-06-16,VCIT,78.5,79.33000183105469,78.33000183105469,79.33000183105469,6853000
2022-06-17,VCIT,79.38999938964844,79.5,78.9800033569336,79.31999969482422,4256100
2022-06-21,VCIT,79.20999908447266,79.41000366210938,78.86000061035156,78.86000061035156,4370300
2022-06-22,VCIT,79.51000213623047,79.68000030517578,79.36000061035156,79.36000061035156,2719100
2022-06-23,VCIT,79.83999633789062,80.38999938964844,79.70999908447266,79.88999938964844,3553900
2022-06-24,VCIT,79.9000015258789,80.25,79.79000091552734,80.02999877929688,7095300
2022-06-27,VCIT,79.55000305175781,79.76000213623047,79.36000061035156,79.37000274658203,4990500
2022-06-28,VCIT,79.37000274658203,79.41000366210938,79.11000061035156,79.31999969482422,5465600
2022-06-29,VCIT,79.30000305175781,79.69000244140625,79.30000305175781,79.6500015258789,5104500
2022-06-30,VCIT,79.79000091552734,80.16999816894531,79.79000091552734,80.0199966430664,6446100
2022-07-01,VCIT,80.3499984741211,80.88999938964844,80.3499984741211,80.69999694824219,6367700
2022-07-05,VCIT,80.80000305175781,80.87999725341797,80.61000061035156,80.75,4767400
2022-07-06,VCIT,81.01000213623047,81.01000213623047,80.22000122070312,80.2699966430664,4862300
2022-07-07,VCIT,80.5,80.52999877929688,80.05999755859375,80.20999908447266,5458300
2022-07-08,VCIT,79.9800033569336,80.11000061035156,79.86000061035156,80.01000213623047,2861900
2022-07-11,VCIT,80.22000122070312,80.44000244140625,80.13999938964844,80.2300033569336,2836100
2022-07-12,VCIT,80.5,80.75,80.37999725341797,80.38999938964844,19557800
2022-07-13,VCIT,79.80999755859375,80.79000091552734,79.7699966430664,80.73999786376953,8838600
2022-07-14,VCIT,80.05000305175781,80.48999786376953,79.91999816894531,80.31999969482422,7926700
2022-07-15,VCIT,80.47000122070312,80.91999816894531,80.41000366210938,80.80000305175781,9938000
2022-07-18,VCIT,80.62999725341797,80.7300033569336,80.37000274658203,80.4800033569336,4208600
2022-07-19,VCIT,80.41000366210938,80.54000091552734,80.2699966430664,80.5,5539800
2022-07-20,VCIT,80.80000305175781,80.80000305175781,80.30999755859375,80.31999969482422,2363800
2022-07-21,VCIT,80.58999633789062,81.31999969482422,80.54000091552734,81.31999969482422,4262000
2022-07-22,VCIT,81.9000015258789,82.19000244140625,81.58000183105469,81.86000061035156,2820700
2022-07-25,VCIT,81.47000122070312,81.56999969482422,81.37000274658203,81.44999694824219,7142600
2022-07-26,VCIT,81.63999938964844,81.72000122070312,81.30999755859375,81.5199966430664,5740600
2022-07-27,VCIT,81.58999633789062,82.29000091552734,81.58999633789062,81.7699966430664,7926000
2022-07-28,VCIT,82.52999877929688,82.69999694824219,82.37000274658203,82.62000274658203,19789000
2022-07-29,VCIT,82.62000274658203,82.97000122070312,82.5199966430664,82.95999908447266,6814300
2022-08-01,VCIT,82.69000244140625,82.9000015258789,82.58000183105469,82.70999908447266,3675500
2022-08-02,VCIT,82.62000274658203,82.73999786376953,81.7300033569336,81.7699966430664,3168100
2022-08-03,VCIT,81.75,82.31999969482422,81.5199966430664,82.31999969482422,6057200
2022-08-04,VCIT,82.4000015258789,82.69000244140625,82.2300033569336,82.66999816894531,4031500
2022-08-05,VCIT,81.73999786376953,81.8499984741211,81.41999816894531,81.8499984741211,2847100
2022-08-08,VCIT,82.04000091552734,82.19000244140625,81.93000030517578,81.9800033569336,4303700
2022-08-09,VCIT,81.69000244140625,81.80999755859375,81.62000274658203,81.69999694824219,2421300
2022-08-10,VCIT,82.11000061035156,82.52999877929688,82.11000061035156,82.3499984741211,3522300
2022-08-11,VCIT,82.66000366210938,82.79000091552734,81.8499984741211,81.91000366210938,8300700
2022-08-12,VCIT,82.20999908447266,82.62000274658203,82.05999755859375,82.62000274658203,5665000
2022-08-15,VCIT,82.63999938964844,82.79000091552734,82.62999725341797,82.6500015258789,3856800
2022-08-16,VCIT,82.48999786376953,82.48999786376953,82.12000274658203,82.41999816894531,7221500
2022-08-17,VCIT,81.95999908447266,82.02999877929688,81.62000274658203,81.77999877929688,6431300
2022-08-18,VCIT,81.87999725341797,82.12999725341797,81.87999725341797,81.93000030517578,2591900
2022-08-19,VCIT,81.41000366210938,81.41000366210938,81.08000183105469,81.25,4128300
2022-08-22,VCIT,80.94000244140625,81.01000213623047,80.70999908447266,80.77999877929688,5193700
2022-08-23,VCIT,80.72000122070312,81.0999984741211,80.61000061035156,80.75,4162700
2022-08-24,VCIT,80.58999633789062,80.69999694824219,80.48999786376953,80.56999969482422,5005600
2022-08-25,VCIT,80.66999816894531,81.29000091552734,80.55000305175781,81.26000213623047,25862100
2022-08-26,VCIT,81.0199966430664,81.22000122070312,80.72000122070312,80.80000305175781,5825000
2022-08-29,VCIT,80.37999725341797,80.41000366210938,80.18000030517578,80.26000213623047,4762000
2022-08-30,VCIT,80.33999633789062,80.48999786376953,79.9800033569336,80.25,7574900
2022-08-31,VCIT,80.18000030517578,80.22000122070312,79.5999984741211,79.62999725341797,5863700
2022-09-01,VCIT,79.11000061035156,79.16000366210938,78.66000366210938,79.13999938964844,6378900
2022-09-02,VCIT,79.44999694824219,79.69000244140625,79.26000213623047,79.31999969482422,5146400
2022-09-06,VCIT,78.97000122070312,79.12000274658203,78.5,78.51000213623047,6387000
2022-09-07,VCIT,78.76000213623047,79.26000213623047,78.7300033569336,79.2300033569336,3733200
2022-09-08,VCIT,79.18000030517578,79.36000061035156,79.02999877929688,79.08000183105469,8425600
2022-09-09,VCIT,79.26000213623047,79.52999877929688,79.12999725341797,79.19999694824219,4254600
2022-09-12,VCIT,79.41000366210938,79.52999877929688,78.98999786376953,79.11000061035156,6753300
2022-09-13,VCIT,78.44000244140625,78.58999633789062,78.33999633789062,78.48999786376953,5053100
2022-09-14,VCIT,78.37000274658203,78.80000305175781,78.37000274658203,78.61000061035156,5127400
2022-09-15,VCIT,78.52999877929688,78.55000305175781,78.23999786376953,78.33999633789062,4432200
2022-09-16,VCIT,78.13999938964844,78.4800033569336,78.06999969482422,78.31999969482422,5358700
2022-09-19,VCIT,78.01000213623047,78.37000274658203,77.94999694824219,78.29000091552734,4260500
2022-09-20,VCIT,77.79000091552734,77.91000366210938,77.62999725341797,77.7300033569336,4790400
2022-09-21,VCIT,77.91000366210938,78.02999877929688,77.23999786376953,77.80000305175781,4832400
2022-09-22,VCIT,77.22000122070312,77.27999877929688,76.86000061035156,76.94999694824219,5903500
2022-09-23,VCIT,76.76000213623047,76.86000061035156,76.4800033569336,76.7699966430664,7966000
2022-09-26,VCIT,76.36000061035156,76.52999877929688,75.55999755859375,75.61000061035156,8557500
2022-09-27,VCIT,75.68000030517578,75.81999969482422,74.8499984741211,74.8499984741211,11594400
2022-09-28,VCIT,75.52999877929688,76.23999786376953,75.43000030517578,76.19000244140625,14697700
2022-09-29,VCIT,75.72000122070312,75.79000091552734,75.19999694824219,75.70999908447266,12289400
2022-09-30,VCIT,75.91000366210938,76.22000122070312,75.52999877929688,75.68000030517578,7581400
2022-10-03,VCIT,76.2300033569336,77.0199966430664,76.13999938964844,76.4800033569336,12279900
2022-10-04,VCIT,76.87000274658203,77.16000366210938,76.70999908447266,76.94999694824219,4142700
2022-10-05,VCIT,76.30999755859375,76.4800033569336,75.94999694824219,76.2699966430664,7558300
2022-10-06,VCIT,76.2300033569336,76.27999877929688,75.91999816894531,76.16000366210938,9679800
2022-10-07,VCIT,75.73999786376953,75.73999786376953,75.44000244140625,75.4800033569336,6248900
2022-10-10,VCIT,75.47000122070312,75.55999755859375,74.77999877929688,75.04000091552734,2027200
2022-10-11,VCIT,75.16000366210938,75.41999816894531,74.81999969482422,74.95999908447266,11406800
2022-10-12,VCIT,74.9800033569336,75.05999755859375,74.70999908447266,74.83999633789062,13873700
2022-10-13,VCIT,73.87000274658203,75.12999725341797,73.80000305175781,74.9800033569336,7883300
2022-10-14,VCIT,75.29000091552734,75.31999969482422,74.2699966430664,74.33000183105469,7578000
2022-10-17,VCIT,74.9000015258789,75.16999816894531,74.62000274658203,74.63999938964844,5810400
2022-10-18,VCIT,75.0,75.11000061035156,74.48999786376953,74.97000122070312,6107900
2022-10-19,VCIT,74.43000030517578,74.56999969482422,74.06999969482422,74.25,3883700
2022-10-20,VCIT,73.94000244140625,74.30999755859375,73.5999984741211,73.66000366210938,6141900
2022-10-21,VCIT,73.43000030517578,74.11000061035156,73.37000274658203,74.0199966430664,6761700
2022-10-24,VCIT,74.0199966430664,74.3499984741211,73.7300033569336,74.08000183105469,4457200
2022-10-25,VCIT,74.62000274658203,75.13999938964844,74.61000061035156,74.87000274658203,13270600
2022-10-26,VCIT,74.91999816894531,75.36000061035156,74.91999816894531,75.05999755859375,8027900
2022-10-27,VCIT,75.30000305175781,75.58999633789062,75.05999755859375,75.33999633789062,7722700
2022-10-28,VCIT,75.13999938964844,75.51000213623047,75.08000183105469,75.43000030517578,11935000
2022-10-31,VCIT,75.22000122070312,75.23999786376953,74.88999938964844,75.16000366210938,7738100
2022-11-01,VCIT,75.55000305175781,75.55000305175781,74.8499984741211,75.1500015258789,19894100
2022-11-02,VCIT,75.20999908447266,75.94999694824219,74.75,74.91000366210938,7701900
2022-11-03,VCIT,74.33000183105469,74.88999938964844,74.20999908447266,74.7300033569336,38246300
2022-11-04,VCIT,74.94999694824219,75.1500015258789,74.63999938964844,74.94000244140625,5563300
2022-11-07,VCIT,74.87000274658203,74.95999908447266,74.61000061035156,74.80000305175781,4488100
2022-11-08,VCIT,74.9800033569336,75.22000122070312,74.87999725341797,75.05000305175781,6939400
2022-11-09,VCIT,74.9800033569336,75.26000213623047,74.81999969482422,75.0,6357800
2022-11-10,VCIT,76.2699966430664,77.08000183105469,76.2699966430664,76.9800033569336,7681600
2022-11-11,VCIT,76.93000030517578,77.22000122070312,76.80000305175781,77.18000030517578,2265200
2022-11-14,VCIT,76.79000091552734,77.0,76.76000213623047,76.76000213623047,9004500
2022-11-15,VCIT,77.33000183105469,77.62000274658203,77.22000122070312,77.54000091552734,9113300
2022-11-16,VCIT,77.83000183105469,78.11000061035156,77.66999816894531,78.02999877929688,10557300
2022-11-17,VCIT,77.56999969482422,77.61000061035156,77.33000183105469,77.58999633789062,6066000
2022-11-18,VCIT,77.68000030517578,77.75,77.38999938964844,77.48999786376953,5116900
2022-11-21,VCIT,77.69999694824219,77.80000305175781,77.37999725341797,77.44000244140625,6713200
2022-11-22,VCIT,77.63999938964844,77.91000366210938,77.56999969482422,77.81999969482422,5166500
2022-11-23,VCIT,77.98999786376953,78.31999969482422,77.94000244140625,78.31999969482422,3726100
2022-11-25,VCIT,78.33999633789062,78.43000030517578,78.23999786376953,78.43000030517578,1695600
2022-11-28,VCIT,78.29000091552734,78.41999816894531,77.87999725341797,77.9000015258789,9189900
2022-11-29,VCIT,77.94000244140625,77.94000244140625,77.62999725341797,77.70999908447266,5955100
2022-11-30,VCIT,77.77999877929688,78.58999633789062,77.52999877929688,78.58000183105469,12251400
2022-12-01,VCIT,78.62999725341797,79.13999938964844,78.5199966430664,79.13999938964844,10313300
2022-12-02,VCIT,78.69000244140625,79.36000061035156,78.48999786376953,79.33000183105469,6022900
2022-12-05,VCIT,78.94000244140625,78.9800033569336,78.58000183105469,78.73999786376953,3742700
2022-12-06,VCIT,78.91000366210938,79.0,78.76000213623047,78.93000030517578,5521900
2022-12-07,VCIT,79.27999877929688,79.56999969482422,79.1500015258789,79.52999877929688,6630400
2022-12-08,VCIT,79.29000091552734,79.48999786376953,79.1500015258789,79.23999786376953,7339600
2022-12-09,VCIT,79.08000183105469,79.16000366210938,78.87999725341797,78.87999725341797,5171200
2022-12-12,VCIT,79.20999908447266,79.30000305175781,78.77999877929688,78.80000305175781,7654800
2022-12-13,VCIT,80.0,80.12000274658203,79.37999725341797,79.5199966430664,9845100
2022-12-14,VCIT,79.5199966430664,79.75,79.04000091552734,79.62999725341797,10444200
2022-12-15,VCIT,79.70999908447266,79.75,79.41999816894531,79.75,6063100
2022-12-16,VCIT,79.18000030517578,79.61000061035156,79.16999816894531,79.5,6515800
2022-12-19,VCIT,79.26000213623047,79.26000213623047,78.87000274658203,78.95999908447266,4157600
2022-12-20,VCIT,78.5,78.5,78.26000213623047,78.31999969482422,4204700
2022-12-21,VCIT,78.69999694824219,78.7699966430664,78.5199966430664,78.66000366210938,3523300
2022-12-22,VCIT,78.66999816894531,78.77999877929688,78.55000305175781,78.66999816894531,3889300
2022-12-23,VCIT,78.30000305175781,78.41999816894531,78.12999725341797,78.3499984741211,2463800
2022-12-27,VCIT,77.9800033569336,78.08000183105469,77.5999984741211,77.5999984741211,2833200
2022-12-28,VCIT,77.72000122070312,77.86000061035156,77.43000030517578,77.45999908447266,3311500
2022-12-29,VCIT,77.69999694824219,77.86000061035156,77.5999984741211,77.80000305175781,3130300
2022-12-30,VCIT,77.68000030517578,77.75,77.37000274658203,77.51000213623047,2996200
2023-01-03,VCIT,78.23999786376953,78.29000091552734,77.73999786376953,77.87999725341797,4579700
2023-01-04,VCIT,78.44000244140625,78.44000244140625,78.12999725341797,78.38999938964844,3376300
2023-01-05,VCIT,77.93000030517578,78.29000091552734,77.83000183105469,78.22000122070312,3374000
2023-01-06,VCIT,78.44000244140625,79.37999725341797,78.27999877929688,79.20999908447266,8258900
2023-01-09,VCIT,79.25,79.68000030517578,79.19000244140625,79.51000213623047,5237700
2023-01-10,VCIT,79.2300033569336,79.44000244140625,79.11000061035156,79.3499984741211,7082700
2023-01-11,VCIT,79.62999725341797,79.80000305175781,79.54000091552734,79.80000305175781,8017700
2023-01-12,VCIT,80.01000213623047,80.51000213623047,79.75,80.5,5150500
2023-01-13,VCIT,80.31999969482422,80.48999786376953,80.12000274658203,80.22000122070312,5800700
2023-01-17,VCIT,80.06999969482422,80.29000091552734,80.01000213623047,80.0999984741211,5317000
2023-01-18,VCIT,81.0,81.12999725341797,80.62000274658203,80.94000244140625,18394500
2023-01-19,VCIT,80.6500015258789,80.88999938964844,80.63999938964844,80.80999755859375,13078900
2023-01-20,VCIT,80.5,80.52999877929688,80.25,80.47000122070312,5433400
2023-01-23,VCIT,80.22000122070312,80.51000213623047,80.22000122070312,80.33000183105469,7327100
2023-01-24,VCIT,80.37999725341797,80.73999786376953,80.2300033569336,80.70999908447266,5544400
2023-01-25,VCIT,80.68000030517578,80.80000305175781,80.47000122070312,80.7300033569336,3600600
2023-01-26,VCIT,80.75,80.81999969482422,80.4800033569336,80.62999725341797,7597400
2023-01-27,VCIT,80.41999816894531,80.55000305175781,80.41000366210938,80.48999786376953,4596700
2023-01-30,VCIT,80.31999969482422,80.44999694824219,80.16000366210938,80.19999694824219,4104500
2023-01-31,VCIT,80.56999969482422,80.79000091552734,80.33000183105469,80.79000091552734,4060200
2023-02-01,VCIT,80.75,81.30999755859375,80.41000366210938,81.22000122070312,4194100
2023-02-02,VCIT,81.66000366210938,81.66000366210938,81.23999786376953,81.3499984741211,3217700
2023-02-03,VCIT,80.69999694824219,80.80000305175781,80.44999694824219,80.5999984741211,6589000
2023-02-06,VCIT,80.18000030517578,80.22000122070312,79.97000122070312,79.98999786376953,5219000
2023-02-07,VCIT,79.94999694824219,80.31999969482422,79.76000213623047,79.79000091552734,5141400
2023-02-08,VCIT,79.88999938964844,80.0,79.6500015258789,79.91999816894531,4418500
2023-02-09,VCIT,80.11000061035156,80.16000366210938,79.44999694824219,79.5199966430664,3825200
2023-02-10,VCIT,79.45999908447266,79.45999908447266,79.05999755859375,79.08999633789062,4401100
2023-02-13,VCIT,79.0999984741211,79.30000305175781,79.02999877929688,79.2699966430664,3636700
2023-02-14,VCIT,79.12000274658203,79.2699966430664,78.72000122070312,79.0199966430664,6474400
2023-02-15,VCIT,78.8499984741211,78.94999694824219,78.6500015258789,78.76000213623047,9058600
2023-02-16,VCIT,78.58999633789062,78.72000122070312,78.38999938964844,78.44999694824219,4806800
2023-02-17,VCIT,78.20999908447266,78.62000274658203,78.20999908447266,78.56999969482422,4647200
2023-02-21,VCIT,78.12999725341797,78.13999938964844,77.7300033569336,77.76000213623047,6109000
2023-02-22,VCIT,77.94000244140625,78.08999633789062,77.81999969482422,77.8499984741211,3484800
2023-02-23,VCIT,77.98999786376953,78.2699966430664,77.93000030517578,78.25,5208600
2023-02-24,VCIT,77.69999694824219,77.91999816894531,77.6500015258789,77.8499984741211,4465200
2023-02-27,VCIT,78.05000305175781,78.12999725341797,77.87000274658203,77.97000122070312,4157000
2023-02-28,VCIT,77.76000213623047,78.01000213623047,77.61000061035156,77.95999908447266,5980200
2023-03-01,VCIT,77.55999755859375,77.70999908447266,77.20999908447266,77.2699966430664,4404600
2023-03-02,VCIT,77.0199966430664,77.25,76.94000244140625,77.2300033569336,6428000
2023-03-03,VCIT,77.62000274658203,77.83999633789062,77.41999816894531,77.83999633789062,5764500
2023-03-06,VCIT,78.02999877929688,78.04000091552734,77.66000366210938,77.69999694824219,6347300
2023-03-07,VCIT,77.8499984741211,77.8499984741211,77.37999725341797,77.48999786376953,5294500
2023-03-08,VCIT,77.68000030517578,77.80000305175781,77.23999786376953,77.36000061035156,7613500
2023-03-09,VCIT,77.48999786376953,77.6500015258789,77.36000061035156,77.45999908447266,6484300
2023-03-10,VCIT,78.26000213623047,78.48999786376953,78.0199966430664,78.26000213623047,9204100
2023-03-13,VCIT,78.5,79.4000015258789,78.4800033569336,78.66999816894531,8751300
2023-03-14,VCIT,78.41999816894531,78.79000091552734,78.22000122070312,78.30000305175781,14607100
2023-03-15,VCIT,78.95999908447266,79.36000061035156,78.72000122070312,79.08999633789062,11901700
2023-03-16,VCIT,79.30999755859375,79.44999694824219,78.61000061035156,78.87000274658203,10650400
2023-03-17,VCIT,79.0199966430664,79.58999633789062,79.0199966430664,79.33000183105469,5608400
2023-03-20,VCIT,79.37000274658203,79.41000366210938,79.01000213623047,79.06999969482422,6371000
2023-03-21,VCIT,79.13999938964844,79.41000366210938,79.04000091552734,79.19999694824219,9307800
2023-03-22,VCIT,79.2300033569336,80.30999755859375,79.05000305175781,79.76000213623047,7863700
2023-03-23,VCIT,79.68000030517578,80.20999908447266,79.68000030517578,80.16000366210938,6303900
2023-03-24,VCIT,80.36000061035156,80.45999908447266,80.0999984741211,80.41000366210938,3924100
2023-03-27,VCIT,79.7300033569336,79.91000366210938,79.52999877929688,79.61000061035156,30677100
2023-03-28,VCIT,79.41999816894531,79.55999755859375,79.33000183105469,79.41000366210938,4278700
2023-03-29,VCIT,78.4800033569336,79.61000061035156,78.4800033569336,79.55999755859375,4998300
2023-03-30,VCIT,79.51000213623047,79.76000213623047,79.51000213623047,79.66999816894531,4320500
2023-03-31,VCIT,79.86000061035156,80.25,79.80000305175781,80.22000122070312,5144100
2023-04-03,VCIT,79.98999786376953,80.51000213623047,79.81999969482422,80.47000122070312,7315600
2023-04-04,VCIT,80.19999694824219,80.70999908447266,80.12999725341797,80.62000274658203,5381800
2023-04-05,VCIT,80.86000061035156,81.04000091552734,80.72000122070312,80.77999877929688,3111900
2023-04-06,VCIT,80.86000061035156,80.9000015258789,80.69000244140625,80.75,3458200
2023-04-10,VCIT,80.25,80.31999969482422,80.05000305175781,80.30999755859375,4748300
2023-04-11,VCIT,80.30000305175781,80.37999725341797,80.12999725341797,80.26000213623047,6077600
2023-04-12,VCIT,80.58999633789062,80.70999908447266,80.2300033569336,80.31999969482422,4218800
2023-04-13,VCIT,80.4800033569336,80.5999984741211,80.3499984741211,80.44999694824219,4038300
2023-04-14,VCIT,80.29000091552734,80.30999755859375,80.04000091552734,80.23999786376953,5351100
2023-04-17,VCIT,80.02999877929688,80.05000305175781,79.75,79.80999755859375,4152900
2023-04-18,VCIT,79.98999786376953,80.05000305175781,79.87999725341797,79.94999694824219,6637800
2023-04-19,VCIT,79.79000091552734,79.79000091552734,79.58000183105469,79.61000061035156,4878900
2023-04-20,VCIT,79.77999877929688,79.94999694824219,79.7699966430664,79.87000274658203,9014700
2023-04-21,VCIT,80.1500015258789,80.1500015258789,79.69000244140625,79.87000274658203,3132100
2023-04-24,VCIT,80.04000091552734,80.20999908447266,79.91999816894531,80.19000244140625,3123700
2023-04-25,VCIT,80.52999877929688,80.69000244140625,80.47000122070312,80.5999984741211,4884300
2023-04-26,VCIT,80.58999633789062,80.6500015258789,80.20999908447266,80.30999755859375,3372900
2023-04-27,VCIT,80.19999694824219,80.22000122070312,79.94999694824219,79.97000122070312,4311100
2023-04-28,VCIT,80.36000061035156,80.55000305175781,80.20999908447266,80.55000305175781,5880800
2023-05-01,VCIT,79.94999694824219,79.97000122070312,79.30000305175781,79.37999725341797,3693600
2023-05-02,VCIT,79.52999877929688,80.1500015258789,79.5199966430664,80.11000061035156,6215500
2023-05-03,VCIT,80.23999786376953,80.41999816894531,80.06999969482422,80.33999633789062,3554100
2023-05-04,VCIT,80.06999969482422,80.5199966430664,80.02999877929688,80.26000213623047,4818600
2023-05-05,VCIT,80.08000183105469,80.12000274658203,79.80999755859375,79.91000366210938,5109500
2023-05-08,VCIT,79.5999984741211,79.66999816894531,79.44999694824219,79.5,5386900
2023-05-09,VCIT,79.51000213623047,79.61000061035156,79.41999816894531,79.45999908447266,4007800
2023-05-10,VCIT,79.79000091552734,80.0199966430664,79.79000091552734,80.0,8285400
2023-05-11,VCIT,80.31999969482422,80.4000015258789,80.16999816894531,80.19999694824219,4154000
2023-05-12,VCIT,80.25,80.25,79.79000091552734,79.81999969482422,2219500
2023-05-15,VCIT,79.55000305175781,79.5999984741211,79.45999908447266,79.56999969482422,5211200
2023-05-16,VCIT,79.30999755859375,79.41999816894531,79.19999694824219,79.2300033569336,5301800
2023-05-17,VCIT,79.43000030517578,79.43000030517578,79.0999984741211,79.16000366210938,4730900
2023-05-18,VCIT,78.94000244140625,78.94999694824219,78.80000305175781,78.87999725341797,6553900
2023-05-19,VCIT,78.83999633789062,78.95999908447266,78.66000366210938,78.73999786376953,4508900
2023-05-22,VCIT,78.83999633789062,78.94999694824219,78.73999786376953,78.7699966430664,4438200
2023-05-23,VCIT,78.70999908447266,78.94000244140625,78.58999633789062,78.87999725341797,4902400
2023-05-24,VCIT,78.94999694824219,78.94999694824219,78.58000183105469,78.62000274658203,2654400
2023-05-25,VCIT,78.62000274658203,78.63999938964844,78.29000091552734,78.33000183105469,4839500
2023-05-26,VCIT,78.26000213623047,78.69999694824219,78.22000122070312,78.51000213623047,4426200
2023-05-30,VCIT,78.77999877929688,79.06999969482422,78.77999877929688,79.05999755859375,4754200
2023-05-31,VCIT,79.12999725341797,79.36000061035156,78.9800033569336,79.2699966430664,8059500
2023-06-01,VCIT,79.2300033569336,79.4000015258789,79.18000030517578,79.25,9282800
2023-06-02,VCIT,79.30999755859375,79.31999969482422,78.94000244140625,78.98999786376953,6935500
2023-06-05,VCIT,78.83000183105469,79.11000061035156,78.68000030517578,78.88999938964844,4524600
2023-06-06,VCIT,78.9000015258789,78.94000244140625,78.69999694824219,78.94000244140625,3318900
2023-06-07,VCIT,78.87999725341797,78.97000122070312,78.33000183105469,78.33000183105469,6500200
2023-06-08,VCIT,78.48999786376953,78.83999633789062,78.44000244140625,78.81999969482422,7188900
2023-06-09,VCIT,78.62000274658203,78.6500015258789,78.51000213623047,78.55999755859375,5745600
2023-06-12,VCIT,78.66000366210938,78.7300033569336,78.41000366210938,78.68000030517578,4065900
2023-06-13,VCIT,78.80999755859375,78.93000030517578,78.25,78.3499984741211,5074600
2023-06-14,VCIT,78.66999816894531,78.88999938964844,78.16000366210938,78.44999694824219,6216900
2023-06-15,VCIT,78.83999633789062,79.12999725341797,78.69999694824219,79.08000183105469,4858100
2023-06-16,VCIT,78.83999633789062,78.95999908447266,78.66000366210938,78.86000061035156,3097000
2023-06-20,VCIT,78.93000030517578,79.12999725341797,78.93000030517578,79.08000183105469,4426400
2023-06-21,VCIT,78.83000183105469,79.12000274658203,78.72000122070312,79.01000213623047,3764800
2023-06-22,VCIT,78.87999725341797,78.97000122070312,78.6500015258789,78.75,3295900
2023-06-23,VCIT,79.18000030517578,79.18000030517578,78.7699966430664,78.87999725341797,3377500
2023-06-26,VCIT,79.04000091552734,79.11000061035156,78.97000122070312,79.05000305175781,6522900
2023-06-27,VCIT,79.02999877929688,79.16999816894531,78.76000213623047,78.8499984741211,6565200
2023-06-28,VCIT,79.01000213623047,79.22000122070312,78.86000061035156,79.19999694824219,4633400
2023-06-29,VCIT,78.72000122070312,78.73999786376953,78.5199966430664,78.69999694824219,6727000
2023-06-30,VCIT,78.8499984741211,79.05999755859375,78.70999908447266,79.02999877929688,5071000
2023-07-03,VCIT,78.80999755859375,79.0,78.63999938964844,78.63999938964844,2197800
2023-07-05,VCIT,78.54000091552734,78.5999984741211,78.13999938964844,78.19000244140625,8249200
2023-07-06,VCIT,77.66999816894531,77.68000030517578,77.30999755859375,77.55999755859375,9738800
2023-07-07,VCIT,77.56999969482422,77.77999877929688,77.51000213623047,77.51000213623047,4499300
2023-07-10,VCIT,77.55999755859375,77.97000122070312,77.55999755859375,77.93000030517578,4264600
2023-07-11,VCIT,78.02999877929688,78.20999908447266,77.9800033569336,78.18000030517578,3132100
2023-07-12,VCIT,78.6500015258789,78.9000015258789,78.62999725341797,78.83000183105469,7504900
2023-07-13,VCIT,79.22000122070312,79.41000366210938,79.11000061035156,79.37999725341797,3841700
2023-07-14,VCIT,79.22000122070312,79.30999755859375,78.87999725341797,78.88999938964844,3683400
2023-07-17,VCIT,78.88999938964844,79.08000183105469,78.86000061035156,78.9800033569336,4006600
2023-07-18,VCIT,79.2300033569336,79.36000061035156,79.11000061035156,79.11000061035156,4551600
2023-07-19,VCIT,79.37999725341797,79.45999908447266,79.2300033569336,79.4000015258789,11547400
2023-07-20,VCIT,79.16999816894531,79.18000030517578,78.80999755859375,79.0,6356000
2023-07-21,VCIT,79.19000244140625,79.19000244140625,79.05000305175781,79.12999725341797,2418700
2023-07-24,VCIT,79.22000122070312,79.33000183105469,79.01000213623047,79.01000213623047,2336800
2023-07-25,VCIT,78.86000061035156,79.0,78.80999755859375,78.91999816894531,3913400
2023-07-26,VCIT,79.22000122070312,79.30999755859375,78.94999694824219,79.29000091552734,4341100
2023-07-27,VCIT,79.16999816894531,79.2300033569336,78.44999694824219,78.5199966430664,5805700
2023-07-28,VCIT,78.87999725341797,78.94999694824219,78.72000122070312,78.9000015258789,2712700
2023-07-31,VCIT,78.91000366210938,79.16999816894531,78.91000366210938,79.0999984741211,5326000
2023-08-01,VCIT,78.55999755859375,78.58999633789062,78.26000213623047,78.31999969482422,3249000
2023-08-02,VCIT,78.0,78.11000061035156,77.81999969482422,78.05000305175781,6143200
2023-08-03,VCIT,77.63999938964844,77.70999908447266,77.51000213623047,77.61000061035156,6965300
2023-08-04,VCIT,77.88999938964844,78.3499984741211,77.86000061035156,78.27999877929688,4061200
2023-08-07,VCIT,78.2699966430664,78.30000305175781,78.12000274658203,78.2300033569336,3202800
2023-08-08,VCIT,78.44000244140625,78.54000091552734,78.37000274658203,78.41000366210938,3359000
2023-08-09,VCIT,78.47000122070312,78.56999969482422,78.41999816894531,78.45999908447266,2879000
2023-08-10,VCIT,78.51000213623047,78.69000244140625,78.01000213623047,78.01000213623047,5270100
2023-08-11,VCIT,77.76000213623047,77.9800033569336,77.70999908447266,77.73999786376953,4689200
2023-08-14,VCIT,77.68000030517578,77.80999755859375,77.47000122070312,77.66999816894531,2942800
2023-08-15,VCIT,77.5,77.70999908447266,77.4000015258789,77.4000015258789,2783500
2023-08-16,VCIT,77.4000015258789,77.54000091552734,77.05999755859375,77.16000366210938,5473200
2023-08-17,VCIT,77.11000061035156,77.16000366210938,76.83000183105469,76.9800033569336,2995700
2023-08-18,VCIT,77.02999877929688,77.33999633789062,77.0,77.23999786376953,3304300
2023-08-21,VCIT,77.02999877929688,77.02999877929688,76.79000091552734,76.88999938964844,2252800
2023-08-22,VCIT,76.94000244140625,77.05000305175781,76.80000305175781,76.93000030517578,2074000
2023-08-23,VCIT,77.37000274658203,77.7699966430664,77.31999969482422,77.7300033569336,2537800
2023-08-24,VCIT,77.6500015258789,77.69000244140625,77.45999908447266,77.47000122070312,2270600
2023-08-25,VCIT,77.5199966430664,77.69000244140625,77.2300033569336,77.45999908447266,5242800
2023-08-28,VCIT,77.69000244140625,77.80000305175781,77.55999755859375,77.73999786376953,8991500
2023-08-29,VCIT,77.70999908447266,78.26000213623047,77.62000274658203,78.2300033569336,7615900
2023-08-30,VCIT,78.36000061035156,78.36000061035156,78.16000366210938,78.18000030517578,7276200
2023-08-31,VCIT,78.27999877929688,78.41000366210938,78.2300033569336,78.29000091552734,6473300
2023-09-01,VCIT,78.11000061035156,78.13999938964844,77.62000274658203,77.69999694824219,2809600
2023-09-05,VCIT,77.54000091552734,77.55000305175781,77.26000213623047,77.27999877929688,3307400
2023-09-06,VCIT,77.29000091552734,77.31999969482422,77.0199966430664,77.08999633789062,3830800
2023-09-07,VCIT,77.22000122070312,77.38999938964844,77.12999725341797,77.37999725341797,5932000
2023-09-08,VCIT,77.56999969482422,77.66000366210938,77.37999725341797,77.38999938964844,4784800
2023-09-11,VCIT,77.31999969482422,77.37000274658203,77.23999786376953,77.30999755859375,3672400
2023-09-12,VCIT,77.30999755859375,77.31999969482422,77.20999908447266,77.2699966430664,3104800
2023-09-13,VCIT,77.1500015258789,77.45999908447266,77.1500015258789,77.41999816894531,4265900
2023-09-14,VCIT,77.55000305175781,77.56999969482422,77.29000091552734,77.31999969482422,7005700
2023-09-15,VCIT,77.29000091552734,77.30999755859375,77.0999984741211,77.19000244140625,4387100
2023-09-18,VCIT,77.12000274658203,77.30000305175781,77.0999984741211,77.2699966430664,2037900
2023-09-19,VCIT,77.0999984741211,77.18000030517578,77.01000213623047,77.02999877929688,3008700
2023-09-20,VCIT,77.25,77.37000274658203,76.9800033569336,76.9800033569336,6305600
2023-09-21,VCIT,76.58999633789062,76.62999725341797,76.47000122070312,76.48999786376953,10027800
2023-09-22,VCIT,76.63999938964844,76.87999725341797,76.56999969482422,76.83000183105469,6186300
2023-09-25,VCIT,76.44999694824219,76.63999938964844,76.36000061035156,76.37999725341797,9771300
2023-09-26,VCIT,76.5199966430664,76.52999877929688,76.13999938964844,76.19000244140625,6901200
2023-09-27,VCIT,76.43000030517578,76.4800033569336,75.6500015258789,75.83000183105469,9155200
2023-09-28,VCIT,75.72000122070312,76.0199966430664,75.5199966430664,76.0199966430664,7808200
2023-09-29,VCIT,76.30000305175781,76.38999938964844,75.88999938964844,75.9800033569336,6995700
2023-10-02,VCIT,75.37000274658203,75.5,75.11000061035156,75.1500015258789,4812300
2023-10-03,VCIT,74.94999694824219,75.0999984741211,74.45999908447266,74.52999877929688,9482000
2023-10-04,VCIT,74.81999969482422,75.0,74.55000305175781,74.9800033569336,7312900
2023-10-05,VCIT,75.2300033569336,75.2300033569336,74.9000015258789,75.01000213623047,5230900
2023-10-06,VCIT,74.41999816894531,74.8499984741211,74.36000061035156,74.73999786376953,8384800
2023-10-09,VCIT,75.11000061035156,75.63999938964844,75.05000305175781,75.63999938964844,2116800
2023-10-10,VCIT,75.30999755859375,75.7699966430664,75.2300033569336,75.58000183105469,4755800
2023-10-11,VCIT,75.86000061035156,75.88999938964844,75.61000061035156,75.83000183105469,4403500
2023-10-12,VCIT,75.77999877929688,75.80999755859375,75.20999908447266,75.31999969482422,3412000
2023-10-13,VCIT,75.75,75.81999969482422,75.52999877929688,75.61000061035156,4046300
2023-10-16,VCIT,75.29000091552734,75.4000015258789,75.20999908447266,75.25,6006500
2023-10-17,VCIT,74.69999694824219,74.81999969482422,74.44000244140625,74.5999984741211,25082200
2023-10-18,VCIT,74.4800033569336,74.48999786376953,74.11000061035156,74.12999725341797,12267500
2023-10-19,VCIT,74.12999725341797,74.25,73.77999877929688,73.80999755859375,10930100
2023-10-20,VCIT,73.93000030517578,74.16999816894531,73.91999816894531,74.1500015258789,6756200
2023-10-23,VCIT,73.9000015258789,74.6500015258789,73.87999725341797,74.56999969482422,5069600
2023-10-24,VCIT,74.62000274658203,74.77999877929688,74.48999786376953,74.76000213623047,7688400
2023-10-25,VCIT,74.5,74.52999877929688,74.18000030517578,74.26000213623047,7852600
2023-10-26,VCIT,74.30000305175781,74.7300033569336,74.30000305175781,74.72000122070312,8050000
2023-10-27,VCIT,74.66000366210938,74.76000213623047,74.48999786376953,74.66000366210938,5987500
2023-10-30,VCIT,74.43000030517578,74.58999633789062,74.33000183105469,74.47000122070312,6803300
2023-10-31,VCIT,74.54000091552734,74.73999786376953,74.44000244140625,74.44999694824219,8884700
2023-11-01,VCIT,74.31999969482422,75.04000091552734,74.31999969482422,75.02999877929688,7911400
2023-11-02,VCIT,75.51000213623047,75.66999816894531,75.43000030517578,75.58999633789062,12057800
2023-11-03,VCIT,76.33000183105469,76.54000091552734,76.02999877929688,76.05000305175781,10189400
2023-11-06,VCIT,75.87999725341797,75.9000015258789,75.63999938964844,75.69999694824219,4864600
2023-11-07,VCIT,75.88999938964844,76.22000122070312,75.8499984741211,76.0999984741211,5472000
2023-11-08,VCIT,76.16999816894531,76.38999938964844,76.16000366210938,76.30000305175781,6716400
2023-11-09,VCIT,76.30000305175781,76.30000305175781,75.75,75.7699966430664,8376200
2023-11-10,VCIT,76.05999755859375,76.1500015258789,75.91000366210938,76.02999877929688,6624700
2023-11-13,VCIT,75.86000061035156,76.0999984741211,75.76000213623047,76.05000305175781,5027900
2023-11-14,VCIT,77.02999877929688,77.23999786376953,77.0199966430664,77.0999984741211,13731800
2023-11-15,VCIT,76.88999938964844,76.9000015258789,76.66000366210938,76.81999969482422,7885600
2023-11-16,VCIT,77.12999725341797,77.33999633789062,77.12000274658203,77.33000183105469,8702000
2023-11-17,VCIT,77.44000244140625,77.54000091552734,77.29000091552734,77.45999908447266,6440500
2023-11-20,VCIT,77.41000366210938,77.69000244140625,77.3499984741211,77.63999938964844,5464900
2023-11-21,VCIT,77.7300033569336,77.77999877929688,77.58000183105469,77.70999908447266,5069300
2023-11-22,VCIT,77.8499984741211,77.93000030517578,77.6500015258789,77.87999725341797,4683200
2023-11-24,VCIT,77.61000061035156,77.72000122070312,77.5999984741211,77.61000061035156,1992400
2023-11-27,VCIT,77.75,78.08999633789062,77.69000244140625,78.06999969482422,4902400
2023-11-28,VCIT,78.02999877929688,78.41000366210938,77.93000030517578,78.38999938964844,9488500
2023-11-29,VCIT,78.69999694824219,78.91999816894531,78.6500015258789,78.81999969482422,7895100
2023-11-30,VCIT,78.76000213623047,78.76000213623047,78.41000366210938,78.58999633789062,10630100
2023-12-01,VCIT,78.37000274658203,79.0199966430664,78.2699966430664,78.98999786376953,5947600
2023-12-04,VCIT,78.7699966430664,78.8499984741211,78.54000091552734,78.72000122070312,13719600
2023-12-05,VCIT,78.87999725341797,79.18000030517578,78.87999725341797,79.06999969482422,13889500
2023-12-06,VCIT,79.25,79.36000061035156,79.13999938964844,79.25,16319500
2023-12-07,VCIT,79.18000030517578,79.45999908447266,79.13999938964844,79.30999755859375,15600200
2023-12-08,VCIT,78.91999816894531,79.06999969482422,78.80999755859375,78.94000244140625,13959800
2023-12-11,VCIT,78.80999755859375,78.94000244140625,78.66000366210938,78.91000366210938,12928200
2023-12-12,VCIT,78.9800033569336,79.30000305175781,78.8499984741211,79.22000122070312,7842900
2023-12-13,VCIT,79.48999786376953,80.52999877929688,79.43000030517578,80.4000015258789,8814000
2023-12-14,VCIT,80.95999908447266,81.20999908447266,80.81999969482422,81.01000213623047,9386700
2023-12-15,VCIT,80.97000122070312,81.02999877929688,80.80000305175781,80.9000015258789,4879600
2023-12-18,VCIT,80.87000274658203,80.87000274658203,80.72000122070312,80.75,6165100
2023-12-19,VCIT,80.93000030517578,81.02999877929688,80.83999633789062,80.88999938964844,5241000
2023-12-20,VCIT,81.0999984741211,81.18000030517578,80.87000274658203,81.12999725341797,8272000
2023-12-21,VCIT,81.37999725341797,81.4000015258789,81.05000305175781,81.19999694824219,7028400
2023-12-22,VCIT,81.12000274658203,81.12000274658203,80.81999969482422,80.91999816894531,3633100
2023-12-26,VCIT,80.91999816894531,81.08999633789062,80.87999725341797,81.05000305175781,3593900
2023-12-27,VCIT,81.33999633789062,81.6500015258789,81.25,81.63999938964844,5108300
2023-12-28,VCIT,81.55999755859375,81.61000061035156,81.37000274658203,81.44000244140625,3870100
2023-12-29,VCIT,81.2699966430664,81.44000244140625,81.20999908447266,81.27999877929688,4776400
2024-01-02,VCIT,80.88999938964844,80.98999786376953,80.79000091552734,80.86000061035156,11437300
2024-01-03,VCIT,80.4800033569336,80.80000305175781,80.33000183105469,80.73999786376953,12337400
2024-01-04,VCIT,80.36000061035156,80.5,80.29000091552734,80.38999938964844,7986300
2024-01-05,VCIT,80.2300033569336,80.69000244140625,80.12999725341797,80.16000366210938,8275900
2024-01-08,VCIT,80.30000305175781,80.62999725341797,80.22000122070312,80.5,5617700
2024-01-09,VCIT,80.43000030517578,80.69999694824219,80.3499984741211,80.58000183105469,5825600
2024-01-10,VCIT,80.83000183105469,80.87999725341797,80.44000244140625,80.51000213623047,4809500
2024-01-11,VCIT,80.69999694824219,81.0199966430664,80.5199966430664,80.94000244140625,16465300
2024-01-12,VCIT,81.23999786376953,81.36000061035156,80.97000122070312,81.18000030517578,9534900
2024-01-16,VCIT,80.94000244140625,80.94000244140625,80.44999694824219,80.56999969482422,24857300
2024-01-17,VCIT,80.37999725341797,80.41000366210938,80.13999938964844,80.33000183105469,12064300
2024-01-18,VCIT,80.43000030517578,80.47000122070312,80.20999908447266,80.2699966430664,7579000
2024-01-19,VCIT,80.26000213623047,80.30000305175781,79.98999786376953,80.30000305175781,8232500
2024-01-22,VCIT,80.5999984741211,80.5999984741211,80.41999816894531,80.47000122070312,6108600
2024-01-23,VCIT,80.33000183105469,80.37999725341797,80.19999694824219,80.30999755859375,5612000
2024-01-24,VCIT,80.58000183105469,80.66000366210938,80.13999938964844,80.16999816894531,7388600
2024-01-25,VCIT,80.55000305175781,80.62000274658203,80.41000366210938,80.61000061035156,8739800
2024-01-26,VCIT,80.61000061035156,80.61000061035156,80.41999816894531,80.41999816894531,5010900
2024-01-29,VCIT,80.69999694824219,80.8499984741211,80.5999984741211,80.73999786376953,7999300
2024-01-30,VCIT,80.88999938964844,80.91000366210938,80.55999755859375,80.8499984741211,6149800
2024-01-31,VCIT,81.1500015258789,81.3499984741211,80.97000122070312,81.23999786376953,18097900
2024-02-01,VCIT,81.30000305175781,81.43000030517578,80.9800033569336,81.27999877929688,18416300
2024-02-02,VCIT,80.56999969482422,80.7699966430664,80.48999786376953,80.68000030517578,10893000
2024-02-05,VCIT,80.3499984741211,80.3499984741211,80.01000213623047,80.13999938964844,13306400
2024-02-06,VCIT,80.20999908447266,80.58999633789062,80.19999694824219,80.45999908447266,12059800
2024-02-07,VCIT,80.3499984741211,80.61000061035156,80.29000091552734,80.33999633789062,11441800
2024-02-08,VCIT,80.19999694824219,80.23999786376953,80.04000091552734,80.08999633789062,8602400
2024-02-09,VCIT,79.95999908447266,80.0199966430664,79.88999938964844,80.0,6247400
2024-02-12,VCIT,80.0999984741211,80.16000366210938,79.91999816894531,80.0999984741211,5017000
2024-02-13,VCIT,79.52999877929688,79.58999633789062,79.30999755859375,79.38999938964844,14682500
2024-02-14,VCIT,79.54000091552734,79.69000244140625,79.44999694824219,79.66000366210938,12709400
2024-02-15,VCIT,80.01000213623047,80.04000091552734,79.77999877929688,79.91999816894531,10221100
2024-02-16,VCIT,79.61000061035156,79.69999694824219,79.5199966430664,79.63999938964844,5398400
2024-02-20,VCIT,79.91000366210938,79.94999694824219,79.69000244140625,79.93000030517578,14400900
2024-02-21,VCIT,79.9000015258789,79.95999908447266,79.62999725341797,79.69000244140625,7224300
2024-02-22,VCIT,79.73999786376953,79.87999725341797,79.66000366210938,79.7699966430664,6614800
2024-02-23,VCIT,79.7699966430664,79.9800033569336,79.7300033569336,79.9000015258789,4475700
2024-02-26,VCIT,79.83000183105469,79.87000274658203,79.56999969482422,79.69999694824219,7541800
2024-02-27,VCIT,79.7300033569336,79.80000305175781,79.58000183105469,79.63999938964844,5030000
2024-02-28,VCIT,79.56999969482422,79.69000244140625,79.55000305175781,79.66000366210938,9757000
2024-02-29,VCIT,79.83000183105469,79.95999908447266,79.69000244140625,79.79000091552734,7848200
2024-03-01,VCIT,79.41000366210938,79.97000122070312,79.2300033569336,79.91999816894531,6107200
2024-03-04,VCIT,79.79000091552734,79.8499984741211,79.69000244140625,79.7699966430664,9263800
2024-03-05,VCIT,80.01000213623047,80.22000122070312,79.97000122070312,80.06999969482422,7350100
2024-03-06,VCIT,80.30000305175781,80.45999908447266,80.19000244140625,80.2300033569336,6412800
2024-03-07,VCIT,80.4800033569336,80.4800033569336,80.30999755859375,80.4800033569336,6549700
2024-03-08,VCIT,80.56999969482422,80.75,80.55000305175781,80.5999984741211,8207100
2024-03-11,VCIT,80.5999984741211,80.66999816894531,80.47000122070312,80.54000091552734,5092400
2024-03-12,VCIT,80.48999786376953,80.5,80.30000305175781,80.3499984741211,4538200
2024-03-13,VCIT,80.3499984741211,80.45999908447266,80.25,80.25,5606300
2024-03-14,VCIT,80.08000183105469,80.08000183105469,79.75,79.81999969482422,9499100
2024-03-15,VCIT,79.69999694824219,79.86000061035156,79.68000030517578,79.7699966430664,6259900
2024-03-18,VCIT,79.7699966430664,79.81999969482422,79.4000015258789,79.69000244140625,7432400
2024-03-19,VCIT,79.83000183105469,80.05999755859375,79.79000091552734,79.93000030517578,3796900
2024-03-20,VCIT,80.0199966430664,80.16000366210938,79.7699966430664,80.12000274658203,8008700
2024-03-21,VCIT,80.37999725341797,80.37999725341797,80.11000061035156,80.18000030517578,7564300
2024-03-22,VCIT,80.5199966430664,80.55999755859375,80.37999725341797,80.43000030517578,3900500
2024-03-25,VCIT,80.41000366210938,80.44000244140625,80.20999908447266,80.23999786376953,2621600
2024-03-26,VCIT,80.23999786376953,80.26000213623047,80.08999633789062,80.19999694824219,4913400
2024-03-27,VCIT,80.19000244140625,80.56999969482422,80.19000244140625,80.55999755859375,6343900
2024-03-28,VCIT,80.51000213623047,80.62000274658203,80.44000244140625,80.51000213623047,8503200
2024-04-01,VCIT,80.05999755859375,80.05999755859375,79.58000183105469,79.66000366210938,4151300
2024-04-02,VCIT,79.44000244140625,79.5999984741211,79.27999877929688,79.58999633789062,3500300
2024-04-03,VCIT,79.43000030517578,79.73999786376953,79.30000305175781,79.69999694824219,6722000
2024-04-04,VCIT,79.91000366210938,79.91000366210938,79.61000061035156,79.76000213623047,5597300
2024-04-05,VCIT,79.58000183105469,79.72000122070312,79.41999816894531,79.52999877929688,5604700
2024-04-08,VCIT,79.30000305175781,79.51000213623047,79.30000305175781,79.38999938964844,3326500
2024-04-09,VCIT,79.66000366210938,79.73999786376953,79.58999633789062,79.68000030517578,5133500
2024-04-10,VCIT,79.16000366210938,79.16000366210938,78.66000366210938,78.73999786376953,9174400
2024-04-11,VCIT,78.80999755859375,78.9800033569336,78.54000091552734,78.66999816894531,6585800
2024-04-12,VCIT,78.94999694824219,78.94999694824219,78.79000091552734,78.80999755859375,7315100
2024-04-15,VCIT,78.4000015258789,78.45999908447266,78.12999725341797,78.19999694824219,6067900
2024-04-16,VCIT,78.0,78.04000091552734,77.80000305175781,77.98999786376953,9333300
2024-04-17,VCIT,78.19999694824219,78.45999908447266,78.19000244140625,78.33999633789062,8920500
2024-04-18,VCIT,78.26000213623047,78.37999725341797,78.0999984741211,78.1500015258789,7853100
2024-04-19,VCIT,78.31999969482422,78.38999938964844,78.22000122070312,78.23999786376953,9366400
2024-04-22,VCIT,78.23999786376953,78.44000244140625,78.23999786376953,78.41000366210938,5146600
2024-04-23,VCIT,78.38999938964844,78.80999755859375,78.30999755859375,78.62000274658203,9174900
2024-04-24,VCIT,78.56999969482422,78.56999969482422,78.26000213623047,78.38999938964844,7467900
2024-04-25,VCIT,78.02999877929688,78.2300033569336,77.86000061035156,78.22000122070312,8166000
2024-04-26,VCIT,78.45999908447266,78.52999877929688,78.37999725341797,78.41000366210938,4609000
2024-04-29,VCIT,78.51000213623047,78.73999786376953,78.51000213623047,78.68000030517578,6605100
2024-04-30,VCIT,78.48999786376953,78.52999877929688,78.29000091552734,78.36000061035156,7999800
2024-05-01,VCIT,78.13999938964844,78.63999938964844,78.08000183105469,78.3499984741211,9262500
2024-05-02,VCIT,78.4000015258789,78.83999633789062,78.3499984741211,78.80000305175781,8400900
2024-05-03,VCIT,79.27999877929688,79.52999877929688,79.02999877929688,79.26000213623047,6946900
2024-05-06,VCIT,79.3499984741211,79.41999816894531,79.29000091552734,79.4000015258789,5636700
2024-05-07,VCIT,79.5199966430664,79.63999938964844,79.37999725341797,79.41000366210938,5956300
2024-05-08,VCIT,79.20999908447266,79.3499984741211,79.20999908447266,79.25,19767800
2024-05-09,VCIT,79.2300033569336,79.4000015258789,79.18000030517578,79.3499984741211,12491000
2024-05-10,VCIT,79.25,79.26000213623047,79.06999969482422,79.12000274658203,7991000
2024-05-13,VCIT,79.30999755859375,79.3499984741211,79.1500015258789,79.16999816894531,5981800
2024-05-14,VCIT,79.31999969482422,79.44000244140625,79.2699966430664,79.36000061035156,5643300
2024-05-15,VCIT,79.88999938964844,80.01000213623047,79.70999908447266,79.94000244140625,11001300
2024-05-16,VCIT,80.0,80.0199966430664,79.83999633789062,79.87000274658203,6693000
2024-05-17,VCIT,79.7300033569336,79.88999938964844,79.7300033569336,79.76000213623047,5080500
2024-05-20,VCIT,79.6500015258789,79.75,79.6500015258789,79.69000244140625,4538000
2024-05-21,VCIT,79.80999755859375,79.88999938964844,79.7699966430664,79.80999755859375,2672500
2024-05-22,VCIT,79.66999816894531,79.77999877929688,79.61000061035156,79.66999816894531,3511100
2024-05-23,VCIT,79.79000091552734,79.79000091552734,79.33000183105469,79.4000015258789,6811100
2024-05-24,VCIT,79.38999938964844,79.56999969482422,79.36000061035156,79.55999755859375,2336900
2024-05-28,VCIT,79.68000030517578,79.68000030517578,79.19999694824219,79.2300033569336,9755000
2024-05-29,VCIT,79.06999969482422,79.06999969482422,78.80999755859375,78.91000366210938,6840700
2024-05-30,VCIT,79.20999908447266,79.30999755859375,79.12000274658203,79.30000305175781,4035400
2024-05-31,VCIT,79.45999908447266,79.66000366210938,79.45999908447266,79.6500015258789,4573400
2024-06-03,VCIT,79.44999694824219,79.73999786376953,79.44999694824219,79.7300033569336,4631800
2024-06-04,VCIT,79.83999633789062,80.08000183105469,79.83999633789062,79.98999786376953,7571600
2024-06-05,VCIT,80.0999984741211,80.19999694824219,79.83000183105469,80.18000030517578,9558800
2024-06-06,VCIT,79.95999908447266,80.20999908447266,79.95999908447266,80.1500015258789,4706300
2024-06-07,VCIT,79.61000061035156,79.68000030517578,79.52999877929688,79.55999755859375,4967400
2024-06-10,VCIT,79.43000030517578,79.5199966430664,79.41999816894531,79.45999908447266,3698800
2024-06-11,VCIT,79.44999694824219,79.7699966430664,79.44999694824219,79.72000122070312,5109100
2024-06-12,VCIT,80.44999694824219,80.58000183105469,80.12999725341797,80.1500015258789,3239300
2024-06-13,VCIT,80.38999938964844,80.58999633789062,80.30000305175781,80.4800033569336,7954000
2024-06-14,VCIT,80.5199966430664,80.55999755859375,80.37999725341797,80.48999786376953,4641300
2024-06-17,VCIT,80.19000244140625,80.2699966430664,80.11000061035156,80.20999908447266,6588400
2024-06-18,VCIT,80.45999908447266,80.58999633789062,80.36000061035156,80.4800033569336,7957900
2024-06-20,VCIT,80.30999755859375,80.33000183105469,80.16000366210938,80.29000091552734,5963200
2024-06-21,VCIT,80.36000061035156,80.4800033569336,80.19000244140625,80.3499984741211,4403100
2024-06-24,VCIT,80.4000015258789,80.5,80.33000183105469,80.41000366210938,3657200
2024-06-25,VCIT,80.3499984741211,80.44000244140625,80.26000213623047,80.38999938964844,4659400
2024-06-26,VCIT,80.05999755859375,80.11000061035156,80.0,80.05999755859375,4963500
2024-06-27,VCIT,80.18000030517578,80.30000305175781,80.18000030517578,80.20999908447266,5350100
2024-06-28,VCIT,80.44000244140625,80.44999694824219,79.91999816894531,79.93000030517578,4724800
2024-07-01,VCIT,79.87999725341797,79.87999725341797,79.25,79.29000091552734,4723400
2024-07-02,VCIT,79.68000030517578,79.68000030517578,79.4800033569336,79.63999938964844,3050400
2024-07-03,VCIT,79.83000183105469,80.12000274658203,79.79000091552734,80.12000274658203,2476800
2024-07-05,VCIT,80.4800033569336,80.52999877929688,80.29000091552734,80.4800033569336,4329500
2024-07-08,VCIT,80.56999969482422,80.58000183105469,80.41000366210938,80.48999786376953,4216000
2024-07-09,VCIT,80.48999786376953,80.48999786376953,80.26000213623047,80.38999938964844,5186500
2024-07-10,VCIT,80.55999755859375,80.55999755859375,80.36000061035156,80.5199966430664,4630300
2024-07-11,VCIT,80.9800033569336,81.05000305175781,80.8499984741211,80.91000366210938,4362500
2024-07-12,VCIT,81.18000030517578,81.18000030517578,80.9000015258789,81.1500015258789,6151500
2024-07-15,VCIT,81.05000305175781,81.0999984741211,80.8499984741211,80.87000274658203,3220600
2024-07-16,VCIT,81.06999969482422,81.16999816894531,80.91999816894531,81.16000366210938,4998200
2024-07-17,VCIT,81.11000061035156,81.20999908447266,80.97000122070312,81.19999694824219,5186300
2024-07-18,VCIT,81.18000030517578,81.20999908447266,80.93000030517578,80.94999694824219,6579600
2024-07-19,VCIT,80.8499984741211,80.86000061035156,80.69999694824219,80.75,3511700
2024-07-22,VCIT,81.01000213623047,81.01000213623047,80.66000366210938,80.77999877929688,3914600
2024-07-23,VCIT,80.91000366210938,80.91999816894531,80.7699966430664,80.77999877929688,2593800
2024-07-24,VCIT,80.97000122070312,80.97000122070312,80.51000213623047,80.51000213623047,4643700
2024-07-25,VCIT,80.6500015258789,80.8499984741211,80.58000183105469,80.69999694824219,7729100
2024-07-26,VCIT,81.33000183105469,81.33000183105469,80.93000030517578,81.05000305175781,4299600
2024-07-29,VCIT,81.26000213623047,81.26000213623047,81.05999755859375,81.18000030517578,7156200
2024-07-30,VCIT,81.27999877929688,81.29000091552734,81.0999984741211,81.2699966430664,3001100
2024-07-31,VCIT,81.52999877929688,81.69999694824219,81.30999755859375,81.69000244140625,6232500
2024-08-01,VCIT,81.69000244140625,81.7699966430664,81.56999969482422,81.6500015258789,7126300
2024-08-02,VCIT,82.22000122070312,82.36000061035156,82.05999755859375,82.33999633789062,5908300
2024-08-05,VCIT,82.52999877929688,82.52999877929688,81.91999816894531,82.13999938964844,13580900
2024-08-06,VCIT,82.13999938964844,82.13999938964844,81.75,81.75,7645300
2024-08-07,VCIT,81.80000305175781,81.80000305175781,81.41000366210938,81.51000213623047,6192100
2024-08-08,VCIT,81.4000015258789,81.55000305175781,81.36000061035156,81.5199966430664,6084300
2024-08-09,VCIT,82.37999725341797,82.38999938964844,81.7699966430664,81.80999755859375,3919500
2024-08-12,VCIT,81.8499984741211,82.05000305175781,81.72000122070312,81.95999908447266,3964200
2024-08-13,VCIT,82.37000274658203,82.4000015258789,82.18000030517578,82.37999725341797,4895300
2024-08-14,VCIT,82.5199966430664,82.63999938964844,82.37000274658203,82.55000305175781,7564600
2024-08-15,VCIT,82.47000122070312,82.47000122070312,82.11000061035156,82.27999877929688,8888900
2024-08-16,VCIT,82.43000030517578,82.51000213623047,82.26000213623047,82.48999786376953,5293700
2024-08-19,VCIT,82.45999908447266,82.68000030517578,82.4000015258789,82.5999984741211,3420500
2024-08-20,VCIT,82.73999786376953,82.81999969482422,82.62999725341797,82.77999877929688,4561000
2024-08-21,VCIT,82.87000274658203,83.12000274658203,82.75,82.9800033569336,5686500
2024-08-22,VCIT,82.8499984741211,82.87000274658203,82.61000061035156,82.72000122070312,4711900
2024-08-23,VCIT,82.94000244140625,83.19000244140625,82.83000183105469,83.1500015258789,5392100
2024-08-26,VCIT,83.27999877929688,83.27999877929688,83.05000305175781,83.08000183105469,4606000
2024-08-27,VCIT,82.94999694824219,83.08000183105469,82.83000183105469,83.05000305175781,5722600
2024-08-28,VCIT,83.05000305175781,83.0999984741211,82.93000030517578,82.97000122070312,4827700
2024-08-29,VCIT,82.9000015258789,82.95999908447266,82.80000305175781,82.87999725341797,5133600
2024-08-30,VCIT,82.91999816894531,83.01000213623047,82.7300033569336,82.73999786376953,4189400
2024-09-03,VCIT,82.80999755859375,82.83999633789062,82.52999877929688,82.66999816894531,6819900
2024-09-04,VCIT,82.81999969482422,83.08000183105469,82.69000244140625,83.04000091552734,5314100
2024-09-05,VCIT,83.23999786376953,83.31999969482422,82.97000122070312,83.30999755859375,31723500
2024-09-06,VCIT,83.52999877929688,83.69999694824219,83.16999816894531,83.36000061035156,10659100
2024-09-09,VCIT,83.33999633789062,83.55000305175781,83.27999877929688,83.48999786376953,15154400
2024-09-10,VCIT,83.48999786376953,83.69000244140625,83.47000122070312,83.68000030517578,10992700
2024-09-11,VCIT,83.62999725341797,83.79000091552734,83.44999694824219,83.68000030517578,6578600
2024-09-12,VCIT,83.94000244140625,83.94999694824219,83.48999786376953,83.62000274658203,5445400
2024-09-13,VCIT,83.95999908447266,83.95999908447266,83.75,83.81999969482422,6661000
2024-09-16,VCIT,84.02999877929688,84.06999969482422,83.80999755859375,84.0199966430664,5437700
2024-09-17,VCIT,84.16000366210938,84.16000366210938,83.9000015258789,83.98999786376953,6754800
2024-09-18,VCIT,83.91000366210938,84.26000213623047,83.76000213623047,83.80999755859375,8749500
2024-09-19,VCIT,83.87000274658203,83.97000122070312,83.76000213623047,83.87999725341797,4679300
2024-09-20,VCIT,83.95999908447266,84.0,83.66999816894531,83.94000244140625,5496800
2024-09-23,VCIT,83.81999969482422,83.95999908447266,83.66000366210938,83.86000061035156,4086000
2024-09-24,VCIT,83.86000061035156,84.02999877929688,83.68000030517578,83.98999786376953,4044500
2024-09-25,VCIT,83.9000015258789,83.9000015258789,83.66999816894531,83.69000244140625,4983200
2024-09-26,VCIT,83.80999755859375,83.80999755859375,83.51000213623047,83.63999938964844,2870200
2024-09-27,VCIT,83.93000030517578,83.95999908447266,83.7699966430664,83.94999694824219,5300400
2024-09-30,VCIT,83.94999694824219,83.94999694824219,83.66000366210938,83.75,5406600
2024-10-01,VCIT,83.7699966430664,83.91000366210938,83.61000061035156,83.7699966430664,8590300
2024-10-02,VCIT,83.52999877929688,83.69000244140625,83.43000030517578,83.66999816894531,5548700
2024-10-03,VCIT,83.61000061035156,83.61000061035156,83.27999877929688,83.30000305175781,5434000
2024-10-04,VCIT,83.01000213623047,83.01000213623047,82.75,82.80000305175781,4641100
2024-10-07,VCIT,82.43000030517578,82.6500015258789,82.43000030517578,82.48999786376953,6957800
2024-10-08,VCIT,82.55999755859375,82.62999725341797,82.37000274658203,82.62999725341797,5565600
2024-10-09,VCIT,82.51000213623047,82.5199966430664,82.37000274658203,82.43000030517578,12093900
2024-10-10,VCIT,82.58000183105469,82.58000183105469,82.25,82.45999908447266,8995400
2024-10-11,VCIT,82.4000015258789,82.5999984741211,82.37000274658203,82.5,3923700
2024-10-14,VCIT,82.2699966430664,82.4800033569336,82.25,82.47000122070312,1659800
2024-10-15,VCIT,82.68000030517578,82.79000091552734,82.62999725341797,82.70999908447266,7231900
2024-10-16,VCIT,82.98999786376953,83.19000244140625,82.81999969482422,82.91000366210938,5072600
2024-10-17,VCIT,82.8499984741211,82.8499984741211,82.5,82.52999877929688,11082300
2024-10-18,VCIT,82.7699966430664,82.8499984741211,82.5199966430664,82.52999877929688,7867300
2024-10-21,VCIT,82.30000305175781,82.37000274658203,81.91000366210938,81.93000030517578,6705400
2024-10-22,VCIT,82.0,82.01000213623047,81.80000305175781,81.91999816894531,7552500
2024-10-23,VCIT,81.79000091552734,81.79000091552734,81.58000183105469,81.7300033569336,14190800
2024-10-24,VCIT,81.87000274658203,81.9800033569336,81.72000122070312,81.83999633789062,5588200
2024-10-25,VCIT,81.98999786376953,82.12000274658203,81.68000030517578,81.70999908447266,6751000
2024-10-28,VCIT,81.83000183105469,81.83000183105469,81.51000213623047,81.61000061035156,7763400
2024-10-29,VCIT,81.47000122070312,81.72000122070312,81.30999755859375,81.69999694824219,6198000
2024-10-30,VCIT,81.91000366210938,81.9800033569336,81.5,81.52999877929688,7449300
2024-10-31,VCIT,81.41999816894531,81.52999877929688,81.22000122070312,81.37000274658203,8216500
2024-11-01,VCIT,81.26000213623047,81.37999725341797,80.70999908447266,80.73999786376953,6778200
2024-11-04,VCIT,81.2300033569336,81.33000183105469,81.0199966430664,81.13999938964844,6679500
2024-11-05,VCIT,81.2300033569336,81.37000274658203,80.93000030517578,81.37000274658203,6031600
2024-11-06,VCIT,80.7699966430664,81.06999969482422,80.68000030517578,80.80000305175781,9354000
2024-11-07,VCIT,81.0,81.66000366210938,81.0,81.55999755859375,8572100
2024-11-08,VCIT,81.66000366210938,81.83999633789062,81.56999969482422,81.6500015258789,6507800
2024-11-11,VCIT,81.45999908447266,81.55999755859375,81.38999938964844,81.48999786376953,2000400
2024-11-12,VCIT,81.23999786376953,81.38999938964844,80.93000030517578,81.01000213623047,6665800
2024-11-13,VCIT,81.31999969482422,81.4000015258789,80.86000061035156,80.93000030517578,6537200
2024-11-14,VCIT,81.05000305175781,81.12000274658203,80.72000122070312,80.81999969482422,5928000
2024-11-15,VCIT,80.66999816894531,81.04000091552734,80.5,80.88999938964844,9130100
2024-11-18,VCIT,80.81999969482422,81.0999984741211,80.80000305175781,81.0199966430664,4740200
2024-11-19,VCIT,81.0999984741211,81.27999877929688,81.0999984741211,81.16999816894531,5803500
2024-11-20,VCIT,81.0199966430664,81.11000061035156,80.94999694824219,81.02999877929688,5631700
2024-11-21,VCIT,81.12999725341797,81.2300033569336,80.91000366210938,80.95999908447266,5668100
2024-11-22,VCIT,81.05000305175781,81.12000274658203,80.94000244140625,81.0199966430664,4590300
2024-11-25,VCIT,81.55000305175781,81.75,81.52999877929688,81.68000030517578,8793000
2024-11-26,VCIT,81.58999633789062,81.62000274658203,81.38999938964844,81.58999633789062,8261300
2024-11-27,VCIT,81.81999969482422,81.87999725341797,81.61000061035156,81.80999755859375,4580500
2024-11-29,VCIT,82.16999816894531,82.19000244140625,82.02999877929688,82.16999816894531,3629900
2024-12-02,VCIT,82.16999816894531,82.16999816894531,81.55000305175781,81.93000030517578,6935000
2024-12-03,VCIT,82.02999877929688,82.0999984741211,81.75,81.7699966430664,7600200
2024-12-04,VCIT,81.7699966430664,82.11000061035156,81.62000274658203,82.04000091552734,5018500
2024-12-05,VCIT,81.95999908447266,82.05999755859375,81.8499984741211,82.0199966430664,3521200
2024-12-06,VCIT,82.30999755859375,82.33999633789062,82.08999633789062,82.25,4029900
2024-12-09,VCIT,82.16999816894531,82.19999694824219,82.06999969482422,82.11000061035156,5702300
2024-12-10,VCIT,82.0,82.11000061035156,81.94000244140625,82.05000305175781,4051100
2024-12-11,VCIT,82.26000213623047,82.26000213623047,81.91000366210938,81.93000030517578,7626100
2024-12-12,VCIT,81.91999816894531,81.91999816894531,81.61000061035156,81.63999938964844,7961100
2024-12-13,VCIT,81.58000183105469,81.58000183105469,81.29000091552734,81.33000183105469,7242700
2024-12-16,VCIT,81.4800033569336,81.51000213623047,81.33000183105469,81.4000015258789,5331000
2024-12-17,VCIT,81.41000366210938,81.43000030517578,81.30999755859375,81.36000061035156,5411700
2024-12-18,VCIT,81.38999938964844,81.45999908447266,80.52999877929688,80.52999877929688,10452100
2024-12-19,VCIT,80.4800033569336,80.80000305175781,80.16999816894531,80.30999755859375,8703700
2024-12-20,VCIT,80.61000061035156,80.83000183105469,80.51000213623047,80.61000061035156,7498800
2024-12-23,VCIT,80.58999633789062,80.61000061035156,80.33000183105469,80.41000366210938,3937400
2024-12-24,VCIT,80.0999984741211,80.25,79.94999694824219,80.23999786376953,3089600
2024-12-26,VCIT,79.97000122070312,80.33999633789062,79.97000122070312,80.33000183105469,6555800
2024-12-27,VCIT,80.37000274658203,80.37000274658203,80.0999984741211,80.12999725341797,4321100
2024-12-30,VCIT,80.29000091552734,80.45999908447266,80.29000091552734,80.43000030517578,5226900
2024-12-31,VCIT,80.44000244140625,80.55999755859375,80.16999816894531,80.2699966430664,3440500
2025-01-02,VCIT,80.43000030517578,80.55999755859375,80.16999816894531,80.29000091552734,5099600
2025-01-03,VCIT,80.4000015258789,80.44000244140625,80.12000274658203,80.13999938964844,5997700
2025-01-06,VCIT,80.11000061035156,80.16000366210938,80.0,80.06999969482422,5056600
2025-01-07,VCIT,79.98999786376953,80.05000305175781,79.69000244140625,79.80000305175781,7448900
2025-01-08,VCIT,79.75,79.94000244140625,79.72000122070312,79.86000061035156,8468700
2025-01-10,VCIT,79.97000122070312,79.97000122070312,79.30000305175781,79.38999938964844,6898400
2025-01-13,VCIT,79.26000213623047,79.3499984741211,79.13999938964844,79.16999816894531,6409400
2025-01-14,VCIT,79.30000305175781,79.38999938964844,79.12999725341797,79.25,6863500
2025-01-15,VCIT,80.01000213623047,80.08999633789062,79.87000274658203,80.0,8075900
2025-01-16,VCIT,79.97000122070312,80.31999969482422,79.87000274658203,80.19000244140625,8479300
2025-01-17,VCIT,80.33000183105469,80.33999633789062,80.16999816894531,80.2300033569336,4941000
2025-01-21,VCIT,80.51000213623047,80.55999755859375,80.38999938964844,80.55999755859375,5042800
2025-01-22,VCIT,80.55999755859375,80.55999755859375,80.31999969482422,80.33000183105469,7835200
2025-01-23,VCIT,80.12000274658203,80.30000305175781,80.06999969482422,80.30000305175781,5572600
2025-01-24,VCIT,80.26000213623047,80.5199966430664,80.2300033569336,80.41999816894531,3933200
2025-01-27,VCIT,80.73999786376953,80.87000274658203,80.66000366210938,80.8499984741211,4416700
2025-01-28,VCIT,80.73999786376953,80.86000061035156,80.63999938964844,80.81999969482422,4399100
2025-01-29,VCIT,80.93000030517578,80.93000030517578,80.52999877929688,80.7699966430664,6510400
2025-01-30,VCIT,80.87999725341797,81.01000213623047,80.8499984741211,80.93000030517578,11113900
2025-01-31,VCIT,81.01000213623047,81.02999877929688,80.66999816894531,80.80000305175781,7226900
2025-02-03,VCIT,80.5,80.7300033569336,80.36000061035156,80.4800033569336,9031800
2025-02-04,VCIT,80.37999725341797,80.70999908447266,80.36000061035156,80.6500015258789,5547100
2025-02-05,VCIT,80.97000122070312,81.16000366210938,80.9000015258789,81.04000091552734,4712300
2025-02-06,VCIT,81.02999877929688,81.02999877929688,80.83000183105469,80.9000015258789,4401600
2025-02-07,VCIT,80.77999877929688,80.77999877929688,80.56999969482422,80.63999938964844,5446400
2025-02-10,VCIT,80.76000213623047,80.8499984741211,80.63999938964844,80.69999694824219,9773500
2025-02-11,VCIT,80.55000305175781,80.62000274658203,80.48999786376953,80.58000183105469,3084000
2025-02-12,VCIT,80.16000366210938,80.25,80.02999877929688,80.22000122070312,8884500
2025-02-13,VCIT,80.62000274658203,80.77999877929688,80.43000030517578,80.68000030517578,7202900
2025-02-14,VCIT,81.01000213623047,81.1500015258789,80.97000122070312,80.9800033569336,5392000
2025-02-18,VCIT,80.75,80.94000244140625,80.69000244140625,80.72000122070312,5418100
2025-02-19,VCIT,80.68000030517578,80.8499984741211,80.66000366210938,80.80999755859375,7208600
2025-02-20,VCIT,80.81999969482422,80.98999786376953,80.80999755859375,80.94999694824219,7077600
2025-02-21,VCIT,81.02999877929688,81.3499984741211,81.0,81.20999908447266,4605000
2025-02-24,VCIT,81.20999908447266,81.44000244140625,81.1500015258789,81.33999633789062,5189700
2025-02-25,VCIT,81.69999694824219,81.80999755859375,81.6500015258789,81.79000091552734,8837500
2025-02-26,VCIT,81.80999755859375,81.94999694824219,81.68000030517578,81.91000366210938,7032100
2025-02-27,VCIT,81.7300033569336,81.8499984741211,81.66999816894531,81.75,6735700
2025-02-28,VCIT,81.87999725341797,82.06999969482422,81.79000091552734,82.04000091552734,16285500
2025-03-03,VCIT,81.55999755859375,81.94999694824219,81.5,81.91999816894531,9138300
2025-03-04,VCIT,81.97000122070312,82.08000183105469,81.75,81.83000183105469,11893100
2025-03-05,VCIT,81.80999755859375,81.94000244140625,81.55000305175781,81.55000305175781,11419200
2025-03-06,VCIT,81.51000213623047,81.58999633789062,81.26000213623047,81.41000366210938,7821400
2025-03-07,VCIT,81.72000122070312,81.73999786376953,81.2300033569336,81.33000183105469,5957300
2025-03-10,VCIT,81.6500015258789,81.73999786376953,81.44999694824219,81.58000183105469,7216500
2025-03-11,VCIT,81.55000305175781,81.62000274658203,81.1500015258789,81.16999816894531,7843700
2025-03-12,VCIT,81.19999694824219,81.19999694824219,80.93000030517578,80.94999694824219,13196600
2025-03-13,VCIT,80.91000366210938,81.16999816894531,80.72000122070312,81.16000366210938,10842500
2025-03-14,VCIT,81.0999984741211,81.2300033569336,81.01000213623047,81.08999633789062,4676000
2025-03-17,VCIT,81.29000091552734,81.38999938964844,81.12999725341797,81.18000030517578,4887300
2025-03-18,VCIT,81.18000030517578,81.47000122070312,81.12999725341797,81.33999633789062,6429900
2025-03-19,VCIT,81.30999755859375,81.77999877929688,81.26000213623047,81.69999694824219,6021600
2025-03-20,VCIT,82.05000305175781,82.19000244140625,81.66999816894531,81.66999816894531,5866500
2025-03-21,VCIT,81.80999755859375,81.83000183105469,81.61000061035156,81.63999938964844,3827800
2025-03-24,VCIT,81.55999755859375,81.5999984741211,81.31999969482422,81.33999633789062,4036700
2025-03-25,VCIT,81.38999938964844,81.58000183105469,81.33999633789062,81.47000122070312,4682300
2025-03-26,VCIT,81.43000030517578,81.43000030517578,81.23999786376953,81.27999877929688,6414100
2025-03-27,VCIT,81.25,81.25,81.13999938964844,81.23999786376953,4023300
2025-03-28,VCIT,81.52999877929688,81.69999694824219,81.37000274658203,81.66999816894531,6470800
2025-03-31,VCIT,81.87000274658203,81.87000274658203,81.55000305175781,81.76000213623047,4174300
2025-04-01,VCIT,81.5,81.77999877929688,81.5,81.62999725341797,7810900
2025-04-02,VCIT,81.83999633789062,81.87000274658203,81.48999786376953,81.7300033569336,4702400
2025-04-03,VCIT,82.19999694824219,82.31999969482422,81.91000366210938,82.01000213623047,13506400
2025-04-04,VCIT,82.19999694824219,82.29000091552734,81.58000183105469,81.79000091552734,14228200
2025-04-07,VCIT,81.37999725341797,81.41000366210938,80.51000213623047,80.5999984741211,15249500
2025-04-08,VCIT,80.5999984741211,80.77999877929688,79.81999969482422,79.91000366210938,10492300
2025-04-09,VCIT,79.01000213623047,80.70999908447266,78.93000030517578,80.68000030517578,18623600
2025-04-10,VCIT,80.08999633789062,80.44999694824219,79.70999908447266,79.83000183105469,13459100
2025-04-11,VCIT,79.5199966430664,79.69999694824219,78.66000366210938,79.55999755859375,12309800
2025-04-14,VCIT,79.91999816894531,80.19000244140625,79.8499984741211,80.05999755859375,6741600
2025-04-15,VCIT,80.16000366210938,80.52999877929688,80.1500015258789,80.41000366210938,7088400
2025-04-16,VCIT,80.41000366210938,80.7699966430664,80.38999938964844,80.72000122070312,4659900
2025-04-17,VCIT,80.80999755859375,80.86000061035156,80.6500015258789,80.73999786376953,3593700
2025-04-21,VCIT,80.44000244140625,80.66999816894531,80.19000244140625,80.20999908447266,5605300
2025-04-22,VCIT,80.4000015258789,80.5199966430664,80.29000091552734,80.33000183105469,6430500
2025-04-23,VCIT,81.0999984741211,81.25,80.45999908447266,80.5,8394700
2025-04-24,VCIT,80.9000015258789,81.16999816894531,80.80000305175781,81.13999938964844,7661700
2025-04-25,VCIT,81.1500015258789,81.5,81.1500015258789,81.48999786376953,3913200
2025-04-28,VCIT,81.48999786376953,81.72000122070312,81.30999755859375,81.68000030517578,6323200
2025-04-29,VCIT,81.58999633789062,81.86000061035156,81.54000091552734,81.83000183105469,6805400
2025-04-30,VCIT,81.6500015258789,81.86000061035156,81.56999969482422,81.77999877929688,8049000
2025-05-01,VCIT,81.55999755859375,81.58000183105469,81.08999633789062,81.16999816894531,9265100
2025-05-02,VCIT,80.83000183105469,81.08999633789062,80.80999755859375,80.94999694824219,5291000
2025-05-05,VCIT,80.94000244140625,80.94000244140625,80.69000244140625,80.91000366210938,7043700
2025-05-06,VCIT,80.9000015258789,81.05999755859375,80.73999786376953,81.04000091552734,6273800
2025-05-07,VCIT,81.04000091552734,81.2699966430664,81.04000091552734,81.19999694824219,3107500
2025-05-08,VCIT,81.38999938964844,81.38999938964844,80.86000061035156,80.87999725341797,5674100
2025-05-09,VCIT,81.04000091552734,81.12000274658203,80.8499984741211,80.87000274658203,2922500
2025-05-12,VCIT,80.72000122070312,80.88999938964844,80.68000030517578,80.79000091552734,7756800
2025-05-13,VCIT,80.88999938964844,80.97000122070312,80.76000213623047,80.87999725341797,15256400
2025-05-14,VCIT,80.91999816894531,80.91999816894531,80.55999755859375,80.58000183105469,13852300
2025-05-15,VCIT,80.81999969482422,81.12000274658203,80.75,81.0999984741211,9972800
2025-05-16,VCIT,81.3499984741211,81.44999694824219,81.11000061035156,81.19000244140625,8712500
2025-05-19,VCIT,80.70999908447266,81.26000213623047,80.6500015258789,81.23999786376953,14709700
2025-05-20,VCIT,81.0999984741211,81.22000122070312,80.95999908447266,81.16999816894531,7923500
2025-05-21,VCIT,80.83999633789062,80.95999908447266,80.47000122070312,80.5199966430664,8730600
2025-05-22,VCIT,80.4800033569336,80.87999725341797,80.41999816894531,80.80999755859375,12399000
2025-05-23,VCIT,81.02999877929688,81.02999877929688,80.81999969482422,80.91999816894531,8446800
2025-05-27,VCIT,81.18000030517578,81.44000244140625,81.0999984741211,81.37000274658203,9197600
2025-05-28,VCIT,81.2300033569336,81.37000274658203,81.08000183105469,81.20999908447266,9588500
2025-05-29,VCIT,81.44000244140625,81.55000305175781,81.33999633789062,81.48999786376953,8206000
2025-05-30,VCIT,81.54000091552734,81.7300033569336,81.47000122070312,81.72000122070312,7893900
2025-06-02,VCIT,81.20999908447266,81.2699966430664,81.05000305175781,81.25,7773000
2025-06-03,VCIT,81.33000183105469,81.44000244140625,81.18000030517578,81.2699966430664,10564300
2025-06-04,VCIT,81.56999969482422,81.7699966430664,81.2300033569336,81.72000122070312,6922600
2025-06-05,VCIT,81.70999908447266,81.79000091552734,81.38999938964844,81.4000015258789,7126600
2025-06-06,VCIT,81.33999633789062,81.33999633789062,81.0,81.02999877929688,6077800
2025-06-09,VCIT,81.11000061035156,81.29000091552734,81.05999755859375,81.20999908447266,6808400
2025-06-10,VCIT,81.41000366210938,81.48999786376953,81.23999786376953,81.33000183105469,6867700
2025-06-11,VCIT,81.55000305175781,81.66999816894531,81.43000030517578,81.62000274658203,7158800
2025-06-12,VCIT,81.81999969482422,81.91000366210938,81.73999786376953,81.91000366210938,5284300
2025-06-13,VCIT,81.63999938964844,81.7699966430664,81.43000030517578,81.55999755859375,7141900
2025-06-16,VCIT,81.62999725341797,81.76000213623047,81.51000213623047,81.5199966430664,6583700
2025-06-17,VCIT,81.6500015258789,81.75,81.55000305175781,81.70999908447266,7667200
2025-06-18,VCIT,81.83000183105469,82.04000091552734,81.66000366210938,81.7699966430664,9232200
2025-06-20,VCIT,81.69999694824219,81.98999786376953,81.62999725341797,81.88999938964844,5234200
2025-06-23,VCIT,82.08000183105469,82.2699966430664,82.01000213623047,82.12000274658203,7023400
2025-06-24,VCIT,82.0999984741211,82.48999786376953,82.08999633789062,82.44999694824219,10045200
2025-06-25,VCIT,82.37999725341797,82.44999694824219,82.25,82.41000366210938,9277500
2025-06-26,VCIT,82.5,82.68000030517578,82.44000244140625,82.66999816894531,10204200
2025-06-27,VCIT,82.56999969482422,82.79000091552734,82.5,82.58999633789062,7958300
2025-06-30,VCIT,82.77999877929688,82.95999908447266,82.69999694824219,82.91999816894531,10911300
2025-07-01,VCIT,82.5199966430664,82.6500015258789,82.41999816894531,82.58999633789062,8642600
2025-07-02,VCIT,82.47000122070312,82.58999633789062,82.4000015258789,82.58000183105469,9627300
2025-07-03,VCIT,82.51000213623047,82.55000305175781,82.37000274658203,82.44000244140625,9618100
2025-07-07,VCIT,82.4000015258789,82.4000015258789,82.11000061035156,82.18000030517578,7981000
2025-07-08,VCIT,82.05000305175781,82.05000305175781,81.91999816894531,81.95999908447266,11396900
2025-07-09,VCIT,82.11000061035156,82.33999633789062,82.05999755859375,82.30999755859375,9235700
2025-07-10,VCIT,82.30999755859375,82.3499984741211,82.18000030517578,82.30999755859375,10946600
2025-07-11,VCIT,82.11000061035156,82.16999816894531,81.97000122070312,82.0199966430664,8967900
2025-07-14,VCIT,82.0,82.08999633789062,81.91000366210938,82.0,4240700
2025-07-15,VCIT,82.1500015258789,82.1500015258789,81.75,81.75,13402200
2025-07-16,VCIT,81.94999694824219,82.04000091552734,81.76000213623047,81.97000122070312,8230800
2025-07-17,VCIT,82.08000183105469,82.13999938964844,82.0,82.05999755859375,6976000
2025-07-18,VCIT,82.33000183105469,82.37000274658203,82.19000244140625,82.25,4190000
2025-07-21,VCIT,82.58999633789062,82.62999725341797,82.47000122070312,82.48999786376953,6796600
2025-07-22,VCIT,82.61000061035156,82.69000244140625,82.52999877929688,82.63999938964844,7147300
2025-07-23,VCIT,82.58999633789062,82.62000274658203,82.47000122070312,82.52999877929688,7899600
2025-07-24,VCIT,82.30999755859375,82.5199966430664,82.27999877929688,82.43000030517578,4350700
2025-07-25,VCIT,82.41000366210938,82.66000366210938,82.41000366210938,82.62999725341797,6356400
2025-07-28,VCIT,82.58000183105469,82.62000274658203,82.47000122070312,82.5,12687900
2025-07-29,VCIT,82.62000274658203,82.87999725341797,82.5999984741211,82.80999755859375,13470700
2025-07-30,VCIT,82.66999816894531,82.93000030517578,82.61000061035156,82.66999816894531,9783100
2025-07-31,VCIT,82.83999633789062,82.9000015258789,82.6500015258789,82.68000030517578,16332300
2025-08-01,VCIT,82.88999938964844,83.08999633789062,82.7300033569336,83.04000091552734,19161000
2025-08-04,VCIT,83.12999725341797,83.19000244140625,83.01000213623047,83.16999816894531,28578900
2025-08-05,VCIT,83.08999633789062,83.16000366210938,83.02999877929688,83.12999725341797,15115300
2025-08-06,VCIT,83.05000305175781,83.19000244140625,82.8499984741211,83.16000366210938,12952900
2025-08-07,VCIT,83.2300033569336,83.23999786376953,83.0199966430664,83.08999633789062,17456800
2025-08-08,VCIT,83.0999984741211,83.0999984741211,82.87000274658203,82.87999725341797,14684000
2025-08-11,VCIT,82.94999694824219,83.02999877929688,82.87999725341797,82.94000244140625,30235000
2025-08-12,VCIT,82.9000015258789,83.02999877929688,82.81999969482422,83.0199966430664,16527500
2025-08-13,VCIT,83.2699966430664,83.37999725341797,83.19999694824219,83.33000183105469,8237600
2025-08-14,VCIT,83.12000274658203,83.27999877929688,83.05000305175781,83.12000274658203,8871100
2025-08-15,VCIT,83.16000366210938,83.23999786376953,83.0,83.05999755859375,9866000
2025-08-18,VCIT,83.16000366210938,83.16000366210938,82.91000366210938,82.95999908447266,16105500
2025-08-19,VCIT,83.04000091552734,83.0999984741211,83.01000213623047,83.08000183105469,8090500
2025-08-20,VCIT,83.08999633789062,83.19000244140625,83.0199966430664,83.11000061035156,9019200
2025-08-21,VCIT,83.0,83.01000213623047,82.79000091552734,82.86000061035156,7846400
2025-08-22,VCIT,83.05000305175781,83.4800033569336,82.9800033569336,83.37999725341797,16333400
2025-08-25,VCIT,83.31999969482422,83.3499984741211,83.22000122070312,83.2300033569336,7545000
2025-08-26,VCIT,83.27999877929688,83.38999938964844,83.18000030517578,83.36000061035156,8781000
2025-08-27,VCIT,83.27999877929688,83.45999908447266,83.19000244140625,83.45999908447266,15157400
2025-08-28,VCIT,83.45999908447266,83.58000183105469,83.41999816894531,83.52999877929688,8371000
2025-08-29,VCIT,83.48999786376953,83.5,83.36000061035156,83.41999816894531,10415400
2025-09-02,VCIT,82.83000183105469,82.91999816894531,82.73999786376953,82.9000015258789,9911100
2025-09-03,VCIT,82.98999786376953,83.27999877929688,82.94999694824219,83.19999694824219,14251400
2025-09-04,VCIT,83.41999816894531,83.66000366210938,83.36000061035156,83.66000366210938,12131600
2025-09-05,VCIT,84.16000366210938,84.16000366210938,83.9800033569336,83.98999786376953,12697600
2025-09-08,VCIT,84.30000305175781,84.30000305175781,84.08000183105469,84.1500015258789,15114100
2025-09-09,VCIT,84.16000366210938,84.19999694824219,83.94999694824219,84.05000305175781,10327600
2025-09-10,VCIT,84.20999908447266,84.37999725341797,84.18000030517578,84.23999786376953,10463900
2025-09-11,VCIT,84.38999938964844,84.58999633789062,84.3499984741211,84.48999786376953,7384700
2025-09-12,VCIT,84.38999938964844,84.41999816894531,84.20999908447266,84.33999633789062,39431200
2025-09-15,VCIT,84.5199966430664,84.56999969482422,84.4800033569336,84.54000091552734,9823000
2025-09-16,VCIT,84.58000183105469,84.62000274658203,84.47000122070312,84.52999877929688,9628300
2025-09-17,VCIT,84.62000274658203,84.73999786376953,84.23999786376953,84.37000274658203,11990800
2025-09-18,VCIT,84.25,84.33000183105469,84.12000274658203,84.30000305175781,9397700
2025-09-19,VCIT,84.2300033569336,84.33000183105469,84.19000244140625,84.29000091552734,6394000
2025-09-22,VCIT,84.27999877929688,84.29000091552734,84.1500015258789,84.1500015258789,10552100
2025-09-23,VCIT,84.27999877929688,84.30999755859375,84.16999816894531,84.29000091552734,12458400
2025-09-24,VCIT,84.22000122070312,84.22000122070312,84.0199966430664,84.05000305175781,10778100
2025-09-25,VCIT,83.83999633789062,83.91000366210938,83.66999816894531,83.86000061035156,13933300
2025-09-26,VCIT,83.91000366210938,83.98999786376953,83.80000305175781,83.93000030517578,9981800
2025-09-29,VCIT,84.05000305175781,84.16000366210938,84.01000213623047,84.11000061035156,9326700
2025-09-30,VCIT,84.19000244140625,84.27999877929688,84.05000305175781,84.11000061035156,10714000
2025-10-01,VCIT,84.02999877929688,84.08000183105469,83.88999938964844,84.06999969482422,9492400
2025-10-02,VCIT,84.04000091552734,84.19000244140625,83.97000122070312,84.16000366210938,5905700
2025-10-03,VCIT,84.18000030517578,84.19999694824219,84.02999877929688,84.05999755859375,6615300
2025-10-06,VCIT,83.91000366210938,84.01000213623047,83.87000274658203,83.88999938964844,8305300
2025-10-07,VCIT,83.97000122070312,84.06999969482422,83.88999938964844,84.0,14892000
2025-10-08,VCIT,84.12000274658203,84.12999725341797,83.9000015258789,83.9000015258789,15033400
2025-10-09,VCIT,83.87999725341797,83.88999938964844,83.73999786376953,83.7699966430664,10746100
2025-10-10,VCIT,84.04000091552734,84.06999969482422,83.88999938964844,83.94000244140625,11265300
2025-10-13,VCIT,84.0,84.22000122070312,83.9800033569336,84.18000030517578,9742100
2025-10-14,VCIT,84.12999725341797,84.38999938964844,84.02999877929688,84.33000183105469,11030100
2025-10-15,VCIT,84.48999786376953,84.55999755859375,84.29000091552734,84.37999725341797,10407300
2025-10-16,VCIT,84.37999725341797,84.62000274658203,84.31999969482422,84.58999633789062,12965200
2025-10-17,VCIT,84.55999755859375,84.58000183105469,84.41000366210938,84.47000122070312,8700200
2025-10-20,VCIT,84.58999633789062,84.6500015258789,84.54000091552734,84.5999984741211,8695700
2025-10-21,VCIT,84.77999877929688,84.80000305175781,84.6500015258789,84.6500015258789,10751500
2025-10-22,VCIT,84.63999938964844,84.69000244140625,84.55000305175781,84.66999816894531,13509800
2025-10-23,VCIT,84.58000183105469,84.69999694824219,84.56999969482422,84.5999984741211,8862600
2025-10-24,VCIT,84.75,84.77999877929688,84.6500015258789,84.76000213623047,8346800
2025-10-27,VCIT,84.73999786376953,84.83999633789062,84.62000274658203,84.81999969482422,8351800
2025-10-28,VCIT,84.79000091552734,84.83000183105469,84.69000244140625,84.80999755859375,7181200
2025-10-29,VCIT,84.81999969482422,84.81999969482422,84.36000061035156,84.4000015258789,10152800
2025-10-30,VCIT,84.11000061035156,84.33000183105469,84.05000305175781,84.16000366210938,21213400
2025-10-31,VCIT,84.2300033569336,84.26000213623047,84.0,84.05000305175781,11875000
2025-11-03,VCIT,83.66000366210938,83.66000366210938,83.5199966430664,83.58999633789062,13359100
2025-11-04,VCIT,83.58999633789062,83.80999755859375,83.55000305175781,83.6500015258789,13086700
2025-11-05,VCIT,83.68000030517578,83.68000030517578,83.44000244140625,83.44999694824219,14773000
2025-11-06,VCIT,83.75,83.80999755859375,83.70999908447266,83.79000091552734,8744000
2025-11-07,VCIT,83.72000122070312,83.83000183105469,83.66999816894531,83.75,11084400
2025-11-10,VCIT,83.76000213623047,83.83000183105469,83.72000122070312,83.7300033569336,10066800
2025-11-11,VCIT,83.91999816894531,84.06999969482422,83.83999633789062,84.05000305175781,3381300
2025-11-12,VCIT,84.0,84.02999877929688,83.87999725341797,83.93000030517578,6998200
2025-11-13,VCIT,83.7300033569336,83.87000274658203,83.69000244140625,83.69999694824219,9157000
2025-11-14,VCIT,83.79000091552734,83.86000061035156,83.55999755859375,83.55999755859375,5799800
2025-11-17,VCIT,83.61000061035156,83.69999694824219,83.52999877929688,83.55999755859375,10074100
2025-11-18,VCIT,83.72000122070312,83.79000091552734,83.58999633789062,83.66000366210938,13416800
2025-11-19,VCIT,83.77999877929688,83.79000091552734,83.61000061035156,83.62999725341797,8150400
2025-11-20,VCIT,83.80999755859375,83.88999938964844,83.69000244140625,83.7300033569336,9955400
2025-11-21,VCIT,84.0,84.02999877929688,83.83000183105469,84.02999877929688,6978800
2025-11-24,VCIT,84.13999938964844,84.25,84.05000305175781,84.23999786376953,16992900
2025-11-25,VCIT,84.25,84.56999969482422,84.23999786376953,84.45999908447266,13396700
2025-11-26,VCIT,84.44000244140625,84.62999725341797,84.36000061035156,84.62000274658203,11107900
2025-11-28,VCIT,84.62000274658203,84.6500015258789,84.44999694824219,84.55000305175781,5201900
2025-12-01,VCIT,83.91999816894531,83.94000244140625,83.83000183105469,83.94000244140625,12396700
2025-12-02,VCIT,83.94000244140625,84.04000091552734,83.87999725341797,84.0,10462600
2025-12-03,VCIT,84.0999984741211,84.20999908447266,84.04000091552734,84.18000030517578,14275100
2025-12-04,VCIT,84.08999633789062,84.08999633789062,83.97000122070312,84.0199966430664,10639800
2025-12-05,VCIT,84.06999969482422,84.0999984741211,83.87000274658203,83.94000244140625,9622100
2025-12-08,VCIT,83.94000244140625,83.94999694824219,83.69000244140625,83.81999969482422,11580300
2025-12-09,VCIT,83.9000015258789,83.91999816894531,83.6500015258789,83.69999694824219,14346600
2025-12-10,VCIT,83.66999816894531,84.05000305175781,83.62999725341797,84.01000213623047,13579000
2025-12-11,VCIT,84.1500015258789,84.19999694824219,83.94999694824219,84.01000213623047,10898700
2025-12-12,VCIT,83.79000091552734,83.80999755859375,83.66000366210938,83.69000244140625,11022700
2025-12-15,VCIT,83.88999938964844,83.94000244140625,83.72000122070312,83.79000091552734,7426600
2025-12-16,VCIT,83.83999633789062,83.94999694824219,83.69999694824219,83.91000366210938,6773500
2025-12-17,VCIT,83.86000061035156,83.91999816894531,83.80999755859375,83.87999725341797,7604900
2025-12-18,VCIT,83.80000305175781,83.83000183105469,83.63999938964844,83.77999877929688,10849200
2025-12-19,VCIT,83.72000122070312,83.75,83.61000061035156,83.63999938964844,10094500
2025-12-22,VCIT,83.62000274658203,83.62999725341797,83.55000305175781,83.62000274658203,9946800
2025-12-23,VCIT,83.47000122070312,83.66000366210938,83.44000244140625,83.62000274658203,10239100
2025-12-24,VCIT,83.73999786376953,83.9000015258789,83.69999694824219,83.9000015258789,3987800
2025-12-26,VCIT,83.94999694824219,83.98999786376953,83.8499984741211,83.97000122070312,4652000
2025-12-29,VCIT,84.0,84.06999969482422,83.94000244140625,84.05999755859375,6920900
2025-12-30,VCIT,83.94999694824219,84.05999755859375,83.87999725341797,83.98999786376953,6413300
2025-12-31,VCIT,83.91000366210938,83.95999908447266,83.75,83.75,6069000
2026-01-02,VCIT,83.87000274658203,83.88999938964844,83.66000366210938,83.73999786376953,9360800
2026-01-05,VCIT,83.81999969482422,83.97000122070312,83.76000213623047,83.91999816894531,12186800
2026-01-06,VCIT,83.83000183105469,83.94999694824219,83.76000213623047,83.94000244140625,12383300
2026-01-07,VCIT,84.06999969482422,84.08999633789062,83.93000030517578,83.94999694824219,11774300
2026-01-08,VCIT,83.79000091552734,83.86000061035156,83.75,83.77999877929688,9215700
2026-01-09,VCIT,83.80999755859375,83.97000122070312,83.75,83.91000366210938,9693500
2026-01-12,VCIT,83.80000305175781,83.91999816894531,83.76000213623047,83.83000183105469,6963000
2026-01-13,VCIT,83.94999694824219,84.04000091552734,83.87000274658203,84.0,33405000
2026-01-14,VCIT,84.0199966430664,84.13999938964844,84.0,84.0999984741211,12241500
2026-01-15,VCIT,84.12999725341797,84.1500015258789,83.94999694824219,83.97000122070312,25219900
2026-01-16,VCIT,83.94000244140625,83.9800033569336,83.76000213623047,83.77999877929688,11216600
2026-01-20,VCIT,83.5,83.61000061035156,83.44000244140625,83.4800033569336,12829400
2026-01-21,VCIT,83.62999725341797,83.8499984741211,83.55000305175781,83.80999755859375,15433300
2026-01-22,VCIT,83.79000091552734,83.88999938964844,83.7300033569336,83.83000183105469,16716900
2026-01-23,VCIT,83.83000183105469,83.91999816894531,83.73999786376953,83.88999938964844,10747900
2026-01-26,VCIT,84.0,84.04000091552734,83.94000244140625,83.97000122070312,11210300
2026-01-27,VCIT,83.94000244140625,84.04000091552734,83.93000030517578,83.95999908447266,12544900
2026-01-28,VCIT,83.98999786376953,83.98999786376953,83.79000091552734,83.91000366210938,14335100
2026-01-29,VCIT,83.83000183105469,83.98999786376953,83.79000091552734,83.95999908447266,11101000
2026-01-30,VCIT,83.95999908447266,84.01000213623047,83.9000015258789,83.94999694824219,15785800
2026-02-02,VCIT,83.7300033569336,83.7300033569336,83.48999786376953,83.5199966430664,10793300
2026-02-03,VCIT,83.5199966430664,83.56999969482422,83.44999694824219,83.54000091552734,11647700
2026-02-04,VCIT,83.48999786376953,83.55000305175781,83.4000015258789,83.51000213623047,9591100
2026-02-05,VCIT,83.66000366210938,83.87000274658203,83.62000274658203,83.83999633789062,9432600
2026-02-06,VCIT,83.83999633789062,83.9000015258789,83.75,83.87000274658203,9630900
2026-02-09,VCIT,83.83000183105469,83.93000030517578,83.7699966430664,83.9000015258789,9750600
2026-02-10,VCIT,84.0999984741211,84.1500015258789,84.0,84.02999877929688,10440800
2026-02-11,VCIT,83.88999938964844,84.05999755859375,83.86000061035156,83.95999908447266,7532900
2026-02-12,VCIT,84.08000183105469,84.26000213623047,84.06999969482422,84.22000122070312,10175600
2026-02-13,VCIT,84.45999908447266,84.51000213623047,84.38999938964844,84.48999786376953,9499000
2026-02-17,VCIT,84.47000122070312,84.55000305175781,84.43000030517578,84.52999877929688,10253800
2026-02-18,VCIT,84.44999694824219,84.5199966430664,84.41000366210938,84.45999908447266,8345400
2026-02-19,VCIT,84.38999938964844,84.52999877929688,84.37000274658203,84.5199966430664,9082900
2026-02-20,VCIT,84.52999877929688,84.58999633789062,84.4000015258789,84.54000091552734,12270300
2026-02-23,VCIT,84.58999633789062,84.76000213623047,84.56999969482422,84.70999908447266,11919300
2026-02-24,VCIT,84.61000061035156,84.68000030517578,84.52999877929688,84.62999725341797,12215500
2026-02-25,VCIT,84.58000183105469,84.66000366210938,84.55999755859375,84.58999633789062,9608600
2026-02-26,VCIT,84.58999633789062,84.69999694824219,84.56999969482422,84.68000030517578,8507700
2026-02-27,VCIT,84.73999786376953,84.83999633789062,84.69999694824219,84.72000122070312,13748400
2026-03-02,VCIT,84.16000366210938,84.18000030517578,83.9800033569336,84.13999938964844,12011000
2026-03-03,VCIT,83.69000244140625,84.2300033569336,83.63999938964844,84.0999984741211,14436100
2026-03-04,VCIT,84.19000244140625,84.2300033569336,84.05000305175781,84.08999633789062,12082600
2026-03-05,VCIT,83.79000091552734,83.87999725341797,83.66999816894531,83.83999633789062,12092000
2026-03-06,VCIT,83.55999755859375,83.8499984741211,83.38999938964844,83.62999725341797,21874400
2026-03-09,VCIT,83.58999633789062,83.9800033569336,83.43000030517578,83.94000244140625,11847900
2026-03-10,VCIT,83.77999877929688,83.93000030517578,83.58000183105469,83.5999984741211,18846100
2026-03-11,VCIT,83.45999908447266,83.45999908447266,83.11000061035156,83.18000030517578,20410300
2026-03-12,VCIT,83.04000091552734,83.05000305175781,82.55999755859375,82.69000244140625,20292900
2026-03-13,VCIT,82.8499984741211,82.95999908447266,82.37999725341797,82.45999908447266,18963700
2026-03-16,VCIT,82.86000061035156,82.95999908447266,82.69999694824219,82.79000091552734,12740000
2026-03-17,VCIT,83.04000091552734,83.19000244140625,82.98999786376953,83.18000030517578,24860800
2026-03-18,VCIT,83.05000305175781,83.12999725341797,82.70999908447266,82.70999908447266,11260800
2026-03-19,VCIT,82.45999908447266,83.0,82.41999816894531,82.93000030517578,14865900
2026-03-20,VCIT,82.62000274658203,82.6500015258789,82.0999984741211,82.1500015258789,21526600
2026-03-23,VCIT,82.29000091552734,82.7699966430664,82.2300033569336,82.55000305175781,16767400
2026-03-24,VCIT,82.25,82.55000305175781,82.19000244140625,82.38999938964844,14864300
2026-03-25,VCIT,82.76000213623047,82.80999755859375,82.56999969482422,82.62000274658203,13108400
2026-03-26,VCIT,82.37000274658203,82.5,82.0,82.01000213623047,20532000
2026-03-27,VCIT,81.80999755859375,82.05999755859375,81.75,81.91999816894531,18046100
2026-03-30,VCIT,82.37999725341797,82.48999786376953,82.26000213623047,82.30000305175781,21959200
2026-03-31,VCIT,82.62999725341797,82.87999725341797,82.54000091552734,82.75,25192000
2026-04-01,VCIT,82.5,82.62999725341797,82.38999938964844,82.5199966430664,19944100
2026-04-02,VCIT,82.4000015258789,82.86000061035156,82.33999633789062,82.73999786376953,9153100
2026-04-06,VCIT,82.6500015258789,82.79000091552734,82.56999969482422,82.5999984741211,10843500
2026-04-07,VCIT,82.62999725341797,82.81999969482422,82.30000305175781,82.76000213623047,13898500
2026-04-08,VCIT,83.33000183105469,83.37000274658203,82.97000122070312,83.02999877929688,21573000
2026-04-09,VCIT,82.95999908447266,83.2699966430664,82.87999725341797,83.08000183105469,12258800
2026-04-10,VCIT,83.08000183105469,83.1500015258789,82.93000030517578,82.94999694824219,6472800
2026-04-13,VCIT,82.88999938964844,83.20999908447266,82.88999938964844,83.19999694824219,7294500
2026-04-14,VCIT,83.19999694824219,83.44999694824219,83.16999816894531,83.43000030517578,18260000
2026-04-15,VCIT,83.37999725341797,83.37999725341797,83.26000213623047,83.36000061035156,8721200
2026-04-16,VCIT,83.4000015258789,83.4000015258789,83.08999633789062,83.12999725341797,10707700
2026-04-17,VCIT,83.55000305175781,83.66000366210938,83.45999908447266,83.4800033569336,12775700
2026-04-20,VCIT,83.5,83.58000183105469,83.36000061035156,83.5,9236400
2026-04-21,VCIT,83.4000015258789,83.45999908447266,83.19999694824219,83.22000122070312,8006600
2026-04-22,VCIT,83.38999938964844,83.4800033569336,83.30000305175781,83.30999755859375,6357800
2026-04-23,VCIT,83.33999633789062,83.38999938964844,82.98999786376953,83.13999938964844,11103300
2026-04-24,VCIT,83.13999938964844,83.33000183105469,83.05000305175781,83.25,6555400
2026-04-27,VCIT,83.22000122070312,83.25,83.0199966430664,83.08000183105469,11307100
2026-04-28,VCIT,82.80999755859375,83.04000091552734,82.80000305175781,83.02999877929688,6664200
2026-04-29,VCIT,82.83999633789062,82.9000015258789,82.56999969482422,82.6500015258789,10779600
2026-04-30,VCIT,82.80000305175781,82.91999816894531,82.72000122070312,82.8499984741211,8141200
2026-05-01,VCIT,82.55999755859375,82.83999633789062,82.5,82.58000183105469,5831900
2026-05-04,VCIT,82.45999908447266,82.48999786376953,82.1500015258789,82.37000274658203,9831100
2026-05-05,VCIT,82.51000213623047,82.62999725341797,82.45999908447266,82.51000213623047,7102100
2026-05-06,VCIT,82.8499984741211,82.94000244140625,82.80000305175781,82.87000274658203,7870300
2026-05-07,VCIT,83.0,83.0199966430664,82.58000183105469,82.5999984741211,9469400
2026-05-08,VCIT,82.87999725341797,82.95999908447266,82.80999755859375,82.88999938964844,6139800
2026-05-11,VCIT,82.81999969482422,82.87999725341797,82.69000244140625,82.70999908447266,7682500
2026-05-12,VCIT,82.52999877929688,82.52999877929688,82.43000030517578,82.48999786376953,11167800
2026-05-13,VCIT,82.47000122070312,82.55999755859375,82.33999633789062,82.55999755859375,5821600
2026-05-14,VCIT,82.69000244140625,82.70999908447266,82.44000244140625,82.45999908447266,7451400
2026-05-15,VCIT,82.08000183105469,82.11000061035156,81.94999694824219,82.0,13752300
2026-05-18,VCIT,82.05000305175781,82.18000030517578,81.77999877929688,81.9000015258789,13275500
2026-05-19,VCIT,81.62000274658203,81.72000122070312,81.43000030517578,81.54000091552734,14894500
2026-05-20,VCIT,81.62000274658203,82.1500015258789,81.58000183105469,82.08999633789062,12802700
2026-05-21,VCIT,81.8499984741211,82.19999694824219,81.73999786376953,82.13999938964844,10264100
2026-05-22,VCIT,82.36000061035156,82.37000274658203,82.05999755859375,82.22000122070312,5074000
2026-05-26,VCIT,82.62999725341797,82.69999694824219,82.43000030517578,82.54000091552734,6825700
2026-05-27,VCIT,82.5999984741211,82.69999694824219,82.52999877929688,82.5999984741211,6677300
2026-05-28,VCIT,82.62999725341797,82.88999938964844,82.55999755859375,82.73999786376953,6797200
2026-05-29,VCIT,82.88999938964844,82.98999786376953,82.81999969482422,82.8499984741211,6479200
2026-06-01,VCIT,82.2300033569336,82.44999694824219,82.13999938964844,82.44999694824219,7416500
2026-06-02,VCIT,82.52999877929688,82.5999984741211,82.41000366210938,82.44000244140625,9380200
2026-06-03,VCIT,82.23999786376953,82.30999755859375,82.13999938964844,82.26000213623047,5781100
2026-06-04,VCIT,82.38999938964844,82.51000213623047,82.27999877929688,82.37000274658203,4664600
2026-06-05,VCIT,82.12000274658203,82.12000274658203,81.9000015258789,81.91000366210938,10966400
2026-06-08,VCIT,82.08000183105469,82.12999725341797,81.87000274658203,81.9000015258789,6843500
2026-06-09,VCIT,82.06999969482422,82.13999938964844,81.88999938964844,82.08000183105469,9415200
2026-06-10,VCIT,82.0999984741211,82.16999816894531,81.91999816894531,81.97000122070312,5702700
2026-06-11,VCIT,82.0999984741211,82.56999969482422,82.01000213623047,82.51000213623047,11377800
2026-06-12,VCIT,82.41000366210938,82.51000213623047,82.25,82.44999694824219,6794200
2026-06-15,VCIT,82.62000274658203,82.70999908447266,82.5,82.5,9128400
2026-06-16,VCIT,82.58999633789062,82.72000122070312,82.54000091552734,82.58999633789062,10379200
2026-06-17,VCIT,82.56999969482422,82.69000244140625,82.19000244140625,82.22000122070312,18353100
2026-06-18,VCIT,82.5999984741211,82.66999816894531,82.44000244140625,82.4800033569336,11812500
2026-06-22,VCIT,82.2300033569336,82.30999755859375,82.19000244140625,82.29000091552734,8094900
2026-06-23,VCIT,82.30000305175781,82.48999786376953,82.30000305175781,82.37000274658203,8441500
2026-06-24,VCIT,82.62000274658203,82.77999877929688,82.58999633789062,82.69000244140625,11288000
2026-06-25,VCIT,82.77999877929688,82.87999725341797,82.73999786376953,82.79000091552734,12528400
2026-06-26,VCIT,82.75,82.94999694824219,82.7300033569336,82.91000366210938,8592800
2026-06-29,VCIT,82.9000015258789,82.98999786376953,82.83999633789062,82.95999908447266,9943200
2026-06-30,VCIT,82.8499984741211,82.87999725341797,82.61000061035156,82.6500015258789,8015200
2026-07-01,VCIT,82.13999938964844,82.30999755859375,82.11000061035156,82.19000244140625,12862900
2026-07-02,VCIT,82.30000305175781,82.38999938964844,82.23999786376953,82.33999633789062,6110800
2026-07-06,VCIT,82.77999877929688,82.77999877929688,82.26000213623047,82.38999938964844,7035000
2026-07-07,VCIT,82.19000244140625,82.38999938964844,81.91000366210938,81.94999694824219,12072100
2026-07-08,VCIT,81.83999633789062,81.87000274658203,81.66000366210938,81.81999969482422,8604600
2026-07-09,VCIT,81.87000274658203,82.08000183105469,81.83000183105469,81.91999816894531,5120000
2026-07-10,VCIT,81.94000244140625,81.98999786376953,81.7300033569336,81.80999755859375,7594500
2026-07-13,VCIT,81.69000244140625,81.7300033569336,81.44999694824219,81.44999694824219,6831000
2026-07-14,VCIT,81.63999938964844,81.79000091552734,81.58999633789062,81.69999694824219,8230200
2026-07-15,VCIT,81.76000213623047,82.0,81.75,81.93000030517578,7281800
2026-07-16,VCIT,81.81999969482422,81.91999816894531,81.7699966430664,81.87000274658203,6589700
2026-07-17,VCIT,81.9800033569336,82.08000183105469,81.88999938964844,81.94000244140625,8735700
2026-07-20,VCIT,81.91000366210938,81.91999816894531,81.66999816894531,81.70999908447266,6807800
2026-07-21,VCIT,81.6500015258789,81.6500015258789,81.5,81.52999877929688,5794000
2026-07-22,VCIT,81.44999694824219,81.5,81.36000061035156,81.37000274658203,6542200
2026-07-23,VCIT,81.08000183105469,81.18000030517578,81.04000091552734,81.12000274658203,9121700
2026-07-27,VCIT,81.3499984741211,81.41999816894531,81.30000305175781,81.31999969482422,9285400
2026-07-28,VCIT,81.41000366210938,81.59500122070312,81.38500213623047,81.59500122070312,1961800
