Date,Ticker,Open,High,Low,Close,Volume
2018-01-02,XLES.MI,312.20001220703125,312.20001220703125,311.8999938964844,311.8999938964844,190
2018-01-03,XLES.MI,315.29998779296875,318.3500061035156,315.29998779296875,318.3500061035156,45
2018-01-04,XLES.MI,320.79998779296875,320.79998779296875,318.5,320.20001220703125,375
2018-01-05,XLES.MI,321.1000061035156,321.1000061035156,320.04998779296875,320.20001220703125,7070
2018-01-08,XLES.MI,322.3500061035156,323.8999938964844,322.3500061035156,322.8999938964844,2378
2018-01-09,XLES.MI,327.04998779296875,327.04998779296875,326.45001220703125,327.0,31
2018-01-10,XLES.MI,323.8999938964844,325.79998779296875,323.8500061035156,325.79998779296875,560
2018-01-11,XLES.MI,326.54998779296875,328.70001220703125,324.04998779296875,328.70001220703125,1337
2018-01-12,XLES.MI,328.1000061035156,328.25,327.0,328.25,1724
2018-01-15,XLES.MI,329.70001220703125,329.70001220703125,327.45001220703125,327.95001220703125,758
2018-01-16,XLES.MI,329.25,329.25,326.3500061035156,326.3500061035156,145
2018-01-17,XLES.MI,324.1000061035156,325.6000061035156,323.45001220703125,324.79998779296875,6156
2018-01-18,XLES.MI,325.95001220703125,326.0,324.20001220703125,324.20001220703125,283
2018-01-19,XLES.MI,321.45001220703125,322.8500061035156,320.95001220703125,322.04998779296875,4346
2018-01-22,XLES.MI,322.45001220703125,327.3999938964844,322.45001220703125,327.3999938964844,5
2018-01-23,XLES.MI,329.79998779296875,330.0,326.79998779296875,328.20001220703125,30
2018-01-24,XLES.MI,326.75,326.75,325.29998779296875,325.29998779296875,64
2018-01-25,XLES.MI,325.1000061035156,325.20001220703125,319.95001220703125,319.95001220703125,2007
2018-01-26,XLES.MI,319.95001220703125,319.95001220703125,319.95001220703125,319.95001220703125,0
2018-01-29,XLES.MI,319.95001220703125,319.95001220703125,319.95001220703125,319.95001220703125,0
2018-01-30,XLES.MI,318.25,318.25,312.45001220703125,312.45001220703125,1052
2018-01-31,XLES.MI,310.8999938964844,311.1000061035156,309.3999938964844,310.1000061035156,946
2018-02-01,XLES.MI,313.0,313.0,309.29998779296875,309.29998779296875,284
2018-02-02,XLES.MI,312.0,312.0,304.1499938964844,304.3999938964844,4715
2018-02-05,XLES.MI,299.79998779296875,300.3999938964844,298.3999938964844,299.1499938964844,2577
2018-02-06,XLES.MI,286.79998779296875,293.8999938964844,285.04998779296875,287.3999938964844,3314
2018-02-07,XLES.MI,293.75,297.20001220703125,293.70001220703125,295.3999938964844,1043
2018-02-08,XLES.MI,289.6499938964844,291.1499938964844,287.25,287.25,41
2018-02-09,XLES.MI,285.29998779296875,285.29998779296875,279.6000061035156,279.6000061035156,2556
2018-02-12,XLES.MI,286.20001220703125,287.29998779296875,283.8999938964844,283.8999938964844,1090
2018-02-13,XLES.MI,282.8500061035156,283.0,281.1000061035156,281.6499938964844,50
2018-02-14,XLES.MI,282.54998779296875,282.54998779296875,280.8999938964844,282.1499938964844,96
2018-02-15,XLES.MI,285.0,285.0,280.54998779296875,280.54998779296875,1313
2018-02-16,XLES.MI,283.45001220703125,284.75,283.45001220703125,284.75,535
2018-02-19,XLES.MI,286.0,286.0,284.5,284.95001220703125,879
2018-02-20,XLES.MI,284.75,286.20001220703125,284.75,286.20001220703125,650
2018-02-21,XLES.MI,286.20001220703125,286.20001220703125,286.20001220703125,286.20001220703125,0
2018-02-22,XLES.MI,281.6000061035156,285.70001220703125,281.54998779296875,285.70001220703125,93
2018-02-23,XLES.MI,284.54998779296875,286.04998779296875,284.54998779296875,286.04998779296875,585
2018-02-26,XLES.MI,286.04998779296875,286.04998779296875,286.04998779296875,286.04998779296875,0
2018-02-27,XLES.MI,289.3999938964844,292.20001220703125,289.3999938964844,292.20001220703125,327
2018-02-28,XLES.MI,289.79998779296875,289.79998779296875,288.5,288.5,313
2018-03-01,XLES.MI,282.8999938964844,285.6000061035156,282.45001220703125,284.3999938964844,136
2018-03-02,XLES.MI,280.20001220703125,280.20001220703125,277.04998779296875,277.8500061035156,403
2018-03-05,XLES.MI,280.8500061035156,283.0,280.8500061035156,283.0,20
2018-03-06,XLES.MI,283.25,284.45001220703125,281.20001220703125,281.20001220703125,407
2018-03-07,XLES.MI,281.1499938964844,281.5,280.70001220703125,280.70001220703125,1939
2018-03-08,XLES.MI,280.3999938964844,280.75,280.3999938964844,280.75,375
2018-03-09,XLES.MI,280.75,280.75,280.75,280.75,0
2018-03-12,XLES.MI,288.3999938964844,289.3500061035156,287.79998779296875,287.79998779296875,73
2018-03-13,XLES.MI,287.5,287.5,284.95001220703125,284.95001220703125,515
2018-03-14,XLES.MI,283.79998779296875,284.1499938964844,283.79998779296875,284.1499938964844,13
2018-03-15,XLES.MI,284.1499938964844,284.1499938964844,284.1499938964844,284.1499938964844,0
2018-03-16,XLES.MI,286.45001220703125,286.6000061035156,286.45001220703125,286.6000061035156,16
2018-03-19,XLES.MI,285.1499938964844,285.1499938964844,280.5,280.5,430
2018-03-20,XLES.MI,281.95001220703125,285.25,281.95001220703125,285.25,27
2018-03-21,XLES.MI,284.8500061035156,292.20001220703125,284.6000061035156,292.20001220703125,55
2018-03-22,XLES.MI,288.04998779296875,288.04998779296875,287.25,287.79998779296875,390
2018-03-23,XLES.MI,287.79998779296875,287.79998779296875,287.79998779296875,287.79998779296875,0
2018-03-26,XLES.MI,283.75,283.79998779296875,280.95001220703125,280.95001220703125,1368
2018-03-27,XLES.MI,285.8999938964844,287.70001220703125,285.8500061035156,285.95001220703125,7463
2018-03-28,XLES.MI,284.20001220703125,284.20001220703125,281.5,281.5,3083
2018-03-29,XLES.MI,280.1499938964844,285.04998779296875,280.1499938964844,285.04998779296875,100
2018-04-03,XLES.MI,280.3500061035156,282.70001220703125,280.3500061035156,282.70001220703125,270
2018-04-04,XLES.MI,281.8999938964844,283.0,281.29998779296875,282.8500061035156,518
2018-04-05,XLES.MI,287.75,293.3500061035156,287.75,293.3500061035156,551
2018-04-06,XLES.MI,289.6000061035156,289.6000061035156,287.6499938964844,287.6499938964844,9
2018-04-09,XLES.MI,287.54998779296875,289.0,287.54998779296875,288.75,280
2018-04-10,XLES.MI,293.5,295.5,293.5,295.5,200
2018-04-11,XLES.MI,292.3500061035156,297.25,292.3500061035156,297.0,230
2018-04-12,XLES.MI,299.54998779296875,299.54998779296875,298.79998779296875,298.79998779296875,5
2018-04-13,XLES.MI,300.0,303.0,300.0,303.0,200
2018-04-16,XLES.MI,301.5,304.0,301.25,304.0,3554
2018-04-17,XLES.MI,304.25,306.1499938964844,304.25,305.95001220703125,123
2018-04-18,XLES.MI,307.3500061035156,310.54998779296875,307.3500061035156,310.54998779296875,3198
2018-04-19,XLES.MI,311.20001220703125,313.6499938964844,311.20001220703125,313.6499938964844,680
2018-04-20,XLES.MI,313.20001220703125,313.20001220703125,310.3500061035156,311.20001220703125,593
2018-04-23,XLES.MI,312.79998779296875,314.20001220703125,312.79998779296875,314.20001220703125,1830
2018-04-24,XLES.MI,315.8999938964844,317.54998779296875,315.8999938964844,317.20001220703125,110
2018-04-25,XLES.MI,311.25,313.1499938964844,311.0,313.1499938964844,31
2018-04-26,XLES.MI,315.1499938964844,320.1000061035156,315.1499938964844,320.1000061035156,528
2018-04-27,XLES.MI,320.95001220703125,320.95001220703125,318.45001220703125,318.8999938964844,2030
2018-04-30,XLES.MI,318.75,321.3500061035156,318.75,320.8500061035156,282
2018-05-02,XLES.MI,317.79998779296875,322.95001220703125,317.79998779296875,322.95001220703125,1274
2018-05-03,XLES.MI,321.70001220703125,321.70001220703125,317.75,317.75,71
2018-05-04,XLES.MI,317.75,317.75,317.75,317.75,0
2018-05-07,XLES.MI,326.8999938964844,330.75,326.8999938964844,330.6499938964844,231
2018-05-08,XLES.MI,325.04998779296875,325.04998779296875,321.95001220703125,321.95001220703125,5
2018-05-09,XLES.MI,332.3999938964844,337.0,332.3999938964844,335.3999938964844,224
2018-05-10,XLES.MI,338.70001220703125,338.70001220703125,335.29998779296875,336.25,220
2018-05-11,XLES.MI,336.25,336.25,336.25,336.25,0
2018-05-14,XLES.MI,335.75,337.6000061035156,335.54998779296875,337.6000061035156,311
2018-05-15,XLES.MI,336.95001220703125,341.1000061035156,336.95001220703125,340.0,304
2018-05-16,XLES.MI,342.0,342.04998779296875,341.6000061035156,341.6000061035156,11
2018-05-17,XLES.MI,343.5,348.70001220703125,343.5,348.6499938964844,551
2018-05-18,XLES.MI,348.70001220703125,348.70001220703125,346.79998779296875,346.79998779296875,200
2018-05-21,XLES.MI,351.29998779296875,351.29998779296875,349.25,349.5,40
2018-05-22,XLES.MI,349.29998779296875,351.75,348.70001220703125,351.75,1280
2018-05-23,XLES.MI,348.70001220703125,348.70001220703125,344.20001220703125,344.70001220703125,1798
2018-05-24,XLES.MI,345.45001220703125,345.45001220703125,340.5,340.8500061035156,7220
2018-05-25,XLES.MI,338.1499938964844,338.29998779296875,332.20001220703125,332.29998779296875,1544
2018-05-28,XLES.MI,332.5,332.5,331.6000061035156,331.8500061035156,562
2018-05-29,XLES.MI,332.5,336.1000061035156,332.3999938964844,336.1000061035156,642
2018-05-30,XLES.MI,336.8500061035156,342.6000061035156,335.79998779296875,342.6000061035156,416
2018-05-31,XLES.MI,340.3500061035156,343.95001220703125,339.95001220703125,342.1499938964844,894
2018-06-01,XLES.MI,342.1499938964844,342.1499938964844,342.1499938964844,342.1499938964844,0
2018-06-04,XLES.MI,340.0,341.1000061035156,339.3999938964844,339.3999938964844,230
2018-06-05,XLES.MI,336.0,338.20001220703125,336.0,338.20001220703125,500
2018-06-06,XLES.MI,335.0,335.70001220703125,335.0,335.70001220703125,323
2018-06-07,XLES.MI,335.45001220703125,340.5,335.45001220703125,340.5,1430
2018-06-08,XLES.MI,340.5,340.5,340.5,340.5,0
2018-06-11,XLES.MI,339.8999938964844,340.29998779296875,339.8999938964844,340.29998779296875,60
2018-06-12,XLES.MI,342.04998779296875,342.54998779296875,341.8500061035156,342.1499938964844,840
2018-06-13,XLES.MI,342.1499938964844,342.1499938964844,342.1499938964844,342.1499938964844,0
2018-06-14,XLES.MI,337.0,343.0,337.0,342.54998779296875,40
2018-06-15,XLES.MI,343.3500061035156,343.3500061035156,336.20001220703125,336.20001220703125,581
2018-06-18,XLES.MI,340.20001220703125,340.5,340.20001220703125,340.5,30
2018-06-19,XLES.MI,335.6499938964844,339.6499938964844,335.3500061035156,339.6499938964844,1502
2018-06-20,XLES.MI,340.70001220703125,340.8999938964844,338.95001220703125,339.95001220703125,1178
2018-06-21,XLES.MI,339.6000061035156,339.6499938964844,335.3999938964844,335.3999938964844,190
2018-06-22,XLES.MI,334.29998779296875,340.95001220703125,334.25,340.95001220703125,280
2018-06-25,XLES.MI,340.95001220703125,340.95001220703125,340.95001220703125,340.95001220703125,0
2018-06-26,XLES.MI,340.95001220703125,340.95001220703125,340.95001220703125,340.95001220703125,0
2018-06-27,XLES.MI,337.6000061035156,343.489990234375,337.6000061035156,343.489990234375,950
2018-06-28,XLES.MI,344.5799865722656,344.5799865722656,341.1499938964844,341.1499938964844,1386
2018-06-29,XLES.MI,341.3999938964844,344.2799987792969,341.3999938964844,344.2799987792969,1330
2018-07-02,XLES.MI,340.0799865722656,341.3999938964844,338.3500061035156,339.1400146484375,530
2018-07-03,XLES.MI,340.510009765625,343.6499938964844,339.5299987792969,339.5299987792969,1060
2018-07-04,XLES.MI,339.5299987792969,339.5299987792969,339.5299987792969,339.5299987792969,0
2018-07-05,XLES.MI,340.9599914550781,341.5299987792969,338.489990234375,338.489990234375,768
2018-07-06,XLES.MI,335.0,338.3599853515625,335.0,338.3599853515625,20
2018-07-09,XLES.MI,340.7099914550781,342.4599914550781,340.7099914550781,342.4599914550781,250
2018-07-10,XLES.MI,345.7900085449219,346.4700012207031,345.7900085449219,346.4700012207031,253
2018-07-11,XLES.MI,342.57000732421875,343.42999267578125,340.95001220703125,340.95001220703125,370
2018-07-12,XLES.MI,341.42999267578125,341.42999267578125,339.8599853515625,339.8599853515625,28
2018-07-13,XLES.MI,344.2099914550781,344.2099914550781,344.1600036621094,344.1600036621094,15
2018-07-16,XLES.MI,339.29998779296875,339.4700012207031,335.55999755859375,337.1000061035156,1571
2018-07-17,XLES.MI,338.0199890136719,338.0199890136719,336.6199951171875,337.7099914550781,660
2018-07-18,XLES.MI,338.239990234375,338.239990234375,334.5400085449219,336.7699890136719,784
2018-07-19,XLES.MI,336.42999267578125,340.2099914550781,336.42999267578125,339.4800109863281,606
2018-07-20,XLES.MI,338.0199890136719,339.1099853515625,335.3900146484375,335.3900146484375,748
2018-07-23,XLES.MI,337.5199890136719,338.04998779296875,334.1700134277344,335.510009765625,613
2018-07-24,XLES.MI,335.1099853515625,339.69000244140625,335.1099853515625,339.69000244140625,732
2018-07-25,XLES.MI,339.69000244140625,339.69000244140625,339.69000244140625,339.69000244140625,0
2018-07-26,XLES.MI,341.8699951171875,346.05999755859375,341.8699951171875,346.05999755859375,172
2018-07-27,XLES.MI,347.57000732421875,347.8699951171875,344.6499938964844,346.5799865722656,700
2018-07-30,XLES.MI,345.6000061035156,348.5400085449219,345.6000061035156,346.44000244140625,1144
2018-07-31,XLES.MI,345.4700012207031,346.6600036621094,345.4700012207031,346.6600036621094,5
2018-08-01,XLES.MI,344.8500061035156,344.8500061035156,341.8399963378906,341.8399963378906,190
2018-08-02,XLES.MI,341.8999938964844,342.30999755859375,341.8999938964844,342.30999755859375,460
2018-08-03,XLES.MI,342.5899963378906,343.5,339.8699951171875,339.8699951171875,660
2018-08-06,XLES.MI,343.489990234375,343.5199890136719,343.489990234375,343.5199890136719,652
2018-08-07,XLES.MI,344.6099853515625,346.3800048828125,344.2099914550781,346.3800048828125,40
2018-08-08,XLES.MI,343.010009765625,343.0799865722656,340.8599853515625,340.8599853515625,470
2018-08-09,XLES.MI,340.8900146484375,340.8900146484375,340.6499938964844,340.6499938964844,25
2018-08-10,XLES.MI,343.4200134277344,344.489990234375,343.2900085449219,344.489990234375,1268
2018-08-13,XLES.MI,344.489990234375,344.489990234375,344.489990234375,344.489990234375,0
2018-08-14,XLES.MI,343.5,345.010009765625,343.5,345.010009765625,710
2018-08-16,XLES.MI,333.7799987792969,335.1400146484375,333.6300048828125,335.1400146484375,560
2018-08-17,XLES.MI,335.1400146484375,335.1400146484375,335.1400146484375,335.1400146484375,0
2018-08-20,XLES.MI,335.1400146484375,335.1400146484375,335.1400146484375,335.1400146484375,0
2018-08-21,XLES.MI,333.75,336.54998779296875,333.75,336.54998779296875,32
2018-08-22,XLES.MI,336.54998779296875,336.54998779296875,336.54998779296875,336.54998779296875,0
2018-08-23,XLES.MI,336.5799865722656,336.5799865722656,334.6099853515625,334.989990234375,275
2018-08-24,XLES.MI,337.82000732421875,338.7200012207031,337.239990234375,338.45001220703125,2068
2018-08-27,XLES.MI,337.7300109863281,337.82000732421875,336.9100036621094,337.19000244140625,559
2018-08-28,XLES.MI,337.42999267578125,338.19000244140625,337.2099914550781,337.2099914550781,148
2018-08-29,XLES.MI,336.9599914550781,338.0199890136719,336.4599914550781,338.0199890136719,865
2018-08-30,XLES.MI,338.7900085449219,339.1300048828125,337.25,337.3399963378906,673
2018-08-31,XLES.MI,336.9800109863281,336.9800109863281,335.8599853515625,336.3500061035156,1295
2018-09-03,XLES.MI,337.6600036621094,338.0400085449219,337.1300048828125,337.1300048828125,11
2018-09-04,XLES.MI,339.6099853515625,340.5899963378906,336.80999755859375,336.80999755859375,380
2018-09-05,XLES.MI,335.1099853515625,335.1099853515625,331.260009765625,332.0899963378906,170
2018-09-06,XLES.MI,332.80999755859375,333.29998779296875,330.94000244140625,330.94000244140625,515
2018-09-07,XLES.MI,328.5899963378906,329.3599853515625,327.9800109863281,329.3599853515625,674
2018-09-10,XLES.MI,331.0199890136719,331.0199890136719,329.3999938964844,329.8399963378906,125
2018-09-11,XLES.MI,328.8999938964844,331.4599914550781,328.57000732421875,331.1199951171875,237
2018-09-12,XLES.MI,333.8299865722656,335.6300048828125,333.0199890136719,334.8699951171875,346
2018-09-13,XLES.MI,332.69000244140625,332.69000244140625,329.5299987792969,329.5299987792969,759
2018-09-14,XLES.MI,332.3599853515625,333.6700134277344,332.3599853515625,333.6700134277344,33
2018-09-17,XLES.MI,334.9599914550781,335.6499938964844,334.510009765625,335.010009765625,837
2018-09-18,XLES.MI,337.1499938964844,337.1499938964844,335.1600036621094,336.7900085449219,518
2018-09-19,XLES.MI,335.7900085449219,338.0199890136719,335.6400146484375,337.8299865722656,457
2018-09-20,XLES.MI,338.1000061035156,338.1000061035156,334.4100036621094,335.05999755859375,803
2018-09-21,XLES.MI,335.5,337.8900146484375,335.5,336.54998779296875,376
2018-09-24,XLES.MI,338.8900146484375,340.8500061035156,338.8900146484375,340.3500061035156,226
2018-09-25,XLES.MI,343.2300109863281,344.70001220703125,343.2300109863281,344.70001220703125,345
2018-09-26,XLES.MI,344.1099853515625,344.8900146484375,343.3500061035156,343.4700012207031,152
2018-09-27,XLES.MI,343.44000244140625,343.9200134277344,342.94000244140625,343.9200134277344,501
2018-09-28,XLES.MI,345.9100036621094,347.42999267578125,345.9100036621094,347.42999267578125,1
2018-10-01,XLES.MI,346.17999267578125,350.45001220703125,346.17999267578125,350.45001220703125,48
2018-10-02,XLES.MI,352.0899963378906,353.0,350.5400085449219,350.5400085449219,518
2018-10-03,XLES.MI,352.1300048828125,355.45001220703125,352.1300048828125,354.5299987792969,279
2018-10-04,XLES.MI,355.9700012207031,356.239990234375,354.04998779296875,355.6199951171875,223
2018-10-05,XLES.MI,355.5400085449219,355.5400085449219,353.9800109863281,354.5199890136719,41
2018-10-08,XLES.MI,354.0199890136719,354.8399963378906,352.3999938964844,354.55999755859375,3051
2018-10-09,XLES.MI,355.80999755859375,357.6400146484375,355.54998779296875,357.6300048828125,139
2018-10-10,XLES.MI,357.6300048828125,357.6300048828125,357.6300048828125,357.6300048828125,0
2018-10-11,XLES.MI,338.5,341.8399963378906,334.6499938964844,334.6499938964844,944
2018-10-12,XLES.MI,337.20001220703125,337.7099914550781,334.3500061035156,334.4700012207031,1009
2018-10-15,XLES.MI,333.44000244140625,333.44000244140625,330.6099853515625,333.1000061035156,25
2018-10-16,XLES.MI,330.5899963378906,332.9200134277344,329.7099914550781,332.9200134277344,62
2018-10-17,XLES.MI,333.95001220703125,333.95001220703125,330.8900146484375,330.8900146484375,634
2018-10-18,XLES.MI,330.9700012207031,333.6300048828125,330.9700012207031,333.3900146484375,9
2018-10-19,XLES.MI,333.2200012207031,333.2200012207031,331.8999938964844,331.8999938964844,1454
2018-10-22,XLES.MI,327.7799987792969,329.0400085449219,323.8500061035156,325.17999267578125,926
2018-10-23,XLES.MI,322.25,322.260009765625,313.8299865722656,315.010009765625,1433
2018-10-24,XLES.MI,316.3500061035156,319.6499938964844,313.0400085449219,313.0400085449219,3429
2018-10-25,XLES.MI,306.489990234375,311.1199951171875,305.95001220703125,311.1199951171875,2000
2018-10-26,XLES.MI,307.5,308.010009765625,306.1000061035156,307.5,717
2018-10-29,XLES.MI,309.6199951171875,310.6000061035156,307.0199890136719,307.0199890136719,403
2018-10-30,XLES.MI,304.04998779296875,305.9100036621094,300.3999938964844,305.9100036621094,2850
2018-10-31,XLES.MI,312.32000732421875,316.2699890136719,312.32000732421875,315.3599853515625,234
2018-11-01,XLES.MI,311.3699951171875,313.54998779296875,309.79998779296875,310.2799987792969,437
2018-11-02,XLES.MI,313.2699890136719,315.6199951171875,311.8999938964844,312.1600036621094,936
2018-11-05,XLES.MI,311.5199890136719,316.67999267578125,311.5199890136719,316.489990234375,726
2018-11-06,XLES.MI,317.2300109863281,317.4599914550781,315.55999755859375,315.55999755859375,20
2018-11-07,XLES.MI,320.2099914550781,320.2099914550781,317.57000732421875,317.57000732421875,116
2018-11-08,XLES.MI,323.1000061035156,323.1000061035156,320.8500061035156,321.07000732421875,33
2018-11-09,XLES.MI,316.19000244140625,317.6400146484375,313.489990234375,317.6400146484375,14
2018-11-12,XLES.MI,321.0400085449219,321.0400085449219,316.2300109863281,316.2300109863281,141
2018-11-13,XLES.MI,313.1300048828125,313.1300048828125,309.6000061035156,311.2699890136719,63
2018-11-14,XLES.MI,307.25,309.42999267578125,303.9700012207031,303.9700012207031,164
2018-11-15,XLES.MI,302.19000244140625,305.1700134277344,301.9700012207031,305.1700134277344,1931
2018-11-16,XLES.MI,309.3599853515625,310.44000244140625,307.3999938964844,308.04998779296875,343
2018-11-19,XLES.MI,308.04998779296875,308.04998779296875,308.04998779296875,308.04998779296875,0
2018-11-20,XLES.MI,305.3599853515625,306.79998779296875,300.1400146484375,302.29998779296875,1261
2018-11-21,XLES.MI,302.55999755859375,304.3599853515625,302.55999755859375,304.3599853515625,193
2018-11-22,XLES.MI,303.4100036621094,303.4100036621094,301.57000732421875,301.57000732421875,513
2018-11-23,XLES.MI,302.05999755859375,302.07000732421875,295.6300048828125,296.05999755859375,753
2018-11-26,XLES.MI,295.82000732421875,300.8299865722656,295.82000732421875,300.8299865722656,205
2018-11-27,XLES.MI,300.1300048828125,301.8399963378906,299.2900085449219,301.8399963378906,1163
2018-11-28,XLES.MI,301.989990234375,302.0,301.3999938964844,301.8800048828125,1016
2018-11-29,XLES.MI,301.75,305.1000061035156,301.4700012207031,305.05999755859375,1923
2018-11-30,XLES.MI,304.95001220703125,304.95001220703125,303.010009765625,304.8399963378906,233
2018-12-03,XLES.MI,313.1099853515625,314.0199890136719,310.0,310.0,314
2018-12-04,XLES.MI,311.95001220703125,312.0299987792969,310.69000244140625,310.69000244140625,602
2018-12-05,XLES.MI,305.44000244140625,306.010009765625,304.5299987792969,304.9200134277344,1180
2018-12-06,XLES.MI,300.9700012207031,300.9700012207031,291.0299987792969,291.0299987792969,2780
2018-12-07,XLES.MI,294.0,305.25,293.4200134277344,299.760009765625,3119
2018-12-10,XLES.MI,292.8999938964844,293.0299987792969,284.8699951171875,285.57000732421875,247
2018-12-11,XLES.MI,290.8800048828125,294.4100036621094,290.8800048828125,292.260009765625,640
2018-12-12,XLES.MI,296.3900146484375,297.57000732421875,295.510009765625,296.95001220703125,858
2018-12-13,XLES.MI,291.7799987792969,293.45001220703125,291.0,293.45001220703125,947
2018-12-14,XLES.MI,291.1000061035156,293.5799865722656,291.0899963378906,291.0899963378906,287
2018-12-17,XLES.MI,287.29998779296875,288.0,283.3299865722656,287.2099914550781,2291
2018-12-18,XLES.MI,280.8699951171875,280.8699951171875,277.29998779296875,277.29998779296875,234
2018-12-19,XLES.MI,274.54998779296875,277.0,274.54998779296875,276.54998779296875,769
2018-12-20,XLES.MI,266.6700134277344,266.94000244140625,265.20001220703125,266.510009765625,1004
2018-12-21,XLES.MI,261.2799987792969,264.6400146484375,260.7799987792969,264.6400146484375,1598
2018-12-27,XLES.MI,260.32000732421875,260.3399963378906,259.25,260.3399963378906,8
2018-12-28,XLES.MI,266.69000244140625,267.3500061035156,262.7200012207031,264.42999267578125,123
2019-01-02,XLES.MI,261.29998779296875,271.8699951171875,260.82000732421875,271.8699951171875,691
2019-01-03,XLES.MI,269.2200012207031,272.9800109863281,268.6199951171875,268.6199951171875,2080
2019-01-04,XLES.MI,272.80999755859375,273.9800109863281,272.80999755859375,273.4800109863281,213
2019-01-07,XLES.MI,278.489990234375,280.05999755859375,275.4700012207031,279.7900085449219,167
2019-01-08,XLES.MI,282.75,284.2799987792969,282.5899963378906,283.67999267578125,224
2019-01-09,XLES.MI,286.05999755859375,286.05999755859375,283.5899963378906,285.05999755859375,433
2019-01-10,XLES.MI,283.0400085449219,285.8299865722656,282.4200134277344,285.57000732421875,154
2019-01-11,XLES.MI,287.94000244140625,288.1300048828125,285.5199890136719,285.5199890136719,386
2019-01-14,XLES.MI,282.989990234375,284.9200134277344,282.989990234375,284.9200134277344,242
2019-01-15,XLES.MI,288.8699951171875,288.8699951171875,287.6199951171875,288.5400085449219,98
2019-01-16,XLES.MI,288.5899963378906,288.7300109863281,287.92999267578125,288.2900085449219,68
2019-01-17,XLES.MI,286.4200134277344,288.6000061035156,286.4200134277344,288.6000061035156,50
2019-01-18,XLES.MI,293.17999267578125,296.75,293.17999267578125,296.75,1052
2019-01-21,XLES.MI,296.9100036621094,296.9100036621094,296.75,296.75,28
2019-01-22,XLES.MI,295.5400085449219,295.5400085449219,292.6700134277344,292.6700134277344,28
2019-01-23,XLES.MI,292.54998779296875,292.9100036621094,288.0299987792969,288.0299987792969,211
2019-01-24,XLES.MI,288.57000732421875,291.19000244140625,287.82000732421875,291.19000244140625,1282
2019-01-25,XLES.MI,291.19000244140625,291.19000244140625,291.19000244140625,291.19000244140625,0
2019-01-28,XLES.MI,291.5899963378906,291.5899963378906,286.8500061035156,287.4200134277344,702
2019-01-29,XLES.MI,290.1400146484375,290.79998779296875,290.1400146484375,290.45001220703125,131
2019-01-30,XLES.MI,290.05999755859375,292.92999267578125,290.05999755859375,292.3399963378906,685
2019-01-31,XLES.MI,292.70001220703125,295.8800048828125,292.1400146484375,295.8800048828125,1440
2019-02-01,XLES.MI,294.20001220703125,299.5400085449219,294.20001220703125,299.5299987792969,484
2019-02-04,XLES.MI,300.79998779296875,300.989990234375,298.95001220703125,298.9700012207031,883
2019-02-05,XLES.MI,303.3399963378906,303.3399963378906,301.2099914550781,301.2099914550781,188
2019-02-06,XLES.MI,300.29998779296875,301.7799987792969,300.29998779296875,301.30999755859375,36
2019-02-07,XLES.MI,294.4700012207031,295.3500061035156,294.3699951171875,294.3699951171875,415
2019-02-08,XLES.MI,293.3500061035156,293.6600036621094,290.4200134277344,290.4200134277344,1460
2019-02-11,XLES.MI,294.760009765625,295.55999755859375,293.05999755859375,295.55999755859375,144
2019-02-12,XLES.MI,298.7200012207031,299.70001220703125,298.30999755859375,298.30999755859375,590
2019-02-13,XLES.MI,304.75,304.75,304.6300048828125,304.6300048828125,168
2019-02-14,XLES.MI,304.9200134277344,306.8800048828125,303.7099914550781,305.1000061035156,879
2019-02-15,XLES.MI,305.1000061035156,305.1000061035156,305.1000061035156,305.1000061035156,0
2019-02-18,XLES.MI,305.1000061035156,305.1000061035156,305.1000061035156,305.1000061035156,0
2019-02-19,XLES.MI,307.04998779296875,307.239990234375,307.010009765625,307.239990234375,105
2019-02-20,XLES.MI,308.70001220703125,310.7900085449219,308.3500061035156,310.2799987792969,731
2019-02-21,XLES.MI,309.6700134277344,309.6700134277344,307.70001220703125,307.70001220703125,32
2019-02-22,XLES.MI,307.0400085449219,308.1099853515625,306.010009765625,306.010009765625,1078
2019-02-25,XLES.MI,306.010009765625,306.010009765625,306.010009765625,306.010009765625,0
2019-02-26,XLES.MI,305.8399963378906,307.79998779296875,305.79998779296875,307.1499938964844,1081
2019-02-27,XLES.MI,303.3800048828125,307.4700012207031,303.3800048828125,307.4700012207031,12
2019-02-28,XLES.MI,305.1700134277344,305.1700134277344,301.4800109863281,301.7799987792969,45
2019-03-01,XLES.MI,304.42999267578125,305.29998779296875,303.8399963378906,305.29998779296875,54
2019-03-04,XLES.MI,310.0199890136719,310.3500061035156,309.05999755859375,309.05999755859375,667
2019-03-05,XLES.MI,310.3299865722656,310.3299865722656,308.4700012207031,308.8399963378906,472
2019-03-06,XLES.MI,308.3599853515625,309.05999755859375,306.04998779296875,306.04998779296875,206
2019-03-07,XLES.MI,305.760009765625,305.8800048828125,304.8599853515625,305.8800048828125,20
2019-03-08,XLES.MI,303.70001220703125,303.70001220703125,297.54998779296875,298.8399963378906,425
2019-03-11,XLES.MI,299.8999938964844,304.3699951171875,299.8999938964844,304.1000061035156,94
2019-03-12,XLES.MI,304.6000061035156,305.2099914550781,304.3999938964844,305.2099914550781,88
2019-03-13,XLES.MI,306.3399963378906,306.3399963378906,305.3599853515625,305.3599853515625,3
2019-03-14,XLES.MI,307.7200012207031,308.3999938964844,307.7200012207031,308.1199951171875,203
2019-03-15,XLES.MI,307.4599914550781,307.5400085449219,307.3999938964844,307.5400085449219,169
2019-03-18,XLES.MI,307.5299987792969,310.6700134277344,307.5299987792969,310.6700134277344,24
2019-03-19,XLES.MI,312.0400085449219,312.75,312.0400085449219,312.75,564
2019-03-20,XLES.MI,309.6400146484375,311.8399963378906,309.20001220703125,311.5799865722656,805
2019-03-21,XLES.MI,310.1199951171875,313.69000244140625,310.1199951171875,313.5,356
2019-03-22,XLES.MI,314.54998779296875,314.54998779296875,307.3500061035156,307.3500061035156,150
2019-03-25,XLES.MI,307.7799987792969,307.7799987792969,306.6000061035156,307.489990234375,668
2019-03-26,XLES.MI,310.6700134277344,313.1000061035156,310.1099853515625,312.6400146484375,81
2019-03-27,XLES.MI,313.6199951171875,313.6199951171875,309.79998779296875,311.2099914550781,565
2019-03-28,XLES.MI,311.6300048828125,312.3500061035156,310.1300048828125,311.69000244140625,444
2019-03-29,XLES.MI,314.20001220703125,314.20001220703125,313.42999267578125,313.42999267578125,10
2019-04-01,XLES.MI,314.5799865722656,317.1099853515625,314.5799865722656,317.1099853515625,15
2019-04-02,XLES.MI,318.45001220703125,318.45001220703125,316.739990234375,316.739990234375,285
2019-04-03,XLES.MI,314.8999938964844,314.8999938964844,314.05999755859375,314.05999755859375,2
2019-04-04,XLES.MI,311.4800109863281,312.2799987792969,310.8699951171875,312.2799987792969,220
2019-04-05,XLES.MI,317.20001220703125,318.760009765625,317.20001220703125,318.760009765625,26
2019-04-08,XLES.MI,319.760009765625,319.7799987792969,319.3500061035156,319.7799987792969,54
2019-04-09,XLES.MI,319.7799987792969,319.7799987792969,319.7799987792969,319.7799987792969,0
2019-04-10,XLES.MI,318.0,319.0,317.5299987792969,317.5299987792969,35
2019-04-11,XLES.MI,316.739990234375,317.6199951171875,316.739990234375,317.1400146484375,466
2019-04-12,XLES.MI,318.989990234375,320.9599914550781,318.0199890136719,318.0199890136719,2362
2019-04-15,XLES.MI,317.3299865722656,317.94000244140625,316.8500061035156,316.9800109863281,724
2019-04-16,XLES.MI,317.1700134277344,317.9599914550781,317.1499938964844,317.32000732421875,420
2019-04-17,XLES.MI,318.6600036621094,319.9200134277344,318.6499938964844,319.739990234375,577
2019-04-18,XLES.MI,317.7300109863281,320.8500061035156,317.7300109863281,317.80999755859375,1450
2019-04-23,XLES.MI,324.04998779296875,325.42999267578125,323.8699951171875,325.42999267578125,639
2019-04-24,XLES.MI,324.70001220703125,325.7200012207031,322.3599853515625,322.6300048828125,77
2019-04-25,XLES.MI,322.0799865722656,322.1499938964844,321.05999755859375,322.1499938964844,128
2019-04-26,XLES.MI,319.0199890136719,319.2200012207031,313.67999267578125,314.6300048828125,684
2019-04-29,XLES.MI,317.04998779296875,317.04998779296875,314.8500061035156,315.1600036621094,1748
2019-04-30,XLES.MI,315.9800109863281,316.9800109863281,314.69000244140625,315.2900085449219,2885
2019-05-02,XLES.MI,307.05999755859375,307.3500061035156,304.0299987792969,304.0299987792969,515
2019-05-03,XLES.MI,304.1499938964844,306.70001220703125,303.4800109863281,305.9100036621094,2304
2019-05-06,XLES.MI,300.2300109863281,305.0400085449219,299.80999755859375,305.0400085449219,2292
2019-05-07,XLES.MI,302.2200012207031,303.0,299.3999938964844,300.510009765625,991
2019-05-08,XLES.MI,302.54998779296875,303.5400085449219,302.54998779296875,303.5400085449219,137
2019-05-09,XLES.MI,301.7699890136719,302.1000061035156,298.7200012207031,298.7200012207031,1898
2019-05-10,XLES.MI,298.7200012207031,298.7200012207031,298.7200012207031,298.7200012207031,0
2019-05-13,XLES.MI,300.8599853515625,301.79998779296875,297.8299865722656,297.8299865722656,1462
2019-05-14,XLES.MI,299.6400146484375,302.989990234375,299.19000244140625,302.989990234375,302
2019-05-15,XLES.MI,301.3500061035156,302.8699951171875,300.489990234375,302.8699951171875,477
2019-05-16,XLES.MI,304.0899963378906,306.9599914550781,304.0899963378906,306.9599914550781,517
2019-05-17,XLES.MI,305.5400085449219,305.5400085449219,305.3299865722656,305.3299865722656,217
2019-05-20,XLES.MI,303.1099853515625,303.6199951171875,302.1000061035156,302.79998779296875,1098
2019-05-21,XLES.MI,305.55999755859375,307.05999755859375,304.17999267578125,307.05999755859375,1249
2019-05-22,XLES.MI,305.6400146484375,305.6400146484375,303.8999938964844,303.8999938964844,1378
2019-05-23,XLES.MI,299.8699951171875,299.8699951171875,291.80999755859375,291.80999755859375,1211
2019-05-24,XLES.MI,293.07000732421875,293.07000732421875,289.3399963378906,290.0799865722656,16
2019-05-27,XLES.MI,291.8999938964844,292.0400085449219,291.8999938964844,292.0400085449219,177
2019-05-28,XLES.MI,292.7699890136719,292.7699890136719,291.57000732421875,291.57000732421875,39
2019-05-29,XLES.MI,286.45001220703125,286.8599853515625,285.9100036621094,285.95001220703125,291
2019-05-30,XLES.MI,289.05999755859375,289.2099914550781,284.1199951171875,284.1199951171875,170
2019-05-31,XLES.MI,280.0,282.739990234375,280.0,282.739990234375,843
2019-06-03,XLES.MI,279.3999938964844,280.7900085449219,279.0299987792969,280.4700012207031,2964
2019-06-04,XLES.MI,281.7300109863281,285.5199890136719,281.6499938964844,285.5199890136719,1747
2019-06-05,XLES.MI,284.05999755859375,284.4100036621094,281.0799865722656,281.0799865722656,189
2019-06-06,XLES.MI,283.92999267578125,284.6199951171875,282.760009765625,284.20001220703125,1817
2019-06-07,XLES.MI,287.1600036621094,287.1600036621094,285.20001220703125,285.2799987792969,39
2019-06-10,XLES.MI,285.2799987792969,285.2799987792969,285.2799987792969,285.2799987792969,0
2019-06-11,XLES.MI,288.30999755859375,290.1000061035156,288.30999755859375,290.1000061035156,566
2019-06-12,XLES.MI,284.5899963378906,286.1099853515625,284.5899963378906,284.8800048828125,366
2019-06-13,XLES.MI,286.5199890136719,288.79998779296875,286.5199890136719,288.3900146484375,1342
2019-06-14,XLES.MI,287.9599914550781,288.8699951171875,287.9599914550781,288.0899963378906,233
2019-06-17,XLES.MI,286.3699951171875,289.3399963378906,286.3699951171875,289.3399963378906,2
2019-06-18,XLES.MI,291.0299987792969,296.45001220703125,290.8500061035156,295.0,932
2019-06-19,XLES.MI,294.2900085449219,294.2900085449219,293.989990234375,293.989990234375,73
2019-06-20,XLES.MI,295.75,299.05999755859375,295.0799865722656,299.05999755859375,2146
2019-06-21,XLES.MI,299.1300048828125,300.8599853515625,298.3399963378906,300.8599853515625,116
2019-06-24,XLES.MI,298.3299865722656,298.94000244140625,295.1199951171875,295.1199951171875,569
2019-06-25,XLES.MI,295.05999755859375,295.05999755859375,294.30999755859375,294.7200012207031,216
2019-06-26,XLES.MI,297.1099853515625,300.3299865722656,297.1099853515625,300.3299865722656,1032
2019-06-27,XLES.MI,298.1400146484375,298.2900085449219,297.8299865722656,298.1199951171875,452
2019-06-28,XLES.MI,296.9100036621094,297.6099853515625,296.9100036621094,297.6099853515625,684
2019-07-01,XLES.MI,304.8399963378906,304.8399963378906,303.1400146484375,303.1400146484375,358
2019-07-02,XLES.MI,302.6199951171875,302.8999938964844,297.25,297.25,694
2019-07-03,XLES.MI,297.05999755859375,297.510009765625,297.05999755859375,297.510009765625,72
2019-07-04,XLES.MI,299.489990234375,299.489990234375,299.3999938964844,299.3999938964844,26
2019-07-05,XLES.MI,298.45001220703125,299.6099853515625,298.45001220703125,299.2300109863281,1307
2019-07-08,XLES.MI,301.5199890136719,301.6099853515625,301.5199890136719,301.6099853515625,3
2019-07-09,XLES.MI,301.1300048828125,301.6099853515625,299.7300109863281,301.3800048828125,540
2019-07-10,XLES.MI,302.5,302.8800048828125,302.5,302.6700134277344,2
2019-07-11,XLES.MI,305.3999938964844,305.510009765625,304.2300109863281,304.2300109863281,954
2019-07-12,XLES.MI,306.5199890136719,306.5199890136719,305.3900146484375,306.3399963378906,26
2019-07-15,XLES.MI,306.3699951171875,307.1499938964844,304.42999267578125,304.5299987792969,510
2019-07-16,XLES.MI,305.19000244140625,305.19000244140625,303.6300048828125,303.6300048828125,2
2019-07-17,XLES.MI,301.0199890136719,301.9800109863281,298.7900085449219,299.07000732421875,366
2019-07-18,XLES.MI,296.6499938964844,297.70001220703125,295.5199890136719,295.5199890136719,1456
2019-07-19,XLES.MI,298.1700134277344,298.57000732421875,296.8699951171875,298.3500061035156,2032
2019-07-22,XLES.MI,300.4700012207031,301.3299865722656,299.17999267578125,299.17999267578125,2845
2019-07-23,XLES.MI,302.3699951171875,302.45001220703125,302.32000732421875,302.45001220703125,2
2019-07-24,XLES.MI,303.1400146484375,305.70001220703125,302.3399963378906,305.70001220703125,1688
2019-07-25,XLES.MI,305.760009765625,307.75,301.6300048828125,301.6300048828125,706
2019-07-26,XLES.MI,300.3900146484375,300.3900146484375,300.1499938964844,300.1499938964844,1654
2019-07-29,XLES.MI,299.6099853515625,299.6099853515625,297.4700012207031,297.8599853515625,982
2019-07-30,XLES.MI,298.0799865722656,298.32000732421875,296.6499938964844,298.32000732421875,1218
2019-07-31,XLES.MI,302.2900085449219,304.32000732421875,302.04998779296875,304.32000732421875,135
2019-08-01,XLES.MI,302.2900085449219,302.2900085449219,299.739990234375,299.739990234375,192
2019-08-02,XLES.MI,294.44000244140625,296.94000244140625,289.94000244140625,290.239990234375,2067
2019-08-05,XLES.MI,286.989990234375,286.989990234375,281.6600036621094,282.2300109863281,3242
2019-08-06,XLES.MI,279.29998779296875,282.5,277.3900146484375,277.3900146484375,1623
2019-08-07,XLES.MI,278.94000244140625,279.489990234375,273.17999267578125,273.4700012207031,2322
2019-08-08,XLES.MI,277.79998779296875,280.6099853515625,277.79998779296875,280.0,1416
2019-08-09,XLES.MI,284.1600036621094,284.7699890136719,280.0400085449219,280.0400085449219,1007
2019-08-12,XLES.MI,280.1000061035156,280.1000061035156,276.92999267578125,276.92999267578125,25
2019-08-13,XLES.MI,277.1600036621094,282.57000732421875,276.1600036621094,281.7200012207031,827
2019-08-14,XLES.MI,279.8699951171875,279.8699951171875,272.1199951171875,273.1600036621094,1079
2019-08-16,XLES.MI,273.1600036621094,273.1600036621094,273.1600036621094,273.1600036621094,0
2019-08-19,XLES.MI,277.260009765625,279.7900085449219,277.260009765625,279.7900085449219,911
2019-08-20,XLES.MI,279.75,280.6000061035156,278.67999267578125,278.67999267578125,386
2019-08-21,XLES.MI,278.9100036621094,280.6000061035156,278.9100036621094,279.4700012207031,1409
2019-08-22,XLES.MI,280.5799865722656,281.2799987792969,280.260009765625,280.260009765625,2237
2019-08-23,XLES.MI,274.95001220703125,277.0899963378906,271.7699890136719,271.7699890136719,3500
2019-08-26,XLES.MI,269.3399963378906,271.6300048828125,268.57000732421875,269.57000732421875,8780
2019-08-27,XLES.MI,269.4599914550781,272.07000732421875,269.29998779296875,269.29998779296875,640
2019-08-28,XLES.MI,268.6600036621094,272.5899963378906,268.6600036621094,272.5899963378906,1512
2019-08-29,XLES.MI,274.0199890136719,277.5299987792969,274.0199890136719,277.5199890136719,1926
2019-08-30,XLES.MI,277.92999267578125,280.54998779296875,277.6700134277344,278.0400085449219,2020
2019-09-02,XLES.MI,278.94000244140625,278.94000244140625,277.6600036621094,277.6600036621094,1
2019-09-03,XLES.MI,277.0400085449219,277.69000244140625,274.5,275.6499938964844,2285
2019-09-04,XLES.MI,280.1600036621094,280.8299865722656,279.8800048828125,280.75,3644
2019-09-05,XLES.MI,281.739990234375,286.3399963378906,281.4599914550781,286.3399963378906,2450
2019-09-06,XLES.MI,284.42999267578125,284.42999267578125,281.2900085449219,284.010009765625,3203
2019-09-09,XLES.MI,286.20001220703125,290.4100036621094,286.20001220703125,290.4100036621094,1662
2019-09-10,XLES.MI,290.989990234375,297.2200012207031,290.489990234375,297.2200012207031,6214
2019-09-11,XLES.MI,296.4800109863281,299.3900146484375,296.0899963378906,297.8299865722656,2136
2019-09-12,XLES.MI,296.8999938964844,296.8999938964844,290.6000061035156,293.0299987792969,2976
2019-09-13,XLES.MI,292.57000732421875,295.6000061035156,292.57000732421875,293.4800109863281,3337
2019-09-16,XLES.MI,298.0,310.79998779296875,298.0,305.0899963378906,13267
2019-09-17,XLES.MI,306.9599914550781,307.2900085449219,302.29998779296875,302.29998779296875,3408
2019-09-18,XLES.MI,300.55999755859375,300.6400146484375,298.3299865722656,298.57000732421875,1898
2019-09-19,XLES.MI,299.510009765625,301.510009765625,298.3699951171875,298.3699951171875,1678
2019-09-20,XLES.MI,299.79998779296875,300.3800048828125,299.25,300.30999755859375,352
2019-09-23,XLES.MI,299.75,300.989990234375,298.95001220703125,300.0,2219
2019-09-24,XLES.MI,301.19000244140625,301.19000244140625,297.05999755859375,297.1700134277344,1901
2019-09-25,XLES.MI,295.3399963378906,296.5299987792969,294.6600036621094,296.5299987792969,155
2019-09-26,XLES.MI,296.6000061035156,296.6000061035156,292.7200012207031,292.7200012207031,1769
2019-09-27,XLES.MI,295.7300109863281,295.7300109863281,291.70001220703125,294.92999267578125,2245
2019-09-30,XLES.MI,294.1700134277344,294.1700134277344,293.30999755859375,293.57000732421875,841
2019-10-01,XLES.MI,293.510009765625,293.510009765625,289.239990234375,289.9200134277344,382
2019-10-02,XLES.MI,283.2200012207031,283.2300109863281,279.3299865722656,279.3299865722656,4439
2019-10-03,XLES.MI,277.1199951171875,277.5,274.0299987792969,276.1199951171875,3774
2019-10-04,XLES.MI,279.8299865722656,280.17999267578125,279.0899963378906,279.1000061035156,708
2019-10-07,XLES.MI,281.07000732421875,282.25,280.1099853515625,282.25,2186
2019-10-08,XLES.MI,276.5,277.25,275.4100036621094,276.17999267578125,3032
2019-10-09,XLES.MI,275.95001220703125,277.489990234375,275.95001220703125,277.44000244140625,1089
2019-10-10,XLES.MI,275.5899963378906,278.489990234375,275.1099853515625,278.489990234375,2960
2019-10-11,XLES.MI,282.9100036621094,283.80999755859375,281.4700012207031,283.80999755859375,2127
2019-10-14,XLES.MI,282.0,282.0,279.760009765625,281.6199951171875,3652
2019-10-15,XLES.MI,282.07000732421875,285.4100036621094,281.9100036621094,285.4100036621094,3191
2019-10-16,XLES.MI,282.0400085449219,283.25,282.0199890136719,282.0199890136719,74
2019-10-17,XLES.MI,278.7699890136719,278.8900146484375,277.54998779296875,278.55999755859375,2095
2019-10-18,XLES.MI,277.7300109863281,278.20001220703125,276.8900146484375,277.5799865722656,2858
2019-10-21,XLES.MI,275.260009765625,278.9100036621094,275.260009765625,278.9100036621094,2895
2019-10-22,XLES.MI,281.1600036621094,284.55999755859375,281.1400146484375,284.55999755859375,1914
2019-10-23,XLES.MI,285.4100036621094,286.6400146484375,284.32000732421875,286.0799865722656,831
2019-10-24,XLES.MI,286.42999267578125,288.9599914550781,286.3399963378906,287.1499938964844,1749
2019-10-25,XLES.MI,287.8399963378906,290.20001220703125,287.54998779296875,290.20001220703125,550
2019-10-28,XLES.MI,289.1600036621094,291.7099914550781,287.8999938964844,287.8999938964844,1221
2019-10-29,XLES.MI,287.1300048828125,289.9800109863281,285.75,289.9800109863281,6007
2019-10-30,XLES.MI,288.260009765625,289.3699951171875,283.45001220703125,283.45001220703125,3712
2019-10-31,XLES.MI,280.3500061035156,281.0199890136719,278.17999267578125,278.8599853515625,9964
2019-11-01,XLES.MI,285.2900085449219,285.3500061035156,285.2900085449219,285.3500061035156,513
2019-11-04,XLES.MI,287.95001220703125,295.989990234375,287.95001220703125,295.989990234375,821
2019-11-05,XLES.MI,298.45001220703125,299.989990234375,297.69000244140625,299.989990234375,3708
2019-11-06,XLES.MI,297.20001220703125,298.04998779296875,294.05999755859375,294.05999755859375,837
2019-11-07,XLES.MI,293.95001220703125,296.54998779296875,293.25,295.8299865722656,3398
2019-11-08,XLES.MI,295.8999938964844,296.6700134277344,294.1000061035156,294.55999755859375,172
2019-11-11,XLES.MI,294.3599853515625,294.4200134277344,293.45001220703125,294.4200134277344,174
2019-11-12,XLES.MI,296.2300109863281,297.7200012207031,296.2300109863281,296.7200012207031,747
2019-11-13,XLES.MI,292.4599914550781,293.1400146484375,292.260009765625,292.3900146484375,66
2019-11-14,XLES.MI,293.1400146484375,293.9100036621094,292.260009765625,292.260009765625,787
2019-11-15,XLES.MI,291.5899963378906,293.4200134277344,291.5899963378906,293.4200134277344,314
2019-11-18,XLES.MI,292.6600036621094,293.1600036621094,287.9100036621094,287.9100036621094,85
2019-11-19,XLES.MI,289.239990234375,289.239990234375,285.4800109863281,285.4800109863281,535
2019-11-20,XLES.MI,284.489990234375,287.95001220703125,283.8299865722656,287.95001220703125,1080
2019-11-21,XLES.MI,286.6700134277344,289.9200134277344,286.4200134277344,288.92999267578125,4013
2019-11-22,XLES.MI,293.04998779296875,294.25,291.9200134277344,292.8299865722656,1688
2019-11-25,XLES.MI,292.5,293.6000061035156,291.80999755859375,293.6000061035156,2112
2019-11-26,XLES.MI,293.20001220703125,293.3399963378906,291.1400146484375,291.1400146484375,2497
2019-11-27,XLES.MI,291.010009765625,291.8500061035156,289.8299865722656,289.8299865722656,1002
2019-11-28,XLES.MI,291.0899963378906,291.0899963378906,290.6499938964844,290.6499938964844,3
2019-11-29,XLES.MI,290.7099914550781,290.7099914550781,287.2699890136719,287.6700134277344,116
2019-12-02,XLES.MI,290.6400146484375,290.6400146484375,287.1600036621094,287.95001220703125,2148
2019-12-03,XLES.MI,286.3900146484375,286.5899963378906,281.260009765625,282.55999755859375,2563
2019-12-04,XLES.MI,283.6600036621094,286.07000732421875,282.8999938964844,285.7099914550781,7115
2019-12-05,XLES.MI,287.0199890136719,287.7099914550781,284.8900146484375,284.8900146484375,2138
2019-12-06,XLES.MI,289.0400085449219,291.489990234375,289.0400085449219,291.44000244140625,232
2019-12-09,XLES.MI,289.0899963378906,291.82000732421875,289.0,291.82000732421875,413
2019-12-10,XLES.MI,290.69000244140625,291.489990234375,290.69000244140625,290.92999267578125,92
2019-12-11,XLES.MI,289.8800048828125,290.6700134277344,289.8800048828125,290.6000061035156,92
2019-12-12,XLES.MI,290.0,295.1400146484375,290.0,295.0899963378906,2505
2019-12-13,XLES.MI,296.19000244140625,296.7300109863281,293.79998779296875,293.79998779296875,1470
2019-12-16,XLES.MI,293.510009765625,297.0,293.510009765625,297.0,62
2019-12-17,XLES.MI,296.1300048828125,298.1199951171875,295.75,298.1199951171875,135
2019-12-18,XLES.MI,296.260009765625,300.0,296.260009765625,300.0,1187
2019-12-19,XLES.MI,298.94000244140625,298.94000244140625,298.9200134277344,298.9200134277344,19
2019-12-20,XLES.MI,298.75,302.55999755859375,298.75,302.55999755859375,235
2019-12-23,XLES.MI,301.8500061035156,303.739990234375,301.8500061035156,303.739990234375,146
2019-12-27,XLES.MI,305.5899963378906,305.5899963378906,303.04998779296875,303.04998779296875,120
2019-12-30,XLES.MI,302.19000244140625,302.20001220703125,301.1600036621094,301.1600036621094,646
2020-01-02,XLES.MI,303.7699890136719,305.0,303.7699890136719,303.8599853515625,871
2020-01-03,XLES.MI,307.0,309.6700134277344,302.9599914550781,302.9599914550781,6198
2020-01-06,XLES.MI,304.9100036621094,304.92999267578125,303.94000244140625,304.92999267578125,5138
2020-01-07,XLES.MI,306.5899963378906,306.5899963378906,304.2699890136719,304.80999755859375,1928
2020-01-08,XLES.MI,308.9599914550781,309.57000732421875,304.010009765625,304.010009765625,5901
2020-01-09,XLES.MI,303.05999755859375,303.3500061035156,299.79998779296875,301.1600036621094,1891
2020-01-10,XLES.MI,305.2699890136719,305.3299865722656,303.67999267578125,304.20001220703125,233
2020-01-13,XLES.MI,303.3399963378906,303.6400146484375,301.82000732421875,302.05999755859375,1479
2020-01-14,XLES.MI,301.82000732421875,302.5899963378906,301.05999755859375,301.9800109863281,806
2020-01-15,XLES.MI,302.1700134277344,302.1700134277344,299.989990234375,300.55999755859375,750
2020-01-16,XLES.MI,301.489990234375,303.0,300.7300109863281,303.0,1358
2020-01-17,XLES.MI,301.92999267578125,302.7200012207031,299.9800109863281,300.3500061035156,214
2020-01-20,XLES.MI,299.7300109863281,299.7699890136719,299.2099914550781,299.7699890136719,110
2020-01-21,XLES.MI,298.1499938964844,298.7900085449219,296.989990234375,296.989990234375,2054
2020-01-22,XLES.MI,295.1300048828125,295.1499938964844,292.32000732421875,292.32000732421875,925
2020-01-23,XLES.MI,290.95001220703125,290.95001220703125,289.7200012207031,289.80999755859375,4099
2020-01-24,XLES.MI,292.2900085449219,292.2900085449219,288.6300048828125,288.7200012207031,668
2020-01-27,XLES.MI,283.45001220703125,283.8900146484375,281.70001220703125,281.70001220703125,3062
2020-01-28,XLES.MI,282.760009765625,283.3699951171875,282.760009765625,282.760009765625,530
2020-01-29,XLES.MI,283.75,283.75,281.8399963378906,282.17999267578125,50
2020-01-30,XLES.MI,277.1700134277344,277.1700134277344,275.44000244140625,277.05999755859375,801
2020-01-31,XLES.MI,279.8500061035156,279.8500061035156,271.5,272.17999267578125,5096
2020-02-03,XLES.MI,272.7200012207031,272.7200012207031,268.3800048828125,268.3800048828125,448
2020-02-04,XLES.MI,271.70001220703125,274.19000244140625,271.70001220703125,272.6700134277344,831
2020-02-05,XLES.MI,273.75,279.54998779296875,273.75,279.54998779296875,199
2020-02-06,XLES.MI,283.1199951171875,283.1199951171875,280.0299987792969,280.0299987792969,1795
2020-02-07,XLES.MI,278.29998779296875,278.3900146484375,276.2200012207031,278.04998779296875,1300
2020-02-10,XLES.MI,274.94000244140625,276.2699890136719,274.70001220703125,275.9800109863281,327
2020-02-11,XLES.MI,278.010009765625,279.67999267578125,278.010009765625,279.5299987792969,411
2020-02-12,XLES.MI,281.4100036621094,285.2099914550781,281.4100036621094,282.67999267578125,886
2020-02-13,XLES.MI,281.9700012207031,285.80999755859375,281.9700012207031,283.489990234375,846
2020-02-14,XLES.MI,284.7900085449219,284.7900085449219,282.8699951171875,283.69000244140625,26
2020-02-17,XLES.MI,283.69000244140625,283.69000244140625,283.69000244140625,283.69000244140625,0
2020-02-18,XLES.MI,282.32000732421875,282.32000732421875,278.989990234375,278.989990234375,1533
2020-02-19,XLES.MI,283.8599853515625,284.3800048828125,282.9800109863281,284.32000732421875,1145
2020-02-20,XLES.MI,285.4700012207031,288.0799865722656,285.4700012207031,287.6300048828125,148
2020-02-21,XLES.MI,283.2799987792969,283.4100036621094,279.45001220703125,279.95001220703125,2021
2020-02-24,XLES.MI,276.8599853515625,277.75,268.8699951171875,268.8699951171875,4061
2020-02-25,XLES.MI,267.7099914550781,268.5,261.3299865722656,261.3299865722656,954
2020-02-26,XLES.MI,258.3999938964844,258.3999938964844,253.99000549316406,254.3699951171875,12699
2020-02-27,XLES.MI,244.64999389648438,244.64999389648438,235.61000061035156,238.42999267578125,6121
2020-02-28,XLES.MI,226.82000732421875,227.0399932861328,223.35000610351562,226.05999755859375,4309
2020-03-02,XLES.MI,236.77000427246094,237.3699951171875,226.85000610351562,233.10000610351562,2906
2020-03-03,XLES.MI,237.9499969482422,238.41000366210938,230.52999877929688,231.30999755859375,4781
2020-03-04,XLES.MI,232.47000122070312,234.97000122070312,231.7899932861328,231.7899932861328,4977
2020-03-05,XLES.MI,232.16000366210938,232.16000366210938,225.66000366210938,226.8000030517578,3205
2020-03-06,XLES.MI,221.0,221.0,209.7100067138672,209.7100067138672,10800
2020-03-09,XLES.MI,174.42999267578125,174.42999267578125,166.00999450683594,170.27000427246094,3052
2020-03-10,XLES.MI,173.5399932861328,176.5,165.4600067138672,165.4600067138672,975
2020-03-11,XLES.MI,170.47999572753906,170.47999572753906,165.41000366210938,167.58999633789062,5615
2020-03-12,XLES.MI,157.32000732421875,157.32000732421875,149.50999450683594,150.55999755859375,7123
2020-03-13,XLES.MI,153.13999938964844,158.5500030517578,143.0,144.72999572753906,5897
2020-03-16,XLES.MI,144.6300048828125,150.4600067138672,137.3000030517578,147.97999572753906,1829
2020-03-17,XLES.MI,148.0,148.0,141.24000549316406,141.24000549316406,1825
2020-03-18,XLES.MI,133.2899932861328,133.2899932861328,126.05999755859375,126.05999755859375,3036
2020-03-19,XLES.MI,125.05000305175781,126.77999877929688,119.7699966430664,126.77999877929688,5982
2020-03-20,XLES.MI,136.41000366210938,138.2100067138672,130.91000366210938,132.27000427246094,3961
2020-03-23,XLES.MI,128.77000427246094,136.77999877929688,122.41000366210938,125.29000091552734,3146
2020-03-24,XLES.MI,131.11000061035156,139.97000122070312,129.0,139.97000122070312,1465
2020-03-25,XLES.MI,145.8699951171875,151.05999755859375,142.07000732421875,151.05999755859375,1591
2020-03-26,XLES.MI,145.60000610351562,157.5800018310547,145.39999389648438,155.9499969482422,6127
2020-03-27,XLES.MI,154.91000366210938,154.91000366210938,145.63999938964844,145.63999938964844,2690
2020-03-30,XLES.MI,142.1999969482422,144.99000549316406,138.6999969482422,144.99000549316406,5778
2020-03-31,XLES.MI,151.36000061035156,152.13999938964844,149.1999969482422,152.13999938964844,382
2020-04-01,XLES.MI,145.0,145.47000122070312,142.75,142.75,107
2020-04-02,XLES.MI,150.36000061035156,157.25,150.36000061035156,154.75,2055
2020-04-03,XLES.MI,156.13999938964844,162.44000244140625,154.22000122070312,154.67999267578125,3976
2020-04-06,XLES.MI,159.2100067138672,160.27000427246094,158.38999938964844,159.05999755859375,186
2020-04-07,XLES.MI,166.99000549316406,173.6999969482422,166.0399932861328,171.69000244140625,2471
2020-04-08,XLES.MI,170.2899932861328,171.3699951171875,165.05999755859375,171.3699951171875,3117
2020-04-09,XLES.MI,181.5,184.66000366210938,176.74000549316406,179.4199981689453,4560
2020-04-14,XLES.MI,179.7899932861328,179.7899932861328,173.36000061035156,173.72000122070312,922
2020-04-15,XLES.MI,167.77999877929688,167.83999633789062,160.36000061035156,160.36000061035156,154
2020-04-16,XLES.MI,166.14999389648438,166.47000122070312,159.97999572753906,160.2899932861328,2471
2020-04-17,XLES.MI,163.1199951171875,168.02000427246094,162.55999755859375,168.02000427246094,2237
2020-04-20,XLES.MI,167.4600067138672,174.24000549316406,167.22999572753906,174.24000549316406,713
2020-04-21,XLES.MI,165.4600067138672,168.52000427246094,159.88999938964844,166.50999450683594,1666
2020-04-22,XLES.MI,169.63999938964844,175.8800048828125,168.35000610351562,172.91000366210938,1963
2020-04-23,XLES.MI,178.24000549316406,182.66000366210938,178.17999267578125,182.66000366210938,3688
2020-04-24,XLES.MI,182.66000366210938,184.69000244140625,178.66000366210938,178.66000366210938,3086
2020-04-27,XLES.MI,178.64999389648438,179.44000244140625,177.27999877929688,179.36000061035156,1354
2020-04-28,XLES.MI,180.32000732421875,188.52000427246094,180.32000732421875,187.3000030517578,919
2020-04-29,XLES.MI,188.0500030517578,199.3800048828125,188.0500030517578,199.3800048828125,1311
2020-04-30,XLES.MI,205.16000366210938,209.16000366210938,198.2100067138672,198.2100067138672,311
2020-05-04,XLES.MI,184.3300018310547,186.3699951171875,180.0,186.3699951171875,1912
2020-05-05,XLES.MI,197.58999633789062,197.86000061035156,195.6999969482422,197.86000061035156,763
2020-05-06,XLES.MI,197.3000030517578,197.3800048828125,189.50999450683594,189.50999450683594,254
2020-05-07,XLES.MI,194.16000366210938,196.69000244140625,193.66000366210938,196.3699951171875,190
2020-05-08,XLES.MI,196.0800018310547,198.41000366210938,195.72999572753906,198.39999389648438,286
2020-05-11,XLES.MI,199.35000610351562,199.94000244140625,198.97999572753906,198.97999572753906,171
2020-05-12,XLES.MI,198.50999450683594,200.0,197.16000366210938,197.88999938964844,800
2020-05-13,XLES.MI,195.0,195.0,187.0,187.0,73
2020-05-14,XLES.MI,187.52000427246094,189.86000061035156,180.0,187.02999877929688,1077
2020-05-15,XLES.MI,189.30999755859375,190.74000549316406,187.97999572753906,190.3300018310547,1141
2020-05-18,XLES.MI,192.52000427246094,202.67999267578125,192.52000427246094,202.67999267578125,1545
2020-05-19,XLES.MI,201.05999755859375,203.00999450683594,198.36000061035156,198.91000366210938,2093
2020-05-20,XLES.MI,197.47000122070312,202.39999389648438,197.47000122070312,202.39999389648438,37
2020-05-21,XLES.MI,202.2899932861328,203.19000244140625,199.24000549316406,199.24000549316406,20
2020-05-22,XLES.MI,197.5399932861328,198.3800048828125,197.5,197.5,461
2020-05-25,XLES.MI,201.97999572753906,202.9499969482422,201.97999572753906,202.9499969482422,94
2020-05-26,XLES.MI,204.0,205.1199951171875,203.99000549316406,204.9600067138672,614
2020-05-27,XLES.MI,206.8000030517578,207.50999450683594,202.61000061035156,203.44000244140625,50
2020-05-28,XLES.MI,207.52000427246094,207.52000427246094,202.5500030517578,202.86000061035156,704
2020-05-29,XLES.MI,197.19000244140625,197.8300018310547,195.16000366210938,195.16000366210938,313
2020-06-01,XLES.MI,197.77999877929688,197.77999877929688,197.36000061035156,197.7100067138672,730
2020-06-02,XLES.MI,201.72000122070312,204.3800048828125,201.72000122070312,204.3800048828125,87
2020-06-03,XLES.MI,206.14999389648438,208.32000732421875,206.14999389648438,208.32000732421875,1380
2020-06-04,XLES.MI,208.60000610351562,208.77999877929688,206.0800018310547,207.25999450683594,3186
2020-06-05,XLES.MI,211.13999938964844,225.14999389648438,211.13999938964844,225.14999389648438,1079
2020-06-08,XLES.MI,226.94000244140625,238.16000366210938,225.44000244140625,230.89999389648438,14399
2020-06-09,XLES.MI,233.5,233.5,224.74000549316406,225.91000366210938,3206
2020-06-10,XLES.MI,226.0,226.0,215.0,217.5800018310547,676
2020-06-11,XLES.MI,205.3699951171875,205.72999572753906,199.8699951171875,200.1300048828125,2580
2020-06-12,XLES.MI,198.66000366210938,203.1999969482422,197.0500030517578,197.4499969482422,3398
2020-06-15,XLES.MI,193.07000732421875,196.66000366210938,191.82000732421875,196.10000610351562,1573
2020-06-16,XLES.MI,204.17999267578125,210.33999633789062,203.5,206.39999389648438,1457
2020-06-17,XLES.MI,208.86000061035156,209.42999267578125,202.33999633789062,202.33999633789062,1082
2020-06-18,XLES.MI,200.9499969482422,203.22000122070312,198.11000061035156,203.22000122070312,1886
2020-06-19,XLES.MI,204.5399932861328,207.74000549316406,204.5399932861328,206.57000732421875,1072
2020-06-22,XLES.MI,201.07000732421875,201.07000732421875,197.8000030517578,198.0800018310547,2106
2020-06-23,XLES.MI,202.08999633789062,202.75,200.7899932861328,201.27000427246094,215
2020-06-24,XLES.MI,197.86000061035156,197.89999389648438,190.6300048828125,190.6300048828125,2244
2020-06-25,XLES.MI,186.61000061035156,191.49000549316406,186.38999938964844,190.61000061035156,553
2020-06-26,XLES.MI,192.3800048828125,193.49000549316406,186.67999267578125,186.67999267578125,848
2020-06-29,XLES.MI,186.6199951171875,188.80999755859375,185.39999389648438,187.67999267578125,5468
2020-06-30,XLES.MI,187.3699951171875,188.88999938964844,186.9499969482422,188.88999938964844,2943
2020-07-01,XLES.MI,193.1999969482422,193.1999969482422,189.55999755859375,189.55999755859375,2409
2020-07-02,XLES.MI,188.86000061035156,193.39999389648438,188.86000061035156,190.94000244140625,820
2020-07-03,XLES.MI,190.0800018310547,190.0800018310547,188.88999938964844,189.27999877929688,1940
2020-07-06,XLES.MI,193.3699951171875,193.3699951171875,189.39999389648438,189.39999389648438,60
2020-07-07,XLES.MI,188.72000122070312,188.72000122070312,187.50999450683594,187.8300018310547,360
2020-07-08,XLES.MI,183.75999450683594,185.0,182.42999267578125,182.55999755859375,5485
2020-07-09,XLES.MI,182.6300048828125,182.6300048828125,176.0,176.25,1381
2020-07-10,XLES.MI,172.39999389648438,177.86000061035156,171.60000610351562,177.83999633789062,3443
2020-07-13,XLES.MI,179.72000122070312,180.44000244140625,178.6199951171875,178.6199951171875,1751
2020-07-14,XLES.MI,178.3000030517578,181.72999572753906,177.05999755859375,181.72999572753906,865
2020-07-15,XLES.MI,185.85000610351562,187.63999938964844,185.25999450683594,185.67999267578125,2000
2020-07-16,XLES.MI,187.08999633789062,188.74000549316406,185.1300048828125,188.74000549316406,3005
2020-07-17,XLES.MI,185.75,186.11000061035156,184.5,184.5,127
2020-07-20,XLES.MI,182.5,184.07000732421875,182.00999450683594,182.94000244140625,1669
2020-07-21,XLES.MI,182.66000366210938,191.63999938964844,181.85000610351562,191.30999755859375,1518
2020-07-22,XLES.MI,191.11000061035156,191.11000061035156,185.5399932861328,185.5399932861328,2840
2020-07-23,XLES.MI,188.25999450683594,188.30999755859375,184.82000732421875,184.82000732421875,2701
2020-07-24,XLES.MI,185.02999877929688,187.11000061035156,184.52000427246094,184.52000427246094,1074
2020-07-27,XLES.MI,184.02999877929688,184.0399932861328,181.97999572753906,181.97999572753906,2105
2020-07-28,XLES.MI,183.66000366210938,183.66000366210938,181.0,181.3300018310547,57
2020-07-29,XLES.MI,180.50999450683594,180.83999633789062,179.38999938964844,180.83999633789062,1495
2020-07-30,XLES.MI,181.5,182.0,174.89999389648438,175.52000427246094,504
2020-07-31,XLES.MI,173.8699951171875,173.8699951171875,171.08999633789062,172.66000366210938,8274
2020-08-03,XLES.MI,174.05999755859375,176.5800018310547,174.05999755859375,175.3000030517578,1833
2020-08-04,XLES.MI,175.86000061035156,178.5800018310547,175.2100067138672,178.5800018310547,1353
2020-08-05,XLES.MI,180.6300048828125,182.1699981689453,180.2899932861328,181.69000244140625,343
2020-08-06,XLES.MI,179.10000610351562,180.05999755859375,179.10000610351562,179.58999633789062,1558
2020-08-07,XLES.MI,179.69000244140625,179.69000244140625,177.8800048828125,177.8800048828125,78
2020-08-10,XLES.MI,181.41000366210938,184.97000122070312,181.41000366210938,183.80999755859375,1895
2020-08-11,XLES.MI,188.27000427246094,190.5800018310547,187.60000610351562,189.6999969482422,868
2020-08-12,XLES.MI,188.0500030517578,189.00999450683594,186.67999267578125,186.67999267578125,1028
2020-08-13,XLES.MI,186.33999633789062,186.33999633789062,184.4199981689453,184.4199981689453,408
2020-08-14,XLES.MI,182.25,183.64999389648438,180.82000732421875,183.64999389648438,484
2020-08-17,XLES.MI,184.60000610351562,184.69000244140625,182.5,182.5,96
2020-08-18,XLES.MI,182.9199981689453,182.9199981689453,180.60000610351562,180.88999938964844,694
2020-08-19,XLES.MI,179.5,180.1999969482422,178.42999267578125,180.0,671
2020-08-20,XLES.MI,178.0,178.0,175.47999572753906,175.6999969482422,462
2020-08-21,XLES.MI,175.0,175.33999633789062,173.8000030517578,173.8000030517578,1659
2020-08-24,XLES.MI,175.47999572753906,179.64999389648438,174.2100067138672,179.64999389648438,1703
2020-08-25,XLES.MI,178.86000061035156,178.86000061035156,175.75999450683594,176.41000366210938,1309
2020-08-26,XLES.MI,176.07000732421875,176.64999389648438,173.92999267578125,174.0800018310547,338
2020-08-27,XLES.MI,173.27999877929688,173.27999877929688,172.0,172.55999755859375,3153
2020-08-28,XLES.MI,172.91000366210938,173.33999633789062,172.64999389648438,173.33999633789062,1157
2020-08-31,XLES.MI,175.19000244140625,176.33999633789062,171.5800018310547,171.5800018310547,1437
2020-09-01,XLES.MI,170.27000427246094,170.60000610351562,168.64999389648438,169.2100067138672,863
2020-09-02,XLES.MI,171.8000030517578,171.89999389648438,169.97000122070312,169.97000122070312,1575
2020-09-03,XLES.MI,170.6999969482422,172.52999877929688,168.64999389648438,169.3699951171875,1550
2020-09-04,XLES.MI,169.83999633789062,171.39999389648438,167.1699981689453,167.1699981689453,2857
2020-09-07,XLES.MI,169.24000549316406,170.33999633789062,168.8800048828125,170.33999633789062,156
2020-09-08,XLES.MI,170.1999969482422,170.22000122070312,162.39999389648438,163.27000427246094,2190
2020-09-09,XLES.MI,164.2100067138672,164.22000122070312,162.8000030517578,163.92999267578125,2026
2020-09-10,XLES.MI,163.33999633789062,163.33999633789062,160.0,160.35000610351562,2288
2020-09-11,XLES.MI,157.42999267578125,157.72999572753906,156.0,157.6699981689453,440
2020-09-14,XLES.MI,158.63999938964844,158.80999755859375,156.75,157.5800018310547,1838
2020-09-15,XLES.MI,158.00999450683594,159.94000244140625,158.00999450683594,159.57000732421875,1271
2020-09-16,XLES.MI,158.8800048828125,162.42999267578125,158.3000030517578,162.42999267578125,394
2020-09-17,XLES.MI,162.17999267578125,164.32000732421875,161.19000244140625,163.38999938964844,3617
2020-09-18,XLES.MI,164.0,164.47999572753906,163.32000732421875,163.32000732421875,542
2020-09-21,XLES.MI,160.10000610351562,160.17999267578125,155.9499969482422,156.25999450683594,2774
2020-09-22,XLES.MI,157.86000061035156,160.0,157.58999633789062,158.10000610351562,836
2020-09-23,XLES.MI,157.89999389648438,158.38999938964844,154.80999755859375,154.80999755859375,4458
2020-09-24,XLES.MI,150.77999877929688,151.9199981689453,147.44000244140625,148.10000610351562,1830
2020-09-25,XLES.MI,150.9499969482422,151.22999572753906,149.25,149.9600067138672,2774
2020-09-28,XLES.MI,152.42999267578125,153.55999755859375,151.91000366210938,153.16000366210938,2250
2020-09-29,XLES.MI,152.88999938964844,152.89999389648438,148.63999938964844,148.63999938964844,50
2020-09-30,XLES.MI,148.75,149.6300048828125,148.10000610351562,149.6199951171875,500
2020-10-01,XLES.MI,149.41000366210938,149.75999450683594,143.6699981689453,143.72999572753906,3422
2020-10-02,XLES.MI,141.02999877929688,144.25999450683594,139.72000122070312,144.25999450683594,522
2020-10-05,XLES.MI,146.77000427246094,147.82000732421875,145.94000244140625,147.49000549316406,190
2020-10-06,XLES.MI,148.64999389648438,150.75999450683594,148.64999389648438,150.75999450683594,1321
2020-10-07,XLES.MI,148.17999267578125,148.17999267578125,146.5399932861328,146.5399932861328,294
2020-10-08,XLES.MI,149.8699951171875,152.52000427246094,149.86000061035156,151.9600067138672,1088
2020-10-09,XLES.MI,154.9499969482422,155.27999877929688,152.08999633789062,152.08999633789062,987
2020-10-12,XLES.MI,152.08999633789062,152.08999633789062,152.08999633789062,152.08999633789062,0
2020-10-13,XLES.MI,151.42999267578125,152.32000732421875,150.5800018310547,150.5800018310547,855
2020-10-14,XLES.MI,150.0,154.0800018310547,150.0,154.0800018310547,164
2020-10-15,XLES.MI,149.07000732421875,151.52000427246094,149.05999755859375,150.64999389648438,135
2020-10-16,XLES.MI,152.97999572753906,152.97999572753906,151.47000122070312,152.6199951171875,33
2020-10-19,XLES.MI,149.7100067138672,149.7100067138672,148.33999633789062,148.75999450683594,328
2020-10-20,XLES.MI,146.75999450683594,146.89999389648438,146.75999450683594,146.89999389648438,31
2020-10-21,XLES.MI,145.72000122070312,146.1699981689453,144.4199981689453,144.88999938964844,348
2020-10-22,XLES.MI,142.72999572753906,145.99000549316406,142.72999572753906,145.99000549316406,240
2020-10-23,XLES.MI,150.36000061035156,150.66000366210938,149.38999938964844,149.80999755859375,1568
2020-10-26,XLES.MI,147.0399932861328,147.0399932861328,143.9499969482422,143.9499969482422,1101
2020-10-27,XLES.MI,144.82000732421875,144.9499969482422,142.14999389648438,142.69000244140625,1948
2020-10-28,XLES.MI,139.67999267578125,139.77999877929688,136.75999450683594,139.77000427246094,1034
2020-10-29,XLES.MI,138.0,139.13999938964844,134.74000549316406,138.99000549316406,3629
2020-10-30,XLES.MI,139.61000061035156,141.75,139.5800018310547,140.49000549316406,2568
2020-11-02,XLES.MI,141.7100067138672,147.14999389648438,141.7100067138672,147.14999389648438,1766
2020-11-03,XLES.MI,149.8800048828125,150.63999938964844,147.13999938964844,147.13999938964844,298
2020-11-04,XLES.MI,147.05999755859375,148.38999938964844,145.39999389648438,148.38999938964844,1224
2020-11-05,XLES.MI,146.57000732421875,147.7100067138672,145.5800018310547,145.92999267578125,1216
2020-11-06,XLES.MI,142.94000244140625,144.86000061035156,142.6300048828125,142.6300048828125,257
2020-11-09,XLES.MI,142.58999633789062,160.08999633789062,142.58999633789062,159.7100067138672,5265
2020-11-10,XLES.MI,163.38999938964844,166.49000549316406,163.07000732421875,164.02999877929688,1325
2020-11-11,XLES.MI,170.47999572753906,170.47999572753906,167.0,167.85000610351562,338
2020-11-12,XLES.MI,165.02000427246094,165.02000427246094,163.1199951171875,164.39999389648438,1183
2020-11-13,XLES.MI,160.52000427246094,164.91000366210938,160.19000244140625,164.91000366210938,4311
2020-11-16,XLES.MI,172.11000061035156,175.25,171.57000732421875,175.25,1561
2020-11-17,XLES.MI,176.0,177.27999877929688,172.67999267578125,177.0399932861328,2035
2020-11-18,XLES.MI,178.97000122070312,181.1999969482422,178.2100067138672,179.9600067138672,1665
2020-11-19,XLES.MI,174.22999572753906,174.92999267578125,172.7100067138672,173.8000030517578,3384
2020-11-20,XLES.MI,175.30999755859375,176.6199951171875,174.77999877929688,175.72000122070312,2078
2020-11-23,XLES.MI,177.61000061035156,184.72999572753906,177.2100067138672,184.72999572753906,2377
2020-11-24,XLES.MI,191.25,197.55999755859375,191.22999572753906,196.2100067138672,3502
2020-11-25,XLES.MI,198.16000366210938,199.52999877929688,192.17999267578125,193.3699951171875,4734
2020-11-26,XLES.MI,192.7899932861328,192.7899932861328,190.72999572753906,190.72999572753906,1196
2020-11-27,XLES.MI,190.3699951171875,192.5800018310547,189.52000427246094,189.86000061035156,1756
2020-11-30,XLES.MI,186.41000366210938,187.27999877929688,183.97999572753906,183.97999572753906,4865
2020-12-01,XLES.MI,182.9499969482422,184.2899932861328,180.8800048828125,180.8800048828125,1824
2020-12-02,XLES.MI,177.97000122070312,185.35000610351562,177.38999938964844,185.35000610351562,657
2020-12-03,XLES.MI,182.5,186.6199951171875,182.32000732421875,186.6199951171875,695
2020-12-04,XLES.MI,186.9499969482422,193.77999877929688,186.9499969482422,193.61000061035156,2783
2020-12-07,XLES.MI,193.44000244140625,193.9199981689453,190.0,193.47999572753906,230
2020-12-08,XLES.MI,190.0800018310547,195.39999389648438,189.47999572753906,194.89999389648438,3442
2020-12-09,XLES.MI,195.3000030517578,199.25999450683594,193.8800048828125,193.99000549316406,4497
2020-12-10,XLES.MI,196.25,202.0,194.47000122070312,202.0,1390
2020-12-11,XLES.MI,199.9499969482422,199.9499969482422,195.86000061035156,197.41000366210938,4626
2020-12-14,XLES.MI,200.25,201.22999572753906,192.05999755859375,192.05999755859375,276
2020-12-15,XLES.MI,192.3800048828125,193.60000610351562,191.16000366210938,192.1999969482422,200
2020-12-16,XLES.MI,194.58999633789062,194.9199981689453,191.9199981689453,194.27000427246094,1547
2020-12-17,XLES.MI,193.86000061035156,194.10000610351562,189.69000244140625,190.3800048828125,468
2020-12-18,XLES.MI,190.97000122070312,191.1199951171875,188.7100067138672,188.7100067138672,534
2020-12-21,XLES.MI,183.0399932861328,184.9499969482422,179.05999755859375,184.16000366210938,2613
2020-12-22,XLES.MI,183.82000732421875,184.17999267578125,183.30999755859375,184.1199951171875,995
2020-12-23,XLES.MI,182.44000244140625,187.66000366210938,182.44000244140625,187.66000366210938,190
2020-12-28,XLES.MI,190.36000061035156,190.36000061035156,183.55999755859375,183.99000549316406,457
2020-12-29,XLES.MI,184.41000366210938,184.80999755859375,181.41000366210938,181.41000366210938,181
2020-12-30,XLES.MI,181.41000366210938,181.41000366210938,181.41000366210938,181.41000366210938,0
2021-01-04,XLES.MI,185.0,185.69000244140625,181.85000610351562,182.02999877929688,1525
2021-01-05,XLES.MI,184.13999938964844,192.27999877929688,183.5500030517578,192.27999877929688,721
2021-01-06,XLES.MI,192.27999877929688,198.19000244140625,192.27999877929688,198.19000244140625,1525
2021-01-07,XLES.MI,198.75,200.1199951171875,196.97000122070312,200.1199951171875,931
2021-01-08,XLES.MI,201.83999633789062,202.97999572753906,201.02000427246094,201.1999969482422,1144
2021-01-11,XLES.MI,200.0,202.6300048828125,199.22000122070312,202.6300048828125,382
2021-01-12,XLES.MI,205.4600067138672,211.85000610351562,205.4600067138672,210.88999938964844,754
2021-01-13,XLES.MI,213.0399932861328,213.0500030517578,210.5,210.7100067138672,2268
2021-01-14,XLES.MI,211.5500030517578,215.97000122070312,211.35000610351562,215.97000122070312,171
2021-01-15,XLES.MI,215.0,215.0,209.89999389648438,211.22000122070312,2075
2021-01-18,XLES.MI,209.63999938964844,209.63999938964844,207.92999267578125,209.4600067138672,185
2021-01-19,XLES.MI,210.3000030517578,213.42999267578125,210.3000030517578,213.2100067138672,288
2021-01-20,XLES.MI,213.47000122070312,214.19000244140625,212.5800018310547,212.5800018310547,1288
2021-01-21,XLES.MI,213.64999389648438,213.8000030517578,207.16000366210938,208.72999572753906,357
2021-01-22,XLES.MI,204.24000549316406,204.24000549316406,199.61000061035156,202.39999389648438,1172
2021-01-25,XLES.MI,204.57000732421875,204.66000366210938,199.5,199.5,1502
2021-01-26,XLES.MI,202.1999969482422,206.05999755859375,200.8699951171875,200.8699951171875,2111
2021-01-27,XLES.MI,196.94000244140625,199.9199981689453,195.0,199.9199981689453,3002
2021-01-28,XLES.MI,196.86000061035156,200.0,195.97999572753906,195.97999572753906,1328
2021-01-29,XLES.MI,197.13999938964844,197.52000427246094,193.5,194.4499969482422,4549
2021-02-01,XLES.MI,193.8699951171875,195.25,191.30999755859375,191.80999755859375,170
2021-02-02,XLES.MI,200.52000427246094,201.1199951171875,198.22000122070312,200.1300048828125,250
2021-02-03,XLES.MI,198.0,203.8699951171875,196.89999389648438,202.32000732421875,793
2021-02-04,XLES.MI,205.63999938964844,207.8000030517578,204.7100067138672,206.83999633789062,613
2021-02-05,XLES.MI,209.36000061035156,210.67999267578125,209.0399932861328,210.19000244140625,563
2021-02-08,XLES.MI,210.49000549316406,215.3000030517578,210.14999389648438,215.1199951171875,619
2021-02-09,XLES.MI,216.6699981689453,216.6699981689453,212.75,213.3300018310547,305
2021-02-10,XLES.MI,214.11000061035156,216.39999389648438,213.74000549316406,215.8000030517578,3048
2021-02-11,XLES.MI,217.50999450683594,218.25999450683594,213.33999633789062,213.33999633789062,116
2021-02-12,XLES.MI,213.63999938964844,216.25999450683594,212.97999572753906,214.94000244140625,515
2021-02-15,XLES.MI,219.82000732421875,221.57000732421875,219.82000732421875,221.57000732421875,133
2021-02-16,XLES.MI,221.7100067138672,225.85000610351562,221.7100067138672,223.8699951171875,3035
2021-02-17,XLES.MI,226.72000122070312,227.64999389648438,225.17999267578125,225.17999267578125,1223
2021-02-18,XLES.MI,227.5399932861328,228.33999633789062,222.1300048828125,223.9600067138672,575
2021-02-19,XLES.MI,221.67999267578125,224.85000610351562,218.97000122070312,224.13999938964844,2586
2021-02-22,XLES.MI,224.60000610351562,234.5,224.11000061035156,233.25999450683594,532
2021-02-23,XLES.MI,233.4499969482422,236.4499969482422,230.0,231.8800048828125,5400
2021-02-24,XLES.MI,236.47999572753906,244.69000244140625,235.27999877929688,244.69000244140625,2015
2021-02-25,XLES.MI,246.42999267578125,246.42999267578125,242.0,242.7899932861328,1560
2021-02-26,XLES.MI,238.7100067138672,239.49000549316406,229.33999633789062,233.88999938964844,2112
2021-03-01,XLES.MI,240.80999755859375,245.64999389648438,239.7100067138672,244.3000030517578,3583
2021-03-02,XLES.MI,242.42999267578125,244.92999267578125,241.35000610351562,241.63999938964844,2171
2021-03-03,XLES.MI,242.05999755859375,245.8000030517578,241.27999877929688,245.5500030517578,5008
2021-03-04,XLES.MI,246.0,254.1199951171875,242.5500030517578,252.6199951171875,3219
2021-03-05,XLES.MI,253.25999450683594,261.67999267578125,252.6199951171875,254.52000427246094,1753
2021-03-08,XLES.MI,265.29998779296875,267.6400146484375,261.510009765625,265.1199951171875,4602
2021-03-09,XLES.MI,264.75,266.3699951171875,257.8500061035156,263.57000732421875,7737
2021-03-10,XLES.MI,258.07000732421875,263.0400085449219,257.3299865722656,261.8800048828125,3875
2021-03-11,XLES.MI,264.0400085449219,268.3800048828125,262.79998779296875,267.2099914550781,3274
2021-03-12,XLES.MI,265.8999938964844,266.5,264.3699951171875,266.2099914550781,1833
2021-03-15,XLES.MI,267.9800109863281,268.1300048828125,259.57000732421875,259.94000244140625,5292
2021-03-16,XLES.MI,260.9700012207031,260.9700012207031,253.85000610351562,256.6499938964844,3556
2021-03-17,XLES.MI,257.0,257.0,252.67999267578125,254.24000549316406,1521
2021-03-18,XLES.MI,255.3000030517578,256.94000244140625,252.6699981689453,253.3000030517578,1567
2021-03-19,XLES.MI,246.86000061035156,249.72999572753906,244.63999938964844,249.35000610351562,1525
2021-03-22,XLES.MI,245.02000427246094,245.64999389648438,243.3000030517578,243.8699951171875,1030
2021-03-23,XLES.MI,241.6999969482422,244.8800048828125,238.60000610351562,244.8800048828125,941
2021-03-24,XLES.MI,247.5399932861328,250.3699951171875,246.80999755859375,249.75999450683594,324
2021-03-25,XLES.MI,248.19000244140625,248.19000244140625,240.89999389648438,246.2899932861328,2019
2021-03-26,XLES.MI,252.0,253.97999572753906,251.5800018310547,252.64999389648438,898
2021-03-29,XLES.MI,252.4600067138672,255.47999572753906,250.42999267578125,251.0500030517578,985
2021-03-30,XLES.MI,251.7899932861328,252.77000427246094,250.80999755859375,252.77000427246094,452
2021-03-31,XLES.MI,252.94000244140625,252.94000244140625,249.47000122070312,249.74000549316406,456
2021-04-01,XLES.MI,249.94000244140625,250.85000610351562,248.7100067138672,248.7100067138672,231
2021-04-06,XLES.MI,249.0,251.1300048828125,248.42999267578125,248.75,665
2021-04-07,XLES.MI,246.83999633789062,247.08999633789062,245.24000549316406,246.36000061035156,3184
2021-04-08,XLES.MI,246.3000030517578,246.3000030517578,241.27000427246094,241.69000244140625,1895
2021-04-09,XLES.MI,242.9499969482422,243.52000427246094,242.0,242.24000549316406,162
2021-04-12,XLES.MI,241.75999450683594,243.9600067138672,241.17999267578125,241.39999389648438,144
2021-04-13,XLES.MI,240.0,240.08999633789062,237.89999389648438,239.8699951171875,5215
2021-04-14,XLES.MI,239.36000061035156,247.1999969482422,239.36000061035156,247.1999969482422,382
2021-04-15,XLES.MI,245.77999877929688,246.6199951171875,242.3699951171875,242.3699951171875,1134
2021-04-16,XLES.MI,243.66000366210938,244.6699981689453,241.6300048828125,241.67999267578125,468
2021-04-19,XLES.MI,239.4199981689453,241.0800018310547,237.9199981689453,238.7899932861328,2141
2021-04-20,XLES.MI,239.5500030517578,239.5500030517578,230.88999938964844,230.88999938964844,1274
2021-04-21,XLES.MI,233.11000061035156,235.6699981689453,229.44000244140625,234.57000732421875,2619
2021-04-22,XLES.MI,235.6199951171875,235.82000732421875,232.63999938964844,235.82000732421875,1027
2021-04-23,XLES.MI,233.1999969482422,235.10000610351562,231.1999969482422,234.1699981689453,417
2021-04-26,XLES.MI,232.97000122070312,237.39999389648438,232.6300048828125,237.13999938964844,562
2021-04-27,XLES.MI,236.6300048828125,238.11000061035156,236.6300048828125,237.58999633789062,406
2021-04-28,XLES.MI,239.0800018310547,246.92999267578125,239.0800018310547,246.9199981689453,1954
2021-04-29,XLES.MI,248.39999389648438,251.61000061035156,248.02000427246094,248.44000244140625,1544
2021-04-30,XLES.MI,247.36000061035156,249.3800048828125,245.47000122070312,246.02999877929688,2599
2021-05-03,XLES.MI,246.60000610351562,249.0,245.60000610351562,248.77999877929688,1846
2021-05-04,XLES.MI,250.92999267578125,255.5800018310547,249.0,251.10000610351562,3109
2021-05-05,XLES.MI,254.19000244140625,260.6300048828125,253.1199951171875,260.6300048828125,3953
2021-05-06,XLES.MI,261.0,261.2699890136719,254.30999755859375,257.7699890136719,3400
2021-05-07,XLES.MI,260.5799865722656,260.7300109863281,256.4200134277344,258.8399963378906,2726
2021-05-10,XLES.MI,263.20001220703125,270.4800109863281,263.20001220703125,266.05999755859375,6053
2021-05-11,XLES.MI,263.1700134277344,263.1700134277344,254.5,256.3999938964844,7790
2021-05-12,XLES.MI,257.3999938964844,265.7699890136719,257.3900146484375,265.1600036621094,4644
2021-05-13,XLES.MI,255.7100067138672,260.239990234375,254.6699981689453,257.69000244140625,3834
2021-05-14,XLES.MI,257.17999267578125,261.4599914550781,256.2300109863281,261.4599914550781,2756
2021-05-17,XLES.MI,263.0299987792969,265.7099914550781,260.7900085449219,264.239990234375,4041
2021-05-18,XLES.MI,268.6300048828125,268.989990234375,263.0799865722656,264.3900146484375,2418
2021-05-19,XLES.MI,259.20001220703125,259.2099914550781,252.30999755859375,255.27999877929688,1591
2021-05-20,XLES.MI,256.92999267578125,256.92999267578125,251.22999572753906,253.41000366210938,2863
2021-05-21,XLES.MI,254.42999267578125,258.0899963378906,253.58999633789062,257.5899963378906,2076
2021-05-24,XLES.MI,257.2099914550781,258.2099914550781,254.08999633789062,256.3599853515625,3546
2021-05-25,XLES.MI,256.6499938964844,256.8699951171875,251.77999877929688,251.77999877929688,1567
2021-05-26,XLES.MI,252.39999389648438,254.08999633789062,251.55999755859375,254.08999633789062,2040
2021-05-27,XLES.MI,253.42999267578125,257.42999267578125,253.14999389648438,255.4199981689453,2353
2021-05-28,XLES.MI,256.760009765625,258.32000732421875,255.30999755859375,255.30999755859375,1611
2021-05-31,XLES.MI,255.0500030517578,256.0400085449219,254.6699981689453,254.6699981689453,344
2021-06-01,XLES.MI,257.2799987792969,265.0,257.2799987792969,263.4599914550781,1544
2021-06-02,XLES.MI,265.739990234375,269.3999938964844,264.8800048828125,269.2900085449219,1076
2021-06-03,XLES.MI,270.9599914550781,274.010009765625,269.2300109863281,273.2300109863281,811
2021-06-04,XLES.MI,272.92999267578125,274.2799987792969,270.29998779296875,270.95001220703125,2360
2021-06-07,XLES.MI,272.9100036621094,275.19000244140625,272.6400146484375,272.6400146484375,1595
2021-06-08,XLES.MI,271.75,275.0,268.80999755859375,273.6099853515625,2159
2021-06-09,XLES.MI,275.20001220703125,275.75,273.7200012207031,274.7200012207031,626
2021-06-10,XLES.MI,273.3599853515625,278.25,273.3599853515625,274.92999267578125,1429
2021-06-11,XLES.MI,273.0400085449219,275.3500061035156,273.0400085449219,274.8999938964844,346
2021-06-14,XLES.MI,274.29998779296875,275.44000244140625,273.989990234375,273.989990234375,1404
2021-06-15,XLES.MI,272.1600036621094,277.7200012207031,272.1600036621094,275.4100036621094,1055
2021-06-16,XLES.MI,276.8999938964844,277.260009765625,274.69000244140625,277.260009765625,393
2021-06-17,XLES.MI,279.1000061035156,279.6400146484375,271.7900085449219,271.7900085449219,1923
2021-06-18,XLES.MI,271.2099914550781,271.2099914550781,266.19000244140625,267.82000732421875,7028
2021-06-21,XLES.MI,264.2799987792969,269.7699890136719,262.489990234375,269.7200012207031,369
2021-06-22,XLES.MI,274.69000244140625,276.4700012207031,272.489990234375,275.3800048828125,826
2021-06-23,XLES.MI,276.82000732421875,280.0299987792969,276.82000732421875,277.44000244140625,978
2021-06-24,XLES.MI,277.6400146484375,277.6400146484375,275.69000244140625,277.54998779296875,1021
2021-06-25,XLES.MI,277.44000244140625,278.54998779296875,277.44000244140625,278.3999938964844,343
2021-06-28,XLES.MI,279.260009765625,279.7799987792969,270.17999267578125,270.9800109863281,1522
2021-06-29,XLES.MI,271.94000244140625,273.32000732421875,269.95001220703125,273.32000732421875,632
2021-06-30,XLES.MI,271.3599853515625,274.32000732421875,268.6099853515625,272.57000732421875,1108
2021-07-01,XLES.MI,274.7799987792969,281.8900146484375,274.7799987792969,279.3800048828125,3027
2021-07-02,XLES.MI,281.1000061035156,281.1099853515625,276.79998779296875,278.6400146484375,1384
2021-07-05,XLES.MI,277.80999755859375,280.29998779296875,277.80999755859375,280.29998779296875,1424
2021-07-06,XLES.MI,281.8900146484375,282.239990234375,271.5799865722656,271.5799865722656,704
2021-07-07,XLES.MI,271.8500061035156,272.3999938964844,264.19000244140625,266.2099914550781,1874
2021-07-08,XLES.MI,262.9800109863281,265.4700012207031,259.7200012207031,264.6099853515625,1674
2021-07-09,XLES.MI,265.8399963378906,268.6199951171875,264.1600036621094,267.8999938964844,881
2021-07-12,XLES.MI,265.739990234375,269.3599853515625,264.9800109863281,269.3599853515625,920
2021-07-13,XLES.MI,269.6600036621094,269.6600036621094,266.1700134277344,267.6600036621094,2999
2021-07-14,XLES.MI,267.30999755859375,271.3500061035156,263.7099914550781,264.04998779296875,2149
2021-07-15,XLES.MI,258.5400085449219,259.07000732421875,256.3399963378906,258.67999267578125,3536
2021-07-16,XLES.MI,256.3399963378906,257.8900146484375,252.13999938964844,252.94000244140625,1301
2021-07-19,XLES.MI,247.66000366210938,247.66000366210938,237.61000061035156,238.9600067138672,2814
2021-07-20,XLES.MI,244.24000549316406,246.0,239.5800018310547,245.3800048828125,1337
2021-07-21,XLES.MI,247.02000427246094,251.6999969482422,246.64999389648438,250.83999633789062,823
2021-07-22,XLES.MI,252.5800018310547,254.35000610351562,248.55999755859375,248.55999755859375,175
2021-07-23,XLES.MI,250.9600067138672,251.60000610351562,246.80999755859375,248.10000610351562,1257
2021-07-26,XLES.MI,244.55999755859375,254.05999755859375,244.2899932861328,254.05999755859375,7127
2021-07-27,XLES.MI,252.50999450683594,253.35000610351562,250.33999633789062,250.8699951171875,140
2021-07-28,XLES.MI,252.02999877929688,253.3699951171875,251.69000244140625,252.89999389648438,1368
2021-07-29,XLES.MI,255.3800048828125,256.44000244140625,254.9499969482422,255.27999877929688,1698
2021-07-30,XLES.MI,252.72999572753906,255.3000030517578,250.91000366210938,251.10000610351562,264
2021-08-02,XLES.MI,252.4199981689453,256.1400146484375,250.25999450683594,250.25999450683594,1677
2021-08-03,XLES.MI,250.7899932861328,253.24000549316406,247.19000244140625,253.24000549316406,3205
2021-08-04,XLES.MI,253.60000610351562,253.75,247.1699981689453,251.24000549316406,759
2021-08-05,XLES.MI,247.39999389648438,252.6999969482422,247.39999389648438,252.6999969482422,1000
2021-08-06,XLES.MI,251.8000030517578,255.1300048828125,250.61000061035156,255.1300048828125,913
2021-08-09,XLES.MI,249.42999267578125,251.7100067138672,248.64999389648438,251.1699981689453,818
2021-08-10,XLES.MI,252.63999938964844,255.1999969482422,252.11000061035156,255.1999969482422,651
2021-08-11,XLES.MI,256.0,256.1700134277344,253.49000549316406,253.92999267578125,1275
2021-08-12,XLES.MI,257.0400085449219,258.010009765625,254.91000366210938,255.41000366210938,178
2021-08-13,XLES.MI,255.66000366210938,255.66000366210938,253.50999450683594,254.27000427246094,395
2021-08-16,XLES.MI,250.74000549316406,250.9499969482422,247.66000366210938,248.22000122070312,1971
2021-08-17,XLES.MI,245.7100067138672,248.77999877929688,245.10000610351562,248.30999755859375,472
2021-08-18,XLES.MI,247.02000427246094,248.57000732421875,245.0399932861328,248.57000732421875,2316
2021-08-19,XLES.MI,238.61000061035156,238.80999755859375,233.6999969482422,233.92999267578125,1889
2021-08-20,XLES.MI,234.24000549316406,236.89999389648438,233.64999389648438,236.89999389648438,107
2021-08-23,XLES.MI,238.9199981689453,244.77999877929688,238.88999938964844,244.77999877929688,1586
2021-08-24,XLES.MI,246.13999938964844,247.9600067138672,245.9199981689453,247.02000427246094,616
2021-08-25,XLES.MI,248.24000549316406,249.6300048828125,247.41000366210938,249.6300048828125,281
2021-08-26,XLES.MI,248.69000244140625,249.52999877929688,247.24000549316406,247.92999267578125,933
2021-08-27,XLES.MI,248.97999572753906,253.14999389648438,248.25999450683594,252.77999877929688,1433
2021-08-30,XLES.MI,252.39999389648438,253.88999938964844,250.11000061035156,251.25,1242
2021-08-31,XLES.MI,248.64999389648438,249.36000061035156,246.69000244140625,248.3300018310547,2352
2021-09-01,XLES.MI,249.64999389648438,249.75999450683594,243.5800018310547,243.5800018310547,2606
2021-09-02,XLES.MI,244.24000549316406,250.0500030517578,243.63999938964844,249.39999389648438,388
2021-09-03,XLES.MI,249.05999755859375,250.35000610351562,246.58999633789062,246.6300048828125,1942
2021-09-06,XLES.MI,246.4600067138672,247.63999938964844,246.4600067138672,247.63999938964844,32
2021-09-07,XLES.MI,247.5500030517578,248.8800048828125,245.83999633789062,246.69000244140625,2408
2021-09-08,XLES.MI,246.25999450683594,249.74000549316406,244.27999877929688,245.05999755859375,907
2021-09-09,XLES.MI,242.8699951171875,247.16000366210938,240.50999450683594,245.6199951171875,264
2021-09-10,XLES.MI,246.5500030517578,247.72999572753906,243.25999450683594,244.1199951171875,712
2021-09-13,XLES.MI,246.57000732421875,252.91000366210938,246.57000732421875,251.36000061035156,508
2021-09-14,XLES.MI,252.72999572753906,253.27999877929688,249.0,249.0,796
2021-09-15,XLES.MI,249.32000732421875,256.0199890136719,249.1699981689453,255.8800048828125,1226
2021-09-16,XLES.MI,258.42999267578125,258.6600036621094,254.6199951171875,254.6199951171875,79
2021-09-17,XLES.MI,255.27000427246094,255.27000427246094,253.39999389648438,254.24000549316406,303
2021-09-20,XLES.MI,249.25,249.30999755859375,246.08999633789062,246.50999450683594,1318
2021-09-21,XLES.MI,251.1300048828125,251.1300048828125,245.0,245.97999572753906,1294
2021-09-22,XLES.MI,251.1199951171875,255.85000610351562,250.64999389648438,255.85000610351562,89
2021-09-23,XLES.MI,259.19000244140625,262.989990234375,257.1099853515625,262.989990234375,458
2021-09-24,XLES.MI,263.82000732421875,266.9800109863281,262.6300048828125,266.57000732421875,645
2021-09-27,XLES.MI,270.3299865722656,276.6600036621094,270.3299865722656,276.6600036621094,772
2021-09-28,XLES.MI,278.3699951171875,281.1499938964844,278.3699951171875,278.8399963378906,1022
2021-09-29,XLES.MI,277.70001220703125,281.1499938964844,277.32000732421875,281.1499938964844,671
2021-09-30,XLES.MI,282.0199890136719,283.4599914550781,277.20001220703125,281.29998779296875,581
2021-10-01,XLES.MI,274.67999267578125,280.92999267578125,274.1300048828125,280.92999267578125,234
2021-10-04,XLES.MI,285.0,291.8500061035156,283.75,291.8500061035156,996
2021-10-05,XLES.MI,291.8599853515625,297.6000061035156,291.8599853515625,294.94000244140625,258
2021-10-06,XLES.MI,293.1400146484375,293.1400146484375,286.989990234375,287.82000732421875,1116
2021-10-07,XLES.MI,288.489990234375,292.8900146484375,286.94000244140625,292.8900146484375,1144
2021-10-08,XLES.MI,295.4800109863281,300.7699890136719,292.44000244140625,300.7699890136719,1546
2021-10-11,XLES.MI,301.5,307.489990234375,301.5,305.8699951171875,1392
2021-10-12,XLES.MI,298.92999267578125,303.05999755859375,298.42999267578125,302.010009765625,856
2021-10-13,XLES.MI,299.6199951171875,300.0,295.79998779296875,299.0,542
2021-10-14,XLES.MI,301.70001220703125,304.0899963378906,301.0199890136719,301.42999267578125,411
2021-10-15,XLES.MI,304.989990234375,306.4599914550781,304.989990234375,305.6499938964844,604
2021-10-18,XLES.MI,306.07000732421875,308.45001220703125,305.44000244140625,306.07000732421875,1362
2021-10-19,XLES.MI,305.5400085449219,306.45001220703125,303.5199890136719,306.29998779296875,1053
2021-10-20,XLES.MI,306.6499938964844,306.6499938964844,305.1600036621094,306.3900146484375,673
2021-10-21,XLES.MI,308.0799865722656,308.0799865722656,302.8699951171875,302.8699951171875,467
2021-10-22,XLES.MI,303.4700012207031,305.8500061035156,303.4700012207031,304.67999267578125,605
2021-10-25,XLES.MI,307.9599914550781,313.3999938964844,307.8299865722656,312.739990234375,1438
2021-10-26,XLES.MI,312.94000244140625,315.3599853515625,311.739990234375,315.17999267578125,393
2021-10-27,XLES.MI,311.92999267578125,311.94000244140625,307.7099914550781,308.8699951171875,948
2021-10-28,XLES.MI,305.67999267578125,305.67999267578125,302.3399963378906,302.3399963378906,1155
2021-10-29,XLES.MI,304.2099914550781,307.95001220703125,304.2099914550781,307.2799987792969,2068
2021-11-01,XLES.MI,306.30999755859375,310.6000061035156,306.30999755859375,309.9800109863281,1138
2021-11-02,XLES.MI,310.510009765625,310.510009765625,306.6499938964844,306.9800109863281,2627
2021-11-03,XLES.MI,305.04998779296875,308.010009765625,303.6700134277344,304.1300048828125,945
2021-11-04,XLES.MI,307.94000244140625,309.7799987792969,305.5400085449219,305.6400146484375,709
2021-11-05,XLES.MI,307.3599853515625,310.19000244140625,307.05999755859375,310.19000244140625,1474
2021-11-08,XLES.MI,311.1199951171875,315.0,311.1199951171875,313.42999267578125,219
2021-11-09,XLES.MI,313.0400085449219,314.04998779296875,309.5799865722656,310.8900146484375,893
2021-11-10,XLES.MI,312.92999267578125,313.1300048828125,308.8399963378906,309.6199951171875,698
2021-11-11,XLES.MI,308.1000061035156,310.3900146484375,307.2799987792969,309.6300048828125,1312
2021-11-12,XLES.MI,308.67999267578125,309.9599914550781,307.4100036621094,307.92999267578125,243
2021-11-15,XLES.MI,309.6000061035156,310.8999938964844,307.5899963378906,310.8999938964844,586
2021-11-16,XLES.MI,313.07000732421875,315.1300048828125,313.07000732421875,313.8299865722656,714
2021-11-17,XLES.MI,315.4800109863281,316.0199890136719,312.1499938964844,313.1400146484375,1419
2021-11-18,XLES.MI,307.79998779296875,310.3599853515625,303.8699951171875,308.0,636
2021-11-19,XLES.MI,309.05999755859375,309.05999755859375,296.4599914550781,297.1300048828125,1777
2021-11-22,XLES.MI,298.0,305.739990234375,297.0,305.2699890136719,711
2021-11-23,XLES.MI,301.95001220703125,312.760009765625,300.6099853515625,310.3699951171875,936
2021-11-24,XLES.MI,313.6300048828125,319.45001220703125,312.4200134277344,318.2699890136719,660
2021-11-25,XLES.MI,316.4100036621094,317.5299987792969,316.17999267578125,316.6000061035156,100
2021-11-26,XLES.MI,301.45001220703125,301.45001220703125,291.79998779296875,295.79998779296875,952
2021-11-29,XLES.MI,305.0,311.0899963378906,304.6400146484375,304.6400146484375,1103
2021-11-30,XLES.MI,295.3999938964844,301.3399963378906,293.3900146484375,300.3699951171875,354
2021-12-01,XLES.MI,299.55999755859375,305.0,299.55999755859375,304.5400085449219,1425
2021-12-02,XLES.MI,298.3399963378906,300.4599914550781,290.0,300.4599914550781,693
2021-12-03,XLES.MI,303.5899963378906,306.739990234375,300.04998779296875,300.04998779296875,481
2021-12-06,XLES.MI,303.3999938964844,305.32000732421875,303.29998779296875,305.32000732421875,760
2021-12-07,XLES.MI,308.3800048828125,315.489990234375,308.3800048828125,315.1400146484375,436
2021-12-08,XLES.MI,312.0,315.2099914550781,310.0,311.1000061035156,2322
2021-12-09,XLES.MI,310.32000732421875,310.32000732421875,307.3999938964844,308.55999755859375,929
2021-12-10,XLES.MI,310.07000732421875,312.510009765625,305.55999755859375,305.55999755859375,102
2021-12-13,XLES.MI,311.30999755859375,311.30999755859375,300.6499938964844,300.6499938964844,80
2021-12-14,XLES.MI,303.75,305.0,298.7099914550781,303.9100036621094,690
2021-12-15,XLES.MI,301.20001220703125,301.9800109863281,295.260009765625,295.489990234375,8
2021-12-16,XLES.MI,301.2900085449219,306.9100036621094,300.4599914550781,306.9100036621094,53
2021-12-17,XLES.MI,299.4200134277344,300.1400146484375,298.42999267578125,299.17999267578125,22
2021-12-20,XLES.MI,287.4200134277344,288.29998779296875,284.29998779296875,286.6400146484375,1020
2021-12-21,XLES.MI,290.6700134277344,298.82000732421875,290.6700134277344,298.82000732421875,10
2021-12-22,XLES.MI,299.760009765625,301.04998779296875,299.0,301.04998779296875,3
2021-12-23,XLES.MI,301.6000061035156,303.3500061035156,301.6000061035156,303.3500061035156,769
2021-12-27,XLES.MI,301.5899963378906,304.3800048828125,298.30999755859375,304.3800048828125,379
2021-12-28,XLES.MI,309.2099914550781,309.8999938964844,307.260009765625,307.260009765625,204
2021-12-29,XLES.MI,310.9800109863281,310.9800109863281,305.29998779296875,305.29998779296875,41
2021-12-30,XLES.MI,306.2799987792969,306.6300048828125,305.04998779296875,305.04998779296875,90
2022-01-03,XLES.MI,304.70001220703125,313.5799865722656,304.70001220703125,313.5799865722656,1078
2022-01-04,XLES.MI,314.510009765625,324.260009765625,314.5,323.3900146484375,347
2022-01-05,XLES.MI,325.95001220703125,330.5899963378906,325.8999938964844,328.5799865722656,1439
2022-01-06,XLES.MI,327.1099853515625,331.8500061035156,327.1099853515625,330.1600036621094,1846
2022-01-07,XLES.MI,333.0299987792969,335.4800109863281,332.0,334.44000244140625,2037
2022-01-10,XLES.MI,339.3399963378906,339.3399963378906,332.0400085449219,334.80999755859375,426
2022-01-11,XLES.MI,338.42999267578125,339.95001220703125,336.4200134277344,339.6499938964844,1480
2022-01-12,XLES.MI,347.1199951171875,348.7799987792969,343.489990234375,344.2099914550781,3069
2022-01-13,XLES.MI,343.70001220703125,345.6300048828125,343.5,345.6300048828125,110
2022-01-14,XLES.MI,344.17999267578125,350.010009765625,343.2799987792969,348.2699890136719,1407
2022-01-17,XLES.MI,353.3299865722656,354.0,352.2699890136719,353.3800048828125,975
2022-01-18,XLES.MI,354.54998779296875,361.4800109863281,353.7200012207031,354.1199951171875,1911
2022-01-19,XLES.MI,354.5299987792969,361.0299987792969,350.5899963378906,353.69000244140625,1591
2022-01-20,XLES.MI,354.45001220703125,357.69000244140625,351.6000061035156,357.69000244140625,1520
2022-01-21,XLES.MI,350.0,350.0,338.6600036621094,346.8299865722656,494
2022-01-24,XLES.MI,343.9100036621094,344.0,329.8399963378906,334.4599914550781,2764
2022-01-25,XLES.MI,342.42999267578125,351.6600036621094,340.510009765625,351.6600036621094,1081
2022-01-26,XLES.MI,361.80999755859375,367.42999267578125,360.44000244140625,364.5199890136719,1968
2022-01-27,XLES.MI,362.2799987792969,372.989990234375,362.2799987792969,368.1300048828125,1733
2022-01-28,XLES.MI,371.0,371.0,362.8999938964844,365.0199890136719,2318
2022-01-31,XLES.MI,366.54998779296875,367.0899963378906,359.3399963378906,363.1300048828125,3400
2022-02-01,XLES.MI,365.6600036621094,376.79998779296875,361.260009765625,375.5199890136719,2501
2022-02-02,XLES.MI,373.9100036621094,376.8900146484375,370.3500061035156,372.1300048828125,1170
2022-02-03,XLES.MI,375.07000732421875,377.70001220703125,367.7699890136719,367.7699890136719,2219
2022-02-04,XLES.MI,373.30999755859375,379.5199890136719,368.4800109863281,375.1300048828125,3320
2022-02-07,XLES.MI,373.75,380.2200012207031,370.1000061035156,380.2200012207031,1613
2022-02-08,XLES.MI,380.4200134277344,381.989990234375,369.4599914550781,370.45001220703125,2032
2022-02-09,XLES.MI,372.6600036621094,376.0,370.2900085449219,375.3299865722656,5645
2022-02-10,XLES.MI,373.95001220703125,380.3900146484375,373.0,375.9100036621094,1697
2022-02-11,XLES.MI,372.6700134277344,381.3900146484375,372.510009765625,380.19000244140625,2930
2022-02-14,XLES.MI,389.3900146484375,389.3900146484375,373.8500061035156,375.8800048828125,2911
2022-02-15,XLES.MI,377.69000244140625,377.760009765625,367.29998779296875,371.4800109863281,2395
2022-02-16,XLES.MI,373.20001220703125,380.489990234375,373.20001220703125,378.17999267578125,2670
2022-02-17,XLES.MI,376.0,378.3699951171875,372.6300048828125,374.7799987792969,1979
2022-02-18,XLES.MI,374.5799865722656,375.0,370.3599853515625,374.1300048828125,2192
2022-02-21,XLES.MI,374.7300109863281,374.7300109863281,371.3599853515625,374.2900085449219,677
2022-02-22,XLES.MI,383.7900085449219,383.94000244140625,371.9700012207031,371.9700012207031,4137
2022-02-23,XLES.MI,367.7799987792969,371.8999938964844,366.739990234375,370.760009765625,2657
2022-02-24,XLES.MI,375.0,389.989990234375,371.57000732421875,374.760009765625,1189
2022-02-25,XLES.MI,374.95001220703125,376.8999938964844,368.9100036621094,376.5199890136719,1842
2022-02-28,XLES.MI,381.05999755859375,388.1499938964844,378.04998779296875,387.82000732421875,2313
2022-03-01,XLES.MI,394.20001220703125,402.739990234375,392.989990234375,399.5799865722656,964
2022-03-02,XLES.MI,409.239990234375,411.3399963378906,406.0,406.7799987792969,1561
2022-03-03,XLES.MI,414.260009765625,415.3699951171875,403.92999267578125,411.2699890136719,2936
2022-03-04,XLES.MI,413.3900146484375,422.5299987792969,409.0400085449219,420.30999755859375,909
2022-03-07,XLES.MI,438.4100036621094,449.0899963378906,429.79998779296875,438.489990234375,1913
2022-03-08,XLES.MI,439.0,455.05999755859375,438.1000061035156,451.30999755859375,4852
2022-03-09,XLES.MI,441.2699890136719,444.260009765625,414.760009765625,427.9700012207031,3857
2022-03-10,XLES.MI,423.17999267578125,434.30999755859375,421.2300109863281,434.30999755859375,1302
2022-03-11,XLES.MI,441.42999267578125,443.489990234375,429.8299865722656,435.82000732421875,3065
2022-03-14,XLES.MI,434.489990234375,434.489990234375,415.9599914550781,420.57000732421875,3133
2022-03-15,XLES.MI,407.760009765625,411.3599853515625,399.75,411.3599853515625,3801
2022-03-16,XLES.MI,413.55999755859375,413.55999755859375,402.0,405.2900085449219,2780
2022-03-17,XLES.MI,403.75,413.4599914550781,403.75,413.4599914550781,1222
2022-03-18,XLES.MI,415.55999755859375,417.6199951171875,414.25,415.54998779296875,1084
2022-03-21,XLES.MI,423.6099853515625,433.2099914550781,422.8999938964844,432.55999755859375,1370
2022-03-22,XLES.MI,435.0,436.0199890136719,426.45001220703125,427.739990234375,1966
2022-03-23,XLES.MI,429.4599914550781,443.9200134277344,429.4599914550781,439.6400146484375,2030
2022-03-24,XLES.MI,442.6600036621094,444.2799987792969,440.5899963378906,440.6400146484375,2282
2022-03-25,XLES.MI,441.2200012207031,449.79998779296875,435.9599914550781,448.55999755859375,888
2022-03-28,XLES.MI,447.6600036621094,448.5899963378906,439.260009765625,439.5400085449219,2129
2022-03-29,XLES.MI,441.0799865722656,446.75,417.3999938964844,427.0,1281
2022-03-30,XLES.MI,435.989990234375,438.25,431.3599853515625,434.989990234375,526
2022-03-31,XLES.MI,430.1199951171875,441.32000732421875,427.95001220703125,439.8800048828125,885
2022-04-01,XLES.MI,429.6099853515625,441.57000732421875,429.6099853515625,440.05999755859375,2447
2022-04-04,XLES.MI,440.1000061035156,442.989990234375,436.6099853515625,437.55999755859375,786
2022-04-05,XLES.MI,442.1600036621094,447.9100036621094,440.760009765625,441.9599914550781,1562
2022-04-06,XLES.MI,441.6499938964844,443.6000061035156,436.260009765625,440.29998779296875,1615
2022-04-07,XLES.MI,439.0,440.54998779296875,435.5199890136719,435.5199890136719,2274
2022-04-08,XLES.MI,446.20001220703125,456.0899963378906,444.8299865722656,455.7799987792969,2331
2022-04-11,XLES.MI,456.0,456.0,445.1000061035156,446.75,2612
2022-04-12,XLES.MI,449.29998779296875,458.82000732421875,447.8999938964844,458.82000732421875,1414
2022-04-13,XLES.MI,454.67999267578125,460.1000061035156,453.7900085449219,454.8699951171875,1675
2022-04-14,XLES.MI,454.5799865722656,461.70001220703125,452.7699890136719,461.1700134277344,378
2022-04-19,XLES.MI,466.20001220703125,472.94000244140625,464.32000732421875,464.32000732421875,699
2022-04-20,XLES.MI,470.1000061035156,470.1000061035156,461.6099853515625,464.1400146484375,2039
2022-04-21,XLES.MI,468.1700134277344,468.1700134277344,462.3999938964844,464.4700012207031,2475
2022-04-22,XLES.MI,451.1700134277344,454.6400146484375,446.0,449.6199951171875,629
2022-04-25,XLES.MI,436.2200012207031,438.5199890136719,418.19000244140625,418.9200134277344,2495
2022-04-26,XLES.MI,429.3399963378906,441.3699951171875,427.0,441.3699951171875,4590
2022-04-27,XLES.MI,434.6499938964844,443.1199951171875,431.8399963378906,442.54998779296875,4561
2022-04-28,XLES.MI,445.0,450.3900146484375,439.54998779296875,446.9800109863281,1579
2022-04-29,XLES.MI,455.9100036621094,459.45001220703125,452.82000732421875,455.6400146484375,1928
2022-05-02,XLES.MI,449.8599853515625,451.1600036621094,441.69000244140625,444.44000244140625,1058
2022-05-03,XLES.MI,451.69000244140625,465.5899963378906,450.9800109863281,465.30999755859375,1819
2022-05-04,XLES.MI,471.5799865722656,475.5899963378906,469.260009765625,469.5899963378906,2056
2022-05-05,XLES.MI,482.489990234375,488.4700012207031,477.4200134277344,477.4200134277344,3396
2022-05-06,XLES.MI,482.260009765625,485.57000732421875,475.3500061035156,485.57000732421875,1339
2022-05-09,XLES.MI,490.29998779296875,490.7799987792969,459.2099914550781,459.2099914550781,3130
2022-05-10,XLES.MI,454.7799987792969,467.260009765625,452.3599853515625,456.1499938964844,1574
2022-05-11,XLES.MI,459.5299987792969,474.3299865722656,459.45001220703125,474.3299865722656,799
2022-05-12,XLES.MI,463.19000244140625,466.739990234375,457.1400146484375,465.80999755859375,987
2022-05-13,XLES.MI,473.5899963378906,485.19000244140625,471.7099914550781,484.239990234375,1105
2022-05-16,XLES.MI,485.5,498.57000732421875,478.760009765625,495.95001220703125,1309
2022-05-17,XLES.MI,498.20001220703125,502.70001220703125,497.489990234375,499.75,939
2022-05-18,XLES.MI,499.8500061035156,503.55999755859375,488.8900146484375,488.8900146484375,1150
2022-05-19,XLES.MI,486.8900146484375,486.8900146484375,473.760009765625,478.6400146484375,1470
2022-05-20,XLES.MI,484.80999755859375,490.989990234375,482.8800048828125,482.8800048828125,120
2022-05-23,XLES.MI,489.1000061035156,491.8800048828125,482.2200012207031,491.57000732421875,1233
2022-05-24,XLES.MI,485.0,490.2900085449219,481.1600036621094,481.45001220703125,671
2022-05-25,XLES.MI,496.8299865722656,504.8699951171875,494.29998779296875,499.95001220703125,1915
2022-05-26,XLES.MI,506.7799987792969,510.80999755859375,504.0799865722656,510.3299865722656,1356
2022-05-27,XLES.MI,508.1000061035156,514.5800170898438,506.6499938964844,514.22998046875,701
2022-05-30,XLES.MI,518.2000122070312,522.4500122070312,516.6599731445312,517.8099975585938,1064
2022-05-31,XLES.MI,519.489990234375,528.4400024414062,519.489990234375,519.9099731445312,1505
2022-06-01,XLES.MI,514.75,517.6900024414062,511.45001220703125,516.8300170898438,795
2022-06-02,XLES.MI,519.22998046875,519.22998046875,511.44000244140625,517.2999877929688,1398
2022-06-03,XLES.MI,513.1400146484375,524.010009765625,511.9200134277344,521.6199951171875,879
2022-06-06,XLES.MI,528.8300170898438,528.8300170898438,522.0,524.0999755859375,845
2022-06-07,XLES.MI,527.760009765625,534.3400268554688,524.0999755859375,533.030029296875,2143
2022-06-08,XLES.MI,538.4000244140625,544.02001953125,537.489990234375,543.4099731445312,1934
2022-06-09,XLES.MI,539.7999877929688,542.0,536.0999755859375,536.0999755859375,356
2022-06-10,XLES.MI,528.969970703125,539.0,526.1099853515625,528.3599853515625,1393
2022-06-13,XLES.MI,522.2899780273438,522.2899780273438,497.54998779296875,505.3999938964844,2031
2022-06-14,XLES.MI,510.0299987792969,521.0900268554688,507.8299865722656,517.3099975585938,1856
2022-06-15,XLES.MI,508.2900085449219,508.2900085449219,498.7300109863281,500.67999267578125,2824
2022-06-16,XLES.MI,496.5199890136719,496.5199890136719,469.989990234375,469.989990234375,765
2022-06-17,XLES.MI,463.9599914550781,468.4599914550781,435.260009765625,437.6700134277344,7499
2022-06-20,XLES.MI,435.3299865722656,438.5,434.1600036621094,437.75,834
2022-06-21,XLES.MI,438.7300109863281,457.8399963378906,438.7300109863281,455.57000732421875,2089
2022-06-22,XLES.MI,442.1099853515625,443.989990234375,432.0199890136719,438.5899963378906,1958
2022-06-23,XLES.MI,431.1700134277344,444.0299987792969,424.1400146484375,424.1400146484375,1139
2022-06-24,XLES.MI,422.6499938964844,435.9100036621094,422.6499938964844,435.9100036621094,884
2022-06-27,XLES.MI,429.8999938964844,440.05999755859375,426.6400146484375,439.6700134277344,4234
2022-06-28,XLES.MI,439.6400146484375,459.0400085449219,439.6400146484375,450.760009765625,498
2022-06-29,XLES.MI,453.3599853515625,460.75,441.1499938964844,441.20001220703125,3811
2022-06-30,XLES.MI,434.70001220703125,440.4200134277344,429.55999755859375,434.9599914550781,3583
2022-07-01,XLES.MI,425.9800109863281,440.2900085449219,425.9800109863281,429.1499938964844,1019
2022-07-04,XLES.MI,437.1199951171875,444.4100036621094,436.7200012207031,444.4100036621094,843
2022-07-05,XLES.MI,447.17999267578125,449.739990234375,421.0299987792969,421.0299987792969,3451
2022-07-06,XLES.MI,429.1099853515625,430.4100036621094,411.6499938964844,414.5299987792969,622
2022-07-07,XLES.MI,422.8500061035156,441.3299865722656,422.8500061035156,441.3299865722656,5553
2022-07-08,XLES.MI,439.8699951171875,445.4599914550781,437.04998779296875,439.5400085449219,1427
2022-07-11,XLES.MI,436.0299987792969,442.0400085449219,432.8599853515625,435.42999267578125,1451
2022-07-12,XLES.MI,435.30999755859375,436.29998779296875,423.6700134277344,429.5,2092
2022-07-13,XLES.MI,431.7099914550781,439.75,429.20001220703125,429.510009765625,978
2022-07-14,XLES.MI,424.5,424.5,414.1199951171875,416.3500061035156,2262
2022-07-15,XLES.MI,422.25,432.0400085449219,419.55999755859375,425.1499938964844,1646
2022-07-18,XLES.MI,433.7900085449219,441.1199951171875,431.489990234375,436.5899963378906,2056
2022-07-19,XLES.MI,436.8699951171875,438.5,429.07000732421875,436.45001220703125,2334
2022-07-20,XLES.MI,440.7099914550781,447.04998779296875,438.5199890136719,445.6000061035156,1010
2022-07-21,XLES.MI,445.42999267578125,448.5299987792969,431.6000061035156,436.32000732421875,4064
2022-07-22,XLES.MI,444.4100036621094,448.4100036621094,440.239990234375,443.79998779296875,1794
2022-07-25,XLES.MI,438.3399963378906,453.239990234375,434.30999755859375,452.9700012207031,2022
2022-07-26,XLES.MI,456.6700134277344,466.6400146484375,454.760009765625,454.760009765625,2004
2022-07-27,XLES.MI,456.8599853515625,459.8999938964844,454.1099853515625,459.260009765625,337
2022-07-28,XLES.MI,463.3599853515625,469.55999755859375,458.29998779296875,463.5299987792969,1002
2022-07-29,XLES.MI,462.7099914550781,484.04998779296875,462.7099914550781,479.1099853515625,2910
2022-08-01,XLES.MI,481.2699890136719,481.510009765625,465.5400085449219,466.55999755859375,1611
2022-08-02,XLES.MI,464.6600036621094,473.5899963378906,464.6600036621094,473.5899963378906,785
2022-08-03,XLES.MI,472.3999938964844,476.0,465.3500061035156,466.0199890136719,1175
2022-08-04,XLES.MI,459.17999267578125,462.0,445.7799987792969,446.3299865722656,4830
2022-08-05,XLES.MI,444.0400085449219,455.6300048828125,438.5799865722656,452.55999755859375,2136
2022-08-08,XLES.MI,455.510009765625,456.4100036621094,450.32000732421875,456.4100036621094,1328
2022-08-09,XLES.MI,453.8900146484375,465.25,451.1499938964844,461.7900085449219,1505
2022-08-10,XLES.MI,459.3900146484375,460.0899963378906,448.0,458.20001220703125,1777
2022-08-11,XLES.MI,461.07000732421875,471.0899963378906,459.6000061035156,470.8699951171875,1224
2022-08-12,XLES.MI,478.95001220703125,479.70001220703125,474.0799865722656,475.2200012207031,68
2022-08-16,XLES.MI,477.20001220703125,482.5899963378906,472.80999755859375,473.9599914550781,1610
2022-08-17,XLES.MI,478.07000732421875,483.6499938964844,473.1700134277344,478.1700134277344,1856
2022-08-18,XLES.MI,481.1300048828125,494.67999267578125,481.1300048828125,490.9700012207031,566
2022-08-19,XLES.MI,494.0,499.8999938964844,491.8299865722656,498.8900146484375,2215
2022-08-22,XLES.MI,498.1400146484375,505.2200012207031,491.82000732421875,504.1700134277344,1796
2022-08-23,XLES.MI,509.2900085449219,521.4500122070312,507.3800048828125,521.4500122070312,1501
2022-08-24,XLES.MI,523.3800048828125,528.25,521.1199951171875,521.1199951171875,3610
2022-08-25,XLES.MI,529.8900146484375,532.489990234375,526.0,529.6599731445312,1372
2022-08-26,XLES.MI,531.0,532.6400146484375,522.7999877929688,523.010009765625,954
2022-08-29,XLES.MI,532.0900268554688,536.3900146484375,520.0900268554688,535.6900024414062,2028
2022-08-30,XLES.MI,532.9099731445312,532.969970703125,511.7099914550781,511.7099914550781,1454
2022-08-31,XLES.MI,511.92999267578125,513.7999877929688,498.6600036621094,509.5899963378906,2431
2022-09-01,XLES.MI,504.5,505.1400146484375,496.17999267578125,500.5199890136719,2449
2022-09-02,XLES.MI,506.3500061035156,510.0,503.9700012207031,508.3999938964844,1185
2022-09-05,XLES.MI,516.0700073242188,522.0700073242188,516.0700073242188,520.0,202
2022-09-06,XLES.MI,519.8200073242188,519.8200073242188,504.30999755859375,506.010009765625,1323
2022-09-07,XLES.MI,502.9200134277344,509.3299865722656,493.4599914550781,496.75,4183
2022-09-08,XLES.MI,494.67999267578125,498.739990234375,494.0,497.2799987792969,2336
2022-09-09,XLES.MI,496.4599914550781,507.07000732421875,496.4599914550781,503.20001220703125,717
2022-09-12,XLES.MI,502.7900085449219,518.0,501.6099853515625,514.2100219726562,1062
2022-09-13,XLES.MI,514.2100219726562,514.2100219726562,514.2100219726562,514.2100219726562,0
2022-09-14,XLES.MI,514.2100219726562,514.2100219726562,514.2100219726562,514.2100219726562,0
2022-09-15,XLES.MI,514.2100219726562,514.2100219726562,514.2100219726562,514.2100219726562,0
2022-09-16,XLES.MI,514.2100219726562,514.2100219726562,514.2100219726562,514.2100219726562,0
2022-09-19,XLES.MI,514.2100219726562,514.2100219726562,514.2100219726562,514.2100219726562,0
2022-09-20,XLES.MI,514.2100219726562,514.2100219726562,514.2100219726562,514.2100219726562,0
2022-09-21,XLES.MI,503.95001220703125,508.94000244140625,500.3800048828125,502.2300109863281,1347
2022-09-22,XLES.MI,494.6499938964844,502.1099853515625,494.6499938964844,499.2200012207031,881
2022-09-23,XLES.MI,491.1600036621094,492.2200012207031,465.989990234375,467.82000732421875,884
2022-09-26,XLES.MI,459.6199951171875,468.739990234375,458.3500061035156,463.5899963378906,888
2022-09-27,XLES.MI,465.1099853515625,470.94000244140625,463.0400085449219,466.760009765625,560
2022-09-28,XLES.MI,459.6000061035156,474.67999267578125,457.9100036621094,474.1400146484375,902
2022-09-29,XLES.MI,475.30999755859375,479.3699951171875,466.010009765625,470.489990234375,1953
2022-09-30,XLES.MI,478.8399963378906,479.0,468.3999938964844,475.7900085449219,1420
2022-10-03,XLES.MI,480.20001220703125,495.25,480.20001220703125,491.29998779296875,4370
2022-10-04,XLES.MI,499.8800048828125,507.17999267578125,498.05999755859375,505.7200012207031,2454
2022-10-05,XLES.MI,509.92999267578125,524.469970703125,508.0899963378906,523.3300170898438,2861
2022-10-06,XLES.MI,521.75,535.6900024414062,518.510009765625,532.6900024414062,3022
2022-10-07,XLES.MI,535.0,545.6799926757812,535.0,545.1500244140625,1980
2022-10-10,XLES.MI,539.5700073242188,545.260009765625,527.969970703125,530.9199829101562,1066
2022-10-11,XLES.MI,523.3499755859375,526.4000244140625,517.97998046875,526.4000244140625,549
2022-10-12,XLES.MI,528.1500244140625,530.7000122070312,519.6699829101562,526.1699829101562,1560
2022-10-13,XLES.MI,532.0900268554688,545.0,526.0900268554688,541.7000122070312,650
2022-10-14,XLES.MI,554.0800170898438,554.0800170898438,532.0,536.02001953125,1544
2022-10-17,XLES.MI,535.0,539.8900146484375,530.3499755859375,533.0,1265
2022-10-18,XLES.MI,535.3099975585938,535.3200073242188,525.7100219726562,526.510009765625,334
2022-10-19,XLES.MI,534.4000244140625,548.8599853515625,534.4000244140625,548.8599853515625,1202
2022-10-20,XLES.MI,554.9299926757812,561.510009765625,551.9099731445312,555.510009765625,1511
2022-10-21,XLES.MI,554.8699951171875,563.4099731445312,546.6799926757812,560.0499877929688,1603
2022-10-24,XLES.MI,557.8800048828125,568.530029296875,557.8800048828125,564.8900146484375,669
2022-10-25,XLES.MI,565.0,565.6599731445312,557.6400146484375,557.6400146484375,898
2022-10-26,XLES.MI,556.969970703125,566.739990234375,556.5700073242188,566.6500244140625,228
2022-10-27,XLES.MI,564.6599731445312,577.6500244140625,564.6500244140625,577.6500244140625,2280
2022-10-28,XLES.MI,566.4000244140625,580.280029296875,565.0,567.0,2974
2022-10-31,XLES.MI,570.780029296875,588.219970703125,568.8200073242188,579.3300170898438,1181
2022-11-01,XLES.MI,589.0700073242188,590.1799926757812,584.02001953125,590.1799926757812,1093
2022-11-02,XLES.MI,585.2999877929688,589.3300170898438,577.3200073242188,585.4299926757812,1276
2022-11-03,XLES.MI,579.1400146484375,596.3499755859375,577.8200073242188,596.3499755859375,5799
2022-11-04,XLES.MI,602.8900146484375,604.6699829101562,584.2999877929688,584.760009765625,1178
2022-11-07,XLES.MI,585.0800170898438,597.1099853515625,582.6099853515625,597.1099853515625,566
2022-11-08,XLES.MI,597.25,597.25,588.530029296875,589.1199951171875,1971
2022-11-09,XLES.MI,592.1599731445312,592.1599731445312,575.0,576.6599731445312,2523
2022-11-10,XLES.MI,566.1199951171875,579.5900268554688,560.0,567.4400024414062,2519
2022-11-11,XLES.MI,575.0,580.0900268554688,569.8800048828125,575.530029296875,978
2022-11-14,XLES.MI,576.0,585.2999877929688,575.780029296875,582.02001953125,1791
2022-11-15,XLES.MI,576.8599853515625,579.72998046875,569.5499877929688,574.739990234375,870
2022-11-16,XLES.MI,581.719970703125,582.260009765625,572.469970703125,572.5,2241
2022-11-17,XLES.MI,568.4000244140625,569.2999877929688,558.0900268554688,561.25,2088
2022-11-18,XLES.MI,571.9500122070312,572.0,552.5900268554688,562.97998046875,772
2022-11-21,XLES.MI,563.1099853515625,568.4199829101562,544.010009765625,544.989990234375,1896
2022-11-22,XLES.MI,565.3800048828125,574.22998046875,562.9400024414062,574.22998046875,2719
2022-11-23,XLES.MI,577.9400024414062,580.3699951171875,563.3900146484375,565.6599731445312,1189
2022-11-24,XLES.MI,565.5399780273438,565.6500244140625,563.5999755859375,565.6500244140625,96
2022-11-25,XLES.MI,568.0,571.4600219726562,566.3499755859375,566.3499755859375,1416
2022-11-28,XLES.MI,557.760009765625,557.760009765625,544.6400146484375,552.9099731445312,925
2022-11-29,XLES.MI,556.52001953125,561.0599975585938,555.8200073242188,556.2100219726562,1307
2022-11-30,XLES.MI,557.989990234375,565.5599975585938,557.0800170898438,561.1099853515625,1488
2022-12-01,XLES.MI,559.4400024414062,559.4400024414062,553.8300170898438,555.239990234375,542
2022-12-02,XLES.MI,549.1599731445312,554.3400268554688,545.760009765625,551.7999877929688,3357
2022-12-05,XLES.MI,546.3400268554688,550.8400268554688,540.1300048828125,540.1799926757812,319
2022-12-06,XLES.MI,531.2899780273438,533.22998046875,522.4600219726562,522.8099975585938,1186
2022-12-07,XLES.MI,518.0,521.27001953125,513.5,515.5,2099
2022-12-08,XLES.MI,516.6300048828125,527.0900268554688,511.3999938964844,512.969970703125,3115
2022-12-09,XLES.MI,509.82000732421875,512.7999877929688,505.5199890136719,507.760009765625,3184
2022-12-12,XLES.MI,498.19000244140625,508.8699951171875,494.6400146484375,508.8699951171875,2697
2022-12-13,XLES.MI,513.25,517.8200073242188,512.8499755859375,515.4199829101562,551
2022-12-14,XLES.MI,515.8900146484375,520.760009765625,509.2699890136719,515.6400146484375,956
2022-12-15,XLES.MI,509.8800048828125,513.3800048828125,502.9700012207031,502.9700012207031,785
2022-12-16,XLES.MI,505.1300048828125,505.1300048828125,499.0199890136719,501.44000244140625,689
2022-12-19,XLES.MI,504.57000732421875,510.69000244140625,504.57000732421875,508.510009765625,1804
2022-12-20,XLES.MI,500.0400085449219,512.1699829101562,500.0400085449219,510.7200012207031,939
2022-12-21,XLES.MI,512.1599731445312,522.22998046875,512.1599731445312,520.530029296875,3350
2022-12-22,XLES.MI,522.9400024414062,525.77001953125,512.1400146484375,514.8699951171875,360
2022-12-23,XLES.MI,513.219970703125,524.1099853515625,511.9800109863281,524.02001953125,321
2022-12-27,XLES.MI,525.3699951171875,530.1199951171875,525.3699951171875,529.489990234375,342
2022-12-28,XLES.MI,530.8499755859375,532.0399780273438,520.5700073242188,523.1599731445312,490
2022-12-29,XLES.MI,513.9199829101562,521.9400024414062,513.9199829101562,521.9400024414062,697
2022-12-30,XLES.MI,523.77001953125,523.77001953125,520.5800170898438,522.2000122070312,51
2023-01-02,XLES.MI,529.97998046875,538.1599731445312,527.5900268554688,535.6300048828125,45
2023-01-03,XLES.MI,540.4099731445312,540.4099731445312,521.02001953125,521.02001953125,18
2023-01-04,XLES.MI,505.94000244140625,511.07000732421875,502.9700012207031,511.07000732421875,641
2023-01-05,XLES.MI,513.0,520.22998046875,513.0,520.22998046875,84
2023-01-06,XLES.MI,526.0,535.0,525.8300170898438,534.1599731445312,146
2023-01-09,XLES.MI,532.2000122070312,536.9400024414062,527.8900146484375,527.8900146484375,638
2023-01-10,XLES.MI,519.4000244140625,523.9400024414062,518.1300048828125,518.1300048828125,576
2023-01-11,XLES.MI,525.6400146484375,526.9099731445312,523.5399780273438,525.1900024414062,477
2023-01-12,XLES.MI,527.530029296875,534.510009765625,525.8800048828125,534.219970703125,288
2023-01-13,XLES.MI,532.9000244140625,536.8900146484375,528.719970703125,532.9600219726562,59
2023-01-16,XLES.MI,530.7899780273438,531.4400024414062,530.7899780273438,531.3300170898438,88
2023-01-17,XLES.MI,532.510009765625,537.469970703125,531.75,535.3400268554688,524
2023-01-18,XLES.MI,532.52001953125,542.4500122070312,532.52001953125,537.5900268554688,300
2023-01-19,XLES.MI,520.3300170898438,525.4500122070312,520.3300170898438,522.97998046875,610
2023-01-20,XLES.MI,532.4099731445312,537.9099731445312,530.1300048828125,537.9099731445312,899
2023-01-23,XLES.MI,533.5999755859375,541.1099853515625,533.5900268554688,540.3099975585938,248
2023-01-24,XLES.MI,533.4600219726562,533.4600219726562,529.5800170898438,529.6300048828125,312
2023-01-25,XLES.MI,530.0999755859375,531.6699829101562,521.5599975585938,527.5599975585938,405
2023-01-26,XLES.MI,533.0800170898438,541.0399780273438,533.0800170898438,541.0399780273438,673
2023-01-27,XLES.MI,550.010009765625,551.760009765625,542.7999877929688,544.0499877929688,2935
2023-01-30,XLES.MI,536.739990234375,536.780029296875,532.7000122070312,533.0599975585938,621
2023-01-31,XLES.MI,529.5700073242188,531.3099975585938,520.8800048828125,530.1500244140625,2540
2023-02-01,XLES.MI,530.3300170898438,530.3300170898438,519.530029296875,520.5399780273438,943
2023-02-02,XLES.MI,514.27001953125,514.27001953125,507.6700134277344,508.55999755859375,720
2023-02-03,XLES.MI,508.6499938964844,514.0399780273438,503.1600036621094,512.8400268554688,392
2023-02-06,XLES.MI,509.32000732421875,513.25,504.57000732421875,509.55999755859375,1628
2023-02-07,XLES.MI,514.47998046875,518.219970703125,512.780029296875,518.219970703125,211
2023-02-08,XLES.MI,525.8400268554688,528.1699829101562,521.02001953125,521.02001953125,832
2023-02-09,XLES.MI,524.6400146484375,524.6500244140625,517.02001953125,521.4400024414062,1993
2023-02-10,XLES.MI,517.3200073242188,535.1099853515625,517.3200073242188,534.9199829101562,5011
2023-02-13,XLES.MI,537.0,537.0,531.239990234375,533.6099853515625,932
2023-02-14,XLES.MI,536.2899780273438,538.25,531.3200073242188,535.0499877929688,913
2023-02-15,XLES.MI,531.760009765625,533.9600219726562,527.8800048828125,527.8800048828125,1860
2023-02-16,XLES.MI,529.4500122070312,529.47998046875,525.4500122070312,528.0700073242188,1487
2023-02-17,XLES.MI,520.5700073242188,521.010009765625,507.6099853515625,507.6099853515625,409
2023-02-20,XLES.MI,505.75,507.2300109863281,503.6400146484375,504.57000732421875,97
2023-02-21,XLES.MI,502.5,507.44000244140625,502.489990234375,504.9800109863281,2689
2023-02-22,XLES.MI,503.54998779296875,504.82000732421875,500.0,501.9100036621094,567
2023-02-23,XLES.MI,503.3999938964844,512.0,503.3999938964844,507.04998779296875,423
2023-02-24,XLES.MI,510.9200134277344,512.219970703125,504.6700134277344,508.739990234375,488
2023-02-27,XLES.MI,513.6599731445312,515.02001953125,508.70001220703125,510.989990234375,460
2023-02-28,XLES.MI,511.5299987792969,515.1699829101562,508.0299987792969,508.0299987792969,756
2023-03-01,XLES.MI,504.0299987792969,512.5499877929688,499.57000732421875,509.6099853515625,1681
2023-03-02,XLES.MI,511.04998779296875,517.2000122070312,511.04998779296875,516.3900146484375,74
2023-03-03,XLES.MI,517.0,522.0800170898438,509.29998779296875,522.0800170898438,1260
2023-03-06,XLES.MI,521.2899780273438,522.6500244140625,518.3499755859375,518.9600219726562,292
2023-03-07,XLES.MI,522.8300170898438,523.219970703125,518.7000122070312,519.9000244140625,426
2023-03-08,XLES.MI,521.1099853515625,522.6199951171875,514.5700073242188,514.5700073242188,268
2023-03-09,XLES.MI,515.2100219726562,518.77001953125,513.02001953125,515.8400268554688,228
2023-03-10,XLES.MI,503.17999267578125,506.8800048828125,500.739990234375,506.8800048828125,247
2023-03-13,XLES.MI,496.5,496.5,473.67999267578125,483.3699951171875,2108
2023-03-14,XLES.MI,479.70001220703125,493.20001220703125,479.6499938964844,493.20001220703125,1395
2023-03-15,XLES.MI,486.2200012207031,486.2200012207031,463.2099914550781,463.2099914550781,2463
2023-03-16,XLES.MI,466.0,466.0899963378906,458.30999755859375,463.30999755859375,3381
2023-03-17,XLES.MI,472.0,475.1300048828125,458.1499938964844,462.7200012207031,1497
2023-03-20,XLES.MI,450.7900085449219,466.82000732421875,450.7900085449219,465.0799865722656,1869
2023-03-21,XLES.MI,467.2099914550781,478.5299987792969,467.2099914550781,476.1199951171875,1373
2023-03-22,XLES.MI,479.489990234375,479.82000732421875,476.2799987792969,476.2799987792969,234
2023-03-23,XLES.MI,467.05999755859375,469.67999267578125,464.8900146484375,465.80999755859375,827
2023-03-24,XLES.MI,457.0199890136719,462.3599853515625,452.5899963378906,462.3599853515625,2077
2023-03-27,XLES.MI,465.9800109863281,470.5199890136719,464.989990234375,467.7300109863281,5113
2023-03-28,XLES.MI,473.6000061035156,478.32000732421875,470.55999755859375,477.989990234375,1130
2023-03-29,XLES.MI,482.010009765625,485.07000732421875,481.0400085449219,483.3299865722656,1272
2023-03-30,XLES.MI,486.82000732421875,490.1300048828125,482.92999267578125,483.7699890136719,2072
2023-03-31,XLES.MI,485.3299865722656,488.95001220703125,484.1499938964844,488.95001220703125,539
2023-04-03,XLES.MI,501.8500061035156,514.0999755859375,501.8500061035156,509.739990234375,1277
2023-04-04,XLES.MI,513.1900024414062,515.5999755859375,498.510009765625,499.69000244140625,1754
2023-04-05,XLES.MI,498.7099914550781,503.5299987792969,497.79998779296875,500.3699951171875,904
2023-04-06,XLES.MI,508.20001220703125,509.79998779296875,501.7300109863281,502.8399963378906,832
2023-04-11,XLES.MI,510.489990234375,510.489990234375,505.30999755859375,509.6499938964844,407
2023-04-12,XLES.MI,511.1099853515625,512.8099975585938,506.6199951171875,507.70001220703125,716
2023-04-13,XLES.MI,505.9100036621094,506.8999938964844,502.3800048828125,506.7799987792969,995
2023-04-14,XLES.MI,505.3399963378906,512.0800170898438,505.20001220703125,508.80999755859375,653
2023-04-17,XLES.MI,512.1400146484375,513.8099975585938,508.32000732421875,508.32000732421875,2620
2023-04-18,XLES.MI,507.1600036621094,507.1600036621094,503.2200012207031,504.989990234375,2445
2023-04-19,XLES.MI,505.989990234375,505.989990234375,501.6600036621094,502.9200134277344,320
2023-04-20,XLES.MI,499.3999938964844,501.3399963378906,496.54998779296875,496.54998779296875,501
2023-04-21,XLES.MI,499.69000244140625,501.3699951171875,496.7300109863281,496.7300109863281,828
2023-04-24,XLES.MI,494.29998779296875,500.42999267578125,492.44000244140625,499.79998779296875,890
2023-04-25,XLES.MI,499.94000244140625,499.94000244140625,493.3299865722656,493.3299865722656,59
2023-04-26,XLES.MI,492.80999755859375,492.80999755859375,486.42999267578125,490.7200012207031,1669
2023-04-27,XLES.MI,485.9700012207031,487.8699951171875,483.1300048828125,485.05999755859375,2137
2023-04-28,XLES.MI,485.8699951171875,496.0299987792969,485.8699951171875,496.0299987792969,2412
2023-05-02,XLES.MI,491.6400146484375,491.6400146484375,468.30999755859375,468.30999755859375,387
2023-05-03,XLES.MI,466.82000732421875,466.82000732421875,460.6000061035156,460.6000061035156,1094
2023-05-04,XLES.MI,460.70001220703125,463.6199951171875,455.0899963378906,459.2300109863281,3714
2023-05-05,XLES.MI,459.1300048828125,472.3800048828125,459.1300048828125,467.9800109863281,2809
2023-05-08,XLES.MI,466.8500061035156,474.17999267578125,466.8500061035156,473.510009765625,648
2023-05-09,XLES.MI,467.8999938964844,473.9700012207031,467.239990234375,470.6000061035156,461
2023-05-10,XLES.MI,471.5,471.5,463.32000732421875,466.6099853515625,340
2023-05-11,XLES.MI,470.2699890136719,470.2699890136719,459.5400085449219,462.32000732421875,3615
2023-05-12,XLES.MI,461.57000732421875,470.4700012207031,461.57000732421875,467.1000061035156,1357
2023-05-15,XLES.MI,466.75,466.9700012207031,464.8999938964844,466.9100036621094,721
2023-05-16,XLES.MI,466.5799865722656,466.8500061035156,456.1499938964844,457.3399963378906,3612
2023-05-17,XLES.MI,457.2099914550781,463.1300048828125,457.2099914550781,463.1300048828125,714
2023-05-18,XLES.MI,466.239990234375,468.3599853515625,465.510009765625,467.8900146484375,355
2023-05-19,XLES.MI,473.1700134277344,478.4700012207031,472.6199951171875,473.8500061035156,760
2023-05-22,XLES.MI,472.29998779296875,475.3999938964844,472.29998779296875,475.3999938964844,1517
2023-05-23,XLES.MI,473.0199890136719,483.8599853515625,472.9800109863281,483.7099914550781,784
2023-05-24,XLES.MI,481.1400146484375,483.44000244140625,477.8800048828125,483.260009765625,2290
2023-05-25,XLES.MI,481.5199890136719,481.5199890136719,472.3500061035156,473.1700134277344,521
2023-05-26,XLES.MI,475.3699951171875,477.1000061035156,472.04998779296875,472.04998779296875,2008
2023-05-29,XLES.MI,473.8500061035156,474.5,472.7099914550781,474.3299865722656,573
2023-05-30,XLES.MI,469.6300048828125,469.6300048828125,464.92999267578125,465.44000244140625,484
2023-05-31,XLES.MI,466.7300109863281,470.07000732421875,460.57000732421875,463.94000244140625,2444
2023-06-01,XLES.MI,465.0,465.0,458.510009765625,463.94000244140625,300
2023-06-02,XLES.MI,468.45001220703125,476.6000061035156,468.45001220703125,476.6000061035156,728
2023-06-05,XLES.MI,484.7099914550781,487.739990234375,476.6600036621094,476.7300109863281,2638
2023-06-06,XLES.MI,474.5899963378906,481.3299865722656,472.1700134277344,480.5299987792969,1686
2023-06-07,XLES.MI,483.25,493.0799865722656,483.25,493.0799865722656,535
2023-06-08,XLES.MI,495.489990234375,496.6600036621094,487.7300109863281,488.3599853515625,654
2023-06-09,XLES.MI,490.75,490.75,486.44000244140625,488.42999267578125,104
2023-06-12,XLES.MI,483.1099853515625,484.3800048828125,480.0,482.1000061035156,348
2023-06-13,XLES.MI,481.8500061035156,491.8699951171875,481.4200134277344,488.25,697
2023-06-14,XLES.MI,485.8900146484375,488.1499938964844,478.010009765625,478.010009765625,403
2023-06-15,XLES.MI,475.8699951171875,480.1499938964844,474.1000061035156,480.1300048828125,63
2023-06-16,XLES.MI,478.32000732421875,478.9100036621094,475.4599914550781,476.0400085449219,341
2023-06-19,XLES.MI,474.94000244140625,477.7799987792969,474.94000244140625,475.6300048828125,666
2023-06-20,XLES.MI,476.3999938964844,477.3500061035156,464.70001220703125,464.70001220703125,534
2023-06-21,XLES.MI,465.7099914550781,472.1000061035156,464.7900085449219,472.1000061035156,676
2023-06-22,XLES.MI,466.17999267578125,466.6600036621094,460.07000732421875,462.69000244140625,1110
2023-06-23,XLES.MI,461.5199890136719,462.760009765625,460.0299987792969,461.2200012207031,528
2023-06-26,XLES.MI,460.2900085449219,468.010009765625,458.6300048828125,467.6000061035156,1218
2023-06-27,XLES.MI,467.739990234375,469.239990234375,464.1499938964844,467.82000732421875,70
2023-06-28,XLES.MI,466.1600036621094,472.95001220703125,465.79998779296875,472.95001220703125,699
2023-06-29,XLES.MI,476.010009765625,479.54998779296875,474.94000244140625,476.1700134277344,141
2023-06-30,XLES.MI,482.8500061035156,483.3599853515625,481.45001220703125,483.3599853515625,355
2023-07-03,XLES.MI,484.4100036621094,490.1700134277344,484.4100036621094,487.1099853515625,4255
2023-07-04,XLES.MI,485.0799865722656,486.8299865722656,482.20001220703125,486.6099853515625,20
2023-07-05,XLES.MI,487.2300109863281,487.239990234375,483.7200012207031,483.7200012207031,301
2023-07-06,XLES.MI,481.32000732421875,481.32000732421875,469.7099914550781,469.7099914550781,2702
2023-07-07,XLES.MI,471.5799865722656,477.0799865722656,469.32000732421875,477.0799865722656,1363
2023-07-10,XLES.MI,477.7300109863281,483.44000244140625,477.57000732421875,480.2300109863281,1449
2023-07-11,XLES.MI,481.32000732421875,490.29998779296875,479.989990234375,490.29998779296875,403
2023-07-12,XLES.MI,491.8399963378906,495.1499938964844,490.3299865722656,490.3299865722656,1960
2023-07-13,XLES.MI,490.95001220703125,492.8299865722656,487.57000732421875,488.20001220703125,3839
2023-07-14,XLES.MI,483.8699951171875,485.6400146484375,473.5299987792969,476.1700134277344,1227
2023-07-17,XLES.MI,472.5899963378906,477.42999267578125,471.010009765625,472.45001220703125,3844
2023-07-18,XLES.MI,470.29998779296875,482.1400146484375,470.29998779296875,482.1400146484375,1421
2023-07-19,XLES.MI,477.6700134277344,483.6199951171875,476.6499938964844,483.6199951171875,784
2023-07-20,XLES.MI,483.6099853515625,489.45001220703125,483.6099853515625,488.2300109863281,758
2023-07-21,XLES.MI,491.6099853515625,494.2699890136719,490.79998779296875,494.2699890136719,5276
2023-07-24,XLES.MI,494.5400085449219,507.760009765625,494.5400085449219,507.760009765625,309
2023-07-25,XLES.MI,504.8599853515625,509.0400085449219,504.70001220703125,507.17999267578125,954
2023-07-26,XLES.MI,509.8500061035156,509.8500061035156,504.8999938964844,508.3299865722656,250
2023-07-27,XLES.MI,508.989990234375,513.6300048828125,504.1400146484375,512.4299926757812,570
2023-07-28,XLES.MI,511.1199951171875,511.1199951171875,503.489990234375,507.8900146484375,2167
2023-07-31,XLES.MI,511.3299865722656,518.8599853515625,510.760009765625,518.5999755859375,1488
2023-08-01,XLES.MI,520.719970703125,521.010009765625,514.5800170898438,514.5800170898438,458
2023-08-02,XLES.MI,517.8499755859375,517.8499755859375,511.44000244140625,511.9100036621094,96
2023-08-03,XLES.MI,511.44000244140625,520.1099853515625,510.57000732421875,520.1099853515625,841
2023-08-04,XLES.MI,518.5,520.8400268554688,515.6699829101562,520.1300048828125,1725
2023-08-07,XLES.MI,516.010009765625,518.7100219726562,514.8699951171875,517.739990234375,1672
2023-08-08,XLES.MI,513.9500122070312,515.0499877929688,509.7300109863281,515.0499877929688,573
2023-08-09,XLES.MI,520.6799926757812,530.0,519.9500122070312,527.780029296875,885
2023-08-10,XLES.MI,529.0900268554688,529.1699829101562,525.1900024414062,526.280029296875,222
2023-08-11,XLES.MI,524.0700073242188,534.5800170898438,522.8400268554688,534.5800170898438,669
2023-08-14,XLES.MI,532.97998046875,537.25,532.9000244140625,533.8400268554688,46
2023-08-16,XLES.MI,523.3200073242188,528.9299926757812,523.0900268554688,527.3300170898438,455
2023-08-17,XLES.MI,522.0,532.47998046875,521.9600219726562,532.47998046875,49
2023-08-18,XLES.MI,528.3900146484375,530.9000244140625,525.739990234375,530.9000244140625,53
2023-08-21,XLES.MI,533.7899780273438,536.489990234375,527.4099731445312,528.6300048828125,1860
2023-08-22,XLES.MI,527.0999755859375,530.5700073242188,527.0999755859375,530.5700073242188,382
2023-08-23,XLES.MI,522.6199951171875,527.8099975585938,517.22998046875,522.3300170898438,474
2023-08-24,XLES.MI,522.8800048828125,526.8599853515625,522.72998046875,525.780029296875,198
2023-08-25,XLES.MI,527.4500122070312,528.6900024414062,524.4299926757812,528.25,429
2023-08-28,XLES.MI,528.8699951171875,535.3099975585938,528.3699951171875,532.0499877929688,318
2023-08-29,XLES.MI,533.6900024414062,534.0999755859375,528.5399780273438,528.8900146484375,225
2023-08-30,XLES.MI,531.2899780273438,532.0599975585938,528.52001953125,529.6199951171875,386
2023-08-31,XLES.MI,534.1199951171875,536.4099731445312,532.7899780273438,533.989990234375,161
2023-09-01,XLES.MI,538.8499755859375,545.4000244140625,537.6300048828125,545.4000244140625,62
2023-09-04,XLES.MI,547.6900024414062,547.6900024414062,546.4099731445312,546.4099731445312,54
2023-09-05,XLES.MI,548.4500122070312,558.7000122070312,548.25,558.6400146484375,1914
2023-09-06,XLES.MI,554.4299926757812,554.6500244140625,553.6199951171875,553.8499755859375,73
2023-09-07,XLES.MI,553.8099975585938,559.489990234375,553.530029296875,557.0499877929688,209
2023-09-08,XLES.MI,553.4600219726562,563.489990234375,553.1099853515625,563.489990234375,212
2023-09-11,XLES.MI,560.8900146484375,563.4199829101562,554.010009765625,554.010009765625,126
2023-09-12,XLES.MI,553.3200073242188,563.3200073242188,553.3200073242188,562.8599853515625,44
2023-09-13,XLES.MI,564.4500122070312,567.0,560.9199829101562,560.9199829101562,378
2023-09-14,XLES.MI,561.6400146484375,570.2000122070312,561.4400024414062,570.2000122070312,275
2023-09-15,XLES.MI,572.8499755859375,572.8499755859375,567.6300048828125,567.6300048828125,27
2023-09-18,XLES.MI,564.1199951171875,566.489990234375,564.1199951171875,566.489990234375,2
2023-09-19,XLES.MI,568.1500244140625,571.0,563.3699951171875,563.3699951171875,208
2023-09-20,XLES.MI,557.5900268554688,559.5700073242188,557.3900146484375,559.5700073242188,52
2023-09-21,XLES.MI,555.2100219726562,559.760009765625,552.4500122070312,552.4500122070312,222
2023-09-22,XLES.MI,552.4500122070312,552.4500122070312,552.4500122070312,552.4500122070312,0
2023-09-25,XLES.MI,549.6099853515625,558.8800048828125,549.6099853515625,558.8699951171875,183
2023-09-26,XLES.MI,555.5599975585938,558.1699829101562,555.5599975585938,557.8400268554688,140
2023-09-27,XLES.MI,559.6900024414062,573.260009765625,559.6900024414062,573.260009765625,173
2023-09-28,XLES.MI,577.1099853515625,578.4600219726562,574.260009765625,575.8699951171875,96
2023-09-29,XLES.MI,572.6599731445312,573.1900024414062,562.989990234375,562.989990234375,33
2023-10-02,XLES.MI,562.9000244140625,564.5900268554688,551.4000244140625,551.75,963
2023-10-03,XLES.MI,554.0900268554688,554.989990234375,551.25,551.25,50
2023-10-04,XLES.MI,551.4099731445312,551.4099731445312,534.0,537.02001953125,770
2023-10-05,XLES.MI,531.0399780273438,533.0,524.2899780273438,533.0,1647
2023-10-06,XLES.MI,530.6099853515625,533.5900268554688,529.6699829101562,529.6699829101562,11
2023-10-09,XLES.MI,545.9600219726562,553.0,545.9600219726562,552.75,412
2023-10-10,XLES.MI,555.4600219726562,555.4600219726562,549.8200073242188,552.1400146484375,597
2023-10-11,XLES.MI,552.469970703125,552.469970703125,538.9400024414062,538.9400024414062,10
2023-10-12,XLES.MI,544.9099731445312,550.1599731445312,544.9099731445312,549.2999877929688,312
2023-10-13,XLES.MI,553.5700073242188,560.6599731445312,553.5700073242188,560.6599731445312,53
2023-10-16,XLES.MI,561.510009765625,565.9099731445312,561.510009765625,563.6799926757812,143
2023-10-17,XLES.MI,561.3300170898438,567.6300048828125,561.3300170898438,566.5,387
2023-10-18,XLES.MI,570.3900146484375,575.4400024414062,570.3900146484375,575.4400024414062,489
2023-10-19,XLES.MI,575.4299926757812,575.4299926757812,566.2100219726562,573.8200073242188,235
2023-10-20,XLES.MI,569.8200073242188,570.8900146484375,563.0999755859375,563.0999755859375,194
2023-10-23,XLES.MI,558.5,558.5,552.7100219726562,552.7100219726562,74
2023-10-24,XLES.MI,548.510009765625,553.0900268554688,547.8099975585938,547.8499755859375,1335
2023-10-25,XLES.MI,541.8400268554688,545.6599731445312,541.280029296875,541.280029296875,474
2023-10-26,XLES.MI,544.969970703125,544.969970703125,540.0399780273438,540.0399780273438,155
2023-10-27,XLES.MI,543.4299926757812,545.3900146484375,525.510009765625,525.510009765625,432
2023-10-30,XLES.MI,529.0900268554688,529.0900268554688,523.0599975585938,523.0599975585938,8
2023-10-31,XLES.MI,526.0800170898438,528.25,523.6699829101562,528.25,255
2023-11-01,XLES.MI,528.9400024414062,535.5399780273438,528.9400024414062,533.8699951171875,19
2023-11-02,XLES.MI,530.3099975585938,538.280029296875,527.510009765625,537.2000122070312,123
2023-11-03,XLES.MI,540.27001953125,541.989990234375,530.760009765625,530.760009765625,61
2023-11-06,XLES.MI,532.239990234375,534.75,528.25,528.3300170898438,229
2023-11-07,XLES.MI,523.3900146484375,523.3900146484375,513.2899780273438,513.2899780273438,1149
2023-11-08,XLES.MI,515.0900268554688,516.6400146484375,511.2300109863281,511.2300109863281,515
2023-11-09,XLES.MI,509.04998779296875,512.3300170898438,507.70001220703125,509.0899963378906,628
2023-11-10,XLES.MI,511.4800109863281,514.6900024414062,510.3800048828125,510.3800048828125,38
2023-11-13,XLES.MI,510.3599853515625,516.0700073242188,509.6300048828125,516.0700073242188,13
2023-11-14,XLES.MI,514.6900024414062,515.8599853515625,513.3099975585938,513.3099975585938,781
2023-11-15,XLES.MI,514.1900024414062,515.3599853515625,510.010009765625,515.3599853515625,109
2023-11-16,XLES.MI,510.29998779296875,512.0599975585938,498.7799987792969,498.7799987792969,21
2023-11-17,XLES.MI,505.489990234375,508.1499938964844,505.20001220703125,508.1499938964844,206
2023-11-20,XLES.MI,508.6400146484375,513.2000122070312,508.6400146484375,509.489990234375,724
2023-11-21,XLES.MI,506.2799987792969,507.4599914550781,505.6000061035156,507.4599914550781,53
2023-11-22,XLES.MI,509.07000732421875,509.07000732421875,495.6099853515625,507.010009765625,1136
2023-11-23,XLES.MI,505.3999938964844,507.6000061035156,505.3999938964844,507.6000061035156,29
2023-11-24,XLES.MI,507.6199951171875,512.0999755859375,507.6199951171875,511.6700134277344,451
2023-11-27,XLES.MI,505.8399963378906,506.8599853515625,504.9100036621094,506.1300048828125,447
2023-11-28,XLES.MI,507.6300048828125,509.07000732421875,506.489990234375,509.07000732421875,118
2023-11-29,XLES.MI,506.0199890136719,508.8500061035156,503.7900085449219,503.7900085449219,272
2023-11-30,XLES.MI,505.0,512.2899780273438,502.9800109863281,502.9800109863281,3175
2023-12-01,XLES.MI,512.219970703125,516.9299926757812,509.6000061035156,516.9299926757812,69
2023-12-04,XLES.MI,511.9700012207031,513.6400146484375,509.510009765625,513.0900268554688,295
2023-12-05,XLES.MI,512.47998046875,512.47998046875,509.1400146484375,510.6099853515625,258
2023-12-06,XLES.MI,505.9100036621094,507.0799865722656,497.95001220703125,500.42999267578125,206
2023-12-07,XLES.MI,498.7699890136719,499.7900085449219,496.510009765625,496.510009765625,253
2023-12-08,XLES.MI,497.30999755859375,500.54998779296875,497.30999755859375,500.54998779296875,9
2023-12-11,XLES.MI,500.55999755859375,503.2200012207031,500.04998779296875,503.2200012207031,179
2023-12-12,XLES.MI,500.5,500.5,493.7900085449219,493.7900085449219,125
2023-12-13,XLES.MI,492.510009765625,495.69000244140625,492.510009765625,495.05999755859375,63
2023-12-14,XLES.MI,495.1600036621094,503.19000244140625,494.8399963378906,503.19000244140625,186
2023-12-15,XLES.MI,508.7300109863281,510.8900146484375,504.9200134277344,504.9200134277344,195
2023-12-18,XLES.MI,509.010009765625,514.3499755859375,509.010009765625,514.3499755859375,83
2023-12-19,XLES.MI,509.07000732421875,512.2999877929688,509.07000732421875,512.2999877929688,57
2023-12-20,XLES.MI,516.8800048828125,518.9400024414062,516.8800048828125,518.9400024414062,12
2023-12-21,XLES.MI,514.0499877929688,515.6799926757812,508.8900146484375,509.20001220703125,113
2023-12-22,XLES.MI,512.719970703125,512.989990234375,510.9700012207031,512.989990234375,35
2023-12-27,XLES.MI,513.8800048828125,515.0399780273438,510.04998779296875,510.04998779296875,60
2023-12-28,XLES.MI,507.80999755859375,507.8399963378906,506.6000061035156,506.6000061035156,3
2023-12-29,XLES.MI,506.7900085449219,507.1499938964844,502.0199890136719,503.8299865722656,42
2024-01-02,XLES.MI,508.0299987792969,513.3699951171875,508.0299987792969,513.3699951171875,2
2024-01-03,XLES.MI,511.8299865722656,518.9199829101562,511.8299865722656,518.9199829101562,16
2024-01-04,XLES.MI,522.219970703125,523.9299926757812,517.2899780273438,517.2899780273438,19
2024-01-05,XLES.MI,514.2999877929688,517.9199829101562,513.7000122070312,513.7000122070312,15
2024-01-08,XLES.MI,511.1600036621094,512.0999755859375,500.2900085449219,500.2900085449219,489
2024-01-09,XLES.MI,505.9100036621094,509.6199951171875,499.8399963378906,499.8399963378906,8
2024-01-10,XLES.MI,499.3999938964844,499.69000244140625,493.2099914550781,493.2099914550781,18
2024-01-11,XLES.MI,492.6700134277344,497.04998779296875,492.6700134277344,495.1600036621094,70
2024-01-12,XLES.MI,497.989990234375,501.70001220703125,496.7200012207031,496.7200012207031,102
2024-01-15,XLES.MI,498.7300109863281,498.7300109863281,498.239990234375,498.7099914550781,30
2024-01-16,XLES.MI,500.4700012207031,503.19000244140625,496.0199890136719,496.0199890136719,37
2024-01-17,XLES.MI,490.4700012207031,490.5899963378906,486.54998779296875,490.5899963378906,1542
2024-01-18,XLES.MI,487.1199951171875,487.1199951171875,484.4599914550781,484.4599914550781,3
2024-01-19,XLES.MI,485.32000732421875,487.510009765625,484.8299865722656,485.80999755859375,180
2024-01-22,XLES.MI,486.7900085449219,487.5,485.0,487.1499938964844,67
2024-01-23,XLES.MI,488.94000244140625,495.5,488.94000244140625,493.1700134277344,110
2024-01-24,XLES.MI,492.489990234375,495.75,490.7300109863281,495.75,296
2024-01-25,XLES.MI,496.94000244140625,501.9100036621094,496.94000244140625,501.6600036621094,1312
2024-01-26,XLES.MI,509.3900146484375,510.260009765625,508.1600036621094,508.1600036621094,55
2024-01-29,XLES.MI,513.5,515.6900024414062,512.5999755859375,512.5999755859375,29
2024-01-30,XLES.MI,512.1900024414062,513.469970703125,509.17999267578125,513.469970703125,50
2024-01-31,XLES.MI,519.969970703125,519.969970703125,513.9600219726562,513.9600219726562,50
2024-02-01,XLES.MI,513.010009765625,513.780029296875,511.0899963378906,511.0899963378906,96
2024-02-02,XLES.MI,506.7799987792969,514.8300170898438,505.30999755859375,514.8300170898438,1731
2024-02-05,XLES.MI,510.260009765625,514.6300048828125,510.260009765625,512.4000244140625,25
2024-02-06,XLES.MI,513.5,516.5800170898438,512.3499755859375,515.72998046875,856
2024-02-07,XLES.MI,513.010009765625,515.2100219726562,511.8900146484375,513.3900146484375,113
2024-02-08,XLES.MI,513.0999755859375,518.6900024414062,509.3699951171875,517.3800048828125,419
2024-02-09,XLES.MI,518.8200073242188,520.9299926757812,512.8900146484375,512.8900146484375,235
2024-02-12,XLES.MI,511.3900146484375,517.0900268554688,510.8999938964844,516.0999755859375,1387
2024-02-13,XLES.MI,518.0999755859375,520.3900146484375,516.0,517.0999755859375,215
2024-02-14,XLES.MI,515.1199951171875,519.7899780273438,513.77001953125,513.77001953125,94
2024-02-15,XLES.MI,513.6699829101562,521.6400146484375,511.8900146484375,521.6400146484375,739
2024-02-16,XLES.MI,525.8599853515625,526.7999877929688,522.510009765625,526.7999877929688,23
2024-02-19,XLES.MI,523.1599731445312,526.97998046875,523.1599731445312,525.4299926757812,64
2024-02-20,XLES.MI,522.9500122070312,523.989990234375,520.3499755859375,520.5999755859375,52
2024-02-21,XLES.MI,518.8900146484375,526.5599975585938,516.9099731445312,526.5599975585938,57
2024-02-22,XLES.MI,523.510009765625,528.0399780273438,523.510009765625,528.0399780273438,367
2024-02-23,XLES.MI,524.8400268554688,525.7899780273438,521.5599975585938,524.6500244140625,37
2024-02-26,XLES.MI,521.7999877929688,527.4000244140625,521.239990234375,526.8599853515625,548
2024-02-27,XLES.MI,526.2100219726562,526.5900268554688,522.0399780273438,523.2000122070312,202
2024-02-28,XLES.MI,524.1099853515625,526.5599975585938,521.97998046875,521.97998046875,39
2024-02-29,XLES.MI,523.1699829101562,527.3099975585938,522.6300048828125,527.3099975585938,149
2024-03-01,XLES.MI,527.010009765625,533.1300048828125,526.9099731445312,533.1300048828125,21
2024-03-04,XLES.MI,531.7100219726562,531.8200073242188,525.72998046875,525.72998046875,560
2024-03-05,XLES.MI,525.6699829101562,530.3800048828125,525.0900268554688,530.3800048828125,29
2024-03-06,XLES.MI,529.4099731445312,533.25,529.1199951171875,533.25,22
2024-03-07,XLES.MI,528.489990234375,532.0800170898438,526.780029296875,532.0800170898438,19
2024-03-08,XLES.MI,532.0999755859375,532.0999755859375,529.3900146484375,530.0900268554688,109
2024-03-11,XLES.MI,531.0900268554688,534.22998046875,530.4199829101562,534.22998046875,33
2024-03-12,XLES.MI,539.3900146484375,539.3900146484375,537.7000122070312,538.3300170898438,30
2024-03-13,XLES.MI,538.1199951171875,547.4299926757812,538.1199951171875,545.02001953125,280
2024-03-14,XLES.MI,546.719970703125,552.8599853515625,546.719970703125,552.8599853515625,45
2024-03-15,XLES.MI,552.8200073242188,557.8900146484375,552.8200073242188,555.5700073242188,50
2024-03-18,XLES.MI,555.510009765625,559.0399780273438,555.510009765625,559.0399780273438,35
2024-03-19,XLES.MI,560.5900268554688,564.8400268554688,557.47998046875,564.8400268554688,466
2024-03-20,XLES.MI,563.4500122070312,565.5999755859375,562.5900268554688,562.5900268554688,45
2024-03-21,XLES.MI,563.0,567.3599853515625,561.1199951171875,566.780029296875,127
2024-03-22,XLES.MI,569.3099975585938,569.6099853515625,568.8800048828125,568.8800048828125,24
2024-03-25,XLES.MI,570.9600219726562,576.0,570.9600219726562,574.9199829101562,132
2024-03-26,XLES.MI,572.469970703125,574.5999755859375,568.3900146484375,570.1599731445312,50
2024-03-27,XLES.MI,570.47998046875,572.7899780273438,567.7100219726562,571.6099853515625,247
2024-03-28,XLES.MI,575.5399780273438,580.0,575.5399780273438,579.9000244140625,211
2024-04-02,XLES.MI,595.5900268554688,595.5999755859375,589.719970703125,591.8800048828125,301
2024-04-03,XLES.MI,594.9099731445312,598.0900268554688,594.9099731445312,596.9000244140625,45
2024-04-04,XLES.MI,597.5700073242188,598.5900268554688,595.4099731445312,597.6599731445312,63
2024-04-05,XLES.MI,596.1099853515625,604.9000244140625,596.1099853515625,600.6699829101562,51
2024-04-08,XLES.MI,600.6400146484375,602.1500244140625,597.6099853515625,600.760009765625,454
2024-04-09,XLES.MI,598.989990234375,600.0,595.1799926757812,595.1799926757812,128
2024-04-10,XLES.MI,599.5,606.3900146484375,597.4199829101562,602.97998046875,215
2024-04-11,XLES.MI,605.530029296875,608.3900146484375,599.9000244140625,599.9000244140625,985
2024-04-12,XLES.MI,610.280029296875,619.0900268554688,609.1199951171875,610.7999877929688,984
2024-04-15,XLES.MI,601.7000122070312,605.0,600.0,600.3800048828125,208
2024-04-16,XLES.MI,594.6199951171875,599.489990234375,590.0,591.0700073242188,116
2024-04-17,XLES.MI,589.8200073242188,594.0900268554688,589.8200073242188,591.47998046875,28
2024-04-18,XLES.MI,584.719970703125,590.1099853515625,583.4299926757812,588.97998046875,485
2024-04-19,XLES.MI,590.0,594.780029296875,585.2000122070312,592.6300048828125,63
2024-04-22,XLES.MI,590.7999877929688,596.2899780273438,590.530029296875,595.3099975585938,52
2024-04-23,XLES.MI,595.7000122070312,597.0900268554688,592.0,594.4199829101562,208
2024-04-24,XLES.MI,597.6799926757812,597.6799926757812,594.1099853515625,595.719970703125,108
2024-04-25,XLES.MI,597.75,597.75,595.489990234375,595.5800170898438,31
2024-04-26,XLES.MI,598.8699951171875,599.6699829101562,591.1099853515625,593.0399780273438,1153
2024-04-29,XLES.MI,595.7999877929688,597.52001953125,593.5,596.6400146484375,508
2024-04-30,XLES.MI,597.4199829101562,599.5,590.52001953125,591.4299926757812,81
2024-05-02,XLES.MI,573.4600219726562,575.97998046875,571.2899780273438,575.1599731445312,151
2024-05-03,XLES.MI,574.5399780273438,575.2899780273438,566.6799926757812,566.6799926757812,847
2024-05-06,XLES.MI,573.5900268554688,580.3900146484375,573.510009765625,578.760009765625,110
2024-05-07,XLES.MI,576.0599975585938,577.7999877929688,576.0,576.7999877929688,175
2024-05-08,XLES.MI,576.1799926757812,578.6799926757812,573.0,578.6799926757812,73
2024-05-09,XLES.MI,576.9299926757812,580.969970703125,576.3099975585938,579.9500122070312,25
2024-05-10,XLES.MI,583.1900024414062,585.739990234375,581.2899780273438,581.2899780273438,84
2024-05-13,XLES.MI,579.7899780273438,580.7899780273438,575.5700073242188,575.5700073242188,48
2024-05-14,XLES.MI,575.780029296875,577.239990234375,572.2100219726562,574.0499877929688,119
2024-05-15,XLES.MI,575.9000244140625,577.2899780273438,569.1300048828125,571.9199829101562,144
2024-05-16,XLES.MI,572.2100219726562,575.75,569.4099731445312,574.0900268554688,820
2024-05-17,XLES.MI,572.5,575.760009765625,572.5,575.760009765625,17
2024-05-20,XLES.MI,579.8099975585938,582.6900024414062,578.7999877929688,578.7999877929688,436
2024-05-21,XLES.MI,575.719970703125,580.3900146484375,571.2100219726562,579.0499877929688,77
2024-05-22,XLES.MI,571.9000244140625,574.1900024414062,565.0499877929688,565.0499877929688,46
2024-05-23,XLES.MI,564.7999877929688,569.780029296875,563.9500122070312,564.489990234375,90
2024-05-24,XLES.MI,560.47998046875,564.1900024414062,560.0,560.8800048828125,238
2024-05-27,XLES.MI,560.989990234375,561.0900268554688,559.739990234375,560.5999755859375,279
2024-05-28,XLES.MI,563.8900146484375,564.2999877929688,558.4099731445312,564.2999877929688,37
2024-05-29,XLES.MI,564.5800170898438,566.9299926757812,557.7999877929688,557.7999877929688,1502
2024-05-30,XLES.MI,557.3800048828125,560.0,552.4199829101562,557.8900146484375,520
2024-05-31,XLES.MI,557.0,561.3099975585938,557.0,561.3099975585938,2744
2024-06-03,XLES.MI,571.2100219726562,571.969970703125,555.9299926757812,555.9299926757812,62
2024-06-04,XLES.MI,549.4099731445312,552.5,542.969970703125,547.0599975585938,1977
2024-06-05,XLES.MI,547.8200073242188,549.8699951171875,547.6300048828125,547.6300048828125,43
2024-06-06,XLES.MI,550.030029296875,550.6900024414062,547.6400146484375,550.1599731445312,70
2024-06-07,XLES.MI,551.8800048828125,555.1300048828125,549.6099853515625,555.1300048828125,112
2024-06-10,XLES.MI,554.280029296875,562.6699829101562,553.1199951171875,562.6699829101562,169
2024-06-11,XLES.MI,558.2100219726562,560.989990234375,555.0,559.3400268554688,60
2024-06-12,XLES.MI,562.1900024414062,562.1900024414062,547.969970703125,547.969970703125,426
2024-06-13,XLES.MI,549.3699951171875,550.6199951171875,546.6500244140625,547.3499755859375,23
2024-06-14,XLES.MI,548.1099853515625,553.1900024414062,546.0,546.7899780273438,399
2024-06-17,XLES.MI,547.77001953125,547.77001953125,544.22998046875,546.7100219726562,94
2024-06-18,XLES.MI,545.6099853515625,554.280029296875,545.6099853515625,550.5999755859375,899
2024-06-19,XLES.MI,548.3200073242188,549.510009765625,547.6099853515625,549.3599853515625,1595
2024-06-20,XLES.MI,550.0499877929688,560.1900024414062,550.0499877929688,558.72998046875,321
2024-06-21,XLES.MI,562.5900268554688,562.5999755859375,560.530029296875,562.0900268554688,59
2024-06-24,XLES.MI,559.489990234375,567.5999755859375,557.72998046875,567.5999755859375,43
2024-06-25,XLES.MI,573.280029296875,573.2899780273438,569.280029296875,569.280029296875,274
2024-06-26,XLES.MI,572.489990234375,573.8900146484375,566.7899780273438,566.7899780273438,194
2024-06-27,XLES.MI,568.4099731445312,568.7899780273438,567.719970703125,567.719970703125,50
2024-06-28,XLES.MI,572.2000122070312,574.1900024414062,571.1300048828125,571.1300048828125,678
2024-07-01,XLES.MI,570.0,571.489990234375,565.8099975585938,569.1400146484375,213
2024-07-02,XLES.MI,568.7100219726562,576.2899780273438,568.7100219726562,570.0599975585938,2503
2024-07-03,XLES.MI,567.3099975585938,569.0399780273438,566.3300170898438,566.3300170898438,325
2024-07-04,XLES.MI,570.1900024414062,571.6900024414062,567.9199829101562,569.7899780273438,120
2024-07-05,XLES.MI,565.6099853515625,567.9299926757812,558.4500122070312,558.4500122070312,50
2024-07-08,XLES.MI,555.1900024414062,555.510009765625,553.2000122070312,553.6900024414062,484
2024-07-09,XLES.MI,553.8699951171875,553.8699951171875,551.0,553.1400146484375,13
2024-07-10,XLES.MI,548.780029296875,551.8099975585938,548.2899780273438,551.8099975585938,338
2024-07-11,XLES.MI,551.6099853515625,555.6099853515625,550.1900024414062,555.6099853515625,58
2024-07-12,XLES.MI,558.9199829101562,558.97998046875,554.5800170898438,554.5800170898438,288
2024-07-15,XLES.MI,558.7000122070312,564.4600219726562,558.7000122070312,564.4600219726562,54
2024-07-16,XLES.MI,564.6099853515625,568.7899780273438,563.0,566.5700073242188,262
2024-07-17,XLES.MI,565.8900146484375,571.489990234375,564.9099731445312,569.030029296875,48
2024-07-18,XLES.MI,571.9000244140625,578.5399780273438,570.0,578.5399780273438,83
2024-07-19,XLES.MI,574.9400024414062,575.8900146484375,570.5700073242188,570.5700073242188,8
2024-07-22,XLES.MI,565.510009765625,565.9199829101562,564.9199829101562,565.9199829101562,50
2024-07-23,XLES.MI,563.719970703125,565.8699951171875,556.5999755859375,556.5999755859375,89
2024-07-24,XLES.MI,556.3099975585938,558.3599853515625,554.0900268554688,558.3599853515625,24
2024-07-25,XLES.MI,555.7100219726562,561.6900024414062,554.3099975585938,561.6900024414062,140
2024-07-26,XLES.MI,569.3200073242188,569.3200073242188,563.0,563.0999755859375,111
2024-07-29,XLES.MI,568.6699829101562,572.3800048828125,560.5800170898438,560.5800170898438,83
2024-07-30,XLES.MI,564.7000122070312,569.6900024414062,563.989990234375,569.030029296875,12
2024-07-31,XLES.MI,575.1099853515625,580.2899780273438,575.1099853515625,577.8300170898438,54
2024-08-01,XLES.MI,577.4000244140625,577.4000244140625,564.9199829101562,564.9199829101562,202
2024-08-02,XLES.MI,557.6199951171875,557.6199951171875,537.7100219726562,537.7100219726562,733
2024-08-05,XLES.MI,533.8099975585938,534.0900268554688,522.1099853515625,523.8400268554688,403
2024-08-06,XLES.MI,532.3499755859375,534.6500244140625,530.5999755859375,531.3900146484375,246
2024-08-07,XLES.MI,535.010009765625,543.0900268554688,535.010009765625,542.5599975585938,47
2024-08-08,XLES.MI,531.0999755859375,542.5499877929688,530.530029296875,542.5499877929688,40
2024-08-09,XLES.MI,545.1599731445312,549.4000244140625,545.1300048828125,545.1300048828125,51
2024-08-12,XLES.MI,547.3900146484375,550.0700073242188,547.3900146484375,547.5399780273438,341
2024-08-13,XLES.MI,549.0499877929688,550.760009765625,540.6900024414062,541.5599975585938,31
2024-08-14,XLES.MI,539.1500244140625,541.7899780273438,539.1500244140625,539.3599853515625,39
2024-08-16,XLES.MI,549.1099853515625,549.1099853515625,547.8099975585938,548.5599975585938,32
2024-08-19,XLES.MI,548.5900268554688,552.25,548.5900268554688,552.25,3
2024-08-20,XLES.MI,545.3800048828125,547.1900024414062,534.77001953125,534.77001953125,7
2024-08-21,XLES.MI,532.8400268554688,536.760009765625,532.8400268554688,536.5599975585938,21
2024-08-22,XLES.MI,531.52001953125,535.2899780273438,531.52001953125,535.2899780273438,21
2024-08-23,XLES.MI,538.1900024414062,538.1900024414062,537.6099853515625,537.8800048828125,25
2024-08-26,XLES.MI,542.989990234375,548.1099853515625,542.1199951171875,542.1199951171875,41
2024-08-27,XLES.MI,545.6900024414062,545.6900024414062,542.8900146484375,542.8900146484375,1
2024-08-28,XLES.MI,541.0399780273438,541.0399780273438,539.7999877929688,539.7999877929688,29
2024-08-29,XLES.MI,540.510009765625,546.8200073242188,540.510009765625,546.8200073242188,92
2024-08-30,XLES.MI,550.4099731445312,550.4099731445312,545.2999877929688,546.3499755859375,64
2024-09-02,XLES.MI,551.0599975585938,551.2899780273438,549.2899780273438,550.219970703125,28
2024-09-03,XLES.MI,550.22998046875,550.5999755859375,538.3200073242188,538.3200073242188,4
2024-09-04,XLES.MI,534.7100219726562,540.2899780273438,534.2000122070312,534.2000122070312,25
2024-09-05,XLES.MI,531.5900268554688,531.8900146484375,527.0,527.0,272
2024-09-06,XLES.MI,521.469970703125,524.0,517.72998046875,517.72998046875,84
2024-09-09,XLES.MI,521.4299926757812,524.5,520.5999755859375,524.5,1631
2024-09-10,XLES.MI,522.5,523.1199951171875,515.7999877929688,515.7999877929688,80
2024-09-11,XLES.MI,514.5900268554688,517.1900024414062,505.9599914550781,506.54998779296875,256
2024-09-12,XLES.MI,512.7100219726562,516.27001953125,512.7100219726562,515.75,79
2024-09-13,XLES.MI,512.1400146484375,515.739990234375,512.1400146484375,515.739990234375,28
2024-09-16,XLES.MI,514.4000244140625,516.5,514.1500244140625,515.2000122070312,31
2024-09-17,XLES.MI,517.6500244140625,525.1799926757812,517.4299926757812,525.1799926757812,28
2024-09-18,XLES.MI,526.8699951171875,528.5999755859375,525.6699829101562,528.3200073242188,56
2024-09-19,XLES.MI,530.47998046875,537.6099853515625,530.47998046875,536.5399780273438,35
2024-09-20,XLES.MI,532.1900024414062,532.9199829101562,528.6400146484375,528.6400146484375,52
2024-09-23,XLES.MI,534.6099853515625,539.9000244140625,534.260009765625,536.7899780273438,208
2024-09-24,XLES.MI,539.8099975585938,543.0900268554688,537.22998046875,537.22998046875,56
2024-09-25,XLES.MI,534.7000122070312,534.7000122070312,531.0999755859375,531.0999755859375,70
2024-09-26,XLES.MI,521.219970703125,521.219970703125,514.4099731445312,516.8900146484375,3770
2024-09-27,XLES.MI,516.4199829101562,522.760009765625,515.97998046875,522.760009765625,101
2024-09-30,XLES.MI,523.5499877929688,527.1900024414062,521.5,525.8400268554688,25
2024-10-01,XLES.MI,529.7899780273438,544.8400268554688,524.8099975585938,544.6400146484375,2130
2024-10-02,XLES.MI,550.0,556.489990234375,548.5599975585938,548.5599975585938,1577
2024-10-03,XLES.MI,551.7100219726562,560.1500244140625,551.7100219726562,558.2999877929688,391
2024-10-04,XLES.MI,563.4000244140625,574.5,563.4000244140625,568.8800048828125,1323
2024-10-07,XLES.MI,570.530029296875,576.3900146484375,570.530029296875,574.1099853515625,249
2024-10-08,XLES.MI,565.4099731445312,567.75,557.0499877929688,557.0499877929688,3258
2024-10-09,XLES.MI,556.969970703125,561.0,556.0,560.9400024414062,689
2024-10-10,XLES.MI,561.75,571.0,561.0999755859375,566.1799926757812,74
2024-10-11,XLES.MI,563.780029296875,569.3800048828125,563.780029296875,568.5999755859375,112
2024-10-14,XLES.MI,567.4000244140625,570.3099975585938,567.2999877929688,570.3099975585938,204
2024-10-15,XLES.MI,557.5999755859375,557.9099731445312,553.489990234375,557.9099731445312,142
2024-10-16,XLES.MI,554.0,556.3800048828125,552.97998046875,556.3800048828125,1059
2024-10-17,XLES.MI,555.9500122070312,564.010009765625,555.9500122070312,559.4099731445312,109
2024-10-18,XLES.MI,561.5,562.77001953125,555.47998046875,555.47998046875,129
2024-10-21,XLES.MI,561.4199829101562,564.4199829101562,559.75,559.75,41
2024-10-22,XLES.MI,559.6099853515625,563.6300048828125,557.8900146484375,561.7999877929688,76
2024-10-23,XLES.MI,561.9000244140625,563.5900268554688,559.0399780273438,559.1199951171875,52
2024-10-24,XLES.MI,560.4600219726562,562.5399780273438,555.9199829101562,557.7000122070312,83
2024-10-25,XLES.MI,557.030029296875,560.8200073242188,557.030029296875,560.8200073242188,22
2024-10-28,XLES.MI,546.2000122070312,553.72998046875,545.6400146484375,553.72998046875,42
2024-10-29,XLES.MI,552.8699951171875,554.1400146484375,548.2000122070312,548.2000122070312,200
2024-10-30,XLES.MI,545.8599853515625,548.4099731445312,542.3800048828125,546.5499877929688,481
2024-10-31,XLES.MI,545.6900024414062,552.2100219726562,545.6900024414062,548.5900268554688,904
2024-11-01,XLES.MI,550.1199951171875,555.5,550.1199951171875,550.3900146484375,649
2024-11-04,XLES.MI,547.6500244140625,552.6199951171875,547.1300048828125,551.969970703125,35
2024-11-05,XLES.MI,552.5999755859375,556.3200073242188,552.4199829101562,556.3200073242188,617
2024-11-06,XLES.MI,572.9199829101562,586.0,572.9199829101562,585.0,1049
2024-11-07,XLES.MI,585.5800170898438,588.5999755859375,577.8300170898438,579.02001953125,520
2024-11-08,XLES.MI,580.4500122070312,585.4600219726562,578.8200073242188,585.4600219726562,329
2024-11-11,XLES.MI,592.0,593.9000244140625,590.4500122070312,593.780029296875,111
2024-11-12,XLES.MI,595.9299926757812,598.6699829101562,595.739990234375,596.989990234375,424
2024-11-13,XLES.MI,595.2899780273438,598.22998046875,591.6099853515625,598.22998046875,114
2024-11-14,XLES.MI,603.4500122070312,608.9600219726562,602.8400268554688,602.8400268554688,394
2024-11-15,XLES.MI,600.530029296875,610.72998046875,600.4600219726562,605.4400024414062,32
2024-11-18,XLES.MI,606.9000244140625,609.02001953125,604.1900024414062,608.6599731445312,1207
2024-11-19,XLES.MI,608.4299926757812,610.6599731445312,606.7999877929688,608.239990234375,344
2024-11-20,XLES.MI,608.1099853515625,614.969970703125,608.1099853515625,611.719970703125,251
2024-11-21,XLES.MI,617.530029296875,626.22998046875,615.3300170898438,626.22998046875,373
2024-11-22,XLES.MI,626.280029296875,631.969970703125,624.75,630.6900024414062,702
2024-11-25,XLES.MI,625.1599731445312,626.0399780273438,614.469970703125,615.0700073242188,424
2024-11-26,XLES.MI,610.989990234375,611.8599853515625,608.5599975585938,610.5399780273438,237
2024-11-27,XLES.MI,608.8499755859375,610.0700073242188,608.8400268554688,610.0700073242188,51
2024-11-28,XLES.MI,605.7899780273438,610.25,605.7899780273438,608.52001953125,38
2024-11-29,XLES.MI,607.4199829101562,609.760009765625,605.3499755859375,608.0900268554688,637
2024-12-02,XLES.MI,607.260009765625,617.6799926757812,601.780029296875,602.4000244140625,899
2024-12-03,XLES.MI,606.0499877929688,609.1599731445312,604.8599853515625,605.9099731445312,123
2024-12-04,XLES.MI,603.6199951171875,605.2100219726562,591.75,591.75,25
2024-12-05,XLES.MI,589.239990234375,592.0,587.969970703125,589.3099975585938,97
2024-12-06,XLES.MI,587.4199829101562,589.739990234375,578.9000244140625,580.6799926757812,65
2024-12-09,XLES.MI,582.2100219726562,584.6300048828125,580.8099975585938,584.239990234375,1001
2024-12-10,XLES.MI,581.1500244140625,585.27001953125,581.1500244140625,585.27001953125,71
2024-12-11,XLES.MI,580.4199829101562,581.280029296875,578.9299926757812,578.9299926757812,210
2024-12-12,XLES.MI,579.52001953125,581.6500244140625,574.3699951171875,576.1500244140625,74
2024-12-13,XLES.MI,579.260009765625,579.260009765625,571.5599975585938,573.1799926757812,48
2024-12-16,XLES.MI,571.5599975585938,572.5900268554688,564.5,564.6699829101562,52
2024-12-17,XLES.MI,558.3200073242188,559.8900146484375,549.0499877929688,551.8699951171875,730
2024-12-18,XLES.MI,557.260009765625,557.52001953125,555.280029296875,555.280029296875,64
2024-12-19,XLES.MI,545.1699829101562,549.489990234375,542.4099731445312,542.4099731445312,336
2024-12-20,XLES.MI,537.6300048828125,543.469970703125,537.6199951171875,543.469970703125,74
2024-12-23,XLES.MI,545.7100219726562,545.7100219726562,543.1099853515625,543.1099853515625,119
2024-12-27,XLES.MI,549.7100219726562,554.6799926757812,549.3099975585938,551.0700073242188,317
2024-12-30,XLES.MI,549.7100219726562,552.8599853515625,547.9299926757812,551.719970703125,140
2025-01-02,XLES.MI,562.0499877929688,574.52001953125,562.0499877929688,574.52001953125,1363
2025-01-03,XLES.MI,571.5,575.0999755859375,571.02001953125,575.0999755859375,165
2025-01-06,XLES.MI,574.780029296875,574.8300170898438,574.780029296875,574.8300170898438,28
2025-01-07,XLES.MI,565.969970703125,576.1900024414062,565.969970703125,576.1900024414062,968
2025-01-08,XLES.MI,579.4099731445312,579.7999877929688,576.6900024414062,578.489990234375,428
2025-01-09,XLES.MI,579.8800048828125,582.030029296875,579.6199951171875,582.030029296875,39
2025-01-10,XLES.MI,583.239990234375,593.6199951171875,582.030029296875,585.0700073242188,7645
2025-01-13,XLES.MI,588.8900146484375,604.5700073242188,588.8900146484375,602.7999877929688,1959
2025-01-14,XLES.MI,598.4500122070312,600.5,597.4199829101562,597.4199829101562,310
2025-01-15,XLES.MI,601.5800170898438,610.260009765625,600.7000122070312,610.260009765625,1345
2025-01-16,XLES.MI,610.5,614.22998046875,608.5399780273438,611.760009765625,446
2025-01-17,XLES.MI,618.8200073242188,620.6199951171875,615.4400024414062,620.6199951171875,471
2025-01-20,XLES.MI,620.7999877929688,620.7999877929688,612.4099731445312,613.02001953125,197
2025-01-21,XLES.MI,620.1099853515625,620.1099853515625,610.4500122070312,611.3699951171875,291
2025-01-22,XLES.MI,606.9099731445312,607.280029296875,602.6799926757812,606.6699829101562,125
2025-01-23,XLES.MI,600.0999755859375,601.8800048828125,598.6699829101562,598.6699829101562,260
2025-01-24,XLES.MI,598.8300170898438,598.8300170898438,591.8699951171875,593.0900268554688,2105
2025-01-27,XLES.MI,593.0,595.75,581.8300170898438,581.8300170898438,108
2025-01-28,XLES.MI,588.719970703125,595.9500122070312,582.5800170898438,582.5800170898438,328
2025-01-29,XLES.MI,583.8300170898438,588.969970703125,579.5999755859375,586.2999877929688,231
2025-01-30,XLES.MI,585.5800170898438,588.8499755859375,584.5800170898438,587.5,109
2025-01-31,XLES.MI,589.0700073242188,589.9500122070312,577.1599731445312,580.5599975585938,653
2025-02-03,XLES.MI,581.22998046875,584.5499877929688,574.5599975585938,581.1300048828125,1143
2025-02-04,XLES.MI,578.9299926757812,588.0399780273438,574.719970703125,588.0399780273438,309
2025-02-05,XLES.MI,587.4299926757812,589.1799926757812,582.9400024414062,587.0599975585938,396
2025-02-06,XLES.MI,592.2000122070312,594.1300048828125,582.0,582.239990234375,288
2025-02-07,XLES.MI,579.9500122070312,587.3099975585938,578.6500244140625,582.3699951171875,64
2025-02-10,XLES.MI,583.1900024414062,592.9400024414062,583.1900024414062,592.9400024414062,6759
2025-02-11,XLES.MI,597.3200073242188,599.739990234375,594.0,598.22998046875,1285
2025-02-12,XLES.MI,594.8800048828125,596.1500244140625,591.8800048828125,592.4600219726562,2615
2025-02-13,XLES.MI,579.510009765625,582.0900268554688,577.3099975585938,579.97998046875,2404
2025-02-14,XLES.MI,581.3300170898438,588.7000122070312,580.6599731445312,585.260009765625,119
2025-02-17,XLES.MI,584.0599975585938,585.8099975585938,583.0599975585938,584.7899780273438,120
2025-02-18,XLES.MI,586.97998046875,591.1300048828125,585.5999755859375,588.6599731445312,138
2025-02-19,XLES.MI,595.030029296875,602.260009765625,594.0399780273438,601.3699951171875,539
2025-02-20,XLES.MI,597.8499755859375,598.7100219726562,593.5999755859375,596.5499877929688,527
2025-02-21,XLES.MI,599.739990234375,599.739990234375,597.02001953125,598.25,722
2025-02-24,XLES.MI,592.8800048828125,593.0,588.47998046875,590.760009765625,302
2025-02-25,XLES.MI,589.3900146484375,589.739990234375,575.6699829101562,575.6699829101562,153
2025-02-26,XLES.MI,578.25,580.4199829101562,577.0999755859375,577.280029296875,156
2025-02-27,XLES.MI,582.72998046875,588.1199951171875,582.3599853515625,587.0800170898438,85
2025-02-28,XLES.MI,582.8900146484375,585.5599975585938,582.8900146484375,585.1300048828125,64
2025-03-03,XLES.MI,592.6099853515625,592.6099853515625,581.8800048828125,581.8800048828125,395
2025-03-04,XLES.MI,566.5399780273438,566.5399780273438,550.5999755859375,554.9099731445312,1335
2025-03-05,XLES.MI,550.6900024414062,552.510009765625,530.0,530.0,320
2025-03-06,XLES.MI,536.2899780273438,537.4600219726562,534.8200073242188,537.4600219726562,1690
2025-03-07,XLES.MI,538.9600219726562,546.5499877929688,538.3099975585938,540.0800170898438,623
2025-03-10,XLES.MI,543.5800170898438,553.1900024414062,542.6400146484375,550.760009765625,2509
2025-03-11,XLES.MI,550.4299926757812,553.5700073242188,542.030029296875,542.3099975585938,1043
2025-03-12,XLES.MI,544.4099731445312,547.1099853515625,542.6699829101562,546.0900268554688,227
2025-03-13,XLES.MI,546.8800048828125,553.7899780273438,545.6400146484375,547.0,111
2025-03-14,XLES.MI,548.2000122070312,555.6599731445312,545.739990234375,555.6599731445312,312
2025-03-17,XLES.MI,557.219970703125,565.8900146484375,556.7999877929688,565.8900146484375,276
2025-03-18,XLES.MI,566.4000244140625,570.52001953125,564.4099731445312,564.6099853515625,2172
2025-03-19,XLES.MI,565.8900146484375,575.5900268554688,565.8900146484375,575.3900146484375,641
2025-03-20,XLES.MI,578.7100219726562,582.4099731445312,576.010009765625,579.4000244140625,674
2025-03-21,XLES.MI,580.6500244140625,580.6500244140625,577.47998046875,578.4000244140625,914
2025-03-24,XLES.MI,582.0900268554688,588.7000122070312,580.3400268554688,588.219970703125,160
2025-03-25,XLES.MI,588.2999877929688,593.5900268554688,588.2999877929688,588.4199829101562,3667
2025-03-26,XLES.MI,589.0,600.0,588.9199829101562,595.25,2443
2025-03-27,XLES.MI,593.77001953125,593.7899780273438,589.0399780273438,590.1500244140625,171
2025-03-28,XLES.MI,587.1300048828125,588.3400268554688,580.530029296875,580.530029296875,81
2025-03-31,XLES.MI,581.22998046875,591.4400024414062,579.1900024414062,591.4400024414062,127
2025-04-01,XLES.MI,590.8699951171875,591.6099853515625,587.5700073242188,590.5399780273438,303
2025-04-02,XLES.MI,592.760009765625,593.1300048828125,590.4600219726562,591.1099853515625,79
2025-04-03,XLES.MI,569.4199829101562,569.4199829101562,543.1400146484375,544.75,278
2025-04-04,XLES.MI,531.4199829101562,532.1699829101562,501.1600036621094,501.1600036621094,1022
2025-04-07,XLES.MI,455.6400146484375,487.07000732421875,455.6400146484375,479.0400085449219,1940
2025-04-08,XLES.MI,493.2300109863281,501.5899963378906,489.6099853515625,489.6099853515625,1129
2025-04-09,XLES.MI,463.30999755859375,466.8599853515625,453.94000244140625,466.8599853515625,1138
2025-04-10,XLES.MI,499.1300048828125,499.8399963378906,471.75,471.75,1731
2025-04-11,XLES.MI,467.5400085449219,467.5400085449219,456.2699890136719,458.3800048828125,2115
2025-04-14,XLES.MI,476.1499938964844,485.2900085449219,473.07000732421875,473.07000732421875,706
2025-04-15,XLES.MI,477.0,483.94000244140625,474.6499938964844,479.5,1599
2025-04-16,XLES.MI,471.239990234375,484.5199890136719,468.8900146484375,484.5199890136719,806
2025-04-17,XLES.MI,481.4599914550781,491.6300048828125,480.7799987792969,491.6300048828125,583
2025-04-22,XLES.MI,474.6600036621094,480.510009765625,474.5,480.510009765625,211
2025-04-23,XLES.MI,493.6000061035156,497.6700134277344,484.0400085449219,484.0400085449219,4267
2025-04-24,XLES.MI,488.7300109863281,492.0299987792969,486.05999755859375,492.0299987792969,1669
2025-04-25,XLES.MI,494.260009765625,494.5899963378906,489.239990234375,492.0400085449219,108
2025-04-28,XLES.MI,491.4599914550781,496.7200012207031,491.4599914550781,492.6600036621094,483
2025-04-29,XLES.MI,494.44000244140625,494.44000244140625,490.6099853515625,493.8399963378906,258
2025-04-30,XLES.MI,490.6199951171875,491.7900085449219,480.1400146484375,486.25,494
2025-05-02,XLES.MI,490.9200134277344,491.20001220703125,482.69000244140625,488.29998779296875,596
2025-05-05,XLES.MI,486.010009765625,487.17999267578125,480.3399963378906,485.5899963378906,2603
2025-05-06,XLES.MI,487.95001220703125,487.95001220703125,483.6499938964844,486.8299865722656,580
2025-05-07,XLES.MI,487.55999755859375,487.55999755859375,482.8299865722656,483.2200012207031,644
2025-05-08,XLES.MI,488.4599914550781,496.6199951171875,488.4599914550781,496.6199951171875,907
2025-05-09,XLES.MI,496.3500061035156,501.0799865722656,493.7300109863281,497.07000732421875,125
2025-05-12,XLES.MI,516.9299926757812,522.97998046875,515.530029296875,515.530029296875,572
2025-05-13,XLES.MI,515.739990234375,522.6099853515625,515.739990234375,522.6099853515625,178
2025-05-14,XLES.MI,518.4000244140625,519.9299926757812,517.47998046875,519.9299926757812,222
2025-05-15,XLES.MI,508.4700012207031,515.260009765625,507.3500061035156,515.260009765625,1290
2025-05-16,XLES.MI,520.6699829101562,523.2899780273438,517.6400146484375,517.6400146484375,848
2025-05-19,XLES.MI,512.3800048828125,513.5800170898438,509.42999267578125,509.42999267578125,58
2025-05-20,XLES.MI,507.9599914550781,510.5,507.9599914550781,508.2900085449219,449
2025-05-21,XLES.MI,503.2699890136719,503.2799987792969,497.1000061035156,497.1000061035156,992
2025-05-22,XLES.MI,492.5400085449219,492.8999938964844,488.0400085449219,489.510009765625,72
2025-05-23,XLES.MI,490.239990234375,490.239990234375,486.2200012207031,489.3999938964844,803
2025-05-26,XLES.MI,493.9200134277344,495.739990234375,492.4700012207031,492.8599853515625,73
2025-05-27,XLES.MI,495.8599853515625,498.5400085449219,495.5400085449219,495.5400085449219,567
2025-05-28,XLES.MI,497.67999267578125,500.0299987792969,493.80999755859375,493.80999755859375,93
2025-05-29,XLES.MI,500.7099914550781,501.3999938964844,489.8500061035156,489.8500061035156,63
2025-05-30,XLES.MI,493.0799865722656,495.3599853515625,489.6199951171875,489.67999267578125,190
2025-06-02,XLES.MI,493.82000732421875,493.82000732421875,489.92999267578125,489.92999267578125,4
2025-06-03,XLES.MI,490.6300048828125,502.5400085449219,490.6300048828125,502.5400085449219,339
2025-06-04,XLES.MI,500.739990234375,501.9700012207031,492.80999755859375,492.80999755859375,305
2025-06-05,XLES.MI,489.1099853515625,491.7799987792969,485.20001220703125,488.8599853515625,457
2025-06-06,XLES.MI,488.92999267578125,498.3900146484375,488.92999267578125,498.3900146484375,236
2025-06-09,XLES.MI,496.8299865722656,499.6400146484375,496.8299865722656,499.4599914550781,403
2025-06-10,XLES.MI,500.989990234375,509.54998779296875,500.6400146484375,509.54998779296875,4357
2025-06-11,XLES.MI,505.989990234375,510.29998779296875,504.7799987792969,504.8900146484375,29
2025-06-12,XLES.MI,506.1199951171875,507.8800048828125,501.2099914550781,507.8800048828125,299
2025-06-13,XLES.MI,526.2000122070312,529.6699829101562,516.1799926757812,516.1799926757812,3085
2025-06-16,XLES.MI,522.8300170898438,522.8300170898438,512.3400268554688,512.9099731445312,4278
2025-06-17,XLES.MI,516.5900268554688,523.489990234375,516.5900268554688,523.489990234375,1760
2025-06-18,XLES.MI,524.9299926757812,528.0,520.1900024414062,520.1900024414062,916
2025-06-19,XLES.MI,525.9299926757812,529.3300170898438,524.1799926757812,529.3300170898438,699
2025-06-20,XLES.MI,520.8499755859375,524.1300048828125,520.8099975585938,524.1300048828125,1161
2025-06-23,XLES.MI,530.5700073242188,535.4000244140625,521.7100219726562,521.7100219726562,375
2025-06-24,XLES.MI,507.7300109863281,507.7300109863281,500.70001220703125,504.42999267578125,1164
2025-06-25,XLES.MI,504.239990234375,504.239990234375,499.7699890136719,499.7699890136719,101
2025-06-26,XLES.MI,495.6099853515625,501.55999755859375,494.989990234375,501.55999755859375,247
2025-06-27,XLES.MI,503.3699951171875,504.3999938964844,497.8399963378906,497.8399963378906,622
2025-06-30,XLES.MI,500.1199951171875,501.04998779296875,495.67999267578125,498.6099853515625,301
2025-07-01,XLES.MI,495.29998779296875,496.7099914550781,491.0,496.3999938964844,765
2025-07-02,XLES.MI,499.6099853515625,503.8699951171875,497.9800109863281,500.2099914550781,467
2025-07-03,XLES.MI,504.3299865722656,510.2099914550781,504.3299865722656,507.79998779296875,54
2025-07-04,XLES.MI,503.57000732421875,504.8699951171875,499.6300048828125,502.8800048828125,898
2025-07-07,XLES.MI,504.32000732421875,506.57000732421875,502.7200012207031,503.5799865722656,1126
2025-07-08,XLES.MI,501.6000061035156,514.7100219726562,500.54998779296875,514.7100219726562,945
2025-07-09,XLES.MI,517.3200073242188,519.6099853515625,515.5900268554688,516.760009765625,6
2025-07-10,XLES.MI,512.760009765625,519.5,512.5499877929688,519.5,1080
2025-07-11,XLES.MI,518.0,522.469970703125,516.97998046875,522.469970703125,21
2025-07-14,XLES.MI,522.4500122070312,523.530029296875,515.469970703125,515.9500122070312,869
2025-07-15,XLES.MI,516.6099853515625,516.6099853515625,514.7000122070312,514.8099975585938,84
2025-07-16,XLES.MI,511.94000244140625,514.75,504.8900146484375,505.6300048828125,767
2025-07-17,XLES.MI,507.8999938964844,510.75,507.6199951171875,510.1300048828125,126
2025-07-18,XLES.MI,511.9599914550781,516.9199829101562,507.5199890136719,508.8500061035156,3746
2025-07-21,XLES.MI,508.1400146484375,508.1499938964844,501.739990234375,502.0799865722656,2697
2025-07-22,XLES.MI,498.9800109863281,503.5199890136719,498.1700134277344,499.05999755859375,1649
2025-07-23,XLES.MI,500.6000061035156,504.3399963378906,500.6000061035156,504.3399963378906,172
2025-07-24,XLES.MI,505.92999267578125,507.7699890136719,504.6600036621094,507.7699890136719,417
2025-07-25,XLES.MI,512.9000244140625,512.9000244140625,509.1000061035156,509.1000061035156,24
2025-07-28,XLES.MI,514.9199829101562,520.3599853515625,514.0700073242188,519.97998046875,26
2025-07-29,XLES.MI,523.4199829101562,525.5999755859375,522.5,525.0999755859375,219
2025-07-30,XLES.MI,528.5599975585938,531.0,526.1799926757812,526.1799926757812,1491
2025-07-31,XLES.MI,522.52001953125,529.8300170898438,521.7100219726562,523.5800170898438,900
2025-08-01,XLES.MI,523.6699829101562,523.9000244140625,507.1000061035156,509.0299987792969,4955
2025-08-04,XLES.MI,511.1300048828125,511.3900146484375,504.9800109863281,509.0299987792969,2232
2025-08-05,XLES.MI,507.80999755859375,508.9700012207031,502.30999755859375,502.3900146484375,2567
2025-08-06,XLES.MI,510.3599853515625,511.0,507.42999267578125,507.42999267578125,891
2025-08-07,XLES.MI,501.05999755859375,508.5199890136719,500.29998779296875,500.29998779296875,571
2025-08-08,XLES.MI,498.2900085449219,504.8399963378906,498.2200012207031,500.1300048828125,2310
2025-08-11,XLES.MI,501.4100036621094,505.4200134277344,500.7099914550781,500.7099914550781,514
2025-08-12,XLES.MI,500.6400146484375,503.4599914550781,497.20001220703125,501.75,431
2025-08-13,XLES.MI,498.2900085449219,499.30999755859375,496.3399963378906,498.4599914550781,209
2025-08-14,XLES.MI,503.8699951171875,504.489990234375,502.0899963378906,503.2900085449219,2146
2025-08-18,XLES.MI,500.1700134277344,501.9599914550781,500.1700134277344,501.9599914550781,199
2025-08-19,XLES.MI,499.2799987792969,501.4100036621094,498.8900146484375,501.4100036621094,94
2025-08-20,XLES.MI,502.8900146484375,504.45001220703125,502.1600036621094,504.45001220703125,400
2025-08-21,XLES.MI,506.2300109863281,508.2099914550781,505.1099853515625,507.9599914550781,1183
2025-08-22,XLES.MI,512.8300170898438,515.9500122070312,512.72998046875,514.8699951171875,248
2025-08-25,XLES.MI,516.4199829101562,518.1300048828125,515.8400268554688,518.1300048828125,679
2025-08-26,XLES.MI,520.8499755859375,520.8499755859375,515.510009765625,515.510009765625,265
2025-08-27,XLES.MI,522.3400268554688,528.1099853515625,522.3400268554688,524.510009765625,59
2025-08-28,XLES.MI,526.9000244140625,527.02001953125,522.22998046875,524.3200073242188,352
2025-08-29,XLES.MI,528.7000122070312,529.27001953125,528.6599731445312,528.6599731445312,25
2025-09-01,XLES.MI,529.280029296875,532.3800048828125,529.280029296875,532.3800048828125,58
2025-09-02,XLES.MI,533.469970703125,535.0,528.9500122070312,529.9600219726562,72
2025-09-03,XLES.MI,531.489990234375,532.2999877929688,521.0,521.0,146
2025-09-04,XLES.MI,520.489990234375,525.4000244140625,519.6500244140625,525.4000244140625,207
2025-09-05,XLES.MI,523.9400024414062,523.9400024414062,509.5400085449219,509.5400085449219,1008
2025-09-08,XLES.MI,514.1199951171875,514.5399780273438,505.4700012207031,508.20001220703125,215
2025-09-09,XLES.MI,508.9200134277344,518.1099853515625,508.8599853515625,518.1099853515625,138
2025-09-10,XLES.MI,511.94000244140625,515.4199829101562,511.80999755859375,515.3300170898438,328
2025-09-11,XLES.MI,522.0599975585938,522.8800048828125,520.489990234375,520.9500122070312,308
2025-09-12,XLES.MI,518.0499877929688,525.780029296875,517.8499755859375,522.3200073242188,465
2025-09-15,XLES.MI,519.5900268554688,520.010009765625,514.280029296875,516.3499755859375,412
2025-09-16,XLES.MI,512.1900024414062,518.7000122070312,511.45001220703125,517.8300170898438,238
2025-09-17,XLES.MI,518.2000122070312,521.72998046875,518.1500244140625,519.3200073242188,1066
2025-09-18,XLES.MI,521.5999755859375,525.8400268554688,519.25,520.969970703125,694
2025-09-19,XLES.MI,522.0,523.0900268554688,515.7899780273438,515.7899780273438,178
2025-09-22,XLES.MI,517.25,517.25,514.6400146484375,514.969970703125,30
2025-09-23,XLES.MI,514.47998046875,528.260009765625,513.1900024414062,526.5900268554688,981
2025-09-24,XLES.MI,523.719970703125,535.4299926757812,522.9199829101562,535.4299926757812,549
2025-09-25,XLES.MI,532.7000122070312,538.6699829101562,531.2100219726562,538.6699829101562,86
2025-09-26,XLES.MI,541.3400268554688,548.3800048828125,539.6699829101562,547.1199951171875,114
2025-09-29,XLES.MI,544.280029296875,544.4299926757812,531.219970703125,533.0999755859375,764
2025-09-30,XLES.MI,531.0,531.0,522.9600219726562,524.6099853515625,2441
2025-10-01,XLES.MI,523.3400268554688,527.3900146484375,523.2000122070312,527.3900146484375,838
2025-10-02,XLES.MI,526.0499877929688,530.1099853515625,525.02001953125,526.6199951171875,652
2025-10-03,XLES.MI,523.6500244140625,525.0999755859375,523.0,524.9600219726562,907
2025-10-06,XLES.MI,530.6599731445312,532.7999877929688,528.47998046875,529.8599853515625,2877
2025-10-07,XLES.MI,529.5499877929688,530.489990234375,521.8300170898438,526.47998046875,187
2025-10-08,XLES.MI,532.2000122070312,534.4299926757812,526.7999877929688,531.1500244140625,397
2025-10-09,XLES.MI,530.5900268554688,531.4000244140625,528.0999755859375,528.6400146484375,158
2025-10-10,XLES.MI,523.3800048828125,524.7899780273438,514.469970703125,514.469970703125,306
2025-10-13,XLES.MI,512.0499877929688,514.6900024414062,512.0499877929688,514.6900024414062,625
2025-10-14,XLES.MI,511.9800109863281,513.1099853515625,509.8699951171875,513.1099853515625,366
2025-10-15,XLES.MI,513.4199829101562,515.9400024414062,513.4199829101562,513.6799926757812,663
2025-10-16,XLES.MI,513.0,514.2999877929688,509.760009765625,509.760009765625,104
2025-10-17,XLES.MI,501.3699951171875,508.3299865722656,497.760009765625,507.82000732421875,46
2025-10-20,XLES.MI,510.010009765625,512.3699951171875,508.8900146484375,511.75,117
2025-10-21,XLES.MI,513.9000244140625,518.719970703125,513.6300048828125,515.0,507
2025-10-22,XLES.MI,519.5999755859375,519.5999755859375,518.510009765625,519.3699951171875,12
2025-10-23,XLES.MI,528.3900146484375,533.760009765625,527.760009765625,529.6500244140625,942
2025-10-24,XLES.MI,607.5715942382812,607.5715942382812,607.5715942382812,607.5715942382812,0
2025-10-27,XLES.MI,524.2899780273438,525.530029296875,521.9400024414062,524.1500244140625,228
2025-10-28,XLES.MI,521.25,521.5399780273438,518.4600219726562,518.4600219726562,313
2025-10-29,XLES.MI,519.1599731445312,521.6400146484375,516.5700073242188,521.6400146484375,336
2025-10-30,XLES.MI,523.1699829101562,528.4000244140625,520.6300048828125,528.4000244140625,494
2025-10-31,XLES.MI,520.7100219726562,527.7999877929688,519.0900268554688,525.1799926757812,2118
2025-11-03,XLES.MI,529.4000244140625,529.4000244140625,525.0,527.7000122070312,449
2025-11-04,XLES.MI,524.3499755859375,525.02001953125,521.1799926757812,522.9099731445312,966
2025-11-05,XLES.MI,523.8099975585938,529.5599975585938,523.2000122070312,529.5599975585938,130
2025-11-06,XLES.MI,524.27001953125,531.5399780273438,524.27001953125,531.1500244140625,487
2025-11-07,XLES.MI,530.9000244140625,532.0700073242188,527.0,529.8800048828125,394
2025-11-10,XLES.MI,534.97998046875,536.6099853515625,533.5,534.6199951171875,1965
2025-11-11,XLES.MI,539.7999877929688,547.0,538.8300170898438,546.4199829101562,243
2025-11-12,XLES.MI,544.8699951171875,545.0,538.0399780273438,538.0399780273438,1525
2025-11-13,XLES.MI,535.469970703125,541.010009765625,535.469970703125,540.489990234375,773
2025-11-14,XLES.MI,540.4500122070312,544.8900146484375,533.530029296875,544.8900146484375,1296
2025-11-17,XLES.MI,544.6699829101562,548.4199829101562,543.7100219726562,543.7100219726562,448
2025-11-18,XLES.MI,535.2000122070312,537.260009765625,533.5800170898438,537.1900024414062,132
2025-11-19,XLES.MI,540.4099731445312,541.8800048828125,529.510009765625,534.9099731445312,110
2025-11-20,XLES.MI,540.3599853515625,547.4600219726562,539.0,542.3099975585938,54
2025-11-21,XLES.MI,530.1199951171875,533.1599731445312,529.0,533.1599731445312,564
2025-11-24,XLES.MI,535.530029296875,535.530029296875,529.6199951171875,531.510009765625,106
2025-11-25,XLES.MI,531.4400024414062,533.780029296875,527.5599975585938,527.5599975585938,419
2025-11-26,XLES.MI,528.010009765625,532.72998046875,527.9400024414062,532.72998046875,858
2025-11-27,XLES.MI,532.9099731445312,532.9199829101562,531.510009765625,531.719970703125,36
2025-11-28,XLES.MI,534.6799926757812,540.0,532.3800048828125,539.8300170898438,34
2025-12-01,XLES.MI,539.0,543.2899780273438,536.030029296875,542.6400146484375,165
2025-12-02,XLES.MI,542.1699829101562,544.239990234375,535.3400268554688,536.8099975585938,376
2025-12-03,XLES.MI,536.52001953125,541.3300170898438,535.5800170898438,541.3300170898438,721
2025-12-04,XLES.MI,543.72998046875,545.3200073242188,542.7899780273438,545.3200073242188,63
2025-12-05,XLES.MI,545.6799926757812,552.77001953125,545.3300170898438,551.4000244140625,534
2025-12-08,XLES.MI,545.52001953125,545.52001953125,537.760009765625,541.969970703125,231
2025-12-09,XLES.MI,539.4099731445312,544.8300170898438,538.8800048828125,544.8300170898438,197
2025-12-10,XLES.MI,540.8599853515625,544.9600219726562,540.8599853515625,543.3900146484375,318
2025-12-11,XLES.MI,542.3499755859375,542.3499755859375,538.02001953125,540.280029296875,223
2025-12-12,XLES.MI,542.22998046875,542.22998046875,534.3599853515625,534.3900146484375,1075
2025-12-15,XLES.MI,537.530029296875,537.530029296875,528.2899780273438,528.2899780273438,621
2025-12-16,XLES.MI,528.7100219726562,529.010009765625,515.3599853515625,515.3599853515625,330
2025-12-17,XLES.MI,519.1099853515625,521.7999877929688,518.5,520.6300048828125,2119
2025-12-18,XLES.MI,525.7000122070312,525.7000122070312,520.27001953125,522.1900024414062,183
2025-12-19,XLES.MI,518.27001953125,521.9400024414062,518.27001953125,521.5800170898438,286
2025-12-22,XLES.MI,521.4600219726562,524.3699951171875,519.3800048828125,522.7100219726562,563
2025-12-23,XLES.MI,521.4600219726562,523.989990234375,521.4600219726562,523.7100219726562,46
2025-12-29,XLES.MI,522.5800170898438,526.780029296875,522.5800170898438,526.780029296875,215
2025-12-30,XLES.MI,527.72998046875,530.780029296875,527.72998046875,529.5599975585938,47
2026-01-02,XLES.MI,530.260009765625,534.47998046875,529.5,534.47998046875,51
2026-01-05,XLES.MI,569.3499755859375,572.280029296875,548.3699951171875,554.0700073242188,3265
2026-01-06,XLES.MI,557.0700073242188,560.5599975585938,549.3200073242188,549.3200073242188,256
2026-01-07,XLES.MI,544.6799926757812,547.989990234375,540.6199951171875,542.77001953125,6160
2026-01-08,XLES.MI,538.47998046875,546.6900024414062,538.0700073242188,546.5800170898438,349
2026-01-09,XLES.MI,555.6300048828125,560.3400268554688,555.6300048828125,557.5499877929688,986
2026-01-12,XLES.MI,555.22998046875,556.8200073242188,551.489990234375,552.2899780273438,125
2026-01-13,XLES.MI,554.27001953125,565.3200073242188,552.8300170898438,561.4000244140625,1340
2026-01-14,XLES.MI,559.8400268554688,574.2000122070312,558.9000244140625,574.2000122070312,2470
2026-01-15,XLES.MI,572.3300170898438,574.9500122070312,566.510009765625,574.9500122070312,1090
2026-01-16,XLES.MI,572.3200073242188,573.1500244140625,568.7899780273438,572.0599975585938,521
2026-01-19,XLES.MI,569.9600219726562,570.0,566.4600219726562,567.8599853515625,186
2026-01-20,XLES.MI,569.260009765625,569.5,563.5399780273438,567.0499877929688,162
2026-01-21,XLES.MI,567.0999755859375,580.0,567.0999755859375,578.52001953125,555
2026-01-22,XLES.MI,579.8499755859375,579.8499755859375,572.0700073242188,575.0900268554688,2742
2026-01-23,XLES.MI,579.3300170898438,586.469970703125,579.010009765625,583.0499877929688,356
2026-01-26,XLES.MI,581.9500122070312,583.5,572.0999755859375,572.0999755859375,491
2026-01-27,XLES.MI,573.97998046875,576.010009765625,571.9199829101562,571.9199829101562,187
2026-01-28,XLES.MI,575.0999755859375,581.469970703125,572.8499755859375,581.469970703125,920
2026-01-29,XLES.MI,584.8200073242188,598.1699829101562,584.8200073242188,592.030029296875,2527
2026-01-30,XLES.MI,585.6699829101562,592.3499755859375,576.7100219726562,592.0399780273438,2180
2026-02-02,XLES.MI,582.8699951171875,592.469970703125,582.0900268554688,591.2100219726562,2767
2026-02-03,XLES.MI,586.260009765625,600.8800048828125,583.8599853515625,599.5700073242188,345
2026-02-04,XLES.MI,604.1599731445312,617.0999755859375,603.4099731445312,616.6099853515625,729
2026-02-05,XLES.MI,619.6199951171875,623.0800170898438,606.7999877929688,607.0700073242188,1065
2026-02-06,XLES.MI,617.8800048828125,626.6300048828125,616.3800048828125,622.6599731445312,299
2026-02-09,XLES.MI,620.7000122070312,623.8200073242188,618.1900024414062,622.469970703125,2696
2026-02-10,XLES.MI,624.0700073242188,627.8499755859375,619.489990234375,622.969970703125,3165
2026-02-11,XLES.MI,624.8800048828125,642.010009765625,624.7000122070312,642.010009765625,2445
2026-02-12,XLES.MI,642.4000244140625,644.0,636.8900146484375,636.8900146484375,1538
2026-02-13,XLES.MI,630.969970703125,635.97998046875,626.7100219726562,635.9400024414062,1866
2026-02-16,XLES.MI,638.5499877929688,646.3800048828125,636.5,646.3800048828125,522
2026-02-17,XLES.MI,640.5700073242188,644.989990234375,626.1199951171875,627.969970703125,2556
2026-02-18,XLES.MI,632.22998046875,640.5999755859375,631.8099975585938,638.510009765625,1998
2026-02-19,XLES.MI,647.0,655.47998046875,645.530029296875,651.780029296875,1294
2026-02-20,XLES.MI,651.5800170898438,651.5800170898438,642.1799926757812,642.5599975585938,1863
2026-02-23,XLES.MI,641.1099853515625,656.8400268554688,641.1099853515625,648.7100219726562,715
2026-02-24,XLES.MI,649.3099975585938,651.5499877929688,642.0800170898438,643.6199951171875,1172
2026-02-25,XLES.MI,646.239990234375,651.5,638.4500122070312,640.0599975585938,586
2026-02-26,XLES.MI,643.77001953125,654.0700073242188,636.6400146484375,654.0700073242188,1601
2026-02-27,XLES.MI,644.219970703125,656.2899780273438,644.219970703125,647.2000122070312,1419
2026-03-02,XLES.MI,701.4600219726562,706.4000244140625,669.6400146484375,674.22998046875,2838
2026-03-03,XLES.MI,686.969970703125,698.7100219726562,673.8900146484375,683.6400146484375,2295
2026-03-04,XLES.MI,678.469970703125,681.4600219726562,661.0,664.7899780273438,3003
2026-03-05,XLES.MI,675.0,680.8400268554688,669.4299926757812,677.47998046875,1813
2026-03-09,XLES.MI,692.760009765625,695.0,676.8900146484375,676.8900146484375,1973
2026-03-10,XLES.MI,669.27001953125,672.0,663.9000244140625,667.8499755859375,1844
2026-03-11,XLES.MI,661.3300170898438,679.0499877929688,661.3300170898438,679.0499877929688,3793
2026-03-12,XLES.MI,685.5,701.6699829101562,685.5,699.3699951171875,622
2026-03-13,XLES.MI,699.4500122070312,699.6900024414062,693.7899780273438,697.7899780273438,555
2026-03-16,XLES.MI,707.7999877929688,709.0999755859375,695.72998046875,699.2899780273438,665
2026-03-17,XLES.MI,703.22998046875,710.3499755859375,697.3400268554688,707.1400146484375,2190
2026-03-18,XLES.MI,702.6599731445312,709.969970703125,700.4199829101562,706.8599853515625,1503
2026-03-19,XLES.MI,710.3900146484375,719.2999877929688,708.0,718.3499755859375,1398
2026-03-20,XLES.MI,713.0599975585938,723.8900146484375,713.0599975585938,722.3200073242188,906
2026-03-23,XLES.MI,718.9500122070312,724.3099975585938,690.0,716.3900146484375,4363
2026-03-24,XLES.MI,720.3599853515625,740.2999877929688,719.5999755859375,736.5599975585938,704
2026-03-25,XLES.MI,726.77001953125,735.4199829101562,722.8400268554688,732.6500244140625,1976
2026-03-26,XLES.MI,733.6199951171875,747.9500122070312,733.6199951171875,747.8699951171875,931
2026-03-27,XLES.MI,748.3599853515625,760.9299926757812,745.0,759.4299926757812,1852
2026-03-30,XLES.MI,768.27001953125,772.2999877929688,765.22998046875,765.22998046875,1790
2026-03-31,XLES.MI,757.9199829101562,759.760009765625,750.0,756.469970703125,3717
2026-04-01,XLES.MI,722.969970703125,726.719970703125,705.0,708.1900024414062,3166
2026-04-02,XLES.MI,729.2899780273438,737.6400146484375,716.6300048828125,716.6300048828125,3541
2026-04-07,XLES.MI,727.77001953125,733.02001953125,717.010009765625,728.1400146484375,2811
2026-04-08,XLES.MI,676.530029296875,688.4099731445312,670.6099853515625,685.7899780273438,1582
2026-04-09,XLES.MI,696.25,706.02001953125,694.22998046875,694.97998046875,1971
2026-04-10,XLES.MI,684.1799926757812,687.239990234375,674.9600219726562,676.6900024414062,3671
2026-04-13,XLES.MI,692.6900024414062,697.8499755859375,680.3900146484375,683.4400024414062,588
2026-04-14,XLES.MI,673.9500122070312,675.47998046875,658.7899780273438,662.0700073242188,1979
2026-04-15,XLES.MI,659.9299926757812,664.3599853515625,655.6799926757812,660.9199829101562,981
2026-04-16,XLES.MI,659.3599853515625,673.47998046875,659.02001953125,670.0800170898438,783
2026-04-17,XLES.MI,672.0,672.6900024414062,631.0,640.3599853515625,4301
2026-04-20,XLES.MI,661.0999755859375,664.8200073242188,652.77001953125,656.7000122070312,1564
2026-04-21,XLES.MI,653.7100219726562,658.22998046875,652.8200073242188,658.22998046875,854
2026-04-22,XLES.MI,659.77001953125,674.8499755859375,659.760009765625,672.6799926757812,1612
2026-04-23,XLES.MI,678.3800048828125,682.0800170898438,675.280029296875,675.280029296875,857
2026-04-24,XLES.MI,680.0800170898438,682.1599731445312,671.47998046875,674.219970703125,482
2026-04-27,XLES.MI,679.6699829101562,685.0,678.6400146484375,678.760009765625,1103
2026-04-28,XLES.MI,683.7899780273438,692.0800170898438,683.5,692.0800170898438,1520
2026-04-29,XLES.MI,691.6900024414062,700.3800048828125,690.3400268554688,699.6400146484375,1631
2026-04-30,XLES.MI,707.22998046875,710.4299926757812,695.0,710.1300048828125,2480
2026-05-04,XLES.MI,702.4600219726562,707.6400146484375,695.5,707.6400146484375,1283
2026-05-05,XLES.MI,709.3499755859375,711.219970703125,704.0599975585938,709.3599853515625,2148
2026-05-06,XLES.MI,707.3099975585938,707.3099975585938,667.0999755859375,676.47998046875,5280
2026-05-07,XLES.MI,676.5999755859375,676.5999755859375,655.489990234375,658.5499877929688,2164
2026-05-08,XLES.MI,664.1699829101562,666.6699829101562,661.2899780273438,664.0599975585938,519
2026-05-11,XLES.MI,668.1199951171875,673.1300048828125,666.4000244140625,672.030029296875,1794
2026-05-12,XLES.MI,681.6400146484375,688.1500244140625,679.9500122070312,682.6599731445312,2798
2026-05-13,XLES.MI,682.9600219726562,687.0700073242188,679.27001953125,679.27001953125,2541
2026-05-14,XLES.MI,686.1400146484375,693.739990234375,684.8599853515625,690.52001953125,2516
2026-05-15,XLES.MI,697.47998046875,709.02001953125,696.9099731445312,707.4600219726562,1611
2026-05-18,XLES.MI,713.0900268554688,722.7999877929688,704.739990234375,722.3599853515625,7264
2026-05-19,XLES.MI,729.52001953125,732.9400024414062,726.260009765625,729.010009765625,2231
2026-05-20,XLES.MI,732.77001953125,741.25,721.9099731445312,723.5800170898438,6093
2026-05-21,XLES.MI,720.0,726.9199829101562,715.530029296875,720.4600219726562,4366
2026-05-22,XLES.MI,713.0399780273438,715.3300170898438,708.0,711.7100219726562,751
2026-05-25,XLES.MI,707.1699829101562,707.1699829101562,694.239990234375,699.1599731445312,572
2026-05-26,XLES.MI,702.8599853515625,714.22998046875,702.6599731445312,705.2999877929688,584
2026-05-27,XLES.MI,690.0700073242188,690.0700073242188,678.77001953125,685.010009765625,3149
2026-05-28,XLES.MI,688.6799926757812,690.8699951171875,679.1300048828125,684.9299926757812,3202
2026-05-29,XLES.MI,678.1300048828125,682.239990234375,670.0,671.0900268554688,1640
2026-06-01,XLES.MI,675.239990234375,695.239990234375,675.010009765625,691.75,2593
2026-06-02,XLES.MI,683.9299926757812,691.780029296875,681.4400024414062,691.780029296875,1511
2026-06-03,XLES.MI,699.3099975585938,709.010009765625,698.4500122070312,709.010009765625,1690
2026-06-04,XLES.MI,702.3099975585938,707.77001953125,697.6599731445312,706.0900268554688,5782
2026-06-05,XLES.MI,705.260009765625,707.3099975585938,698.2899780273438,705.8400268554688,1335
2026-06-08,XLES.MI,708.7100219726562,712.0499877929688,699.9299926757812,704.4299926757812,2969
2026-06-09,XLES.MI,700.3099975585938,701.5,687.52001953125,691.9400024414062,2887
2026-06-10,XLES.MI,692.6400146484375,707.8499755859375,690.5499877929688,707.5999755859375,1927
2026-06-11,XLES.MI,705.6599731445312,712.5900268554688,703.9600219726562,706.7000122070312,2436
2026-06-12,XLES.MI,682.0700073242188,698.7999877929688,682.0700073242188,698.7999877929688,1886
2026-06-15,XLES.MI,680.22998046875,680.22998046875,662.5800170898438,671.1599731445312,1684
2026-06-16,XLES.MI,667.4600219726562,668.4199829101562,662.5800170898438,664.2999877929688,1440
2026-06-17,XLES.MI,660.280029296875,666.1300048828125,659.7000122070312,662.5900268554688,645
2026-06-18,XLES.MI,660.0,664.510009765625,648.3099975585938,650.510009765625,1384
2026-06-19,XLES.MI,655.4199829101562,657.1799926757812,652.719970703125,656.4299926757812,79
2026-06-22,XLES.MI,656.0999755859375,660.8499755859375,655.4400024414062,657.5800170898438,1354
2026-06-23,XLES.MI,660.9199829101562,672.0399780273438,660.9199829101562,670.22998046875,460
2026-06-24,XLES.MI,671.489990234375,671.489990234375,659.1099853515625,659.5900268554688,498
2026-06-25,XLES.MI,659.0700073242188,670.0999755859375,656.530029296875,670.0999755859375,231
2026-06-26,XLES.MI,666.3200073242188,666.3200073242188,661.239990234375,665.22998046875,947
2026-06-29,XLES.MI,663.4199829101562,667.3099975585938,662.8200073242188,662.8200073242188,939
2026-06-30,XLES.MI,659.9500122070312,663.77001953125,658.0,660.1500244140625,280
2026-07-01,XLES.MI,653.5700073242188,657.969970703125,650.0,652.8800048828125,558
2026-07-02,XLES.MI,650.6099853515625,658.5900268554688,650.6099853515625,652.6300048828125,820
2026-07-03,XLES.MI,652.719970703125,652.719970703125,648.0599975585938,651.8699951171875,717
2026-07-06,XLES.MI,655.6599731445312,659.25,652.0,656.6900024414062,2585
2026-07-07,XLES.MI,657.6099853515625,667.4199829101562,657.280029296875,664.9400024414062,1049
2026-07-08,XLES.MI,677.3699951171875,693.5800170898438,676.739990234375,691.6699829101562,1005
2026-07-09,XLES.MI,679.22998046875,682.0,678.1400146484375,678.1400146484375,185
2026-07-10,XLES.MI,675.239990234375,678.5,673.1900024414062,673.3800048828125,292
2026-07-13,XLES.MI,688.8900146484375,696.77001953125,685.77001953125,695.6300048828125,313
2026-07-14,XLES.MI,705.22998046875,707.4600219726562,694.1300048828125,695.1500244140625,2124
2026-07-15,XLES.MI,702.52001953125,703.4000244140625,688.010009765625,688.010009765625,639
2026-07-16,XLES.MI,690.8200073242188,704.1099853515625,690.8200073242188,702.9199829101562,177
2026-07-17,XLES.MI,704.1500244140625,715.47998046875,703.7899780273438,708.1900024414062,380
2026-07-20,XLES.MI,717.1400146484375,719.1300048828125,706.030029296875,719.1300048828125,1996
2026-07-21,XLES.MI,714.739990234375,720.9299926757812,711.6400146484375,720.9299926757812,635
2026-07-22,XLES.MI,726.3200073242188,734.010009765625,726.3200073242188,731.3099975585938,346
2026-07-23,XLES.MI,737.7100219726562,748.0,737.1300048828125,746.3300170898438,436
2026-07-24,XLES.MI,734.3800048828125,747.7100219726562,730.030029296875,739.9400024414062,940
2026-07-27,XLES.MI,719.2899780273438,731.6199951171875,717.1799926757812,726.3900146484375,1061
2026-07-28,XLES.MI,724.780029296875,728.510009765625,713.4000244140625,714.5499877929688,549
