Date,Ticker,Open,High,Low,Close,Volume
2018-01-02,XMBR.MI,38.56999969482422,39.32500076293945,38.56999969482422,39.310001373291016,1278
2018-01-03,XMBR.MI,39.654998779296875,39.75,39.345001220703125,39.71500015258789,4806
2018-01-04,XMBR.MI,39.880001068115234,40.345001220703125,39.69499969482422,40.314998626708984,2684
2018-01-05,XMBR.MI,40.1349983215332,40.345001220703125,40.0,40.345001220703125,1718
2018-01-08,XMBR.MI,40.959999084472656,40.959999084472656,40.349998474121094,40.59000015258789,4361
2018-01-09,XMBR.MI,40.875,40.904998779296875,40.619998931884766,40.66999816894531,20125
2018-01-10,XMBR.MI,40.415000915527344,40.51499938964844,39.880001068115234,40.29499816894531,3101
2018-01-11,XMBR.MI,40.30500030517578,40.369998931884766,40.1150016784668,40.34000015258789,3111
2018-01-12,XMBR.MI,40.814998626708984,40.814998626708984,40.11000061035156,40.334999084472656,19895
2018-01-15,XMBR.MI,40.959999084472656,40.959999084472656,40.20000076293945,40.459999084472656,4000
2018-01-16,XMBR.MI,40.470001220703125,40.90999984741211,40.349998474121094,40.35499954223633,12608
2018-01-17,XMBR.MI,40.185001373291016,40.599998474121094,40.185001373291016,40.584999084472656,1893
2018-01-18,XMBR.MI,40.959999084472656,41.25,40.599998474121094,41.040000915527344,2726
2018-01-19,XMBR.MI,41.095001220703125,41.30500030517578,41.095001220703125,41.18000030517578,1264
2018-01-22,XMBR.MI,41.5,41.5,41.154998779296875,41.334999084472656,5474
2018-01-23,XMBR.MI,41.779998779296875,41.779998779296875,40.70500183105469,40.84000015258789,4744
2018-01-24,XMBR.MI,40.709999084472656,41.849998474121094,40.47999954223633,41.53499984741211,5561
2018-01-25,XMBR.MI,41.994998931884766,43.03499984741211,41.994998931884766,42.974998474121094,17930
2018-01-26,XMBR.MI,42.970001220703125,43.599998474121094,42.720001220703125,43.599998474121094,2764
2018-01-29,XMBR.MI,43.584999084472656,43.810001373291016,43.099998474121094,43.1150016784668,2860
2018-01-30,XMBR.MI,42.66999816894531,42.76499938964844,42.25,42.29999923706055,3198
2018-01-31,XMBR.MI,42.8650016784668,43.81999969482422,42.79499816894531,43.15999984741211,17209
2018-02-01,XMBR.MI,43.25,43.310001373291016,42.685001373291016,43.005001068115234,2143
2018-02-02,XMBR.MI,42.959999084472656,42.959999084472656,41.70000076293945,41.880001068115234,1924
2018-02-05,XMBR.MI,41.15999984741211,41.689998626708984,41.0,41.494998931884766,3995
2018-02-06,XMBR.MI,39.70000076293945,40.970001220703125,39.185001373291016,40.970001220703125,4365
2018-02-07,XMBR.MI,41.46500015258789,42.0,41.279998779296875,41.85499954223633,2527
2018-02-08,XMBR.MI,41.0,41.54499816894531,40.54999923706055,40.54999923706055,868
2018-02-09,XMBR.MI,40.0,40.42499923706055,39.810001373291016,39.810001373291016,7502
2018-02-12,XMBR.MI,40.48500061035156,40.95000076293945,40.48500061035156,40.744998931884766,998
2018-02-13,XMBR.MI,40.625,40.625,40.595001220703125,40.595001220703125,100
2018-02-14,XMBR.MI,40.5,40.96500015258789,40.5,40.96500015258789,16648
2018-02-15,XMBR.MI,41.880001068115234,42.369998931884766,41.63999938964844,41.790000915527344,15326
2018-02-16,XMBR.MI,41.790000915527344,42.04999923706055,41.619998931884766,42.04999923706055,829
2018-02-19,XMBR.MI,42.08000183105469,42.41999816894531,41.869998931884766,42.27000045776367,4421
2018-02-20,XMBR.MI,42.064998626708984,42.68000030517578,42.0,42.68000030517578,1569
2018-02-21,XMBR.MI,42.80500030517578,43.11000061035156,42.720001220703125,43.11000061035156,2208
2018-02-22,XMBR.MI,42.5099983215332,43.34000015258789,42.5099983215332,43.310001373291016,1368
2018-02-23,XMBR.MI,43.5,43.82500076293945,43.224998474121094,43.224998474121094,4030
2018-02-26,XMBR.MI,43.619998931884766,44.0,43.619998931884766,43.904998779296875,1571
2018-02-27,XMBR.MI,43.84000015258789,43.98500061035156,43.4900016784668,43.64500045776367,2309
2018-02-28,XMBR.MI,43.68000030517578,43.68000030517578,43.380001068115234,43.380001068115234,475
2018-03-01,XMBR.MI,43.279998779296875,43.30500030517578,42.775001525878906,43.099998474121094,6667
2018-03-02,XMBR.MI,42.83000183105469,42.83000183105469,41.7400016784668,41.959999084472656,11726
2018-03-05,XMBR.MI,42.11000061035156,42.79999923706055,42.11000061035156,42.79999923706055,1394
2018-03-06,XMBR.MI,43.22999954223633,43.34000015258789,43.005001068115234,43.025001525878906,1325
2018-03-07,XMBR.MI,42.71500015258789,42.83000183105469,42.375,42.375,379
2018-03-08,XMBR.MI,42.375,42.54999923706055,42.20000076293945,42.20000076293945,385
2018-03-09,XMBR.MI,42.38999938964844,43.189998626708984,42.38999938964844,43.18000030517578,597
2018-03-12,XMBR.MI,43.52000045776367,43.52000045776367,43.1150016784668,43.244998931884766,14514
2018-03-13,XMBR.MI,43.17499923706055,43.57500076293945,42.79499816894531,42.79499816894531,1623
2018-03-14,XMBR.MI,43.03499984741211,43.20000076293945,42.564998626708984,42.564998626708984,1760
2018-03-15,XMBR.MI,42.70500183105469,42.869998931884766,42.17499923706055,42.17499923706055,588
2018-03-16,XMBR.MI,42.0,42.27000045776367,41.65999984741211,42.130001068115234,11369
2018-03-19,XMBR.MI,41.45000076293945,41.584999084472656,41.290000915527344,41.36000061035156,1998
2018-03-20,XMBR.MI,41.5,41.76499938964844,41.45500183105469,41.689998626708984,1071
2018-03-21,XMBR.MI,41.25,42.0099983215332,41.25,42.0099983215332,4483
2018-03-22,XMBR.MI,41.75,42.150001525878906,41.619998931884766,41.755001068115234,11135
2018-03-23,XMBR.MI,41.150001525878906,41.46500015258789,41.1349983215332,41.33000183105469,750
2018-03-26,XMBR.MI,41.66999816894531,41.76499938964844,41.165000915527344,41.165000915527344,668
2018-03-27,XMBR.MI,41.689998626708984,41.689998626708984,41.1349983215332,41.18000030517578,379
2018-03-28,XMBR.MI,40.3650016784668,40.474998474121094,40.099998474121094,40.38999938964844,6458
2018-03-29,XMBR.MI,41.04999923706055,41.709999084472656,41.04999923706055,41.709999084472656,1955
2018-04-03,XMBR.MI,42.08000183105469,42.08000183105469,41.470001220703125,41.904998779296875,7761
2018-04-04,XMBR.MI,41.30500030517578,41.30500030517578,40.29499816894531,40.849998474121094,7932
2018-04-05,XMBR.MI,42.505001068115234,42.650001525878906,42.084999084472656,42.22999954223633,8839
2018-04-06,XMBR.MI,41.44499969482422,41.44499969482422,40.57500076293945,40.724998474121094,4073
2018-04-09,XMBR.MI,41.529998779296875,41.529998779296875,40.349998474121094,40.3849983215332,2310
2018-04-10,XMBR.MI,40.08000183105469,40.189998626708984,39.30500030517578,39.98500061035156,5304
2018-04-11,XMBR.MI,39.93000030517578,40.54999923706055,39.744998931884766,40.54999923706055,2193
2018-04-12,XMBR.MI,40.7599983215332,41.04999923706055,40.7599983215332,40.849998474121094,940
2018-04-13,XMBR.MI,40.5099983215332,40.755001068115234,40.10499954223633,40.10499954223633,1349
2018-04-16,XMBR.MI,39.8849983215332,40.0,39.150001525878906,39.224998474121094,5309
2018-04-17,XMBR.MI,39.20500183105469,39.91999816894531,39.16999816894531,39.91999816894531,19014
2018-04-18,XMBR.MI,40.08000183105469,40.93000030517578,40.02000045776367,40.93000030517578,2005
2018-04-19,XMBR.MI,41.0,41.29499816894531,40.66999816894531,40.76499938964844,991
2018-04-20,XMBR.MI,40.72999954223633,41.36000061035156,40.65999984741211,40.67499923706055,15282
2018-04-23,XMBR.MI,40.654998779296875,40.689998626708984,40.36000061035156,40.689998626708984,19073
2018-04-24,XMBR.MI,40.58000183105469,40.82500076293945,40.55500030517578,40.55500030517578,57
2018-04-25,XMBR.MI,40.599998474121094,40.599998474121094,39.5,39.79499816894531,536
2018-04-26,XMBR.MI,40.095001220703125,40.64500045776367,40.095001220703125,40.64500045776367,1569
2018-04-27,XMBR.MI,40.974998474121094,41.5,40.974998474121094,41.185001373291016,2512
2018-04-30,XMBR.MI,41.279998779296875,41.439998626708984,41.0,41.0,6747
2018-05-02,XMBR.MI,41.005001068115234,41.005001068115234,39.84000015258789,39.974998474121094,8243
2018-05-03,XMBR.MI,39.86000061035156,40.040000915527344,39.040000915527344,39.040000915527344,6336
2018-05-04,XMBR.MI,39.529998779296875,39.58000183105469,39.0,39.58000183105469,2557
2018-05-07,XMBR.MI,39.54999923706055,39.54999923706055,39.20500183105469,39.40999984741211,6632
2018-05-08,XMBR.MI,39.1349983215332,39.209999084472656,38.69499969482422,38.69499969482422,3401
2018-05-09,XMBR.MI,39.20500183105469,39.349998474121094,39.0,39.130001068115234,323
2018-05-10,XMBR.MI,39.650001525878906,40.64500045776367,39.64500045776367,40.64500045776367,3709
2018-05-11,XMBR.MI,40.59000015258789,40.619998931884766,39.95000076293945,39.95000076293945,5637
2018-05-14,XMBR.MI,39.9900016784668,40.06999969482422,39.7599983215332,39.7599983215332,9685
2018-05-15,XMBR.MI,39.58000183105469,39.584999084472656,39.0,39.119998931884766,13763
2018-05-16,XMBR.MI,39.400001525878906,39.970001220703125,39.400001525878906,39.970001220703125,313
2018-05-17,XMBR.MI,39.380001068115234,39.380001068115234,39.13999938964844,39.13999938964844,150
2018-05-18,XMBR.MI,38.584999084472656,38.6150016784668,37.35499954223633,37.35499954223633,3590
2018-05-21,XMBR.MI,37.75,38.599998474121094,37.72999954223633,38.02000045776367,9833
2018-05-22,XMBR.MI,38.11000061035156,38.439998626708984,37.915000915527344,38.439998626708984,3132
2018-05-23,XMBR.MI,38.34000015258789,38.3849983215332,37.98500061035156,38.15999984741211,9130
2018-05-24,XMBR.MI,37.66999816894531,37.709999084472656,36.994998931884766,37.255001068115234,12006
2018-05-25,XMBR.MI,37.404998779296875,37.85499954223633,37.18000030517578,37.31999969482422,9498
2018-05-28,XMBR.MI,37.20000076293945,37.20000076293945,35.18000030517578,35.20000076293945,12354
2018-05-29,XMBR.MI,35.0,35.709999084472656,34.20000076293945,35.619998931884766,21573
2018-05-30,XMBR.MI,35.154998779296875,35.45500183105469,34.93000030517578,35.14500045776367,2903
2018-05-31,XMBR.MI,35.22999954223633,35.77000045776367,35.18000030517578,35.32500076293945,12749
2018-06-01,XMBR.MI,35.17499923706055,35.900001525878906,34.630001068115234,34.630001068115234,12394
2018-06-04,XMBR.MI,35.41999816894531,35.689998626708984,35.41999816894531,35.619998931884766,10906
2018-06-05,XMBR.MI,35.45000076293945,35.584999084472656,34.994998931884766,35.27000045776367,7407
2018-06-06,XMBR.MI,34.375,34.415000915527344,33.35499954223633,33.630001068115234,22965
2018-06-07,XMBR.MI,33.35499954223633,33.3650016784668,31.895000457763672,31.895000457763672,18980
2018-06-08,XMBR.MI,31.954999923706055,33.119998931884766,31.815000534057617,32.96500015258789,37642
2018-06-11,XMBR.MI,33.1349983215332,33.59000015258789,33.1349983215332,33.38999938964844,5090
2018-06-12,XMBR.MI,33.09000015258789,33.64500045776367,32.79999923706055,33.64500045776367,4333
2018-06-13,XMBR.MI,33.3849983215332,33.3849983215332,32.869998931884766,33.1150016784668,1146
2018-06-14,XMBR.MI,32.849998474121094,33.470001220703125,32.599998474121094,33.42499923706055,14478
2018-06-15,XMBR.MI,32.150001525878906,32.595001220703125,31.850000381469727,32.099998474121094,3767
2018-06-18,XMBR.MI,32.334999084472656,32.540000915527344,31.799999237060547,31.979999542236328,3215
2018-06-19,XMBR.MI,31.655000686645508,32.875,31.170000076293945,32.875,12034
2018-06-20,XMBR.MI,33.029998779296875,33.349998474121094,32.939998626708984,33.09000015258789,4212
2018-06-21,XMBR.MI,32.880001068115234,32.904998779296875,32.13999938964844,32.150001525878906,8256
2018-06-22,XMBR.MI,32.16999816894531,32.33000183105469,32.0,32.15999984741211,1055
2018-06-25,XMBR.MI,31.920000076293945,32.209999084472656,31.524999618530273,31.55500030517578,7089
2018-06-26,XMBR.MI,32.08000183105469,32.10499954223633,31.899999618530273,31.899999618530273,4797
2018-06-27,XMBR.MI,31.854999542236328,32.19499969482422,31.670000076293945,31.8700008392334,6339
2018-06-28,XMBR.MI,31.415000915527344,31.924999237060547,31.415000915527344,31.8700008392334,484
2018-06-29,XMBR.MI,32.47999954223633,32.47999954223633,32.25,32.345001220703125,4460
2018-07-02,XMBR.MI,31.764999389648438,31.78499984741211,31.6200008392334,31.760000228881836,218
2018-07-03,XMBR.MI,32.400001525878906,32.70500183105469,32.20500183105469,32.70500183105469,75
2018-07-04,XMBR.MI,32.46500015258789,32.53499984741211,32.33000183105469,32.33000183105469,3507
2018-07-05,XMBR.MI,32.709999084472656,32.779998779296875,32.08000183105469,32.08000183105469,251
2018-07-06,XMBR.MI,32.130001068115234,32.5,32.01499938964844,32.5,1490
2018-07-09,XMBR.MI,32.994998931884766,33.224998474121094,32.8650016784668,33.224998474121094,3695
2018-07-10,XMBR.MI,33.38999938964844,33.400001525878906,33.150001525878906,33.400001525878906,2413
2018-07-11,XMBR.MI,33.150001525878906,33.150001525878906,32.69499969482422,32.93000030517578,5051
2018-07-12,XMBR.MI,32.90999984741211,33.51499938964844,32.90999984741211,33.51499938964844,137
2018-07-13,XMBR.MI,33.654998779296875,33.88999938964844,33.41999816894531,33.88999938964844,8872
2018-07-16,XMBR.MI,34.14500045776367,34.14500045776367,33.665000915527344,33.665000915527344,1097
2018-07-17,XMBR.MI,33.834999084472656,34.470001220703125,33.56999969482422,34.310001373291016,2388
2018-07-18,XMBR.MI,34.93000030517578,35.0,34.61000061035156,34.69499969482422,12401
2018-07-19,XMBR.MI,34.470001220703125,34.470001220703125,33.744998931884766,33.8650016784668,1350
2018-07-20,XMBR.MI,35.2599983215332,36.099998474121094,35.2599983215332,35.79999923706055,5425
2018-07-23,XMBR.MI,35.30500030517578,35.39500045776367,35.095001220703125,35.244998931884766,6188
2018-07-24,XMBR.MI,35.584999084472656,36.3849983215332,35.584999084472656,36.3849983215332,10454
2018-07-25,XMBR.MI,36.415000915527344,36.91999816894531,36.29999923706055,36.91999816894531,1023
2018-07-26,XMBR.MI,37.0,37.099998474121094,36.900001525878906,36.92499923706055,2399
2018-07-27,XMBR.MI,36.6150016784668,37.17499923706055,36.6150016784668,37.01499938964844,2515
2018-07-30,XMBR.MI,36.939998626708984,37.0,36.584999084472656,36.685001373291016,2671
2018-07-31,XMBR.MI,36.875,36.875,36.15999984741211,36.15999984741211,2791
2018-08-01,XMBR.MI,36.0,36.40999984741211,36.0,36.27000045776367,3497
2018-08-02,XMBR.MI,36.14500045776367,36.36000061035156,35.64500045776367,36.36000061035156,3460
2018-08-03,XMBR.MI,36.6150016784668,38.0,36.584999084472656,37.80500030517578,4413
2018-08-06,XMBR.MI,38.0099983215332,38.04999923706055,37.685001373291016,37.685001373291016,1158
2018-08-07,XMBR.MI,37.82500076293945,37.869998931884766,37.810001373291016,37.8650016784668,190
2018-08-08,XMBR.MI,36.939998626708984,37.08000183105469,36.939998626708984,37.08000183105469,319
2018-08-09,XMBR.MI,36.79999923706055,36.79999923706055,35.5,35.83000183105469,2268
2018-08-10,XMBR.MI,35.470001220703125,35.470001220703125,34.974998474121094,35.08000183105469,16647
2018-08-13,XMBR.MI,34.334999084472656,34.72999954223633,33.70000076293945,34.494998931884766,9997
2018-08-14,XMBR.MI,35.39500045776367,35.459999084472656,35.275001525878906,35.29999923706055,1234
2018-08-16,XMBR.MI,34.775001525878906,34.95500183105469,34.775001525878906,34.849998474121094,9021
2018-08-17,XMBR.MI,34.13999938964844,34.13999938964844,33.685001373291016,33.685001373291016,5923
2018-08-20,XMBR.MI,33.935001373291016,34.26499938964844,33.66999816894531,33.66999816894531,8707
2018-08-21,XMBR.MI,33.755001068115234,33.834999084472656,32.959999084472656,32.959999084472656,11867
2018-08-22,XMBR.MI,32.5,32.5,31.549999237060547,32.20000076293945,5333
2018-08-23,XMBR.MI,32.709999084472656,32.869998931884766,32.334999084472656,32.3849983215332,5846
2018-08-24,XMBR.MI,31.875,32.279998779296875,31.875,32.185001373291016,6926
2018-08-27,XMBR.MI,32.435001373291016,32.7599983215332,32.279998779296875,32.7599983215332,9450
2018-08-28,XMBR.MI,32.59000015258789,32.59000015258789,31.985000610351562,32.130001068115234,3203
2018-08-29,XMBR.MI,32.17499923706055,32.73500061035156,32.17499923706055,32.73500061035156,312
2018-08-30,XMBR.MI,32.744998931884766,32.744998931884766,31.690000534057617,31.690000534057617,12034
2018-08-31,XMBR.MI,31.5,32.084999084472656,30.9950008392334,31.8799991607666,47634
2018-09-03,XMBR.MI,32.65999984741211,33.06999969482422,31.829999923706055,31.885000228881836,7381
2018-09-04,XMBR.MI,31.829999923706055,31.860000610351562,31.395000457763672,31.53499984741211,13296
2018-09-05,XMBR.MI,30.80500030517578,31.264999389648438,30.80500030517578,31.165000915527344,1612
2018-09-06,XMBR.MI,31.520000457763672,31.84000015258789,31.46500015258789,31.5,3623
2018-09-07,XMBR.MI,32.79999923706055,33.01499938964844,32.724998474121094,32.724998474121094,5786
2018-09-10,XMBR.MI,32.78499984741211,32.86000061035156,32.209999084472656,32.220001220703125,6022
2018-09-11,XMBR.MI,32.2599983215332,32.2599983215332,31.03499984741211,31.19499969482422,20429
2018-09-12,XMBR.MI,31.809999465942383,31.809999465942383,31.280000686645508,31.489999771118164,8701
2018-09-13,XMBR.MI,31.739999771118164,32.04499816894531,30.90999984741211,30.90999984741211,7753
2018-09-14,XMBR.MI,30.924999237060547,31.139999389648438,30.719999313354492,31.139999389648438,13368
2018-09-17,XMBR.MI,31.100000381469727,31.5,30.885000228881836,31.5,4899
2018-09-18,XMBR.MI,32.084999084472656,32.58000183105469,32.084999084472656,32.560001373291016,3896
2018-09-19,XMBR.MI,32.630001068115234,32.834999084472656,32.38999938964844,32.834999084472656,7903
2018-09-20,XMBR.MI,32.369998931884766,32.935001373291016,32.369998931884766,32.6150016784668,7904
2018-09-21,XMBR.MI,32.85499954223633,33.505001068115234,32.80500030517578,33.505001068115234,887
2018-09-24,XMBR.MI,33.21500015258789,33.21500015258789,33.13999938964844,33.17499923706055,280
2018-09-25,XMBR.MI,32.79999923706055,32.79999923706055,31.934999465942383,32.33000183105469,14926
2018-09-26,XMBR.MI,33.005001068115234,33.51499938964844,33.005001068115234,33.47999954223633,446
2018-09-27,XMBR.MI,33.41999816894531,34.52000045776367,33.41999816894531,34.52000045776367,5512
2018-09-28,XMBR.MI,34.650001525878906,34.650001525878906,34.05500030517578,34.47999954223633,1181
2018-10-01,XMBR.MI,34.3650016784668,34.3650016784668,33.79999923706055,33.86000061035156,1721
2018-10-02,XMBR.MI,34.07500076293945,36.064998626708984,34.07500076293945,36.064998626708984,8428
2018-10-03,XMBR.MI,36.56999969482422,38.779998779296875,36.56999969482422,38.02000045776367,28636
2018-10-04,XMBR.MI,36.08000183105469,36.619998931884766,36.040000915527344,36.619998931884766,7324
2018-10-05,XMBR.MI,38.20000076293945,38.20000076293945,37.064998626708984,37.064998626708984,14265
2018-10-08,XMBR.MI,38.5,41.0,38.5,39.55500030517578,16188
2018-10-09,XMBR.MI,40.0,40.349998474121094,39.494998931884766,40.22999954223633,5156
2018-10-10,XMBR.MI,40.59000015258789,40.59000015258789,38.95500183105469,38.95500183105469,5934
2018-10-11,XMBR.MI,38.709999084472656,39.05500030517578,38.17499923706055,38.470001220703125,14781
2018-10-12,XMBR.MI,38.75,39.0,38.494998931884766,38.869998931884766,3862
2018-10-15,XMBR.MI,38.60499954223633,39.130001068115234,38.58000183105469,39.130001068115234,2052
2018-10-16,XMBR.MI,38.834999084472656,39.744998931884766,38.834999084472656,39.73500061035156,4017
2018-10-17,XMBR.MI,39.939998626708984,40.529998779296875,39.89500045776367,40.529998779296875,715
2018-10-18,XMBR.MI,40.220001220703125,40.599998474121094,39.845001220703125,39.845001220703125,1744
2018-10-19,XMBR.MI,39.58000183105469,39.69499969482422,39.47999954223633,39.47999954223633,804
2018-10-22,XMBR.MI,39.654998779296875,40.70000076293945,39.654998779296875,40.52000045776367,422
2018-10-23,XMBR.MI,40.04999923706055,40.04999923706055,39.435001373291016,39.98500061035156,4052
2018-10-24,XMBR.MI,40.5,40.904998779296875,39.54499816894531,39.54499816894531,1469
2018-10-25,XMBR.MI,39.125,39.970001220703125,39.125,39.970001220703125,8136
2018-10-26,XMBR.MI,39.13999938964844,40.44499969482422,38.97999954223633,40.44499969482422,3559
2018-10-29,XMBR.MI,41.5,43.70000076293945,40.32500076293945,40.32500076293945,23393
2018-10-30,XMBR.MI,39.625,41.084999084472656,39.625,41.084999084472656,11046
2018-10-31,XMBR.MI,41.5,42.29999923706055,40.90999984741211,40.90999984741211,18122
2018-11-01,XMBR.MI,41.439998626708984,42.11000061035156,41.345001220703125,42.11000061035156,8158
2018-11-02,XMBR.MI,42.38999938964844,43.08000183105469,42.290000915527344,42.58000183105469,24562
2018-11-05,XMBR.MI,41.97999954223633,42.5,41.970001220703125,42.28499984741211,9698
2018-11-06,XMBR.MI,42.07500076293945,42.18000030517578,41.20000076293945,41.54999923706055,8104
2018-11-07,XMBR.MI,41.32500076293945,42.04999923706055,40.540000915527344,40.974998474121094,10657
2018-11-08,XMBR.MI,41.220001220703125,41.47999954223633,40.755001068115234,40.755001068115234,5645
2018-11-09,XMBR.MI,40.0,40.48500061035156,39.29999923706055,39.82500076293945,10662
2018-11-12,XMBR.MI,40.81999969482422,40.81999969482422,40.189998626708984,40.380001068115234,4297
2018-11-13,XMBR.MI,41.05500030517578,41.095001220703125,39.560001373291016,39.560001373291016,6471
2018-11-14,XMBR.MI,39.29999923706055,39.744998931884766,39.10499954223633,39.4900016784668,8811
2018-11-15,XMBR.MI,40.86000061035156,40.880001068115234,40.3650016784668,40.814998626708984,3269
2018-11-16,XMBR.MI,40.790000915527344,41.005001068115234,40.44499969482422,40.93000030517578,6271
2018-11-19,XMBR.MI,41.29999923706055,41.31999969482422,40.755001068115234,40.755001068115234,3400
2018-11-20,XMBR.MI,39.97999954223633,40.595001220703125,39.900001525878906,39.959999084472656,5167
2018-11-21,XMBR.MI,39.869998931884766,40.30500030517578,39.8650016784668,40.30500030517578,7956
2018-11-22,XMBR.MI,40.19499969482422,40.400001525878906,40.025001525878906,40.05500030517578,10472
2018-11-23,XMBR.MI,40.53499984741211,40.53499984741211,39.630001068115234,39.76499938964844,2771
2018-11-26,XMBR.MI,39.89500045776367,40.334999084472656,39.30500030517578,39.30500030517578,3112
2018-11-27,XMBR.MI,39.04999923706055,39.70500183105469,39.04999923706055,39.70500183105469,2372
2018-11-28,XMBR.MI,40.5099983215332,40.5099983215332,39.91999816894531,40.060001373291016,5382
2018-11-29,XMBR.MI,40.2400016784668,40.75,40.2400016784668,40.75,6758
2018-11-30,XMBR.MI,40.60499954223633,41.01499938964844,40.60499954223633,41.01499938964844,570
2018-12-03,XMBR.MI,42.404998779296875,42.404998779296875,41.4900016784668,41.65999984741211,12059
2018-12-04,XMBR.MI,41.0,41.41999816894531,40.89500045776367,41.41999816894531,5145
2018-12-05,XMBR.MI,40.6150016784668,40.654998779296875,40.4900016784668,40.4900016784668,55
2018-12-06,XMBR.MI,39.15999984741211,39.15999984741211,38.92499923706055,38.92499923706055,663
2018-12-07,XMBR.MI,40.025001525878906,40.67499923706055,40.025001525878906,40.415000915527344,7455
2018-12-10,XMBR.MI,39.41999816894531,39.41999816894531,38.665000915527344,38.665000915527344,5112
2018-12-11,XMBR.MI,38.85499954223633,39.28499984741211,38.529998779296875,39.05500030517578,695
2018-12-12,XMBR.MI,39.51499938964844,40.20000076293945,39.51499938964844,40.20000076293945,8022
2018-12-13,XMBR.MI,39.6349983215332,39.720001220703125,39.619998931884766,39.619998931884766,312
2018-12-14,XMBR.MI,39.36000061035156,40.04499816894531,39.36000061035156,40.04499816894531,7
2018-12-17,XMBR.MI,39.79499816894531,39.79499816894531,39.43000030517578,39.595001220703125,133
2018-12-18,XMBR.MI,39.22999954223633,39.334999084472656,39.08000183105469,39.08000183105469,7758
2018-12-19,XMBR.MI,39.08000183105469,39.08000183105469,39.08000183105469,39.08000183105469,0
2018-12-20,XMBR.MI,38.0,39.0,38.0,38.91999816894531,6650
2018-12-21,XMBR.MI,38.96500015258789,39.185001373291016,38.564998626708984,39.185001373291016,818
2018-12-27,XMBR.MI,38.31999969482422,38.494998931884766,37.755001068115234,38.494998931884766,4872
2018-12-28,XMBR.MI,38.55500030517578,39.404998779296875,38.55500030517578,39.290000915527344,3432
2019-01-02,XMBR.MI,39.29999923706055,41.9900016784668,38.060001373291016,41.96500015258789,12748
2019-01-03,XMBR.MI,41.85499954223633,42.81999969482422,41.654998779296875,42.310001373291016,6794
2019-01-04,XMBR.MI,43.0,43.529998779296875,42.3849983215332,43.40999984741211,10912
2019-01-07,XMBR.MI,43.720001220703125,43.720001220703125,42.95500183105469,42.95500183105469,4102
2019-01-08,XMBR.MI,42.95000076293945,43.26499938964844,42.84000015258789,42.84000015258789,10350
2019-01-09,XMBR.MI,43.3849983215332,44.2599983215332,43.3849983215332,44.2599983215332,7471
2019-01-10,XMBR.MI,43.724998474121094,44.35499954223633,43.689998626708984,44.334999084472656,1477
2019-01-11,XMBR.MI,43.95500183105469,44.29999923706055,43.779998779296875,44.040000915527344,760
2019-01-14,XMBR.MI,43.65999984741211,44.23500061035156,43.65999984741211,44.165000915527344,403
2019-01-15,XMBR.MI,44.400001525878906,44.95000076293945,44.400001525878906,44.525001525878906,1791
2019-01-16,XMBR.MI,44.525001525878906,44.82500076293945,44.209999084472656,44.34000015258789,2734
2019-01-17,XMBR.MI,44.06999969482422,44.46500015258789,44.06999969482422,44.310001373291016,405
2019-01-18,XMBR.MI,44.45500183105469,45.29999923706055,44.45500183105469,45.125,2153
2019-01-21,XMBR.MI,44.45000076293945,45.040000915527344,44.44499969482422,44.494998931884766,2067
2019-01-22,XMBR.MI,43.4900016784668,45.185001373291016,43.4900016784668,44.54999923706055,1818
2019-01-23,XMBR.MI,43.95000076293945,44.650001525878906,43.95000076293945,44.42499923706055,722
2019-01-24,XMBR.MI,44.97999954223633,45.630001068115234,44.97999954223633,45.630001068115234,3864
2019-01-25,XMBR.MI,45.70000076293945,46.35499954223633,45.58000183105469,45.650001525878906,14865
2019-01-28,XMBR.MI,45.45500183105469,45.45500183105469,43.92499923706055,44.415000915527344,9587
2019-01-29,XMBR.MI,44.31999969482422,45.29999923706055,44.31999969482422,45.005001068115234,1559
2019-01-30,XMBR.MI,45.01499938964844,45.57500076293945,45.01499938964844,45.19499969482422,1507
2019-01-31,XMBR.MI,46.0,46.900001525878906,45.94499969482422,46.875,8227
2019-02-01,XMBR.MI,46.08000183105469,46.790000915527344,45.85499954223633,46.275001525878906,14921
2019-02-04,XMBR.MI,46.8650016784668,46.8650016784668,46.04499816894531,46.650001525878906,11217
2019-02-05,XMBR.MI,47.08000183105469,47.41999816894531,46.494998931884766,46.494998931884766,7613
2019-02-06,XMBR.MI,46.875,46.875,45.3849983215332,45.779998779296875,1810
2019-02-07,XMBR.MI,44.970001220703125,45.150001525878906,44.5099983215332,44.5099983215332,5252
2019-02-08,XMBR.MI,44.8650016784668,45.0,44.0,44.119998931884766,5741
2019-02-11,XMBR.MI,45.19499969482422,45.19499969482422,44.099998474121094,44.220001220703125,839
2019-02-12,XMBR.MI,44.8650016784668,45.61000061035156,44.584999084472656,45.61000061035156,2303
2019-02-13,XMBR.MI,45.84000015258789,45.93000030517578,45.04499816894531,45.04499816894531,1710
2019-02-14,XMBR.MI,45.459999084472656,45.459999084472656,44.52000045776367,45.03499984741211,3989
2019-02-15,XMBR.MI,45.88999938964844,46.70000076293945,45.88999938964844,46.57500076293945,2447
2019-02-18,XMBR.MI,46.27000045776367,47.42499923706055,45.540000915527344,45.6150016784668,2015
2019-02-19,XMBR.MI,45.91999816894531,46.3849983215332,45.185001373291016,46.3849983215332,2584
2019-02-20,XMBR.MI,46.0,46.375,46.0,46.33000183105469,2120
2019-02-21,XMBR.MI,45.83000183105469,45.83000183105469,45.0,45.064998626708984,3023
2019-02-22,XMBR.MI,45.564998626708984,46.040000915527344,45.345001220703125,46.040000915527344,709
2019-02-25,XMBR.MI,46.30500030517578,46.400001525878906,45.79499816894531,45.9900016784668,837
2019-02-26,XMBR.MI,45.5,45.82500076293945,45.36000061035156,45.82500076293945,1140
2019-02-27,XMBR.MI,45.654998779296875,45.71500015258789,45.35499954223633,45.689998626708984,4401
2019-02-28,XMBR.MI,45.599998474121094,45.599998474121094,44.70000076293945,44.70500183105469,1040
2019-03-01,XMBR.MI,44.94499969482422,45.05500030517578,44.09000015258789,44.125,1324
2019-03-04,XMBR.MI,44.099998474121094,44.220001220703125,43.7599983215332,43.845001220703125,640
2019-03-05,XMBR.MI,44.2400016784668,44.625,43.79999923706055,44.625,680
2019-03-06,XMBR.MI,44.6150016784668,44.6150016784668,43.92499923706055,44.095001220703125,1966
2019-03-07,XMBR.MI,43.20000076293945,43.2599983215332,42.935001373291016,43.224998474121094,1167
2019-03-08,XMBR.MI,43.16999816894531,43.5,42.86000061035156,43.38999938964844,2306
2019-03-11,XMBR.MI,43.73500061035156,45.06999969482422,43.73500061035156,45.01499938964844,2167
2019-03-12,XMBR.MI,45.314998626708984,45.459999084472656,45.314998626708984,45.380001068115234,103
2019-03-13,XMBR.MI,45.040000915527344,45.42499923706055,45.040000915527344,45.07500076293945,932
2019-03-14,XMBR.MI,45.41999816894531,45.47999954223633,45.1150016784668,45.1150016784668,1419
2019-03-15,XMBR.MI,45.220001220703125,45.685001373291016,45.220001220703125,45.685001373291016,300
2019-03-18,XMBR.MI,45.69499969482422,46.02000045776367,45.69499969482422,46.02000045776367,1884
2019-03-19,XMBR.MI,46.505001068115234,46.689998626708984,46.18000030517578,46.689998626708984,1252
2019-03-20,XMBR.MI,46.41999816894531,46.41999816894531,45.619998931884766,45.619998931884766,793
2019-03-21,XMBR.MI,45.20000076293945,45.20000076293945,43.85499954223633,43.85499954223633,1009
2019-03-22,XMBR.MI,44.70000076293945,44.70000076293945,42.64500045776367,42.64500045776367,2644
2019-03-25,XMBR.MI,42.0,42.81999969482422,41.025001525878906,42.81999969482422,3296
2019-03-26,XMBR.MI,42.79999923706055,43.345001220703125,42.79999923706055,43.19499969482422,616
2019-03-27,XMBR.MI,43.2599983215332,43.2599983215332,41.494998931884766,41.755001068115234,4780
2019-03-28,XMBR.MI,40.244998931884766,41.95000076293945,39.95500183105469,41.95000076293945,1964
2019-03-29,XMBR.MI,43.1349983215332,43.689998626708984,43.1349983215332,43.57500076293945,2218
2019-04-01,XMBR.MI,43.76499938964844,44.255001068115234,43.685001373291016,44.22999954223633,493
2019-04-02,XMBR.MI,44.03499984741211,44.439998626708984,43.79499816894531,43.810001373291016,4605
2019-04-03,XMBR.MI,44.18000030517578,44.4900016784668,44.099998474121094,44.16999816894531,6737
2019-04-04,XMBR.MI,43.29499816894531,44.0,43.0099983215332,43.875,463
2019-04-05,XMBR.MI,44.5,44.650001525878906,44.099998474121094,44.650001525878906,1739
2019-04-08,XMBR.MI,44.45500183105469,44.61000061035156,44.005001068115234,44.36000061035156,4015
2019-04-09,XMBR.MI,44.58000183105469,44.91999816894531,43.915000915527344,44.0,10403
2019-04-10,XMBR.MI,44.19499969482422,44.599998474121094,44.19499969482422,44.275001525878906,6846
2019-04-11,XMBR.MI,44.04999923706055,44.04999923706055,43.33000183105469,43.33000183105469,4504
2019-04-12,XMBR.MI,43.16999816894531,43.17499923706055,42.185001373291016,42.8849983215332,22828
2019-04-15,XMBR.MI,42.185001373291016,42.51499938964844,41.92499923706055,42.290000915527344,4805
2019-04-16,XMBR.MI,42.255001068115234,42.88999938964844,42.07500076293945,42.86000061035156,3285
2019-04-17,XMBR.MI,42.904998779296875,42.904998779296875,41.52000045776367,41.52000045776367,5970
2019-04-18,XMBR.MI,41.76499938964844,42.41999816894531,41.630001068115234,42.41999816894531,10230
2019-04-23,XMBR.MI,42.45500183105469,43.150001525878906,42.14500045776367,43.125,3263
2019-04-24,XMBR.MI,43.60499954223633,43.7400016784668,42.165000915527344,42.165000915527344,5359
2019-04-25,XMBR.MI,42.154998779296875,43.21500015258789,42.154998779296875,43.21500015258789,228
2019-04-26,XMBR.MI,43.60499954223633,43.709999084472656,43.16999816894531,43.709999084472656,549
2019-04-29,XMBR.MI,43.66999816894531,44.0,43.439998626708984,43.439998626708984,1991
2019-04-30,XMBR.MI,43.029998779296875,43.505001068115234,43.0,43.2599983215332,9346
2019-05-02,XMBR.MI,43.494998931884766,43.494998931884766,42.66999816894531,42.71500015258789,1022
2019-05-03,XMBR.MI,42.779998779296875,43.46500015258789,42.779998779296875,43.369998931884766,957
2019-05-06,XMBR.MI,41.97999954223633,42.63999938964844,41.97999954223633,42.63999938964844,5957
2019-05-07,XMBR.MI,42.01499938964844,42.01499938964844,41.35499954223633,41.80500030517578,432
2019-05-08,XMBR.MI,42.2400016784668,43.415000915527344,41.71500015258789,43.415000915527344,1500
2019-05-09,XMBR.MI,42.8849983215332,42.8849983215332,41.73500061035156,41.73500061035156,1440
2019-05-10,XMBR.MI,42.310001373291016,42.310001373291016,41.595001220703125,41.595001220703125,132
2019-05-13,XMBR.MI,41.09000015258789,41.099998474121094,40.494998931884766,40.75,2109
2019-05-14,XMBR.MI,40.584999084472656,40.93000030517578,40.16999816894531,40.93000030517578,12781
2019-05-15,XMBR.MI,41.07500076293945,41.07500076293945,39.85499954223633,40.57500076293945,8836
2019-05-16,XMBR.MI,40.25,40.25,40.0,40.20500183105469,165
2019-05-17,XMBR.MI,39.025001525878906,39.81999969482422,39.0,39.63999938964844,2337
2019-05-20,XMBR.MI,38.834999084472656,39.34000015258789,38.46500015258789,39.209999084472656,961
2019-05-21,XMBR.MI,39.93000030517578,41.0,39.92499923706055,40.98500061035156,4315
2019-05-22,XMBR.MI,41.45500183105469,41.810001373291016,41.45500183105469,41.7599983215332,114
2019-05-23,XMBR.MI,41.09000015258789,41.47999954223633,41.0,41.47999954223633,73
2019-05-24,XMBR.MI,41.23500061035156,41.23500061035156,41.14500045776367,41.18000030517578,94
2019-05-27,XMBR.MI,41.494998931884766,41.95500183105469,41.04499816894531,41.935001373291016,905
2019-05-28,XMBR.MI,41.77000045776367,42.564998626708984,41.665000915527344,42.474998474121094,715
2019-05-29,XMBR.MI,42.23500061035156,43.27000045776367,42.23500061035156,43.130001068115234,1077
2019-05-30,XMBR.MI,43.54999923706055,44.04999923706055,43.084999084472656,44.01499938964844,922
2019-05-31,XMBR.MI,43.345001220703125,44.540000915527344,43.345001220703125,44.540000915527344,260
2019-06-03,XMBR.MI,43.665000915527344,44.25,43.619998931884766,44.20000076293945,2219
2019-06-04,XMBR.MI,43.849998474121094,44.47999954223633,43.84000015258789,44.47999954223633,2326
2019-06-05,XMBR.MI,44.70000076293945,44.70000076293945,43.75,43.75,270
2019-06-06,XMBR.MI,43.57500076293945,44.0,43.57500076293945,43.8849983215332,831
2019-06-07,XMBR.MI,43.8849983215332,43.8849983215332,43.8849983215332,43.8849983215332,0
2019-06-10,XMBR.MI,44.36000061035156,44.36000061035156,43.900001525878906,44.04999923706055,3470
2019-06-11,XMBR.MI,43.9900016784668,44.59000015258789,43.9900016784668,44.59000015258789,1326
2019-06-12,XMBR.MI,44.64500045776367,45.290000915527344,44.64500045776367,45.290000915527344,5168
2019-06-13,XMBR.MI,44.32500076293945,45.5,44.32500076293945,45.279998779296875,399
2019-06-14,XMBR.MI,44.85499954223633,45.25,44.834999084472656,44.880001068115234,310
2019-06-17,XMBR.MI,44.20500183105469,44.54499816894531,44.17499923706055,44.54499816894531,549
2019-06-18,XMBR.MI,45.04999923706055,45.61000061035156,45.04999923706055,45.61000061035156,890
2019-06-19,XMBR.MI,45.599998474121094,45.720001220703125,45.1150016784668,45.33000183105469,2579
2019-06-20,XMBR.MI,46.36000061035156,46.9900016784668,46.36000061035156,46.6150016784668,6252
2019-06-21,XMBR.MI,46.45000076293945,46.81999969482422,46.209999084472656,46.77000045776367,5912
2019-06-24,XMBR.MI,46.66999816894531,46.75,46.310001373291016,46.665000915527344,681
2019-06-25,XMBR.MI,46.61000061035156,46.61000061035156,46.16999816894531,46.16999816894531,741
2019-06-26,XMBR.MI,45.75,45.75,45.5,45.67499923706055,373
2019-06-27,XMBR.MI,45.92499923706055,45.92499923706055,44.8849983215332,45.14500045776367,1719
2019-06-28,XMBR.MI,46.20000076293945,46.369998931884766,46.0099983215332,46.150001525878906,1156
2019-07-01,XMBR.MI,46.654998779296875,46.73500061035156,46.470001220703125,46.630001068115234,4548
2019-07-02,XMBR.MI,46.380001068115234,46.52000045776367,45.85499954223633,45.85499954223633,4530
2019-07-03,XMBR.MI,45.915000915527344,46.17499923706055,45.59000015258789,46.17499923706055,222
2019-07-04,XMBR.MI,46.755001068115234,48.11000061035156,46.755001068115234,48.11000061035156,4286
2019-07-05,XMBR.MI,47.72999954223633,48.0099983215332,47.41999816894531,48.0,4985
2019-07-08,XMBR.MI,47.76499938964844,48.439998626708984,47.744998931884766,48.3849983215332,15418
2019-07-09,XMBR.MI,47.97999954223633,48.98500061035156,47.97999954223633,48.709999084472656,4073
2019-07-10,XMBR.MI,48.619998931884766,49.720001220703125,48.60499954223633,49.720001220703125,1078
2019-07-11,XMBR.MI,49.880001068115234,50.52000045776367,49.27000045776367,49.345001220703125,3050
2019-07-12,XMBR.MI,49.23500061035156,49.900001525878906,49.23500061035156,49.2599983215332,439
2019-07-15,XMBR.MI,49.22999954223633,49.400001525878906,48.744998931884766,49.130001068115234,1300
2019-07-16,XMBR.MI,48.599998474121094,49.06999969482422,48.599998474121094,49.06999969482422,1669
2019-07-17,XMBR.MI,48.70000076293945,49.150001525878906,48.70000076293945,49.04499816894531,1317
2019-07-18,XMBR.MI,48.93000030517578,49.19499969482422,48.93000030517578,49.19499969482422,47
2019-07-19,XMBR.MI,49.80500030517578,50.09000015258789,49.17499923706055,49.224998474121094,1154
2019-07-22,XMBR.MI,48.939998626708984,49.375,48.939998626708984,49.34000015258789,1265
2019-07-23,XMBR.MI,49.400001525878906,49.70500183105469,48.904998779296875,49.04499816894531,1376
2019-07-24,XMBR.MI,48.755001068115234,49.52000045776367,48.755001068115234,49.52000045776367,748
2019-07-25,XMBR.MI,49.26499938964844,49.310001373291016,48.0,48.470001220703125,3737
2019-07-26,XMBR.MI,48.20000076293945,48.529998779296875,48.19499969482422,48.435001373291016,3789
2019-07-29,XMBR.MI,48.255001068115234,48.290000915527344,48.165000915527344,48.209999084472656,145
2019-07-30,XMBR.MI,48.404998779296875,48.69499969482422,48.2400016784668,48.42499923706055,730
2019-07-31,XMBR.MI,48.42499923706055,48.42499923706055,48.42499923706055,48.42499923706055,0
2019-08-01,XMBR.MI,47.86000061035156,48.470001220703125,47.779998779296875,48.470001220703125,1251
2019-08-02,XMBR.MI,47.28499984741211,47.28499984741211,46.72999954223633,46.72999954223633,442
2019-08-05,XMBR.MI,46.005001068115234,46.099998474121094,45.04999923706055,45.04999923706055,9809
2019-08-06,XMBR.MI,44.7400016784668,45.08000183105469,44.71500015258789,45.08000183105469,12504
2019-08-07,XMBR.MI,45.70000076293945,45.80500030517578,44.5,44.95000076293945,2579
2019-08-08,XMBR.MI,46.185001373291016,46.625,46.185001373291016,46.625,593
2019-08-09,XMBR.MI,46.68000030517578,47.20000076293945,46.435001373291016,46.435001373291016,192
2019-08-12,XMBR.MI,46.07500076293945,46.07500076293945,45.099998474121094,45.099998474121094,20
2019-08-13,XMBR.MI,45.099998474121094,45.099998474121094,45.099998474121094,45.099998474121094,0
2019-08-14,XMBR.MI,45.79999923706055,45.79999923706055,44.76499938964844,44.790000915527344,6510
2019-08-16,XMBR.MI,44.94499969482422,44.95000076293945,44.474998474121094,44.69499969482422,477
2019-08-19,XMBR.MI,44.755001068115234,44.755001068115234,44.334999084472656,44.630001068115234,996
2019-08-20,XMBR.MI,43.94499969482422,44.1349983215332,43.599998474121094,43.904998779296875,463
2019-08-21,XMBR.MI,44.220001220703125,44.45500183105469,44.125,44.45000076293945,620
2019-08-22,XMBR.MI,45.09000015258789,45.095001220703125,44.400001525878906,44.400001525878906,423
2019-08-23,XMBR.MI,44.14500045776367,44.21500015258789,42.810001373291016,42.810001373291016,860
2019-08-26,XMBR.MI,42.58000183105469,42.70500183105469,41.7400016784668,41.7400016784668,387
2019-08-27,XMBR.MI,40.80500030517578,42.0,40.625,41.790000915527344,464
2019-08-28,XMBR.MI,42.0099983215332,42.16999816894531,41.65999984741211,42.16999816894531,6372
2019-08-29,XMBR.MI,42.75,42.900001525878906,42.75,42.900001525878906,47
2019-08-30,XMBR.MI,42.900001525878906,42.900001525878906,42.900001525878906,42.900001525878906,0
2019-09-02,XMBR.MI,44.02000045776367,44.279998779296875,44.02000045776367,44.10499954223633,392
2019-09-03,XMBR.MI,43.625,43.625,43.39500045776367,43.39500045776367,444
2019-09-04,XMBR.MI,43.39500045776367,43.39500045776367,43.39500045776367,43.39500045776367,0
2019-09-05,XMBR.MI,43.39500045776367,43.39500045776367,43.39500045776367,43.39500045776367,0
2019-09-06,XMBR.MI,43.39500045776367,43.39500045776367,43.39500045776367,43.39500045776367,0
2019-09-09,XMBR.MI,45.80500030517578,45.834999084472656,45.599998474121094,45.834999084472656,377
2019-09-10,XMBR.MI,44.845001220703125,44.95000076293945,44.845001220703125,44.88999938964844,58
2019-09-11,XMBR.MI,45.375,46.189998626708984,45.375,46.185001373291016,556
2019-09-12,XMBR.MI,46.19499969482422,47.0,46.064998626708984,46.064998626708984,670
2019-09-13,XMBR.MI,46.189998626708984,46.20500183105469,46.095001220703125,46.095001220703125,320
2019-09-16,XMBR.MI,45.52000045776367,45.95000076293945,45.39500045776367,45.95000076293945,72
2019-09-17,XMBR.MI,45.70000076293945,45.70000076293945,45.54999923706055,45.54999923706055,220
2019-09-18,XMBR.MI,46.04999923706055,46.33000183105469,45.654998779296875,45.724998474121094,920
2019-09-19,XMBR.MI,45.650001525878906,45.88999938964844,45.650001525878906,45.7599983215332,8701
2019-09-20,XMBR.MI,45.31999969482422,45.31999969482422,45.03499984741211,45.220001220703125,736
2019-09-23,XMBR.MI,45.529998779296875,45.529998779296875,45.005001068115234,45.185001373291016,7100
2019-09-24,XMBR.MI,45.55500030517578,45.55500030517578,44.79999923706055,44.95000076293945,684
2019-09-25,XMBR.MI,44.7400016784668,45.040000915527344,44.48500061035156,45.02000045776367,842
2019-09-26,XMBR.MI,45.44499969482422,46.185001373291016,45.44499969482422,45.689998626708984,4099
2019-09-27,XMBR.MI,45.900001525878906,46.15999984741211,45.900001525878906,46.11000061035156,3752
2019-09-30,XMBR.MI,46.08000183105469,46.08000183105469,45.75,45.75,8080
2019-10-01,XMBR.MI,45.40999984741211,45.51499938964844,45.40999984741211,45.51499938964844,994
2019-10-02,XMBR.MI,45.19499969482422,45.19499969482422,44.400001525878906,44.400001525878906,3998
2019-10-03,XMBR.MI,44.400001525878906,44.60499954223633,44.29499816894531,44.54499816894531,128
2019-10-04,XMBR.MI,44.54499816894531,44.54499816894531,44.54499816894531,44.54499816894531,0
2019-10-07,XMBR.MI,45.279998779296875,45.279998779296875,44.88999938964844,44.88999938964844,48
2019-10-08,XMBR.MI,44.4900016784668,44.76499938964844,44.0,44.744998931884766,280
2019-10-09,XMBR.MI,44.744998931884766,44.744998931884766,44.744998931884766,44.744998931884766,0
2019-10-10,XMBR.MI,44.279998779296875,44.84000015258789,44.275001525878906,44.810001373291016,1050
2019-10-11,XMBR.MI,45.36000061035156,45.6150016784668,45.36000061035156,45.6150016784668,1449
2019-10-14,XMBR.MI,45.540000915527344,45.540000915527344,45.14500045776367,45.2400016784668,644
2019-10-15,XMBR.MI,45.834999084472656,45.834999084472656,45.380001068115234,45.459999084472656,313
2019-10-16,XMBR.MI,44.97999954223633,44.98500061035156,44.54999923706055,44.834999084472656,311
2019-10-17,XMBR.MI,45.369998931884766,45.42499923706055,45.21500015258789,45.21500015258789,2949
2019-10-18,XMBR.MI,45.03499984741211,45.255001068115234,45.029998779296875,45.244998931884766,554
2019-10-21,XMBR.MI,45.275001525878906,45.275001525878906,44.974998474121094,44.974998474121094,138
2019-10-22,XMBR.MI,45.70500183105469,46.76499938964844,45.70000076293945,46.76499938964844,5449
2019-10-23,XMBR.MI,46.595001220703125,47.1150016784668,46.595001220703125,47.1150016784668,3621
2019-10-24,XMBR.MI,47.68000030517578,47.845001220703125,47.58000183105469,47.845001220703125,8289
2019-10-25,XMBR.MI,47.470001220703125,48.084999084472656,47.470001220703125,48.084999084472656,271
2019-10-28,XMBR.MI,48.084999084472656,48.505001068115234,47.9900016784668,48.505001068115234,5235
2019-10-29,XMBR.MI,48.470001220703125,48.474998474121094,48.18000030517578,48.18000030517578,13613
2019-10-30,XMBR.MI,48.03499984741211,48.03499984741211,47.42499923706055,47.540000915527344,1184
2019-10-31,XMBR.MI,48.2599983215332,48.34000015258789,47.20000076293945,47.20000076293945,885
2019-11-01,XMBR.MI,47.20000076293945,47.20000076293945,47.20000076293945,47.20000076293945,0
2019-11-04,XMBR.MI,48.76499938964844,48.89500045776367,48.404998779296875,48.404998779296875,8709
2019-11-05,XMBR.MI,48.5099983215332,48.755001068115234,48.5099983215332,48.755001068115234,1901
2019-11-06,XMBR.MI,48.584999084472656,49.25,47.68000030517578,47.935001373291016,12845
2019-11-07,XMBR.MI,47.904998779296875,48.16999816894531,47.67499923706055,48.16999816894531,2580
2019-11-08,XMBR.MI,47.849998474121094,47.900001525878906,47.310001373291016,47.31999969482422,1547
2019-11-11,XMBR.MI,46.30500030517578,46.68000030517578,46.064998626708984,46.665000915527344,2399
2019-11-12,XMBR.MI,47.16999816894531,47.16999816894531,46.13999938964844,46.13999938964844,4905
2019-11-13,XMBR.MI,46.0,46.0,45.720001220703125,45.720001220703125,254
2019-11-14,XMBR.MI,45.779998779296875,46.15999984741211,45.67499923706055,45.83000183105469,207
2019-11-15,XMBR.MI,46.150001525878906,46.404998779296875,46.150001525878906,46.404998779296875,317
2019-11-18,XMBR.MI,46.61000061035156,46.61000061035156,45.7599983215332,45.85499954223633,3766
2019-11-19,XMBR.MI,45.79499816894531,45.80500030517578,44.959999084472656,44.959999084472656,1281
2019-11-20,XMBR.MI,44.79999923706055,45.349998474121094,44.79999923706055,45.349998474121094,1429
2019-11-21,XMBR.MI,44.79999923706055,45.47999954223633,44.564998626708984,45.13999938964844,6772
2019-11-22,XMBR.MI,46.244998931884766,46.494998931884766,46.09000015258789,46.380001068115234,2632
2019-11-25,XMBR.MI,46.685001373291016,46.685001373291016,46.21500015258789,46.21500015258789,4633
2019-11-26,XMBR.MI,45.55500030517578,45.55500030517578,45.01499938964844,45.04999923706055,2394
2019-11-27,XMBR.MI,45.654998779296875,45.654998779296875,44.849998474121094,45.0099983215332,554
2019-11-28,XMBR.MI,45.71500015258789,45.71500015258789,45.42499923706055,45.51499938964844,1752
2019-11-29,XMBR.MI,46.380001068115234,46.380001068115234,45.67499923706055,45.755001068115234,3137
2019-12-02,XMBR.MI,45.255001068115234,46.209999084472656,45.255001068115234,46.119998931884766,7901
2019-12-03,XMBR.MI,46.209999084472656,46.21500015258789,46.1150016784668,46.14500045776367,351
2019-12-04,XMBR.MI,46.52000045776367,46.875,46.52000045776367,46.875,339
2019-12-05,XMBR.MI,46.875,46.875,46.875,46.875,0
2019-12-06,XMBR.MI,47.19499969482422,47.709999084472656,47.19499969482422,47.689998626708984,362
2019-12-09,XMBR.MI,47.8650016784668,48.0099983215332,47.814998626708984,48.0099983215332,563
2019-12-10,XMBR.MI,47.625,47.6349983215332,47.439998626708984,47.439998626708984,201
2019-12-11,XMBR.MI,47.994998931884766,48.15999984741211,47.95000076293945,48.07500076293945,1451
2019-12-12,XMBR.MI,47.93000030517578,48.61000061035156,47.755001068115234,48.61000061035156,905
2019-12-13,XMBR.MI,49.05500030517578,49.400001525878906,48.41999816894531,48.41999816894531,2179
2019-12-16,XMBR.MI,48.81999969482422,49.275001525878906,48.80500030517578,49.275001525878906,1519
2019-12-17,XMBR.MI,48.880001068115234,48.970001220703125,48.69499969482422,48.88999938964844,3018
2019-12-18,XMBR.MI,49.20000076293945,49.70000076293945,49.20000076293945,49.5099983215332,1007
2019-12-19,XMBR.MI,49.744998931884766,50.11000061035156,49.744998931884766,50.11000061035156,1270
2019-12-20,XMBR.MI,50.20000076293945,50.5,49.92499923706055,50.290000915527344,15114
2019-12-23,XMBR.MI,50.029998779296875,50.459999084472656,50.029998779296875,50.459999084472656,750
2019-12-27,XMBR.MI,51.439998626708984,51.72999954223633,50.970001220703125,50.970001220703125,845
2019-12-30,XMBR.MI,51.04999923706055,51.2400016784668,50.970001220703125,51.08000183105469,1278
2020-01-02,XMBR.MI,51.2400016784668,51.63999938964844,51.20000076293945,51.599998474121094,1405
2020-01-03,XMBR.MI,51.20000076293945,51.79999923706055,51.0099983215332,51.63999938964844,4876
2020-01-06,XMBR.MI,50.720001220703125,51.22999954223633,50.709999084472656,51.22999954223633,685
2020-01-07,XMBR.MI,50.83000183105469,51.13999938964844,50.369998931884766,50.66999816894531,1041
2020-01-08,XMBR.MI,50.689998626708984,51.15999984741211,50.47999954223633,50.91999816894531,1715
2020-01-09,XMBR.MI,51.150001525878906,51.150001525878906,50.439998626708984,50.72999954223633,250
2020-01-10,XMBR.MI,50.63999938964844,50.970001220703125,50.45000076293945,50.66999816894531,4767
2020-01-13,XMBR.MI,50.18000030517578,50.470001220703125,50.0,50.2400016784668,2490
2020-01-14,XMBR.MI,50.04999923706055,50.189998626708984,49.720001220703125,50.09000015258789,851
2020-01-15,XMBR.MI,50.459999084472656,50.459999084472656,49.29499816894531,49.29499816894531,382
2020-01-16,XMBR.MI,49.540000915527344,49.56999969482422,49.474998474121094,49.529998779296875,2066
2020-01-17,XMBR.MI,49.54999923706055,50.220001220703125,49.54999923706055,49.974998474121094,780
2020-01-20,XMBR.MI,50.310001373291016,50.54999923706055,50.220001220703125,50.540000915527344,3608
2020-01-21,XMBR.MI,50.08000183105469,50.08000183105469,49.974998474121094,50.0,77
2020-01-22,XMBR.MI,49.7599983215332,50.15999984741211,49.75,50.060001373291016,3946
2020-01-23,XMBR.MI,49.900001525878906,50.36000061035156,49.900001525878906,50.36000061035156,112
2020-01-24,XMBR.MI,51.150001525878906,51.52000045776367,50.54999923706055,50.54999923706055,559
2020-01-27,XMBR.MI,49.654998779296875,49.654998779296875,48.59000015258789,48.67499923706055,1353
2020-01-28,XMBR.MI,48.755001068115234,49.69499969482422,48.630001068115234,49.130001068115234,60
2020-01-29,XMBR.MI,49.77000045776367,49.849998474121094,49.29999923706055,49.39500045776367,5828
2020-01-30,XMBR.MI,48.244998931884766,48.244998931884766,47.375,47.505001068115234,1390
2020-01-31,XMBR.MI,48.38999938964844,48.38999938964844,47.09000015258789,47.09000015258789,939
2020-02-03,XMBR.MI,47.68000030517578,48.349998474121094,47.404998779296875,48.349998474121094,416
2020-02-04,XMBR.MI,48.68000030517578,49.09000015258789,48.68000030517578,48.82500076293945,1262
2020-02-05,XMBR.MI,49.150001525878906,49.31999969482422,49.1349983215332,49.189998626708984,462
2020-02-06,XMBR.MI,49.29499816894531,49.63999938964844,48.90999984741211,48.90999984741211,2528
2020-02-07,XMBR.MI,48.45000076293945,48.45000076293945,47.5,47.939998626708984,927
2020-02-10,XMBR.MI,47.54999923706055,47.630001068115234,47.26499938964844,47.529998779296875,1218
2020-02-11,XMBR.MI,47.40999984741211,48.380001068115234,47.345001220703125,48.380001068115234,6861
2020-02-12,XMBR.MI,48.3650016784668,48.79499816894531,48.310001373291016,48.44499969482422,4885
2020-02-13,XMBR.MI,48.220001220703125,49.0,48.0,48.7400016784668,13595
2020-02-14,XMBR.MI,48.654998779296875,49.0,48.439998626708984,48.47999954223633,6896
2020-02-17,XMBR.MI,48.6349983215332,48.845001220703125,48.54499816894531,48.845001220703125,4376
2020-02-18,XMBR.MI,48.0,48.33000183105469,47.79999923706055,47.79999923706055,2263
2020-02-19,XMBR.MI,48.45000076293945,48.70500183105469,48.13999938964844,48.70500183105469,4709
2020-02-20,XMBR.MI,48.59000015258789,48.630001068115234,47.94499969482422,47.94499969482422,6699
2020-02-21,XMBR.MI,47.2599983215332,47.290000915527344,46.79999923706055,47.18000030517578,5109
2020-02-24,XMBR.MI,46.040000915527344,46.060001373291016,44.92499923706055,44.974998474121094,3890
2020-02-25,XMBR.MI,45.064998626708984,45.099998474121094,44.244998931884766,44.244998931884766,856
2020-02-26,XMBR.MI,44.0,44.650001525878906,43.71500015258789,44.41999816894531,682
2020-02-27,XMBR.MI,42.904998779296875,42.904998779296875,41.39500045776367,41.95000076293945,4186
2020-02-28,XMBR.MI,40.22999954223633,41.0,38.869998931884766,40.415000915527344,2116
2020-03-02,XMBR.MI,42.02000045776367,42.595001220703125,40.775001525878906,42.029998779296875,1947
2020-03-03,XMBR.MI,42.45500183105469,42.650001525878906,41.900001525878906,42.275001525878906,1056
2020-03-04,XMBR.MI,42.34000015258789,42.38999938964844,41.3849983215332,41.3849983215332,7838
2020-03-05,XMBR.MI,40.90999984741211,40.90999984741211,40.07500076293945,40.17499923706055,6098
2020-03-06,XMBR.MI,38.845001220703125,38.845001220703125,36.85499954223633,37.04499816894531,8074
2020-03-09,XMBR.MI,33.6349983215332,34.95000076293945,32.43000030517578,32.43000030517578,11360
2020-03-10,XMBR.MI,32.81999969482422,34.005001068115234,32.5,33.02000045776367,12120
2020-03-11,XMBR.MI,33.84000015258789,33.85499954223633,32.630001068115234,32.630001068115234,4196
2020-03-12,XMBR.MI,28.0049991607666,28.0049991607666,25.514999389648438,25.920000076293945,10257
2020-03-13,XMBR.MI,27.65999984741211,30.799999237060547,27.5,28.510000228881836,31463
2020-03-16,XMBR.MI,27.2549991607666,27.2549991607666,26.075000762939453,26.565000534057617,8865
2020-03-17,XMBR.MI,26.645000457763672,27.729999542236328,25.78499984741211,27.579999923706055,11401
2020-03-18,XMBR.MI,25.125,25.510000228881836,24.0,24.219999313354492,33335
2020-03-19,XMBR.MI,24.190000534057617,24.434999465942383,22.864999771118164,24.155000686645508,12245
2020-03-20,XMBR.MI,26.5049991607666,26.549999237060547,25.399999618530273,25.399999618530273,9361
2020-03-23,XMBR.MI,24.6299991607666,25.280000686645508,23.049999237060547,23.225000381469727,9980
2020-03-24,XMBR.MI,24.825000762939453,26.280000686645508,24.665000915527344,26.280000686645508,12578
2020-03-25,XMBR.MI,26.229999542236328,27.165000915527344,26.200000762939453,27.165000915527344,1694
2020-03-26,XMBR.MI,26.81999969482422,28.649999618530273,26.81999969482422,28.235000610351562,11933
2020-03-27,XMBR.MI,27.969999313354492,27.969999313354492,26.19499969482422,26.19499969482422,5806
2020-03-30,XMBR.MI,26.010000228881836,26.264999389648438,26.010000228881836,26.264999389648438,374
2020-03-31,XMBR.MI,26.065000534057617,26.549999237060547,26.065000534057617,26.549999237060547,100
2020-04-01,XMBR.MI,25.3799991607666,25.3799991607666,24.739999771118164,24.790000915527344,1101
2020-04-02,XMBR.MI,25.3700008392334,25.579999923706055,25.3700008392334,25.53499984741211,4810
2020-04-03,XMBR.MI,25.40999984741211,25.424999237060547,24.28499984741211,24.28499984741211,4562
2020-04-06,XMBR.MI,25.8799991607666,26.704999923706055,25.639999389648438,26.704999923706055,10839
2020-04-07,XMBR.MI,26.864999771118164,27.850000381469727,26.860000610351562,27.850000381469727,5703
2020-04-08,XMBR.MI,26.93000030517578,27.94499969482422,26.895000457763672,27.94499969482422,5099
2020-04-09,XMBR.MI,29.100000381469727,29.274999618530273,28.600000381469727,29.045000076293945,2055
2020-04-14,XMBR.MI,28.575000762939453,29.030000686645508,28.40999984741211,28.69499969482422,11614
2020-04-15,XMBR.MI,28.2549991607666,28.2549991607666,27.354999542236328,27.354999542236328,2938
2020-04-16,XMBR.MI,28.05500030517578,28.05500030517578,27.684999465942383,27.684999465942383,200
2020-04-17,XMBR.MI,28.5,28.954999923706055,27.450000762939453,27.530000686645508,22633
2020-04-20,XMBR.MI,27.65999984741211,27.760000228881836,26.8700008392334,27.190000534057617,8368
2020-04-21,XMBR.MI,26.795000076293945,26.84000015258789,26.405000686645508,26.4950008392334,13318
2020-04-22,XMBR.MI,27.31999969482422,27.739999771118164,27.31999969482422,27.739999771118164,800
2020-04-23,XMBR.MI,27.399999618530273,27.94499969482422,27.350000381469727,27.399999618530273,1556
2020-04-24,XMBR.MI,26.934999465942383,26.934999465942383,23.545000076293945,23.84000015258789,27967
2020-04-27,XMBR.MI,25.375,26.260000228881836,25.235000610351562,25.520000457763672,19915
2020-04-28,XMBR.MI,26.104999542236328,26.924999237060547,26.104999542236328,26.924999237060547,15
2020-04-29,XMBR.MI,27.405000686645508,28.3799991607666,27.405000686645508,28.165000915527344,5201
2020-04-30,XMBR.MI,28.989999771118164,29.155000686645508,27.510000228881836,27.510000228881836,5675
2020-05-04,XMBR.MI,25.864999771118164,25.889999389648438,25.114999771118164,25.665000915527344,8485
2020-05-05,XMBR.MI,26.690000534057617,27.049999237060547,26.65999984741211,26.739999771118164,6775
2020-05-06,XMBR.MI,26.8700008392334,26.8700008392334,25.725000381469727,25.725000381469727,38
2020-05-07,XMBR.MI,25.69499969482422,25.69499969482422,25.0,25.1200008392334,2312
2020-05-08,XMBR.MI,25.34000015258789,25.969999313354492,25.34000015258789,25.969999313354492,124
2020-05-11,XMBR.MI,26.049999237060547,26.2549991607666,25.594999313354492,25.665000915527344,1260
2020-05-12,XMBR.MI,25.100000381469727,25.610000610351562,25.079999923706055,25.610000610351562,910
2020-05-13,XMBR.MI,24.545000076293945,24.985000610351562,24.3799991607666,24.405000686645508,17577
2020-05-14,XMBR.MI,24.405000686645508,24.405000686645508,23.700000762939453,24.204999923706055,2591
2020-05-15,XMBR.MI,25.260000228881836,25.3700008392334,24.809999465942383,24.875,15565
2020-05-18,XMBR.MI,25.209999084472656,26.0,25.209999084472656,25.94499969482422,750
2020-05-19,XMBR.MI,26.170000076293945,26.31999969482422,25.94499969482422,26.31999969482422,1603
2020-05-20,XMBR.MI,26.100000381469727,26.475000381469727,26.100000381469727,26.415000915527344,4531
2020-05-21,XMBR.MI,25.9950008392334,27.045000076293945,25.9950008392334,26.985000610351562,269
2020-05-22,XMBR.MI,27.450000762939453,27.450000762939453,26.899999618530273,27.170000076293945,3127
2020-05-25,XMBR.MI,28.209999084472656,28.850000381469727,28.18000030517578,28.760000228881836,14221
2020-05-26,XMBR.MI,29.295000076293945,29.770000457763672,29.270000457763672,29.270000457763672,7019
2020-05-27,XMBR.MI,29.5,29.854999542236328,29.5,29.799999237060547,4552
2020-05-28,XMBR.MI,30.280000686645508,30.43000030517578,29.68000030517578,29.68000030517578,1031
2020-05-29,XMBR.MI,28.954999923706055,29.059999465942383,28.475000381469727,28.475000381469727,4360
2020-06-01,XMBR.MI,30.114999771118164,30.114999771118164,29.440000534057617,29.440000534057617,57
2020-06-02,XMBR.MI,30.149999618530273,31.020000457763672,30.030000686645508,30.934999465942383,7743
2020-06-03,XMBR.MI,31.610000610351562,32.935001373291016,31.5,32.91999816894531,1587
2020-06-04,XMBR.MI,32.220001220703125,32.439998626708984,32.0,32.03499984741211,7966
2020-06-05,XMBR.MI,32.6150016784668,34.525001525878906,32.6150016784668,34.525001525878906,8051
2020-06-08,XMBR.MI,33.60499954223633,34.744998931884766,33.349998474121094,34.744998931884766,1393
2020-06-09,XMBR.MI,35.459999084472656,35.474998474121094,34.40999984741211,34.8650016784668,3041
2020-06-10,XMBR.MI,34.98500061035156,35.25,34.0,34.19499969482422,6063
2020-06-11,XMBR.MI,32.369998931884766,32.584999084472656,31.290000915527344,31.399999618530273,4543
2020-06-12,XMBR.MI,31.395000457763672,32.93000030517578,31.395000457763672,32.09000015258789,8687
2020-06-15,XMBR.MI,31.1299991607666,31.80500030517578,30.860000610351562,30.860000610351562,16642
2020-06-16,XMBR.MI,31.94499969482422,32.46500015258789,31.940000534057617,32.2599983215332,1312
2020-06-17,XMBR.MI,31.790000915527344,32.34000015258789,31.790000915527344,32.040000915527344,12328
2020-06-18,XMBR.MI,32.404998779296875,32.404998779296875,31.905000686645508,32.05500030517578,1996
2020-06-19,XMBR.MI,32.04999923706055,32.439998626708984,32.04999923706055,32.439998626708984,326
2020-06-22,XMBR.MI,32.2599983215332,32.7400016784668,32.150001525878906,32.54499816894531,1350
2020-06-23,XMBR.MI,32.459999084472656,33.20000076293945,32.459999084472656,33.20000076293945,3418
2020-06-24,XMBR.MI,32.89500045776367,32.89500045776367,31.450000762939453,31.450000762939453,11624
2020-06-25,XMBR.MI,31.385000228881836,31.915000915527344,31.299999237060547,31.625,89
2020-06-26,XMBR.MI,32.0099983215332,32.01499938964844,30.799999237060547,30.799999237060547,200
2020-06-29,XMBR.MI,30.280000686645508,30.985000610351562,30.18000030517578,30.985000610351562,400
2020-06-30,XMBR.MI,31.350000381469727,31.350000381469727,31.0,31.165000915527344,200
2020-07-01,XMBR.MI,31.315000534057617,32.04499816894531,31.084999084472656,31.735000610351562,3341
2020-07-02,XMBR.MI,32.38999938964844,32.904998779296875,32.20000076293945,32.32500076293945,1518
2020-07-03,XMBR.MI,32.130001068115234,32.130001068115234,32.03499984741211,32.119998931884766,3380
2020-07-06,XMBR.MI,33.244998931884766,33.244998931884766,32.959999084472656,33.005001068115234,267
2020-07-07,XMBR.MI,32.0,32.82500076293945,31.735000610351562,32.654998779296875,4343
2020-07-08,XMBR.MI,32.40999984741211,32.814998626708984,32.40999984741211,32.540000915527344,3137
2020-07-09,XMBR.MI,33.11000061035156,33.22999954223633,32.73500061035156,32.84000015258789,1865
2020-07-10,XMBR.MI,32.27000045776367,32.810001373291016,32.27000045776367,32.810001373291016,54
2020-07-13,XMBR.MI,33.38999938964844,33.38999938964844,32.994998931884766,32.994998931884766,306
2020-07-14,XMBR.MI,32.0099983215332,32.06999969482422,32.0,32.06999969482422,416
2020-07-15,XMBR.MI,32.810001373291016,33.5,32.7599983215332,33.040000915527344,963
2020-07-16,XMBR.MI,32.6349983215332,33.0,32.6349983215332,32.98500061035156,90
2020-07-17,XMBR.MI,33.33000183105469,33.5099983215332,33.33000183105469,33.404998779296875,60
2020-07-20,XMBR.MI,33.439998626708984,33.709999084472656,33.439998626708984,33.709999084472656,158
2020-07-21,XMBR.MI,34.35499954223633,34.8849983215332,34.35499954223633,34.8849983215332,419
2020-07-22,XMBR.MI,34.81999969482422,35.08000183105469,34.79499816894531,35.08000183105469,1800
2020-07-23,XMBR.MI,35.22999954223633,35.22999954223633,34.56999969482422,34.56999969482422,290
2020-07-24,XMBR.MI,33.724998474121094,33.85499954223633,33.724998474121094,33.85499954223633,320
2020-07-27,XMBR.MI,34.1150016784668,34.23500061035156,34.1150016784668,34.23500061035156,118
2020-07-28,XMBR.MI,34.71500015258789,34.71500015258789,34.2599983215332,34.27000045776367,189
2020-07-29,XMBR.MI,34.494998931884766,34.689998626708984,34.494998931884766,34.6150016784668,1083
2020-07-30,XMBR.MI,34.0,34.22999954223633,34.0,34.17499923706055,915
2020-07-31,XMBR.MI,34.42499923706055,34.42499923706055,33.82500076293945,33.880001068115234,74
2020-08-03,XMBR.MI,33.435001373291016,33.64500045776367,33.0099983215332,33.0099983215332,972
2020-08-04,XMBR.MI,33.0099983215332,33.040000915527344,32.20500183105469,32.20500183105469,177
2020-08-05,XMBR.MI,32.869998931884766,32.904998779296875,32.869998931884766,32.904998779296875,363
2020-08-06,XMBR.MI,32.599998474121094,32.599998474121094,32.59000015258789,32.59000015258789,47
2020-08-07,XMBR.MI,32.400001525878906,32.525001525878906,32.13999938964844,32.20500183105469,690
2020-08-10,XMBR.MI,32.11000061035156,32.20000076293945,31.905000686645508,32.20000076293945,170
2020-08-11,XMBR.MI,32.45000076293945,32.45000076293945,32.44499969482422,32.44499969482422,50
2020-08-12,XMBR.MI,31.899999618530273,32.16999816894531,31.31999969482422,31.454999923706055,3032
2020-08-13,XMBR.MI,31.860000610351562,32.369998931884766,31.860000610351562,32.209999084472656,287
2020-08-14,XMBR.MI,31.139999389648438,31.770000457763672,31.139999389648438,31.770000457763672,186
2020-08-17,XMBR.MI,31.665000915527344,31.665000915527344,30.889999389648438,30.889999389648438,12274
2020-08-18,XMBR.MI,30.915000915527344,31.0,30.864999771118164,30.934999465942383,11826
2020-08-19,XMBR.MI,30.9950008392334,30.9950008392334,30.979999542236328,30.979999542236328,604
2020-08-20,XMBR.MI,30.1299991607666,30.1299991607666,29.479999542236328,29.8700008392334,11121
2020-08-21,XMBR.MI,30.489999771118164,30.489999771118164,30.31999969482422,30.31999969482422,91
2020-08-24,XMBR.MI,30.8700008392334,30.8700008392334,30.6299991607666,30.6299991607666,312
2020-08-25,XMBR.MI,31.0049991607666,31.0049991607666,30.575000762939453,30.575000762939453,300
2020-08-26,XMBR.MI,31.045000076293945,31.045000076293945,30.229999542236328,30.264999389648438,841
2020-08-27,XMBR.MI,30.049999237060547,30.049999237060547,30.020000457763672,30.020000457763672,50
2020-08-28,XMBR.MI,30.44499969482422,31.295000076293945,30.44499969482422,31.295000076293945,100
2020-08-31,XMBR.MI,31.405000686645508,31.405000686645508,30.55500030517578,30.55500030517578,3232
2020-09-01,XMBR.MI,30.325000762939453,31.395000457763672,30.299999237060547,31.395000457763672,149
2020-09-02,XMBR.MI,31.885000228881836,31.969999313354492,31.764999389648438,31.764999389648438,358
2020-09-03,XMBR.MI,31.950000762939453,32.76499938964844,31.815000534057617,31.899999618530273,1848
2020-09-04,XMBR.MI,31.604999542236328,32.2400016784668,31.5,31.559999465942383,1499
2020-09-07,XMBR.MI,31.559999465942383,31.559999465942383,31.559999465942383,31.559999465942383,0
2020-09-08,XMBR.MI,32.15999984741211,32.15999984741211,31.53499984741211,31.53499984741211,28
2020-09-09,XMBR.MI,31.53499984741211,31.53499984741211,31.53499984741211,31.53499984741211,0
2020-09-10,XMBR.MI,32.064998626708984,32.064998626708984,31.760000228881836,31.770000457763672,80
2020-09-11,XMBR.MI,31.55500030517578,31.55500030517578,31.0,31.364999771118164,420
2020-09-14,XMBR.MI,31.364999771118164,31.364999771118164,31.364999771118164,31.364999771118164,0
2020-09-15,XMBR.MI,31.979999542236328,32.209999084472656,31.7549991607666,31.7549991607666,3099
2020-09-16,XMBR.MI,31.7549991607666,31.7549991607666,31.7549991607666,31.7549991607666,0
2020-09-17,XMBR.MI,31.7549991607666,31.7549991607666,31.7549991607666,31.7549991607666,0
2020-09-18,XMBR.MI,31.760000228881836,31.764999389648438,31.5049991607666,31.5049991607666,625
2020-09-21,XMBR.MI,30.459999084472656,30.459999084472656,29.75,29.799999237060547,3231
2020-09-22,XMBR.MI,30.260000228881836,30.270000457763672,30.25,30.25,16
2020-09-23,XMBR.MI,30.165000915527344,30.165000915527344,29.579999923706055,29.579999923706055,140
2020-09-24,XMBR.MI,29.0,29.809999465942383,28.975000381469727,29.809999465942383,3024
2020-09-25,XMBR.MI,29.3700008392334,29.540000915527344,29.364999771118164,29.540000915527344,450
2020-09-28,XMBR.MI,29.540000915527344,29.540000915527344,29.540000915527344,29.540000915527344,0
2020-09-29,XMBR.MI,28.280000686645508,28.40999984741211,28.239999771118164,28.395000457763672,331
2020-09-30,XMBR.MI,28.229999542236328,28.540000915527344,28.229999542236328,28.540000915527344,586
2020-10-01,XMBR.MI,29.059999465942383,29.059999465942383,28.19499969482422,28.19499969482422,7888
2020-10-02,XMBR.MI,28.485000610351562,28.670000076293945,28.219999313354492,28.670000076293945,74
2020-10-05,XMBR.MI,28.21500015258789,28.360000610351562,28.21500015258789,28.360000610351562,1000
2020-10-06,XMBR.MI,29.235000610351562,29.674999237060547,29.235000610351562,29.59000015258789,3054
2020-10-07,XMBR.MI,29.399999618530273,29.399999618530273,28.799999237060547,28.90999984741211,40
2020-10-08,XMBR.MI,28.829999923706055,29.155000686645508,28.790000915527344,29.155000686645508,454
2020-10-09,XMBR.MI,29.155000686645508,29.155000686645508,29.155000686645508,29.155000686645508,0
2020-10-12,XMBR.MI,29.155000686645508,29.155000686645508,29.155000686645508,29.155000686645508,0
2020-10-13,XMBR.MI,30.125,30.125,29.584999084472656,29.584999084472656,1194
2020-10-14,XMBR.MI,30.0,30.229999542236328,29.799999237060547,30.229999542236328,3968
2020-10-15,XMBR.MI,29.959999084472656,29.959999084472656,29.729999542236328,29.924999237060547,402
2020-10-16,XMBR.MI,29.940000534057617,29.940000534057617,29.665000915527344,29.665000915527344,105
2020-10-19,XMBR.MI,29.700000762939453,30.155000686645508,29.700000762939453,30.155000686645508,489
2020-10-20,XMBR.MI,30.079999923706055,30.200000762939453,30.079999923706055,30.15999984741211,165
2020-10-21,XMBR.MI,30.15999984741211,30.15999984741211,30.15999984741211,30.15999984741211,0
2020-10-22,XMBR.MI,30.065000534057617,30.59000015258789,30.065000534057617,30.59000015258789,180
2020-10-23,XMBR.MI,30.53499984741211,30.53499984741211,30.344999313354492,30.344999313354492,3
2020-10-26,XMBR.MI,30.360000610351562,30.485000610351562,30.329999923706055,30.329999923706055,2262
2020-10-27,XMBR.MI,30.040000915527344,30.040000915527344,29.834999084472656,29.834999084472656,450
2020-10-28,XMBR.MI,29.03499984741211,29.03499984741211,28.475000381469727,28.559999465942383,1220
2020-10-29,XMBR.MI,28.0,28.225000381469727,27.975000381469727,28.174999237060547,265
2020-10-30,XMBR.MI,28.1200008392334,28.290000915527344,27.975000381469727,28.290000915527344,725
2020-11-02,XMBR.MI,28.165000915527344,28.510000228881836,28.165000915527344,28.260000228881836,5193
2020-11-03,XMBR.MI,28.690000534057617,28.709999084472656,28.385000228881836,28.385000228881836,4353
2020-11-04,XMBR.MI,28.44499969482422,29.454999923706055,28.44499969482422,29.454999923706055,150
2020-11-05,XMBR.MI,30.364999771118164,30.545000076293945,30.364999771118164,30.545000076293945,16
2020-11-06,XMBR.MI,30.645000457763672,30.795000076293945,30.295000076293945,30.790000915527344,520
2020-11-09,XMBR.MI,31.69499969482422,33.6349983215332,31.69499969482422,32.685001373291016,8312
2020-11-10,XMBR.MI,32.25,33.165000915527344,32.25,33.13999938964844,3693
2020-11-11,XMBR.MI,32.959999084472656,33.060001373291016,32.959999084472656,33.060001373291016,50
2020-11-12,XMBR.MI,33.060001373291016,33.060001373291016,32.470001220703125,32.505001068115234,982
2020-11-13,XMBR.MI,32.1150016784668,32.1150016784668,31.844999313354492,31.844999313354492,147
2020-11-16,XMBR.MI,32.57500076293945,32.880001068115234,32.57500076293945,32.755001068115234,400
2020-11-17,XMBR.MI,32.95000076293945,33.6349983215332,32.7599983215332,33.6349983215332,648
2020-11-18,XMBR.MI,33.73500061035156,33.900001525878906,33.529998779296875,33.529998779296875,436
2020-11-19,XMBR.MI,33.0,33.685001373291016,33.0,33.60499954223633,687
2020-11-20,XMBR.MI,33.345001220703125,33.345001220703125,33.165000915527344,33.165000915527344,360
2020-11-23,XMBR.MI,33.345001220703125,33.59000015258789,33.16999816894531,33.16999816894531,206
2020-11-24,XMBR.MI,33.16999816894531,33.16999816894531,33.16999816894531,33.16999816894531,0
2020-11-25,XMBR.MI,33.900001525878906,34.36000061035156,33.810001373291016,34.36000061035156,3975
2020-11-26,XMBR.MI,34.63999938964844,34.63999938964844,34.29499816894531,34.51499938964844,317
2020-11-27,XMBR.MI,34.630001068115234,34.72999954223633,34.29499816894531,34.72999954223633,1207
2020-11-30,XMBR.MI,34.400001525878906,34.619998931884766,33.845001220703125,33.845001220703125,1390
2020-12-01,XMBR.MI,34.4900016784668,34.959999084472656,34.4900016784668,34.959999084472656,81
2020-12-02,XMBR.MI,35.224998474121094,35.470001220703125,34.81999969482422,35.099998474121094,1006
2020-12-03,XMBR.MI,35.29999923706055,36.165000915527344,35.29999923706055,36.165000915527344,208
2020-12-04,XMBR.MI,35.79999923706055,36.005001068115234,35.72999954223633,36.005001068115234,1248
2020-12-07,XMBR.MI,35.90999984741211,36.970001220703125,35.90999984741211,36.970001220703125,279
2020-12-08,XMBR.MI,36.45500183105469,36.84000015258789,36.45500183105469,36.84000015258789,645
2020-12-09,XMBR.MI,36.720001220703125,36.82500076293945,36.185001373291016,36.185001373291016,1355
2020-12-10,XMBR.MI,36.185001373291016,37.209999084472656,36.099998474121094,37.209999084472656,898
2020-12-11,XMBR.MI,37.40999984741211,37.6150016784668,36.91999816894531,37.244998931884766,2776
2020-12-14,XMBR.MI,37.650001525878906,37.650001525878906,36.689998626708984,36.7599983215332,341
2020-12-15,XMBR.MI,36.78499984741211,37.334999084472656,36.78499984741211,37.334999084472656,259
2020-12-16,XMBR.MI,37.77000045776367,37.775001525878906,36.880001068115234,36.880001068115234,200
2020-12-17,XMBR.MI,38.099998474121094,38.34000015258789,38.099998474121094,38.34000015258789,113
2020-12-18,XMBR.MI,38.064998626708984,38.084999084472656,37.48500061035156,38.084999084472656,34978
2020-12-21,XMBR.MI,37.189998626708984,37.400001525878906,36.71500015258789,36.775001525878906,3133
2020-12-22,XMBR.MI,36.96500015258789,37.040000915527344,36.689998626708984,37.040000915527344,390
2020-12-23,XMBR.MI,37.564998626708984,37.665000915527344,37.15999984741211,37.28499984741211,7179
2020-12-28,XMBR.MI,37.22999954223633,37.724998474121094,36.69499969482422,36.69499969482422,6940
2020-12-29,XMBR.MI,37.185001373291016,37.540000915527344,37.154998779296875,37.540000915527344,2130
2020-12-30,XMBR.MI,37.70000076293945,37.76499938964844,37.44499969482422,37.45000076293945,829
2021-01-04,XMBR.MI,37.939998626708984,38.29999923706055,37.0,37.04499816894531,619
2021-01-05,XMBR.MI,36.97999954223633,36.97999954223633,35.685001373291016,36.03499984741211,1033
2021-01-06,XMBR.MI,36.685001373291016,37.02000045776367,36.685001373291016,36.86000061035156,1312
2021-01-07,XMBR.MI,37.040000915527344,37.07500076293945,36.939998626708984,36.970001220703125,1252
2021-01-08,XMBR.MI,37.755001068115234,37.80500030517578,37.689998626708984,37.80500030517578,2221
2021-01-11,XMBR.MI,37.70000076293945,37.70000076293945,37.209999084472656,37.209999084472656,2122
2021-01-12,XMBR.MI,37.52000045776367,37.8849983215332,37.2599983215332,37.8849983215332,7928
2021-01-13,XMBR.MI,38.310001373291016,38.4900016784668,37.89500045776367,37.89500045776367,5565
2021-01-14,XMBR.MI,38.35499954223633,38.849998474121094,38.35499954223633,38.849998474121094,38
2021-01-15,XMBR.MI,38.90999984741211,39.1150016784668,37.61000061035156,38.255001068115234,667
2021-01-18,XMBR.MI,37.625,38.525001525878906,37.625,38.41999816894531,673
2021-01-19,XMBR.MI,38.654998779296875,38.65999984741211,37.189998626708984,37.189998626708984,1739
2021-01-20,XMBR.MI,37.814998626708984,37.83000183105469,37.1349983215332,37.15999984741211,1720
2021-01-21,XMBR.MI,37.46500015258789,37.70500183105469,36.19499969482422,36.19499969482422,3831
2021-01-22,XMBR.MI,36.0,36.0,35.20500183105469,35.20500183105469,2065
2021-01-25,XMBR.MI,35.6349983215332,35.849998474121094,34.63999938964844,34.63999938964844,2375
2021-01-26,XMBR.MI,34.900001525878906,36.334999084472656,34.665000915527344,36.20500183105469,748
2021-01-27,XMBR.MI,35.6349983215332,35.72999954223633,34.974998474121094,35.459999084472656,2663
2021-01-28,XMBR.MI,35.07500076293945,35.85499954223633,34.689998626708984,35.85499954223633,1212
2021-01-29,XMBR.MI,35.2400016784668,35.95500183105469,34.974998474121094,34.974998474121094,5400
2021-02-01,XMBR.MI,35.40999984741211,35.43000030517578,35.119998931884766,35.43000030517578,4419
2021-02-02,XMBR.MI,36.28499984741211,36.79999923706055,36.20000076293945,36.61000061035156,603
2021-02-03,XMBR.MI,36.880001068115234,37.29999923706055,36.880001068115234,37.01499938964844,199
2021-02-04,XMBR.MI,37.125,37.125,36.709999084472656,36.709999084472656,1300
2021-02-05,XMBR.MI,36.85499954223633,37.404998779296875,36.73500061035156,37.404998779296875,1291
2021-02-08,XMBR.MI,37.244998931884766,37.52000045776367,36.8849983215332,37.52000045776367,1185
2021-02-09,XMBR.MI,36.98500061035156,36.98500061035156,35.96500015258789,36.2599983215332,1322
2021-02-10,XMBR.MI,36.064998626708984,36.415000915527344,35.834999084472656,36.314998626708984,4606
2021-02-11,XMBR.MI,36.5,36.755001068115234,36.5,36.755001068115234,4362
2021-02-12,XMBR.MI,36.474998474121094,36.71500015258789,36.474998474121094,36.654998779296875,52
2021-02-15,XMBR.MI,36.8650016784668,37.10499954223633,36.84000015258789,37.060001373291016,1387
2021-02-16,XMBR.MI,37.040000915527344,37.22999954223633,36.79999923706055,36.79999923706055,3081
2021-02-17,XMBR.MI,36.845001220703125,37.005001068115234,36.7400016784668,36.76499938964844,4655
2021-02-18,XMBR.MI,36.36000061035156,36.73500061035156,36.185001373291016,36.185001373291016,667
2021-02-19,XMBR.MI,36.494998931884766,36.654998779296875,36.0,36.51499938964844,1209
2021-02-22,XMBR.MI,34.65999984741211,34.65999984741211,33.470001220703125,33.619998931884766,24987
2021-02-23,XMBR.MI,33.810001373291016,34.7400016784668,33.5099983215332,34.7400016784668,7208
2021-02-24,XMBR.MI,34.6349983215332,35.1150016784668,34.6349983215332,35.1150016784668,1829
2021-02-25,XMBR.MI,35.21500015258789,35.21500015258789,34.20000076293945,34.39500045776367,1130
2021-02-26,XMBR.MI,33.060001373291016,33.95000076293945,32.93000030517578,32.93000030517578,17438
2021-03-01,XMBR.MI,33.084999084472656,33.32500076293945,32.79499816894531,33.32500076293945,15927
2021-03-02,XMBR.MI,32.4900016784668,32.4900016784668,31.559999465942383,31.559999465942383,6113
2021-03-03,XMBR.MI,33.01499938964844,33.09000015258789,31.43000030517578,31.454999923706055,2613
2021-03-04,XMBR.MI,32.96500015258789,34.03499984741211,32.80500030517578,34.03499984741211,26771
2021-03-05,XMBR.MI,33.564998626708984,33.685001373291016,33.380001068115234,33.380001068115234,402
2021-03-08,XMBR.MI,33.404998779296875,33.69499969482422,33.16999816894531,33.69499969482422,8419
2021-03-09,XMBR.MI,32.060001373291016,32.400001525878906,31.604999542236328,32.400001525878906,5682
2021-03-10,XMBR.MI,32.18000030517578,32.93000030517578,32.18000030517578,32.79999923706055,6114
2021-03-11,XMBR.MI,33.849998474121094,34.06999969482422,33.849998474121094,34.06999969482422,3117
2021-03-12,XMBR.MI,34.494998931884766,34.494998931884766,33.79999923706055,34.13999938964844,5947
2021-03-15,XMBR.MI,34.5,34.595001220703125,33.66999816894531,33.880001068115234,528
2021-03-16,XMBR.MI,34.25,34.380001068115234,34.119998931884766,34.119998931884766,4473
2021-03-17,XMBR.MI,33.79999923706055,34.025001525878906,33.630001068115234,34.025001525878906,400
2021-03-18,XMBR.MI,34.8650016784668,35.369998931884766,34.7599983215332,34.994998931884766,8607
2021-03-19,XMBR.MI,34.70500183105469,35.345001220703125,34.70500183105469,35.29999923706055,1628
2021-03-22,XMBR.MI,34.90999984741211,34.90999984741211,34.16999816894531,34.21500015258789,3896
2021-03-23,XMBR.MI,34.13999938964844,35.244998931884766,34.13999938964844,35.125,2808
2021-03-24,XMBR.MI,34.439998626708984,34.77000045776367,34.17499923706055,34.71500015258789,10883
2021-03-25,XMBR.MI,33.81999969482422,33.869998931884766,33.29999923706055,33.869998931884766,3687
2021-03-26,XMBR.MI,33.98500061035156,33.98500061035156,33.5,33.89500045776367,478
2021-03-29,XMBR.MI,33.5099983215332,33.69499969482422,33.25,33.584999084472656,5291
2021-03-30,XMBR.MI,33.76499938964844,34.42499923706055,33.64500045776367,34.42499923706055,5331
2021-03-31,XMBR.MI,34.33000183105469,35.064998626708984,34.189998626708984,34.96500015258789,2407
2021-04-01,XMBR.MI,35.19499969482422,35.34000015258789,34.380001068115234,34.380001068115234,788
2021-04-06,XMBR.MI,34.849998474121094,35.185001373291016,34.72999954223633,35.185001373291016,1421
2021-04-07,XMBR.MI,35.30500030517578,35.30500030517578,35.084999084472656,35.25,20
2021-04-08,XMBR.MI,35.290000915527344,35.290000915527344,35.189998626708984,35.22999954223633,54
2021-04-09,XMBR.MI,35.22999954223633,35.22999954223633,34.904998779296875,34.904998779296875,200
2021-04-12,XMBR.MI,34.57500076293945,34.9900016784668,34.57500076293945,34.66999816894531,371
2021-04-13,XMBR.MI,34.17499923706055,34.744998931884766,34.17499923706055,34.744998931884766,642
2021-04-14,XMBR.MI,34.72999954223633,35.16999816894531,34.72999954223633,35.16999816894531,200
2021-04-15,XMBR.MI,35.42499923706055,35.8650016784668,35.415000915527344,35.69499969482422,1440
2021-04-16,XMBR.MI,35.70500183105469,35.79999923706055,35.27000045776367,35.73500061035156,4491
2021-04-19,XMBR.MI,36.0,36.2599983215332,35.810001373291016,36.2599983215332,381
2021-04-20,XMBR.MI,35.845001220703125,35.994998931884766,35.845001220703125,35.8849983215332,630
2021-04-21,XMBR.MI,35.525001525878906,35.60499954223633,35.470001220703125,35.470001220703125,55
2021-04-22,XMBR.MI,35.654998779296875,36.20000076293945,35.654998779296875,36.029998779296875,164
2021-04-23,XMBR.MI,36.369998931884766,36.48500061035156,35.900001525878906,35.900001525878906,933
2021-04-26,XMBR.MI,36.3849983215332,36.5,36.125,36.345001220703125,5281
2021-04-27,XMBR.MI,36.43000030517578,36.43000030517578,36.244998931884766,36.244998931884766,6873
2021-04-28,XMBR.MI,36.209999084472656,36.73500061035156,36.209999084472656,36.73500061035156,171
2021-04-29,XMBR.MI,37.60499954223633,37.60499954223633,36.790000915527344,36.869998931884766,6857
2021-04-30,XMBR.MI,36.775001525878906,36.775001525878906,36.415000915527344,36.415000915527344,783
2021-05-03,XMBR.MI,36.2599983215332,36.599998474121094,36.209999084472656,36.40999984741211,10567
2021-05-04,XMBR.MI,36.30500030517578,36.30500030517578,35.80500030517578,35.974998474121094,2067
2021-05-05,XMBR.MI,36.20500183105469,36.900001525878906,36.165000915527344,36.900001525878906,4999
2021-05-06,XMBR.MI,36.779998779296875,37.625,36.779998779296875,37.625,3662
2021-05-07,XMBR.MI,37.970001220703125,38.189998626708984,37.970001220703125,38.084999084472656,1240
2021-05-10,XMBR.MI,38.439998626708984,38.69499969482422,38.3650016784668,38.38999938964844,12163
2021-05-11,XMBR.MI,38.29999923706055,38.435001373291016,38.29999923706055,38.435001373291016,350
2021-05-12,XMBR.MI,38.79999923706055,38.79999923706055,38.119998931884766,38.119998931884766,3642
2021-05-13,XMBR.MI,37.3650016784668,37.97999954223633,37.244998931884766,37.86000061035156,277
2021-05-14,XMBR.MI,37.974998474121094,37.974998474121094,37.94499969482422,37.94499969482422,500
2021-05-17,XMBR.MI,37.665000915527344,38.06999969482422,37.665000915527344,38.06999969482422,177
2021-05-18,XMBR.MI,38.57500076293945,38.689998626708984,38.064998626708984,38.30500030517578,4334
2021-05-19,XMBR.MI,37.92499923706055,37.92499923706055,37.80500030517578,37.80500030517578,8
2021-05-20,XMBR.MI,37.80500030517578,37.80500030517578,37.80500030517578,37.80500030517578,0
2021-05-21,XMBR.MI,37.80500030517578,37.80500030517578,37.80500030517578,37.80500030517578,0
2021-05-24,XMBR.MI,37.52000045776367,37.72999954223633,37.380001068115234,37.720001220703125,7813
2021-05-25,XMBR.MI,38.21500015258789,38.22999954223633,37.709999084472656,37.709999084472656,3196
2021-05-26,XMBR.MI,37.724998474121094,38.13999938964844,37.625,38.13999938964844,700
2021-05-27,XMBR.MI,38.099998474121094,38.36000061035156,38.099998474121094,38.36000061035156,330
2021-05-28,XMBR.MI,38.61000061035156,39.0,38.61000061035156,39.0,2012
2021-05-31,XMBR.MI,39.244998931884766,39.244998931884766,38.904998779296875,38.904998779296875,2637
2021-06-01,XMBR.MI,39.619998931884766,40.599998474121094,39.619998931884766,40.30500030517578,1890
2021-06-02,XMBR.MI,40.630001068115234,41.34000015258789,40.630001068115234,41.34000015258789,135
2021-06-03,XMBR.MI,41.369998931884766,41.415000915527344,41.349998474121094,41.415000915527344,962
2021-06-04,XMBR.MI,41.349998474121094,41.77000045776367,41.22999954223633,41.64500045776367,967
2021-06-07,XMBR.MI,41.775001525878906,42.1150016784668,41.650001525878906,41.904998779296875,1590
2021-06-08,XMBR.MI,42.16999816894531,42.3650016784668,41.959999084472656,42.3650016784668,2822
2021-06-09,XMBR.MI,41.880001068115234,41.97999954223633,41.86000061035156,41.959999084472656,538
2021-06-10,XMBR.MI,41.9900016784668,42.119998931884766,41.70000076293945,41.71500015258789,4493
2021-06-11,XMBR.MI,41.79499816894531,42.084999084472656,41.27000045776367,41.27000045776367,5093
2021-06-14,XMBR.MI,41.599998474121094,42.369998931884766,41.45000076293945,42.369998931884766,1328
2021-06-15,XMBR.MI,42.17499923706055,42.17499923706055,41.78499984741211,41.78499984741211,1010
2021-06-16,XMBR.MI,42.20500183105469,42.314998626708984,42.0,42.314998626708984,320
2021-06-17,XMBR.MI,42.345001220703125,42.83000183105469,42.345001220703125,42.68000030517578,2344
2021-06-18,XMBR.MI,42.529998779296875,42.775001525878906,42.220001220703125,42.220001220703125,1266
2021-06-21,XMBR.MI,42.02000045776367,42.5,42.02000045776367,42.5,636
2021-06-22,XMBR.MI,42.45000076293945,42.70500183105469,42.38999938964844,42.70500183105469,6774
2021-06-23,XMBR.MI,43.45500183105469,43.5,43.04999923706055,43.2599983215332,2465
2021-06-24,XMBR.MI,43.279998779296875,43.54999923706055,43.279998779296875,43.54999923706055,316
2021-06-25,XMBR.MI,44.10499954223633,44.10499954223633,43.35499954223633,43.3650016784668,3540
2021-06-28,XMBR.MI,42.849998474121094,42.915000915527344,42.564998626708984,42.564998626708984,5207
2021-06-29,XMBR.MI,42.8650016784668,42.92499923706055,42.720001220703125,42.92499923706055,4279
2021-06-30,XMBR.MI,42.89500045776367,42.89500045776367,42.380001068115234,42.380001068115234,1085
2021-07-01,XMBR.MI,42.77000045776367,42.970001220703125,41.81999969482422,41.81999969482422,2679
2021-07-02,XMBR.MI,41.845001220703125,42.44499969482422,41.76499938964844,42.44499969482422,5386
2021-07-05,XMBR.MI,42.150001525878906,42.20000076293945,41.904998779296875,41.904998779296875,1653
2021-07-06,XMBR.MI,41.7599983215332,41.7599983215332,40.8650016784668,40.8650016784668,145
2021-07-07,XMBR.MI,40.76499938964844,40.76499938964844,40.67499923706055,40.67499923706055,615
2021-07-08,XMBR.MI,40.70000076293945,40.70000076293945,39.42499923706055,40.345001220703125,4057
2021-07-09,XMBR.MI,40.279998779296875,40.83000183105469,40.279998779296875,40.83000183105469,7800
2021-07-12,XMBR.MI,40.314998626708984,41.10499954223633,40.314998626708984,41.10499954223633,296
2021-07-13,XMBR.MI,41.44499969482422,41.44499969482422,41.375,41.375,20
2021-07-14,XMBR.MI,41.959999084472656,42.79999923706055,41.959999084472656,42.71500015258789,4095
2021-07-15,XMBR.MI,42.75,42.834999084472656,42.2599983215332,42.2599983215332,2434
2021-07-16,XMBR.MI,42.45000076293945,42.45000076293945,42.26499938964844,42.26499938964844,260
2021-07-19,XMBR.MI,41.220001220703125,41.2400016784668,40.154998779296875,40.154998779296875,4991
2021-07-20,XMBR.MI,40.26499938964844,40.3650016784668,39.79999923706055,40.3650016784668,188
2021-07-21,XMBR.MI,40.6150016784668,40.650001525878906,40.23500061035156,40.56999969482422,1527
2021-07-22,XMBR.MI,41.19499969482422,41.25,40.845001220703125,40.845001220703125,512
2021-07-23,XMBR.MI,41.02000045776367,41.18000030517578,40.970001220703125,41.09000015258789,1466
2021-07-26,XMBR.MI,40.18000030517578,41.220001220703125,40.119998931884766,41.20000076293945,11591
2021-07-27,XMBR.MI,40.86000061035156,41.0,40.79499816894531,40.79499816894531,720
2021-07-28,XMBR.MI,41.060001373291016,41.279998779296875,41.05500030517578,41.224998474121094,173
2021-07-29,XMBR.MI,41.81999969482422,42.095001220703125,41.81999969482422,41.83000183105469,6213
2021-07-30,XMBR.MI,41.3650016784668,41.3650016784668,40.5,40.505001068115234,78
2021-08-02,XMBR.MI,39.709999084472656,40.8650016784668,39.67499923706055,40.8650016784668,1048
2021-08-03,XMBR.MI,39.974998474121094,39.974998474121094,38.7599983215332,39.369998931884766,1385
2021-08-04,XMBR.MI,40.060001373291016,40.060001373291016,39.18000030517578,39.18000030517578,105
2021-08-05,XMBR.MI,39.75,40.7400016784668,39.75,40.10499954223633,16723
2021-08-06,XMBR.MI,39.275001525878906,39.85499954223633,39.15999984741211,39.85499954223633,1612
2021-08-09,XMBR.MI,40.08000183105469,40.08000183105469,39.69499969482422,39.69499969482422,383
2021-08-10,XMBR.MI,40.06999969482422,40.369998931884766,40.064998626708984,40.369998931884766,1125
2021-08-11,XMBR.MI,40.025001525878906,40.119998931884766,39.470001220703125,39.94499969482422,2164
2021-08-12,XMBR.MI,39.685001373291016,39.685001373291016,39.59000015258789,39.59000015258789,323
2021-08-13,XMBR.MI,39.099998474121094,39.32500076293945,38.7599983215332,39.290000915527344,404
2021-08-16,XMBR.MI,39.09000015258789,39.09000015258789,38.630001068115234,38.630001068115234,126
2021-08-17,XMBR.MI,38.255001068115234,38.79499816894531,38.255001068115234,38.720001220703125,787
2021-08-18,XMBR.MI,38.39500045776367,38.39500045776367,37.75,37.75,12109
2021-08-19,XMBR.MI,36.29999923706055,36.54499816894531,36.21500015258789,36.375,913
2021-08-20,XMBR.MI,36.619998931884766,36.994998931884766,36.345001220703125,36.994998931884766,2027
2021-08-23,XMBR.MI,37.68000030517578,37.68000030517578,36.84000015258789,36.84000015258789,14832
2021-08-24,XMBR.MI,37.27000045776367,38.70000076293945,37.27000045776367,38.61000061035156,477
2021-08-25,XMBR.MI,38.61000061035156,38.61000061035156,38.61000061035156,38.61000061035156,0
2021-08-26,XMBR.MI,38.71500015258789,38.71500015258789,38.53499984741211,38.53499984741211,1098
2021-08-27,XMBR.MI,38.5,38.92499923706055,38.5,38.900001525878906,188
2021-08-30,XMBR.MI,39.1349983215332,39.1349983215332,38.85499954223633,39.08000183105469,1029
2021-08-31,XMBR.MI,39.0,39.43000030517578,39.0,39.22999954223633,415
2021-09-01,XMBR.MI,38.43000030517578,38.55500030517578,38.43000030517578,38.55500030517578,3
2021-09-02,XMBR.MI,38.5099983215332,38.5099983215332,38.20000076293945,38.474998474121094,218
2021-09-03,XMBR.MI,38.474998474121094,38.474998474121094,38.474998474121094,38.474998474121094,0
2021-09-06,XMBR.MI,37.47999954223633,38.244998931884766,37.47999954223633,38.189998626708984,239
2021-09-07,XMBR.MI,38.25,38.55500030517578,37.970001220703125,38.55500030517578,4734
2021-09-08,XMBR.MI,37.959999084472656,38.15999984741211,36.41999816894531,36.41999816894531,3500
2021-09-09,XMBR.MI,35.70000076293945,36.060001373291016,35.68000030517578,36.060001373291016,5320
2021-09-10,XMBR.MI,37.96500015258789,37.970001220703125,37.21500015258789,37.21500015258789,342
2021-09-13,XMBR.MI,36.91999816894531,37.599998474121094,36.91999816894531,37.599998474121094,949
2021-09-14,XMBR.MI,37.2599983215332,37.48500061035156,37.150001525878906,37.48500061035156,1112
2021-09-15,XMBR.MI,36.93000030517578,37.025001525878906,36.59000015258789,36.59000015258789,203
2021-09-16,XMBR.MI,36.224998474121094,36.380001068115234,36.224998474121094,36.380001068115234,15
2021-09-17,XMBR.MI,36.334999084472656,36.34000015258789,35.290000915527344,35.310001373291016,1921
2021-09-20,XMBR.MI,34.90999984741211,34.90999984741211,34.06999969482422,34.06999969482422,7457
2021-09-21,XMBR.MI,34.814998626708984,34.9900016784668,34.540000915527344,34.75,15625
2021-09-22,XMBR.MI,35.46500015258789,35.82500076293945,35.45500183105469,35.82500076293945,2692
2021-09-23,XMBR.MI,36.095001220703125,36.375,36.064998626708984,36.06999969482422,5138
2021-09-24,XMBR.MI,35.64500045776367,35.64500045776367,35.51499938964844,35.51499938964844,7409
2021-09-27,XMBR.MI,35.65999984741211,35.89500045776367,35.529998779296875,35.56999969482422,10178
2021-09-28,XMBR.MI,35.08000183105469,35.14500045776367,34.57500076293945,34.57500076293945,6290
2021-09-29,XMBR.MI,34.71500015258789,35.14500045776367,34.71500015258789,35.14500045776367,880
2021-09-30,XMBR.MI,34.9900016784668,35.255001068115234,34.9900016784668,35.255001068115234,1507
2021-10-01,XMBR.MI,35.33000183105469,35.39500045776367,35.33000183105469,35.3849983215332,6
2021-10-04,XMBR.MI,35.39500045776367,35.39500045776367,34.439998626708984,34.439998626708984,8038
2021-10-05,XMBR.MI,34.209999084472656,34.834999084472656,34.06999969482422,34.73500061035156,13399
2021-10-06,XMBR.MI,34.17499923706055,34.17499923706055,33.709999084472656,33.79999923706055,12106
2021-10-07,XMBR.MI,34.72999954223633,34.84000015258789,34.275001525878906,34.345001220703125,2024
2021-10-08,XMBR.MI,34.42499923706055,35.23500061035156,34.42499923706055,35.23500061035156,625
2021-10-11,XMBR.MI,34.935001373291016,35.14500045776367,34.85499954223633,35.14500045776367,7635
2021-10-12,XMBR.MI,34.79499816894531,34.79999923706055,34.70000076293945,34.79499816894531,3527
2021-10-13,XMBR.MI,34.71500015258789,34.7400016784668,34.57500076293945,34.7400016784668,1269
2021-10-14,XMBR.MI,35.189998626708984,35.32500076293945,34.8650016784668,34.8650016784668,2400
2021-10-15,XMBR.MI,35.0,35.69499969482422,34.904998779296875,35.69499969482422,1454
2021-10-18,XMBR.MI,35.599998474121094,35.654998779296875,34.65999984741211,34.89500045776367,5501
2021-10-19,XMBR.MI,35.279998779296875,35.279998779296875,33.95500183105469,33.95500183105469,48085
2021-10-20,XMBR.MI,33.595001220703125,34.095001220703125,33.564998626708984,34.095001220703125,40488
2021-10-21,XMBR.MI,33.119998931884766,33.119998931884766,32.41999816894531,32.41999816894531,7376
2021-10-22,XMBR.MI,31.875,32.040000915527344,30.69499969482422,30.69499969482422,22627
2021-10-25,XMBR.MI,32.07500076293945,33.15999984741211,31.989999771118164,32.935001373291016,3997
2021-10-26,XMBR.MI,33.470001220703125,33.60499954223633,32.75,32.84000015258789,6241
2021-10-27,XMBR.MI,32.6150016784668,33.29499816894531,32.41999816894531,33.064998626708984,12119
2021-10-28,XMBR.MI,32.5,32.5,32.029998779296875,32.029998779296875,251
2021-10-29,XMBR.MI,31.600000381469727,32.040000915527344,31.600000381469727,32.040000915527344,25
2021-11-01,XMBR.MI,32.04499816894531,32.04499816894531,31.600000381469727,31.850000381469727,3881
2021-11-02,XMBR.MI,31.895000457763672,31.895000457763672,31.399999618530273,31.399999618530273,1923
2021-11-03,XMBR.MI,31.5,32.43000030517578,31.5,32.35499954223633,2979
2021-11-04,XMBR.MI,32.67499923706055,32.84000015258789,31.790000915527344,31.790000915527344,20661
2021-11-05,XMBR.MI,31.645000457763672,32.31999969482422,31.645000457763672,32.31999969482422,1970
2021-11-08,XMBR.MI,32.17499923706055,32.310001373291016,31.889999389648438,32.185001373291016,5247
2021-11-09,XMBR.MI,32.15999984741211,32.814998626708984,32.15999984741211,32.685001373291016,1875
2021-11-10,XMBR.MI,33.209999084472656,33.349998474121094,33.17499923706055,33.349998474121094,9103
2021-11-11,XMBR.MI,33.25,34.34000015258789,33.25,34.255001068115234,3048
2021-11-12,XMBR.MI,34.52000045776367,34.61000061035156,33.529998779296875,33.529998779296875,9592
2021-11-15,XMBR.MI,33.599998474121094,33.775001525878906,33.54499816894531,33.685001373291016,5547
2021-11-16,XMBR.MI,33.78499984741211,33.78499984741211,33.02000045776367,33.025001525878906,290
2021-11-17,XMBR.MI,33.349998474121094,33.529998779296875,32.85499954223633,32.85499954223633,1856
2021-11-18,XMBR.MI,32.58000183105469,32.58000183105469,32.05500030517578,32.099998474121094,24961
2021-11-19,XMBR.MI,32.1349983215332,32.755001068115234,32.1349983215332,32.529998779296875,3539
2021-11-22,XMBR.MI,32.18000030517578,32.880001068115234,32.18000030517578,32.86000061035156,661
2021-11-23,XMBR.MI,32.2599983215332,32.45500183105469,31.735000610351562,31.860000610351562,1330
2021-11-24,XMBR.MI,32.8650016784668,33.30500030517578,32.51499938964844,33.30500030517578,2410
2021-11-25,XMBR.MI,33.31999969482422,33.89500045776367,33.31999969482422,33.89500045776367,286
2021-11-26,XMBR.MI,32.25,32.25,31.889999389648438,31.889999389648438,9940
2021-11-29,XMBR.MI,32.595001220703125,32.76499938964844,32.209999084472656,32.30500030517578,12078
2021-11-30,XMBR.MI,31.81999969482422,32.1150016784668,31.635000228881836,31.700000762939453,3096
2021-12-01,XMBR.MI,32.369998931884766,32.5099983215332,32.34000015258789,32.34000015258789,377
2021-12-02,XMBR.MI,31.7549991607666,32.6349983215332,31.639999389648438,32.54499816894531,9776
2021-12-03,XMBR.MI,32.83000183105469,33.540000915527344,32.540000915527344,33.0,8223
2021-12-06,XMBR.MI,33.05500030517578,33.439998626708984,33.0,33.3849983215332,1913
2021-12-07,XMBR.MI,33.65999984741211,34.125,33.65999984741211,33.939998626708984,1851
2021-12-08,XMBR.MI,34.255001068115234,34.42499923706055,34.0,34.275001525878906,4997
2021-12-09,XMBR.MI,34.380001068115234,34.380001068115234,33.59000015258789,33.709999084472656,1283
2021-12-10,XMBR.MI,33.970001220703125,33.974998474121094,33.81999969482422,33.81999969482422,5631
2021-12-13,XMBR.MI,33.95000076293945,34.279998779296875,33.67499923706055,33.67499923706055,10606
2021-12-14,XMBR.MI,33.59000015258789,33.9900016784668,33.59000015258789,33.72999954223633,247
2021-12-15,XMBR.MI,33.28499984741211,33.28499984741211,33.0,33.0,4344
2021-12-16,XMBR.MI,33.650001525878906,33.845001220703125,33.650001525878906,33.845001220703125,803
2021-12-17,XMBR.MI,33.58000183105469,33.63999938964844,33.31999969482422,33.61000061035156,450
2021-12-20,XMBR.MI,32.95500183105469,32.95500183105469,32.30500030517578,32.30500030517578,2420
2021-12-21,XMBR.MI,32.7599983215332,32.7599983215332,32.474998474121094,32.540000915527344,212
2021-12-22,XMBR.MI,32.59000015258789,32.59000015258789,32.33000183105469,32.33000183105469,230
2021-12-23,XMBR.MI,32.974998474121094,33.209999084472656,32.400001525878906,32.400001525878906,395
2021-12-27,XMBR.MI,32.52000045776367,32.900001525878906,32.52000045776367,32.900001525878906,200
2021-12-28,XMBR.MI,32.900001525878906,32.900001525878906,32.900001525878906,32.900001525878906,0
2021-12-29,XMBR.MI,32.724998474121094,32.724998474121094,32.33000183105469,32.33000183105469,175
2021-12-30,XMBR.MI,32.25,33.08000183105469,32.20500183105469,33.08000183105469,2044
2022-01-03,XMBR.MI,33.040000915527344,33.220001220703125,32.5,32.529998779296875,3052
2022-01-04,XMBR.MI,32.505001068115234,32.599998474121094,32.400001525878906,32.400001525878906,280
2022-01-05,XMBR.MI,32.11000061035156,32.27000045776367,32.11000061035156,32.18000030517578,1610
2022-01-06,XMBR.MI,31.489999771118164,31.850000381469727,31.149999618530273,31.850000381469727,14053
2022-01-07,XMBR.MI,31.899999618530273,32.15999984741211,31.854999542236328,31.989999771118164,483
2022-01-10,XMBR.MI,32.36000061035156,32.42499923706055,31.81999969482422,31.854999542236328,12137
2022-01-11,XMBR.MI,32.33000183105469,32.82500076293945,32.0,32.82500076293945,1972
2022-01-12,XMBR.MI,33.349998474121094,33.459999084472656,33.01499938964844,33.380001068115234,555
2022-01-13,XMBR.MI,33.525001525878906,33.84000015258789,33.44499969482422,33.83000183105469,190
2022-01-14,XMBR.MI,33.814998626708984,33.86000061035156,33.57500076293945,33.86000061035156,1723
2022-01-17,XMBR.MI,34.154998779296875,34.32500076293945,34.154998779296875,34.165000915527344,2792
2022-01-18,XMBR.MI,34.0,34.345001220703125,33.70500183105469,34.345001220703125,7053
2022-01-19,XMBR.MI,34.29499816894531,35.334999084472656,34.29499816894531,35.19499969482422,311
2022-01-20,XMBR.MI,35.70500183105469,35.95000076293945,35.70500183105469,35.95000076293945,662
2022-01-21,XMBR.MI,35.720001220703125,35.95000076293945,35.720001220703125,35.90999984741211,1379
2022-01-24,XMBR.MI,35.17499923706055,35.529998779296875,34.52000045776367,34.65999984741211,11605
2022-01-25,XMBR.MI,34.70500183105469,35.31999969482422,34.70500183105469,35.31999969482422,136
2022-01-26,XMBR.MI,36.1349983215332,36.834999084472656,36.1349983215332,36.834999084472656,7870
2022-01-27,XMBR.MI,37.70000076293945,37.78499984741211,37.61000061035156,37.61000061035156,147
2022-01-28,XMBR.MI,37.52000045776367,37.94499969482422,37.41999816894531,37.56999969482422,5603
2022-01-31,XMBR.MI,37.95000076293945,37.95000076293945,37.83000183105469,37.83000183105469,134
2022-02-01,XMBR.MI,38.07500076293945,38.279998779296875,37.91999816894531,38.279998779296875,1571
2022-02-02,XMBR.MI,38.78499984741211,38.78499984741211,37.56999969482422,37.59000015258789,325
2022-02-03,XMBR.MI,37.755001068115234,37.755001068115234,37.26499938964844,37.26499938964844,1482
2022-02-04,XMBR.MI,37.275001525878906,37.275001525878906,36.595001220703125,37.040000915527344,3346
2022-02-07,XMBR.MI,36.98500061035156,37.56999969482422,36.904998779296875,37.56999969482422,779
2022-02-08,XMBR.MI,37.72999954223633,37.72999954223633,37.165000915527344,37.39500045776367,1610
2022-02-09,XMBR.MI,38.19499969482422,38.19499969482422,37.47999954223633,37.7400016784668,376
2022-02-10,XMBR.MI,37.915000915527344,38.654998779296875,37.915000915527344,38.40999984741211,1911
2022-02-11,XMBR.MI,38.310001373291016,39.189998626708984,38.279998779296875,39.119998931884766,6616
2022-02-14,XMBR.MI,38.45000076293945,39.04999923706055,37.71500015258789,38.935001373291016,3966
2022-02-15,XMBR.MI,38.900001525878906,39.35499954223633,38.900001525878906,39.19499969482422,12429
2022-02-16,XMBR.MI,39.209999084472656,39.599998474121094,39.185001373291016,39.58000183105469,10660
2022-02-17,XMBR.MI,39.7400016784668,39.88999938964844,39.0,39.06999969482422,1943
2022-02-18,XMBR.MI,38.959999084472656,39.31999969482422,38.959999084472656,39.119998931884766,1758
2022-02-21,XMBR.MI,39.20500183105469,39.61000061035156,38.779998779296875,39.61000061035156,1018
2022-02-22,XMBR.MI,38.80500030517578,39.8650016784668,38.505001068115234,39.70000076293945,14001
2022-02-23,XMBR.MI,40.0099983215332,40.19499969482422,39.78499984741211,39.86000061035156,2311
2022-02-24,XMBR.MI,38.81999969482422,38.939998626708984,38.6349983215332,38.869998931884766,3146
2022-02-25,XMBR.MI,38.8849983215332,39.23500061035156,38.80500030517578,38.80500030517578,5267
2022-02-28,XMBR.MI,38.59000015258789,39.09000015258789,38.59000015258789,39.09000015258789,298
2022-03-01,XMBR.MI,39.470001220703125,40.39500045776367,39.349998474121094,40.39500045776367,12954
2022-03-02,XMBR.MI,40.5,40.5,39.939998626708984,40.3849983215332,9225
2022-03-03,XMBR.MI,40.5,41.935001373291016,40.5,41.85499954223633,13189
2022-03-04,XMBR.MI,41.86000061035156,41.88999938964844,41.334999084472656,41.415000915527344,7937
2022-03-07,XMBR.MI,41.41999816894531,41.81999969482422,41.040000915527344,41.810001373291016,14620
2022-03-08,XMBR.MI,40.689998626708984,41.3849983215332,40.689998626708984,40.7400016784668,4006
2022-03-09,XMBR.MI,41.3650016784668,41.58000183105469,41.084999084472656,41.380001068115234,2313
2022-03-10,XMBR.MI,41.400001525878906,41.400001525878906,40.9900016784668,41.060001373291016,224
2022-03-11,XMBR.MI,41.834999084472656,42.29999923706055,41.57500076293945,41.775001525878906,9437
2022-03-14,XMBR.MI,41.154998779296875,41.154998779296875,39.96500015258789,39.96500015258789,1279
2022-03-15,XMBR.MI,39.18000030517578,39.42499923706055,38.81999969482422,39.380001068115234,2719
2022-03-16,XMBR.MI,39.505001068115234,39.775001525878906,39.505001068115234,39.775001525878906,831
2022-03-17,XMBR.MI,40.14500045776367,40.44499969482422,39.85499954223633,40.44499969482422,4784
2022-03-18,XMBR.MI,40.70500183105469,41.56999969482422,40.70500183105469,41.54499816894531,5916
2022-03-21,XMBR.MI,41.69499969482422,42.900001525878906,41.69499969482422,42.900001525878906,5156
2022-03-22,XMBR.MI,43.31999969482422,43.70000076293945,43.310001373291016,43.5,2890
2022-03-23,XMBR.MI,43.849998474121094,44.6349983215332,43.77000045776367,44.57500076293945,1478
2022-03-24,XMBR.MI,45.0,45.33000183105469,44.814998626708984,45.04499816894531,1262
2022-03-25,XMBR.MI,45.1349983215332,45.959999084472656,45.1349983215332,45.84000015258789,832
2022-03-28,XMBR.MI,46.04999923706055,46.369998931884766,45.03499984741211,45.380001068115234,4207
2022-03-29,XMBR.MI,45.6349983215332,46.03499984741211,45.45000076293945,45.77000045776367,3986
2022-03-30,XMBR.MI,45.70000076293945,46.0,45.255001068115234,45.255001068115234,3039
2022-03-31,XMBR.MI,45.60499954223633,46.099998474121094,45.43000030517578,45.83000183105469,5855
2022-04-01,XMBR.MI,46.275001525878906,47.244998931884766,46.150001525878906,47.130001068115234,2047
2022-04-04,XMBR.MI,47.54499816894531,48.1349983215332,47.540000915527344,47.96500015258789,4810
2022-04-05,XMBR.MI,48.209999084472656,48.5,47.31999969482422,47.34000015258789,2977
2022-04-06,XMBR.MI,47.064998626708984,47.064998626708984,46.189998626708984,46.31999969482422,2068
2022-04-07,XMBR.MI,46.415000915527344,46.415000915527344,45.83000183105469,45.83000183105469,693
2022-04-08,XMBR.MI,46.63999938964844,46.63999938964844,46.400001525878906,46.40999984741211,1023
2022-04-11,XMBR.MI,46.63999938964844,46.63999938964844,46.17499923706055,46.17499923706055,3141
2022-04-12,XMBR.MI,46.474998474121094,47.5,46.09000015258789,46.95500183105469,431
2022-04-13,XMBR.MI,46.775001525878906,46.775001525878906,46.15999984741211,46.15999984741211,439
2022-04-14,XMBR.MI,46.244998931884766,46.30500030517578,46.10499954223633,46.26499938964844,2845
2022-04-19,XMBR.MI,46.42499923706055,46.724998474121094,45.8849983215332,45.8849983215332,3155
2022-04-20,XMBR.MI,45.869998931884766,46.060001373291016,45.720001220703125,45.869998931884766,1717
2022-04-21,XMBR.MI,45.89500045776367,45.89500045776367,45.185001373291016,45.185001373291016,1860
2022-04-22,XMBR.MI,44.95500183105469,45.07500076293945,43.88999938964844,43.93000030517578,9309
2022-04-25,XMBR.MI,42.5,42.56999969482422,41.79499816894531,41.79499816894531,3715
2022-04-26,XMBR.MI,42.30500030517578,42.30500030517578,41.20000076293945,41.279998779296875,10929
2022-04-27,XMBR.MI,40.93000030517578,41.709999084472656,40.92499923706055,41.709999084472656,1347
2022-04-28,XMBR.MI,42.38999938964844,43.1349983215332,41.720001220703125,41.720001220703125,662
2022-04-29,XMBR.MI,42.53499984741211,43.380001068115234,42.3849983215332,43.06999969482422,3486
2022-05-02,XMBR.MI,40.92499923706055,40.935001373291016,40.04499816894531,40.04499816894531,1202
2022-05-03,XMBR.MI,40.220001220703125,40.82500076293945,40.005001068115234,40.82500076293945,182
2022-05-04,XMBR.MI,40.814998626708984,40.814998626708984,39.93000030517578,40.130001068115234,434
2022-05-05,XMBR.MI,40.849998474121094,40.849998474121094,39.584999084472656,39.80500030517578,3672
2022-05-06,XMBR.MI,40.029998779296875,40.19499969482422,39.7599983215332,40.19499969482422,12974
2022-05-09,XMBR.MI,39.40999984741211,39.40999984741211,38.375,38.375,2236
2022-05-10,XMBR.MI,38.48500061035156,38.7400016784668,38.13999938964844,38.13999938964844,709
2022-05-11,XMBR.MI,38.13999938964844,38.13999938964844,38.13999938964844,38.13999938964844,0
2022-05-12,XMBR.MI,38.94499969482422,40.1150016784668,38.82500076293945,39.9900016784668,1148
2022-05-13,XMBR.MI,40.95500183105469,41.060001373291016,40.95500183105469,41.060001373291016,2572
2022-05-16,XMBR.MI,40.560001373291016,41.404998779296875,40.560001373291016,41.30500030517578,7519
2022-05-17,XMBR.MI,42.15999984741211,42.15999984741211,41.810001373291016,41.810001373291016,730
2022-05-18,XMBR.MI,42.18000030517578,42.18000030517578,41.43000030517578,41.43000030517578,6812
2022-05-19,XMBR.MI,41.400001525878906,41.400001525878906,40.619998931884766,41.375,1886
2022-05-20,XMBR.MI,42.220001220703125,42.619998931884766,42.220001220703125,42.435001373291016,4644
2022-05-23,XMBR.MI,42.724998474121094,43.56999969482422,42.720001220703125,43.474998474121094,1710
2022-05-24,XMBR.MI,42.81999969482422,42.81999969482422,42.2599983215332,42.2599983215332,1094
2022-05-25,XMBR.MI,43.459999084472656,43.48500061035156,43.150001525878906,43.244998931884766,1907
2022-05-26,XMBR.MI,43.13999938964844,44.01499938964844,43.1349983215332,44.01499938964844,325
2022-05-27,XMBR.MI,44.36000061035156,44.76499938964844,44.17499923706055,44.76499938964844,1023
2022-05-30,XMBR.MI,45.119998931884766,45.119998931884766,43.89500045776367,43.97999954223633,1014
2022-05-31,XMBR.MI,43.834999084472656,44.47999954223633,43.834999084472656,44.1349983215332,790
2022-06-01,XMBR.MI,44.459999084472656,44.505001068115234,44.125,44.125,3198
2022-06-02,XMBR.MI,44.005001068115234,44.09000015258789,44.005001068115234,44.08000183105469,184
2022-06-03,XMBR.MI,43.92499923706055,43.92499923706055,43.75,43.75,87
2022-06-06,XMBR.MI,44.58000183105469,44.65999984741211,43.685001373291016,43.685001373291016,1254
2022-06-07,XMBR.MI,43.400001525878906,43.505001068115234,42.45000076293945,42.65999984741211,5356
2022-06-08,XMBR.MI,42.720001220703125,42.77000045776367,42.32500076293945,42.4900016784668,4935
2022-06-09,XMBR.MI,41.81999969482422,41.86000061035156,41.650001525878906,41.790000915527344,1156
2022-06-10,XMBR.MI,41.880001068115234,42.165000915527344,40.57500076293945,40.57500076293945,19749
2022-06-13,XMBR.MI,39.64500045776367,39.66999816894531,39.0,39.165000915527344,1393
2022-06-14,XMBR.MI,39.4900016784668,39.4900016784668,38.81999969482422,39.029998779296875,2821
2022-06-15,XMBR.MI,38.90999984741211,39.599998474121094,38.845001220703125,39.29999923706055,901
2022-06-16,XMBR.MI,39.08000183105469,39.08000183105469,37.79999923706055,37.915000915527344,6244
2022-06-17,XMBR.MI,38.125,38.125,37.21500015258789,37.26499938964844,1043
2022-06-20,XMBR.MI,37.084999084472656,37.38999938964844,36.70500183105469,37.38999938964844,5963
2022-06-21,XMBR.MI,37.38999938964844,37.38999938964844,37.38999938964844,37.38999938964844,0
2022-06-22,XMBR.MI,37.38999938964844,37.38999938964844,37.38999938964844,37.38999938964844,0
2022-06-23,XMBR.MI,36.7599983215332,36.86000061035156,36.724998474121094,36.83000183105469,1183
2022-06-24,XMBR.MI,36.244998931884766,36.29499816894531,36.244998931884766,36.29499816894531,5
2022-06-27,XMBR.MI,36.29499816894531,36.29499816894531,36.29499816894531,36.29499816894531,0
2022-06-28,XMBR.MI,36.29499816894531,36.29499816894531,36.29499816894531,36.29499816894531,0
2022-06-29,XMBR.MI,36.29499816894531,36.29499816894531,36.29499816894531,36.29499816894531,0
2022-06-30,XMBR.MI,36.72999954223633,36.72999954223633,36.59000015258789,36.64500045776367,105
2022-07-01,XMBR.MI,36.130001068115234,36.33000183105469,35.8849983215332,36.01499938964844,9132
2022-07-04,XMBR.MI,36.1349983215332,36.54999923706055,36.08000183105469,36.505001068115234,5446
2022-07-05,XMBR.MI,36.20500183105469,36.20500183105469,35.505001068115234,35.505001068115234,47
2022-07-06,XMBR.MI,36.005001068115234,36.005001068115234,35.689998626708984,35.71500015258789,1426
2022-07-07,XMBR.MI,36.5,37.720001220703125,36.435001373291016,37.70500183105469,33994
2022-07-08,XMBR.MI,37.4900016784668,37.98500061035156,37.4900016784668,37.95500183105469,3379
2022-07-11,XMBR.MI,37.76499938964844,37.76499938964844,37.09000015258789,37.14500045776367,7675
2022-07-12,XMBR.MI,36.56999969482422,36.689998626708984,36.4900016784668,36.689998626708984,1417
2022-07-13,XMBR.MI,36.755001068115234,36.95000076293945,36.7400016784668,36.95000076293945,550
2022-07-14,XMBR.MI,36.2599983215332,36.2599983215332,35.435001373291016,35.689998626708984,27033
2022-07-15,XMBR.MI,35.540000915527344,36.1150016784668,35.45500183105469,36.060001373291016,128
2022-07-18,XMBR.MI,36.494998931884766,36.5,36.17499923706055,36.3650016784668,18015
2022-07-19,XMBR.MI,35.88999938964844,35.88999938964844,35.790000915527344,35.790000915527344,35
2022-07-20,XMBR.MI,36.04999923706055,36.07500076293945,35.849998474121094,35.849998474121094,7264
2022-07-21,XMBR.MI,35.64500045776367,35.64500045776367,35.439998626708984,35.439998626708984,2
2022-07-22,XMBR.MI,35.970001220703125,36.290000915527344,35.970001220703125,36.130001068115234,587
2022-07-25,XMBR.MI,35.790000915527344,36.8849983215332,35.790000915527344,36.8849983215332,1031
2022-07-26,XMBR.MI,37.43000030517578,37.57500076293945,37.375,37.42499923706055,625
2022-07-27,XMBR.MI,37.654998779296875,37.98500061035156,37.599998474121094,37.98500061035156,1728
2022-07-28,XMBR.MI,38.95500183105469,39.03499984741211,38.93000030517578,39.03499984741211,2988
2022-07-29,XMBR.MI,39.80500030517578,39.935001373291016,39.779998779296875,39.779998779296875,6108
2022-08-01,XMBR.MI,39.77000045776367,39.77000045776367,39.20000076293945,39.64500045776367,479
2022-08-02,XMBR.MI,38.970001220703125,39.404998779296875,38.970001220703125,39.404998779296875,12250
2022-08-03,XMBR.MI,38.959999084472656,39.130001068115234,38.959999084472656,39.130001068115234,27
2022-08-04,XMBR.MI,39.36000061035156,39.959999084472656,39.17499923706055,39.959999084472656,1006
2022-08-05,XMBR.MI,39.959999084472656,39.959999084472656,39.959999084472656,39.959999084472656,0
2022-08-08,XMBR.MI,41.38999938964844,42.02000045776367,41.38999938964844,42.02000045776367,580
2022-08-09,XMBR.MI,42.45000076293945,42.45000076293945,41.95000076293945,41.95000076293945,256
2022-08-10,XMBR.MI,42.35499954223633,42.779998779296875,42.189998626708984,42.779998779296875,1507
2022-08-11,XMBR.MI,42.9900016784668,43.150001525878906,42.29999923706055,42.29999923706055,954
2022-08-12,XMBR.MI,41.904998779296875,43.35499954223633,41.904998779296875,43.310001373291016,1074
2022-08-16,XMBR.MI,44.2400016784668,44.29499816894531,43.814998626708984,43.970001220703125,79
2022-08-17,XMBR.MI,43.72999954223633,44.084999084472656,43.560001373291016,44.084999084472656,913
2022-08-18,XMBR.MI,43.91999816894531,44.2599983215332,43.90999984741211,44.20000076293945,2307
2022-08-19,XMBR.MI,43.47999954223633,43.47999954223633,43.47999954223633,43.47999954223633,7000
2022-08-22,XMBR.MI,43.279998779296875,43.70000076293945,43.244998931884766,43.70000076293945,751
2022-08-23,XMBR.MI,44.61000061035156,45.15999984741211,44.61000061035156,45.15999984741211,3281
2022-08-24,XMBR.MI,45.0099983215332,45.540000915527344,45.0099983215332,45.540000915527344,327
2022-08-25,XMBR.MI,45.584999084472656,45.59000015258789,45.09000015258789,45.09000015258789,2118
2022-08-26,XMBR.MI,44.974998474121094,44.974998474121094,44.779998779296875,44.845001220703125,290
2022-08-29,XMBR.MI,45.20000076293945,45.67499923706055,45.20000076293945,45.654998779296875,35
2022-08-30,XMBR.MI,45.810001373291016,46.125,44.40999984741211,44.40999984741211,1645
2022-08-31,XMBR.MI,43.90999984741211,43.90999984741211,43.26499938964844,43.26499938964844,555
2022-09-01,XMBR.MI,42.46500015258789,43.220001220703125,42.439998626708984,42.67499923706055,7355
2022-09-02,XMBR.MI,42.67499923706055,42.67499923706055,42.67499923706055,42.67499923706055,0
2022-09-05,XMBR.MI,44.07500076293945,44.349998474121094,44.07500076293945,44.349998474121094,120
2022-09-06,XMBR.MI,43.3650016784668,43.3650016784668,43.005001068115234,43.005001068115234,179
2022-09-07,XMBR.MI,42.959999084472656,43.05500030517578,42.779998779296875,43.05500030517578,17974
2022-09-08,XMBR.MI,43.16999816894531,43.16999816894531,42.875,42.875,70
2022-09-09,XMBR.MI,43.150001525878906,44.09000015258789,43.150001525878906,44.09000015258789,2431
2022-09-12,XMBR.MI,44.09000015258789,44.09000015258789,44.09000015258789,44.09000015258789,0
2022-09-13,XMBR.MI,44.09000015258789,44.09000015258789,44.09000015258789,44.09000015258789,0
2022-09-14,XMBR.MI,44.09000015258789,44.09000015258789,44.09000015258789,44.09000015258789,0
2022-09-15,XMBR.MI,44.09000015258789,44.09000015258789,44.09000015258789,44.09000015258789,0
2022-09-16,XMBR.MI,44.09000015258789,44.09000015258789,44.09000015258789,44.09000015258789,0
2022-09-19,XMBR.MI,44.09000015258789,44.09000015258789,44.09000015258789,44.09000015258789,0
2022-09-20,XMBR.MI,44.09000015258789,44.09000015258789,44.09000015258789,44.09000015258789,0
2022-09-21,XMBR.MI,44.709999084472656,44.869998931884766,44.334999084472656,44.470001220703125,279
2022-09-22,XMBR.MI,44.599998474121094,45.39500045776367,44.599998474121094,44.85499954223633,2711
2022-09-23,XMBR.MI,45.79999923706055,46.095001220703125,44.26499938964844,44.26499938964844,1272
2022-09-26,XMBR.MI,44.31999969482422,44.31999969482422,43.11000061035156,43.11000061035156,1605
2022-09-27,XMBR.MI,43.20000076293945,43.400001525878906,43.01499938964844,43.01499938964844,696
2022-09-28,XMBR.MI,42.314998626708984,42.51499938964844,42.13999938964844,42.51499938964844,1450
2022-09-29,XMBR.MI,41.720001220703125,42.04499816894531,41.529998779296875,41.529998779296875,2451
2022-09-30,XMBR.MI,41.92499923706055,42.154998779296875,41.92499923706055,42.154998779296875,120
2022-10-03,XMBR.MI,43.81999969482422,46.31999969482422,43.81999969482422,46.19499969482422,389
2022-10-04,XMBR.MI,47.0,47.400001525878906,46.459999084472656,46.459999084472656,511
2022-10-05,XMBR.MI,46.125,46.54999923706055,45.72999954223633,46.54999923706055,2032
2022-10-06,XMBR.MI,46.81999969482422,47.34000015258789,46.650001525878906,47.255001068115234,3780
2022-10-07,XMBR.MI,46.84000015258789,47.224998474121094,46.84000015258789,47.224998474121094,238
2022-10-10,XMBR.MI,47.5,47.81999969482422,46.93000030517578,46.97999954223633,306
2022-10-11,XMBR.MI,46.584999084472656,46.915000915527344,46.55500030517578,46.57500076293945,187
2022-10-12,XMBR.MI,46.17499923706055,46.17499923706055,45.474998474121094,45.474998474121094,280
2022-10-13,XMBR.MI,45.4900016784668,45.4900016784668,44.834999084472656,45.3650016784668,156
2022-10-14,XMBR.MI,45.560001373291016,45.744998931884766,45.09000015258789,45.09000015258789,1113
2022-10-17,XMBR.MI,44.93000030517578,45.33000183105469,44.93000030517578,45.33000183105469,10
2022-10-18,XMBR.MI,45.3650016784668,45.60499954223633,45.17499923706055,45.17499923706055,1007
2022-10-19,XMBR.MI,45.89500045776367,46.154998779296875,45.89500045776367,45.93000030517578,190
2022-10-20,XMBR.MI,46.63999938964844,47.150001525878906,46.63999938964844,47.150001525878906,313
2022-10-21,XMBR.MI,47.05500030517578,47.790000915527344,47.05500030517578,47.790000915527344,45
2022-10-24,XMBR.MI,48.290000915527344,48.775001525878906,46.150001525878906,46.150001525878906,545
2022-10-25,XMBR.MI,45.380001068115234,45.380001068115234,45.064998626708984,45.064998626708984,50
2022-10-26,XMBR.MI,44.2400016784668,44.45000076293945,43.5,43.650001525878906,468
2022-10-27,XMBR.MI,42.875,44.28499984741211,42.724998474121094,44.150001525878906,672
2022-10-28,XMBR.MI,43.630001068115234,44.040000915527344,43.630001068115234,44.040000915527344,3488
2022-10-31,XMBR.MI,42.01499938964844,45.08000183105469,42.01499938964844,44.97999954223633,200
2022-11-01,XMBR.MI,46.4900016784668,47.279998779296875,46.119998931884766,47.21500015258789,3703
2022-11-02,XMBR.MI,46.810001373291016,46.91999816894531,46.04499816894531,46.185001373291016,4452
2022-11-03,XMBR.MI,46.439998626708984,47.70500183105469,46.439998626708984,47.70500183105469,427
2022-11-04,XMBR.MI,48.22999954223633,49.040000915527344,48.22999954223633,48.51499938964844,1187
2022-11-07,XMBR.MI,47.72999954223633,48.14500045776367,46.150001525878906,46.20000076293945,778
2022-11-08,XMBR.MI,45.625,45.90999984741211,45.474998474121094,45.90999984741211,432
2022-11-09,XMBR.MI,45.59000015258789,45.59000015258789,45.459999084472656,45.459999084472656,330
2022-11-10,XMBR.MI,44.43000030517578,44.435001373291016,41.349998474121094,41.47999954223633,10643
2022-11-11,XMBR.MI,41.0,41.505001068115234,40.779998779296875,41.505001068115234,1230
2022-11-14,XMBR.MI,41.380001068115234,42.03499984741211,41.380001068115234,41.83000183105469,407
2022-11-15,XMBR.MI,42.0099983215332,42.33000183105469,41.755001068115234,42.150001525878906,6185
2022-11-16,XMBR.MI,42.08000183105469,42.08000183105469,40.630001068115234,40.630001068115234,969
2022-11-17,XMBR.MI,40.19499969482422,40.19499969482422,38.65999984741211,39.08000183105469,7258
2022-11-18,XMBR.MI,39.599998474121094,40.3849983215332,39.58000183105469,40.3849983215332,3113
2022-11-21,XMBR.MI,40.349998474121094,40.51499938964844,40.119998931884766,40.51499938964844,135
2022-11-22,XMBR.MI,41.0,41.2400016784668,40.25,40.25,38
2022-11-23,XMBR.MI,39.83000183105469,39.90999984741211,39.755001068115234,39.755001068115234,71
2022-11-24,XMBR.MI,40.0099983215332,41.20000076293945,40.0099983215332,41.20000076293945,962
2022-11-25,XMBR.MI,41.20000076293945,41.224998474121094,40.540000915527344,40.55500030517578,389
2022-11-28,XMBR.MI,38.994998931884766,40.01499938964844,38.900001525878906,40.01499938964844,460
2022-11-29,XMBR.MI,40.79499816894531,41.93000030517578,40.79499816894531,41.93000030517578,135
2022-11-30,XMBR.MI,41.849998474121094,42.27000045776367,41.849998474121094,42.27000045776367,100
2022-12-01,XMBR.MI,42.625,42.625,41.7400016784668,41.7400016784668,307
2022-12-02,XMBR.MI,41.59000015258789,42.64500045776367,41.380001068115234,42.1150016784668,862
2022-12-05,XMBR.MI,41.779998779296875,41.80500030517578,40.81999969482422,40.94499969482422,56
2022-12-06,XMBR.MI,40.560001373291016,40.92499923706055,40.505001068115234,40.92499923706055,45
2022-12-07,XMBR.MI,40.939998626708984,40.939998626708984,40.73500061035156,40.73500061035156,150
2022-12-08,XMBR.MI,40.73500061035156,40.73500061035156,40.73500061035156,40.73500061035156,0
2022-12-09,XMBR.MI,40.05500030517578,40.18000030517578,39.880001068115234,40.18000030517578,37
2022-12-12,XMBR.MI,39.90999984741211,39.915000915527344,37.775001525878906,37.96500015258789,197
2022-12-13,XMBR.MI,38.584999084472656,38.584999084472656,38.345001220703125,38.38999938964844,316
2022-12-14,XMBR.MI,37.69499969482422,37.69499969482422,36.584999084472656,36.814998626708984,603
2022-12-15,XMBR.MI,37.05500030517578,37.310001373291016,36.82500076293945,37.29999923706055,203
2022-12-16,XMBR.MI,37.279998779296875,37.57500076293945,37.07500076293945,37.57500076293945,452
2022-12-19,XMBR.MI,37.55500030517578,38.02000045776367,37.11000061035156,37.91999816894531,3108
2022-12-20,XMBR.MI,37.744998931884766,39.67499923706055,37.744998931884766,39.67499923706055,87
2022-12-21,XMBR.MI,39.59000015258789,39.654998779296875,39.58000183105469,39.654998779296875,65
2022-12-22,XMBR.MI,39.9900016784668,40.17499923706055,39.9900016784668,40.17499923706055,50
2022-12-23,XMBR.MI,40.27000045776367,41.10499954223633,40.27000045776367,41.10499954223633,3348
2022-12-27,XMBR.MI,40.5099983215332,40.5099983215332,39.505001068115234,39.505001068115234,507
2022-12-28,XMBR.MI,39.654998779296875,40.13999938964844,39.654998779296875,40.13999938964844,65
2022-12-29,XMBR.MI,40.5,40.55500030517578,40.220001220703125,40.220001220703125,964
2022-12-30,XMBR.MI,39.38999938964844,39.525001525878906,39.25,39.25,500
2023-01-02,XMBR.MI,39.89500045776367,39.89500045776367,38.279998779296875,38.279998779296875,4
2023-01-03,XMBR.MI,38.685001373291016,38.845001220703125,37.779998779296875,37.779998779296875,337
2023-01-04,XMBR.MI,37.1349983215332,37.4900016784668,37.0,37.23500061035156,987
2023-01-05,XMBR.MI,37.185001373291016,38.55500030517578,37.185001373291016,38.55500030517578,41
2023-01-06,XMBR.MI,39.3650016784668,39.75,39.3650016784668,39.75,4
2023-01-09,XMBR.MI,39.29499816894531,39.45500183105469,39.209999084472656,39.209999084472656,196
2023-01-10,XMBR.MI,39.209999084472656,39.209999084472656,39.209999084472656,39.209999084472656,0
2023-01-11,XMBR.MI,40.43000030517578,40.4900016784668,40.43000030517578,40.4900016784668,140
2023-01-12,XMBR.MI,40.875,41.345001220703125,40.53499984741211,41.345001220703125,154
2023-01-13,XMBR.MI,41.345001220703125,41.345001220703125,41.345001220703125,41.345001220703125,0
2023-01-16,XMBR.MI,40.84000015258789,40.84000015258789,40.23500061035156,40.23500061035156,32
2023-01-17,XMBR.MI,40.0,41.05500030517578,39.88999938964844,41.05500030517578,59
2023-01-18,XMBR.MI,41.42499923706055,41.709999084472656,41.42499923706055,41.505001068115234,337
2023-01-19,XMBR.MI,40.525001525878906,40.525001525878906,39.869998931884766,40.32500076293945,507
2023-01-20,XMBR.MI,40.32500076293945,40.65999984741211,40.32500076293945,40.54999923706055,43
2023-01-23,XMBR.MI,40.34000015258789,40.88999938964844,40.34000015258789,40.88999938964844,12
2023-01-24,XMBR.MI,40.439998626708984,40.79499816894531,40.439998626708984,40.79499816894531,400
2023-01-25,XMBR.MI,41.130001068115234,42.06999969482422,41.0,41.84000015258789,1005
2023-01-26,XMBR.MI,42.275001525878906,42.400001525878906,41.82500076293945,42.04499816894531,1003
2023-01-27,XMBR.MI,42.0,42.0,41.26499938964844,41.32500076293945,795
2023-01-30,XMBR.MI,40.720001220703125,41.334999084472656,40.685001373291016,41.27000045776367,554
2023-01-31,XMBR.MI,41.01499938964844,41.720001220703125,41.01499938964844,41.720001220703125,1733
2023-02-01,XMBR.MI,41.779998779296875,41.810001373291016,41.064998626708984,41.09000015258789,217
2023-02-02,XMBR.MI,41.290000915527344,41.39500045776367,41.15999984741211,41.15999984741211,477
2023-02-03,XMBR.MI,40.31999969482422,40.51499938964844,39.70500183105469,40.13999938964844,1010
2023-02-06,XMBR.MI,39.380001068115234,39.470001220703125,39.279998779296875,39.42499923706055,95
2023-02-07,XMBR.MI,40.150001525878906,40.154998779296875,39.595001220703125,39.595001220703125,513
2023-02-08,XMBR.MI,39.255001068115234,39.869998931884766,39.23500061035156,39.43000030517578,2112
2023-02-09,XMBR.MI,40.45500183105469,40.45500183105469,39.154998779296875,39.154998779296875,236
2023-02-10,XMBR.MI,38.72999954223633,39.29499816894531,38.720001220703125,39.29499816894531,43
2023-02-13,XMBR.MI,39.51499938964844,40.119998931884766,39.51499938964844,40.0,69
2023-02-14,XMBR.MI,39.9900016784668,40.18000030517578,39.83000183105469,39.83000183105469,306
2023-02-15,XMBR.MI,39.52000045776367,40.095001220703125,39.52000045776367,40.095001220703125,175
2023-02-16,XMBR.MI,40.20500183105469,40.20500183105469,39.83000183105469,39.83000183105469,9
2023-02-17,XMBR.MI,40.0,40.5,39.939998626708984,40.39500045776367,635
2023-02-20,XMBR.MI,40.15999984741211,40.5099983215332,40.15999984741211,40.439998626708984,1532
2023-02-21,XMBR.MI,40.69499969482422,40.69499969482422,40.15999984741211,40.15999984741211,851
2023-02-22,XMBR.MI,40.040000915527344,40.040000915527344,39.595001220703125,39.595001220703125,1323
2023-02-23,XMBR.MI,40.25,41.0,40.25,40.334999084472656,301
2023-02-24,XMBR.MI,40.244998931884766,40.244998931884766,39.70000076293945,39.70000076293945,26
2023-02-27,XMBR.MI,39.505001068115234,39.814998626708984,39.290000915527344,39.290000915527344,194
2023-02-28,XMBR.MI,39.07500076293945,39.20500183105469,38.83000183105469,38.83000183105469,736
2023-03-01,XMBR.MI,38.91999816894531,38.959999084472656,38.224998474121094,38.255001068115234,632
2023-03-02,XMBR.MI,38.869998931884766,38.875,38.73500061035156,38.82500076293945,71
2023-03-03,XMBR.MI,38.40999984741211,38.744998931884766,38.40999984741211,38.744998931884766,223
2023-03-06,XMBR.MI,38.33000183105469,38.98500061035156,38.27000045776367,38.959999084472656,1086
2023-03-07,XMBR.MI,38.939998626708984,39.095001220703125,38.724998474121094,38.72999954223633,181
2023-03-08,XMBR.MI,38.875,40.16999816894531,38.875,40.16999816894531,36
2023-03-09,XMBR.MI,39.70500183105469,39.75,39.65999984741211,39.67499923706055,54
2023-03-10,XMBR.MI,38.755001068115234,39.04999923706055,38.595001220703125,38.75,817
2023-03-13,XMBR.MI,37.79999923706055,38.04499816894531,37.53499984741211,37.53499984741211,22
2023-03-14,XMBR.MI,37.61000061035156,37.63999938964844,37.404998779296875,37.58000183105469,514
2023-03-15,XMBR.MI,37.400001525878906,37.400001525878906,36.81999969482422,36.81999969482422,3432
2023-03-16,XMBR.MI,37.38999938964844,37.42499923706055,37.38999938964844,37.42499923706055,792
2023-03-17,XMBR.MI,38.040000915527344,38.040000915527344,37.0,37.060001373291016,192
2023-03-20,XMBR.MI,37.060001373291016,37.060001373291016,37.060001373291016,37.060001373291016,0
2023-03-21,XMBR.MI,37.0099983215332,37.01499938964844,36.6349983215332,36.6349983215332,180
2023-03-22,XMBR.MI,36.6349983215332,36.6349983215332,36.6349983215332,36.6349983215332,0
2023-03-23,XMBR.MI,35.47999954223633,35.48500061035156,35.47999954223633,35.48500061035156,161
2023-03-24,XMBR.MI,34.380001068115234,35.67499923706055,34.380001068115234,35.67499923706055,733
2023-03-27,XMBR.MI,35.72999954223633,35.94499969482422,35.6150016784668,35.90999984741211,439
2023-03-28,XMBR.MI,36.349998474121094,36.959999084472656,36.209999084472656,36.85499954223633,1287
2023-03-29,XMBR.MI,37.279998779296875,37.400001525878906,37.2599983215332,37.29499816894531,2344
2023-03-30,XMBR.MI,38.099998474121094,38.255001068115234,37.435001373291016,37.84000015258789,591
2023-03-31,XMBR.MI,38.36000061035156,38.630001068115234,38.03499984741211,38.03499984741211,721
2023-04-03,XMBR.MI,37.904998779296875,38.025001525878906,37.5099983215332,37.5099983215332,73
2023-04-04,XMBR.MI,37.54499816894531,37.8650016784668,37.3849983215332,37.3849983215332,2906
2023-04-05,XMBR.MI,37.35499954223633,37.35499954223633,37.0,37.154998779296875,55
2023-04-06,XMBR.MI,37.42499923706055,37.42499923706055,37.05500030517578,37.05500030517578,715
2023-04-11,XMBR.MI,37.709999084472656,39.29499816894531,37.63999938964844,39.26499938964844,6910
2023-04-12,XMBR.MI,40.0,40.064998626708984,39.95000076293945,40.064998626708984,403
2023-04-13,XMBR.MI,40.275001525878906,40.275001525878906,39.91999816894531,39.91999816894531,270
2023-04-14,XMBR.MI,39.5099983215332,39.57500076293945,39.435001373291016,39.57500076293945,125
2023-04-17,XMBR.MI,40.40999984741211,40.40999984741211,39.89500045776367,39.89500045776367,207
2023-04-18,XMBR.MI,39.974998474121094,40.22999954223633,39.7599983215332,39.790000915527344,230
2023-04-19,XMBR.MI,39.29999923706055,39.375,38.34000015258789,38.525001525878906,417
2023-04-20,XMBR.MI,37.834999084472656,38.400001525878906,37.7599983215332,38.400001525878906,243
2023-04-21,XMBR.MI,38.310001373291016,38.310001373291016,37.7599983215332,37.7599983215332,309
2023-04-24,XMBR.MI,37.84000015258789,37.98500061035156,37.779998779296875,37.98500061035156,45
2023-04-25,XMBR.MI,37.7599983215332,37.775001525878906,37.65999984741211,37.65999984741211,426
2023-04-26,XMBR.MI,37.630001068115234,37.630001068115234,37.54999923706055,37.54999923706055,27
2023-04-27,XMBR.MI,37.584999084472656,37.85499954223633,37.584999084472656,37.85499954223633,233
2023-04-28,XMBR.MI,37.974998474121094,38.154998779296875,37.974998474121094,38.154998779296875,156
2023-05-02,XMBR.MI,38.540000915527344,38.540000915527344,37.1150016784668,37.1150016784668,5886
2023-05-03,XMBR.MI,37.2400016784668,37.2400016784668,37.1150016784668,37.21500015258789,200
2023-05-04,XMBR.MI,37.25,37.90999984741211,37.11000061035156,37.11000061035156,365
2023-05-05,XMBR.MI,37.90999984741211,38.224998474121094,37.90999984741211,38.224998474121094,235
2023-05-08,XMBR.MI,38.9900016784668,39.27000045776367,38.98500061035156,39.20500183105469,189
2023-05-09,XMBR.MI,38.775001525878906,39.65999984741211,38.72999954223633,39.65999984741211,27
2023-05-10,XMBR.MI,39.529998779296875,40.0,39.525001525878906,39.775001525878906,331
2023-05-11,XMBR.MI,39.974998474121094,40.029998779296875,39.70500183105469,39.974998474121094,1167
2023-05-12,XMBR.MI,40.5,40.96500015258789,40.369998931884766,40.96500015258789,75
2023-05-15,XMBR.MI,41.369998931884766,41.5,41.16999816894531,41.19499969482422,140
2023-05-16,XMBR.MI,41.474998474121094,41.86000061035156,41.064998626708984,41.39500045776367,46
2023-05-17,XMBR.MI,40.84000015258789,41.39500045776367,40.84000015258789,41.39500045776367,253
2023-05-18,XMBR.MI,41.1349983215332,41.31999969482422,41.07500076293945,41.290000915527344,679
2023-05-19,XMBR.MI,41.5,41.540000915527344,41.459999084472656,41.540000915527344,133
2023-05-22,XMBR.MI,41.58000183105469,41.75,41.57500076293945,41.70500183105469,1286
2023-05-23,XMBR.MI,42.0,42.005001068115234,42.0,42.005001068115234,12
2023-05-24,XMBR.MI,41.404998779296875,41.47999954223633,41.404998779296875,41.47999954223633,25
2023-05-25,XMBR.MI,41.505001068115234,41.9900016784668,41.44499969482422,41.44499969482422,226
2023-05-26,XMBR.MI,41.064998626708984,41.8849983215332,41.064998626708984,41.41999816894531,518
2023-05-29,XMBR.MI,41.85499954223633,41.85499954223633,41.59000015258789,41.59000015258789,100
2023-05-30,XMBR.MI,41.73500061035156,41.73500061035156,40.58000183105469,40.58000183105469,489
2023-05-31,XMBR.MI,40.630001068115234,40.630001068115234,40.28499984741211,40.28499984741211,64
2023-06-01,XMBR.MI,40.470001220703125,40.7599983215332,40.28499984741211,40.28499984741211,233
2023-06-02,XMBR.MI,41.5,42.59000015258789,41.5,42.59000015258789,89
2023-06-05,XMBR.MI,42.814998626708984,43.099998474121094,42.66999816894531,42.974998474121094,1082
2023-06-06,XMBR.MI,43.29999923706055,43.71500015258789,43.29999923706055,43.71500015258789,549
2023-06-07,XMBR.MI,43.8650016784668,44.29999923706055,43.84000015258789,44.29999923706055,545
2023-06-08,XMBR.MI,44.14500045776367,44.14500045776367,43.9900016784668,43.9900016784668,619
2023-06-09,XMBR.MI,44.29999923706055,45.1349983215332,44.29999923706055,45.040000915527344,359
2023-06-12,XMBR.MI,45.040000915527344,45.29999923706055,45.040000915527344,45.29999923706055,967
2023-06-13,XMBR.MI,45.20500183105469,45.349998474121094,45.130001068115234,45.2599983215332,356
2023-06-14,XMBR.MI,45.29999923706055,45.709999084472656,45.21500015258789,45.709999084472656,903
2023-06-15,XMBR.MI,46.095001220703125,46.189998626708984,45.75,46.005001068115234,169
2023-06-16,XMBR.MI,46.005001068115234,46.005001068115234,46.005001068115234,46.005001068115234,0
2023-06-19,XMBR.MI,45.400001525878906,46.290000915527344,45.314998626708984,46.290000915527344,24
2023-06-20,XMBR.MI,46.09000015258789,46.09000015258789,45.75,45.75,79
2023-06-21,XMBR.MI,46.0,46.369998931884766,45.970001220703125,46.34000015258789,1190
2023-06-22,XMBR.MI,46.18000030517578,46.18000030517578,45.625,45.625,417
2023-06-23,XMBR.MI,46.04999923706055,46.224998474121094,45.96500015258789,46.224998474121094,537
2023-06-26,XMBR.MI,45.88999938964844,46.150001525878906,45.650001525878906,45.650001525878906,46
2023-06-27,XMBR.MI,45.93000030517578,46.13999938964844,44.94499969482422,44.94499969482422,440
2023-06-28,XMBR.MI,45.16999816894531,45.16999816894531,44.79999923706055,44.95500183105469,367
2023-06-29,XMBR.MI,44.67499923706055,45.11000061035156,44.67499923706055,45.060001373291016,350
2023-06-30,XMBR.MI,45.44499969482422,45.93000030517578,45.44499969482422,45.54999923706055,448
2023-07-03,XMBR.MI,45.415000915527344,46.41999816894531,45.415000915527344,46.34000015258789,383
2023-07-04,XMBR.MI,46.165000915527344,46.165000915527344,45.84000015258789,45.92499923706055,111
2023-07-05,XMBR.MI,45.54999923706055,45.66999816894531,45.39500045776367,45.64500045776367,1556
2023-07-06,XMBR.MI,45.40999984741211,45.40999984741211,44.34000015258789,44.34000015258789,15
2023-07-07,XMBR.MI,43.91999816894531,45.0099983215332,43.91999816894531,45.0099983215332,110
2023-07-10,XMBR.MI,44.69499969482422,44.69499969482422,44.47999954223633,44.48500061035156,188
2023-07-11,XMBR.MI,44.005001068115234,44.099998474121094,43.875,43.875,537
2023-07-12,XMBR.MI,44.54499816894531,44.654998779296875,44.54499816894531,44.654998779296875,480
2023-07-13,XMBR.MI,44.5,44.71500015258789,44.5,44.71500015258789,25
2023-07-14,XMBR.MI,44.79999923706055,44.79999923706055,44.39500045776367,44.39500045776367,226
2023-07-17,XMBR.MI,44.150001525878906,44.150001525878906,43.65999984741211,43.65999984741211,126
2023-07-18,XMBR.MI,43.935001373291016,44.31999969482422,43.92499923706055,44.189998626708984,82
2023-07-19,XMBR.MI,44.189998626708984,44.189998626708984,43.959999084472656,43.959999084472656,361
2023-07-20,XMBR.MI,44.09000015258789,44.625,44.09000015258789,44.625,512
2023-07-21,XMBR.MI,45.84000015258789,45.8650016784668,45.790000915527344,45.8650016784668,1300
2023-07-24,XMBR.MI,45.849998474121094,46.92499923706055,45.70500183105469,46.92499923706055,1242
2023-07-25,XMBR.MI,47.459999084472656,47.459999084472656,47.064998626708984,47.064998626708984,13
2023-07-26,XMBR.MI,46.69499969482422,46.849998474121094,46.415000915527344,46.849998474121094,466
2023-07-27,XMBR.MI,47.41999816894531,47.5,47.19499969482422,47.19499969482422,295
2023-07-28,XMBR.MI,46.54499816894531,46.54499816894531,46.42499923706055,46.52000045776367,500
2023-07-31,XMBR.MI,46.349998474121094,47.14500045776367,46.349998474121094,47.14500045776367,181
2023-08-01,XMBR.MI,47.34000015258789,47.34000015258789,46.51499938964844,46.525001525878906,427
2023-08-02,XMBR.MI,46.025001525878906,46.42499923706055,45.73500061035156,46.220001220703125,570
2023-08-03,XMBR.MI,46.404998779296875,46.685001373291016,46.02000045776367,46.02000045776367,869
2023-08-04,XMBR.MI,45.19499969482422,45.689998626708984,45.02000045776367,45.689998626708984,855
2023-08-07,XMBR.MI,45.119998931884766,45.119998931884766,44.5,44.6349983215332,445
2023-08-08,XMBR.MI,44.125,44.6150016784668,44.125,44.6150016784668,8
2023-08-09,XMBR.MI,44.88999938964844,44.88999938964844,44.125,44.21500015258789,286
2023-08-10,XMBR.MI,44.21500015258789,44.21500015258789,44.21500015258789,44.21500015258789,0
2023-08-11,XMBR.MI,44.71500015258789,44.744998931884766,44.64500045776367,44.724998474121094,207
2023-08-14,XMBR.MI,44.025001525878906,44.025001525878906,43.73500061035156,43.73500061035156,272
2023-08-16,XMBR.MI,43.29999923706055,43.82500076293945,43.22999954223633,43.82500076293945,122
2023-08-17,XMBR.MI,43.82500076293945,43.82500076293945,43.82500076293945,43.82500076293945,0
2023-08-18,XMBR.MI,42.63999938964844,43.400001525878906,42.63999938964844,43.400001525878906,608
2023-08-21,XMBR.MI,43.400001525878906,43.400001525878906,43.400001525878906,43.400001525878906,0
2023-08-22,XMBR.MI,43.400001525878906,43.400001525878906,43.400001525878906,43.400001525878906,0
2023-08-23,XMBR.MI,44.18000030517578,44.994998931884766,44.18000030517578,44.994998931884766,101
2023-08-24,XMBR.MI,45.595001220703125,45.595001220703125,44.85499954223633,44.85499954223633,817
2023-08-25,XMBR.MI,44.650001525878906,44.71500015258789,44.650001525878906,44.71500015258789,15
2023-08-28,XMBR.MI,44.71500015258789,44.71500015258789,44.71500015258789,44.71500015258789,0
2023-08-29,XMBR.MI,45.05500030517578,45.59000015258789,45.05500030517578,45.52000045776367,398
2023-08-30,XMBR.MI,45.404998779296875,45.404998779296875,45.064998626708984,45.064998626708984,20
2023-08-31,XMBR.MI,44.63999938964844,44.63999938964844,44.14500045776367,44.32500076293945,213
2023-09-01,XMBR.MI,43.95000076293945,44.810001373291016,43.95000076293945,44.790000915527344,792
2023-09-04,XMBR.MI,44.959999084472656,45.31999969482422,44.959999084472656,45.31999969482422,100
2023-09-05,XMBR.MI,44.65999984741211,45.005001068115234,44.5,45.005001068115234,560
2023-09-06,XMBR.MI,44.53499984741211,44.689998626708984,44.53499984741211,44.56999969482422,280
2023-09-07,XMBR.MI,44.2599983215332,44.2599983215332,43.83000183105469,43.83000183105469,849
2023-09-08,XMBR.MI,43.6150016784668,44.02000045776367,43.6150016784668,43.959999084472656,785
2023-09-11,XMBR.MI,43.959999084472656,43.959999084472656,43.959999084472656,43.959999084472656,0
2023-09-12,XMBR.MI,44.78499984741211,45.35499954223633,44.78499984741211,45.314998626708984,1204
2023-09-13,XMBR.MI,44.97999954223633,46.0,44.97999954223633,46.0,510
2023-09-14,XMBR.MI,46.16999816894531,46.724998474121094,46.16999816894531,46.724998474121094,16
2023-09-15,XMBR.MI,47.08000183105469,47.08000183105469,46.7400016784668,46.7400016784668,390
2023-09-18,XMBR.MI,46.560001373291016,47.005001068115234,46.560001373291016,47.005001068115234,12
2023-09-19,XMBR.MI,46.435001373291016,46.459999084472656,46.42499923706055,46.42499923706055,121
2023-09-20,XMBR.MI,46.47999954223633,46.869998931884766,46.47999954223633,46.869998931884766,367
2023-09-21,XMBR.MI,46.23500061035156,46.23500061035156,45.43000030517578,45.43000030517578,26
2023-09-22,XMBR.MI,45.26499938964844,45.459999084472656,45.26499938964844,45.459999084472656,88
2023-09-25,XMBR.MI,44.959999084472656,45.064998626708984,44.90999984741211,45.064998626708984,201
2023-09-26,XMBR.MI,44.75,44.75,44.54499816894531,44.54499816894531,346
2023-09-27,XMBR.MI,44.28499984741211,44.48500061035156,44.224998474121094,44.224998474121094,472
2023-09-28,XMBR.MI,44.04999923706055,44.26499938964844,44.04999923706055,44.26499938964844,225
2023-09-29,XMBR.MI,45.005001068115234,45.060001373291016,44.849998474121094,45.029998779296875,48
2023-10-02,XMBR.MI,44.744998931884766,45.01499938964844,44.185001373291016,44.185001373291016,119
2023-10-03,XMBR.MI,44.209999084472656,44.209999084472656,43.380001068115234,43.51499938964844,162
2023-10-04,XMBR.MI,42.55500030517578,42.904998779296875,42.525001525878906,42.875,758
2023-10-05,XMBR.MI,42.689998626708984,42.84000015258789,42.2599983215332,42.2599983215332,264
2023-10-06,XMBR.MI,42.52000045776367,42.52000045776367,41.67499923706055,42.345001220703125,782
2023-10-09,XMBR.MI,42.665000915527344,42.724998474121094,42.665000915527344,42.724998474121094,313
2023-10-10,XMBR.MI,42.724998474121094,42.724998474121094,42.724998474121094,42.724998474121094,0
2023-10-11,XMBR.MI,44.81999969482422,44.81999969482422,44.290000915527344,44.290000915527344,879
2023-10-12,XMBR.MI,44.63999938964844,44.65999984741211,44.0099983215332,44.0099983215332,773
2023-10-13,XMBR.MI,44.53499984741211,44.95500183105469,44.529998779296875,44.685001373291016,899
2023-10-16,XMBR.MI,44.56999969482422,44.92499923706055,44.334999084472656,44.82500076293945,523
2023-10-17,XMBR.MI,44.709999084472656,44.900001525878906,44.31999969482422,44.900001525878906,218
2023-10-18,XMBR.MI,44.435001373291016,44.435001373291016,44.04999923706055,44.17499923706055,746
2023-10-19,XMBR.MI,43.755001068115234,44.15999984741211,43.755001068115234,44.15999984741211,254
2023-10-20,XMBR.MI,43.525001525878906,43.525001525878906,43.255001068115234,43.439998626708984,151
2023-10-23,XMBR.MI,42.994998931884766,43.71500015258789,42.994998931884766,43.71500015258789,324
2023-10-24,XMBR.MI,43.54499816894531,43.959999084472656,43.540000915527344,43.959999084472656,1109
2023-10-25,XMBR.MI,44.01499938964844,44.01499938964844,43.83000183105469,43.97999954223633,297
2023-10-26,XMBR.MI,43.404998779296875,44.130001068115234,43.404998779296875,44.130001068115234,23
2023-10-27,XMBR.MI,44.880001068115234,44.880001068115234,44.7400016784668,44.7599983215332,48
2023-10-30,XMBR.MI,44.7599983215332,44.7599983215332,44.7599983215332,44.7599983215332,0
2023-10-31,XMBR.MI,42.68000030517578,43.33000183105469,42.68000030517578,43.33000183105469,36
2023-11-01,XMBR.MI,43.40999984741211,44.35499954223633,43.40999984741211,44.2400016784668,18
2023-11-02,XMBR.MI,45.0,45.529998779296875,44.810001373291016,45.529998779296875,1161
2023-11-03,XMBR.MI,45.76499938964844,45.88999938964844,45.76499938964844,45.88999938964844,440
2023-11-06,XMBR.MI,46.130001068115234,46.130001068115234,45.845001220703125,45.845001220703125,236
2023-11-07,XMBR.MI,46.099998474121094,46.505001068115234,46.099998474121094,46.505001068115234,610
2023-11-08,XMBR.MI,46.470001220703125,46.650001525878906,46.279998779296875,46.279998779296875,505
2023-11-09,XMBR.MI,46.220001220703125,46.540000915527344,46.220001220703125,46.4900016784668,179
2023-11-10,XMBR.MI,45.79999923706055,46.73500061035156,45.79999923706055,46.73500061035156,383
2023-11-13,XMBR.MI,46.73500061035156,46.73500061035156,46.310001373291016,46.599998474121094,475
2023-11-14,XMBR.MI,47.5,47.57500076293945,47.439998626708984,47.439998626708984,154
2023-11-15,XMBR.MI,47.779998779296875,47.97999954223633,47.650001525878906,47.94499969482422,283
2023-11-16,XMBR.MI,47.494998931884766,47.494998931884766,47.290000915527344,47.290000915527344,4
2023-11-17,XMBR.MI,47.9900016784668,47.9900016784668,47.4900016784668,47.4900016784668,553
2023-11-20,XMBR.MI,47.92499923706055,47.92499923706055,47.790000915527344,47.790000915527344,508
2023-11-21,XMBR.MI,48.0,48.0,47.46500015258789,47.525001525878906,130
2023-11-22,XMBR.MI,47.75,48.02000045776367,47.75,48.02000045776367,333
2023-11-23,XMBR.MI,47.63999938964844,48.060001373291016,47.63999938964844,48.025001525878906,320
2023-11-24,XMBR.MI,47.7599983215332,47.7599983215332,47.55500030517578,47.599998474121094,319
2023-11-27,XMBR.MI,47.54499816894531,47.71500015258789,47.095001220703125,47.095001220703125,168
2023-11-28,XMBR.MI,47.279998779296875,47.935001373291016,47.279998779296875,47.935001373291016,485
2023-11-29,XMBR.MI,47.755001068115234,47.755001068115234,47.58000183105469,47.58000183105469,100
2023-11-30,XMBR.MI,47.42499923706055,47.654998779296875,47.42499923706055,47.630001068115234,233
2023-12-01,XMBR.MI,47.79499816894531,48.654998779296875,47.79499816894531,48.650001525878906,1406
2023-12-04,XMBR.MI,48.73500061035156,48.73500061035156,48.150001525878906,48.150001525878906,180
2023-12-05,XMBR.MI,48.150001525878906,48.150001525878906,48.150001525878906,48.150001525878906,0
2023-12-06,XMBR.MI,48.35499954223633,48.5,48.189998626708984,48.189998626708984,375
2023-12-07,XMBR.MI,47.82500076293945,47.875,47.82500076293945,47.875,52
2023-12-08,XMBR.MI,48.11000061035156,48.525001525878906,48.11000061035156,48.27000045776367,420
2023-12-11,XMBR.MI,48.314998626708984,48.314998626708984,48.10499954223633,48.29999923706055,312
2023-12-12,XMBR.MI,48.095001220703125,48.099998474121094,47.70000076293945,47.70000076293945,672
2023-12-13,XMBR.MI,47.505001068115234,47.650001525878906,47.48500061035156,47.650001525878906,200
2023-12-14,XMBR.MI,49.099998474121094,49.5,49.06999969482422,49.06999969482422,227
2023-12-15,XMBR.MI,49.61000061035156,49.650001525878906,48.95000076293945,49.0099983215332,745
2023-12-18,XMBR.MI,49.1349983215332,49.2400016784668,48.92499923706055,49.2400016784668,670
2023-12-19,XMBR.MI,49.65999984741211,50.08000183105469,49.65999984741211,49.9900016784668,1468
2023-12-20,XMBR.MI,50.41999816894531,50.41999816894531,49.814998626708984,49.86000061035156,118
2023-12-21,XMBR.MI,49.459999084472656,49.9900016784668,49.40999984741211,49.9900016784668,485
2023-12-22,XMBR.MI,49.57500076293945,50.22999954223633,49.57500076293945,50.22999954223633,190
2023-12-27,XMBR.MI,49.80500030517578,51.36000061035156,49.80500030517578,50.7400016784668,261
2023-12-28,XMBR.MI,50.77000045776367,50.939998626708984,50.459999084472656,50.7599983215332,259
2023-12-29,XMBR.MI,50.52000045776367,50.54999923706055,50.290000915527344,50.290000915527344,505
2024-01-02,XMBR.MI,50.869998931884766,50.869998931884766,50.18000030517578,50.2400016784668,324
2024-01-03,XMBR.MI,49.845001220703125,50.349998474121094,49.79999923706055,50.349998474121094,763
2024-01-04,XMBR.MI,50.349998474121094,50.349998474121094,49.8650016784668,49.8650016784668,456
2024-01-05,XMBR.MI,49.80500030517578,50.25,49.5,50.25,355
2024-01-08,XMBR.MI,50.189998626708984,50.189998626708984,50.0,50.130001068115234,1197
2024-01-09,XMBR.MI,50.279998779296875,50.279998779296875,49.755001068115234,49.86000061035156,263
2024-01-10,XMBR.MI,49.86000061035156,49.86000061035156,49.86000061035156,49.86000061035156,0
2024-01-11,XMBR.MI,49.54499816894531,49.65999984741211,49.375,49.375,610
2024-01-12,XMBR.MI,49.76499938964844,50.0099983215332,49.6349983215332,50.0099983215332,320
2024-01-15,XMBR.MI,49.904998779296875,49.904998779296875,49.56999969482422,49.775001525878906,70
2024-01-16,XMBR.MI,50.029998779296875,50.029998779296875,49.13999938964844,49.13999938964844,250
2024-01-17,XMBR.MI,48.935001373291016,48.935001373291016,48.790000915527344,48.790000915527344,178
2024-01-18,XMBR.MI,48.82500076293945,48.82500076293945,48.28499984741211,48.31999969482422,416
2024-01-19,XMBR.MI,48.28499984741211,48.435001373291016,47.92499923706055,47.98500061035156,702
2024-01-22,XMBR.MI,47.974998474121094,47.97999954223633,47.42499923706055,47.42499923706055,375
2024-01-23,XMBR.MI,47.220001220703125,47.86000061035156,47.220001220703125,47.86000061035156,100
2024-01-24,XMBR.MI,47.86000061035156,47.86000061035156,47.86000061035156,47.86000061035156,0
2024-01-25,XMBR.MI,48.34000015258789,48.79499816894531,48.34000015258789,48.79499816894531,219
2024-01-26,XMBR.MI,48.86000061035156,48.869998931884766,48.83000183105469,48.83000183105469,82
2024-01-29,XMBR.MI,49.290000915527344,49.369998931884766,48.755001068115234,48.76499938964844,905
2024-01-30,XMBR.MI,48.689998626708984,48.689998626708984,48.0,48.14500045776367,943
2024-01-31,XMBR.MI,48.38999938964844,48.97999954223633,48.209999084472656,48.904998779296875,835
2024-02-01,XMBR.MI,48.6349983215332,48.875,48.459999084472656,48.650001525878906,239
2024-02-02,XMBR.MI,48.935001373291016,49.11000061035156,48.099998474121094,48.099998474121094,146
2024-02-05,XMBR.MI,48.189998626708984,48.41999816894531,47.875,48.10499954223633,1242
2024-02-06,XMBR.MI,48.73500061035156,49.79999923706055,48.709999084472656,49.79999923706055,609
2024-02-07,XMBR.MI,49.97999954223633,49.97999954223633,49.380001068115234,49.380001068115234,1123
2024-02-08,XMBR.MI,49.369998931884766,49.375,48.650001525878906,48.665000915527344,1077
2024-02-09,XMBR.MI,48.650001525878906,48.65999984741211,48.540000915527344,48.540000915527344,306
2024-02-12,XMBR.MI,49.275001525878906,49.29999923706055,49.275001525878906,49.29999923706055,210
2024-02-13,XMBR.MI,49.29999923706055,49.29999923706055,48.005001068115234,48.05500030517578,861
2024-02-14,XMBR.MI,48.435001373291016,48.775001525878906,48.435001373291016,48.6349983215332,481
2024-02-15,XMBR.MI,48.845001220703125,48.845001220703125,48.369998931884766,48.45500183105469,97
2024-02-16,XMBR.MI,48.97999954223633,48.9900016784668,48.78499984741211,48.935001373291016,362
2024-02-19,XMBR.MI,49.26499938964844,49.26499938964844,48.915000915527344,49.08000183105469,624
2024-02-20,XMBR.MI,49.47999954223633,49.595001220703125,49.43000030517578,49.43000030517578,325
2024-02-21,XMBR.MI,49.915000915527344,49.915000915527344,49.70500183105469,49.70500183105469,156
2024-02-22,XMBR.MI,49.85499954223633,49.85499954223633,49.65999984741211,49.65999984741211,360
2024-02-23,XMBR.MI,49.540000915527344,49.54999923706055,48.81999969482422,48.81999969482422,327
2024-02-26,XMBR.MI,49.04499816894531,49.04499816894531,48.849998474121094,48.849998474121094,50
2024-02-27,XMBR.MI,49.0,49.939998626708984,49.0,49.915000915527344,519
2024-02-28,XMBR.MI,49.560001373291016,49.560001373291016,49.560001373291016,49.560001373291016,31
2024-02-29,XMBR.MI,48.9900016784668,49.04499816894531,48.75,48.75,574
2024-03-01,XMBR.MI,48.82500076293945,49.189998626708984,48.79499816894531,49.154998779296875,646
2024-03-04,XMBR.MI,48.650001525878906,48.685001373291016,48.650001525878906,48.685001373291016,160
2024-03-05,XMBR.MI,48.619998931884766,48.619998931884766,48.400001525878906,48.400001525878906,253
2024-03-06,XMBR.MI,48.51499938964844,48.51499938964844,48.47999954223633,48.47999954223633,2
2024-03-07,XMBR.MI,48.69499969482422,48.69499969482422,48.255001068115234,48.33000183105469,447
2024-03-08,XMBR.MI,47.849998474121094,47.849998474121094,46.845001220703125,47.099998474121094,1082
2024-03-11,XMBR.MI,47.060001373291016,47.17499923706055,47.025001525878906,47.025001525878906,337
2024-03-12,XMBR.MI,47.22999954223633,47.54999923706055,47.10499954223633,47.3849983215332,1118
2024-03-13,XMBR.MI,47.42499923706055,47.54999923706055,47.42499923706055,47.54999923706055,210
2024-03-14,XMBR.MI,47.599998474121094,47.63999938964844,47.54999923706055,47.595001220703125,226
2024-03-15,XMBR.MI,46.92499923706055,47.380001068115234,46.92499923706055,47.04999923706055,285
2024-03-18,XMBR.MI,47.01499938964844,47.01499938964844,46.79499816894531,46.82500076293945,22
2024-03-19,XMBR.MI,46.82500076293945,47.22999954223633,46.81999969482422,47.22999954223633,731
2024-03-20,XMBR.MI,47.2400016784668,47.48500061035156,47.2400016784668,47.48500061035156,81
2024-03-21,XMBR.MI,48.0,48.0099983215332,47.900001525878906,47.900001525878906,97
2024-03-22,XMBR.MI,47.459999084472656,47.8849983215332,47.459999084472656,47.54999923706055,96
2024-03-25,XMBR.MI,47.54999923706055,47.54999923706055,47.54999923706055,47.54999923706055,0
2024-03-26,XMBR.MI,47.540000915527344,47.540000915527344,47.47999954223633,47.47999954223633,28
2024-03-27,XMBR.MI,47.380001068115234,47.60499954223633,47.380001068115234,47.60499954223633,22
2024-03-28,XMBR.MI,47.60499954223633,47.959999084472656,47.60499954223633,47.959999084472656,624
2024-04-02,XMBR.MI,47.7400016784668,47.7400016784668,47.220001220703125,47.220001220703125,472
2024-04-03,XMBR.MI,47.10499954223633,47.10499954223633,46.64500045776367,46.64500045776367,377
2024-04-04,XMBR.MI,47.01499938964844,48.099998474121094,47.01499938964844,48.099998474121094,105
2024-04-05,XMBR.MI,47.19499969482422,47.19499969482422,46.77000045776367,46.77000045776367,50
2024-04-08,XMBR.MI,46.845001220703125,47.64500045776367,46.845001220703125,47.64500045776367,260
2024-04-09,XMBR.MI,47.72999954223633,48.25,47.72999954223633,48.25,286
2024-04-10,XMBR.MI,48.29999923706055,48.400001525878906,47.7599983215332,47.7599983215332,30
2024-04-11,XMBR.MI,47.7599983215332,47.7599983215332,47.7599983215332,47.7599983215332,0
2024-04-12,XMBR.MI,47.61000061035156,47.689998626708984,47.119998931884766,47.119998931884766,306
2024-04-15,XMBR.MI,46.974998474121094,47.119998931884766,46.540000915527344,46.540000915527344,432
2024-04-16,XMBR.MI,45.7599983215332,45.7599983215332,45.0,45.35499954223633,92
2024-04-17,XMBR.MI,45.0,45.505001068115234,44.79499816894531,45.39500045776367,851
2024-04-18,XMBR.MI,45.10499954223633,45.349998474121094,45.10499954223633,45.125,261
2024-04-19,XMBR.MI,45.04999923706055,45.96500015258789,44.67499923706055,45.96500015258789,361
2024-04-22,XMBR.MI,46.06999969482422,46.19499969482422,46.02000045776367,46.19499969482422,311
2024-04-23,XMBR.MI,46.19499969482422,46.19499969482422,46.19499969482422,46.19499969482422,0
2024-04-24,XMBR.MI,46.60499954223633,46.60499954223633,46.125,46.125,202
2024-04-25,XMBR.MI,46.529998779296875,46.529998779296875,45.904998779296875,45.904998779296875,170
2024-04-26,XMBR.MI,47.095001220703125,47.1349983215332,47.0,47.1349983215332,440
2024-04-29,XMBR.MI,47.185001373291016,47.244998931884766,47.1349983215332,47.244998931884766,446
2024-04-30,XMBR.MI,47.244998931884766,47.244998931884766,47.244998931884766,47.244998931884766,0
2024-05-02,XMBR.MI,46.92499923706055,47.54999923706055,46.92499923706055,47.54999923706055,298
2024-05-03,XMBR.MI,47.59000015258789,47.93000030517578,47.33000183105469,47.93000030517578,1582
2024-05-06,XMBR.MI,48.25,48.25,48.095001220703125,48.095001220703125,400
2024-05-07,XMBR.MI,48.095001220703125,48.46500015258789,47.939998626708984,48.46500015258789,512
2024-05-08,XMBR.MI,48.400001525878906,48.400001525878906,48.1349983215332,48.20000076293945,292
2024-05-09,XMBR.MI,48.35499954223633,48.35499954223633,46.91999816894531,46.91999816894531,2281
2024-05-10,XMBR.MI,47.45000076293945,47.45000076293945,47.029998779296875,47.029998779296875,377
2024-05-13,XMBR.MI,47.09000015258789,47.5,46.85499954223633,46.95000076293945,1955
2024-05-14,XMBR.MI,47.209999084472656,47.375,46.900001525878906,47.375,4880
2024-05-15,XMBR.MI,46.54999923706055,46.7599983215332,46.060001373291016,46.7599983215332,12749
2024-05-16,XMBR.MI,46.665000915527344,47.025001525878906,46.51499938964844,46.540000915527344,2058
2024-05-17,XMBR.MI,46.65999984741211,47.13999938964844,46.29999923706055,46.560001373291016,9447
2024-05-20,XMBR.MI,46.845001220703125,46.970001220703125,46.349998474121094,46.915000915527344,5086
2024-05-21,XMBR.MI,46.63999938964844,46.71500015258789,46.46500015258789,46.52000045776367,2425
2024-05-22,XMBR.MI,46.27000045776367,46.314998626708984,45.70000076293945,45.720001220703125,2851
2024-05-23,XMBR.MI,45.69499969482422,45.720001220703125,45.224998474121094,45.310001373291016,1983
2024-05-24,XMBR.MI,45.474998474121094,45.5,45.189998626708984,45.189998626708984,1763
2024-05-27,XMBR.MI,44.994998931884766,44.994998931884766,44.6349983215332,44.7599983215332,5774
2024-05-28,XMBR.MI,44.875,45.349998474121094,44.685001373291016,45.04999923706055,1032
2024-05-29,XMBR.MI,44.75,44.75,44.040000915527344,44.2599983215332,654
2024-05-30,XMBR.MI,44.0,44.404998779296875,43.96500015258789,44.314998626708984,1037
2024-05-31,XMBR.MI,44.025001525878906,44.1150016784668,43.459999084472656,43.63999938964844,971
2024-06-03,XMBR.MI,43.92499923706055,44.060001373291016,43.29999923706055,43.459999084472656,3288
2024-06-04,XMBR.MI,43.244998931884766,43.244998931884766,42.83000183105469,42.939998626708984,429
2024-06-05,XMBR.MI,43.07500076293945,43.165000915527344,42.95000076293945,43.165000915527344,423
2024-06-06,XMBR.MI,42.69499969482422,43.70500183105469,42.689998626708984,43.70500183105469,606
2024-06-07,XMBR.MI,43.6150016784668,43.64500045776367,43.25,43.41999816894531,1190
2024-06-10,XMBR.MI,42.5,42.814998626708984,42.29999923706055,42.61000061035156,636
2024-06-11,XMBR.MI,42.400001525878906,42.90999984741211,42.209999084472656,42.78499984741211,638
2024-06-12,XMBR.MI,42.685001373291016,42.810001373291016,41.29999923706055,41.494998931884766,2780
2024-06-13,XMBR.MI,41.650001525878906,41.869998931884766,41.380001068115234,41.869998931884766,1551
2024-06-14,XMBR.MI,41.89500045776367,42.47999954223633,41.810001373291016,42.31999969482422,272
2024-06-17,XMBR.MI,42.32500076293945,42.32500076293945,41.44499969482422,41.474998474121094,2074
2024-06-18,XMBR.MI,41.52000045776367,41.80500030517578,41.46500015258789,41.80500030517578,1843
2024-06-19,XMBR.MI,41.79999923706055,41.79999923706055,41.150001525878906,41.20000076293945,5682
2024-06-20,XMBR.MI,41.9900016784668,42.525001525878906,41.88999938964844,42.0099983215332,4622
2024-06-21,XMBR.MI,42.08000183105469,42.415000915527344,41.95000076293945,42.130001068115234,498
2024-06-24,XMBR.MI,42.3849983215332,43.060001373291016,42.28499984741211,42.875,39
2024-06-25,XMBR.MI,43.119998931884766,43.119998931884766,42.564998626708984,42.564998626708984,28
2024-06-26,XMBR.MI,42.845001220703125,42.845001220703125,41.93000030517578,42.02000045776367,1067
2024-06-27,XMBR.MI,42.375,42.59000015258789,42.310001373291016,42.310001373291016,384
2024-06-28,XMBR.MI,42.93000030517578,43.20000076293945,41.880001068115234,42.334999084472656,1284
2024-07-01,XMBR.MI,41.875,42.52000045776367,41.875,42.52000045776367,440
2024-07-02,XMBR.MI,41.70000076293945,41.91999816894531,41.61000061035156,41.61000061035156,289
2024-07-03,XMBR.MI,41.814998626708984,42.80500030517578,41.78499984741211,42.53499984741211,611
2024-07-04,XMBR.MI,42.77000045776367,43.14500045776367,42.77000045776367,43.14500045776367,1028
2024-07-05,XMBR.MI,43.26499938964844,43.290000915527344,42.849998474121094,43.060001373291016,1567
2024-07-08,XMBR.MI,43.310001373291016,43.310001373291016,42.91999816894531,43.09000015258789,800
2024-07-09,XMBR.MI,43.525001525878906,43.654998779296875,43.48500061035156,43.654998779296875,67
2024-07-10,XMBR.MI,44.5099983215332,44.5099983215332,44.06999969482422,44.06999969482422,35
2024-07-11,XMBR.MI,44.06999969482422,44.224998474121094,43.89500045776367,43.939998626708984,1253
2024-07-12,XMBR.MI,44.18000030517578,44.20000076293945,43.70000076293945,43.790000915527344,980
2024-07-15,XMBR.MI,44.095001220703125,44.095001220703125,43.84000015258789,44.060001373291016,195
2024-07-16,XMBR.MI,44.5099983215332,44.5099983215332,44.375,44.375,504
2024-07-17,XMBR.MI,44.10499954223633,44.10499954223633,43.709999084472656,43.904998779296875,2535
2024-07-18,XMBR.MI,44.08000183105469,44.08000183105469,43.125,43.125,128
2024-07-19,XMBR.MI,43.0,43.13999938964844,42.845001220703125,42.845001220703125,1879
2024-07-22,XMBR.MI,42.65999984741211,42.974998474121094,42.65999984741211,42.90999984741211,95
2024-07-23,XMBR.MI,42.96500015258789,43.005001068115234,42.64500045776367,42.685001373291016,188
2024-07-24,XMBR.MI,42.39500045776367,42.5,42.0,42.29999923706055,349
2024-07-25,XMBR.MI,41.70000076293945,41.91999816894531,41.61000061035156,41.91999816894531,285
2024-07-26,XMBR.MI,42.189998626708984,42.189998626708984,41.994998931884766,41.994998931884766,71
2024-07-29,XMBR.MI,42.20000076293945,42.35499954223633,42.025001525878906,42.025001525878906,231
2024-07-30,XMBR.MI,42.625,42.625,42.05500030517578,42.05500030517578,552
2024-07-31,XMBR.MI,42.68000030517578,42.68000030517578,42.01499938964844,42.314998626708984,3506
2024-08-01,XMBR.MI,42.41999816894531,42.92499923706055,42.27000045776367,42.46500015258789,13013
2024-08-02,XMBR.MI,41.5,41.51499938964844,40.810001373291016,40.810001373291016,2900
2024-08-05,XMBR.MI,40.0,40.08000183105469,39.0,40.08000183105469,2964
2024-08-06,XMBR.MI,41.064998626708984,41.334999084472656,41.064998626708984,41.290000915527344,4
2024-08-07,XMBR.MI,42.125,42.4900016784668,42.125,42.20500183105469,2452
2024-08-08,XMBR.MI,42.32500076293945,42.904998779296875,42.04499816894531,42.79499816894531,1984
2024-08-09,XMBR.MI,43.0,43.939998626708984,43.0,43.86000061035156,2484
2024-08-12,XMBR.MI,44.310001373291016,44.70000076293945,44.150001525878906,44.380001068115234,883
2024-08-13,XMBR.MI,44.95500183105469,44.95500183105469,44.584999084472656,44.709999084472656,1405
2024-08-14,XMBR.MI,45.14500045776367,45.14500045776367,44.7599983215332,45.119998931884766,1120
2024-08-16,XMBR.MI,45.26499938964844,45.540000915527344,45.13999938964844,45.41999816894531,687
2024-08-19,XMBR.MI,45.9900016784668,45.9900016784668,45.9900016784668,45.9900016784668,6
2024-08-20,XMBR.MI,46.060001373291016,46.06999969482422,45.42499923706055,45.42499923706055,2259
2024-08-21,XMBR.MI,45.32500076293945,45.78499984741211,45.32500076293945,45.5099983215332,1271
2024-08-22,XMBR.MI,45.415000915527344,45.46500015258789,44.32500076293945,44.32500076293945,1471
2024-08-23,XMBR.MI,44.5,44.939998626708984,44.36000061035156,44.939998626708984,2718
2024-08-26,XMBR.MI,44.775001525878906,45.189998626708984,44.775001525878906,45.189998626708984,2161
2024-08-27,XMBR.MI,45.459999084472656,45.459999084472656,45.33000183105469,45.33000183105469,1900
2024-08-28,XMBR.MI,45.41999816894531,45.41999816894531,45.07500076293945,45.07500076293945,66
2024-08-29,XMBR.MI,45.349998474121094,45.6150016784668,44.35499954223633,44.369998931884766,5263
2024-08-30,XMBR.MI,44.775001525878906,44.849998474121094,43.73500061035156,44.30500030517578,979
2024-09-02,XMBR.MI,44.29499816894531,44.44499969482422,44.19499969482422,44.19499969482422,1302
2024-09-03,XMBR.MI,44.04499816894531,44.19499969482422,43.875,44.06999969482422,91
2024-09-04,XMBR.MI,43.88999938964844,44.33000183105469,43.70500183105469,44.33000183105469,1688
2024-09-05,XMBR.MI,44.09000015258789,44.26499938964844,43.97999954223633,44.20000076293945,277
2024-09-06,XMBR.MI,44.279998779296875,44.83000183105469,43.69499969482422,43.69499969482422,899
2024-09-09,XMBR.MI,44.095001220703125,44.11000061035156,43.89500045776367,43.89500045776367,612
2024-09-10,XMBR.MI,43.900001525878906,44.060001373291016,43.45000076293945,43.45000076293945,1106
2024-09-11,XMBR.MI,43.435001373291016,43.47999954223633,43.36000061035156,43.47999954223633,641
2024-09-12,XMBR.MI,43.90999984741211,43.90999984741211,43.380001068115234,43.380001068115234,902
2024-09-13,XMBR.MI,43.75,44.61000061035156,43.720001220703125,44.51499938964844,1379
2024-09-16,XMBR.MI,44.29499816894531,44.685001373291016,44.03499984741211,44.56999969482422,689
2024-09-17,XMBR.MI,44.80500030517578,44.80500030517578,44.474998474121094,44.560001373291016,5473
2024-09-18,XMBR.MI,44.68000030517578,44.689998626708984,44.474998474121094,44.48500061035156,877
2024-09-19,XMBR.MI,45.09000015258789,45.275001525878906,44.810001373291016,44.810001373291016,759
2024-09-20,XMBR.MI,44.15999984741211,44.15999984741211,43.560001373291016,43.58000183105469,860
2024-09-23,XMBR.MI,43.505001068115234,43.505001068115234,42.84000015258789,43.1150016784668,8125
2024-09-24,XMBR.MI,43.63999938964844,43.88999938964844,43.61000061035156,43.849998474121094,70
2024-09-25,XMBR.MI,43.849998474121094,44.040000915527344,43.60499954223633,43.619998931884766,2266
2024-09-26,XMBR.MI,44.334999084472656,44.415000915527344,43.845001220703125,43.900001525878906,1045
2024-09-27,XMBR.MI,44.13999938964844,44.13999938964844,43.83000183105469,44.06999969482422,1252
2024-09-30,XMBR.MI,44.1150016784668,44.25,43.79999923706055,44.005001068115234,601
2024-10-01,XMBR.MI,43.814998626708984,44.28499984741211,43.709999084472656,44.28499984741211,2235
2024-10-02,XMBR.MI,44.439998626708984,44.94499969482422,44.435001373291016,44.564998626708984,512
2024-10-03,XMBR.MI,44.25,44.25,43.415000915527344,43.439998626708984,3245
2024-10-04,XMBR.MI,43.94499969482422,44.099998474121094,43.75,43.8849983215332,222
2024-10-07,XMBR.MI,44.275001525878906,44.55500030517578,43.869998931884766,43.869998931884766,1875
2024-10-08,XMBR.MI,43.45500183105469,43.709999084472656,43.34000015258789,43.709999084472656,2152
2024-10-09,XMBR.MI,43.665000915527344,43.665000915527344,42.790000915527344,42.90999984741211,1293
2024-10-10,XMBR.MI,43.03499984741211,43.03499984741211,42.70000076293945,42.935001373291016,1968
2024-10-11,XMBR.MI,42.95000076293945,43.224998474121094,42.46500015258789,42.60499954223633,5406
2024-10-14,XMBR.MI,42.755001068115234,43.18000030517578,42.57500076293945,43.18000030517578,3127
2024-10-15,XMBR.MI,43.42499923706055,43.625,43.18000030517578,43.31999969482422,407
2024-10-16,XMBR.MI,43.03499984741211,43.380001068115234,42.900001525878906,43.279998779296875,551
2024-10-17,XMBR.MI,43.28499984741211,43.28499984741211,42.92499923706055,43.189998626708984,135
2024-10-18,XMBR.MI,43.709999084472656,43.75,42.93000030517578,42.935001373291016,669
2024-10-21,XMBR.MI,43.0,43.01499938964844,42.79999923706055,42.959999084472656,5107
2024-10-22,XMBR.MI,43.0,43.0,42.724998474121094,42.724998474121094,120
2024-10-23,XMBR.MI,43.185001373291016,43.185001373291016,42.779998779296875,43.0,1261
2024-10-24,XMBR.MI,43.400001525878906,43.400001525878906,42.96500015258789,42.974998474121094,626
2024-10-25,XMBR.MI,43.26499938964844,43.26499938964844,42.994998931884766,43.099998474121094,3345
2024-10-28,XMBR.MI,43.22999954223633,43.630001068115234,42.98500061035156,43.564998626708984,3126
2024-10-29,XMBR.MI,43.974998474121094,44.03499984741211,43.5099983215332,43.5099983215332,3547
2024-10-30,XMBR.MI,43.150001525878906,43.20000076293945,42.810001373291016,42.810001373291016,3713
2024-10-31,XMBR.MI,42.68000030517578,42.68000030517578,42.435001373291016,42.435001373291016,9688
2024-11-01,XMBR.MI,42.44499969482422,42.44499969482422,41.720001220703125,41.845001220703125,1563
2024-11-04,XMBR.MI,41.40999984741211,42.27000045776367,41.40999984741211,42.27000045776367,1124
2024-11-05,XMBR.MI,42.29999923706055,42.349998474121094,41.71500015258789,41.71500015258789,4233
2024-11-06,XMBR.MI,42.279998779296875,43.150001525878906,42.1150016784668,43.06999969482422,10327
2024-11-07,XMBR.MI,43.6150016784668,43.64500045776367,43.244998931884766,43.244998931884766,2040
2024-11-08,XMBR.MI,43.15999984741211,43.15999984741211,42.25,42.40999984741211,5624
2024-11-11,XMBR.MI,42.974998474121094,42.974998474121094,42.54999923706055,42.900001525878906,6801
2024-11-12,XMBR.MI,43.0,43.36000061035156,42.77000045776367,43.275001525878906,6844
2024-11-13,XMBR.MI,43.47999954223633,43.47999954223633,42.88999938964844,42.88999938964844,2023
2024-11-14,XMBR.MI,43.06999969482422,43.20000076293945,42.83000183105469,42.83000183105469,11319
2024-11-15,XMBR.MI,42.994998931884766,43.19499969482422,42.994998931884766,43.19499969482422,2266
2024-11-18,XMBR.MI,42.959999084472656,42.9900016784668,42.60499954223633,42.73500061035156,567
2024-11-19,XMBR.MI,42.630001068115234,42.70000076293945,42.5,42.70000076293945,1548
2024-11-20,XMBR.MI,42.65999984741211,42.75,42.65999984741211,42.75,1636
2024-11-21,XMBR.MI,42.66999816894531,42.83000183105469,42.084999084472656,42.084999084472656,7228
2024-11-22,XMBR.MI,42.255001068115234,43.44499969482422,42.255001068115234,43.44499969482422,2526
2024-11-25,XMBR.MI,43.29499816894531,43.619998931884766,43.255001068115234,43.255001068115234,2104
2024-11-26,XMBR.MI,43.13999938964844,43.584999084472656,42.8650016784668,43.584999084472656,6901
2024-11-27,XMBR.MI,43.22999954223633,43.33000183105469,42.689998626708984,42.689998626708984,2793
2024-11-28,XMBR.MI,42.15999984741211,42.15999984741211,40.70500183105469,40.775001525878906,5208
2024-11-29,XMBR.MI,40.36000061035156,40.41999816894531,39.3849983215332,40.2400016784668,10169
2024-12-02,XMBR.MI,40.42499923706055,40.584999084472656,39.61000061035156,39.84000015258789,4992
2024-12-03,XMBR.MI,40.0,40.0,39.48500061035156,39.775001525878906,2398
2024-12-04,XMBR.MI,40.04499816894531,40.20500183105469,39.77000045776367,40.16999816894531,536
2024-12-05,XMBR.MI,40.060001373291016,40.8650016784668,40.060001373291016,40.755001068115234,1989
2024-12-06,XMBR.MI,40.494998931884766,40.505001068115234,39.7400016784668,39.79499816894531,4276
2024-12-09,XMBR.MI,39.69499969482422,40.09000015258789,39.69499969482422,39.994998931884766,1447
2024-12-10,XMBR.MI,39.86000061035156,40.75,39.86000061035156,40.494998931884766,8347
2024-12-11,XMBR.MI,40.6349983215332,40.849998474121094,40.6349983215332,40.790000915527344,7
2024-12-12,XMBR.MI,41.8650016784668,42.18000030517578,40.755001068115234,40.755001068115234,15464
2024-12-13,XMBR.MI,40.7599983215332,40.790000915527344,39.970001220703125,39.970001220703125,1357
2024-12-16,XMBR.MI,40.19499969482422,40.19499969482422,39.59000015258789,39.77000045776367,560
2024-12-17,XMBR.MI,39.0,39.20000076293945,38.7400016784668,39.20000076293945,2385
2024-12-18,XMBR.MI,39.46500015258789,39.525001525878906,38.244998931884766,38.244998931884766,2566
2024-12-19,XMBR.MI,37.724998474121094,38.31999969482422,37.400001525878906,38.31999969482422,4800
2024-12-20,XMBR.MI,38.185001373291016,38.5099983215332,38.0,38.28499984741211,768
2024-12-23,XMBR.MI,38.61000061035156,38.61000061035156,37.71500015258789,37.83000183105469,1529
2024-12-27,XMBR.MI,37.310001373291016,37.599998474121094,37.310001373291016,37.435001373291016,2654
2024-12-30,XMBR.MI,37.3849983215332,37.77000045776367,37.27000045776367,37.53499984741211,2742
2025-01-02,XMBR.MI,37.904998779296875,38.630001068115234,37.46500015258789,38.630001068115234,4412
2025-01-03,XMBR.MI,38.5,38.5,37.900001525878906,37.95000076293945,1867
2025-01-06,XMBR.MI,37.91999816894531,38.42499923706055,37.67499923706055,38.29999923706055,4111
2025-01-07,XMBR.MI,38.334999084472656,38.915000915527344,38.2400016784668,38.904998779296875,1606
2025-01-08,XMBR.MI,38.8849983215332,38.95000076293945,38.404998779296875,38.56999969482422,1469
2025-01-09,XMBR.MI,38.349998474121094,38.834999084472656,38.349998474121094,38.834999084472656,587
2025-01-10,XMBR.MI,38.97999954223633,39.08000183105469,38.400001525878906,38.400001525878906,1596
2025-01-13,XMBR.MI,38.494998931884766,38.88999938964844,38.349998474121094,38.849998474121094,2684
2025-01-14,XMBR.MI,39.060001373291016,39.060001373291016,38.709999084472656,38.709999084472656,3222
2025-01-15,XMBR.MI,38.939998626708984,39.38999938964844,38.665000915527344,39.38999938964844,2667
2025-01-16,XMBR.MI,40.005001068115234,40.17499923706055,39.349998474121094,39.349998474121094,5904
2025-01-17,XMBR.MI,39.31999969482422,39.880001068115234,39.31999969482422,39.880001068115234,1121
2025-01-20,XMBR.MI,39.744998931884766,39.744998931884766,39.415000915527344,39.61000061035156,728
2025-01-21,XMBR.MI,39.724998474121094,39.78499984741211,39.60499954223633,39.60499954223633,303
2025-01-22,XMBR.MI,39.650001525878906,40.439998626708984,39.63999938964844,40.38999938964844,1376
2025-01-23,XMBR.MI,40.2400016784668,40.529998779296875,40.154998779296875,40.529998779296875,726
2025-01-24,XMBR.MI,40.54499816894531,40.54499816894531,40.130001068115234,40.279998779296875,2496
2025-01-27,XMBR.MI,39.60499954223633,40.279998779296875,39.220001220703125,40.279998779296875,983
2025-01-28,XMBR.MI,40.685001373291016,41.125,40.685001373291016,40.97999954223633,702
2025-01-29,XMBR.MI,41.275001525878906,41.599998474121094,41.150001525878906,41.154998779296875,425
2025-01-30,XMBR.MI,40.9900016784668,42.029998779296875,40.9900016784668,42.029998779296875,569
2025-01-31,XMBR.MI,42.52000045776367,42.66999816894531,42.27000045776367,42.66999816894531,200
2025-02-03,XMBR.MI,42.290000915527344,42.82500076293945,41.775001525878906,42.82500076293945,646
2025-02-04,XMBR.MI,42.7599983215332,42.98500061035156,42.45500183105469,42.709999084472656,1730
2025-02-05,XMBR.MI,42.35499954223633,42.435001373291016,42.084999084472656,42.255001068115234,353
2025-02-06,XMBR.MI,42.380001068115234,42.775001525878906,42.380001068115234,42.775001525878906,185
2025-02-07,XMBR.MI,42.97999954223633,43.150001525878906,42.689998626708984,42.689998626708984,683
2025-02-10,XMBR.MI,42.665000915527344,43.20000076293945,42.47999954223633,43.20000076293945,1675
2025-02-11,XMBR.MI,42.92499923706055,43.48500061035156,42.79999923706055,43.244998931884766,6501
2025-02-12,XMBR.MI,43.439998626708984,43.439998626708984,42.349998474121094,42.349998474121094,806
2025-02-13,XMBR.MI,42.38999938964844,42.38999938964844,42.0099983215332,42.099998474121094,1955
2025-02-14,XMBR.MI,42.30500030517578,42.974998474121094,42.20000076293945,42.974998474121094,434
2025-02-17,XMBR.MI,43.66999816894531,43.95500183105469,43.39500045776367,43.95500183105469,2368
2025-02-18,XMBR.MI,43.744998931884766,44.0,43.5,43.94499969482422,3646
2025-02-19,XMBR.MI,43.96500015258789,44.10499954223633,43.380001068115234,43.69499969482422,1092
2025-02-20,XMBR.MI,43.650001525878906,43.650001525878906,43.345001220703125,43.345001220703125,1698
2025-02-21,XMBR.MI,43.20000076293945,43.20000076293945,42.560001373291016,42.560001373291016,4318
2025-02-24,XMBR.MI,42.2599983215332,42.6150016784668,42.189998626708984,42.310001373291016,2111
2025-02-25,XMBR.MI,41.599998474121094,41.79499816894531,41.29999923706055,41.67499923706055,5792
2025-02-26,XMBR.MI,42.0,42.19499969482422,41.43000030517578,41.54999923706055,15912
2025-02-27,XMBR.MI,41.05500030517578,41.2599983215332,40.84000015258789,41.185001373291016,18396
2025-02-28,XMBR.MI,40.849998474121094,40.849998474121094,40.630001068115234,40.630001068115234,266
2025-03-03,XMBR.MI,40.56999969482422,40.56999969482422,40.43000030517578,40.43000030517578,2283
2025-03-04,XMBR.MI,39.560001373291016,39.68000030517578,38.79499816894531,38.79499816894531,2453
2025-03-05,XMBR.MI,39.345001220703125,39.345001220703125,38.915000915527344,39.17499923706055,8654
2025-03-06,XMBR.MI,39.19499969482422,39.439998626708984,39.095001220703125,39.43000030517578,2660
2025-03-07,XMBR.MI,39.46500015258789,39.470001220703125,39.04999923706055,39.31999969482422,9916
2025-03-10,XMBR.MI,39.42499923706055,39.43000030517578,39.125,39.125,373
2025-03-11,XMBR.MI,39.064998626708984,39.13999938964844,38.2400016784668,38.40999984741211,163
2025-03-12,XMBR.MI,38.880001068115234,38.880001068115234,38.650001525878906,38.75,952
2025-03-13,XMBR.MI,39.01499938964844,39.584999084472656,39.01499938964844,39.584999084472656,510
2025-03-14,XMBR.MI,39.970001220703125,41.04999923706055,39.630001068115234,41.04999923706055,2852
2025-03-17,XMBR.MI,41.05500030517578,41.970001220703125,41.05500030517578,41.970001220703125,4928
2025-03-18,XMBR.MI,42.125,42.125,41.935001373291016,42.060001373291016,531
2025-03-19,XMBR.MI,42.349998474121094,42.78499984741211,42.099998474121094,42.78499984741211,344
2025-03-20,XMBR.MI,42.939998626708984,43.04999923706055,42.375,42.41999816894531,2358
2025-03-21,XMBR.MI,42.375,42.375,42.09000015258789,42.20500183105469,3243
2025-03-24,XMBR.MI,42.75,42.75,42.060001373291016,42.38999938964844,3508
2025-03-25,XMBR.MI,41.900001525878906,42.90999984741211,41.900001525878906,42.82500076293945,3401
2025-03-26,XMBR.MI,42.5,42.5,42.209999084472656,42.209999084472656,240
2025-03-27,XMBR.MI,42.185001373291016,42.525001525878906,42.185001373291016,42.525001525878906,634
2025-03-28,XMBR.MI,42.220001220703125,42.275001525878906,41.29999923706055,41.29999923706055,3084
2025-03-31,XMBR.MI,41.17499923706055,41.17499923706055,41.0099983215332,41.154998779296875,1206
2025-04-01,XMBR.MI,41.459999084472656,42.040000915527344,41.28499984741211,42.040000915527344,426
2025-04-02,XMBR.MI,41.775001525878906,41.875,41.45000076293945,41.5099983215332,2383
2025-04-03,XMBR.MI,40.8650016784668,41.33000183105469,40.52000045776367,41.33000183105469,386
2025-04-04,XMBR.MI,40.689998626708984,40.91999816894531,38.404998779296875,38.59000015258789,1918
2025-04-07,XMBR.MI,36.29499816894531,38.0099983215332,36.290000915527344,37.619998931884766,1922
2025-04-08,XMBR.MI,38.40999984741211,38.790000915527344,38.0,38.02000045776367,1292
2025-04-09,XMBR.MI,37.1150016784668,37.1150016784668,36.0,36.29999923706055,620
2025-04-10,XMBR.MI,39.619998931884766,39.619998931884766,37.23500061035156,37.23500061035156,220
2025-04-11,XMBR.MI,37.57500076293945,37.59000015258789,36.78499984741211,37.025001525878906,3087
2025-04-14,XMBR.MI,38.040000915527344,38.39500045776367,37.75,37.92499923706055,2425
2025-04-15,XMBR.MI,38.18000030517578,38.45000076293945,38.1150016784668,38.1349983215332,905
2025-04-16,XMBR.MI,37.70000076293945,37.904998779296875,37.529998779296875,37.904998779296875,58
2025-04-17,XMBR.MI,37.63999938964844,38.130001068115234,37.61000061035156,38.130001068115234,333
2025-04-22,XMBR.MI,38.52000045776367,38.744998931884766,38.005001068115234,38.744998931884766,2213
2025-04-23,XMBR.MI,39.79499816894531,40.435001373291016,39.7599983215332,40.310001373291016,5983
2025-04-24,XMBR.MI,40.18000030517578,40.560001373291016,40.13999938964844,40.525001525878906,3672
2025-04-25,XMBR.MI,40.80500030517578,40.880001068115234,40.70500183105469,40.70500183105469,722
2025-04-28,XMBR.MI,40.98500061035156,41.099998474121094,40.91999816894531,40.91999816894531,79
2025-04-29,XMBR.MI,41.314998626708984,41.58000183105469,41.30500030517578,41.58000183105469,35
2025-04-30,XMBR.MI,41.599998474121094,41.599998474121094,40.915000915527344,41.08000183105469,60
2025-05-02,XMBR.MI,41.619998931884766,41.619998931884766,41.279998779296875,41.314998626708984,3102
2025-05-05,XMBR.MI,41.369998931884766,41.459999084472656,41.05500030517578,41.05500030517578,285
2025-05-06,XMBR.MI,40.55500030517578,40.70500183105469,40.505001068115234,40.6150016784668,864
2025-05-07,XMBR.MI,40.51499938964844,40.595001220703125,40.275001525878906,40.275001525878906,1160
2025-05-08,XMBR.MI,40.81999969482422,42.23500061035156,40.81999969482422,42.23500061035156,184
2025-05-09,XMBR.MI,42.349998474121094,42.4900016784668,42.349998474121094,42.380001068115234,614
2025-05-12,XMBR.MI,43.32500076293945,43.834999084472656,42.72999954223633,42.72999954223633,570
2025-05-13,XMBR.MI,42.89500045776367,43.744998931884766,42.89500045776367,43.744998931884766,443
2025-05-14,XMBR.MI,43.45000076293945,43.779998779296875,43.400001525878906,43.779998779296875,295
2025-05-15,XMBR.MI,43.400001525878906,43.560001373291016,43.2400016784668,43.540000915527344,153
2025-05-16,XMBR.MI,43.1349983215332,43.2400016784668,42.650001525878906,43.2400016784668,570
2025-05-19,XMBR.MI,43.10499954223633,43.45500183105469,42.869998931884766,43.45500183105469,150
2025-05-20,XMBR.MI,43.42499923706055,43.4900016784668,43.06999969482422,43.084999084472656,291
2025-05-21,XMBR.MI,42.935001373291016,42.98500061035156,42.435001373291016,42.435001373291016,2843
2025-05-22,XMBR.MI,42.13999938964844,42.744998931884766,42.02000045776367,42.744998931884766,157
2025-05-23,XMBR.MI,41.35499954223633,41.775001525878906,40.79499816894531,41.709999084472656,15466
2025-05-26,XMBR.MI,42.23500061035156,42.2400016784668,41.91999816894531,42.05500030517578,790
2025-05-27,XMBR.MI,42.25,42.625,42.05500030517578,42.5099983215332,6436
2025-05-28,XMBR.MI,42.41999816894531,42.41999816894531,42.255001068115234,42.255001068115234,65
2025-05-29,XMBR.MI,42.85499954223633,42.8849983215332,42.119998931884766,42.119998931884766,720
2025-05-30,XMBR.MI,42.06999969482422,42.20500183105469,41.209999084472656,41.40999984741211,2710
2025-06-02,XMBR.MI,41.0,41.60499954223633,40.974998474121094,41.36000061035156,8066
2025-06-03,XMBR.MI,41.70500183105469,41.70500183105469,41.60499954223633,41.60499954223633,500
2025-06-04,XMBR.MI,41.83000183105469,42.150001525878906,41.70000076293945,41.70000076293945,1466
2025-06-05,XMBR.MI,41.650001525878906,41.814998626708984,41.61000061035156,41.814998626708984,2387
2025-06-06,XMBR.MI,41.814998626708984,41.935001373291016,41.720001220703125,41.80500030517578,458
2025-06-09,XMBR.MI,42.005001068115234,42.224998474121094,41.334999084472656,41.650001525878906,415
2025-06-10,XMBR.MI,41.904998779296875,42.275001525878906,41.904998779296875,42.064998626708984,1280
2025-06-11,XMBR.MI,41.959999084472656,42.20500183105469,41.8650016784668,42.20500183105469,97
2025-06-12,XMBR.MI,42.46500015258789,42.46500015258789,41.625,41.8849983215332,96
2025-06-13,XMBR.MI,41.845001220703125,41.98500061035156,41.724998474121094,41.98500061035156,3191
2025-06-16,XMBR.MI,42.060001373291016,42.95500183105469,42.060001373291016,42.95500183105469,992
2025-06-17,XMBR.MI,42.70000076293945,43.17499923706055,42.70000076293945,42.90999984741211,1530
2025-06-18,XMBR.MI,43.119998931884766,43.119998931884766,42.86000061035156,42.915000915527344,157
2025-06-19,XMBR.MI,42.915000915527344,42.915000915527344,42.915000915527344,42.915000915527344,0
2025-06-20,XMBR.MI,43.150001525878906,43.16999816894531,42.42499923706055,42.42499923706055,335
2025-06-23,XMBR.MI,42.290000915527344,42.70000076293945,42.13999938964844,42.290000915527344,7276
2025-06-24,XMBR.MI,42.53499984741211,42.65999984741211,42.119998931884766,42.65999984741211,4220
2025-06-25,XMBR.MI,42.654998779296875,42.7599983215332,41.779998779296875,41.779998779296875,428
2025-06-26,XMBR.MI,41.69499969482422,42.119998931884766,41.69499969482422,42.119998931884766,508
2025-06-27,XMBR.MI,42.63999938964844,42.63999938964844,42.03499984741211,42.2400016784668,1053
2025-06-30,XMBR.MI,42.400001525878906,42.7599983215332,41.994998931884766,42.7599983215332,825
2025-07-01,XMBR.MI,43.07500076293945,43.165000915527344,42.92499923706055,42.92499923706055,2649
2025-07-02,XMBR.MI,43.07500076293945,43.29499816894531,42.89500045776367,43.130001068115234,4914
2025-07-03,XMBR.MI,43.15999984741211,43.78499984741211,43.130001068115234,43.78499984741211,1698
2025-07-04,XMBR.MI,43.6150016784668,43.85499954223633,43.6150016784668,43.79999923706055,5219
2025-07-07,XMBR.MI,43.77000045776367,43.875,43.14500045776367,43.14500045776367,771
2025-07-08,XMBR.MI,43.19499969482422,43.33000183105469,43.17499923706055,43.17499923706055,1414
2025-07-09,XMBR.MI,43.41999816894531,43.41999816894531,42.7400016784668,42.7400016784668,95
2025-07-10,XMBR.MI,41.380001068115234,41.814998626708984,40.900001525878906,41.6150016784668,2386
2025-07-11,XMBR.MI,41.654998779296875,41.65999984741211,41.25,41.25,1397
2025-07-14,XMBR.MI,41.36000061035156,41.654998779296875,41.13999938964844,41.21500015258789,517
2025-07-15,XMBR.MI,41.42499923706055,41.599998474121094,41.33000183105469,41.52000045776367,293
2025-07-16,XMBR.MI,41.470001220703125,41.470001220703125,41.20500183105469,41.20500183105469,136
2025-07-17,XMBR.MI,41.82500076293945,42.08000183105469,41.709999084472656,41.959999084472656,484
2025-07-18,XMBR.MI,42.125,42.13999938964844,41.39500045776367,41.39500045776367,664
2025-07-21,XMBR.MI,40.7599983215332,41.095001220703125,40.650001525878906,41.095001220703125,898
2025-07-22,XMBR.MI,40.915000915527344,41.0,40.915000915527344,40.93000030517578,1390
2025-07-23,XMBR.MI,40.915000915527344,41.1150016784668,40.630001068115234,41.1150016784668,1057
2025-07-24,XMBR.MI,41.21500015258789,41.310001373291016,40.68000030517578,40.68000030517578,908
2025-07-25,XMBR.MI,40.84000015258789,40.880001068115234,40.6150016784668,40.6150016784668,26
2025-07-28,XMBR.MI,40.82500076293945,40.82500076293945,40.30500030517578,40.44499969482422,5249
2025-07-29,XMBR.MI,40.630001068115234,40.939998626708984,40.435001373291016,40.85499954223633,497
2025-07-30,XMBR.MI,40.974998474121094,40.9900016784668,40.6349983215332,40.6349983215332,1160
2025-07-31,XMBR.MI,41.345001220703125,41.755001068115234,40.89500045776367,41.185001373291016,2394
2025-08-01,XMBR.MI,40.80500030517578,41.494998931884766,40.80500030517578,40.95000076293945,431
2025-08-04,XMBR.MI,40.9900016784668,41.20500183105469,40.880001068115234,41.084999084472656,583
2025-08-05,XMBR.MI,41.08000183105469,41.5,40.98500061035156,41.185001373291016,264
2025-08-06,XMBR.MI,41.30500030517578,41.70000076293945,41.30500030517578,41.70000076293945,66
2025-08-07,XMBR.MI,41.6150016784668,42.154998779296875,41.5,42.154998779296875,2516
2025-08-08,XMBR.MI,42.57500076293945,42.57500076293945,42.2400016784668,42.314998626708984,2180
2025-08-11,XMBR.MI,42.255001068115234,42.255001068115234,42.01499938964844,42.03499984741211,4400
2025-08-12,XMBR.MI,41.90999984741211,42.814998626708984,41.90999984741211,42.814998626708984,906
2025-08-13,XMBR.MI,42.81999969482422,42.875,42.5,42.57500076293945,365
2025-08-14,XMBR.MI,42.51499938964844,42.58000183105469,42.4900016784668,42.58000183105469,158
2025-08-18,XMBR.MI,42.459999084472656,42.970001220703125,42.459999084472656,42.970001220703125,491
2025-08-19,XMBR.MI,42.82500076293945,42.82500076293945,41.63999938964844,41.63999938964844,276
2025-08-20,XMBR.MI,41.599998474121094,41.90999984741211,41.54999923706055,41.90999984741211,1351
2025-08-21,XMBR.MI,41.60499954223633,41.970001220703125,41.59000015258789,41.8849983215332,2941
2025-08-22,XMBR.MI,42.23500061035156,42.95500183105469,42.23500061035156,42.904998779296875,823
2025-08-25,XMBR.MI,43.0,43.7400016784668,42.904998779296875,43.7400016784668,873
2025-08-26,XMBR.MI,43.625,43.625,43.099998474121094,43.099998474121094,370
2025-08-27,XMBR.MI,43.404998779296875,43.52000045776367,43.404998779296875,43.51499938964844,141
2025-08-28,XMBR.MI,43.935001373291016,44.75,43.935001373291016,44.70500183105469,1067
2025-08-29,XMBR.MI,44.32500076293945,44.5,44.32500076293945,44.459999084472656,930
2025-09-01,XMBR.MI,44.185001373291016,44.3650016784668,44.10499954223633,44.20500183105469,281
2025-09-02,XMBR.MI,44.06999969482422,44.185001373291016,43.47999954223633,43.95500183105469,6984
2025-09-03,XMBR.MI,43.994998931884766,44.060001373291016,43.845001220703125,43.845001220703125,57
2025-09-04,XMBR.MI,43.9900016784668,43.9900016784668,43.79999923706055,43.91999816894531,345
2025-09-05,XMBR.MI,44.1349983215332,45.0,43.91999816894531,44.334999084472656,3005
2025-09-08,XMBR.MI,44.60499954223633,44.70000076293945,44.16999816894531,44.16999816894531,914
2025-09-09,XMBR.MI,44.2400016784668,44.525001525878906,44.2400016784668,44.525001525878906,500
2025-09-10,XMBR.MI,44.619998931884766,45.005001068115234,44.52000045776367,44.94499969482422,1147
2025-09-11,XMBR.MI,45.27000045776367,45.5,44.89500045776367,45.369998931884766,1525
2025-09-12,XMBR.MI,45.04999923706055,45.34000015258789,44.935001373291016,45.34000015258789,4028
2025-09-15,XMBR.MI,45.310001373291016,45.7599983215332,45.29999923706055,45.7599983215332,1475
2025-09-16,XMBR.MI,45.65999984741211,45.72999954223633,45.45500183105469,45.45500183105469,954
2025-09-17,XMBR.MI,45.790000915527344,45.95000076293945,45.52000045776367,45.88999938964844,1960
2025-09-18,XMBR.MI,46.31999969482422,46.40999984741211,46.15999984741211,46.20000076293945,3464
2025-09-19,XMBR.MI,46.380001068115234,46.38999938964844,46.25,46.345001220703125,4850
2025-09-22,XMBR.MI,46.28499984741211,46.28499984741211,45.7599983215332,45.7599983215332,3676
2025-09-23,XMBR.MI,45.97999954223633,46.82500076293945,45.97999954223633,46.82500076293945,2090
2025-09-24,XMBR.MI,46.75,47.029998779296875,46.7400016784668,46.7400016784668,1472
2025-09-25,XMBR.MI,46.744998931884766,46.96500015258789,46.56999969482422,46.56999969482422,22217
2025-09-26,XMBR.MI,46.33000183105469,46.34000015258789,46.26499938964844,46.26499938964844,1368
2025-09-29,XMBR.MI,46.33000183105469,46.845001220703125,46.33000183105469,46.66999816894531,14474
2025-09-30,XMBR.MI,46.69499969482422,47.01499938964844,46.29999923706055,46.29999923706055,10245
2025-10-01,XMBR.MI,46.349998474121094,46.720001220703125,46.02000045776367,46.02000045776367,8769
2025-10-02,XMBR.MI,46.2400016784668,46.2400016784668,45.244998931884766,45.244998931884766,5331
2025-10-03,XMBR.MI,45.66999816894531,45.66999816894531,45.275001525878906,45.29999923706055,1512
2025-10-06,XMBR.MI,45.68000030517578,45.97999954223633,45.56999969482422,45.56999969482422,2966
2025-10-07,XMBR.MI,45.68000030517578,45.7599983215332,44.970001220703125,45.095001220703125,2786
2025-10-08,XMBR.MI,44.959999084472656,45.40999984741211,44.959999084472656,45.40999984741211,1141
2025-10-09,XMBR.MI,45.44499969482422,45.94499969482422,45.38999938964844,45.564998626708984,2645
2025-10-10,XMBR.MI,45.060001373291016,45.40999984741211,43.98500061035156,43.98500061035156,3710
2025-10-13,XMBR.MI,44.220001220703125,44.689998626708984,44.220001220703125,44.67499923706055,3359
2025-10-14,XMBR.MI,43.98500061035156,44.404998779296875,43.79999923706055,44.34000015258789,8980
2025-10-15,XMBR.MI,44.45500183105469,44.810001373291016,44.244998931884766,44.810001373291016,1599
2025-10-16,XMBR.MI,44.689998626708984,44.720001220703125,44.19499969482422,44.63999938964844,12767
2025-10-17,XMBR.MI,43.599998474121094,44.60499954223633,43.349998474121094,44.60499954223633,4422
2025-10-20,XMBR.MI,45.189998626708984,45.78499984741211,44.959999084472656,45.78499984741211,2805
2025-10-21,XMBR.MI,45.599998474121094,45.779998779296875,45.43000030517578,45.779998779296875,1788
2025-10-22,XMBR.MI,45.654998779296875,45.81999969482422,45.560001373291016,45.63999938964844,3587
2025-10-23,XMBR.MI,46.165000915527344,46.220001220703125,45.9900016784668,46.09000015258789,3529
2025-10-27,XMBR.MI,46.77000045776367,46.810001373291016,46.619998931884766,46.70000076293945,358
2025-10-28,XMBR.MI,46.435001373291016,46.84000015258789,46.42499923706055,46.84000015258789,1153
2025-10-29,XMBR.MI,47.20500183105469,47.400001525878906,46.81999969482422,47.349998474121094,3928
2025-10-30,XMBR.MI,47.4900016784668,47.54499816894531,47.15999984741211,47.474998474121094,12790
2025-10-31,XMBR.MI,47.46500015258789,47.625,47.46500015258789,47.60499954223633,4890
2025-11-03,XMBR.MI,47.93000030517578,48.43000030517578,47.85499954223633,48.1349983215332,14606
2025-11-04,XMBR.MI,47.7599983215332,48.10499954223633,47.7400016784668,48.10499954223633,473
2025-11-05,XMBR.MI,48.005001068115234,49.025001525878906,48.005001068115234,49.025001525878906,4288
2025-11-06,XMBR.MI,49.20500183105469,49.45000076293945,48.974998474121094,49.02000045776367,4548
2025-11-07,XMBR.MI,49.14500045776367,49.17499923706055,48.345001220703125,48.59000015258789,2923
2025-11-10,XMBR.MI,49.71500015258789,49.779998779296875,49.40999984741211,49.775001525878906,3326
2025-11-11,XMBR.MI,49.994998931884766,50.959999084472656,49.79499816894531,50.7400016784668,4031
2025-11-12,XMBR.MI,51.20000076293945,51.290000915527344,50.22999954223633,50.22999954223633,945
2025-11-13,XMBR.MI,50.619998931884766,50.630001068115234,50.33000183105469,50.33000183105469,477
2025-11-14,XMBR.MI,49.915000915527344,50.65999984741211,49.915000915527344,50.65999984741211,555
2025-11-17,XMBR.MI,50.5,50.529998779296875,50.099998474121094,50.349998474121094,8673
2025-11-18,XMBR.MI,49.689998626708984,49.8849983215332,49.380001068115234,49.880001068115234,2600
2025-11-19,XMBR.MI,49.7400016784668,49.904998779296875,49.58000183105469,49.58000183105469,2038
2025-11-20,XMBR.MI,50.0099983215332,50.150001525878906,49.73500061035156,49.73500061035156,809
2025-11-21,XMBR.MI,49.05500030517578,49.154998779296875,48.369998931884766,48.77000045776367,8207
2025-11-24,XMBR.MI,49.21500015258789,49.35499954223633,49.04999923706055,49.32500076293945,2006
2025-11-25,XMBR.MI,49.29999923706055,49.64500045776367,48.994998931884766,49.290000915527344,670
2025-11-26,XMBR.MI,49.834999084472656,50.66999816894531,49.82500076293945,50.58000183105469,2918
2025-11-27,XMBR.MI,50.90999984741211,51.029998779296875,50.68000030517578,50.790000915527344,4728
2025-11-28,XMBR.MI,50.84000015258789,51.20000076293945,50.84000015258789,50.9900016784668,989
2025-12-01,XMBR.MI,50.79999923706055,51.0099983215332,50.52000045776367,50.84000015258789,9276
2025-12-02,XMBR.MI,50.65999984741211,51.439998626708984,50.65999984741211,51.310001373291016,4043
2025-12-03,XMBR.MI,51.59000015258789,51.849998474121094,51.59000015258789,51.68000030517578,966
2025-12-04,XMBR.MI,51.93000030517578,52.529998779296875,51.91999816894531,52.5099983215332,203
2025-12-05,XMBR.MI,52.65999984741211,52.689998626708984,50.63999938964844,50.81999969482422,9036
2025-12-08,XMBR.MI,49.380001068115234,50.2599983215332,49.380001068115234,49.834999084472656,6515
2025-12-09,XMBR.MI,49.79999923706055,49.81999969482422,48.45500183105469,49.56999969482422,17921
2025-12-10,XMBR.MI,49.97999954223633,50.119998931884766,49.209999084472656,49.209999084472656,1129
2025-12-11,XMBR.MI,49.029998779296875,49.83000183105469,49.029998779296875,49.79999923706055,994
2025-12-12,XMBR.MI,49.814998626708984,50.099998474121094,49.650001525878906,49.66999816894531,530
2025-12-15,XMBR.MI,50.2599983215332,50.75,50.2599983215332,50.66999816894531,2737
2025-12-16,XMBR.MI,50.29999923706055,50.38999938964844,48.994998931884766,49.04999923706055,6132
2025-12-17,XMBR.MI,48.65999984741211,48.790000915527344,47.7599983215332,47.78499984741211,5687
2025-12-18,XMBR.MI,48.224998474121094,48.58000183105469,47.875,48.40999984741211,1702
2025-12-19,XMBR.MI,48.66999816894531,48.974998474121094,48.400001525878906,48.92499923706055,1433
2025-12-22,XMBR.MI,48.7599983215332,48.77000045776367,47.8650016784668,47.970001220703125,4992
2025-12-23,XMBR.MI,47.95500183105469,48.97999954223633,47.95000076293945,48.83000183105469,431
2025-12-29,XMBR.MI,48.97999954223633,48.97999954223633,48.560001373291016,48.564998626708984,882
2025-12-30,XMBR.MI,48.880001068115234,49.77000045776367,48.880001068115234,49.77000045776367,1687
2026-01-02,XMBR.MI,49.90999984741211,50.400001525878906,49.90999984741211,50.02000045776367,1297
2026-01-05,XMBR.MI,50.45000076293945,50.790000915527344,50.279998779296875,50.790000915527344,1538
2026-01-06,XMBR.MI,51.029998779296875,52.099998474121094,51.02000045776367,52.029998779296875,4868
2026-01-07,XMBR.MI,51.84000015258789,51.84000015258789,51.040000915527344,51.189998626708984,942
2026-01-08,XMBR.MI,51.11000061035156,51.47999954223633,51.11000061035156,51.47999954223633,632
2026-01-09,XMBR.MI,51.58000183105469,52.279998779296875,51.58000183105469,52.130001068115234,7638
2026-01-12,XMBR.MI,51.75,51.7599983215332,51.209999084472656,51.56999969482422,2804
2026-01-13,XMBR.MI,51.58000183105469,51.58000183105469,50.970001220703125,50.970001220703125,1940
2026-01-14,XMBR.MI,51.290000915527344,51.689998626708984,50.709999084472656,51.59000015258789,14698
2026-01-15,XMBR.MI,52.11000061035156,52.45000076293945,52.06999969482422,52.45000076293945,6258
2026-01-16,XMBR.MI,52.59000015258789,52.709999084472656,52.040000915527344,52.16999816894531,1672
2026-01-19,XMBR.MI,51.91999816894531,52.380001068115234,51.689998626708984,52.290000915527344,7880
2026-01-20,XMBR.MI,51.709999084472656,52.5099983215332,51.0,52.5099983215332,3001
2026-01-21,XMBR.MI,52.58000183105469,54.040000915527344,52.5,54.02000045776367,2558
2026-01-22,XMBR.MI,54.720001220703125,56.13999938964844,54.61000061035156,56.13999938964844,10053
2026-01-23,XMBR.MI,56.0,56.4900016784668,55.970001220703125,56.40999984741211,5791
2026-01-26,XMBR.MI,56.58000183105469,57.099998474121094,56.150001525878906,56.310001373291016,8127
2026-01-27,XMBR.MI,56.459999084472656,57.709999084472656,56.459999084472656,57.709999084472656,7845
2026-01-28,XMBR.MI,58.11000061035156,58.65999984741211,57.959999084472656,58.31999969482422,5483
2026-01-29,XMBR.MI,59.06999969482422,59.560001373291016,57.439998626708984,57.88999938964844,7982
2026-01-30,XMBR.MI,57.810001373291016,58.150001525878906,57.619998931884766,57.849998474121094,6591
2026-02-02,XMBR.MI,56.5,58.02000045776367,56.459999084472656,58.02000045776367,6715
2026-02-03,XMBR.MI,58.04999923706055,59.77000045776367,58.04999923706055,59.279998779296875,2945
2026-02-04,XMBR.MI,59.20000076293945,59.34000015258789,57.529998779296875,57.54999923706055,2037
2026-02-05,XMBR.MI,57.79999923706055,57.79999923706055,56.9900016784668,57.52000045776367,3443
2026-02-06,XMBR.MI,57.29999923706055,58.16999816894531,57.29999923706055,57.810001373291016,5513
2026-02-09,XMBR.MI,58.18000030517578,58.59000015258789,57.91999816894531,58.59000015258789,2391
2026-02-10,XMBR.MI,58.939998626708984,59.40999984741211,58.5,58.959999084472656,9435
2026-02-11,XMBR.MI,59.2599983215332,60.58000183105469,59.11000061035156,60.45000076293945,7705
2026-02-12,XMBR.MI,60.54999923706055,60.66999816894531,59.5,59.599998474121094,8576
2026-02-13,XMBR.MI,59.45000076293945,59.45000076293945,57.810001373291016,58.290000915527344,10474
2026-02-16,XMBR.MI,58.9900016784668,59.11000061035156,58.810001373291016,58.900001525878906,8373
2026-02-17,XMBR.MI,58.939998626708984,58.939998626708984,57.779998779296875,58.369998931884766,17059
2026-02-18,XMBR.MI,59.0099983215332,59.58000183105469,58.709999084472656,59.15999984741211,6938
2026-02-19,XMBR.MI,59.290000915527344,59.959999084472656,58.880001068115234,59.849998474121094,7172
2026-02-20,XMBR.MI,60.08000183105469,60.349998474121094,59.599998474121094,60.209999084472656,2697
2026-02-23,XMBR.MI,61.029998779296875,61.27000045776367,60.189998626708984,60.369998931884766,7984
2026-02-24,XMBR.MI,60.38999938964844,61.16999816894531,60.31999969482422,61.130001068115234,7415
2026-02-25,XMBR.MI,61.45000076293945,62.18000030517578,60.84000015258789,61.20000076293945,11418
2026-02-26,XMBR.MI,61.18000030517578,61.18000030517578,60.11000061035156,60.41999816894531,3563
2026-02-27,XMBR.MI,60.40999984741211,60.470001220703125,59.91999816894531,60.189998626708984,7946
2026-03-02,XMBR.MI,59.63999938964844,59.95000076293945,59.150001525878906,59.88999938964844,16308
2026-03-03,XMBR.MI,59.93000030517578,59.93000030517578,56.470001220703125,57.7400016784668,20280
2026-03-04,XMBR.MI,57.41999816894531,59.189998626708984,57.16999816894531,58.68000030517578,3161
2026-03-05,XMBR.MI,58.65999984741211,58.849998474121094,57.439998626708984,57.470001220703125,8051
2026-03-09,XMBR.MI,56.40999984741211,57.63999938964844,56.099998474121094,57.400001525878906,4461
2026-03-10,XMBR.MI,58.41999816894531,59.349998474121094,57.959999084472656,59.150001525878906,2224
2026-03-11,XMBR.MI,59.22999954223633,59.529998779296875,58.790000915527344,59.22999954223633,20546
2026-03-12,XMBR.MI,59.290000915527344,59.439998626708984,57.5,57.70000076293945,1626
2026-03-13,XMBR.MI,57.25,58.2400016784668,57.15999984741211,57.15999984741211,3713
2026-03-16,XMBR.MI,57.459999084472656,58.189998626708984,56.959999084472656,57.650001525878906,1696
2026-03-17,XMBR.MI,58.119998931884766,58.97999954223633,58.04999923706055,58.66999816894531,1141
2026-03-18,XMBR.MI,58.72999954223633,58.810001373291016,57.959999084472656,58.43000030517578,4142
2026-03-19,XMBR.MI,57.56999969482422,57.619998931884766,56.279998779296875,57.36000061035156,18261
2026-03-20,XMBR.MI,57.84000015258789,57.84000015258789,55.900001525878906,56.040000915527344,5073
2026-03-23,XMBR.MI,55.439998626708984,58.36000061035156,54.88999938964844,58.0099983215332,8519
2026-03-24,XMBR.MI,58.189998626708984,58.189998626708984,57.61000061035156,57.97999954223633,3669
2026-03-25,XMBR.MI,58.779998779296875,59.209999084472656,58.77000045776367,59.20000076293945,6568
2026-03-26,XMBR.MI,58.970001220703125,58.970001220703125,58.63999938964844,58.709999084472656,3006
2026-03-27,XMBR.MI,58.5,58.70000076293945,58.09000015258789,58.459999084472656,9467
2026-03-30,XMBR.MI,58.650001525878906,59.41999816894531,58.38999938964844,59.189998626708984,2537
2026-03-31,XMBR.MI,58.810001373291016,60.0,58.810001373291016,59.56999969482422,2181
2026-04-01,XMBR.MI,61.0,61.310001373291016,60.40999984741211,60.810001373291016,3563
2026-04-02,XMBR.MI,60.2400016784668,61.150001525878906,59.939998626708984,61.150001525878906,2071
2026-04-07,XMBR.MI,60.720001220703125,61.349998474121094,60.119998931884766,60.279998779296875,999
2026-04-08,XMBR.MI,62.36000061035156,62.939998626708984,61.70000076293945,61.869998931884766,6375
2026-04-09,XMBR.MI,62.0,63.029998779296875,61.900001525878906,62.91999816894531,5970
2026-04-10,XMBR.MI,63.29999923706055,64.37000274658203,63.29999923706055,64.16000366210938,2850
2026-04-13,XMBR.MI,64.37000274658203,64.41000366210938,64.0,64.02999877929688,2990
2026-04-14,XMBR.MI,64.6500015258789,65.13999938964844,64.61000061035156,64.83999633789062,2935
2026-04-15,XMBR.MI,64.69999694824219,64.9800033569336,64.3499984741211,64.3499984741211,2764
2026-04-16,XMBR.MI,64.66999816894531,64.77999877929688,64.05999755859375,64.23999786376953,1012
2026-04-17,XMBR.MI,64.54000091552734,65.16999816894531,63.79999923706055,63.970001220703125,2997
2026-04-20,XMBR.MI,64.04000091552734,64.19999694824219,63.900001525878906,64.16000366210938,3084
2026-04-21,XMBR.MI,64.69000244140625,64.83000183105469,64.27999877929688,64.29000091552734,7226
2026-04-22,XMBR.MI,64.41999816894531,64.55000305175781,63.65999984741211,63.65999984741211,8589
2026-04-23,XMBR.MI,63.400001525878906,63.77000045776367,63.38999938964844,63.720001220703125,2303
2026-04-24,XMBR.MI,62.709999084472656,62.81999969482422,62.0,62.22999954223633,3490
2026-04-27,XMBR.MI,62.54999923706055,62.79999923706055,62.459999084472656,62.54999923706055,1920
2026-04-28,XMBR.MI,62.45000076293945,62.58000183105469,61.540000915527344,61.81999969482422,2994
2026-04-29,XMBR.MI,62.15999984741211,62.27000045776367,61.2400016784668,61.2400016784668,1757
2026-04-30,XMBR.MI,60.58000183105469,61.5099983215332,60.58000183105469,61.5099983215332,2130
2026-05-04,XMBR.MI,61.63999938964844,62.150001525878906,61.439998626708984,61.630001068115234,14952
2026-05-05,XMBR.MI,61.59000015258789,62.279998779296875,61.4900016784668,62.2400016784668,10814
2026-05-06,XMBR.MI,62.41999816894531,62.779998779296875,61.61000061035156,62.040000915527344,8368
2026-05-07,XMBR.MI,62.119998931884766,62.119998931884766,60.540000915527344,60.63999938964844,2815
2026-05-08,XMBR.MI,60.68000030517578,61.29999923706055,60.459999084472656,61.209999084472656,1718
2026-05-11,XMBR.MI,60.959999084472656,60.959999084472656,60.040000915527344,60.040000915527344,2801
2026-05-12,XMBR.MI,60.0,60.029998779296875,59.45000076293945,59.45000076293945,6738
2026-05-13,XMBR.MI,59.7400016784668,60.02000045776367,58.779998779296875,59.47999954223633,2052
2026-05-14,XMBR.MI,57.66999816894531,58.52000045776367,57.11000061035156,58.52000045776367,6494
2026-05-15,XMBR.MI,57.86000061035156,57.95000076293945,56.650001525878906,56.849998474121094,8829
2026-05-18,XMBR.MI,57.099998474121094,57.45000076293945,57.04999923706055,57.43000030517578,2496
2026-05-19,XMBR.MI,57.83000183105469,57.869998931884766,56.349998474121094,56.56999969482422,8261
2026-05-20,XMBR.MI,56.81999969482422,57.93000030517578,56.81999969482422,57.810001373291016,2402
2026-05-21,XMBR.MI,57.75,58.08000183105469,57.58000183105469,58.040000915527344,4138
2026-05-22,XMBR.MI,58.27000045776367,58.380001068115234,57.650001525878906,57.650001525878906,1289
2026-05-25,XMBR.MI,57.630001068115234,58.2400016784668,57.560001373291016,57.72999954223633,9542
2026-05-26,XMBR.MI,57.77000045776367,57.91999816894531,57.13999938964844,57.13999938964844,7091
2026-05-27,XMBR.MI,57.189998626708984,57.7400016784668,57.040000915527344,57.38999938964844,6154
2026-05-28,XMBR.MI,56.970001220703125,57.15999984741211,56.52000045776367,56.9900016784668,3045
2026-05-29,XMBR.MI,56.72999954223633,56.90999984741211,55.95000076293945,56.02000045776367,3248
2026-06-01,XMBR.MI,56.56999969482422,56.81999969482422,56.18000030517578,56.439998626708984,1277
2026-06-02,XMBR.MI,56.0,56.529998779296875,56.0,56.529998779296875,725
2026-06-03,XMBR.MI,56.439998626708984,56.439998626708984,55.0099983215332,55.0099983215332,879
2026-06-04,XMBR.MI,54.900001525878906,54.97999954223633,54.56999969482422,54.650001525878906,1524
2026-06-05,XMBR.MI,54.5,54.880001068115234,54.310001373291016,54.41999816894531,2700
2026-06-08,XMBR.MI,53.970001220703125,54.36000061035156,53.439998626708984,53.54999923706055,8392
2026-06-09,XMBR.MI,53.65999984741211,54.0,53.529998779296875,53.630001068115234,1767
2026-06-10,XMBR.MI,53.810001373291016,53.86000061035156,53.29999923706055,53.72999954223633,12494
2026-06-11,XMBR.MI,53.75,54.11000061035156,53.720001220703125,54.09000015258789,4172
2026-06-12,XMBR.MI,55.150001525878906,55.65999984741211,54.66999816894531,55.59000015258789,8293
2026-06-15,XMBR.MI,56.119998931884766,56.40999984741211,55.810001373291016,55.939998626708984,13632
2026-06-16,XMBR.MI,55.38999938964844,55.4900016784668,54.65999984741211,54.79999923706055,3768
2026-06-17,XMBR.MI,55.0099983215332,55.90999984741211,54.83000183105469,55.90999984741211,4995
2026-06-18,XMBR.MI,55.43000030517578,55.43000030517578,54.4900016784668,54.59000015258789,7065
2026-06-19,XMBR.MI,54.59000015258789,54.77000045776367,54.290000915527344,54.66999816894531,16112
2026-06-22,XMBR.MI,54.63999938964844,55.63999938964844,54.59000015258789,55.63999938964844,29853
2026-06-23,XMBR.MI,54.849998474121094,55.439998626708984,54.66999816894531,55.439998626708984,29227
2026-06-24,XMBR.MI,55.529998779296875,55.61000061035156,54.97999954223633,55.130001068115234,2597
2026-06-25,XMBR.MI,55.38999938964844,55.81999969482422,55.16999816894531,55.77000045776367,5876
2026-06-26,XMBR.MI,55.470001220703125,56.290000915527344,55.220001220703125,56.290000915527344,4784
2026-06-29,XMBR.MI,56.630001068115234,56.650001525878906,55.79999923706055,55.79999923706055,9576
2026-06-30,XMBR.MI,56.0,56.220001220703125,55.47999954223633,55.58000183105469,2126
2026-07-01,XMBR.MI,55.63999938964844,55.880001068115234,55.20000076293945,55.79999923706055,5485
2026-07-02,XMBR.MI,55.4900016784668,56.439998626708984,55.459999084472656,55.66999816894531,13891
2026-07-03,XMBR.MI,55.97999954223633,56.52000045776367,55.91999816894531,56.5,4144
2026-07-06,XMBR.MI,56.599998474121094,56.619998931884766,55.900001525878906,56.06999969482422,4319
2026-07-07,XMBR.MI,56.45000076293945,56.88999938964844,56.13999938964844,56.13999938964844,464
2026-07-08,XMBR.MI,56.18000030517578,56.18000030517578,55.52000045776367,55.790000915527344,9695
2026-07-09,XMBR.MI,55.84000015258789,56.43000030517578,55.630001068115234,56.369998931884766,401
2026-07-10,XMBR.MI,56.72999954223633,57.97999954223633,56.68000030517578,57.79999923706055,6934
2026-07-13,XMBR.MI,57.90999984741211,58.15999984741211,57.810001373291016,57.939998626708984,2791
2026-07-14,XMBR.MI,57.599998474121094,58.459999084472656,57.59000015258789,58.25,2218
2026-07-15,XMBR.MI,58.599998474121094,58.65999984741211,58.02000045776367,58.13999938964844,2437
2026-07-16,XMBR.MI,57.650001525878906,57.66999816894531,57.310001373291016,57.66999816894531,500
2026-07-17,XMBR.MI,56.91999816894531,57.2400016784668,56.65999984741211,57.220001220703125,295
2026-07-20,XMBR.MI,57.220001220703125,57.65999984741211,57.099998474121094,57.65999984741211,7184
2026-07-21,XMBR.MI,57.83000183105469,57.959999084472656,57.470001220703125,57.560001373291016,3476
2026-07-22,XMBR.MI,58.040000915527344,58.97999954223633,58.040000915527344,58.79999923706055,1313
2026-07-23,XMBR.MI,59.13999938964844,59.52000045776367,58.959999084472656,59.11000061035156,1331
2026-07-24,XMBR.MI,59.060001373291016,59.060001373291016,58.560001373291016,58.810001373291016,1674
2026-07-27,XMBR.MI,58.900001525878906,58.900001525878906,58.349998474121094,58.459999084472656,12845
2026-07-28,XMBR.MI,58.29999923706055,59.189998626708984,58.20000076293945,58.709999084472656,4262
