Date,Ticker,Open,High,Low,Close,Volume
2018-01-02,XSMI.MI,83.05999755859375,83.37999725341797,82.94000244140625,83.22000122070312,1048
2018-01-03,XSMI.MI,83.55000305175781,83.95999908447266,83.16999816894531,83.95999908447266,3559
2018-01-04,XSMI.MI,83.7699966430664,84.08000183105469,83.7300033569336,84.08000183105469,4667
2018-01-05,XSMI.MI,83.38999938964844,84.58000183105469,83.38999938964844,84.58000183105469,1057
2018-01-08,XSMI.MI,84.7699966430664,84.86000061035156,84.62999725341797,84.75,403
2018-01-09,XSMI.MI,84.88999938964844,85.18000030517578,84.8499984741211,85.18000030517578,9339
2018-01-10,XSMI.MI,85.11000061035156,85.11000061035156,84.33000183105469,84.45999908447266,9826
2018-01-11,XSMI.MI,84.58000183105469,84.58000183105469,83.80000305175781,84.0,1083
2018-01-12,XSMI.MI,84.12000274658203,84.12000274658203,83.87000274658203,83.9800033569336,3038
2018-01-15,XSMI.MI,83.80000305175781,84.0,83.80000305175781,83.86000061035156,6813
2018-01-16,XSMI.MI,84.0,84.05999755859375,83.47000122070312,83.47000122070312,2007
2018-01-17,XSMI.MI,83.25,83.62999725341797,83.16000366210938,83.3499984741211,4801
2018-01-18,XSMI.MI,83.69999694824219,83.7699966430664,83.41000366210938,83.68000030517578,6073
2018-01-19,XSMI.MI,83.8499984741211,83.98999786376953,83.62999725341797,83.91000366210938,8004
2018-01-22,XSMI.MI,83.7699966430664,83.87999725341797,83.63999938964844,83.87999725341797,2060
2018-01-23,XSMI.MI,83.5999984741211,84.48999786376953,83.58000183105469,84.1500015258789,28133
2018-01-24,XSMI.MI,84.9000015258789,85.0,84.72000122070312,84.72000122070312,1285
2018-01-25,XSMI.MI,84.56999969482422,84.5999984741211,84.2300033569336,84.2300033569336,346
2018-01-26,XSMI.MI,84.91000366210938,85.08000183105469,84.79000091552734,85.01000213623047,4122
2018-01-29,XSMI.MI,84.94999694824219,85.13999938964844,84.61000061035156,84.69000244140625,2733
2018-01-30,XSMI.MI,84.80000305175781,84.87000274658203,83.95999908447266,84.38999938964844,7718
2018-01-31,XSMI.MI,84.31999969482422,84.31999969482422,83.66000366210938,83.66000366210938,1123
2018-02-01,XSMI.MI,83.91000366210938,84.23999786376953,83.08000183105469,83.29000091552734,2960
2018-02-02,XSMI.MI,82.94000244140625,82.94000244140625,82.4800033569336,82.5199966430664,4983
2018-02-05,XSMI.MI,81.02999877929688,81.83999633789062,81.02999877929688,81.11000061035156,3904
2018-02-06,XSMI.MI,81.0,81.0,79.1500015258789,79.1500015258789,2443
2018-02-07,XSMI.MI,79.7699966430664,80.5,79.7699966430664,80.5,778
2018-02-08,XSMI.MI,80.58000183105469,80.58000183105469,79.2699966430664,79.2699966430664,1151
2018-02-09,XSMI.MI,78.91999816894531,79.3499984741211,78.2699966430664,78.2699966430664,5719
2018-02-12,XSMI.MI,79.69000244140625,79.69000244140625,79.31999969482422,79.51000213623047,1535
2018-02-13,XSMI.MI,79.16000366210938,79.37999725341797,78.75,78.75,1894
2018-02-14,XSMI.MI,79.37000274658203,79.98999786376953,79.2300033569336,79.98999786376953,13591
2018-02-15,XSMI.MI,80.0199966430664,80.19000244140625,80.01000213623047,80.19000244140625,779
2018-02-16,XSMI.MI,80.66000366210938,80.87000274658203,80.5,80.87000274658203,6645
2018-02-19,XSMI.MI,80.75,80.75,80.0199966430664,80.0199966430664,856
2018-02-20,XSMI.MI,80.22000122070312,80.52999877929688,79.94999694824219,80.52999877929688,1730
2018-02-21,XSMI.MI,80.01000213623047,80.58000183105469,79.88999938964844,80.58000183105469,387
2018-02-22,XSMI.MI,80.08000183105469,80.58000183105469,80.05999755859375,80.58000183105469,1449
2018-02-23,XSMI.MI,80.23999786376953,80.69999694824219,80.13999938964844,80.62999725341797,340
2018-02-26,XSMI.MI,80.80000305175781,81.06999969482422,80.5999984741211,81.06999969482422,946
2018-02-27,XSMI.MI,80.83999633789062,81.02999877929688,80.48999786376953,81.02999877929688,14073
2018-02-28,XSMI.MI,80.45999908447266,80.5999984741211,80.05999755859375,80.05999755859375,1611
2018-03-01,XSMI.MI,79.31999969482422,79.5199966430664,78.8499984741211,78.8499984741211,18228
2018-03-02,XSMI.MI,78.5999984741211,78.5999984741211,77.30000305175781,77.43000030517578,11236
2018-03-05,XSMI.MI,77.98999786376953,78.76000213623047,77.98999786376953,78.76000213623047,4144
2018-03-06,XSMI.MI,79.06999969482422,79.08000183105469,78.43000030517578,78.43000030517578,3294
2018-03-07,XSMI.MI,78.12000274658203,78.22000122070312,77.69999694824219,78.22000122070312,4892
2018-03-08,XSMI.MI,77.7300033569336,79.08999633789062,77.7300033569336,79.08999633789062,349
2018-03-09,XSMI.MI,79.12000274658203,79.4800033569336,79.12000274658203,79.4000015258789,384
2018-03-12,XSMI.MI,79.26000213623047,79.97000122070312,79.26000213623047,79.91000366210938,387
2018-03-13,XSMI.MI,79.9800033569336,80.06999969482422,78.87999725341797,79.0199966430664,884
2018-03-14,XSMI.MI,79.47000122070312,79.47000122070312,78.9000015258789,78.91999816894531,780
2018-03-15,XSMI.MI,79.38999938964844,79.38999938964844,78.81999969482422,79.3499984741211,1961
2018-03-16,XSMI.MI,79.37000274658203,79.5199966430664,79.12999725341797,79.33000183105469,558
2018-03-19,XSMI.MI,78.81999969482422,79.0199966430664,78.47000122070312,78.47000122070312,714
2018-03-20,XSMI.MI,78.29000091552734,79.0,78.29000091552734,79.0,7672
2018-03-21,XSMI.MI,78.91999816894531,79.11000061035156,78.3499984741211,78.58000183105469,1893
2018-03-22,XSMI.MI,78.0,78.31999969482422,77.23999786376953,77.26000213623047,9352
2018-03-23,XSMI.MI,77.0,77.1500015258789,76.47000122070312,76.61000061035156,3136
2018-03-26,XSMI.MI,77.12000274658203,77.20999908447266,75.69000244140625,75.87000274658203,1324
2018-03-27,XSMI.MI,76.94000244140625,76.94000244140625,76.88999938964844,76.9000015258789,609
2018-03-28,XSMI.MI,76.0,77.83000183105469,75.98999786376953,77.83000183105469,1580
2018-03-29,XSMI.MI,77.93000030517578,77.93000030517578,77.5,77.83999633789062,691
2018-04-03,XSMI.MI,77.6500015258789,77.6500015258789,76.81999969482422,76.81999969482422,3215
2018-04-04,XSMI.MI,76.6500015258789,76.91000366210938,75.80000305175781,76.0199966430664,8925
2018-04-05,XSMI.MI,76.86000061035156,77.62999725341797,76.8499984741211,77.62999725341797,876
2018-04-06,XSMI.MI,77.37000274658203,77.79000091552734,77.30999755859375,77.33999633789062,1396
2018-04-09,XSMI.MI,75.94000244140625,76.16000366210938,75.47000122070312,75.69999694824219,1965
2018-04-10,XSMI.MI,76.13999938964844,76.2300033569336,75.83000183105469,76.08999633789062,350
2018-04-11,XSMI.MI,75.66000366210938,75.66000366210938,75.4000015258789,75.4800033569336,1102
2018-04-12,XSMI.MI,75.36000061035156,76.0199966430664,75.33000183105469,76.0199966430664,5582
2018-04-13,XSMI.MI,75.79000091552734,76.08000183105469,75.72000122070312,75.9000015258789,1267
2018-04-16,XSMI.MI,75.58000183105469,76.0999984741211,75.58000183105469,75.79000091552734,4011
2018-04-17,XSMI.MI,75.7300033569336,76.36000061035156,75.72000122070312,76.30000305175781,2649
2018-04-18,XSMI.MI,76.13999938964844,76.25,75.81999969482422,76.08999633789062,518
2018-04-19,XSMI.MI,76.0,76.0,75.62999725341797,75.87999725341797,109593
2018-04-20,XSMI.MI,75.81999969482422,75.93000030517578,75.58999633789062,75.93000030517578,2578
2018-04-23,XSMI.MI,75.23999786376953,75.83999633789062,75.19999694824219,75.83000183105469,207
2018-04-24,XSMI.MI,76.12999725341797,76.30999755859375,75.69000244140625,75.69000244140625,2355
2018-04-25,XSMI.MI,75.5,75.5,75.0,75.30000305175781,388
2018-04-26,XSMI.MI,75.62999725341797,76.33000183105469,75.55000305175781,76.25,646
2018-04-27,XSMI.MI,76.2699966430664,76.45999908447266,76.18000030517578,76.3499984741211,3411
2018-04-30,XSMI.MI,75.83000183105469,76.88999938964844,75.83000183105469,76.73999786376953,758
2018-05-02,XSMI.MI,76.9800033569336,76.9800033569336,76.61000061035156,76.97000122070312,2053
2018-05-03,XSMI.MI,76.9800033569336,77.0,76.4000015258789,76.4000015258789,1812
2018-05-04,XSMI.MI,76.80000305175781,76.9000015258789,76.80000305175781,76.9000015258789,200
2018-05-07,XSMI.MI,77.19999694824219,77.8499984741211,77.19999694824219,77.81999969482422,4693
2018-05-08,XSMI.MI,77.75,78.06999969482422,77.75,78.06999969482422,1458
2018-05-09,XSMI.MI,78.13999938964844,78.23999786376953,77.75,78.23999786376953,736
2018-05-10,XSMI.MI,78.0999984741211,78.44000244140625,77.97000122070312,78.20999908447266,1623
2018-05-11,XSMI.MI,77.91000366210938,78.16000366210938,77.91000366210938,78.12000274658203,1148
2018-05-14,XSMI.MI,78.16000366210938,78.23999786376953,78.04000091552734,78.22000122070312,1098
2018-05-15,XSMI.MI,78.18000030517578,78.5999984741211,78.18000030517578,78.58999633789062,1255
2018-05-16,XSMI.MI,79.04000091552734,79.06999969482422,78.94999694824219,78.94999694824219,434
2018-05-17,XSMI.MI,78.73999786376953,78.87999725341797,78.56999969482422,78.87999725341797,1695
2018-05-18,XSMI.MI,78.81999969482422,79.19000244140625,78.81999969482422,79.0,533
2018-05-21,XSMI.MI,79.36000061035156,79.75,79.2699966430664,79.33000183105469,1779
2018-05-22,XSMI.MI,78.95999908447266,79.27999877929688,78.86000061035156,79.27999877929688,446
2018-05-23,XSMI.MI,79.0999984741211,79.0999984741211,78.26000213623047,78.3499984741211,1040
2018-05-24,XSMI.MI,78.94999694824219,78.94999694824219,78.0999984741211,78.31999969482422,431
2018-05-25,XSMI.MI,78.75,78.83000183105469,78.6500015258789,78.70999908447266,276
2018-05-28,XSMI.MI,78.93000030517578,79.1500015258789,78.79000091552734,79.01000213623047,5385
2018-05-29,XSMI.MI,78.62999725341797,78.62999725341797,78.26000213623047,78.30999755859375,3525
2018-05-30,XSMI.MI,78.25,78.25,77.48999786376953,77.48999786376953,1882
2018-05-31,XSMI.MI,77.68000030517578,77.79000091552734,76.66999816894531,76.66999816894531,3079
2018-06-01,XSMI.MI,77.13999938964844,77.83999633789062,77.13999938964844,77.69000244140625,1650
2018-06-04,XSMI.MI,77.75,77.75,77.5999984741211,77.62999725341797,81
2018-06-05,XSMI.MI,77.33000183105469,77.7699966430664,77.08000183105469,77.08000183105469,10524
2018-06-06,XSMI.MI,76.70999908447266,76.87000274658203,75.9000015258789,76.52999877929688,11722
2018-06-07,XSMI.MI,76.83000183105469,77.0,76.4800033569336,76.4800033569336,847
2018-06-08,XSMI.MI,76.22000122070312,76.44000244140625,76.22000122070312,76.33000183105469,4105
2018-06-11,XSMI.MI,76.80000305175781,77.06999969482422,76.7300033569336,77.06999969482422,933
2018-06-12,XSMI.MI,77.48999786376953,77.48999786376953,77.1500015258789,77.30000305175781,2867
2018-06-13,XSMI.MI,77.4000015258789,77.41000366210938,77.19000244140625,77.41000366210938,281
2018-06-14,XSMI.MI,77.0,78.0999984741211,76.5,78.0999984741211,226
2018-06-15,XSMI.MI,77.69000244140625,78.37999725341797,77.55999755859375,77.5999984741211,564
2018-06-18,XSMI.MI,77.37999725341797,77.37999725341797,76.5999984741211,76.5999984741211,369
2018-06-19,XSMI.MI,76.25,76.3499984741211,76.25,76.33000183105469,307
2018-06-20,XSMI.MI,76.91000366210938,77.33000183105469,76.83000183105469,77.0999984741211,142
2018-06-21,XSMI.MI,77.38999938964844,77.44999694824219,76.4000015258789,76.4000015258789,1277
2018-06-22,XSMI.MI,76.75,77.7699966430664,76.75,77.7699966430664,498
2018-06-25,XSMI.MI,76.95999908447266,76.95999908447266,76.19999694824219,76.19999694824219,862
2018-06-26,XSMI.MI,76.19999694824219,76.37000274658203,76.1500015258789,76.37000274658203,445
2018-06-27,XSMI.MI,75.80000305175781,77.0,75.66000366210938,76.69000244140625,829
2018-06-28,XSMI.MI,76.5,76.8499984741211,75.88999938964844,76.29000091552734,3289
2018-06-29,XSMI.MI,77.18000030517578,77.37000274658203,77.06999969482422,77.33999633789062,492
2018-07-02,XSMI.MI,76.9000015258789,77.0,76.7300033569336,76.98999786376953,318
2018-07-03,XSMI.MI,77.41999816894531,77.86000061035156,77.41999816894531,77.75,648
2018-07-04,XSMI.MI,77.66999816894531,78.11000061035156,77.66999816894531,78.08999633789062,13021
2018-07-05,XSMI.MI,78.2699966430664,78.27999877929688,77.9000015258789,77.94999694824219,830
2018-07-06,XSMI.MI,78.38999938964844,78.38999938964844,77.70999908447266,77.77999877929688,1376
2018-07-09,XSMI.MI,78.41000366210938,78.54000091552734,78.0999984741211,78.47000122070312,1406
2018-07-10,XSMI.MI,78.61000061035156,78.7300033569336,78.43000030517578,78.58999633789062,1337
2018-07-11,XSMI.MI,77.66000366210938,77.91999816894531,77.66000366210938,77.75,839
2018-07-12,XSMI.MI,78.0,78.69999694824219,78.0,78.58999633789062,2306
2018-07-13,XSMI.MI,79.0,79.0,78.7699966430664,78.86000061035156,3574
2018-07-16,XSMI.MI,78.80999755859375,79.05000305175781,78.80999755859375,78.91999816894531,1727
2018-07-17,XSMI.MI,78.72000122070312,78.87000274658203,78.55999755859375,78.81999969482422,779
2018-07-18,XSMI.MI,79.5199966430664,80.02999877929688,79.38999938964844,80.02999877929688,1525
2018-07-19,XSMI.MI,80.16999816894531,80.43000030517578,79.88999938964844,80.05999755859375,1658
2018-07-20,XSMI.MI,80.37000274658203,80.44000244140625,79.9800033569336,80.37999725341797,2851
2018-07-23,XSMI.MI,80.22000122070312,80.5,80.22000122070312,80.41999816894531,1547
2018-07-24,XSMI.MI,80.80000305175781,80.80000305175781,80.37999725341797,80.76000213623047,35876
2018-07-25,XSMI.MI,80.52999877929688,80.9000015258789,80.52999877929688,80.88999938964844,2188
2018-07-26,XSMI.MI,81.0,82.18000030517578,81.0,82.18000030517578,1034
2018-07-27,XSMI.MI,82.27999877929688,82.44999694824219,82.27999877929688,82.41999816894531,1694
2018-07-30,XSMI.MI,81.75,82.5,81.75,82.33999633789062,1153
2018-07-31,XSMI.MI,82.70999908447266,82.70999908447266,82.2300033569336,82.51000213623047,918
2018-08-01,XSMI.MI,82.7300033569336,82.7300033569336,81.70999908447266,82.05999755859375,1447
2018-08-02,XSMI.MI,82.4000015258789,82.51000213623047,82.27999877929688,82.51000213623047,866
2018-08-03,XSMI.MI,82.66000366210938,82.83999633789062,82.45999908447266,82.83000183105469,4832
2018-08-06,XSMI.MI,83.02999877929688,83.06999969482422,82.68000030517578,82.68000030517578,327
2018-08-07,XSMI.MI,82.52999877929688,83.19000244140625,82.52999877929688,83.0999984741211,329
2018-08-08,XSMI.MI,82.83000183105469,82.83000183105469,82.56999969482422,82.80999755859375,541
2018-08-09,XSMI.MI,82.7300033569336,83.08000183105469,82.63999938964844,83.08000183105469,237
2018-08-10,XSMI.MI,83.0,83.0,82.66000366210938,82.91000366210938,801
2018-08-13,XSMI.MI,82.66000366210938,82.79000091552734,82.51000213623047,82.72000122070312,379
2018-08-14,XSMI.MI,82.97000122070312,83.2699966430664,82.94999694824219,83.2699966430664,130
2018-08-16,XSMI.MI,82.80000305175781,82.83999633789062,82.68000030517578,82.69000244140625,169
2018-08-17,XSMI.MI,82.9000015258789,82.9000015258789,82.55999755859375,82.75,181
2018-08-20,XSMI.MI,82.88999938964844,83.16000366210938,82.81999969482422,82.98999786376953,825
2018-08-21,XSMI.MI,83.16999816894531,83.37000274658203,83.13999938964844,83.13999938964844,137
2018-08-22,XSMI.MI,82.88999938964844,82.98999786376953,82.66000366210938,82.69999694824219,17168
2018-08-23,XSMI.MI,83.08999633789062,83.12999725341797,82.75,82.75,1664
2018-08-24,XSMI.MI,82.97000122070312,83.01000213623047,82.61000061035156,82.61000061035156,105
2018-08-27,XSMI.MI,82.7699966430664,82.9000015258789,82.61000061035156,82.8499984741211,4223
2018-08-28,XSMI.MI,82.79000091552734,82.94000244140625,82.62999725341797,82.7699966430664,3477
2018-08-29,XSMI.MI,82.91999816894531,83.1500015258789,82.7300033569336,83.1500015258789,3550
2018-08-30,XSMI.MI,82.91999816894531,83.30000305175781,82.81999969482422,83.30000305175781,7605
2018-08-31,XSMI.MI,83.1500015258789,83.18000030517578,83.0199966430664,83.0999984741211,770
2018-09-03,XSMI.MI,83.05999755859375,83.38999938964844,83.05999755859375,83.36000061035156,5612
2018-09-04,XSMI.MI,83.4000015258789,83.7300033569336,82.5,82.69999694824219,3972
2018-09-05,XSMI.MI,82.44999694824219,82.58999633789062,81.91000366210938,81.91000366210938,4545
2018-09-06,XSMI.MI,81.75,82.19999694824219,81.56999969482422,81.69999694824219,17573
2018-09-07,XSMI.MI,81.79000091552734,82.38999938964844,81.79000091552734,82.27999877929688,14811
2018-09-10,XSMI.MI,82.6500015258789,82.7300033569336,82.36000061035156,82.41999816894531,3970
2018-09-11,XSMI.MI,82.3499984741211,82.56999969482422,82.23999786376953,82.38999938964844,9003
2018-09-12,XSMI.MI,82.81999969482422,82.86000061035156,82.69999694824219,82.75,906
2018-09-13,XSMI.MI,83.01000213623047,83.2699966430664,82.75,82.75,3439
2018-09-14,XSMI.MI,82.94000244140625,83.05000305175781,82.80000305175781,83.05000305175781,857
2018-09-17,XSMI.MI,82.87000274658203,83.06999969482422,82.58000183105469,82.87999725341797,5186
2018-09-18,XSMI.MI,82.77999877929688,82.83999633789062,82.5,82.66000366210938,14855
2018-09-19,XSMI.MI,82.68000030517578,82.72000122070312,82.26000213623047,82.5999984741211,2202
2018-09-20,XSMI.MI,82.70999908447266,83.23999786376953,82.63999938964844,83.16999816894531,474
2018-09-21,XSMI.MI,83.66999816894531,83.77999877929688,83.33999633789062,83.33999633789062,4190
2018-09-24,XSMI.MI,83.02999877929688,83.08999633789062,82.44999694824219,82.44999694824219,2329
2018-09-25,XSMI.MI,82.4800033569336,82.87999725341797,82.33999633789062,82.87999725341797,3465
2018-09-26,XSMI.MI,82.73999786376953,83.33999633789062,82.73999786376953,83.29000091552734,936
2018-09-27,XSMI.MI,83.30000305175781,83.5,82.80000305175781,83.44999694824219,3100
2018-09-28,XSMI.MI,83.88999938964844,83.91000366210938,83.55999755859375,83.72000122070312,2334
2018-10-01,XSMI.MI,83.94999694824219,83.94999694824219,83.25,83.7699966430664,34940
2018-10-02,XSMI.MI,83.43000030517578,83.66999816894531,83.37000274658203,83.4000015258789,1759
2018-10-03,XSMI.MI,83.77999877929688,84.19000244140625,83.66999816894531,84.06999969482422,5366
2018-10-04,XSMI.MI,84.06999969482422,84.08000183105469,83.0199966430664,83.16000366210938,2833
2018-10-05,XSMI.MI,83.19000244140625,83.19000244140625,82.61000061035156,82.68000030517578,2050
2018-10-08,XSMI.MI,82.47000122070312,82.55000305175781,82.0,82.12000274658203,2117
2018-10-09,XSMI.MI,82.02999877929688,82.19000244140625,81.76000213623047,82.19000244140625,4801
2018-10-10,XSMI.MI,82.04000091552734,82.3499984741211,81.43000030517578,81.43000030517578,4248
2018-10-11,XSMI.MI,80.31999969482422,80.55000305175781,78.88999938964844,78.9000015258789,9403
2018-10-12,XSMI.MI,79.19999694824219,79.61000061035156,78.95999908447266,78.95999908447266,11809
2018-10-15,XSMI.MI,78.87000274658203,79.13999938964844,78.44999694824219,79.0,2487
2018-10-16,XSMI.MI,79.12000274658203,80.2300033569336,79.12000274658203,80.2300033569336,2790
2018-10-17,XSMI.MI,80.83999633789062,80.91999816894531,79.7699966430664,79.91999816894531,7646
2018-10-18,XSMI.MI,80.05999755859375,80.66999816894531,80.05999755859375,80.19999694824219,3904
2018-10-19,XSMI.MI,80.36000061035156,81.30999755859375,80.36000061035156,81.0999984741211,3584
2018-10-22,XSMI.MI,81.43000030517578,81.55000305175781,81.04000091552734,81.33999633789062,4110
2018-10-23,XSMI.MI,80.56999969482422,80.91000366210938,80.37999725341797,80.51000213623047,6649
2018-10-24,XSMI.MI,81.2699966430664,81.76000213623047,80.62000274658203,80.62000274658203,6914
2018-10-25,XSMI.MI,79.5,80.33999633789062,79.36000061035156,80.33999633789062,4322
2018-10-26,XSMI.MI,79.91000366210938,80.80000305175781,79.51000213623047,80.16000366210938,3934
2018-10-29,XSMI.MI,80.5,81.33000183105469,80.48999786376953,80.7300033569336,4840
2018-10-30,XSMI.MI,80.87999725341797,81.5,80.80999755859375,81.4800033569336,3279
2018-10-31,XSMI.MI,81.94000244140625,82.91000366210938,81.94000244140625,82.91000366210938,4002
2018-11-01,XSMI.MI,82.7300033569336,83.19999694824219,82.5,82.63999938964844,3373
2018-11-02,XSMI.MI,82.98999786376953,82.98999786376953,82.43000030517578,82.47000122070312,1207
2018-11-05,XSMI.MI,82.27999877929688,82.73999786376953,82.1500015258789,82.41000366210938,2162
2018-11-06,XSMI.MI,82.5999984741211,82.61000061035156,81.9800033569336,82.2300033569336,7857
2018-11-07,XSMI.MI,82.76000213623047,82.83999633789062,82.43000030517578,82.76000213623047,2737
2018-11-08,XSMI.MI,83.05000305175781,83.29000091552734,83.05000305175781,83.1500015258789,651
2018-11-09,XSMI.MI,83.04000091552734,83.33000183105469,82.94999694824219,83.33000183105469,1269
2018-11-12,XSMI.MI,83.98999786376953,83.98999786376953,83.01000213623047,83.02999877929688,3680
2018-11-13,XSMI.MI,83.20999908447266,83.51000213623047,82.70999908447266,83.08000183105469,1411
2018-11-14,XSMI.MI,82.58000183105469,82.8499984741211,82.16000366210938,82.18000030517578,4615
2018-11-15,XSMI.MI,82.13999938964844,82.33999633789062,81.37999725341797,81.73999786376953,3242
2018-11-16,XSMI.MI,82.33000183105469,82.4000015258789,81.33000183105469,81.83999633789062,1253
2018-11-19,XSMI.MI,82.41000366210938,82.4800033569336,81.19999694824219,81.19999694824219,865
2018-11-20,XSMI.MI,80.86000061035156,81.2300033569336,80.7699966430664,81.12999725341797,783
2018-11-21,XSMI.MI,81.2699966430664,81.7699966430664,81.2699966430664,81.7699966430664,171
2018-11-22,XSMI.MI,81.3499984741211,81.44999694824219,81.22000122070312,81.22000122070312,517
2018-11-23,XSMI.MI,81.29000091552734,82.11000061035156,81.2300033569336,82.11000061035156,639
2018-11-26,XSMI.MI,82.38999938964844,82.95999908447266,82.38999938964844,82.72000122070312,4604
2018-11-27,XSMI.MI,82.77999877929688,82.77999877929688,82.19000244140625,82.69000244140625,1195
2018-11-28,XSMI.MI,83.0999984741211,83.13999938964844,82.69999694824219,82.72000122070312,575
2018-11-29,XSMI.MI,83.16999816894531,83.33000183105469,82.9800033569336,83.29000091552734,569
2018-11-30,XSMI.MI,83.16000366210938,83.81999969482422,83.12999725341797,83.7300033569336,1496
2018-12-03,XSMI.MI,84.19999694824219,84.70999908447266,84.18000030517578,84.22000122070312,1710
2018-12-04,XSMI.MI,84.0199966430664,84.2300033569336,83.97000122070312,84.13999938964844,4614
2018-12-05,XSMI.MI,83.37999725341797,83.37999725341797,82.80000305175781,82.80999755859375,1310
2018-12-06,XSMI.MI,82.31999969482422,82.38999938964844,80.55999755859375,80.55999755859375,2407
2018-12-07,XSMI.MI,81.5999984741211,82.0,81.2300033569336,81.2300033569336,1233
2018-12-10,XSMI.MI,80.95999908447266,81.08999633789062,79.81999969482422,79.87000274658203,1015
2018-12-11,XSMI.MI,80.0,81.7699966430664,80.0,81.56999969482422,1651
2018-12-12,XSMI.MI,81.68000030517578,82.55000305175781,81.5999984741211,82.52999877929688,3504
2018-12-13,XSMI.MI,82.47000122070312,82.55000305175781,82.06999969482422,82.06999969482422,1612
2018-12-14,XSMI.MI,81.0,81.62000274658203,81.0,81.25,3160
2018-12-17,XSMI.MI,80.76000213623047,80.80999755859375,80.11000061035156,80.16999816894531,9164
2018-12-18,XSMI.MI,79.75,79.9800033569336,79.3499984741211,79.3499984741211,2461
2018-12-19,XSMI.MI,79.0999984741211,79.23999786376953,78.93000030517578,79.04000091552734,1475
2018-12-20,XSMI.MI,78.0999984741211,78.19999694824219,77.7699966430664,77.91999816894531,4788
2018-12-21,XSMI.MI,77.18000030517578,78.4000015258789,77.16999816894531,78.12000274658203,7824
2018-12-27,XSMI.MI,78.66999816894531,78.66999816894531,75.73999786376953,76.04000091552734,466
2018-12-28,XSMI.MI,77.01000213623047,78.81999969482422,77.0,78.41999816894531,1929
2019-01-02,XSMI.MI,77.87999725341797,78.68000030517578,77.76000213623047,78.68000030517578,4511
2019-01-03,XSMI.MI,78.45999908447266,79.0999984741211,78.45999908447266,78.8499984741211,286
2019-01-04,XSMI.MI,79.36000061035156,80.36000061035156,78.81999969482422,80.27999877929688,2596
2019-01-07,XSMI.MI,80.0999984741211,80.12999725341797,79.30000305175781,79.51000213623047,1413
2019-01-08,XSMI.MI,79.80999755859375,80.69000244140625,79.80999755859375,80.56999969482422,6984
2019-01-09,XSMI.MI,80.44999694824219,81.08999633789062,80.43000030517578,80.75,5341
2019-01-10,XSMI.MI,80.75,81.5,80.75,81.5,4827
2019-01-11,XSMI.MI,81.5999984741211,81.94999694824219,81.55999755859375,81.94999694824219,3183
2019-01-14,XSMI.MI,81.3499984741211,81.51000213623047,81.1500015258789,81.51000213623047,1213
2019-01-15,XSMI.MI,82.0999984741211,82.19000244140625,81.63999938964844,82.12999725341797,4344
2019-01-16,XSMI.MI,82.2300033569336,82.31999969482422,81.93000030517578,82.20999908447266,1287
2019-01-17,XSMI.MI,82.11000061035156,82.55999755859375,82.11000061035156,82.41000366210938,992
2019-01-18,XSMI.MI,83.08999633789062,83.43000030517578,83.0199966430664,83.43000030517578,281
2019-01-21,XSMI.MI,83.0,83.0999984741211,82.95999908447266,83.05999755859375,958
2019-01-22,XSMI.MI,83.08000183105469,83.12999725341797,82.61000061035156,82.8499984741211,802
2019-01-23,XSMI.MI,82.47000122070312,83.19000244140625,82.47000122070312,82.73999786376953,525
2019-01-24,XSMI.MI,82.91000366210938,83.02999877929688,82.56999969482422,82.87000274658203,1690
2019-01-25,XSMI.MI,83.33999633789062,83.33999633789062,82.33999633789062,82.45999908447266,9562
2019-01-28,XSMI.MI,82.05999755859375,82.27999877929688,81.76000213623047,81.76000213623047,574
2019-01-29,XSMI.MI,81.80999755859375,82.87999725341797,81.80999755859375,82.5199966430664,3568
2019-01-30,XSMI.MI,82.62000274658203,82.62000274658203,82.20999908447266,82.4800033569336,641
2019-01-31,XSMI.MI,82.5999984741211,82.76000213623047,82.12999725341797,82.76000213623047,824
2019-02-01,XSMI.MI,83.08999633789062,83.08999633789062,82.41999816894531,82.73999786376953,814
2019-02-04,XSMI.MI,82.69000244140625,82.87999725341797,82.68000030517578,82.8499984741211,1161
2019-02-05,XSMI.MI,83.30000305175781,84.0999984741211,83.2300033569336,84.0999984741211,2109
2019-02-06,XSMI.MI,84.11000061035156,84.38999938964844,84.06999969482422,84.1500015258789,2845
2019-02-07,XSMI.MI,84.0,84.26000213623047,83.3499984741211,83.3499984741211,7532
2019-02-08,XSMI.MI,83.47000122070312,83.47000122070312,83.06999969482422,83.41999816894531,2319
2019-02-11,XSMI.MI,83.91999816894531,84.18000030517578,83.8499984741211,84.0,1503
2019-02-12,XSMI.MI,84.23999786376953,84.30000305175781,83.97000122070312,83.98999786376953,1065
2019-02-13,XSMI.MI,84.1500015258789,84.5199966430664,84.1500015258789,84.44000244140625,647
2019-02-14,XSMI.MI,84.72000122070312,85.27999877929688,84.58000183105469,84.58000183105469,4583
2019-02-15,XSMI.MI,84.56999969482422,85.51000213623047,84.52999877929688,85.51000213623047,798
2019-02-18,XSMI.MI,85.4800033569336,85.98999786376953,85.4800033569336,85.7699966430664,927
2019-02-19,XSMI.MI,85.44999694824219,85.66000366210938,85.44999694824219,85.63999938964844,414
2019-02-20,XSMI.MI,85.87999725341797,86.26000213623047,85.87999725341797,86.26000213623047,1881
2019-02-21,XSMI.MI,86.43000030517578,86.69000244140625,86.37999725341797,86.47000122070312,931
2019-02-22,XSMI.MI,86.43000030517578,86.7300033569336,86.20999908447266,86.6500015258789,4345
2019-02-25,XSMI.MI,86.75,86.98999786376953,86.58999633789062,86.91999816894531,1514
2019-02-26,XSMI.MI,86.70999908447266,87.47000122070312,86.69000244140625,87.29000091552734,2336
2019-02-27,XSMI.MI,86.97000122070312,87.05000305175781,86.66999816894531,86.73999786376953,2864
2019-02-28,XSMI.MI,86.63999938964844,86.88999938964844,86.45999908447266,86.75,1342
2019-03-01,XSMI.MI,87.20999908447266,87.23999786376953,86.80999755859375,86.83999633789062,5167
2019-03-04,XSMI.MI,87.25,87.52999877929688,87.23999786376953,87.29000091552734,1115
2019-03-05,XSMI.MI,87.0199966430664,87.41000366210938,86.7699966430664,87.23999786376953,4994
2019-03-06,XSMI.MI,87.26000213623047,87.33000183105469,87.0,87.13999938964844,702
2019-03-07,XSMI.MI,87.08000183105469,87.4800033569336,86.86000061035156,87.19999694824219,3132
2019-03-08,XSMI.MI,87.0,87.19000244140625,86.45999908447266,86.77999877929688,3411
2019-03-11,XSMI.MI,87.04000091552734,87.30999755859375,86.9000015258789,87.20999908447266,1619
2019-03-12,XSMI.MI,87.19000244140625,87.19000244140625,86.80000305175781,86.97000122070312,700
2019-03-13,XSMI.MI,86.80000305175781,87.58999633789062,86.80000305175781,87.58999633789062,942
2019-03-14,XSMI.MI,87.83000183105469,88.72000122070312,87.83000183105469,88.55000305175781,6757
2019-03-15,XSMI.MI,88.45999908447266,88.69000244140625,88.26000213623047,88.48999786376953,1210
2019-03-18,XSMI.MI,88.36000061035156,88.70999908447266,88.31999969482422,88.70999908447266,4691
2019-03-19,XSMI.MI,88.98999786376953,89.27999877929688,88.9000015258789,88.91000366210938,1669
2019-03-20,XSMI.MI,88.61000061035156,88.63999938964844,88.22000122070312,88.5999984741211,808
2019-03-21,XSMI.MI,88.18000030517578,89.04000091552734,88.18000030517578,89.04000091552734,3003
2019-03-22,XSMI.MI,88.9800033569336,89.12000274658203,88.19999694824219,88.19999694824219,907
2019-03-25,XSMI.MI,87.69999694824219,88.05999755859375,87.62000274658203,88.02999877929688,2070
2019-03-26,XSMI.MI,88.11000061035156,89.05000305175781,88.11000061035156,89.05000305175781,1753
2019-03-27,XSMI.MI,89.12999725341797,89.58000183105469,88.69000244140625,89.2300033569336,1051
2019-03-28,XSMI.MI,89.54000091552734,89.91000366210938,89.45999908447266,89.45999908447266,977
2019-03-29,XSMI.MI,89.7300033569336,90.05000305175781,89.62999725341797,90.05000305175781,1750
2019-04-01,XSMI.MI,90.3499984741211,90.61000061035156,90.2300033569336,90.44000244140625,2583
2019-04-02,XSMI.MI,90.31999969482422,90.5,90.23999786376953,90.5,608
2019-04-03,XSMI.MI,90.45999908447266,90.62999725341797,89.94999694824219,90.62999725341797,1051
2019-04-04,XSMI.MI,90.4000015258789,90.5199966430664,90.2300033569336,90.44999694824219,1414
2019-04-05,XSMI.MI,90.19999694824219,90.6500015258789,90.19000244140625,90.5,1662
2019-04-08,XSMI.MI,90.27999877929688,90.51000213623047,90.18000030517578,90.30000305175781,653
2019-04-09,XSMI.MI,90.38999938964844,91.0,90.25,90.48999786376953,3490
2019-04-10,XSMI.MI,90.52999877929688,90.55000305175781,90.01000213623047,90.20999908447266,1378
2019-04-11,XSMI.MI,88.80999755859375,89.05999755859375,88.5999984741211,88.73999786376953,555
2019-04-12,XSMI.MI,88.4000015258789,88.47000122070312,87.5,87.83999633789062,5129
2019-04-15,XSMI.MI,87.94000244140625,88.41000366210938,87.93000030517578,88.27999877929688,1480
2019-04-16,XSMI.MI,88.41000366210938,88.80999755859375,88.41000366210938,88.69999694824219,1220
2019-04-17,XSMI.MI,88.5199966430664,88.62000274658203,88.13999938964844,88.38999938964844,1574
2019-04-18,XSMI.MI,88.54000091552734,88.77999877929688,88.23999786376953,88.23999786376953,5472
2019-04-23,XSMI.MI,88.5,88.88999938964844,87.80999755859375,88.7699966430664,2313
2019-04-24,XSMI.MI,89.05999755859375,89.55999755859375,89.05999755859375,89.31999969482422,740
2019-04-25,XSMI.MI,89.44999694824219,89.91999816894531,89.44999694824219,89.91999816894531,2678
2019-04-26,XSMI.MI,90.01000213623047,90.19000244140625,89.76000213623047,90.19000244140625,1111
2019-04-29,XSMI.MI,90.11000061035156,90.30999755859375,90.04000091552734,90.18000030517578,3602
2019-04-30,XSMI.MI,90.30999755859375,90.33999633789062,90.05000305175781,90.22000122070312,10905
2019-05-02,XSMI.MI,90.12999725341797,90.38999938964844,90.0999984741211,90.22000122070312,2041
2019-05-03,XSMI.MI,90.25,90.73999786376953,90.25,90.31999969482422,1894
2019-05-06,XSMI.MI,89.55000305175781,89.83999633789062,89.0999984741211,89.83999633789062,2831
2019-05-07,XSMI.MI,90.04000091552734,90.04000091552734,88.8499984741211,88.94000244140625,333
2019-05-08,XSMI.MI,89.11000061035156,89.66000366210938,88.9800033569336,89.66000366210938,5690
2019-05-09,XSMI.MI,89.26000213623047,89.26000213623047,88.05999755859375,88.12000274658203,980
2019-05-10,XSMI.MI,88.94000244140625,88.95999908447266,88.5,88.55999755859375,1568
2019-05-13,XSMI.MI,88.76000213623047,88.76000213623047,87.58999633789062,88.05000305175781,3911
2019-05-14,XSMI.MI,88.45999908447266,88.55000305175781,88.12999725341797,88.44999694824219,909
2019-05-15,XSMI.MI,88.41000366210938,89.23999786376953,88.41000366210938,89.19000244140625,2347
2019-05-16,XSMI.MI,89.36000061035156,91.0199966430664,89.36000061035156,91.0199966430664,5190
2019-05-17,XSMI.MI,90.72000122070312,91.0999984741211,90.58000183105469,91.0199966430664,1785
2019-05-20,XSMI.MI,90.87000274658203,91.1500015258789,90.2699966430664,90.5,1617
2019-05-21,XSMI.MI,90.9000015258789,91.02999877929688,90.7300033569336,90.81999969482422,625
2019-05-22,XSMI.MI,90.72000122070312,91.2699966430664,90.56999969482422,91.2699966430664,1030
2019-05-23,XSMI.MI,91.12000274658203,91.25,90.94000244140625,91.12000274658203,3178
2019-05-24,XSMI.MI,91.47000122070312,91.87000274658203,91.47000122070312,91.69999694824219,1100
2019-05-27,XSMI.MI,92.11000061035156,92.27999877929688,91.91000366210938,92.02999877929688,1401
2019-05-28,XSMI.MI,91.87000274658203,91.87000274658203,91.44000244140625,91.44000244140625,934
2019-05-29,XSMI.MI,91.1500015258789,91.1500015258789,90.47000122070312,90.69000244140625,4288
2019-05-30,XSMI.MI,91.0199966430664,91.18000030517578,90.76000213623047,90.9800033569336,6747
2019-05-31,XSMI.MI,90.55000305175781,90.9000015258789,90.29000091552734,90.80000305175781,2924
2019-06-03,XSMI.MI,90.61000061035156,91.63999938964844,90.61000061035156,91.62999725341797,4800
2019-06-04,XSMI.MI,91.45999908447266,92.0999984741211,91.45999908447266,91.55000305175781,11113
2019-06-05,XSMI.MI,91.7300033569336,92.29000091552734,91.7300033569336,92.29000091552734,14262
2019-06-06,XSMI.MI,92.31999969482422,93.0,92.19999694824219,92.33000183105469,2409
2019-06-07,XSMI.MI,92.55999755859375,93.0999984741211,92.51000213623047,92.87999725341797,1434
2019-06-10,XSMI.MI,93.0199966430664,93.29000091552734,93.0199966430664,93.1500015258789,1062
2019-06-11,XSMI.MI,92.83000183105469,93.5999984741211,92.83000183105469,93.25,856
2019-06-12,XSMI.MI,92.91999816894531,93.62999725341797,92.83999633789062,93.37000274658203,1007
2019-06-13,XSMI.MI,93.4000015258789,94.19000244140625,93.4000015258789,93.70999908447266,3032
2019-06-14,XSMI.MI,93.38999938964844,93.83999633789062,93.37000274658203,93.68000030517578,552
2019-06-17,XSMI.MI,93.97000122070312,94.0,93.41999816894531,93.68000030517578,454
2019-06-18,XSMI.MI,93.52999877929688,95.33000183105469,93.52999877929688,95.05000305175781,9362
2019-06-19,XSMI.MI,94.97000122070312,95.04000091552734,94.62999725341797,94.93000030517578,9114
2019-06-20,XSMI.MI,95.58000183105469,96.23999786376953,95.5,95.98999786376953,1427
2019-06-21,XSMI.MI,95.83000183105469,95.83000183105469,95.0,95.20999908447266,931
2019-06-24,XSMI.MI,95.29000091552734,95.43000030517578,95.02999877929688,95.22000122070312,971
2019-06-25,XSMI.MI,94.87000274658203,95.33999633789062,94.80999755859375,95.29000091552734,1072
2019-06-26,XSMI.MI,94.83999633789062,95.01000213623047,94.41000366210938,94.41000366210938,237
2019-06-27,XSMI.MI,94.19000244140625,94.55999755859375,94.13999938964844,94.47000122070312,999
2019-06-28,XSMI.MI,94.20999908447266,94.9000015258789,94.20999908447266,94.81999969482422,231
2019-07-01,XSMI.MI,95.5999984741211,95.66999816894531,94.94000244140625,94.94000244140625,2759
2019-07-02,XSMI.MI,95.5,95.80999755859375,95.48999786376953,95.58999633789062,3460
2019-07-03,XSMI.MI,95.87999725341797,96.33000183105469,95.87999725341797,96.18000030517578,2046
2019-07-04,XSMI.MI,96.0199966430664,96.43000030517578,96.0199966430664,96.19999694824219,1944
2019-07-05,XSMI.MI,96.05999755859375,96.11000061035156,95.4000015258789,95.4000015258789,423
2019-07-08,XSMI.MI,95.4800033569336,95.54000091552734,95.30000305175781,95.51000213623047,548
2019-07-09,XSMI.MI,95.19000244140625,95.4000015258789,95.0,95.4000015258789,1929
2019-07-10,XSMI.MI,94.91000366210938,95.72000122070312,94.91000366210938,95.12000274658203,4460
2019-07-11,XSMI.MI,95.20999908447266,95.37000274658203,94.55999755859375,94.55999755859375,3104
2019-07-12,XSMI.MI,94.54000091552734,94.66999816894531,93.88999938964844,93.88999938964844,258
2019-07-15,XSMI.MI,93.87999725341797,94.41000366210938,93.80000305175781,94.3499984741211,656
2019-07-16,XSMI.MI,94.44999694824219,94.88999938964844,94.44999694824219,94.66999816894531,482
2019-07-17,XSMI.MI,95.19999694824219,95.86000061035156,95.13999938964844,95.58000183105469,885
2019-07-18,XSMI.MI,96.04000091552734,96.62999725341797,95.9800033569336,96.31999969482422,3071
2019-07-19,XSMI.MI,96.33000183105469,96.37000274658203,96.02999877929688,96.02999877929688,496
2019-07-22,XSMI.MI,96.23999786376953,96.30999755859375,95.98999786376953,96.08999633789062,97
2019-07-23,XSMI.MI,96.37999725341797,97.0,96.37999725341797,96.66000366210938,987
2019-07-24,XSMI.MI,96.36000061035156,96.36000061035156,96.0199966430664,96.23999786376953,506
2019-07-25,XSMI.MI,96.9000015258789,97.0,95.30999755859375,95.37999725341797,3963
2019-07-26,XSMI.MI,95.55000305175781,96.48999786376953,95.55000305175781,96.33999633789062,1852
2019-07-29,XSMI.MI,96.1500015258789,96.80999755859375,96.11000061035156,96.51000213623047,3310
2019-07-30,XSMI.MI,96.37999725341797,96.38999938964844,95.58000183105469,95.77999877929688,336
2019-07-31,XSMI.MI,95.73999786376953,96.44000244140625,95.66000366210938,96.29000091552734,367
2019-08-01,XSMI.MI,96.86000061035156,97.37000274658203,96.86000061035156,97.2300033569336,2514
2019-08-02,XSMI.MI,96.12000274658203,96.5199966430664,95.83999633789062,96.26000213623047,2529
2019-08-05,XSMI.MI,95.8499984741211,95.8499984741211,94.06999969482422,94.48999786376953,6766
2019-08-06,XSMI.MI,93.87000274658203,94.56999969482422,93.55000305175781,93.61000061035156,2446
2019-08-07,XSMI.MI,93.62000274658203,94.45999908447266,93.41000366210938,93.79000091552734,1404
2019-08-08,XSMI.MI,94.76000213623047,95.5999984741211,94.56999969482422,95.5999984741211,573
2019-08-09,XSMI.MI,96.0,96.55999755859375,96.0,96.0199966430664,164
2019-08-12,XSMI.MI,97.0,97.0,96.36000061035156,96.38999938964844,3432
2019-08-13,XSMI.MI,96.26000213623047,96.51000213623047,95.5999984741211,96.41000366210938,488
2019-08-14,XSMI.MI,96.47000122070312,96.69000244140625,95.1500015258789,95.37000274658203,784
2019-08-16,XSMI.MI,96.05000305175781,96.20999908447266,95.95999908447266,96.16999816894531,1531
2019-08-19,XSMI.MI,97.04000091552734,97.33000183105469,96.98999786376953,97.08999633789062,176
2019-08-20,XSMI.MI,97.55000305175781,97.55999755859375,96.51000213623047,96.51000213623047,1018
2019-08-21,XSMI.MI,97.2699966430664,97.5,97.08000183105469,97.27999877929688,219
2019-08-22,XSMI.MI,96.80000305175781,96.8499984741211,96.51000213623047,96.51000213623047,1652
2019-08-23,XSMI.MI,97.05999755859375,97.37000274658203,96.26000213623047,96.26000213623047,57
2019-08-26,XSMI.MI,96.12000274658203,96.2300033569336,96.0199966430664,96.2300033569336,103
2019-08-27,XSMI.MI,96.0,96.77999877929688,96.0,96.77999877929688,117
2019-08-28,XSMI.MI,95.94999694824219,96.5999984741211,95.88999938964844,96.56999969482422,352
2019-08-29,XSMI.MI,97.20999908447266,97.33999633789062,97.01000213623047,97.0999984741211,803
2019-08-30,XSMI.MI,97.63999938964844,98.12999725341797,97.63999938964844,97.80999755859375,10216
2019-09-02,XSMI.MI,98.0,98.55999755859375,97.83000183105469,98.33000183105469,5272
2019-09-03,XSMI.MI,97.8499984741211,98.33000183105469,97.8499984741211,98.04000091552734,4488
2019-09-04,XSMI.MI,98.8499984741211,98.98999786376953,98.38999938964844,98.58000183105469,421
2019-09-05,XSMI.MI,98.33999633789062,98.88999938964844,98.33999633789062,98.6500015258789,3137
2019-09-06,XSMI.MI,98.58000183105469,99.45999908447266,98.51000213623047,99.45999908447266,1798
2019-09-09,XSMI.MI,99.4800033569336,99.5999984741211,98.62999725341797,98.68000030517578,558
2019-09-10,XSMI.MI,97.87999725341797,98.12999725341797,97.43000030517578,98.05999755859375,11073
2019-09-11,XSMI.MI,98.02999877929688,98.83999633789062,97.80000305175781,98.7699966430664,27171
2019-09-12,XSMI.MI,98.87000274658203,99.61000061035156,98.55000305175781,98.75,2140
2019-09-13,XSMI.MI,98.6500015258789,98.6500015258789,97.7699966430664,97.7699966430664,396
2019-09-16,XSMI.MI,97.19000244140625,97.4800033569336,97.04000091552734,97.31999969482422,911
2019-09-17,XSMI.MI,97.31999969482422,97.63999938964844,97.02999877929688,97.41000366210938,3275
2019-09-18,XSMI.MI,97.33999633789062,97.54000091552734,97.2699966430664,97.2699966430664,1783
2019-09-19,XSMI.MI,97.4800033569336,98.11000061035156,97.44000244140625,98.0199966430664,1214
2019-09-20,XSMI.MI,98.36000061035156,98.70999908447266,98.30000305175781,98.30000305175781,1565
2019-09-23,XSMI.MI,97.58000183105469,98.41999816894531,97.58000183105469,98.37000274658203,208
2019-09-24,XSMI.MI,98.4800033569336,98.61000061035156,98.27999877929688,98.56999969482422,2296
2019-09-25,XSMI.MI,97.94000244140625,97.94000244140625,97.41000366210938,97.91999816894531,283
2019-09-26,XSMI.MI,98.41000366210938,98.91999816894531,98.41000366210938,98.91000366210938,539
2019-09-27,XSMI.MI,99.38999938964844,99.38999938964844,99.0,99.12999725341797,552
2019-09-30,XSMI.MI,99.08000183105469,99.41999816894531,98.9800033569336,99.25,3395
2019-10-01,XSMI.MI,99.58000183105469,99.58000183105469,97.79000091552734,97.94999694824219,337
2019-10-02,XSMI.MI,97.80999755859375,97.80999755859375,95.61000061035156,95.80000305175781,5314
2019-10-03,XSMI.MI,95.5199966430664,95.91999816894531,94.81999969482422,95.55999755859375,787
2019-10-04,XSMI.MI,95.95999908447266,96.79000091552734,95.93000030517578,96.61000061035156,478
2019-10-07,XSMI.MI,97.19000244140625,97.44000244140625,96.8499984741211,97.44000244140625,173
2019-10-08,XSMI.MI,97.36000061035156,97.36000061035156,96.75,96.75,683
2019-10-09,XSMI.MI,96.66999816894531,96.80000305175781,96.62999725341797,96.69000244140625,724
2019-10-10,XSMI.MI,96.63999938964844,96.91999816894531,96.08999633789062,96.91999816894531,2738
2019-10-11,XSMI.MI,96.93000030517578,97.41000366210938,96.81999969482422,97.36000061035156,4697
2019-10-14,XSMI.MI,96.66999816894531,97.18000030517578,96.66999816894531,97.04000091552734,4926
2019-10-15,XSMI.MI,97.3499984741211,97.70999908447266,96.9000015258789,97.48999786376953,1487
2019-10-16,XSMI.MI,97.51000213623047,97.75,97.0999984741211,97.19000244140625,1152
2019-10-17,XSMI.MI,97.3499984741211,97.41000366210938,97.08999633789062,97.1500015258789,2402
2019-10-18,XSMI.MI,96.87999725341797,96.91000366210938,96.62000274658203,96.68000030517578,187
2019-10-21,XSMI.MI,96.56999969482422,96.72000122070312,96.4000015258789,96.55000305175781,3489
2019-10-22,XSMI.MI,96.19999694824219,96.73999786376953,95.93000030517578,96.69999694824219,283
2019-10-23,XSMI.MI,96.70999908447266,97.16000366210938,96.63999938964844,96.76000213623047,2262
2019-10-24,XSMI.MI,96.91999816894531,97.73999786376953,96.91000366210938,97.5999984741211,4161
2019-10-25,XSMI.MI,97.91999816894531,98.41999816894531,97.86000061035156,98.41999816894531,611
2019-10-28,XSMI.MI,98.41000366210938,98.73999786376953,98.19000244140625,98.44999694824219,774
2019-10-29,XSMI.MI,98.33000183105469,98.69999694824219,98.33000183105469,98.69999694824219,1258
2019-10-30,XSMI.MI,98.91000366210938,99.12000274658203,98.73999786376953,99.05999755859375,1083
2019-10-31,XSMI.MI,99.0999984741211,99.13999938964844,98.83999633789062,98.83999633789062,2154
2019-11-01,XSMI.MI,99.02999877929688,99.30000305175781,98.93000030517578,98.9800033569336,2849
2019-11-04,XSMI.MI,99.37000274658203,99.75,99.3499984741211,99.75,2506
2019-11-05,XSMI.MI,99.27999877929688,99.31999969482422,99.12000274658203,99.12999725341797,1267
2019-11-06,XSMI.MI,98.97000122070312,99.72000122070312,98.91999816894531,99.61000061035156,2269
2019-11-07,XSMI.MI,99.56999969482422,99.69999694824219,99.30999755859375,99.61000061035156,7052
2019-11-08,XSMI.MI,99.27999877929688,99.63999938964844,99.23999786376953,99.58000183105469,333
2019-11-11,XSMI.MI,99.79000091552734,99.79000091552734,99.5,99.7300033569336,2293
2019-11-12,XSMI.MI,99.69999694824219,100.16000366210938,99.62000274658203,100.12000274658203,1405
2019-11-13,XSMI.MI,99.80999755859375,100.68000030517578,99.80999755859375,100.5999984741211,396
2019-11-14,XSMI.MI,100.44000244140625,100.69999694824219,100.0,100.05999755859375,1822
2019-11-15,XSMI.MI,100.30000305175781,100.5999984741211,99.98999786376953,100.04000091552734,583
2019-11-18,XSMI.MI,100.08000183105469,100.5,100.08000183105469,100.37999725341797,483
2019-11-19,XSMI.MI,100.44000244140625,100.58000183105469,100.0999984741211,100.16000366210938,208
2019-11-20,XSMI.MI,100.0999984741211,100.31999969482422,99.94999694824219,100.31999969482422,667
2019-11-21,XSMI.MI,99.87999725341797,100.0199966430664,99.72000122070312,99.86000061035156,552
2019-11-22,XSMI.MI,99.75,100.44000244140625,99.75,100.05999755859375,322
2019-11-25,XSMI.MI,100.72000122070312,101.13999938964844,100.45999908447266,101.13999938964844,388
2019-11-26,XSMI.MI,101.33999633789062,101.55999755859375,101.26000213623047,101.31999969482422,374
2019-11-27,XSMI.MI,101.66000366210938,101.66000366210938,101.27999877929688,101.4800033569336,474
2019-11-28,XSMI.MI,101.41999816894531,101.63999938964844,101.41999816894531,101.5199966430664,1209
2019-11-29,XSMI.MI,101.5199966430664,101.5199966430664,100.95999908447266,100.9800033569336,1010
2019-12-02,XSMI.MI,101.41999816894531,101.41999816894531,99.68000030517578,99.80000305175781,1930
2019-12-03,XSMI.MI,100.08000183105469,100.26000213623047,99.2300033569336,99.2300033569336,592
2019-12-04,XSMI.MI,99.30999755859375,99.93000030517578,99.30999755859375,99.93000030517578,659
2019-12-05,XSMI.MI,100.76000213623047,100.9000015258789,100.18000030517578,100.18000030517578,153
2019-12-06,XSMI.MI,100.72000122070312,101.30000305175781,100.5999984741211,101.30000305175781,552
2019-12-09,XSMI.MI,101.13999938964844,101.45999908447266,101.0,101.16000366210938,486
2019-12-10,XSMI.MI,100.12000274658203,100.76000213623047,100.0999984741211,100.76000213623047,265
2019-12-11,XSMI.MI,100.54000091552734,100.87999725341797,100.54000091552734,100.87999725341797,25
2019-12-12,XSMI.MI,100.95999908447266,101.30000305175781,100.45999908447266,100.94000244140625,10614
2019-12-13,XSMI.MI,100.9800033569336,101.12000274658203,100.66000366210938,100.91999816894531,1496
2019-12-16,XSMI.MI,101.19999694824219,102.0999984741211,101.19999694824219,101.86000061035156,2078
2019-12-17,XSMI.MI,101.69999694824219,101.9800033569336,101.55999755859375,101.95999908447266,471
2019-12-18,XSMI.MI,102.73999786376953,103.19999694824219,102.55999755859375,102.55999755859375,1674
2019-12-19,XSMI.MI,102.26000213623047,102.9800033569336,102.19999694824219,102.9800033569336,333
2019-12-20,XSMI.MI,103.30000305175781,103.9800033569336,103.22000122070312,103.95999908447266,145
2019-12-23,XSMI.MI,104.36000061035156,104.77999877929688,104.27999877929688,104.41999816894531,435
2019-12-27,XSMI.MI,104.5999984741211,104.76000213623047,104.41999816894531,104.54000091552734,241
2019-12-30,XSMI.MI,104.19999694824219,104.33999633789062,103.69999694824219,103.69999694824219,1016
2020-01-02,XSMI.MI,104.12000274658203,105.05999755859375,104.0999984741211,104.63999938964844,3205
2020-01-03,XSMI.MI,103.68000030517578,104.66000366210938,103.68000030517578,104.66000366210938,963
2020-01-06,XSMI.MI,104.23999786376953,104.44000244140625,103.30000305175781,104.44000244140625,407
2020-01-07,XSMI.MI,104.9800033569336,104.9800033569336,104.44000244140625,104.63999938964844,516
2020-01-08,XSMI.MI,104.22000122070312,104.62000274658203,104.05999755859375,104.62000274658203,1433
2020-01-09,XSMI.MI,105.04000091552734,105.04000091552734,104.33999633789062,104.44000244140625,4727
2020-01-10,XSMI.MI,104.54000091552734,104.54000091552734,104.04000091552734,104.23999786376953,2815
2020-01-13,XSMI.MI,104.0199966430664,104.63999938964844,104.0199966430664,104.19999694824219,2175
2020-01-14,XSMI.MI,103.80000305175781,104.86000061035156,103.80000305175781,104.81999969482422,1612
2020-01-15,XSMI.MI,104.87999725341797,105.31999969482422,104.87999725341797,105.18000030517578,1177
2020-01-16,XSMI.MI,105.18000030517578,105.58000183105469,105.13999938964844,105.58000183105469,1141
2020-01-17,XSMI.MI,106.0,107.18000030517578,106.0,107.16000366210938,5237
2020-01-20,XSMI.MI,107.23999786376953,107.45999908447266,107.22000122070312,107.30000305175781,746
2020-01-21,XSMI.MI,107.0,107.69999694824219,106.86000061035156,107.69999694824219,925
2020-01-22,XSMI.MI,107.72000122070312,108.23999786376953,107.72000122070312,107.73999786376953,3946
2020-01-23,XSMI.MI,107.77999877929688,107.77999877929688,107.26000213623047,107.37999725341797,378
2020-01-24,XSMI.MI,107.80000305175781,108.22000122070312,107.68000030517578,107.69999694824219,2058
2020-01-27,XSMI.MI,107.08000183105469,107.08000183105469,106.04000091552734,106.30000305175781,2365
2020-01-28,XSMI.MI,106.91999816894531,107.05999755859375,106.44000244140625,106.94000244140625,924
2020-01-29,XSMI.MI,107.04000091552734,107.68000030517578,107.04000091552734,107.66000366210938,2103
2020-01-30,XSMI.MI,107.30000305175781,107.31999969482422,106.81999969482422,106.95999908447266,247
2020-01-31,XSMI.MI,107.31999969482422,107.31999969482422,105.87999725341797,105.87999725341797,1621
2020-02-03,XSMI.MI,105.94000244140625,106.33999633789062,105.62000274658203,106.26000213623047,3532
2020-02-04,XSMI.MI,106.66000366210938,107.30000305175781,106.5199966430664,107.30000305175781,1934
2020-02-05,XSMI.MI,107.9000015258789,109.16000366210938,107.81999969482422,109.16000366210938,11698
2020-02-06,XSMI.MI,109.66000366210938,109.66000366210938,109.0999984741211,109.4000015258789,2080
2020-02-07,XSMI.MI,109.19999694824219,109.36000061035156,109.0999984741211,109.26000213623047,1150
2020-02-10,XSMI.MI,108.86000061035156,109.9800033569336,108.86000061035156,109.9800033569336,439
2020-02-11,XSMI.MI,110.5999984741211,110.63999938964844,110.37999725341797,110.58000183105469,4690
2020-02-12,XSMI.MI,110.62000274658203,110.87999725341797,110.44000244140625,110.54000091552734,2610
2020-02-13,XSMI.MI,110.12000274658203,110.5199966430664,109.81999969482422,110.5199966430664,727
2020-02-14,XSMI.MI,110.66000366210938,111.04000091552734,110.66000366210938,110.91999816894531,371
2020-02-17,XSMI.MI,110.91999816894531,111.45999908447266,110.91999816894531,111.45999908447266,4556
2020-02-18,XSMI.MI,110.9800033569336,111.5999984741211,110.9800033569336,111.44000244140625,904
2020-02-19,XSMI.MI,111.91999816894531,112.69999694824219,111.91999816894531,112.63999938964844,1202
2020-02-20,XSMI.MI,112.77999877929688,112.77999877929688,111.83999633789062,111.83999633789062,1102
2020-02-21,XSMI.MI,111.33999633789062,111.9000015258789,110.72000122070312,111.19999694824219,1420
2020-02-24,XSMI.MI,109.18000030517578,109.19999694824219,107.22000122070312,107.44000244140625,7271
2020-02-25,XSMI.MI,107.37999725341797,107.5999984741211,105.0,105.0999984741211,6913
2020-02-26,XSMI.MI,104.4000015258789,105.44000244140625,103.95999908447266,105.22000122070312,2042
2020-02-27,XSMI.MI,103.33999633789062,103.77999877929688,100.91999816894531,102.05999755859375,1678
2020-02-28,XSMI.MI,99.26000213623047,99.69999694824219,97.80000305175781,98.43000030517578,3227
2020-03-02,XSMI.MI,99.94999694824219,100.77999877929688,98.05000305175781,99.06999969482422,6666
2020-03-03,XSMI.MI,100.95999908447266,103.23999786376953,100.95999908447266,101.12000274658203,1493
2020-03-04,XSMI.MI,101.95999908447266,103.33999633789062,101.95999908447266,103.33999633789062,2070
2020-03-05,XSMI.MI,103.9000015258789,104.0,101.5,102.55999755859375,857
2020-03-06,XSMI.MI,100.36000061035156,100.63999938964844,98.5,98.77999877929688,5174
2020-03-09,XSMI.MI,95.01000213623047,96.0,92.5999984741211,93.30999755859375,5283
2020-03-10,XSMI.MI,95.33999633789062,97.11000061035156,93.4000015258789,93.5199966430664,9203
2020-03-11,XSMI.MI,94.33999633789062,94.63999938964844,92.9800033569336,92.9800033569336,4461
2020-03-12,XSMI.MI,88.87999725341797,89.08000183105469,84.41000366210938,85.05999755859375,2193
2020-03-13,XSMI.MI,86.69999694824219,91.11000061035156,85.44999694824219,86.05999755859375,2316
2020-03-16,XSMI.MI,78.98999786376953,84.69999694824219,78.95999908447266,84.55999755859375,1822
2020-03-17,XSMI.MI,84.19999694824219,87.2699966430664,83.2699966430664,87.16999816894531,3067
2020-03-18,XSMI.MI,85.30999755859375,86.9000015258789,83.83000183105469,85.58999633789062,5229
2020-03-19,XSMI.MI,87.70999908447266,90.81999969482422,86.94999694824219,90.81999969482422,5366
2020-03-20,XSMI.MI,93.0,94.0,88.76000213623047,88.76000213623047,1074
2020-03-23,XSMI.MI,87.0,87.62999725341797,84.37999725341797,84.37999725341797,1088
2020-03-24,XSMI.MI,87.0,88.98999786376953,87.0,88.98999786376953,1593
2020-03-25,XSMI.MI,90.91999816894531,92.19999694824219,89.06999969482422,91.30000305175781,2298
2020-03-26,XSMI.MI,90.5199966430664,93.33999633789062,90.0,93.33999633789062,3064
2020-03-27,XSMI.MI,92.01000213623047,92.4000015258789,91.33999633789062,91.95999908447266,595
2020-03-30,XSMI.MI,93.18000030517578,93.81999969482422,91.37999725341797,93.81999969482422,375
2020-03-31,XSMI.MI,94.12000274658203,95.94000244140625,93.9000015258789,95.36000061035156,4707
2020-04-01,XSMI.MI,92.2699966430664,94.31999969482422,92.2699966430664,93.94999694824219,3101
2020-04-02,XSMI.MI,97.08999633789062,97.08999633789062,94.12000274658203,95.37000274658203,4332
2020-04-03,XSMI.MI,96.30000305175781,96.30999755859375,95.52999877929688,95.69999694824219,1123
2020-04-06,XSMI.MI,97.55000305175781,98.19999694824219,97.0199966430664,97.87000274658203,1362
2020-04-07,XSMI.MI,99.0,99.0,97.69000244140625,97.93000030517578,1070
2020-04-08,XSMI.MI,97.08000183105469,97.45999908447266,96.5,97.45999908447266,422
2020-04-09,XSMI.MI,97.83000183105469,97.83000183105469,96.5199966430664,97.47000122070312,1312
2020-04-14,XSMI.MI,98.55000305175781,99.69000244140625,97.83999633789062,98.45999908447266,2350
2020-04-15,XSMI.MI,98.8499984741211,98.8499984741211,96.73999786376953,96.73999786376953,1605
2020-04-16,XSMI.MI,97.7699966430664,98.4000015258789,97.76000213623047,98.38999938964844,166
2020-04-17,XSMI.MI,100.0,100.41999816894531,99.5,99.9000015258789,5386
2020-04-20,XSMI.MI,100.66000366210938,101.72000122070312,100.0199966430664,101.72000122070312,735
2020-04-21,XSMI.MI,100.68000030517578,100.68000030517578,99.4000015258789,99.58000183105469,1486
2020-04-22,XSMI.MI,98.44000244140625,98.95999908447266,98.33000183105469,98.83999633789062,778
2020-04-23,XSMI.MI,98.5,99.33999633789062,98.0,98.73999786376953,227
2020-04-24,XSMI.MI,98.38999938964844,99.37999725341797,98.38999938964844,98.7300033569336,302
2020-04-27,XSMI.MI,99.80000305175781,100.12000274658203,99.08999633789062,99.7699966430664,2150
2020-04-28,XSMI.MI,100.0,101.31999969482422,100.0,100.81999969482422,1013
2020-04-29,XSMI.MI,100.19999694824219,100.36000061035156,99.9000015258789,100.36000061035156,1242
2020-04-30,XSMI.MI,100.16000366210938,100.16000366210938,98.02999877929688,98.02999877929688,3528
2020-05-04,XSMI.MI,96.80000305175781,97.0199966430664,96.12999725341797,96.12999725341797,1238
2020-05-05,XSMI.MI,97.06999969482422,97.61000061035156,96.75,97.58999633789062,1807
2020-05-06,XSMI.MI,97.61000061035156,98.48999786376953,97.61000061035156,98.45999908447266,1292
2020-05-07,XSMI.MI,98.83000183105469,99.0,98.33000183105469,98.91000366210938,48
2020-05-08,XSMI.MI,99.54000091552734,99.61000061035156,99.0999984741211,99.33999633789062,2385
2020-05-11,XSMI.MI,99.5,99.97000122070312,98.8499984741211,99.8499984741211,1450
2020-05-12,XSMI.MI,100.0,100.5,99.91000366210938,99.91000366210938,953
2020-05-13,XSMI.MI,99.5199966430664,99.56999969482422,99.22000122070312,99.2699966430664,2283
2020-05-14,XSMI.MI,98.5,98.5,97.16000366210938,97.54000091552734,1001
2020-05-15,XSMI.MI,98.63999938964844,98.63999938964844,97.95999908447266,97.95999908447266,723
2020-05-18,XSMI.MI,99.44000244140625,100.18000030517578,99.30000305175781,100.0199966430664,808
2020-05-19,XSMI.MI,99.01000213623047,99.58999633789062,99.0,99.45999908447266,900
2020-05-20,XSMI.MI,99.44999694824219,99.94999694824219,99.44999694824219,99.94999694824219,1740
2020-05-21,XSMI.MI,99.27999877929688,99.33999633789062,98.81999969482422,98.81999969482422,846
2020-05-22,XSMI.MI,98.20999908447266,98.80999755859375,98.11000061035156,98.80999755859375,1899
2020-05-25,XSMI.MI,99.63999938964844,100.27999877929688,99.63999938964844,100.26000213623047,447
2020-05-26,XSMI.MI,100.04000091552734,100.04000091552734,99.63999938964844,99.69999694824219,729
2020-05-27,XSMI.MI,99.62999725341797,99.62999725341797,98.0199966430664,98.0199966430664,1881
2020-05-28,XSMI.MI,98.7300033569336,100.04000091552734,98.7300033569336,99.93000030517578,4350
2020-05-29,XSMI.MI,99.12999725341797,99.72000122070312,98.80999755859375,98.80999755859375,1527
2020-06-01,XSMI.MI,99.94999694824219,100.33999633789062,99.5999984741211,99.97000122070312,404
2020-06-02,XSMI.MI,100.13999938964844,100.13999938964844,99.3499984741211,99.41999816894531,442
2020-06-03,XSMI.MI,99.69000244140625,100.66000366210938,99.69000244140625,100.66000366210938,1600
2020-06-04,XSMI.MI,100.9000015258789,101.05999755859375,98.19999694824219,99.30999755859375,4921
2020-06-05,XSMI.MI,99.16999816894531,99.69000244140625,99.08999633789062,99.69000244140625,3987
2020-06-08,XSMI.MI,99.13999938964844,100.26000213623047,99.13999938964844,100.26000213623047,607
2020-06-09,XSMI.MI,100.41999816894531,101.5,100.41999816894531,101.19999694824219,2064
2020-06-10,XSMI.MI,101.0999984741211,101.5,100.86000061035156,101.30000305175781,2448
2020-06-11,XSMI.MI,100.41999816894531,100.41999816894531,98.83999633789062,98.83999633789062,996
2020-06-12,XSMI.MI,98.37000274658203,99.12000274658203,97.81999969482422,98.26000213623047,1969
2020-06-15,XSMI.MI,97.19000244140625,99.0199966430664,97.19000244140625,98.66999816894531,3190
2020-06-16,XSMI.MI,100.19999694824219,101.0199966430664,99.9800033569336,100.69999694824219,1009
2020-06-17,XSMI.MI,101.12000274658203,102.69999694824219,101.12000274658203,102.69999694824219,3194
2020-06-18,XSMI.MI,102.5,102.62000274658203,102.37999725341797,102.5199966430664,24276
2020-06-19,XSMI.MI,103.4800033569336,103.80000305175781,103.45999908447266,103.5,2098
2020-06-22,XSMI.MI,103.4000015258789,103.4000015258789,102.33999633789062,102.33999633789062,1450
2020-06-23,XSMI.MI,102.44000244140625,102.87999725341797,102.44000244140625,102.81999969482422,37568
2020-06-24,XSMI.MI,102.44000244140625,102.44000244140625,100.73999786376953,100.73999786376953,987
2020-06-25,XSMI.MI,100.94000244140625,101.66000366210938,100.0999984741211,101.66000366210938,2398
2020-06-26,XSMI.MI,102.0999984741211,102.41999816894531,101.5199966430664,101.5199966430664,385
2020-06-29,XSMI.MI,101.08000183105469,101.4800033569336,101.08000183105469,101.13999938964844,868
2020-06-30,XSMI.MI,101.18000030517578,101.19999694824219,100.81999969482422,101.19999694824219,1791
2020-07-01,XSMI.MI,101.81999969482422,102.19999694824219,101.4000015258789,101.76000213623047,1352
2020-07-02,XSMI.MI,102.16000366210938,102.77999877929688,102.0,102.77999877929688,1208
2020-07-03,XSMI.MI,102.94000244140625,102.94000244140625,102.13999938964844,102.13999938964844,900
2020-07-06,XSMI.MI,103.19999694824219,103.22000122070312,102.81999969482422,103.19999694824219,556
2020-07-07,XSMI.MI,102.30000305175781,102.83999633789062,102.30000305175781,102.83999633789062,1107
2020-07-08,XSMI.MI,102.9800033569336,102.9800033569336,102.31999969482422,102.73999786376953,764
2020-07-09,XSMI.MI,102.9800033569336,103.58000183105469,102.41999816894531,102.5,54177
2020-07-10,XSMI.MI,102.5,103.30000305175781,102.4800033569336,103.30000305175781,5980
2020-07-13,XSMI.MI,103.68000030517578,103.80000305175781,102.91999816894531,103.36000061035156,1025
2020-07-14,XSMI.MI,102.19999694824219,102.83999633789062,102.04000091552734,102.69999694824219,618
2020-07-15,XSMI.MI,103.45999908447266,104.4000015258789,103.4000015258789,104.05999755859375,1350
2020-07-16,XSMI.MI,103.54000091552734,103.55999755859375,103.0199966430664,103.55999755859375,501
2020-07-17,XSMI.MI,103.69999694824219,104.08000183105469,103.63999938964844,104.0,1209
2020-07-20,XSMI.MI,103.83999633789062,104.55999755859375,103.83999633789062,104.33999633789062,4438
2020-07-21,XSMI.MI,104.83999633789062,104.9000015258789,103.9000015258789,103.9800033569336,10448
2020-07-22,XSMI.MI,103.77999877929688,103.94000244140625,103.41999816894531,103.94000244140625,5649
2020-07-23,XSMI.MI,104.33999633789062,104.5199966430664,103.9000015258789,103.91999816894531,37642
2020-07-24,XSMI.MI,102.45999908447266,102.91999816894531,101.9800033569336,102.16000366210938,4789
2020-07-27,XSMI.MI,102.27999877929688,102.30000305175781,101.87999725341797,101.87999725341797,771
2020-07-28,XSMI.MI,102.4800033569336,102.66000366210938,102.19999694824219,102.66000366210938,4676
2020-07-29,XSMI.MI,102.87999725341797,102.87999725341797,102.4000015258789,102.54000091552734,1489
2020-07-30,XSMI.MI,102.83999633789062,102.83999633789062,100.4800033569336,101.05999755859375,1869
2020-07-31,XSMI.MI,101.5,101.5999984741211,99.80999755859375,99.80999755859375,570
2020-08-03,XSMI.MI,99.54000091552734,101.86000061035156,99.54000091552734,101.63999938964844,3668
2020-08-04,XSMI.MI,101.08000183105469,101.31999969482422,101.04000091552734,101.23999786376953,656
2020-08-05,XSMI.MI,101.4000015258789,101.68000030517578,100.5999984741211,100.5999984741211,537
2020-08-06,XSMI.MI,100.0999984741211,100.30000305175781,100.0199966430664,100.30000305175781,821
2020-08-07,XSMI.MI,100.0,100.77999877929688,99.94000244140625,100.41999816894531,791
2020-08-10,XSMI.MI,100.73999786376953,100.80000305175781,100.5199966430664,100.54000091552734,14405
2020-08-11,XSMI.MI,101.58000183105469,101.58000183105469,100.77999877929688,100.81999969482422,1455
2020-08-12,XSMI.MI,101.4000015258789,102.4800033569336,101.4000015258789,102.4000015258789,217
2020-08-13,XSMI.MI,102.41999816894531,102.41999816894531,102.04000091552734,102.19999694824219,585
2020-08-14,XSMI.MI,101.4000015258789,101.4000015258789,101.30000305175781,101.30000305175781,180
2020-08-17,XSMI.MI,101.30000305175781,102.0,101.30000305175781,102.0,811
2020-08-18,XSMI.MI,101.54000091552734,102.04000091552734,101.22000122070312,101.22000122070312,10430
2020-08-19,XSMI.MI,101.08000183105469,102.16000366210938,101.08000183105469,102.16000366210938,326
2020-08-20,XSMI.MI,101.86000061035156,102.05999755859375,101.66000366210938,102.05999755859375,234
2020-08-21,XSMI.MI,102.62000274658203,102.62000274658203,101.66000366210938,102.18000030517578,120
2020-08-24,XSMI.MI,103.16000366210938,103.27999877929688,102.9000015258789,102.9000015258789,1012
2020-08-25,XSMI.MI,103.0,103.26000213623047,102.33999633789062,102.33999633789062,226
2020-08-26,XSMI.MI,102.45999908447266,103.12000274658203,102.45999908447266,103.12000274658203,110
2020-08-27,XSMI.MI,102.69999694824219,103.13999938964844,102.58000183105469,102.58000183105469,1281
2020-08-28,XSMI.MI,102.44000244140625,102.44000244140625,101.31999969482422,101.45999908447266,2701
2020-08-31,XSMI.MI,102.0999984741211,102.0999984741211,100.91999816894531,100.91999816894531,2213
2020-09-01,XSMI.MI,101.80000305175781,101.80000305175781,100.4800033569336,100.83999633789062,292
2020-09-02,XSMI.MI,102.5,103.44000244140625,102.5,103.36000061035156,2441
2020-09-03,XSMI.MI,104.05999755859375,104.30000305175781,101.63999938964844,101.80000305175781,1439
2020-09-04,XSMI.MI,102.05999755859375,102.4000015258789,100.5999984741211,100.72000122070312,1342
2020-09-07,XSMI.MI,101.5199966430664,102.18000030517578,101.5199966430664,102.0,835
2020-09-08,XSMI.MI,101.4800033569336,101.62000274658203,100.83999633789062,101.5999984741211,1037
2020-09-09,XSMI.MI,102.26000213623047,103.4000015258789,102.26000213623047,103.4000015258789,7866
2020-09-10,XSMI.MI,103.77999877929688,103.77999877929688,103.13999938964844,103.22000122070312,508
2020-09-11,XSMI.MI,103.5199966430664,104.27999877929688,103.5199966430664,104.0,457
2020-09-14,XSMI.MI,104.31999969482422,104.31999969482422,103.66000366210938,103.91999816894531,21
2020-09-15,XSMI.MI,104.31999969482422,104.9800033569336,104.31999969482422,104.5999984741211,2680
2020-09-16,XSMI.MI,104.86000061035156,105.19999694824219,104.86000061035156,105.0,901
2020-09-17,XSMI.MI,104.4000015258789,104.81999969482422,104.26000213623047,104.68000030517578,1923
2020-09-18,XSMI.MI,104.55999755859375,105.16000366210938,104.45999908447266,104.45999908447266,5186
2020-09-21,XSMI.MI,103.94000244140625,103.94000244140625,102.55999755859375,102.68000030517578,411
2020-09-22,XSMI.MI,103.05999755859375,103.36000061035156,102.86000061035156,102.9800033569336,1496
2020-09-23,XSMI.MI,102.95999908447266,103.73999786376953,102.5999984741211,102.5999984741211,934
2020-09-24,XSMI.MI,101.69999694824219,102.0999984741211,101.18000030517578,101.18000030517578,1760
2020-09-25,XSMI.MI,101.36000061035156,101.62000274658203,101.13999938964844,101.54000091552734,796
2020-09-28,XSMI.MI,102.63999938964844,102.63999938964844,101.95999908447266,102.4800033569336,254
2020-09-29,XSMI.MI,102.05999755859375,102.12000274658203,101.41999816894531,101.5199966430664,135
2020-09-30,XSMI.MI,101.4000015258789,101.94000244140625,101.4000015258789,101.4800033569336,226
2020-10-01,XSMI.MI,102.18000030517578,102.41999816894531,101.81999969482422,101.81999969482422,1713
2020-10-02,XSMI.MI,100.9800033569336,102.12000274658203,100.9800033569336,102.12000274658203,1183
2020-10-05,XSMI.MI,102.9800033569336,102.9800033569336,102.26000213623047,102.4000015258789,1463
2020-10-06,XSMI.MI,102.19999694824219,102.19999694824219,101.45999908447266,101.72000122070312,770
2020-10-07,XSMI.MI,102.0,102.0,101.0,101.19999694824219,389
2020-10-08,XSMI.MI,101.62000274658203,102.16000366210938,101.55999755859375,101.9000015258789,292
2020-10-09,XSMI.MI,102.41999816894531,102.68000030517578,102.41999816894531,102.63999938964844,268
2020-10-12,XSMI.MI,102.63999938964844,103.58000183105469,102.63999938964844,103.37999725341797,312
2020-10-13,XSMI.MI,103.23999786376953,103.83999633789062,103.08000183105469,103.08000183105469,2446
2020-10-14,XSMI.MI,103.58000183105469,103.58000183105469,102.62000274658203,102.69999694824219,371
2020-10-15,XSMI.MI,101.37999725341797,101.4000015258789,100.5199966430664,100.9000015258789,16459
2020-10-16,XSMI.MI,101.16000366210938,102.19999694824219,101.16000366210938,102.0199966430664,558
2020-10-19,XSMI.MI,102.66000366210938,102.66000366210938,101.66000366210938,101.76000213623047,733
2020-10-20,XSMI.MI,101.76000213623047,101.76000213623047,101.22000122070312,101.22000122070312,779
2020-10-21,XSMI.MI,101.0999984741211,101.12000274658203,99.80000305175781,99.80000305175781,11190
2020-10-22,XSMI.MI,99.25,99.87000274658203,98.83999633789062,99.87000274658203,1641
2020-10-23,XSMI.MI,99.87999725341797,100.4000015258789,99.86000061035156,100.04000091552734,2599
2020-10-26,XSMI.MI,99.47000122070312,99.95999908447266,99.47000122070312,99.62000274658203,3149
2020-10-27,XSMI.MI,99.33999633789062,99.4800033569336,98.55000305175781,98.7300033569336,14824
2020-10-28,XSMI.MI,97.38999938964844,97.69000244140625,96.0,96.37999725341797,4603
2020-10-29,XSMI.MI,96.70999908447266,96.81999969482422,95.94000244140625,95.94000244140625,47413
2020-10-30,XSMI.MI,95.55999755859375,96.26000213623047,95.2699966430664,96.26000213623047,28701
2020-11-02,XSMI.MI,97.11000061035156,98.0999984741211,96.88999938964844,98.0999984741211,4398
2020-11-03,XSMI.MI,98.45999908447266,100.12000274658203,98.45999908447266,100.12000274658203,124
2020-11-04,XSMI.MI,101.19999694824219,103.08000183105469,101.19999694824219,103.08000183105469,2544
2020-11-05,XSMI.MI,103.4800033569336,103.4800033569336,102.33999633789062,102.77999877929688,5675
2020-11-06,XSMI.MI,102.0,103.04000091552734,102.0,102.91999816894531,366
2020-11-09,XSMI.MI,103.55999755859375,105.54000091552734,102.5,102.77999877929688,1341
2020-11-10,XSMI.MI,102.23999786376953,102.54000091552734,101.4800033569336,102.04000091552734,2487
2020-11-11,XSMI.MI,102.05999755859375,103.69999694824219,102.05999755859375,103.63999938964844,519
2020-11-12,XSMI.MI,103.58000183105469,103.72000122070312,103.0999984741211,103.45999908447266,17561
2020-11-13,XSMI.MI,103.0,103.27999877929688,102.9000015258789,103.27999877929688,1046
2020-11-16,XSMI.MI,103.0,103.91999816894531,103.0,103.72000122070312,1279
2020-11-17,XSMI.MI,104.0,104.0,103.37999725341797,103.63999938964844,3118
2020-11-18,XSMI.MI,103.37999725341797,103.94000244140625,103.37999725341797,103.68000030517578,472
2020-11-19,XSMI.MI,103.08000183105469,103.08000183105469,102.77999877929688,102.91999816894531,713
2020-11-20,XSMI.MI,102.86000061035156,103.0,102.5199966430664,102.87999725341797,792
2020-11-23,XSMI.MI,103.18000030517578,103.23999786376953,102.23999786376953,102.5199966430664,2174
2020-11-24,XSMI.MI,102.73999786376953,102.73999786376953,101.80000305175781,102.45999908447266,5472
2020-11-25,XSMI.MI,102.33999633789062,102.5199966430664,102.05999755859375,102.4800033569336,669
2020-11-26,XSMI.MI,102.66000366210938,102.95999908447266,102.58000183105469,102.95999908447266,2771
2020-11-27,XSMI.MI,102.69999694824219,102.73999786376953,102.30000305175781,102.73999786376953,1733
2020-11-30,XSMI.MI,102.69999694824219,102.91999816894531,102.31999969482422,102.31999969482422,208
2020-12-01,XSMI.MI,102.05999755859375,102.16000366210938,101.83999633789062,101.94000244140625,1067
2020-12-02,XSMI.MI,101.44000244140625,102.0199966430664,101.44000244140625,101.77999877929688,331
2020-12-03,XSMI.MI,101.87999725341797,101.87999725341797,101.0,101.0,1965
2020-12-04,XSMI.MI,101.27999877929688,101.36000061035156,100.95999908447266,101.33999633789062,638
2020-12-07,XSMI.MI,101.62000274658203,101.94000244140625,101.37999725341797,101.55999755859375,742
2020-12-08,XSMI.MI,101.72000122070312,102.05999755859375,100.83999633789062,101.94000244140625,225
2020-12-09,XSMI.MI,102.45999908447266,102.81999969482422,102.30000305175781,102.45999908447266,825
2020-12-10,XSMI.MI,102.83999633789062,103.0,102.12000274658203,102.12000274658203,262
2020-12-11,XSMI.MI,101.87999725341797,101.95999908447266,101.16000366210938,101.95999908447266,319
2020-12-14,XSMI.MI,102.23999786376953,102.23999786376953,101.5199966430664,101.86000061035156,771
2020-12-15,XSMI.MI,101.95999908447266,101.95999908447266,101.18000030517578,101.4800033569336,277
2020-12-16,XSMI.MI,101.9000015258789,102.37999725341797,101.69999694824219,102.37999725341797,824
2020-12-17,XSMI.MI,102.5,103.18000030517578,102.5,102.76000213623047,3140
2020-12-18,XSMI.MI,103.0199966430664,103.19999694824219,102.73999786376953,102.80000305175781,3379
2020-12-21,XSMI.MI,101.9800033569336,101.9800033569336,100.58000183105469,100.72000122070312,315
2020-12-22,XSMI.MI,101.13999938964844,101.86000061035156,101.13999938964844,101.77999877929688,545
2020-12-23,XSMI.MI,101.63999938964844,101.73999786376953,101.4000015258789,101.63999938964844,273
2020-12-28,XSMI.MI,102.4000015258789,103.26000213623047,102.26000213623047,103.04000091552734,335
2020-12-29,XSMI.MI,103.23999786376953,104.5199966430664,103.23999786376953,104.5199966430664,1435
2020-12-30,XSMI.MI,104.44000244140625,104.69999694824219,104.0199966430664,104.26000213623047,1656
2021-01-04,XSMI.MI,105.27999877929688,105.66000366210938,105.08000183105469,105.18000030517578,3537
2021-01-05,XSMI.MI,105.30000305175781,105.69999694824219,104.72000122070312,104.72000122070312,2622
2021-01-06,XSMI.MI,104.33999633789062,104.86000061035156,104.30000305175781,104.76000213623047,448
2021-01-07,XSMI.MI,104.30000305175781,105.13999938964844,104.22000122070312,104.91999816894531,1730
2021-01-08,XSMI.MI,105.33999633789062,105.33999633789062,105.0,105.18000030517578,822
2021-01-11,XSMI.MI,105.0999984741211,106.0199966430664,104.94000244140625,105.86000061035156,1165
2021-01-12,XSMI.MI,105.80000305175781,106.0,105.68000030517578,105.9000015258789,237
2021-01-13,XSMI.MI,105.9000015258789,106.19999694824219,105.83999633789062,105.94000244140625,1746
2021-01-14,XSMI.MI,106.0,106.33999633789062,105.68000030517578,106.0,980
2021-01-15,XSMI.MI,106.12000274658203,106.62000274658203,105.95999908447266,106.54000091552734,1065
2021-01-18,XSMI.MI,106.54000091552734,107.0,106.27999877929688,106.80000305175781,741
2021-01-19,XSMI.MI,107.0,107.31999969482422,106.4000015258789,106.4000015258789,1091
2021-01-20,XSMI.MI,106.4800033569336,107.19999694824219,106.4800033569336,106.95999908447266,1318
2021-01-21,XSMI.MI,107.33999633789062,107.33999633789062,106.55999755859375,106.77999877929688,513
2021-01-22,XSMI.MI,106.27999877929688,107.0999984741211,106.27999877929688,106.86000061035156,421
2021-01-25,XSMI.MI,107.54000091552734,107.62000274658203,106.87999725341797,106.87999725341797,2334
2021-01-26,XSMI.MI,106.9000015258789,107.4800033569336,106.81999969482422,107.16000366210938,1197
2021-01-27,XSMI.MI,107.69999694824219,107.69999694824219,106.58000183105469,107.0999984741211,762
2021-01-28,XSMI.MI,105.68000030517578,106.87999725341797,105.04000091552734,106.4000015258789,2750
2021-01-29,XSMI.MI,104.81999969482422,105.30000305175781,103.4800033569336,103.4800033569336,3606
2021-02-01,XSMI.MI,104.45999908447266,104.9000015258789,104.13999938964844,104.86000061035156,315
2021-02-02,XSMI.MI,105.4800033569336,105.91999816894531,105.45999908447266,105.62000274658203,2938
2021-02-03,XSMI.MI,106.0199966430664,106.19999694824219,105.27999877929688,105.27999877929688,254
2021-02-04,XSMI.MI,105.22000122070312,105.95999908447266,105.22000122070312,105.87999725341797,2076
2021-02-05,XSMI.MI,105.26000213623047,105.36000061035156,104.76000213623047,104.76000213623047,3064
2021-02-08,XSMI.MI,104.9800033569336,105.44000244140625,104.9800033569336,104.9800033569336,1791
2021-02-09,XSMI.MI,104.77999877929688,105.36000061035156,104.73999786376953,105.30000305175781,2310
2021-02-10,XSMI.MI,105.83999633789062,106.33999633789062,105.5999984741211,105.69999694824219,1134
2021-02-11,XSMI.MI,105.66000366210938,106.16000366210938,105.66000366210938,105.94000244140625,949
2021-02-12,XSMI.MI,106.0999984741211,106.4000015258789,105.68000030517578,106.23999786376953,655
2021-02-15,XSMI.MI,106.44000244140625,106.80000305175781,106.26000213623047,106.80000305175781,726
2021-02-16,XSMI.MI,106.5199966430664,106.81999969482422,106.4800033569336,106.4800033569336,295
2021-02-17,XSMI.MI,105.87999725341797,105.94000244140625,105.4000015258789,105.4000015258789,2564
2021-02-18,XSMI.MI,105.0,105.31999969482422,104.33999633789062,104.33999633789062,735
2021-02-19,XSMI.MI,104.58000183105469,104.5999984741211,103.9800033569336,104.08000183105469,1117
2021-02-22,XSMI.MI,102.62000274658203,103.72000122070312,102.62000274658203,103.5199966430664,767
2021-02-23,XSMI.MI,102.66000366210938,102.66000366210938,101.44000244140625,102.0,843
2021-02-24,XSMI.MI,101.9800033569336,102.4000015258789,101.9800033569336,102.4000015258789,2419
2021-02-25,XSMI.MI,102.0,102.0,101.37999725341797,101.37999725341797,297
2021-02-26,XSMI.MI,101.31999969482422,102.33999633789062,100.63999938964844,100.63999938964844,317
2021-03-01,XSMI.MI,102.13999938964844,102.37999725341797,101.5199966430664,102.22000122070312,901
2021-03-02,XSMI.MI,102.5,103.19999694824219,102.5,102.91999816894531,208
2021-03-03,XSMI.MI,102.87999725341797,102.91999816894531,101.77999877929688,102.04000091552734,708
2021-03-04,XSMI.MI,101.44000244140625,102.04000091552734,101.44000244140625,101.77999877929688,215
2021-03-05,XSMI.MI,101.18000030517578,102.22000122070312,100.87999725341797,100.87999725341797,2552
2021-03-08,XSMI.MI,101.66000366210938,102.95999908447266,101.66000366210938,102.95999908447266,2300
2021-03-09,XSMI.MI,102.33999633789062,103.72000122070312,102.12000274658203,103.72000122070312,338
2021-03-10,XSMI.MI,103.22000122070312,104.23999786376953,103.22000122070312,103.87999725341797,973
2021-03-11,XSMI.MI,103.91999816894531,103.91999816894531,103.58000183105469,103.76000213623047,639
2021-03-12,XSMI.MI,103.36000061035156,103.36000061035156,102.83999633789062,103.12000274658203,322
2021-03-15,XSMI.MI,103.5999984741211,103.5999984741211,103.27999877929688,103.5999984741211,4510
2021-03-16,XSMI.MI,104.26000213623047,104.91999816894531,104.23999786376953,104.83999633789062,193
2021-03-17,XSMI.MI,104.55999755859375,104.55999755859375,103.86000061035156,104.4000015258789,372
2021-03-18,XSMI.MI,104.76000213623047,105.12000274658203,104.33999633789062,104.95999908447266,22145
2021-03-19,XSMI.MI,104.68000030517578,104.94000244140625,104.5999984741211,104.94000244140625,257
2021-03-22,XSMI.MI,105.55999755859375,106.31999969482422,105.55999755859375,106.27999877929688,9
2021-03-23,XSMI.MI,106.18000030517578,106.31999969482422,106.13999938964844,106.31999969482422,604
2021-03-24,XSMI.MI,106.5,106.5,105.91999816894531,106.12000274658203,725
2021-03-25,XSMI.MI,106.30000305175781,106.5199966430664,106.22000122070312,106.5199966430664,2623
2021-03-26,XSMI.MI,106.5,106.5,106.13999938964844,106.27999877929688,196
2021-03-29,XSMI.MI,106.69999694824219,106.69999694824219,106.0199966430664,106.63999938964844,2107
2021-03-30,XSMI.MI,106.63999938964844,106.9000015258789,106.4800033569336,106.77999877929688,1527
2021-03-31,XSMI.MI,106.72000122070312,106.72000122070312,106.18000030517578,106.18000030517578,1025
2021-04-01,XSMI.MI,106.4000015258789,106.76000213623047,106.12000274658203,106.76000213623047,1174
2021-04-06,XSMI.MI,107.08000183105469,107.72000122070312,106.9800033569336,107.72000122070312,2191
2021-04-07,XSMI.MI,107.26000213623047,107.54000091552734,107.0,107.30000305175781,1719
2021-04-08,XSMI.MI,107.27999877929688,108.26000213623047,107.27999877929688,108.26000213623047,1502
2021-04-09,XSMI.MI,108.5999984741211,108.83999633789062,108.41999816894531,108.81999969482422,2045
2021-04-12,XSMI.MI,108.73999786376953,108.77999877929688,108.36000061035156,108.54000091552734,2146
2021-04-13,XSMI.MI,108.41999816894531,108.44000244140625,107.66000366210938,107.86000061035156,630
2021-04-14,XSMI.MI,108.19999694824219,108.31999969482422,107.73999786376953,107.73999786376953,1089
2021-04-15,XSMI.MI,108.23999786376953,108.5,108.23999786376953,108.37999725341797,61
2021-04-16,XSMI.MI,108.5199966430664,109.13999938964844,108.36000061035156,109.13999938964844,448
2021-04-19,XSMI.MI,109.37999725341797,109.37999725341797,108.77999877929688,109.04000091552734,422
2021-04-20,XSMI.MI,108.73999786376953,108.73999786376953,107.9000015258789,108.0,461
2021-04-21,XSMI.MI,108.4800033569336,109.0999984741211,108.30000305175781,109.0199966430664,1619
2021-04-22,XSMI.MI,109.5999984741211,109.68000030517578,109.22000122070312,109.4000015258789,1727
2021-04-23,XSMI.MI,108.94000244140625,108.9800033569336,108.72000122070312,108.9800033569336,1022
2021-04-26,XSMI.MI,108.95999908447266,108.95999908447266,108.26000213623047,108.66000366210938,828
2021-04-27,XSMI.MI,108.45999908447266,108.45999908447266,107.80000305175781,107.91999816894531,200
2021-04-28,XSMI.MI,106.12000274658203,106.58000183105469,106.12000274658203,106.44000244140625,1971
2021-04-29,XSMI.MI,106.83999633789062,106.9800033569336,106.27999877929688,106.27999877929688,1158
2021-04-30,XSMI.MI,106.83999633789062,106.83999633789062,106.23999786376953,106.23999786376953,209
2021-05-03,XSMI.MI,107.36000061035156,107.36000061035156,106.81999969482422,106.95999908447266,158
2021-05-04,XSMI.MI,106.77999877929688,106.77999877929688,105.66000366210938,105.72000122070312,893
2021-05-05,XSMI.MI,107.04000091552734,107.30000305175781,107.04000091552734,107.30000305175781,1
2021-05-06,XSMI.MI,107.5,107.5,107.0199966430664,107.31999969482422,274
2021-05-07,XSMI.MI,107.4000015258789,107.9000015258789,107.23999786376953,107.9000015258789,156
2021-05-10,XSMI.MI,107.9000015258789,107.9000015258789,107.37999725341797,107.5999984741211,36228
2021-05-11,XSMI.MI,105.86000061035156,106.0199966430664,105.5999984741211,106.0199966430664,3410
2021-05-12,XSMI.MI,106.19999694824219,106.69999694824219,106.0999984741211,106.41999816894531,626
2021-05-13,XSMI.MI,105.9800033569336,107.30000305175781,105.0,106.81999969482422,6157
2021-05-14,XSMI.MI,107.27999877929688,107.45999908447266,107.12000274658203,107.45999908447266,11580
2021-05-17,XSMI.MI,107.81999969482422,107.91999816894531,107.5,107.91999816894531,2366
2021-05-18,XSMI.MI,107.83999633789062,107.83999633789062,107.55999755859375,107.73999786376953,243
2021-05-19,XSMI.MI,106.5,106.62000274658203,106.33999633789062,106.33999633789062,820
2021-05-20,XSMI.MI,106.86000061035156,107.62000274658203,106.86000061035156,107.62000274658203,65
2021-05-21,XSMI.MI,108.68000030517578,108.73999786376953,108.68000030517578,108.73999786376953,1
2021-05-24,XSMI.MI,109.36000061035156,109.36000061035156,108.68000030517578,109.18000030517578,876
2021-05-25,XSMI.MI,109.27999877929688,109.4800033569336,109.19999694824219,109.19999694824219,550
2021-05-26,XSMI.MI,109.76000213623047,110.0999984741211,109.66000366210938,109.86000061035156,901
2021-05-27,XSMI.MI,109.77999877929688,110.0999984741211,109.66000366210938,109.66000366210938,1059
2021-05-28,XSMI.MI,109.81999969482422,110.58000183105469,109.81999969482422,110.37999725341797,400
2021-05-31,XSMI.MI,110.23999786376953,110.41999816894531,109.62000274658203,109.62000274658203,3062
2021-06-01,XSMI.MI,109.95999908447266,110.87999725341797,109.81999969482422,110.5,1209
2021-06-02,XSMI.MI,110.9800033569336,110.9800033569336,110.68000030517578,110.77999877929688,91
2021-06-03,XSMI.MI,110.63999938964844,111.23999786376953,110.5999984741211,111.23999786376953,548
2021-06-04,XSMI.MI,111.45999908447266,112.18000030517578,111.44000244140625,112.18000030517578,287
2021-06-07,XSMI.MI,111.9000015258789,112.81999969482422,111.9000015258789,112.81999969482422,3830
2021-06-08,XSMI.MI,113.30000305175781,113.73999786376953,113.16000366210938,113.23999786376953,4232
2021-06-09,XSMI.MI,113.04000091552734,114.5,113.04000091552734,114.5,1627
2021-06-10,XSMI.MI,115.0,115.04000091552734,114.58000183105469,114.9000015258789,1011
2021-06-11,XSMI.MI,114.87999725341797,115.5999984741211,114.80000305175781,115.33999633789062,666
2021-06-14,XSMI.MI,115.26000213623047,115.36000061035156,115.0999984741211,115.31999969482422,1662
2021-06-15,XSMI.MI,115.69999694824219,116.31999969482422,115.69999694824219,116.05999755859375,2568
2021-06-16,XSMI.MI,116.0999984741211,116.63999938964844,116.0999984741211,116.4800033569336,1193
2021-06-17,XSMI.MI,115.9800033569336,116.37999725341797,115.62000274658203,116.37999725341797,2917
2021-06-18,XSMI.MI,116.63999938964844,116.69999694824219,115.68000030517578,115.68000030517578,338
2021-06-21,XSMI.MI,115.69999694824219,116.18000030517578,115.22000122070312,116.18000030517578,973
2021-06-22,XSMI.MI,115.69999694824219,116.05999755859375,115.58000183105469,115.91999816894531,483
2021-06-23,XSMI.MI,115.5199966430664,115.81999969482422,115.12000274658203,115.13999938964844,1426
2021-06-24,XSMI.MI,115.5999984741211,116.04000091552734,115.44000244140625,115.87999725341797,1567
2021-06-25,XSMI.MI,115.73999786376953,116.12000274658203,115.73999786376953,115.9800033569336,1088
2021-06-28,XSMI.MI,116.22000122070312,116.23999786376953,116.0,116.08000183105469,923
2021-06-29,XSMI.MI,116.5999984741211,116.5999984741211,116.23999786376953,116.44000244140625,241
2021-06-30,XSMI.MI,116.13999938964844,116.13999938964844,115.41999816894531,115.5999984741211,6501
2021-07-01,XSMI.MI,115.76000213623047,115.76000213623047,115.4000015258789,115.72000122070312,658
2021-07-02,XSMI.MI,116.30000305175781,116.30000305175781,115.81999969482422,116.13999938964844,166
2021-07-05,XSMI.MI,115.62000274658203,116.04000091552734,115.62000274658203,115.95999908447266,438
2021-07-06,XSMI.MI,116.23999786376953,116.5,115.94000244140625,116.13999938964844,1027
2021-07-07,XSMI.MI,116.72000122070312,117.36000061035156,116.68000030517578,117.36000061035156,347
2021-07-08,XSMI.MI,116.76000213623047,117.05999755859375,116.33999633789062,116.72000122070312,912
2021-07-09,XSMI.MI,117.13999938964844,117.27999877929688,116.86000061035156,117.0199966430664,186
2021-07-12,XSMI.MI,116.86000061035156,117.77999877929688,116.86000061035156,117.73999786376953,2451
2021-07-13,XSMI.MI,117.36000061035156,117.94000244140625,117.36000061035156,117.94000244140625,585
2021-07-14,XSMI.MI,117.36000061035156,117.77999877929688,117.33999633789062,117.77999877929688,220
2021-07-15,XSMI.MI,117.62000274658203,117.86000061035156,116.91999816894531,116.91999816894531,1067
2021-07-16,XSMI.MI,117.22000122070312,117.31999969482422,116.91999816894531,117.31999969482422,970
2021-07-19,XSMI.MI,116.5,116.5,115.77999877929688,116.12000274658203,17636
2021-07-20,XSMI.MI,117.18000030517578,117.19999694824219,116.54000091552734,116.62000274658203,50900
2021-07-21,XSMI.MI,117.5,117.58000183105469,117.26000213623047,117.58000183105469,400
2021-07-22,XSMI.MI,117.45999908447266,117.45999908447266,116.63999938964844,117.0199966430664,138
2021-07-23,XSMI.MI,117.72000122070312,118.54000091552734,117.66000366210938,118.41999816894531,154
2021-07-26,XSMI.MI,118.13999938964844,118.13999938964844,117.5,117.76000213623047,946
2021-07-27,XSMI.MI,117.19999694824219,117.68000030517578,117.19999694824219,117.45999908447266,147
2021-07-28,XSMI.MI,117.83999633789062,118.05999755859375,117.69999694824219,118.05999755859375,64
2021-07-29,XSMI.MI,118.0,118.37999725341797,118.0,118.37999725341797,152
2021-07-30,XSMI.MI,117.9000015258789,119.0999984741211,117.9000015258789,119.0999984741211,1564
2021-08-02,XSMI.MI,119.41999816894531,119.5,118.9800033569336,119.5,568
2021-08-03,XSMI.MI,119.76000213623047,119.76000213623047,119.54000091552734,119.68000030517578,240
2021-08-04,XSMI.MI,119.87999725341797,120.05999755859375,119.62000274658203,119.62000274658203,302
2021-08-05,XSMI.MI,119.77999877929688,119.95999908447266,119.5999984741211,119.9000015258789,2325
2021-08-06,XSMI.MI,119.91999816894531,120.16000366210938,119.27999877929688,119.36000061035156,1904
2021-08-09,XSMI.MI,119.81999969482422,120.31999969482422,119.68000030517578,120.23999786376953,546
2021-08-10,XSMI.MI,120.26000213623047,120.54000091552734,120.23999786376953,120.5,405
2021-08-11,XSMI.MI,120.63999938964844,120.9800033569336,120.63999938964844,120.76000213623047,120
2021-08-12,XSMI.MI,121.0,121.04000091552734,120.83999633789062,121.0,1961
2021-08-13,XSMI.MI,121.23999786376953,121.54000091552734,121.23999786376953,121.54000091552734,53
2021-08-16,XSMI.MI,121.37999725341797,121.86000061035156,121.31999969482422,121.86000061035156,693
2021-08-17,XSMI.MI,122.08000183105469,123.12000274658203,122.08000183105469,123.12000274658203,613
2021-08-18,XSMI.MI,123.4000015258789,123.5999984741211,123.12000274658203,123.22000122070312,381
2021-08-19,XSMI.MI,122.80000305175781,122.80000305175781,121.36000061035156,122.18000030517578,1083
2021-08-20,XSMI.MI,122.44000244140625,122.62000274658203,121.9000015258789,122.5,577
2021-08-23,XSMI.MI,122.55999755859375,123.04000091552734,122.5,123.04000091552734,1942
2021-08-24,XSMI.MI,123.45999908447266,123.45999908447266,122.5999984741211,122.5999984741211,902
2021-08-25,XSMI.MI,122.33999633789062,122.33999633789062,121.55999755859375,121.55999755859375,224
2021-08-26,XSMI.MI,121.23999786376953,121.4800033569336,121.23999786376953,121.4800033569336,89
2021-08-27,XSMI.MI,121.45999908447266,122.19999694824219,121.45999908447266,122.19999694824219,191
2021-08-30,XSMI.MI,121.9800033569336,121.9800033569336,121.55999755859375,121.69999694824219,2788
2021-08-31,XSMI.MI,121.86000061035156,121.9800033569336,121.30000305175781,121.30000305175781,364
2021-09-01,XSMI.MI,121.73999786376953,121.73999786376953,121.19999694824219,121.23999786376953,417
2021-09-02,XSMI.MI,121.45999908447266,121.45999908447266,121.0999984741211,121.0999984741211,405
2021-09-03,XSMI.MI,120.9000015258789,120.91999816894531,120.36000061035156,120.36000061035156,262
2021-09-06,XSMI.MI,120.9000015258789,121.12000274658203,120.73999786376953,121.0199966430664,1497
2021-09-07,XSMI.MI,120.69999694824219,120.80000305175781,120.0999984741211,120.0999984741211,829
2021-09-08,XSMI.MI,118.55999755859375,119.0,118.45999908447266,118.55999755859375,306
2021-09-09,XSMI.MI,118.0999984741211,118.54000091552734,117.9800033569336,118.36000061035156,805
2021-09-10,XSMI.MI,118.5199966430664,118.54000091552734,117.66000366210938,117.66000366210938,154
2021-09-13,XSMI.MI,118.0999984741211,118.23999786376953,117.5,117.5199966430664,99
2021-09-14,XSMI.MI,117.37999725341797,117.95999908447266,117.23999786376953,117.91999816894531,92
2021-09-15,XSMI.MI,117.91999816894531,117.91999816894531,116.86000061035156,116.86000061035156,214
2021-09-16,XSMI.MI,117.62000274658203,117.62000274658203,117.30000305175781,117.30000305175781,346
2021-09-17,XSMI.MI,117.31999969482422,117.31999969482422,115.73999786376953,115.87999725341797,276
2021-09-20,XSMI.MI,114.33999633789062,114.68000030517578,113.81999969482422,114.68000030517578,646
2021-09-21,XSMI.MI,114.95999908447266,115.87999725341797,114.95999908447266,115.76000213623047,68
2021-09-22,XSMI.MI,116.30000305175781,116.30000305175781,116.05999755859375,116.23999786376953,182
2021-09-23,XSMI.MI,117.13999938964844,117.26000213623047,116.77999877929688,116.87999725341797,2121
2021-09-24,XSMI.MI,116.5,116.5,115.54000091552734,115.76000213623047,1436
2021-09-27,XSMI.MI,115.62000274658203,115.62000274658203,114.08000183105469,114.36000061035156,76
2021-09-28,XSMI.MI,113.5999984741211,113.5999984741211,111.94000244140625,112.26000213623047,2986
2021-09-29,XSMI.MI,113.16000366210938,113.69999694824219,113.16000366210938,113.69999694824219,375
2021-09-30,XSMI.MI,114.44000244140625,114.5199966430664,113.54000091552734,113.91999816894531,481
2021-10-01,XSMI.MI,113.08000183105469,113.80000305175781,113.04000091552734,113.55999755859375,548
2021-10-04,XSMI.MI,113.05999755859375,114.18000030517578,113.05999755859375,114.05999755859375,38
2021-10-05,XSMI.MI,113.87999725341797,114.18000030517578,113.76000213623047,113.9800033569336,228
2021-10-06,XSMI.MI,112.87999725341797,114.37999725341797,112.5999984741211,114.18000030517578,11
2021-10-07,XSMI.MI,115.4800033569336,115.9000015258789,115.4800033569336,115.9000015258789,50
2021-10-08,XSMI.MI,115.31999969482422,115.81999969482422,114.94000244140625,115.73999786376953,291
2021-10-11,XSMI.MI,115.68000030517578,115.95999908447266,115.68000030517578,115.94000244140625,208
2021-10-12,XSMI.MI,115.31999969482422,116.05999755859375,115.31999969482422,115.68000030517578,395
2021-10-13,XSMI.MI,115.23999786376953,116.4800033569336,115.23999786376953,116.4800033569336,9
2021-10-14,XSMI.MI,116.72000122070312,117.58000183105469,116.72000122070312,117.44000244140625,251
2021-10-15,XSMI.MI,117.5199966430664,118.0199966430664,117.27999877929688,118.0,467
2021-10-18,XSMI.MI,117.69999694824219,118.12000274658203,117.69999694824219,118.12000274658203,379
2021-10-19,XSMI.MI,117.86000061035156,117.86000061035156,117.55999755859375,117.55999755859375,86
2021-10-20,XSMI.MI,118.63999938964844,118.63999938964844,118.58000183105469,118.63999938964844,12
2021-10-21,XSMI.MI,118.9000015258789,119.23999786376953,118.5999984741211,119.23999786376953,194
2021-10-22,XSMI.MI,119.37999725341797,119.86000061035156,119.22000122070312,119.68000030517578,368
2021-10-25,XSMI.MI,119.62000274658203,119.62000274658203,119.16000366210938,119.58000183105469,746
2021-10-26,XSMI.MI,120.30000305175781,120.31999969482422,119.77999877929688,120.31999969482422,381
2021-10-27,XSMI.MI,120.5,120.62000274658203,120.23999786376953,120.23999786376953,136
2021-10-28,XSMI.MI,120.44000244140625,120.91999816894531,120.44000244140625,120.91999816894531,232
2021-10-29,XSMI.MI,120.5,121.4800033569336,120.41999816894531,121.23999786376953,437
2021-11-01,XSMI.MI,122.19999694824219,122.66000366210938,122.0999984741211,122.62000274658203,661
2021-11-02,XSMI.MI,122.91999816894531,123.33999633789062,122.80000305175781,123.33999633789062,529
2021-11-03,XSMI.MI,123.62000274658203,124.41999816894531,123.22000122070312,124.26000213623047,2839
2021-11-04,XSMI.MI,125.62000274658203,125.62000274658203,125.0999984741211,125.33999633789062,1302
2021-11-05,XSMI.MI,124.83999633789062,125.69999694824219,124.23999786376953,124.27999877929688,1506
2021-11-08,XSMI.MI,124.0999984741211,124.23999786376953,123.83999633789062,124.12000274658203,431
2021-11-09,XSMI.MI,123.77999877929688,124.45999908447266,123.77999877929688,124.37999725341797,575
2021-11-10,XSMI.MI,124.5,125.0199966430664,124.4000015258789,124.95999908447266,2484
2021-11-11,XSMI.MI,125.0199966430664,125.30000305175781,124.9800033569336,125.30000305175781,272
2021-11-12,XSMI.MI,125.66000366210938,125.9800033569336,125.26000213623047,125.9800033569336,702
2021-11-15,XSMI.MI,126.19999694824219,126.19999694824219,125.87999725341797,126.05999755859375,399
2021-11-16,XSMI.MI,125.87999725341797,126.4000015258789,125.87999725341797,126.33999633789062,891
2021-11-17,XSMI.MI,126.27999877929688,126.9000015258789,126.27999877929688,126.9000015258789,174
2021-11-18,XSMI.MI,127.0,127.0,126.37999725341797,126.45999908447266,1889
2021-11-19,XSMI.MI,127.05999755859375,127.4000015258789,126.72000122070312,126.9000015258789,1600
2021-11-22,XSMI.MI,126.86000061035156,126.87999725341797,126.44000244140625,126.44000244140625,112
2021-11-23,XSMI.MI,125.5999984741211,125.5999984741211,124.36000061035156,124.36000061035156,328
2021-11-24,XSMI.MI,124.72000122070312,124.9800033569336,124.63999938964844,124.9800033569336,215
2021-11-25,XSMI.MI,125.80000305175781,125.80000305175781,125.30000305175781,125.4000015258789,53
2021-11-26,XSMI.MI,122.9800033569336,124.30000305175781,122.9800033569336,123.4000015258789,517
2021-11-29,XSMI.MI,123.58000183105469,124.16000366210938,123.58000183105469,124.0,372
2021-11-30,XSMI.MI,123.05999755859375,123.68000030517578,122.45999908447266,123.44000244140625,353
2021-12-01,XSMI.MI,123.80000305175781,124.5999984741211,123.5,124.37999725341797,338
2021-12-02,XSMI.MI,122.91999816894531,123.5999984741211,122.72000122070312,123.54000091552734,1356
2021-12-03,XSMI.MI,123.9000015258789,124.5999984741211,123.5999984741211,123.77999877929688,2262
2021-12-06,XSMI.MI,124.66000366210938,125.31999969482422,124.41999816894531,125.31999969482422,271
2021-12-07,XSMI.MI,126.30000305175781,127.04000091552734,126.30000305175781,127.04000091552734,1188
2021-12-08,XSMI.MI,127.95999908447266,128.39999389648438,127.30000305175781,127.55999755859375,608
2021-12-09,XSMI.MI,127.95999908447266,127.95999908447266,127.30000305175781,127.63999938964844,274
2021-12-10,XSMI.MI,127.4000015258789,128.22000122070312,127.4000015258789,128.0399932861328,82
2021-12-13,XSMI.MI,128.02000427246094,128.25999450683594,127.68000030517578,127.68000030517578,1097
2021-12-14,XSMI.MI,127.87999725341797,127.9000015258789,126.08000183105469,126.08000183105469,7455
2021-12-15,XSMI.MI,126.4800033569336,127.18000030517578,126.41999816894531,127.18000030517578,398
2021-12-16,XSMI.MI,128.94000244140625,129.63999938964844,128.5800018310547,129.63999938964844,2719
2021-12-17,XSMI.MI,129.39999389648438,129.4199981689453,128.60000610351562,129.17999267578125,305
2021-12-20,XSMI.MI,126.87999725341797,128.22000122070312,126.80000305175781,128.22000122070312,656
2021-12-21,XSMI.MI,128.8000030517578,128.89999389648438,128.3000030517578,128.63999938964844,1139
2021-12-22,XSMI.MI,128.3000030517578,128.9600067138672,128.0800018310547,128.9600067138672,527
2021-12-23,XSMI.MI,128.8800048828125,130.02000427246094,128.8800048828125,130.02000427246094,663
2021-12-27,XSMI.MI,129.24000549316406,131.02000427246094,129.24000549316406,130.9600067138672,596
2021-12-28,XSMI.MI,131.82000732421875,132.22000122070312,131.63999938964844,132.22000122070312,511
2021-12-29,XSMI.MI,132.13999938964844,132.1999969482422,131.60000610351562,131.74000549316406,776
2021-12-30,XSMI.MI,131.97999572753906,132.1999969482422,131.52000427246094,131.6199951171875,445
2022-01-03,XSMI.MI,131.82000732421875,132.5399932861328,131.5399932861328,131.8000030517578,1206
2022-01-04,XSMI.MI,131.82000732421875,132.3800048828125,131.3800048828125,132.05999755859375,1549
2022-01-05,XSMI.MI,131.17999267578125,131.52000427246094,131.10000610351562,131.1199951171875,332
2022-01-06,XSMI.MI,129.5800018310547,130.0,129.5800018310547,129.8000030517578,201
2022-01-07,XSMI.MI,128.94000244140625,129.6999969482422,128.89999389648438,129.0399932861328,253
2022-01-10,XSMI.MI,128.83999633789062,128.86000061035156,126.45999908447266,126.45999908447266,431
2022-01-11,XSMI.MI,127.5199966430664,127.9000015258789,127.23999786376953,127.5199966430664,1725
2022-01-12,XSMI.MI,126.5999984741211,127.77999877929688,126.5999984741211,127.77999877929688,264
2022-01-13,XSMI.MI,127.05999755859375,127.27999877929688,126.5,127.27999877929688,409
2022-01-14,XSMI.MI,126.18000030517578,126.87999725341797,126.04000091552734,126.31999969482422,1239
2022-01-17,XSMI.MI,126.5999984741211,127.68000030517578,126.5999984741211,127.54000091552734,956
2022-01-18,XSMI.MI,126.22000122070312,127.0199966430664,126.12000274658203,126.86000061035156,882
2022-01-19,XSMI.MI,126.73999786376953,126.81999969482422,126.30000305175781,126.45999908447266,4201
2022-01-20,XSMI.MI,126.30000305175781,127.26000213623047,126.19999694824219,127.26000213623047,786
2022-01-21,XSMI.MI,126.41999816894531,126.5999984741211,125.4000015258789,125.55999755859375,857
2022-01-24,XSMI.MI,125.08000183105469,125.08000183105469,120.9800033569336,120.9800033569336,1824
2022-01-25,XSMI.MI,120.94000244140625,121.4000015258789,120.81999969482422,121.13999938964844,3654
2022-01-26,XSMI.MI,122.16000366210938,122.91999816894531,122.13999938964844,122.13999938964844,560
2022-01-27,XSMI.MI,121.08000183105469,123.08000183105469,121.08000183105469,123.08000183105469,597
2022-01-28,XSMI.MI,122.68000030517578,122.68000030517578,121.23999786376953,122.4000015258789,703
2022-01-31,XSMI.MI,123.5999984741211,123.69999694824219,122.86000061035156,123.22000122070312,5650
2022-02-01,XSMI.MI,125.0,125.63999938964844,124.54000091552734,125.0,581
2022-02-02,XSMI.MI,125.36000061035156,125.5,124.66000366210938,125.12000274658203,305
2022-02-03,XSMI.MI,124.41999816894531,124.41999816894531,122.41999816894531,122.41999816894531,620
2022-02-04,XSMI.MI,121.33999633789062,121.33999633789062,120.37999725341797,120.37999725341797,725
2022-02-07,XSMI.MI,120.68000030517578,121.33999633789062,120.63999938964844,121.33999633789062,124
2022-02-08,XSMI.MI,121.4800033569336,121.69999694824219,120.63999938964844,120.91999816894531,941
2022-02-09,XSMI.MI,122.12000274658203,123.22000122070312,122.12000274658203,123.0999984741211,959
2022-02-10,XSMI.MI,122.91999816894531,122.91999816894531,121.5999984741211,121.62000274658203,1166
2022-02-11,XSMI.MI,121.4000015258789,121.9800033569336,121.4000015258789,121.54000091552734,2615
2022-02-14,XSMI.MI,120.5199966430664,120.5999984741211,119.83999633789062,120.41999816894531,1039
2022-02-15,XSMI.MI,121.0999984741211,121.9000015258789,120.95999908447266,121.4000015258789,531
2022-02-16,XSMI.MI,122.18000030517578,122.54000091552734,121.68000030517578,121.94000244140625,635
2022-02-17,XSMI.MI,122.12000274658203,122.12000274658203,120.9000015258789,121.37999725341797,368
2022-02-18,XSMI.MI,122.05999755859375,122.05999755859375,120.81999969482422,120.91999816894531,306
2022-02-21,XSMI.MI,121.19999694824219,121.19999694824219,120.13999938964844,120.62000274658203,214
2022-02-22,XSMI.MI,119.0999984741211,120.54000091552734,118.81999969482422,120.54000091552734,290
2022-02-23,XSMI.MI,121.72000122070312,122.0,121.18000030517578,121.18000030517578,229
2022-02-24,XSMI.MI,118.5199966430664,119.0,117.5999984741211,118.68000030517578,736
2022-02-25,XSMI.MI,118.63999938964844,121.0,118.63999938964844,120.87999725341797,426
2022-02-28,XSMI.MI,121.26000213623047,122.27999877929688,121.26000213623047,122.27999877929688,54
2022-03-01,XSMI.MI,123.0199966430664,123.0199966430664,121.5,122.30000305175781,543
2022-03-02,XSMI.MI,121.54000091552734,122.58000183105469,121.41999816894531,122.58000183105469,843
2022-03-03,XSMI.MI,122.19999694824219,122.19999694824219,121.04000091552734,121.12000274658203,325
2022-03-04,XSMI.MI,120.18000030517578,120.18000030517578,118.66000366210938,118.66000366210938,647
2022-03-07,XSMI.MI,114.76000213623047,117.31999969482422,114.58000183105469,117.22000122070312,4553
2022-03-08,XSMI.MI,118.0,118.0,114.81999969482422,115.5199966430664,5069
2022-03-09,XSMI.MI,117.5999984741211,118.5199966430664,117.0,118.5199966430664,639
2022-03-10,XSMI.MI,119.05999755859375,119.05999755859375,117.5999984741211,117.5999984741211,865
2022-03-11,XSMI.MI,117.55999755859375,119.5199966430664,117.54000091552734,118.9800033569336,8991
2022-03-14,XSMI.MI,119.4000015258789,120.45999908447266,119.30000305175781,119.9000015258789,637
2022-03-15,XSMI.MI,118.58000183105469,119.86000061035156,118.18000030517578,119.68000030517578,333
2022-03-16,XSMI.MI,121.5,122.0,121.23999786376953,121.23999786376953,799
2022-03-17,XSMI.MI,122.54000091552734,123.30000305175781,121.91999816894531,123.30000305175781,1740
2022-03-18,XSMI.MI,123.5999984741211,125.5,123.31999969482422,125.5,2584
2022-03-21,XSMI.MI,125.5,126.18000030517578,125.41999816894531,125.83999633789062,3191
2022-03-22,XSMI.MI,125.37999725341797,126.26000213623047,124.95999908447266,126.26000213623047,465
2022-03-23,XSMI.MI,126.05999755859375,126.0999984741211,125.27999877929688,125.27999877929688,903
2022-03-24,XSMI.MI,125.44000244140625,125.69999694824219,125.13999938964844,125.69999694824219,227
2022-03-25,XSMI.MI,125.9800033569336,126.4000015258789,125.5199966430664,125.80000305175781,480
2022-03-28,XSMI.MI,125.73999786376953,126.33999633789062,125.73999786376953,125.94000244140625,785
2022-03-29,XSMI.MI,126.54000091552734,126.54000091552734,126.33999633789062,126.41999816894531,440
2022-03-30,XSMI.MI,126.22000122070312,127.05999755859375,126.0999984741211,126.0999984741211,662
2022-03-31,XSMI.MI,126.5999984741211,127.19999694824219,126.54000091552734,126.54000091552734,2943
2022-04-01,XSMI.MI,126.9800033569336,127.0999984741211,126.5,126.9800033569336,462
2022-04-04,XSMI.MI,128.0,129.0399932861328,127.62000274658203,129.0399932861328,1096
2022-04-05,XSMI.MI,129.10000610351562,129.8800048828125,129.10000610351562,129.8800048828125,922
2022-04-06,XSMI.MI,129.44000244140625,129.44000244140625,128.05999755859375,128.86000061035156,1789
2022-04-07,XSMI.MI,130.1199951171875,130.6999969482422,129.6199951171875,129.66000366210938,157
2022-04-08,XSMI.MI,131.0800018310547,131.27999877929688,130.44000244140625,131.27999877929688,6234
2022-04-11,XSMI.MI,130.86000061035156,132.22000122070312,130.86000061035156,132.22000122070312,10111
2022-04-12,XSMI.MI,131.22000122070312,131.52000427246094,130.5800018310547,131.32000732421875,6912
2022-04-13,XSMI.MI,131.10000610351562,131.33999633789062,130.5,130.67999267578125,457
2022-04-14,XSMI.MI,130.77999877929688,131.74000549316406,130.52000427246094,131.47999572753906,1738
2022-04-19,XSMI.MI,130.25999450683594,130.25999450683594,128.13999938964844,128.52000427246094,1399
2022-04-20,XSMI.MI,128.74000549316406,128.74000549316406,128.36000061035156,128.4199981689453,837
2022-04-21,XSMI.MI,128.24000549316406,128.9199981689453,127.76000213623047,127.76000213623047,1326
2022-04-22,XSMI.MI,127.83999633789062,127.91999816894531,127.30000305175781,127.30000305175781,822
2022-04-25,XSMI.MI,126.9800033569336,127.08000183105469,126.5,126.5199966430664,333
2022-04-26,XSMI.MI,127.33999633789062,127.45999908447266,125.26000213623047,125.26000213623047,768
2022-04-27,XSMI.MI,123.16000366210938,125.16000366210938,122.5999984741211,124.9800033569336,2022
2022-04-28,XSMI.MI,126.0999984741211,126.22000122070312,125.27999877929688,125.27999877929688,754
2022-04-29,XSMI.MI,125.81999969482422,126.68000030517578,125.4000015258789,125.4000015258789,1412
2022-05-02,XSMI.MI,124.9000015258789,124.9000015258789,123.0,123.69999694824219,1775
2022-05-03,XSMI.MI,124.12000274658203,124.54000091552734,123.41999816894531,123.62000274658203,547
2022-05-04,XSMI.MI,122.95999908447266,123.0,121.63999938964844,121.63999938964844,1257
2022-05-05,XSMI.MI,123.4000015258789,123.4000015258789,121.5199966430664,121.55999755859375,470
2022-05-06,XSMI.MI,120.9800033569336,121.0999984741211,118.9800033569336,119.81999969482422,524
2022-05-09,XSMI.MI,118.87999725341797,118.87999725341797,116.12000274658203,116.12000274658203,1451
2022-05-10,XSMI.MI,116.80000305175781,118.18000030517578,116.80000305175781,116.9800033569336,1247
2022-05-11,XSMI.MI,117.16000366210938,117.5999984741211,116.54000091552734,117.5999984741211,1803
2022-05-12,XSMI.MI,115.80000305175781,117.69999694824219,115.33999633789062,117.69999694824219,596
2022-05-13,XSMI.MI,118.22000122070312,118.76000213623047,118.19999694824219,118.76000213623047,2392
2022-05-16,XSMI.MI,118.4800033569336,119.0,118.18000030517578,118.76000213623047,298
2022-05-17,XSMI.MI,119.37999725341797,119.9800033569336,118.83999633789062,119.04000091552734,1566
2022-05-18,XSMI.MI,119.19999694824219,119.22000122070312,118.0,118.30000305175781,231
2022-05-19,XSMI.MI,116.81999969482422,116.91999816894531,116.0,116.4000015258789,338
2022-05-20,XSMI.MI,117.37999725341797,117.37999725341797,116.4000015258789,116.4000015258789,48
2022-05-23,XSMI.MI,116.77999877929688,117.73999786376953,116.72000122070312,117.69999694824219,304
2022-05-24,XSMI.MI,116.72000122070312,118.4000015258789,116.72000122070312,118.22000122070312,911
2022-05-25,XSMI.MI,118.9000015258789,119.0,118.54000091552734,118.58000183105469,1407
2022-05-26,XSMI.MI,118.31999969482422,119.23999786376953,118.27999877929688,119.16000366210938,11989
2022-05-27,XSMI.MI,118.19999694824219,120.62000274658203,118.19999694824219,120.4800033569336,490
2022-05-30,XSMI.MI,120.63999938964844,120.63999938964844,120.18000030517578,120.4800033569336,570
2022-05-31,XSMI.MI,120.0,120.12000274658203,119.73999786376953,119.83999633789062,563
2022-06-01,XSMI.MI,119.5,119.68000030517578,118.44000244140625,118.44000244140625,315
2022-06-02,XSMI.MI,119.22000122070312,119.22000122070312,118.91999816894531,118.91999816894531,417
2022-06-03,XSMI.MI,119.0199966430664,119.0199966430664,118.27999877929688,118.27999877929688,54
2022-06-06,XSMI.MI,119.22000122070312,119.5199966430664,118.66000366210938,118.66000366210938,8665
2022-06-07,XSMI.MI,117.41999816894531,117.5,117.04000091552734,117.33999633789062,250
2022-06-08,XSMI.MI,116.19999694824219,116.19999694824219,115.19999694824219,115.83999633789062,8091
2022-06-09,XSMI.MI,115.26000213623047,115.63999938964844,114.77999877929688,114.77999877929688,218
2022-06-10,XSMI.MI,113.72000122070312,113.80000305175781,112.0999984741211,112.72000122070312,1073
2022-06-13,XSMI.MI,111.9800033569336,112.18000030517578,111.0,111.16000366210938,551
2022-06-14,XSMI.MI,111.83999633789062,111.83999633789062,108.9800033569336,108.9800033569336,189
2022-06-15,XSMI.MI,109.4000015258789,109.73999786376953,108.66000366210938,109.73999786376953,119
2022-06-16,XSMI.MI,109.26000213623047,109.66000366210938,108.66000366210938,109.0,10806
2022-06-17,XSMI.MI,109.5199966430664,110.22000122070312,108.95999908447266,108.95999908447266,164
2022-06-20,XSMI.MI,109.0,109.12000274658203,108.68000030517578,109.12000274658203,168
2022-06-21,XSMI.MI,109.95999908447266,109.95999908447266,109.18000030517578,109.18000030517578,4718
2022-06-22,XSMI.MI,108.68000030517578,109.9800033569336,108.68000030517578,109.9800033569336,285
2022-06-23,XSMI.MI,109.5,110.0999984741211,109.0,110.0199966430664,338
2022-06-24,XSMI.MI,112.12000274658203,114.0999984741211,112.12000274658203,114.0999984741211,5656
2022-06-27,XSMI.MI,114.13999938964844,114.31999969482422,113.4800033569336,114.31999969482422,543
2022-06-28,XSMI.MI,114.31999969482422,114.4000015258789,113.69999694824219,113.95999908447266,4501
2022-06-29,XSMI.MI,113.69999694824219,115.0,113.66000366210938,115.0,114
2022-06-30,XSMI.MI,113.31999969482422,114.22000122070312,113.0199966430664,114.22000122070312,2143
2022-07-01,XSMI.MI,113.4800033569336,114.54000091552734,113.0,114.31999969482422,278
2022-07-04,XSMI.MI,115.77999877929688,115.77999877929688,115.31999969482422,115.4000015258789,624
2022-07-05,XSMI.MI,115.5999984741211,115.72000122070312,114.81999969482422,114.81999969482422,85
2022-07-06,XSMI.MI,115.95999908447266,117.04000091552734,115.95999908447266,116.81999969482422,544
2022-07-07,XSMI.MI,117.72000122070312,117.87999725341797,117.33999633789062,117.73999786376953,631
2022-07-08,XSMI.MI,117.91999816894531,118.05999755859375,117.08000183105469,117.72000122070312,50
2022-07-11,XSMI.MI,117.58000183105469,118.72000122070312,117.58000183105469,118.72000122070312,300
2022-07-12,XSMI.MI,118.62000274658203,119.13999938964844,118.41999816894531,119.13999938964844,67
2022-07-13,XSMI.MI,118.33999633789062,118.72000122070312,117.5999984741211,117.69999694824219,460
2022-07-14,XSMI.MI,117.5199966430664,117.5199966430664,116.41999816894531,116.58000183105469,1161
2022-07-15,XSMI.MI,117.36000061035156,118.33999633789062,116.95999908447266,118.33999633789062,309
2022-07-18,XSMI.MI,118.54000091552734,119.73999786376953,117.9000015258789,117.9000015258789,523
2022-07-19,XSMI.MI,117.91999816894531,119.33999633789062,117.22000122070312,119.33999633789062,133
2022-07-20,XSMI.MI,119.30000305175781,119.30000305175781,118.45999908447266,118.45999908447266,237
2022-07-21,XSMI.MI,117.94000244140625,119.68000030517578,117.94000244140625,119.68000030517578,8
2022-07-22,XSMI.MI,120.18000030517578,120.87999725341797,120.16000366210938,120.22000122070312,161
2022-07-25,XSMI.MI,119.62000274658203,120.26000213623047,119.62000274658203,120.22000122070312,3100
2022-07-26,XSMI.MI,120.12000274658203,121.18000030517578,120.0999984741211,121.18000030517578,218
2022-07-27,XSMI.MI,121.63999938964844,121.63999938964844,120.5999984741211,120.5999984741211,76
2022-07-28,XSMI.MI,120.23999786376953,121.91999816894531,120.0999984741211,121.91999816894531,1798
2022-07-29,XSMI.MI,122.16000366210938,122.86000061035156,122.16000366210938,122.31999969482422,905
2022-08-01,XSMI.MI,122.0,122.4000015258789,121.5,121.63999938964844,1302
2022-08-02,XSMI.MI,122.0,122.0,120.72000122070312,121.87999725341797,8785
2022-08-03,XSMI.MI,121.08000183105469,121.86000061035156,121.08000183105469,121.76000213623047,142
2022-08-04,XSMI.MI,121.54000091552734,121.91999816894531,121.54000091552734,121.77999877929688,1070
2022-08-05,XSMI.MI,121.63999938964844,121.94000244140625,120.73999786376953,120.73999786376953,789
2022-08-08,XSMI.MI,121.80000305175781,122.54000091552734,121.5999984741211,121.80000305175781,721
2022-08-09,XSMI.MI,121.54000091552734,121.73999786376953,121.27999877929688,121.5,364
2022-08-10,XSMI.MI,119.19999694824219,119.83999633789062,118.9800033569336,119.62000274658203,158
2022-08-11,XSMI.MI,120.26000213623047,120.33999633789062,120.08000183105469,120.12000274658203,242
2022-08-12,XSMI.MI,120.4000015258789,120.5,120.36000061035156,120.36000061035156,403
2022-08-16,XSMI.MI,121.13999938964844,121.16000366210938,119.69999694824219,119.9800033569336,348
2022-08-17,XSMI.MI,120.5999984741211,120.80000305175781,119.80000305175781,119.80000305175781,290
2022-08-18,XSMI.MI,119.87999725341797,120.68000030517578,119.83999633789062,120.68000030517578,74
2022-08-19,XSMI.MI,120.44000244140625,121.41999816894531,120.44000244140625,120.9800033569336,91
2022-08-22,XSMI.MI,120.54000091552734,120.76000213623047,120.19999694824219,120.69999694824219,57
2022-08-23,XSMI.MI,120.27999877929688,120.27999877929688,118.76000213623047,118.76000213623047,197
2022-08-24,XSMI.MI,119.4800033569336,119.5999984741211,119.41999816894531,119.45999908447266,42
2022-08-25,XSMI.MI,120.76000213623047,120.76000213623047,119.4000015258789,120.22000122070312,108
2022-08-26,XSMI.MI,119.91999816894531,119.91999816894531,118.5,118.55999755859375,357
2022-08-29,XSMI.MI,117.91999816894531,118.33999633789062,117.62000274658203,117.62000274658203,79
2022-08-30,XSMI.MI,117.9000015258789,117.9000015258789,116.69999694824219,116.69999694824219,398
2022-08-31,XSMI.MI,116.9000015258789,116.9000015258789,115.76000213623047,115.76000213623047,294
2022-09-01,XSMI.MI,114.91999816894531,114.91999816894531,113.73999786376953,113.73999786376953,221
2022-09-02,XSMI.MI,114.69999694824219,115.58000183105469,114.36000061035156,115.54000091552734,57
2022-09-05,XSMI.MI,115.04000091552734,115.9800033569336,114.5999984741211,115.9000015258789,46
2022-09-06,XSMI.MI,115.5999984741211,116.63999938964844,115.5999984741211,115.95999908447266,607
2022-09-07,XSMI.MI,115.77999877929688,115.77999877929688,114.80000305175781,115.41999816894531,69
2022-09-08,XSMI.MI,115.76000213623047,115.95999908447266,115.0,115.95999908447266,144
2022-09-09,XSMI.MI,117.4000015258789,118.37999725341797,117.4000015258789,117.68000030517578,434
2022-09-12,XSMI.MI,116.86000061035156,118.68000030517578,116.86000061035156,118.68000030517578,587
2022-09-13,XSMI.MI,118.68000030517578,118.68000030517578,118.68000030517578,118.68000030517578,0
2022-09-14,XSMI.MI,118.68000030517578,118.68000030517578,118.68000030517578,118.68000030517578,0
2022-09-15,XSMI.MI,118.68000030517578,118.68000030517578,118.68000030517578,118.68000030517578,0
2022-09-16,XSMI.MI,118.68000030517578,118.68000030517578,118.68000030517578,118.68000030517578,0
2022-09-19,XSMI.MI,118.68000030517578,118.68000030517578,118.68000030517578,118.68000030517578,0
2022-09-20,XSMI.MI,118.68000030517578,118.68000030517578,118.68000030517578,118.68000030517578,0
2022-09-21,XSMI.MI,113.18000030517578,113.76000213623047,113.18000030517578,113.72000122070312,1555
2022-09-22,XSMI.MI,112.95999908447266,113.4800033569336,111.13999938964844,111.13999938964844,6733
2022-09-23,XSMI.MI,111.91999816894531,112.18000030517578,109.9000015258789,110.91999816894531,11554
2022-09-26,XSMI.MI,110.5999984741211,110.5999984741211,109.58000183105469,109.9800033569336,760
2022-09-27,XSMI.MI,110.87999725341797,111.63999938964844,110.80000305175781,110.94000244140625,17511
2022-09-28,XSMI.MI,111.62000274658203,112.76000213623047,110.83999633789062,112.76000213623047,11680
2022-09-29,XSMI.MI,110.87999725341797,111.0,109.94000244140625,110.0199966430664,13554
2022-09-30,XSMI.MI,110.69999694824219,111.5999984741211,110.55999755859375,111.23999786376953,9290
2022-10-03,XSMI.MI,110.04000091552734,110.5,108.76000213623047,109.86000061035156,11479
2022-10-04,XSMI.MI,110.86000061035156,112.58000183105469,110.86000061035156,112.58000183105469,14059
2022-10-05,XSMI.MI,111.95999908447266,112.62000274658203,111.95999908447266,112.23999786376953,6947
2022-10-06,XSMI.MI,112.68000030517578,112.68000030517578,110.73999786376953,111.23999786376953,8995
2022-10-07,XSMI.MI,111.18000030517578,111.81999969482422,110.54000091552734,110.54000091552734,1173
2022-10-10,XSMI.MI,110.37999725341797,110.4000015258789,109.86000061035156,110.4000015258789,1867
2022-10-11,XSMI.MI,109.31999969482422,109.69999694824219,108.87999725341797,109.5999984741211,3850
2022-10-12,XSMI.MI,109.9000015258789,110.4000015258789,109.4000015258789,109.68000030517578,28610
2022-10-13,XSMI.MI,109.04000091552734,109.4000015258789,107.27999877929688,109.0199966430664,4584
2022-10-14,XSMI.MI,110.31999969482422,111.04000091552734,109.77999877929688,109.9000015258789,7581
2022-10-17,XSMI.MI,109.77999877929688,111.95999908447266,109.76000213623047,111.66000366210938,19256
2022-10-18,XSMI.MI,111.94000244140625,113.0,111.86000061035156,112.26000213623047,1371
2022-10-19,XSMI.MI,111.91999816894531,112.18000030517578,111.04000091552734,111.08000183105469,8092
2022-10-20,XSMI.MI,110.68000030517578,110.86000061035156,110.26000213623047,110.72000122070312,2086
2022-10-21,XSMI.MI,109.9000015258789,110.12000274658203,108.95999908447266,110.12000274658203,2361
2022-10-24,XSMI.MI,111.08000183105469,111.83999633789062,110.5999984741211,111.30000305175781,1569
2022-10-25,XSMI.MI,111.81999969482422,112.73999786376953,111.81999969482422,112.73999786376953,129
2022-10-26,XSMI.MI,112.45999908447266,113.18000030517578,111.73999786376953,113.05999755859375,2005
2022-10-27,XSMI.MI,112.62000274658203,113.23999786376953,111.66000366210938,112.36000061035156,117
2022-10-28,XSMI.MI,111.94000244140625,112.66000366210938,111.76000213623047,112.66000366210938,353
2022-10-31,XSMI.MI,112.4800033569336,113.45999908447266,112.4800033569336,113.45999908447266,228
2022-11-01,XSMI.MI,114.33999633789062,114.72000122070312,113.0,113.31999969482422,359
2022-11-02,XSMI.MI,113.63999938964844,113.9800033569336,113.54000091552734,113.66000366210938,2119
2022-11-03,XSMI.MI,112.91999816894531,112.91999816894531,112.0,112.37999725341797,6643
2022-11-04,XSMI.MI,112.55999755859375,113.77999877929688,112.55999755859375,113.19999694824219,522
2022-11-07,XSMI.MI,112.80000305175781,113.0,112.27999877929688,112.45999908447266,1871
2022-11-08,XSMI.MI,112.55999755859375,113.16000366210938,112.54000091552734,113.0,5283
2022-11-09,XSMI.MI,113.04000091552734,114.54000091552734,113.04000091552734,114.54000091552734,2849
2022-11-10,XSMI.MI,114.26000213623047,117.23999786376953,114.26000213623047,116.94000244140625,1699
2022-11-11,XSMI.MI,117.27999877929688,117.76000213623047,116.80000305175781,117.73999786376953,4781
2022-11-14,XSMI.MI,116.63999938964844,117.4000015258789,116.37999725341797,116.5,2206
2022-11-15,XSMI.MI,116.73999786376953,116.76000213623047,116.23999786376953,116.23999786376953,187
2022-11-16,XSMI.MI,115.91999816894531,115.94000244140625,115.30000305175781,115.30000305175781,24448
2022-11-17,XSMI.MI,115.69999694824219,115.69999694824219,114.33999633789062,114.68000030517578,2546
2022-11-18,XSMI.MI,115.30000305175781,116.0999984741211,115.22000122070312,116.0999984741211,1553
2022-11-21,XSMI.MI,116.13999938964844,117.05999755859375,116.13999938964844,117.04000091552734,333
2022-11-22,XSMI.MI,116.9000015258789,117.37999725341797,116.83999633789062,117.19999694824219,198
2022-11-23,XSMI.MI,116.62000274658203,117.73999786376953,116.62000274658203,117.68000030517578,801
2022-11-24,XSMI.MI,117.31999969482422,117.77999877929688,117.31999969482422,117.73999786376953,23195
2022-11-25,XSMI.MI,117.33999633789062,117.81999969482422,117.27999877929688,117.5999984741211,159
2022-11-28,XSMI.MI,117.26000213623047,117.91999816894531,117.0,117.58000183105469,6772
2022-11-29,XSMI.MI,117.83999633789062,117.83999633789062,116.36000061035156,116.45999908447266,379
2022-11-30,XSMI.MI,117.37999725341797,117.77999877929688,117.36000061035156,117.54000091552734,744
2022-12-01,XSMI.MI,118.30000305175781,118.33999633789062,117.9000015258789,118.08000183105469,323
2022-12-02,XSMI.MI,117.66000366210938,118.0199966430664,117.55999755859375,117.62000274658203,91
2022-12-05,XSMI.MI,117.37999725341797,117.44000244140625,116.5999984741211,116.91999816894531,86
2022-12-06,XSMI.MI,116.69999694824219,116.69999694824219,116.16000366210938,116.16000366210938,8845
2022-12-07,XSMI.MI,115.55999755859375,115.80000305175781,115.13999938964844,115.4000015258789,2107
2022-12-08,XSMI.MI,114.86000061035156,115.16000366210938,114.58000183105469,115.16000366210938,6653
2022-12-09,XSMI.MI,114.91999816894531,116.12000274658203,114.91999816894531,116.12000274658203,212
2022-12-12,XSMI.MI,115.19999694824219,115.54000091552734,115.19999694824219,115.54000091552734,345
2022-12-13,XSMI.MI,116.37999725341797,117.44000244140625,116.16000366210938,116.41999816894531,3797
2022-12-14,XSMI.MI,116.0,117.12000274658203,115.69999694824219,117.12000274658203,611
2022-12-15,XSMI.MI,116.0,116.0,113.36000061035156,113.58000183105469,259
2022-12-16,XSMI.MI,113.94000244140625,113.94000244140625,112.41999816894531,112.41999816894531,215
2022-12-19,XSMI.MI,112.55999755859375,112.5999984741211,112.30000305175781,112.44000244140625,9190
2022-12-20,XSMI.MI,112.33999633789062,112.4000015258789,111.77999877929688,111.77999877929688,6065
2022-12-21,XSMI.MI,112.76000213623047,113.83999633789062,112.73999786376953,113.83999633789062,288
2022-12-22,XSMI.MI,114.13999938964844,114.36000061035156,112.77999877929688,112.77999877929688,2277
2022-12-23,XSMI.MI,113.22000122070312,113.22000122070312,112.54000091552734,112.5999984741211,50
2022-12-27,XSMI.MI,113.16000366210938,113.26000213623047,113.12000274658203,113.12000274658203,58
2022-12-28,XSMI.MI,113.0999984741211,113.44000244140625,113.0999984741211,113.44000244140625,174
2022-12-29,XSMI.MI,113.72000122070312,113.77999877929688,113.72000122070312,113.77999877929688,9
2022-12-30,XSMI.MI,113.19999694824219,113.19999694824219,112.16000366210938,112.16000366210938,252
2023-01-02,XSMI.MI,113.54000091552734,113.9000015258789,113.5199966430664,113.9000015258789,224
2023-01-03,XSMI.MI,114.08000183105469,114.76000213623047,114.08000183105469,114.5199966430664,464
2023-01-04,XSMI.MI,116.12000274658203,116.73999786376953,116.12000274658203,116.73999786376953,567
2023-01-05,XSMI.MI,116.23999786376953,116.33999633789062,115.9000015258789,115.94000244140625,772
2023-01-06,XSMI.MI,116.0,116.55999755859375,115.95999908447266,116.55999755859375,367
2023-01-09,XSMI.MI,116.95999908447266,117.45999908447266,116.95999908447266,117.0199966430664,659
2023-01-10,XSMI.MI,116.37999725341797,116.66000366210938,116.23999786376953,116.5,284
2023-01-11,XSMI.MI,117.0199966430664,117.0199966430664,116.30000305175781,116.54000091552734,19101
2023-01-12,XSMI.MI,116.62000274658203,116.9800033569336,116.0,116.33999633789062,62538
2023-01-13,XSMI.MI,116.44000244140625,116.86000061035156,116.44000244140625,116.66000366210938,1533
2023-01-16,XSMI.MI,116.95999908447266,118.26000213623047,116.9000015258789,118.22000122070312,5543
2023-01-17,XSMI.MI,118.22000122070312,118.69999694824219,117.95999908447266,118.69999694824219,1485
2023-01-18,XSMI.MI,118.83999633789062,119.5199966430664,118.63999938964844,118.81999969482422,1712
2023-01-19,XSMI.MI,118.45999908447266,118.72000122070312,117.87999725341797,117.87999725341797,136
2023-01-20,XSMI.MI,117.76000213623047,117.76000213623047,116.95999908447266,117.08000183105469,3354
2023-01-23,XSMI.MI,117.18000030517578,117.63999938964844,116.9800033569336,117.63999938964844,646
2023-01-24,XSMI.MI,117.4800033569336,117.55999755859375,117.16000366210938,117.55999755859375,138
2023-01-25,XSMI.MI,116.9800033569336,117.5199966430664,116.95999908447266,117.5199966430664,414
2023-01-26,XSMI.MI,117.72000122070312,117.81999969482422,116.86000061035156,116.86000061035156,185
2023-01-27,XSMI.MI,116.45999908447266,116.87999725341797,116.45999908447266,116.87999725341797,3189
2023-01-30,XSMI.MI,116.30000305175781,117.13999938964844,116.30000305175781,117.08000183105469,4230
2023-01-31,XSMI.MI,116.9000015258789,117.18000030517578,115.5999984741211,117.18000030517578,393
2023-02-01,XSMI.MI,116.95999908447266,117.08000183105469,116.0,116.0,7459
2023-02-02,XSMI.MI,116.54000091552734,116.54000091552734,115.81999969482422,116.44000244140625,302
2023-02-03,XSMI.MI,116.19999694824219,117.12000274658203,116.08000183105469,117.12000274658203,2091
2023-02-06,XSMI.MI,117.0199966430664,117.26000213623047,116.83999633789062,117.12000274658203,4731
2023-02-07,XSMI.MI,117.44000244140625,117.62000274658203,117.30000305175781,117.54000091552734,919
2023-02-08,XSMI.MI,118.69999694824219,118.69999694824219,117.86000061035156,117.86000061035156,1835
2023-02-09,XSMI.MI,117.91999816894531,118.5199966430664,117.30000305175781,117.30000305175781,195
2023-02-10,XSMI.MI,116.08000183105469,116.66000366210938,115.80000305175781,116.4800033569336,531
2023-02-13,XSMI.MI,117.0,117.54000091552734,116.80000305175781,117.54000091552734,152
2023-02-14,XSMI.MI,118.0,118.5199966430664,117.44000244140625,117.63999938964844,5295
2023-02-15,XSMI.MI,117.5,118.26000213623047,117.5,118.26000213623047,796
2023-02-16,XSMI.MI,118.13999938964844,118.16000366210938,116.72000122070312,117.36000061035156,749
2023-02-17,XSMI.MI,116.44000244140625,117.66000366210938,116.22000122070312,117.66000366210938,315
2023-02-20,XSMI.MI,118.12000274658203,118.12000274658203,117.94000244140625,118.05999755859375,222
2023-02-21,XSMI.MI,117.95999908447266,117.95999908447266,117.23999786376953,117.83999633789062,1071
2023-02-22,XSMI.MI,117.69999694824219,118.33999633789062,117.37999725341797,118.33999633789062,900
2023-02-23,XSMI.MI,118.04000091552734,118.12000274658203,117.58000183105469,117.62000274658203,1148
2023-02-24,XSMI.MI,118.0199966430664,118.04000091552734,116.58000183105469,116.58000183105469,616
2023-02-27,XSMI.MI,116.80000305175781,117.18000030517578,116.69999694824219,116.87999725341797,207
2023-02-28,XSMI.MI,116.0999984741211,116.31999969482422,115.19999694824219,115.27999877929688,4358
2023-03-01,XSMI.MI,114.81999969482422,114.9800033569336,113.63999938964844,113.77999877929688,506
2023-03-02,XSMI.MI,113.19999694824219,115.68000030517578,113.19999694824219,115.68000030517578,5917
2023-03-03,XSMI.MI,115.91999816894531,116.05999755859375,115.54000091552734,116.05999755859375,4142
2023-03-06,XSMI.MI,116.16000366210938,116.36000061035156,115.5,115.54000091552734,5882
2023-03-07,XSMI.MI,116.0,116.12000274658203,114.83999633789062,114.83999633789062,773
2023-03-08,XSMI.MI,114.45999908447266,114.76000213623047,114.36000061035156,114.62000274658203,1156
2023-03-09,XSMI.MI,114.80000305175781,114.80000305175781,114.23999786376953,114.66000366210938,6441
2023-03-10,XSMI.MI,114.33999633789062,114.41999816894531,113.54000091552734,113.77999877929688,31143
2023-03-13,XSMI.MI,113.41999816894531,113.54000091552734,112.5999984741211,113.31999969482422,4298
2023-03-14,XSMI.MI,113.18000030517578,114.04000091552734,113.18000030517578,113.69999694824219,2045
2023-03-15,XSMI.MI,113.4800033569336,113.62000274658203,111.68000030517578,112.86000061035156,7634
2023-03-16,XSMI.MI,113.36000061035156,113.9800033569336,112.83999633789062,113.9800033569336,20240
2023-03-17,XSMI.MI,114.45999908447266,114.54000091552734,112.31999969482422,112.44000244140625,768
2023-03-20,XSMI.MI,112.76000213623047,113.27999877929688,111.08000183105469,112.95999908447266,11312
2023-03-21,XSMI.MI,113.5199966430664,114.13999938964844,113.5199966430664,114.13999938964844,1588
2023-03-22,XSMI.MI,113.9000015258789,114.0199966430664,113.83999633789062,113.83999633789062,568
2023-03-23,XSMI.MI,113.0199966430664,113.41999816894531,112.73999786376953,113.36000061035156,6643
2023-03-24,XSMI.MI,113.04000091552734,113.5199966430664,112.83999633789062,113.45999908447266,1838
2023-03-27,XSMI.MI,114.86000061035156,115.44000244140625,114.73999786376953,114.91999816894531,486
2023-03-28,XSMI.MI,115.0,115.0,114.27999877929688,114.33999633789062,1059
2023-03-29,XSMI.MI,115.04000091552734,115.80000305175781,115.04000091552734,115.80000305175781,2036
2023-03-30,XSMI.MI,116.63999938964844,116.68000030517578,116.18000030517578,116.5199966430664,1627
2023-03-31,XSMI.MI,116.87999725341797,118.05999755859375,116.87999725341797,117.80000305175781,10131
2023-04-03,XSMI.MI,117.4800033569336,117.5,117.0,117.27999877929688,9141
2023-04-04,XSMI.MI,117.4800033569336,117.4800033569336,117.0999984741211,117.0999984741211,205
2023-04-05,XSMI.MI,117.4000015258789,118.54000091552734,117.4000015258789,118.5,287
2023-04-06,XSMI.MI,119.13999938964844,119.63999938964844,119.13999938964844,119.63999938964844,290
2023-04-11,XSMI.MI,120.19999694824219,120.19999694824219,119.69999694824219,119.9000015258789,14293
2023-04-12,XSMI.MI,120.0199966430664,120.63999938964844,120.0199966430664,120.31999969482422,315
2023-04-13,XSMI.MI,120.73999786376953,120.95999908447266,120.68000030517578,120.95999908447266,35
2023-04-14,XSMI.MI,121.0999984741211,122.0,121.0199966430664,121.54000091552734,13543
2023-04-17,XSMI.MI,121.69999694824219,121.87999725341797,121.5,121.63999938964844,586
2023-04-18,XSMI.MI,121.5999984741211,122.0,121.5,121.80000305175781,711
2023-04-19,XSMI.MI,121.80000305175781,121.9800033569336,121.68000030517578,121.86000061035156,1819
2023-04-20,XSMI.MI,121.80000305175781,122.55999755859375,121.80000305175781,122.55999755859375,292
2023-04-21,XSMI.MI,122.81999969482422,123.54000091552734,122.69999694824219,123.31999969482422,591
2023-04-24,XSMI.MI,124.0,124.0999984741211,123.91999816894531,123.91999816894531,434
2023-04-25,XSMI.MI,124.23999786376953,124.80000305175781,124.23999786376953,124.5,150
2023-04-26,XSMI.MI,123.5,123.5,122.36000061035156,122.36000061035156,4374
2023-04-27,XSMI.MI,122.18000030517578,122.18000030517578,121.83999633789062,121.83999633789062,263
2023-04-28,XSMI.MI,122.66000366210938,123.30000305175781,122.54000091552734,123.12000274658203,567
2023-05-02,XSMI.MI,123.0999984741211,123.5999984741211,122.94000244140625,123.13999938964844,799
2023-05-03,XSMI.MI,123.76000213623047,124.4000015258789,123.76000213623047,124.4000015258789,339
2023-05-04,XSMI.MI,124.0,124.41999816894531,123.81999969482422,124.41999816894531,545
2023-05-05,XSMI.MI,123.87999725341797,124.5199966430664,123.77999877929688,124.5199966430664,2365
2023-05-08,XSMI.MI,124.80000305175781,125.45999908447266,124.80000305175781,125.33999633789062,201
2023-05-09,XSMI.MI,125.30000305175781,125.41999816894531,124.63999938964844,125.41999816894531,749
2023-05-10,XSMI.MI,125.44000244140625,125.4800033569336,124.16000366210938,124.16000366210938,2150
2023-05-11,XSMI.MI,125.05999755859375,125.05999755859375,124.55999755859375,124.95999908447266,627
2023-05-12,XSMI.MI,126.19999694824219,126.33999633789062,125.77999877929688,125.83999633789062,1170
2023-05-15,XSMI.MI,126.05999755859375,126.4000015258789,125.95999908447266,126.12000274658203,485
2023-05-16,XSMI.MI,125.9000015258789,126.05999755859375,125.5,125.54000091552734,847
2023-05-17,XSMI.MI,125.12000274658203,125.12000274658203,124.5,124.63999938964844,952
2023-05-18,XSMI.MI,125.13999938964844,125.5999984741211,125.08000183105469,125.18000030517578,6524
2023-05-19,XSMI.MI,125.4000015258789,126.5999984741211,125.4000015258789,126.26000213623047,20524
2023-05-22,XSMI.MI,126.63999938964844,126.68000030517578,125.94000244140625,126.0999984741211,1395
2023-05-23,XSMI.MI,125.86000061035156,126.0,125.45999908447266,125.45999908447266,2821
2023-05-24,XSMI.MI,124.77999877929688,124.77999877929688,123.63999938964844,123.91999816894531,921
2023-05-25,XSMI.MI,123.9000015258789,124.04000091552734,123.63999938964844,123.63999938964844,167
2023-05-26,XSMI.MI,124.19999694824219,125.23999786376953,123.9800033569336,125.04000091552734,6174
2023-05-29,XSMI.MI,125.23999786376953,125.23999786376953,124.9800033569336,125.12000274658203,590
2023-05-30,XSMI.MI,125.12000274658203,125.12000274658203,123.44000244140625,123.44000244140625,208
2023-05-31,XSMI.MI,122.80000305175781,123.68000030517578,122.0199966430664,122.05999755859375,2845
2023-06-01,XSMI.MI,123.23999786376953,123.23999786376953,122.05999755859375,122.05999755859375,50
2023-06-02,XSMI.MI,123.16000366210938,124.5999984741211,123.16000366210938,124.5999984741211,331
2023-06-05,XSMI.MI,124.80000305175781,124.81999969482422,124.4800033569336,124.63999938964844,1069
2023-06-06,XSMI.MI,124.63999938964844,125.36000061035156,124.63999938964844,125.19999694824219,8267
2023-06-07,XSMI.MI,124.55999755859375,124.58000183105469,123.68000030517578,123.68000030517578,600
2023-06-08,XSMI.MI,123.4800033569336,123.4800033569336,123.0,123.4000015258789,131
2023-06-09,XSMI.MI,123.05999755859375,123.33999633789062,122.63999938964844,122.73999786376953,156
2023-06-12,XSMI.MI,122.9800033569336,123.0999984741211,122.4000015258789,122.4000015258789,114
2023-06-13,XSMI.MI,122.83999633789062,122.86000061035156,121.87999725341797,122.54000091552734,26341
2023-06-14,XSMI.MI,122.69999694824219,123.19999694824219,122.68000030517578,122.69999694824219,5814
2023-06-15,XSMI.MI,122.23999786376953,122.72000122070312,122.0,122.72000122070312,351
2023-06-16,XSMI.MI,122.80000305175781,123.81999969482422,122.80000305175781,123.72000122070312,9585
2023-06-19,XSMI.MI,123.4000015258789,123.4000015258789,122.23999786376953,122.33999633789062,2374
2023-06-20,XSMI.MI,121.86000061035156,122.31999969482422,121.33999633789062,121.41999816894531,1568
2023-06-21,XSMI.MI,121.37999725341797,121.37999725341797,120.63999938964844,121.05999755859375,4604
2023-06-22,XSMI.MI,119.9000015258789,120.72000122070312,119.66000366210938,120.72000122070312,8702
2023-06-23,XSMI.MI,121.94000244140625,122.18000030517578,121.86000061035156,121.86000061035156,549
2023-06-26,XSMI.MI,121.30000305175781,121.72000122070312,121.13999938964844,121.13999938964844,16134
2023-06-27,XSMI.MI,120.83999633789062,120.83999633789062,120.44000244140625,120.44000244140625,215
2023-06-28,XSMI.MI,121.19999694824219,121.23999786376953,120.68000030517578,121.08000183105469,19464
2023-06-29,XSMI.MI,120.94000244140625,121.23999786376953,120.94000244140625,121.13999938964844,69
2023-06-30,XSMI.MI,122.13999938964844,122.5199966430664,122.13999938964844,122.44000244140625,5921
2023-07-03,XSMI.MI,122.62000274658203,122.80000305175781,121.69999694824219,121.69999694824219,3569
2023-07-04,XSMI.MI,121.69999694824219,122.30000305175781,121.69999694824219,121.76000213623047,247
2023-07-05,XSMI.MI,121.4800033569336,121.54000091552734,121.23999786376953,121.41999816894531,1774
2023-07-06,XSMI.MI,120.26000213623047,120.33999633789062,119.4000015258789,119.5,7474
2023-07-07,XSMI.MI,119.27999877929688,119.31999969482422,118.13999938964844,118.31999969482422,3224
2023-07-10,XSMI.MI,118.31999969482422,118.91999816894531,118.0999984741211,118.73999786376953,1744
2023-07-11,XSMI.MI,119.41999816894531,119.94000244140625,119.41999816894531,119.94000244140625,17174
2023-07-12,XSMI.MI,120.05999755859375,120.9000015258789,120.05999755859375,120.80000305175781,934
2023-07-13,XSMI.MI,121.63999938964844,121.72000122070312,121.5,121.5,230
2023-07-14,XSMI.MI,121.77999877929688,121.91999816894531,121.45999908447266,121.45999908447266,1516
2023-07-17,XSMI.MI,121.30000305175781,121.30000305175781,120.26000213623047,120.26000213623047,463
2023-07-18,XSMI.MI,120.95999908447266,122.22000122070312,120.95999908447266,122.22000122070312,899
2023-07-19,XSMI.MI,122.54000091552734,122.69999694824219,122.04000091552734,122.31999969482422,583
2023-07-20,XSMI.MI,121.9800033569336,122.80000305175781,121.9800033569336,122.66000366210938,1991
2023-07-21,XSMI.MI,122.94000244140625,123.0999984741211,122.77999877929688,123.04000091552734,390
2023-07-24,XSMI.MI,123.04000091552734,123.5199966430664,122.95999908447266,123.05999755859375,3726
2023-07-25,XSMI.MI,123.05999755859375,124.05999755859375,122.95999908447266,124.04000091552734,267
2023-07-26,XSMI.MI,124.5199966430664,124.5199966430664,123.0199966430664,123.66000366210938,1349
2023-07-27,XSMI.MI,125.0,126.08000183105469,125.0,125.94000244140625,781
2023-07-28,XSMI.MI,125.30000305175781,125.68000030517578,124.95999908447266,124.95999908447266,568
2023-07-31,XSMI.MI,124.91999816894531,125.0,124.66000366210938,124.86000061035156,722
2023-08-01,XSMI.MI,127.4800033569336,127.5,123.58000183105469,123.73999786376953,3408
2023-08-02,XSMI.MI,122.66000366210938,123.45999908447266,122.30000305175781,123.45999908447266,802
2023-08-03,XSMI.MI,122.5,122.81999969482422,122.44000244140625,122.45999908447266,562
2023-08-04,XSMI.MI,121.9000015258789,121.9000015258789,121.30000305175781,121.87999725341797,354
2023-08-07,XSMI.MI,122.19999694824219,122.19999694824219,121.54000091552734,121.95999908447266,388
2023-08-08,XSMI.MI,121.9000015258789,122.44000244140625,121.63999938964844,121.73999786376953,515
2023-08-09,XSMI.MI,122.68000030517578,122.68000030517578,121.5999984741211,121.5999984741211,575
2023-08-10,XSMI.MI,122.62000274658203,122.69999694824219,122.44000244140625,122.44000244140625,437
2023-08-11,XSMI.MI,121.76000213623047,121.87999725341797,121.76000213623047,121.83999633789062,120
2023-08-14,XSMI.MI,121.91999816894531,122.41999816894531,121.91999816894531,122.37999725341797,9
2023-08-16,XSMI.MI,121.0199966430664,121.27999877929688,120.69999694824219,121.05999755859375,222
2023-08-17,XSMI.MI,120.26000213623047,120.41999816894531,120.08000183105469,120.22000122070312,327
2023-08-18,XSMI.MI,119.0,119.45999908447266,118.9000015258789,119.45999908447266,239
2023-08-21,XSMI.MI,119.54000091552734,120.33999633789062,119.13999938964844,119.55999755859375,1923
2023-08-22,XSMI.MI,120.22000122070312,120.86000061035156,120.22000122070312,120.33999633789062,146
2023-08-23,XSMI.MI,119.30000305175781,119.77999877929688,119.30000305175781,119.33999633789062,353
2023-08-24,XSMI.MI,120.4800033569336,120.4800033569336,119.05999755859375,119.0999984741211,436
2023-08-25,XSMI.MI,119.22000122070312,119.26000213623047,118.87999725341797,119.12000274658203,795
2023-08-28,XSMI.MI,119.77999877929688,120.05999755859375,119.77999877929688,119.81999969482422,1289
2023-08-29,XSMI.MI,120.33999633789062,120.72000122070312,119.76000213623047,120.72000122070312,1012
2023-08-30,XSMI.MI,120.58000183105469,120.58000183105469,119.83999633789062,120.05999755859375,4486
2023-08-31,XSMI.MI,120.41999816894531,120.81999969482422,120.26000213623047,120.26000213623047,3374
2023-09-01,XSMI.MI,120.62000274658203,120.62000274658203,120.16000366210938,120.16000366210938,453
2023-09-04,XSMI.MI,120.66000366210938,121.05999755859375,120.05999755859375,120.05999755859375,418
2023-09-05,XSMI.MI,119.4000015258789,119.69999694824219,119.18000030517578,119.19999694824219,180
2023-09-06,XSMI.MI,118.22000122070312,118.5,117.80000305175781,118.5,758
2023-09-07,XSMI.MI,119.0,119.30000305175781,119.0,119.30000305175781,678
2023-09-08,XSMI.MI,119.31999969482422,119.31999969482422,118.72000122070312,118.87999725341797,824
2023-09-11,XSMI.MI,119.4800033569336,119.5,118.69999694824219,118.94000244140625,177
2023-09-12,XSMI.MI,119.66000366210938,119.72000122070312,118.9800033569336,118.9800033569336,12062
2023-09-13,XSMI.MI,118.5,118.9000015258789,118.0,118.73999786376953,2079
2023-09-14,XSMI.MI,118.5999984741211,120.45999908447266,118.5999984741211,120.45999908447266,510
2023-09-15,XSMI.MI,121.5999984741211,121.77999877929688,121.22000122070312,121.22000122070312,583
2023-09-18,XSMI.MI,120.87999725341797,120.87999725341797,119.83999633789062,119.87999725341797,2292
2023-09-19,XSMI.MI,120.16000366210938,120.30000305175781,119.22000122070312,119.4800033569336,792
2023-09-20,XSMI.MI,120.08000183105469,120.68000030517578,119.9800033569336,120.68000030517578,408
2023-09-21,XSMI.MI,120.58000183105469,120.58000183105469,119.44000244140625,119.44000244140625,226
2023-09-22,XSMI.MI,118.55999755859375,118.76000213623047,118.26000213623047,118.26000213623047,538
2023-09-25,XSMI.MI,118.54000091552734,118.54000091552734,117.81999969482422,118.26000213623047,783
2023-09-26,XSMI.MI,117.55999755859375,117.91999816894531,117.33999633789062,117.5,274
2023-09-27,XSMI.MI,117.5,117.73999786376953,116.44000244140625,116.58000183105469,1248
2023-09-28,XSMI.MI,116.4000015258789,116.58000183105469,116.0,116.58000183105469,79
2023-09-29,XSMI.MI,117.68000030517578,118.26000213623047,117.23999786376953,117.23999786376953,1243
2023-10-02,XSMI.MI,117.5,117.55999755859375,116.12000274658203,116.58000183105469,995
2023-10-03,XSMI.MI,116.4800033569336,116.68000030517578,115.30000305175781,115.45999908447266,540
2023-10-04,XSMI.MI,115.31999969482422,115.94000244140625,115.26000213623047,115.44000244140625,496
2023-10-05,XSMI.MI,115.58000183105469,116.08000183105469,115.55999755859375,115.9800033569336,731
2023-10-06,XSMI.MI,116.18000030517578,116.31999969482422,115.44000244140625,116.19999694824219,210
2023-10-09,XSMI.MI,116.69999694824219,117.16000366210938,116.69999694824219,116.86000061035156,518
2023-10-10,XSMI.MI,117.73999786376953,118.55999755859375,117.73999786376953,118.55999755859375,224
2023-10-11,XSMI.MI,118.81999969482422,119.37999725341797,118.80000305175781,119.26000213623047,1152
2023-10-12,XSMI.MI,119.55999755859375,119.69999694824219,118.80000305175781,118.80000305175781,4987
2023-10-13,XSMI.MI,118.72000122070312,118.9000015258789,118.37999725341797,118.87999725341797,3768
2023-10-16,XSMI.MI,118.91999816894531,118.91999816894531,118.16000366210938,118.72000122070312,9640
2023-10-17,XSMI.MI,118.4000015258789,118.4000015258789,117.5,117.69999694824219,600
2023-10-18,XSMI.MI,117.5,117.5,116.86000061035156,116.94000244140625,988
2023-10-19,XSMI.MI,115.18000030517578,115.18000030517578,114.27999877929688,114.27999877929688,298
2023-10-20,XSMI.MI,114.0199966430664,114.26000213623047,113.63999938964844,113.63999938964844,206
2023-10-23,XSMI.MI,112.77999877929688,112.77999877929688,112.19999694824219,112.73999786376953,1889
2023-10-24,XSMI.MI,112.54000091552734,113.30000305175781,112.0,113.30000305175781,665
2023-10-25,XSMI.MI,113.16000366210938,113.4000015258789,112.83999633789062,113.4000015258789,1196
2023-10-26,XSMI.MI,112.68000030517578,113.4000015258789,112.68000030517578,113.0199966430664,279
2023-10-27,XSMI.MI,112.9000015258789,112.9000015258789,111.45999908447266,111.45999908447266,639
2023-10-30,XSMI.MI,112.4000015258789,112.4000015258789,111.87999725341797,111.9800033569336,246
2023-10-31,XSMI.MI,111.68000030517578,111.68000030517578,111.5,111.54000091552734,551
2023-11-01,XSMI.MI,112.45999908447266,113.05999755859375,112.22000122070312,112.95999908447266,453
2023-11-02,XSMI.MI,113.94000244140625,113.94000244140625,113.33999633789062,113.66000366210938,128
2023-11-03,XSMI.MI,113.68000030517578,113.68000030517578,113.30000305175781,113.30000305175781,962
2023-11-06,XSMI.MI,112.95999908447266,113.22000122070312,112.95999908447266,113.22000122070312,343
2023-11-07,XSMI.MI,113.80000305175781,113.80000305175781,113.4000015258789,113.4000015258789,163
2023-11-08,XSMI.MI,113.31999969482422,113.94000244140625,113.30000305175781,113.66000366210938,638
2023-11-09,XSMI.MI,113.86000061035156,114.19999694824219,113.86000061035156,114.0,158
2023-11-10,XSMI.MI,113.4800033569336,113.54000091552734,112.9800033569336,112.9800033569336,157
2023-11-13,XSMI.MI,113.31999969482422,113.31999969482422,112.9000015258789,113.26000213623047,142
2023-11-14,XSMI.MI,113.31999969482422,114.31999969482422,110.0,114.27999877929688,559
2023-11-15,XSMI.MI,114.76000213623047,115.05999755859375,114.5999984741211,114.69999694824219,13511
2023-11-16,XSMI.MI,114.69999694824219,114.69999694824219,114.0,114.0,126
2023-11-17,XSMI.MI,114.36000061035156,115.05999755859375,114.36000061035156,114.69999694824219,190
2023-11-20,XSMI.MI,114.54000091552734,114.62000274658203,114.30000305175781,114.44000244140625,433
2023-11-21,XSMI.MI,114.31999969482422,115.16000366210938,114.31999969482422,115.16000366210938,147
2023-11-22,XSMI.MI,115.72000122070312,116.0,115.72000122070312,115.9800033569336,660
2023-11-23,XSMI.MI,115.80000305175781,116.05999755859375,115.5,116.05999755859375,378
2023-11-24,XSMI.MI,116.0,116.26000213623047,116.0,116.22000122070312,150
2023-11-27,XSMI.MI,116.13999938964844,116.13999938964844,115.68000030517578,115.68000030517578,556
2023-11-28,XSMI.MI,115.36000061035156,115.36000061035156,114.54000091552734,115.05999755859375,1375
2023-11-29,XSMI.MI,115.55999755859375,115.87999725341797,115.55999755859375,115.87999725341797,52
2023-11-30,XSMI.MI,116.16000366210938,117.4000015258789,116.16000366210938,117.4000015258789,805
2023-12-01,XSMI.MI,117.76000213623047,118.45999908447266,117.44000244140625,118.45999908447266,5823
2023-12-04,XSMI.MI,118.37999725341797,119.18000030517578,118.37999725341797,119.18000030517578,1352
2023-12-05,XSMI.MI,118.76000213623047,119.4000015258789,118.76000213623047,119.4000015258789,1051
2023-12-06,XSMI.MI,119.31999969482422,120.12000274658203,119.23999786376953,119.91999816894531,6395
2023-12-07,XSMI.MI,119.66000366210938,119.81999969482422,119.19999694824219,119.22000122070312,1346
2023-12-08,XSMI.MI,119.33999633789062,120.08000183105469,119.33999633789062,120.08000183105469,41
2023-12-11,XSMI.MI,119.91999816894531,121.12000274658203,119.83999633789062,120.95999908447266,488
2023-12-12,XSMI.MI,120.80000305175781,121.27999877929688,120.80000305175781,121.0999984741211,757
2023-12-13,XSMI.MI,121.33999633789062,122.30000305175781,121.30000305175781,121.55999755859375,683
2023-12-14,XSMI.MI,122.05999755859375,122.12000274658203,120.54000091552734,121.0,4219
2023-12-15,XSMI.MI,120.37999725341797,121.5999984741211,120.37999725341797,121.45999908447266,1763
2023-12-18,XSMI.MI,120.62000274658203,120.87999725341797,120.58000183105469,120.80000305175781,633
2023-12-19,XSMI.MI,120.91999816894531,121.0999984741211,120.68000030517578,121.0,879
2023-12-20,XSMI.MI,121.26000213623047,121.37999725341797,120.69999694824219,121.0,9130
2023-12-21,XSMI.MI,120.69999694824219,121.23999786376953,120.4000015258789,121.23999786376953,7576
2023-12-22,XSMI.MI,121.05999755859375,121.5199966430664,121.0199966430664,121.5199966430664,59
2023-12-27,XSMI.MI,121.19999694824219,121.76000213623047,120.9000015258789,121.76000213623047,845
2023-12-28,XSMI.MI,122.08000183105469,122.68000030517578,122.0199966430664,122.0199966430664,2481
2023-12-29,XSMI.MI,122.41999816894531,123.0,122.31999969482422,122.69999694824219,2060
2024-01-02,XSMI.MI,123.36000061035156,123.41999816894531,122.13999938964844,123.41999816894531,46528
2024-01-03,XSMI.MI,123.31999969482422,124.37999725341797,123.0,123.18000030517578,2274
2024-01-04,XSMI.MI,123.72000122070312,123.72000122070312,122.69999694824219,123.62000274658203,539
2024-01-05,XSMI.MI,122.68000030517578,123.33999633789062,122.4000015258789,123.33999633789062,156
2024-01-08,XSMI.MI,123.31999969482422,123.86000061035156,123.31999969482422,123.86000061035156,108
2024-01-09,XSMI.MI,123.68000030517578,123.80000305175781,123.18000030517578,123.80000305175781,593
2024-01-10,XSMI.MI,123.76000213623047,123.80000305175781,123.31999969482422,123.55999755859375,669
2024-01-11,XSMI.MI,124.0,124.0,121.94000244140625,121.94000244140625,118
2024-01-12,XSMI.MI,122.45999908447266,123.18000030517578,122.45999908447266,123.0199966430664,410
2024-01-15,XSMI.MI,122.94000244140625,123.05999755859375,122.5,122.55999755859375,1283
2024-01-16,XSMI.MI,121.73999786376953,123.0,121.73999786376953,122.9000015258789,83
2024-01-17,XSMI.MI,121.62000274658203,121.72000122070312,120.69999694824219,121.37999725341797,5445
2024-01-18,XSMI.MI,121.12000274658203,121.68000030517578,121.12000274658203,121.4800033569336,2105
2024-01-19,XSMI.MI,121.94000244140625,121.94000244140625,120.68000030517578,120.68000030517578,1901
2024-01-22,XSMI.MI,121.69999694824219,121.9800033569336,121.26000213623047,121.86000061035156,3712
2024-01-23,XSMI.MI,121.81999969482422,121.9000015258789,120.83999633789062,120.83999633789062,2092
2024-01-24,XSMI.MI,120.9000015258789,121.5999984741211,120.87999725341797,121.5999984741211,414
2024-01-25,XSMI.MI,121.54000091552734,122.0199966430664,121.05999755859375,122.0199966430664,839
2024-01-26,XSMI.MI,123.0199966430664,124.44000244140625,123.0199966430664,124.31999969482422,768
2024-01-29,XSMI.MI,124.58000183105469,125.55999755859375,124.58000183105469,125.44000244140625,2232
2024-01-30,XSMI.MI,125.81999969482422,125.81999969482422,125.18000030517578,125.30000305175781,662
2024-01-31,XSMI.MI,125.4000015258789,125.4000015258789,124.4800033569336,124.4800033569336,804
2024-02-01,XSMI.MI,123.72000122070312,124.19999694824219,123.30000305175781,123.45999908447266,1609
2024-02-02,XSMI.MI,123.9800033569336,124.13999938964844,123.19999694824219,123.19999694824219,297
2024-02-05,XSMI.MI,123.62000274658203,123.81999969482422,123.22000122070312,123.68000030517578,63
2024-02-06,XSMI.MI,123.22000122070312,123.31999969482422,122.69999694824219,123.31999969482422,94
2024-02-07,XSMI.MI,123.44000244140625,123.44000244140625,122.27999877929688,122.27999877929688,943
2024-02-08,XSMI.MI,122.4000015258789,122.63999938964844,121.4000015258789,121.4000015258789,971
2024-02-09,XSMI.MI,121.19999694824219,121.19999694824219,120.37999725341797,120.45999908447266,47
2024-02-12,XSMI.MI,121.0,121.41999816894531,121.0,121.41999816894531,647
2024-02-13,XSMI.MI,121.0999984741211,121.33999633789062,120.12000274658203,120.16000366210938,692
2024-02-14,XSMI.MI,120.54000091552734,120.91999816894531,120.41999816894531,120.91999816894531,392
2024-02-15,XSMI.MI,121.58000183105469,122.13999938964844,121.58000183105469,122.05999755859375,3494
2024-02-16,XSMI.MI,122.19999694824219,122.30000305175781,122.19999694824219,122.19999694824219,3402
2024-02-19,XSMI.MI,121.9000015258789,123.0999984741211,121.9000015258789,123.0999984741211,553
2024-02-20,XSMI.MI,122.95999908447266,123.37999725341797,122.95999908447266,123.37999725341797,513
2024-02-21,XSMI.MI,123.23999786376953,123.33999633789062,123.08000183105469,123.0999984741211,996
2024-02-22,XSMI.MI,122.4800033569336,122.5199966430664,122.12000274658203,122.12000274658203,448
2024-02-23,XSMI.MI,122.4800033569336,123.5199966430664,122.4800033569336,123.31999969482422,146
2024-02-26,XSMI.MI,123.27999877929688,123.30000305175781,122.63999938964844,122.63999938964844,307
2024-02-27,XSMI.MI,122.58000183105469,122.77999877929688,122.30000305175781,122.68000030517578,227
2024-02-28,XSMI.MI,123.04000091552734,123.41999816894531,122.41999816894531,122.41999816894531,534
2024-02-29,XSMI.MI,122.72000122070312,122.72000122070312,122.4000015258789,122.4000015258789,615
2024-03-01,XSMI.MI,122.36000061035156,122.81999969482422,122.36000061035156,122.5999984741211,412
2024-03-04,XSMI.MI,122.58000183105469,122.58000183105469,121.58000183105469,122.05999755859375,1176
2024-03-05,XSMI.MI,122.26000213623047,122.26000213623047,121.83999633789062,122.12000274658203,65
2024-03-06,XSMI.MI,122.30000305175781,122.69999694824219,122.26000213623047,122.63999938964844,415
2024-03-07,XSMI.MI,123.4800033569336,124.19999694824219,123.4800033569336,123.77999877929688,186
2024-03-08,XSMI.MI,124.55999755859375,124.5999984741211,124.27999877929688,124.5999984741211,626
2024-03-11,XSMI.MI,124.5999984741211,124.95999908447266,124.58000183105469,124.91999816894531,620
2024-03-12,XSMI.MI,125.5,125.87999725341797,125.05999755859375,125.87999725341797,290
2024-03-13,XSMI.MI,125.58000183105469,125.9800033569336,125.58000183105469,125.91999816894531,328
2024-03-14,XSMI.MI,125.94000244140625,126.08000183105469,125.30000305175781,125.5,224
2024-03-15,XSMI.MI,125.54000091552734,125.66000366210938,125.0199966430664,125.0199966430664,125
2024-03-18,XSMI.MI,124.95999908447266,124.95999908447266,124.19999694824219,124.30000305175781,82
2024-03-19,XSMI.MI,123.95999908447266,124.13999938964844,123.4800033569336,123.72000122070312,369
2024-03-20,XSMI.MI,123.9800033569336,124.0999984741211,123.80000305175781,123.81999969482422,330
2024-03-21,XSMI.MI,123.94000244140625,123.94000244140625,123.69999694824219,123.69999694824219,182
2024-03-22,XSMI.MI,123.80000305175781,123.95999908447266,123.69999694824219,123.69999694824219,6733
2024-03-25,XSMI.MI,123.58000183105469,123.58000183105469,122.91999816894531,123.26000213623047,328
2024-03-26,XSMI.MI,123.0,123.23999786376953,123.0,123.16000366210938,385
2024-03-27,XSMI.MI,123.0999984741211,123.27999877929688,122.9000015258789,123.13999938964844,298
2024-03-28,XSMI.MI,123.69999694824219,124.33999633789062,123.62000274658203,124.33999633789062,107
2024-04-02,XSMI.MI,124.26000213623047,124.26000213623047,122.58000183105469,122.58000183105469,409
2024-04-03,XSMI.MI,122.0999984741211,122.30000305175781,122.0,122.30000305175781,232
2024-04-04,XSMI.MI,122.0,122.58000183105469,121.87999725341797,122.58000183105469,7926
2024-04-05,XSMI.MI,121.72000122070312,121.72000122070312,121.31999969482422,121.5999984741211,312
2024-04-08,XSMI.MI,121.37999725341797,121.41999816894531,121.0,121.27999877929688,254
2024-04-09,XSMI.MI,121.27999877929688,121.5,121.0,121.0,432
2024-04-10,XSMI.MI,121.04000091552734,121.19999694824219,120.13999938964844,120.95999908447266,58
2024-04-11,XSMI.MI,120.94000244140625,121.5999984741211,120.68000030517578,121.18000030517578,165
2024-04-12,XSMI.MI,122.0,122.0,121.13999938964844,121.13999938964844,569
2024-04-15,XSMI.MI,121.44000244140625,121.58000183105469,120.73999786376953,121.19999694824219,362
2024-04-16,XSMI.MI,120.0,120.12000274658203,119.23999786376953,119.33999633789062,644
2024-04-17,XSMI.MI,119.5999984741211,120.26000213623047,119.5999984741211,119.73999786376953,589
2024-04-18,XSMI.MI,119.72000122070312,119.77999877929688,119.37999725341797,119.58000183105469,687
2024-04-19,XSMI.MI,119.04000091552734,120.44000244140625,119.04000091552734,120.44000244140625,271
2024-04-22,XSMI.MI,120.77999877929688,121.27999877929688,120.77999877929688,121.23999786376953,292
2024-04-23,XSMI.MI,122.0999984741211,123.04000091552734,122.0999984741211,122.4000015258789,1130
2024-04-24,XSMI.MI,121.9800033569336,121.9800033569336,121.13999938964844,121.13999938964844,3272
2024-04-25,XSMI.MI,119.9000015258789,119.9000015258789,119.4000015258789,119.66000366210938,240
2024-04-26,XSMI.MI,120.69999694824219,120.9800033569336,120.69999694824219,120.81999969482422,190
2024-04-29,XSMI.MI,120.83999633789062,121.04000091552734,120.69999694824219,120.69999694824219,202
2024-04-30,XSMI.MI,120.37999725341797,120.54000091552734,119.58000183105469,119.58000183105469,1302
2024-05-02,XSMI.MI,120.12000274658203,120.26000213623047,119.26000213623047,119.26000213623047,169
2024-05-03,XSMI.MI,119.72000122070312,120.73999786376953,119.72000122070312,120.36000061035156,703
2024-05-06,XSMI.MI,120.54000091552734,121.22000122070312,120.54000091552734,120.63999938964844,1187
2024-05-07,XSMI.MI,121.69999694824219,122.31999969482422,121.63999938964844,122.31999969482422,1119
2024-05-08,XSMI.MI,122.94000244140625,123.36000061035156,122.94000244140625,123.31999969482422,801
2024-05-09,XSMI.MI,123.31999969482422,123.72000122070312,123.0,123.33999633789062,1389
2024-05-10,XSMI.MI,124.0199966430664,124.9000015258789,124.0199966430664,124.9000015258789,310
2024-05-13,XSMI.MI,125.0,125.27999877929688,124.72000122070312,124.81999969482422,1049
2024-05-14,XSMI.MI,124.33999633789062,124.95999908447266,124.30000305175781,124.95999908447266,1377
2024-05-15,XSMI.MI,125.4000015258789,126.12000274658203,125.16000366210938,126.12000274658203,3517
2024-05-16,XSMI.MI,127.0999984741211,127.33999633789062,126.22000122070312,126.22000122070312,2886
2024-05-17,XSMI.MI,127.16000366210938,127.16000366210938,126.86000061035156,126.9000015258789,1051
2024-05-20,XSMI.MI,126.73999786376953,127.18000030517578,126.62000274658203,127.18000030517578,7031
2024-05-21,XSMI.MI,126.4800033569336,126.77999877929688,126.33999633789062,126.33999633789062,599
2024-05-22,XSMI.MI,125.81999969482422,125.91999816894531,125.41999816894531,125.63999938964844,286
2024-05-23,XSMI.MI,125.55999755859375,126.19999694824219,125.55999755859375,125.81999969482422,1907
2024-05-24,XSMI.MI,125.0999984741211,125.23999786376953,124.94000244140625,125.22000122070312,200
2024-05-27,XSMI.MI,125.13999938964844,125.41999816894531,125.13999938964844,125.41999816894531,79
2024-05-28,XSMI.MI,125.54000091552734,125.54000091552734,124.4800033569336,124.4800033569336,483
2024-05-29,XSMI.MI,124.08000183105469,124.27999877929688,124.08000183105469,124.26000213623047,334
2024-05-30,XSMI.MI,124.72000122070312,126.26000213623047,124.72000122070312,126.26000213623047,337
2024-05-31,XSMI.MI,126.80000305175781,127.66000366210938,126.27999877929688,127.5199966430664,5689
2024-06-03,XSMI.MI,128.0399932861328,128.22000122070312,127.83999633789062,128.0800018310547,638
2024-06-04,XSMI.MI,127.95999908447266,129.25999450683594,127.95999908447266,129.16000366210938,1542
2024-06-05,XSMI.MI,129.83999633789062,130.27999877929688,129.6999969482422,130.05999755859375,203
2024-06-06,XSMI.MI,130.33999633789062,131.10000610351562,130.33999633789062,131.10000610351562,491
2024-06-07,XSMI.MI,131.4600067138672,131.66000366210938,131.24000549316406,131.5800018310547,1696
2024-06-10,XSMI.MI,130.9199981689453,131.36000061035156,130.72000122070312,130.9600067138672,465
2024-06-11,XSMI.MI,131.1999969482422,131.24000549316406,130.10000610351562,130.17999267578125,5482
2024-06-12,XSMI.MI,130.22000122070312,131.3800048828125,130.22000122070312,130.77999877929688,223
2024-06-13,XSMI.MI,130.52000427246094,130.72000122070312,130.0800018310547,130.72000122070312,1292
2024-06-14,XSMI.MI,131.39999389648438,131.63999938964844,130.67999267578125,131.3800048828125,388
2024-06-17,XSMI.MI,131.3800048828125,131.5,130.10000610351562,130.6199951171875,2314
2024-06-18,XSMI.MI,130.97999572753906,131.75999450683594,130.97999572753906,131.75999450683594,874
2024-06-19,XSMI.MI,131.8800048828125,131.9199981689453,131.77999877929688,131.9199981689453,904
2024-06-20,XSMI.MI,132.05999755859375,132.27999877929688,131.24000549316406,132.02000427246094,1848
2024-06-21,XSMI.MI,132.05999755859375,132.05999755859375,130.72000122070312,130.72000122070312,297
2024-06-24,XSMI.MI,131.0,131.82000732421875,131.0,131.75999450683594,1247
2024-06-25,XSMI.MI,131.0,131.32000732421875,130.94000244140625,131.0800018310547,8896
2024-06-26,XSMI.MI,131.0,131.0,130.10000610351562,130.22000122070312,430
2024-06-27,XSMI.MI,130.24000549316406,130.24000549316406,129.82000732421875,129.94000244140625,166
2024-06-28,XSMI.MI,129.77999877929688,129.77999877929688,129.4600067138672,129.4600067138672,40
2024-07-01,XSMI.MI,129.39999389648438,129.47999572753906,128.97999572753906,128.97999572753906,368
2024-07-02,XSMI.MI,127.86000061035156,128.55999755859375,127.86000061035156,128.55999755859375,203
2024-07-03,XSMI.MI,128.22000122070312,128.86000061035156,128.17999267578125,128.4199981689453,1097
2024-07-04,XSMI.MI,128.55999755859375,129.27999877929688,128.55999755859375,128.8800048828125,305
2024-07-05,XSMI.MI,129.1199951171875,129.3800048828125,128.3800048828125,128.3800048828125,97
2024-07-08,XSMI.MI,128.60000610351562,129.5800018310547,128.60000610351562,128.8800048828125,415
2024-07-09,XSMI.MI,129.8800048828125,129.8800048828125,128.86000061035156,128.86000061035156,357
2024-07-10,XSMI.MI,129.0,129.63999938964844,128.94000244140625,129.63999938964844,2226
2024-07-11,XSMI.MI,130.5800018310547,131.02000427246094,130.47999572753906,131.02000427246094,570
2024-07-12,XSMI.MI,131.02000427246094,131.82000732421875,131.02000427246094,131.72000122070312,161
2024-07-15,XSMI.MI,131.60000610351562,132.27999877929688,130.5399932861328,130.5399932861328,486
2024-07-16,XSMI.MI,130.36000061035156,130.67999267578125,130.05999755859375,130.67999267578125,1997
2024-07-17,XSMI.MI,131.44000244140625,132.24000549316406,131.36000061035156,132.24000549316406,141
2024-07-18,XSMI.MI,131.47999572753906,131.9199981689453,131.4600067138672,131.67999267578125,194
2024-07-19,XSMI.MI,131.55999755859375,131.55999755859375,130.5399932861328,130.5800018310547,293
2024-07-22,XSMI.MI,131.39999389648438,131.83999633789062,131.39999389648438,131.72000122070312,557
2024-07-23,XSMI.MI,131.4199981689453,131.83999633789062,131.4199981689453,131.4600067138672,32
2024-07-24,XSMI.MI,131.32000732421875,131.82000732421875,131.1999969482422,131.82000732421875,141
2024-07-25,XSMI.MI,131.3800048828125,131.3800048828125,130.52000427246094,131.16000366210938,1999
2024-07-26,XSMI.MI,130.75999450683594,132.3000030517578,130.75999450683594,132.3000030517578,642
2024-07-29,XSMI.MI,132.36000061035156,132.77999877929688,131.97999572753906,131.97999572753906,335
2024-07-30,XSMI.MI,132.22000122070312,133.13999938964844,132.22000122070312,132.83999633789062,8928
2024-07-31,XSMI.MI,133.82000732421875,134.32000732421875,133.67999267578125,133.9199981689453,6576
2024-08-01,XSMI.MI,133.9199981689453,134.22000122070312,133.39999389648438,133.47999572753906,2865
2024-08-02,XSMI.MI,133.0800018310547,133.0800018310547,130.8000030517578,131.13999938964844,7901
2024-08-05,XSMI.MI,128.32000732421875,129.0,127.80000305175781,128.22000122070312,1121
2024-08-06,XSMI.MI,127.9800033569336,128.39999389648438,127.0,128.10000610351562,592
2024-08-07,XSMI.MI,129.24000549316406,130.0,129.0,129.8000030517578,234
2024-08-08,XSMI.MI,128.82000732421875,129.66000366210938,128.82000732421875,129.66000366210938,16
2024-08-09,XSMI.MI,129.67999267578125,130.77999877929688,129.67999267578125,130.36000061035156,505
2024-08-12,XSMI.MI,130.47999572753906,130.47999572753906,129.8000030517578,129.8000030517578,14
2024-08-13,XSMI.MI,130.02000427246094,130.52000427246094,129.25999450683594,130.52000427246094,8689
2024-08-14,XSMI.MI,131.32000732421875,131.5,131.32000732421875,131.39999389648438,213
2024-08-16,XSMI.MI,132.8800048828125,132.8800048828125,132.17999267578125,132.39999389648438,865
2024-08-19,XSMI.MI,132.52000427246094,133.32000732421875,132.52000427246094,133.24000549316406,221
2024-08-20,XSMI.MI,133.47999572753906,134.10000610351562,133.47999572753906,133.5800018310547,10007
2024-08-21,XSMI.MI,131.75999450683594,131.86000061035156,131.5399932861328,131.75999450683594,436
2024-08-22,XSMI.MI,132.0,132.8800048828125,132.0,132.8000030517578,80
2024-08-23,XSMI.MI,131.9199981689453,132.8000030517578,131.9199981689453,132.8000030517578,362
2024-08-26,XSMI.MI,133.17999267578125,133.3000030517578,133.1199951171875,133.1199951171875,364
2024-08-27,XSMI.MI,133.17999267578125,133.36000061035156,133.17999267578125,133.27999877929688,132
2024-08-28,XSMI.MI,134.4600067138672,134.75999450683594,134.4600067138672,134.5399932861328,975
2024-08-29,XSMI.MI,135.0,135.3000030517578,134.94000244140625,134.94000244140625,561
2024-08-30,XSMI.MI,135.27999877929688,135.5,135.1199951171875,135.1199951171875,91
2024-09-02,XSMI.MI,134.5399932861328,134.9199981689453,134.0800018310547,134.9199981689453,4431
2024-09-03,XSMI.MI,134.22000122070312,134.27999877929688,133.77999877929688,134.05999755859375,354
2024-09-04,XSMI.MI,132.8000030517578,132.8800048828125,131.9199981689453,132.0399932861328,683
2024-09-05,XSMI.MI,131.60000610351562,131.60000610351562,130.60000610351562,130.60000610351562,247
2024-09-06,XSMI.MI,130.32000732421875,130.82000732421875,129.8000030517578,129.8000030517578,821
2024-09-09,XSMI.MI,130.25999450683594,130.4199981689453,130.25999450683594,130.4199981689453,138
2024-09-10,XSMI.MI,130.82000732421875,130.82000732421875,130.60000610351562,130.60000610351562,10130
2024-09-11,XSMI.MI,130.44000244140625,130.8000030517578,130.02000427246094,130.02000427246094,1576
2024-09-12,XSMI.MI,130.02000427246094,130.02000427246094,130.02000427246094,130.02000427246094,0
2024-09-13,XSMI.MI,130.6199951171875,130.8000030517578,130.4199981689453,130.4199981689453,1513
2024-09-16,XSMI.MI,130.10000610351562,130.82000732421875,130.10000610351562,130.1199951171875,677
2024-09-17,XSMI.MI,130.67999267578125,130.9600067138672,130.24000549316406,130.24000549316406,11287
2024-09-18,XSMI.MI,129.75999450683594,130.05999755859375,129.74000549316406,129.74000549316406,716
2024-09-19,XSMI.MI,130.74000549316406,130.74000549316406,130.10000610351562,130.24000549316406,714
2024-09-20,XSMI.MI,129.5800018310547,129.5800018310547,128.3800048828125,128.3800048828125,217
2024-09-23,XSMI.MI,128.9600067138672,129.3000030517578,128.9600067138672,129.24000549316406,49
2024-09-24,XSMI.MI,130.36000061035156,130.36000061035156,129.75999450683594,130.22000122070312,917
2024-09-25,XSMI.MI,130.05999755859375,130.72000122070312,130.05999755859375,130.72000122070312,174
2024-09-26,XSMI.MI,131.66000366210938,131.75999450683594,131.1199951171875,131.5,463
2024-09-27,XSMI.MI,131.94000244140625,132.6999969482422,131.94000244140625,132.5399932861328,616
2024-09-30,XSMI.MI,132.3800048828125,132.52000427246094,131.52000427246094,131.74000549316406,867
2024-10-01,XSMI.MI,132.0,132.66000366210938,131.82000732421875,131.82000732421875,641
2024-10-02,XSMI.MI,132.16000366210938,132.16000366210938,131.0,131.63999938964844,420
2024-10-03,XSMI.MI,130.89999389648438,130.89999389648438,130.32000732421875,130.36000061035156,3180
2024-10-04,XSMI.MI,130.27999877929688,130.27999877929688,129.8800048828125,129.8800048828125,425
2024-10-07,XSMI.MI,130.4600067138672,130.5399932861328,129.6999969482422,130.39999389648438,746
2024-10-08,XSMI.MI,129.83999633789062,130.5800018310547,129.83999633789062,130.24000549316406,2428
2024-10-09,XSMI.MI,130.6999969482422,131.39999389648438,130.67999267578125,131.39999389648438,31
2024-10-10,XSMI.MI,131.86000061035156,131.86000061035156,131.44000244140625,131.74000549316406,407
2024-10-11,XSMI.MI,131.44000244140625,132.13999938964844,131.44000244140625,132.13999938964844,35
2024-10-14,XSMI.MI,133.0800018310547,133.0800018310547,132.4199981689453,132.86000061035156,325
2024-10-15,XSMI.MI,133.5399932861328,133.5399932861328,132.67999267578125,132.67999267578125,1865
2024-10-16,XSMI.MI,132.4600067138672,132.6199951171875,132.17999267578125,132.39999389648438,697
2024-10-17,XSMI.MI,131.97999572753906,134.22000122070312,131.97999572753906,133.89999389648438,499
2024-10-18,XSMI.MI,134.0,134.0,133.44000244140625,133.74000549316406,267
2024-10-21,XSMI.MI,134.0,134.0,133.44000244140625,133.47999572753906,38
2024-10-22,XSMI.MI,133.17999267578125,133.17999267578125,132.0800018310547,132.6199951171875,30470
2024-10-23,XSMI.MI,132.77999877929688,132.86000061035156,132.44000244140625,132.74000549316406,5409
2024-10-24,XSMI.MI,133.16000366210938,133.4600067138672,132.8000030517578,132.8000030517578,676
2024-10-25,XSMI.MI,132.52000427246094,132.67999267578125,132.16000366210938,132.67999267578125,4378
2024-10-28,XSMI.MI,133.13999938964844,133.5399932861328,132.63999938964844,133.33999633789062,423
2024-10-29,XSMI.MI,133.1999969482422,133.1999969482422,131.52000427246094,131.52000427246094,1407
2024-10-30,XSMI.MI,131.32000732421875,131.33999633789062,129.94000244140625,129.94000244140625,3252
2024-10-31,XSMI.MI,129.1999969482422,129.1999969482422,127.9000015258789,128.1999969482422,16212
2024-11-01,XSMI.MI,128.52000427246094,129.63999938964844,128.52000427246094,129.63999938964844,755
2024-11-04,XSMI.MI,129.5,129.89999389648438,129.27999877929688,129.27999877929688,33
2024-11-05,XSMI.MI,129.4600067138672,129.5399932861328,128.5399932861328,128.5399932861328,1755
2024-11-06,XSMI.MI,131.3000030517578,131.3000030517578,128.74000549316406,128.74000549316406,2443
2024-11-07,XSMI.MI,128.97999572753906,129.67999267578125,128.97999572753906,129.22000122070312,6489
2024-11-08,XSMI.MI,129.25999450683594,129.25999450683594,128.25999450683594,128.47999572753906,5778
2024-11-11,XSMI.MI,129.8000030517578,129.9600067138672,129.6999969482422,129.6999969482422,43
2024-11-12,XSMI.MI,128.97999572753906,129.02000427246094,127.63999938964844,127.72000122070312,10383
2024-11-13,XSMI.MI,127.54000091552734,127.87999725341797,126.72000122070312,127.87999725341797,6738
2024-11-14,XSMI.MI,127.4000015258789,128.4600067138672,127.19999694824219,128.1999969482422,13601
2024-11-15,XSMI.MI,127.19999694824219,127.37999725341797,126.62000274658203,126.72000122070312,10380
2024-11-18,XSMI.MI,126.72000122070312,126.94000244140625,126.72000122070312,126.94000244140625,1062
2024-11-19,XSMI.MI,127.5199966430664,127.5199966430664,125.54000091552734,126.12000274658203,21680
2024-11-20,XSMI.MI,127.04000091552734,127.16000366210938,126.33999633789062,126.54000091552734,4716
2024-11-21,XSMI.MI,126.36000061035156,127.33999633789062,126.31999969482422,127.30000305175781,4525
2024-11-22,XSMI.MI,128.0399932861328,128.94000244140625,128.0399932861328,128.5399932861328,10398
2024-11-25,XSMI.MI,128.5800018310547,128.5800018310547,127.81999969482422,127.95999908447266,4105
2024-11-26,XSMI.MI,127.4000015258789,127.9800033569336,127.4000015258789,127.5999984741211,18144
2024-11-27,XSMI.MI,128.0,128.0,127.31999969482422,127.58000183105469,1389
2024-11-28,XSMI.MI,128.0,128.32000732421875,127.81999969482422,128.16000366210938,959
2024-11-29,XSMI.MI,128.3000030517578,129.0,128.0800018310547,129.0,3346
2024-12-02,XSMI.MI,128.89999389648438,129.89999389648438,128.89999389648438,129.89999389648438,5099
2024-12-03,XSMI.MI,129.67999267578125,129.83999633789062,129.39999389648438,129.5800018310547,6762
2024-12-04,XSMI.MI,129.3000030517578,129.4199981689453,129.0,129.1199951171875,866
2024-12-05,XSMI.MI,129.25999450683594,129.25999450683594,128.8000030517578,129.24000549316406,2071
2024-12-06,XSMI.MI,128.86000061035156,129.8000030517578,128.86000061035156,129.5,4249
2024-12-09,XSMI.MI,129.97999572753906,129.97999572753906,128.74000549316406,129.24000549316406,5570
2024-12-10,XSMI.MI,128.8800048828125,129.05999755859375,128.05999755859375,128.05999755859375,20610
2024-12-11,XSMI.MI,127.73999786376953,128.4600067138672,127.73999786376953,128.33999633789062,1955
2024-12-12,XSMI.MI,128.13999938964844,128.36000061035156,127.91999816894531,128.1199951171875,5127
2024-12-13,XSMI.MI,127.63999938964844,127.63999938964844,127.04000091552734,127.13999938964844,2312
2024-12-16,XSMI.MI,127.0999984741211,127.26000213623047,126.80000305175781,127.26000213623047,1508
2024-12-17,XSMI.MI,126.0199966430664,127.44000244140625,125.95999908447266,127.44000244140625,5585
2024-12-18,XSMI.MI,127.18000030517578,127.18000030517578,126.68000030517578,126.81999969482422,5624
2024-12-19,XSMI.MI,125.45999908447266,125.45999908447266,124.4800033569336,124.94000244140625,17299
2024-12-20,XSMI.MI,123.73999786376953,124.87999725341797,123.63999938964844,124.77999877929688,1491
2024-12-23,XSMI.MI,124.86000061035156,125.5199966430664,124.86000061035156,125.33999633789062,785
2024-12-27,XSMI.MI,125.04000091552734,125.81999969482422,125.04000091552734,125.81999969482422,1686
2024-12-30,XSMI.MI,125.41999816894531,125.5999984741211,125.04000091552734,125.5999984741211,174
2025-01-02,XSMI.MI,126.31999969482422,127.41999816894531,126.19999694824219,127.41999816894531,24788
2025-01-03,XSMI.MI,126.91999816894531,127.0,126.23999786376953,126.54000091552734,18112
2025-01-06,XSMI.MI,126.62000274658203,126.83999633789062,125.9800033569336,126.77999877929688,14859
2025-01-07,XSMI.MI,127.0199966430664,128.0399932861328,127.0199966430664,128.0399932861328,51
2025-01-08,XSMI.MI,128.3000030517578,129.24000549316406,128.27999877929688,129.13999938964844,3034
2025-01-09,XSMI.MI,129.32000732421875,129.83999633789062,129.16000366210938,129.60000610351562,903
2025-01-10,XSMI.MI,129.0800018310547,129.10000610351562,128.0,128.22000122070312,3670
2025-01-13,XSMI.MI,127.73999786376953,127.73999786376953,127.26000213623047,127.33999633789062,922
2025-01-14,XSMI.MI,127.94000244140625,127.94000244140625,127.0,127.0199966430664,841
2025-01-15,XSMI.MI,126.77999877929688,128.05999755859375,126.72000122070312,127.9800033569336,7983
2025-01-16,XSMI.MI,129.10000610351562,129.72000122070312,128.9199981689453,129.72000122070312,3050
2025-01-17,XSMI.MI,130.33999633789062,130.3800048828125,129.9199981689453,129.9600067138672,2939
2025-01-20,XSMI.MI,129.9600067138672,130.5,129.66000366210938,129.94000244140625,2458
2025-01-21,XSMI.MI,130.25999450683594,130.75999450683594,130.1999969482422,130.75999450683594,1100
2025-01-22,XSMI.MI,131.86000061035156,132.1199951171875,131.5,131.75999450683594,1602
2025-01-23,XSMI.MI,131.9600067138672,132.36000061035156,131.5800018310547,132.36000061035156,2293
2025-01-24,XSMI.MI,132.39999389648438,132.39999389648438,131.5,131.74000549316406,1001
2025-01-27,XSMI.MI,132.0,134.05999755859375,131.74000549316406,134.02000427246094,1912
2025-01-28,XSMI.MI,134.44000244140625,135.05999755859375,134.44000244140625,134.67999267578125,1094
2025-01-29,XSMI.MI,134.8000030517578,135.60000610351562,134.8000030517578,135.16000366210938,569
2025-01-30,XSMI.MI,135.5,135.8000030517578,135.4199981689453,135.66000366210938,4663
2025-01-31,XSMI.MI,136.24000549316406,136.86000061035156,135.82000732421875,135.86000061035156,8898
2025-02-03,XSMI.MI,135.10000610351562,136.16000366210938,134.94000244140625,136.16000366210938,7756
2025-02-04,XSMI.MI,135.77999877929688,135.77999877929688,134.8000030517578,135.13999938964844,26450
2025-02-05,XSMI.MI,135.33999633789062,136.5399932861328,134.89999389648438,136.5399932861328,703
2025-02-06,XSMI.MI,136.9199981689453,137.33999633789062,136.67999267578125,137.0,9400
2025-02-07,XSMI.MI,136.74000549316406,136.83999633789062,136.3000030517578,136.47999572753906,7582
2025-02-10,XSMI.MI,136.77999877929688,137.16000366210938,136.60000610351562,137.16000366210938,1144
2025-02-11,XSMI.MI,137.10000610351562,137.32000732421875,136.82000732421875,137.1199951171875,3489
2025-02-12,XSMI.MI,136.97999572753906,137.16000366210938,136.36000061035156,136.94000244140625,4604
2025-02-13,XSMI.MI,138.05999755859375,139.82000732421875,137.75999450683594,139.82000732421875,19011
2025-02-14,XSMI.MI,139.0800018310547,139.6199951171875,138.4600067138672,138.74000549316406,4545
2025-02-17,XSMI.MI,138.60000610351562,139.05999755859375,138.60000610351562,138.9600067138672,9393
2025-02-18,XSMI.MI,139.16000366210938,139.44000244140625,138.72000122070312,139.17999267578125,4421
2025-02-19,XSMI.MI,139.1199951171875,139.13999938964844,137.9600067138672,138.4199981689453,8893
2025-02-20,XSMI.MI,138.16000366210938,138.5,137.89999389648438,138.4600067138672,3336
2025-02-21,XSMI.MI,138.39999389648438,140.25999450683594,138.36000061035156,140.24000549316406,20440
2025-02-24,XSMI.MI,140.1199951171875,140.6999969482422,139.89999389648438,140.3000030517578,9928
2025-02-25,XSMI.MI,140.1999969482422,141.36000061035156,140.1999969482422,141.33999633789062,4726
2025-02-26,XSMI.MI,141.3800048828125,141.82000732421875,140.89999389648438,141.27999877929688,16241
2025-02-27,XSMI.MI,140.5,140.94000244140625,140.17999267578125,140.89999389648438,8283
2025-02-28,XSMI.MI,140.36000061035156,141.13999938964844,140.16000366210938,141.13999938964844,2894
2025-03-03,XSMI.MI,141.33999633789062,142.27999877929688,140.74000549316406,142.27999877929688,3075
2025-03-04,XSMI.MI,141.89999389648438,142.52000427246094,141.25999450683594,141.33999633789062,21832
2025-03-05,XSMI.MI,140.66000366210938,141.0,139.44000244140625,139.44000244140625,7922
2025-03-06,XSMI.MI,138.6199951171875,138.6199951171875,137.22000122070312,138.27999877929688,11221
2025-03-07,XSMI.MI,138.22000122070312,139.6999969482422,137.60000610351562,139.63999938964844,12583
2025-03-10,XSMI.MI,139.89999389648438,139.89999389648438,138.5,138.6999969482422,5686
2025-03-11,XSMI.MI,137.94000244140625,137.94000244140625,134.4600067138672,134.4600067138672,35302
2025-03-12,XSMI.MI,136.16000366210938,137.4600067138672,135.8000030517578,136.24000549316406,3497
2025-03-13,XSMI.MI,136.86000061035156,137.47999572753906,136.10000610351562,136.24000549316406,6059
2025-03-14,XSMI.MI,136.39999389648438,137.0,135.5,137.0,2802
2025-03-17,XSMI.MI,137.17999267578125,138.6999969482422,137.05999755859375,138.6999969482422,3531
2025-03-18,XSMI.MI,138.82000732421875,139.05999755859375,138.60000610351562,138.9600067138672,1916
2025-03-19,XSMI.MI,138.9600067138672,139.13999938964844,138.55999755859375,139.05999755859375,316
2025-03-20,XSMI.MI,139.4600067138672,139.75999450683594,138.9199981689453,139.6999969482422,8775
2025-03-21,XSMI.MI,138.67999267578125,139.72000122070312,138.67999267578125,139.5399932861328,2565
2025-03-24,XSMI.MI,139.4199981689453,139.5399932861328,138.67999267578125,139.10000610351562,1379
2025-03-25,XSMI.MI,139.6199951171875,140.05999755859375,139.4600067138672,139.4600067138672,950
2025-03-26,XSMI.MI,138.6999969482422,139.1999969482422,138.39999389648438,138.82000732421875,1611
2025-03-27,XSMI.MI,137.8800048828125,138.4199981689453,137.33999633789062,138.4199981689453,2010
2025-03-28,XSMI.MI,139.0,139.02000427246094,137.9600067138672,138.0399932861328,2698
2025-03-31,XSMI.MI,137.02000427246094,137.02000427246094,135.25999450683594,135.25999450683594,3622
2025-04-01,XSMI.MI,137.0399932861328,137.10000610351562,136.0,136.55999755859375,3230
2025-04-02,XSMI.MI,135.72000122070312,135.72000122070312,134.5399932861328,134.77999877929688,1911
2025-04-03,XSMI.MI,133.5,133.5800018310547,132.27999877929688,132.86000061035156,3288
2025-04-04,XSMI.MI,132.0,132.4199981689453,126.5,126.83999633789062,11551
2025-04-07,XSMI.MI,120.5,122.19999694824219,118.81999969482422,121.04000091552734,3616
2025-04-08,XSMI.MI,122.94000244140625,126.30000305175781,121.81999969482422,125.08000183105469,6560
2025-04-09,XSMI.MI,121.55999755859375,121.66000366210938,118.81999969482422,119.9000015258789,10784
2025-04-10,XSMI.MI,129.67999267578125,129.67999267578125,124.23999786376953,124.69999694824219,420
2025-04-11,XSMI.MI,125.68000030517578,125.68000030517578,122.44000244140625,125.22000122070312,2636
2025-04-14,XSMI.MI,126.54000091552734,127.76000213623047,126.30000305175781,127.76000213623047,311
2025-04-15,XSMI.MI,127.4800033569336,129.4600067138672,127.4800033569336,129.4600067138672,103
2025-04-16,XSMI.MI,128.36000061035156,129.13999938964844,127.9800033569336,129.13999938964844,554
2025-04-17,XSMI.MI,128.5,129.24000549316406,128.24000549316406,129.13999938964844,1255
2025-04-22,XSMI.MI,128.25999450683594,129.47999572753906,127.9000015258789,129.47999572753906,2529
2025-04-23,XSMI.MI,131.3000030517578,131.39999389648438,130.22000122070312,130.44000244140625,5475
2025-04-24,XSMI.MI,130.24000549316406,131.5,129.6999969482422,131.39999389648438,4333
2025-04-25,XSMI.MI,131.0,131.89999389648438,131.0,131.3800048828125,853
2025-04-28,XSMI.MI,131.47999572753906,132.82000732421875,131.47999572753906,132.74000549316406,767
2025-04-29,XSMI.MI,133.4199981689453,133.67999267578125,133.24000549316406,133.3000030517578,3061
2025-04-30,XSMI.MI,134.17999267578125,134.63999938964844,133.39999389648438,134.63999938964844,14370
2025-05-02,XSMI.MI,134.83999633789062,135.89999389648438,134.5,135.89999389648438,354
2025-05-05,XSMI.MI,136.02000427246094,136.63999938964844,136.02000427246094,136.1999969482422,4305
2025-05-06,XSMI.MI,136.1199951171875,136.17999267578125,135.60000610351562,135.74000549316406,4013
2025-05-07,XSMI.MI,134.86000061035156,135.0399932861328,134.5399932861328,134.94000244140625,40172
2025-05-08,XSMI.MI,134.44000244140625,135.52000427246094,134.44000244140625,134.47999572753906,1093
2025-05-09,XSMI.MI,134.52000427246094,134.63999938964844,134.0800018310547,134.3000030517578,2128
2025-05-12,XSMI.MI,133.66000366210938,135.33999633789062,133.22000122070312,135.33999633789062,8476
2025-05-13,XSMI.MI,135.63999938964844,136.10000610351562,134.1199951171875,134.22000122070312,1669
2025-05-14,XSMI.MI,134.17999267578125,134.47999572753906,133.74000549316406,133.74000549316406,1701
2025-05-15,XSMI.MI,133.67999267578125,135.6199951171875,133.60000610351562,135.6199951171875,141
2025-05-16,XSMI.MI,137.1199951171875,137.25999450683594,135.9199981689453,136.77999877929688,2370
2025-05-19,XSMI.MI,136.74000549316406,137.05999755859375,135.86000061035156,137.05999755859375,255
2025-05-20,XSMI.MI,136.67999267578125,138.0,136.66000366210938,137.89999389648438,4737
2025-05-21,XSMI.MI,137.6199951171875,137.6199951171875,137.22000122070312,137.55999755859375,2014
2025-05-22,XSMI.MI,136.52000427246094,136.5800018310547,135.75999450683594,136.52000427246094,75
2025-05-23,XSMI.MI,136.9600067138672,136.9600067138672,135.22000122070312,136.39999389648438,2156
2025-05-26,XSMI.MI,136.74000549316406,137.32000732421875,136.74000549316406,137.32000732421875,503
2025-05-27,XSMI.MI,136.97999572753906,137.3800048828125,136.8000030517578,136.83999633789062,2788
2025-05-28,XSMI.MI,136.63999938964844,136.6999969482422,135.75999450683594,135.77999877929688,2202
2025-05-29,XSMI.MI,136.3800048828125,136.5,135.6199951171875,135.6199951171875,924
2025-05-30,XSMI.MI,136.10000610351562,137.32000732421875,136.10000610351562,136.25999450683594,2618
2025-06-02,XSMI.MI,136.55999755859375,136.55999755859375,135.72000122070312,136.13999938964844,1783
2025-06-03,XSMI.MI,136.1999969482422,136.22000122070312,135.8000030517578,136.1999969482422,4137
2025-06-04,XSMI.MI,136.4199981689453,137.17999267578125,136.0800018310547,137.0800018310547,2034
2025-06-05,XSMI.MI,137.36000061035156,137.63999938964844,136.25999450683594,136.67999267578125,4732
2025-06-06,XSMI.MI,136.8000030517578,137.6199951171875,136.8000030517578,137.4600067138672,421
2025-06-09,XSMI.MI,137.8000030517578,137.8000030517578,137.3000030517578,137.3000030517578,276
2025-06-10,XSMI.MI,137.77999877929688,137.77999877929688,136.6999969482422,137.0,1663
2025-06-11,XSMI.MI,137.25999450683594,137.5,136.1999969482422,136.1999969482422,689
2025-06-12,XSMI.MI,135.5,136.36000061035156,135.3800048828125,136.36000061035156,1248
2025-06-13,XSMI.MI,135.6199951171875,136.1999969482422,134.86000061035156,134.86000061035156,1834
2025-06-16,XSMI.MI,134.5800018310547,134.6999969482422,133.82000732421875,134.1199951171875,3973
2025-06-17,XSMI.MI,133.17999267578125,134.17999267578125,133.0,133.39999389648438,3579
2025-06-18,XSMI.MI,132.6999969482422,133.0399932861328,132.3800048828125,132.39999389648438,1389
2025-06-19,XSMI.MI,131.47999572753906,132.13999938964844,131.3800048828125,131.83999633789062,2767
2025-06-20,XSMI.MI,132.47999572753906,132.5,131.4600067138672,131.4600067138672,620
2025-06-23,XSMI.MI,132.10000610351562,132.1199951171875,131.5800018310547,131.77999877929688,246
2025-06-24,XSMI.MI,133.5800018310547,133.63999938964844,132.9199981689453,133.55999755859375,2516
2025-06-25,XSMI.MI,134.02000427246094,134.02000427246094,132.1199951171875,132.1199951171875,768
2025-06-26,XSMI.MI,132.75999450683594,132.75999450683594,131.86000061035156,132.1199951171875,1908
2025-06-27,XSMI.MI,133.63999938964844,133.83999633789062,132.82000732421875,133.4600067138672,2147
2025-06-30,XSMI.MI,133.4600067138672,133.60000610351562,132.77999877929688,133.0,997
2025-07-01,XSMI.MI,133.72000122070312,133.72000122070312,132.3000030517578,133.52000427246094,2569
2025-07-02,XSMI.MI,133.74000549316406,134.0,133.5,133.75999450683594,6000
2025-07-03,XSMI.MI,134.05999755859375,134.05999755859375,133.1199951171875,133.39999389648438,177
2025-07-04,XSMI.MI,133.0,134.0399932861328,132.66000366210938,133.5,2710
2025-07-07,XSMI.MI,133.3000030517578,133.52000427246094,133.13999938964844,133.27999877929688,558
2025-07-08,XSMI.MI,132.83999633789062,133.75999450683594,132.5800018310547,133.75999450683594,4183
2025-07-09,XSMI.MI,133.5,134.60000610351562,133.27999877929688,134.27999877929688,1367
2025-07-10,XSMI.MI,134.9199981689453,135.67999267578125,134.9199981689453,135.67999267578125,130
2025-07-11,XSMI.MI,135.0800018310547,135.0800018310547,133.4199981689453,133.6199951171875,4515
2025-07-14,XSMI.MI,133.32000732421875,133.6999969482422,133.32000732421875,133.6999969482422,895
2025-07-15,XSMI.MI,134.16000366210938,134.33999633789062,133.4199981689453,133.44000244140625,3614
2025-07-16,XSMI.MI,133.60000610351562,133.8000030517578,133.17999267578125,133.36000061035156,1887
2025-07-17,XSMI.MI,133.5800018310547,134.25999450683594,133.52000427246094,133.67999267578125,5918
2025-07-18,XSMI.MI,134.0399932861328,134.3000030517578,134.0,134.17999267578125,957
2025-07-21,XSMI.MI,133.89999389648438,134.24000549316406,133.47999572753906,133.47999572753906,1764
2025-07-22,XSMI.MI,132.9199981689453,133.27999877929688,132.55999755859375,133.27999877929688,3793
2025-07-23,XSMI.MI,134.89999389648438,135.33999633789062,134.77999877929688,135.1999969482422,2627
2025-07-24,XSMI.MI,135.3000030517578,135.3000030517578,134.24000549316406,134.24000549316406,965
2025-07-25,XSMI.MI,133.72000122070312,133.72000122070312,133.10000610351562,133.4199981689453,1240
2025-07-28,XSMI.MI,134.4199981689453,134.72000122070312,133.36000061035156,133.36000061035156,1537
2025-07-29,XSMI.MI,133.47999572753906,134.4600067138672,133.36000061035156,133.97999572753906,2803
2025-07-30,XSMI.MI,134.10000610351562,134.5399932861328,133.75999450683594,133.75999450683594,6892
2025-07-31,XSMI.MI,133.9600067138672,134.32000732421875,132.8000030517578,132.82000732421875,4889
2025-08-01,XSMI.MI,130.75999450683594,131.44000244140625,128.24000549316406,128.66000366210938,33881
2025-08-04,XSMI.MI,129.89999389648438,131.74000549316406,129.8000030517578,131.74000549316406,13624
2025-08-05,XSMI.MI,132.25999450683594,132.63999938964844,132.0399932861328,132.16000366210938,7252
2025-08-06,XSMI.MI,131.39999389648438,131.39999389648438,130.25999450683594,130.44000244140625,7592
2025-08-07,XSMI.MI,130.39999389648438,131.77999877929688,130.39999389648438,131.63999938964844,24383
2025-08-08,XSMI.MI,131.6199951171875,131.6199951171875,131.0,131.36000061035156,764
2025-08-11,XSMI.MI,132.16000366210938,132.16000366210938,131.02000427246094,131.0800018310547,653
2025-08-12,XSMI.MI,131.47999572753906,131.60000610351562,130.89999389648438,131.16000366210938,2801
2025-08-13,XSMI.MI,131.6199951171875,132.39999389648438,131.6199951171875,132.39999389648438,319
2025-08-14,XSMI.MI,132.3000030517578,132.8800048828125,132.3000030517578,132.82000732421875,788
2025-08-18,XSMI.MI,133.27999877929688,133.55999755859375,132.94000244140625,133.55999755859375,6137
2025-08-19,XSMI.MI,133.66000366210938,135.0800018310547,133.5800018310547,135.0800018310547,420
2025-08-20,XSMI.MI,132.5399932861328,134.25999450683594,132.5399932861328,134.16000366210938,308
2025-08-21,XSMI.MI,133.55999755859375,133.74000549316406,133.10000610351562,133.74000549316406,1692
2025-08-22,XSMI.MI,133.89999389648438,134.6999969482422,133.8800048828125,133.8800048828125,83
2025-08-25,XSMI.MI,133.44000244140625,133.9199981689453,133.27999877929688,133.36000061035156,607
2025-08-26,XSMI.MI,133.1199951171875,133.4199981689453,133.0,133.0,330
2025-08-27,XSMI.MI,133.39999389648438,134.1999969482422,133.39999389648438,134.16000366210938,48
2025-08-28,XSMI.MI,134.5,134.5,133.74000549316406,133.83999633789062,1612
2025-08-29,XSMI.MI,133.74000549316406,133.97999572753906,133.24000549316406,133.4600067138672,870
2025-09-01,XSMI.MI,133.8800048828125,133.8800048828125,132.8800048828125,133.1199951171875,266
2025-09-02,XSMI.MI,132.8800048828125,133.1199951171875,132.4199981689453,132.4199981689453,2033
2025-09-03,XSMI.MI,133.0,133.39999389648438,133.0,133.39999389648438,23
2025-09-04,XSMI.MI,134.55999755859375,135.47999572753906,134.55999755859375,135.16000366210938,1370
2025-09-05,XSMI.MI,135.27999877929688,135.75999450683594,135.27999877929688,135.39999389648438,1041
2025-09-08,XSMI.MI,135.67999267578125,135.67999267578125,134.8000030517578,135.36000061035156,263
2025-09-09,XSMI.MI,134.89999389648438,135.27999877929688,134.6999969482422,134.89999389648438,3220
2025-09-10,XSMI.MI,135.16000366210938,135.16000366210938,133.86000061035156,133.9199981689453,2109
2025-09-11,XSMI.MI,134.39999389648438,134.83999633789062,134.39999389648438,134.8000030517578,2876
2025-09-12,XSMI.MI,134.55999755859375,134.55999755859375,133.8000030517578,133.8000030517578,3250
2025-09-15,XSMI.MI,133.4199981689453,133.86000061035156,132.9600067138672,133.1999969482422,3839
2025-09-16,XSMI.MI,132.77999877929688,132.77999877929688,131.77999877929688,131.77999877929688,65939
2025-09-17,XSMI.MI,131.66000366210938,132.02000427246094,131.4600067138672,131.8800048828125,13776
2025-09-18,XSMI.MI,132.0,132.33999633789062,131.67999267578125,132.24000549316406,21120
2025-09-19,XSMI.MI,132.10000610351562,133.17999267578125,132.10000610351562,132.9600067138672,24378
2025-09-22,XSMI.MI,132.94000244140625,133.3800048828125,132.66000366210938,133.0399932861328,2829
2025-09-23,XSMI.MI,133.10000610351562,133.10000610351562,132.44000244140625,132.66000366210938,4740
2025-09-24,XSMI.MI,132.0,132.0,131.33999633789062,131.4199981689453,1568
2025-09-25,XSMI.MI,130.66000366210938,131.0399932861328,130.16000366210938,130.16000366210938,1509
2025-09-26,XSMI.MI,130.6999969482422,131.10000610351562,130.6199951171875,130.82000732421875,318
2025-09-29,XSMI.MI,131.6199951171875,131.72000122070312,130.9600067138672,131.5800018310547,858
2025-09-30,XSMI.MI,131.86000061035156,132.74000549316406,131.47999572753906,132.63999938964844,5216
2025-10-01,XSMI.MI,133.89999389648438,135.0,133.89999389648438,134.94000244140625,2491
2025-10-02,XSMI.MI,136.0,136.1999969482422,135.47999572753906,136.05999755859375,5484
2025-10-03,XSMI.MI,136.36000061035156,137.32000732421875,136.36000061035156,137.0399932861328,3493
2025-10-06,XSMI.MI,137.24000549316406,138.0,136.94000244140625,138.0,6642
2025-10-07,XSMI.MI,137.9600067138672,138.17999267578125,137.63999938964844,137.89999389648438,1440
2025-10-08,XSMI.MI,138.1999969482422,139.5,138.1999969482422,139.24000549316406,3921
2025-10-09,XSMI.MI,138.8800048828125,139.33999633789062,138.6999969482422,138.74000549316406,5080
2025-10-10,XSMI.MI,138.52000427246094,138.89999389648438,137.5399932861328,137.5399932861328,5875
2025-10-13,XSMI.MI,137.74000549316406,137.94000244140625,137.0399932861328,137.47999572753906,3546
2025-10-14,XSMI.MI,137.5,137.86000061035156,137.13999938964844,137.13999938964844,1086
2025-10-15,XSMI.MI,137.6199951171875,138.22000122070312,136.72000122070312,138.22000122070312,4601
2025-10-16,XSMI.MI,139.36000061035156,140.3000030517578,138.9199981689453,140.22000122070312,10276
2025-10-17,XSMI.MI,139.33999633789062,140.17999267578125,138.3000030517578,140.10000610351562,7464
2025-10-20,XSMI.MI,139.47999572753906,140.16000366210938,139.47999572753906,140.16000366210938,2492
2025-10-21,XSMI.MI,140.24000549316406,140.25999450683594,139.44000244140625,139.94000244140625,4843
2025-10-22,XSMI.MI,139.4600067138672,139.97999572753906,139.33999633789062,139.75999450683594,2228
2025-10-23,XSMI.MI,139.4600067138672,139.60000610351562,139.0,139.16000366210938,1058
2025-10-27,XSMI.MI,138.60000610351562,138.60000610351562,137.60000610351562,138.47999572753906,10601
2025-10-28,XSMI.MI,137.8800048828125,137.8800048828125,136.77999877929688,136.9199981689453,5192
2025-10-29,XSMI.MI,136.8800048828125,136.8800048828125,135.67999267578125,135.82000732421875,4598
2025-10-30,XSMI.MI,135.5800018310547,136.10000610351562,135.44000244140625,136.10000610351562,10456
2025-10-31,XSMI.MI,136.10000610351562,136.10000610351562,135.0,135.3800048828125,3160
2025-11-03,XSMI.MI,135.3800048828125,135.8800048828125,134.8000030517578,134.9600067138672,2888
2025-11-04,XSMI.MI,134.25999450683594,135.89999389648438,133.60000610351562,135.89999389648438,64621
2025-11-05,XSMI.MI,135.3800048828125,136.33999633789062,135.3800048828125,136.22000122070312,748
2025-11-06,XSMI.MI,135.52000427246094,135.8000030517578,135.3800048828125,135.52000427246094,3620
2025-11-07,XSMI.MI,135.63999938964844,135.63999938964844,134.72000122070312,135.36000061035156,417
2025-11-10,XSMI.MI,136.33999633789062,137.33999633789062,136.32000732421875,137.1199951171875,2425
2025-11-11,XSMI.MI,139.22000122070312,140.77999877929688,139.22000122070312,140.5,2008
2025-11-12,XSMI.MI,141.0,142.44000244140625,141.0,142.0,2565
2025-11-13,XSMI.MI,142.13999938964844,142.52000427246094,141.47999572753906,141.72000122070312,355
2025-11-14,XSMI.MI,141.24000549316406,141.55999755859375,140.4199981689453,140.6999969482422,3740
2025-11-17,XSMI.MI,140.86000061035156,140.86000061035156,140.0800018310547,140.0800018310547,3577
2025-11-18,XSMI.MI,139.77999877929688,139.8000030517578,138.32000732421875,138.32000732421875,6396
2025-11-19,XSMI.MI,138.74000549316406,139.0800018310547,138.5800018310547,138.5800018310547,1678
2025-11-20,XSMI.MI,139.67999267578125,139.67999267578125,138.5800018310547,138.6199951171875,983
2025-11-21,XSMI.MI,138.66000366210938,139.63999938964844,138.5399932861328,139.36000061035156,3451
2025-11-24,XSMI.MI,139.94000244140625,139.94000244140625,139.3800048828125,139.3800048828125,3513
2025-11-25,XSMI.MI,139.02000427246094,140.3000030517578,138.9199981689453,140.3000030517578,5332
2025-11-26,XSMI.MI,140.75999450683594,141.25999450683594,140.66000366210938,141.25999450683594,12911
2025-11-27,XSMI.MI,141.1199951171875,141.3000030517578,141.0800018310547,141.1999969482422,1787
2025-11-28,XSMI.MI,141.25999450683594,141.47999572753906,141.16000366210938,141.47999572753906,1369
2025-12-01,XSMI.MI,141.1999969482422,141.72000122070312,141.1999969482422,141.32000732421875,957
2025-12-02,XSMI.MI,141.02000427246094,142.22000122070312,141.02000427246094,141.75999450683594,1007
2025-12-03,XSMI.MI,142.3000030517578,142.44000244140625,141.5,141.5,1585
2025-12-04,XSMI.MI,141.5800018310547,142.10000610351562,141.5800018310547,141.6999969482422,7203
2025-12-05,XSMI.MI,141.4600067138672,142.22000122070312,141.4600067138672,141.9600067138672,3579
2025-12-08,XSMI.MI,141.89999389648438,142.5800018310547,141.8800048828125,142.17999267578125,13618
2025-12-09,XSMI.MI,142.02000427246094,142.33999633789062,141.72000122070312,141.72000122070312,2252
2025-12-10,XSMI.MI,141.25999450683594,142.13999938964844,140.82000732421875,142.13999938964844,29745
2025-12-11,XSMI.MI,142.17999267578125,142.5,142.13999938964844,142.13999938964844,5162
2025-12-12,XSMI.MI,142.60000610351562,142.60000610351562,141.8000030517578,141.89999389648438,976
2025-12-15,XSMI.MI,142.83999633789062,143.27999877929688,142.83999633789062,143.1199951171875,2587
2025-12-16,XSMI.MI,143.67999267578125,143.8800048828125,143.0,143.4199981689453,12790
2025-12-17,XSMI.MI,143.1999969482422,143.82000732421875,143.1999969482422,143.4600067138672,2500
2025-12-18,XSMI.MI,143.13999938964844,145.17999267578125,143.13999938964844,145.17999267578125,2736
2025-12-19,XSMI.MI,145.1999969482422,145.4199981689453,144.60000610351562,145.4199981689453,566
2025-12-22,XSMI.MI,144.9600067138672,145.52000427246094,144.6999969482422,145.52000427246094,4569
2025-12-23,XSMI.MI,146.1199951171875,147.0,146.1199951171875,146.75999450683594,2296
2025-12-29,XSMI.MI,146.72000122070312,146.86000061035156,146.32000732421875,146.47999572753906,610
2025-12-30,XSMI.MI,146.44000244140625,146.94000244140625,146.4199981689453,146.86000061035156,17461
2026-01-02,XSMI.MI,146.83999633789062,147.8800048828125,146.83999633789062,147.10000610351562,3801
2026-01-05,XSMI.MI,146.22000122070312,146.82000732421875,145.72000122070312,146.82000732421875,4208
2026-01-06,XSMI.MI,146.67999267578125,147.86000061035156,146.4600067138672,147.52000427246094,674
2026-01-07,XSMI.MI,148.0399932861328,148.25999450683594,146.86000061035156,147.27999877929688,20913
2026-01-08,XSMI.MI,147.4199981689453,147.8000030517578,147.05999755859375,147.52000427246094,4678
2026-01-09,XSMI.MI,147.97999572753906,148.32000732421875,147.82000732421875,148.32000732421875,9406
2026-01-12,XSMI.MI,148.27999877929688,148.72000122070312,148.24000549316406,148.72000122070312,11508
2026-01-13,XSMI.MI,148.39999389648438,148.39999389648438,147.1999969482422,147.52000427246094,1531
2026-01-14,XSMI.MI,148.16000366210938,148.8000030517578,148.10000610351562,148.8000030517578,430
2026-01-15,XSMI.MI,149.0,149.39999389648438,148.5399932861328,148.86000061035156,64493
2026-01-16,XSMI.MI,148.52000427246094,148.63999938964844,148.10000610351562,148.4199981689453,222
2026-01-19,XSMI.MI,147.3800048828125,147.66000366210938,146.97999572753906,147.27999877929688,10351
2026-01-20,XSMI.MI,146.02000427246094,146.3800048828125,145.44000244140625,146.3800048828125,8688
2026-01-21,XSMI.MI,146.0,146.16000366210938,145.17999267578125,145.8800048828125,4181
2026-01-22,XSMI.MI,147.1199951171875,147.52000427246094,146.6199951171875,146.8000030517578,3634
2026-01-23,XSMI.MI,146.25999450683594,146.63999938964844,145.5399932861328,146.0800018310547,8006
2026-01-26,XSMI.MI,146.47999572753906,147.13999938964844,146.32000732421875,146.74000549316406,1773
2026-01-27,XSMI.MI,147.5399932861328,148.1999969482422,147.5399932861328,148.0399932861328,5533
2026-01-28,XSMI.MI,147.36000061035156,147.36000061035156,145.63999938964844,145.63999938964844,6054
2026-01-29,XSMI.MI,146.5399932861328,147.8000030517578,146.3000030517578,147.4600067138672,2888
2026-01-30,XSMI.MI,148.0,148.1999969482422,147.8000030517578,148.0,1546
2026-02-02,XSMI.MI,147.8800048828125,149.86000061035156,147.8800048828125,149.86000061035156,2316
2026-02-03,XSMI.MI,150.86000061035156,151.1199951171875,149.66000366210938,150.10000610351562,2602
2026-02-04,XSMI.MI,148.97999572753906,151.97999572753906,148.97999572753906,151.3000030517578,3371
2026-02-05,XSMI.MI,151.0800018310547,151.1999969482422,150.36000061035156,150.89999389648438,5284
2026-02-06,XSMI.MI,150.22000122070312,151.36000061035156,149.47999572753906,151.17999267578125,1101
2026-02-09,XSMI.MI,151.24000549316406,152.0,151.16000366210938,152.0,2031
2026-02-10,XSMI.MI,151.86000061035156,152.63999938964844,151.86000061035156,152.1999969482422,63236
2026-02-11,XSMI.MI,152.0800018310547,152.0800018310547,151.5,151.72000122070312,288
2026-02-12,XSMI.MI,152.55999755859375,153.10000610351562,152.4199981689453,152.4199981689453,2396
2026-02-13,XSMI.MI,152.5800018310547,153.66000366210938,152.5800018310547,153.24000549316406,11320
2026-02-16,XSMI.MI,153.32000732421875,153.94000244140625,153.32000732421875,153.74000549316406,2346
2026-02-17,XSMI.MI,154.32000732421875,155.10000610351562,154.32000732421875,154.8000030517578,4819
2026-02-18,XSMI.MI,155.0399932861328,155.82000732421875,155.0399932861328,155.60000610351562,1883
2026-02-19,XSMI.MI,155.44000244140625,155.86000061035156,155.27999877929688,155.6999969482422,5560
2026-02-20,XSMI.MI,155.8000030517578,156.0399932861328,155.17999267578125,155.94000244140625,1361
2026-02-23,XSMI.MI,155.72000122070312,155.97999572753906,155.39999389648438,155.82000732421875,4892
2026-02-24,XSMI.MI,156.0,157.4199981689453,156.0,157.4199981689453,1004
2026-02-25,XSMI.MI,157.63999938964844,157.6999969482422,157.3800048828125,157.52000427246094,116
2026-02-26,XSMI.MI,157.16000366210938,157.60000610351562,156.44000244140625,156.60000610351562,604
2026-02-27,XSMI.MI,157.22000122070312,158.72000122070312,157.22000122070312,158.3800048828125,3787
2026-03-02,XSMI.MI,156.1199951171875,156.5,155.0,155.86000061035156,13033
2026-03-03,XSMI.MI,153.4600067138672,153.4600067138672,150.5399932861328,151.4600067138672,6123
2026-03-04,XSMI.MI,152.67999267578125,153.75999450683594,152.4199981689453,152.6999969482422,358
2026-03-05,XSMI.MI,152.6199951171875,153.67999267578125,150.8800048828125,150.8800048828125,7108
2026-03-09,XSMI.MI,145.74000549316406,147.66000366210938,145.1999969482422,147.66000366210938,10718
2026-03-10,XSMI.MI,150.44000244140625,150.44000244140625,148.66000366210938,149.16000366210938,7845
2026-03-11,XSMI.MI,147.5399932861328,147.9199981689453,147.0,147.5800018310547,1025
2026-03-12,XSMI.MI,147.05999755859375,147.6999969482422,146.33999633789062,146.66000366210938,4878
2026-03-13,XSMI.MI,145.82000732421875,147.5399932861328,145.74000549316406,146.6999969482422,4771
2026-03-16,XSMI.MI,145.9199981689453,147.3000030517578,145.55999755859375,146.86000061035156,725
2026-03-17,XSMI.MI,147.1999969482422,147.9199981689453,147.1999969482422,147.74000549316406,7157
2026-03-18,XSMI.MI,147.55999755859375,147.6999969482422,144.6999969482422,145.0800018310547,1510
2026-03-19,XSMI.MI,143.55999755859375,143.8800048828125,140.86000061035156,140.86000061035156,8983
2026-03-20,XSMI.MI,141.77999877929688,142.3800048828125,139.5,139.5,1736
2026-03-23,XSMI.MI,137.3800048828125,141.77999877929688,136.55999755859375,140.5399932861328,84273
2026-03-24,XSMI.MI,140.75999450683594,140.9600067138672,139.5399932861328,140.9199981689453,6429
2026-03-25,XSMI.MI,142.77999877929688,143.5,142.75999450683594,143.3000030517578,6556
2026-03-26,XSMI.MI,142.8000030517578,143.1999969482422,142.24000549316406,142.47999572753906,764
2026-03-27,XSMI.MI,141.9199981689453,141.9199981689453,141.02000427246094,141.44000244140625,216
2026-03-30,XSMI.MI,141.0800018310547,142.94000244140625,141.0800018310547,142.82000732421875,2338
2026-03-31,XSMI.MI,143.52000427246094,144.13999938964844,142.67999267578125,142.67999267578125,5936
2026-04-01,XSMI.MI,146.1199951171875,146.77999877929688,145.27999877929688,146.0,7703
2026-04-02,XSMI.MI,144.89999389648438,145.66000366210938,144.6199951171875,145.66000366210938,132
2026-04-07,XSMI.MI,145.52000427246094,146.25999450683594,142.94000244140625,142.94000244140625,1883
2026-04-08,XSMI.MI,148.5399932861328,148.5399932861328,147.0,147.33999633789062,7101
2026-04-09,XSMI.MI,147.27999877929688,147.27999877929688,146.05999755859375,147.10000610351562,1633
2026-04-10,XSMI.MI,148.24000549316406,148.89999389648438,147.55999755859375,147.72000122070312,3693
2026-04-13,XSMI.MI,147.0399932861328,147.89999389648438,146.8800048828125,147.89999389648438,513
2026-04-14,XSMI.MI,148.52000427246094,149.74000549316406,148.52000427246094,149.47999572753906,1815
2026-04-15,XSMI.MI,149.86000061035156,149.9600067138672,148.82000732421875,148.82000732421875,1835
2026-04-16,XSMI.MI,148.74000549316406,148.74000549316406,147.94000244140625,147.94000244140625,2196
2026-04-17,XSMI.MI,148.3000030517578,151.3800048828125,148.3000030517578,151.33999633789062,13595
2026-04-20,XSMI.MI,150.13999938964844,150.86000061035156,149.60000610351562,150.86000061035156,2299
2026-04-21,XSMI.MI,150.17999267578125,151.05999755859375,149.4600067138672,149.4600067138672,10403
2026-04-22,XSMI.MI,149.94000244140625,150.1199951171875,148.27999877929688,148.27999877929688,6789
2026-04-23,XSMI.MI,149.27999877929688,150.63999938964844,149.05999755859375,150.4600067138672,7083
2026-04-24,XSMI.MI,150.0399932861328,150.0399932861328,148.75999450683594,149.36000061035156,495
2026-04-27,XSMI.MI,149.24000549316406,149.4600067138672,149.0399932861328,149.24000549316406,551
2026-04-28,XSMI.MI,147.33999633789062,148.27999877929688,147.33999633789062,148.27999877929688,5444
2026-04-29,XSMI.MI,148.9600067138672,148.9600067138672,147.05999755859375,147.05999755859375,2226
2026-04-30,XSMI.MI,146.39999389648438,149.63999938964844,146.39999389648438,149.5800018310547,12195
2026-05-04,XSMI.MI,150.13999938964844,150.13999938964844,148.27999877929688,148.27999877929688,8642
2026-05-05,XSMI.MI,148.66000366210938,149.6999969482422,148.66000366210938,149.25999450683594,1388
2026-05-06,XSMI.MI,151.86000061035156,152.66000366210938,151.74000549316406,151.82000732421875,8234
2026-05-07,XSMI.MI,151.89999389648438,152.44000244140625,150.10000610351562,150.1999969482422,2844
2026-05-08,XSMI.MI,149.32000732421875,150.0,149.32000732421875,149.86000061035156,37
2026-05-11,XSMI.MI,149.55999755859375,149.9600067138672,149.55999755859375,149.89999389648438,360
2026-05-12,XSMI.MI,148.16000366210938,149.97999572753906,148.16000366210938,149.8800048828125,3740
2026-05-13,XSMI.MI,151.4600067138672,151.4600067138672,150.3000030517578,151.22000122070312,7867
2026-05-14,XSMI.MI,152.24000549316406,152.4600067138672,151.60000610351562,152.4600067138672,541
2026-05-15,XSMI.MI,151.74000549316406,151.9199981689453,151.0800018310547,151.27999877929688,2735
2026-05-18,XSMI.MI,150.4600067138672,152.1199951171875,150.3800048828125,151.39999389648438,2056
2026-05-19,XSMI.MI,152.3000030517578,153.63999938964844,152.3000030517578,152.6199951171875,6653
2026-05-20,XSMI.MI,152.10000610351562,154.4199981689453,152.10000610351562,153.6199951171875,14929
2026-05-21,XSMI.MI,153.25999450683594,154.25999450683594,153.24000549316406,154.10000610351562,3364
2026-05-22,XSMI.MI,155.1199951171875,155.1999969482422,154.4199981689453,155.02000427246094,3492
2026-05-25,XSMI.MI,156.74000549316406,157.8800048828125,156.33999633789062,157.8800048828125,2190
2026-05-26,XSMI.MI,156.05999755859375,156.32000732421875,155.02000427246094,155.02000427246094,7732
2026-05-27,XSMI.MI,155.5399932861328,155.94000244140625,155.25999450683594,155.67999267578125,2086
2026-05-28,XSMI.MI,154.5399932861328,154.82000732421875,153.60000610351562,154.5800018310547,6635
2026-05-29,XSMI.MI,155.3000030517578,156.05999755859375,155.25999450683594,155.25999450683594,5935
2026-06-01,XSMI.MI,154.6999969482422,154.6999969482422,152.0,152.33999633789062,3958
2026-06-02,XSMI.MI,152.83999633789062,152.86000061035156,151.82000732421875,151.82000732421875,715
2026-06-03,XSMI.MI,151.0,151.0,150.24000549316406,150.52000427246094,2274
2026-06-04,XSMI.MI,150.89999389648438,152.3000030517578,150.89999389648438,152.02000427246094,840
2026-06-05,XSMI.MI,152.3000030517578,152.6999969482422,152.27999877929688,152.36000061035156,5170
2026-06-08,XSMI.MI,151.16000366210938,152.33999633789062,151.0,151.4199981689453,8072
2026-06-09,XSMI.MI,151.94000244140625,152.72000122070312,151.77999877929688,151.77999877929688,88660
2026-06-10,XSMI.MI,151.9600067138672,152.89999389648438,151.6199951171875,152.8000030517578,3187
2026-06-11,XSMI.MI,153.0,154.5399932861328,153.0,153.82000732421875,5389
2026-06-12,XSMI.MI,155.4199981689453,156.4199981689453,155.1199951171875,155.72000122070312,3185
2026-06-15,XSMI.MI,157.5399932861328,157.66000366210938,155.86000061035156,155.89999389648438,7022
2026-06-16,XSMI.MI,155.97999572753906,156.60000610351562,155.8800048828125,156.5,9445
2026-06-17,XSMI.MI,157.0,157.32000732421875,156.66000366210938,157.32000732421875,6662
2026-06-18,XSMI.MI,157.5800018310547,157.5800018310547,156.3000030517578,156.39999389648438,1588
2026-06-19,XSMI.MI,156.0399932861328,156.33999633789062,155.5399932861328,155.67999267578125,4510
2026-06-22,XSMI.MI,155.55999755859375,156.9199981689453,155.44000244140625,156.89999389648438,24673
2026-06-23,XSMI.MI,156.66000366210938,158.3800048828125,156.66000366210938,158.02000427246094,77484
2026-06-24,XSMI.MI,158.5800018310547,161.0800018310547,158.5800018310547,160.74000549316406,11985
2026-06-25,XSMI.MI,160.8800048828125,162.1999969482422,160.8800048828125,162.1999969482422,5519
2026-06-26,XSMI.MI,161.8000030517578,161.8000030517578,159.89999389648438,161.3000030517578,14812
2026-06-29,XSMI.MI,161.13999938964844,161.8800048828125,161.0800018310547,161.8800048828125,8480
2026-06-30,XSMI.MI,162.6999969482422,162.94000244140625,161.77999877929688,161.77999877929688,78498
2026-07-01,XSMI.MI,161.1999969482422,161.36000061035156,160.25999450683594,160.94000244140625,2376
2026-07-02,XSMI.MI,161.66000366210938,164.25999450683594,161.5800018310547,164.16000366210938,8259
2026-07-03,XSMI.MI,164.17999267578125,164.75999450683594,163.4600067138672,164.75999450683594,19805
2026-07-06,XSMI.MI,164.63999938964844,164.67999267578125,162.3000030517578,162.83999633789062,9664
2026-07-07,XSMI.MI,162.83999633789062,163.8000030517578,162.82000732421875,163.39999389648438,1380
2026-07-08,XSMI.MI,161.82000732421875,161.97999572753906,160.5399932861328,161.16000366210938,4408
2026-07-09,XSMI.MI,161.6199951171875,161.82000732421875,161.1999969482422,161.82000732421875,1367
2026-07-10,XSMI.MI,162.36000061035156,162.36000061035156,161.52000427246094,161.77999877929688,8778
2026-07-13,XSMI.MI,161.6999969482422,161.6999969482422,161.1999969482422,161.1999969482422,5860
2026-07-14,XSMI.MI,159.60000610351562,161.24000549316406,159.27999877929688,161.13999938964844,2771
2026-07-15,XSMI.MI,161.02000427246094,162.1999969482422,160.6999969482422,162.1999969482422,2142
2026-07-16,XSMI.MI,161.22000122070312,161.25999450683594,160.16000366210938,161.24000549316406,3452
2026-07-17,XSMI.MI,161.60000610351562,162.47999572753906,161.52000427246094,162.44000244140625,1997
2026-07-20,XSMI.MI,161.5399932861328,162.39999389648438,161.10000610351562,161.17999267578125,4769
2026-07-21,XSMI.MI,161.3000030517578,161.8800048828125,161.0,161.72000122070312,1649
2026-07-22,XSMI.MI,161.22000122070312,162.32000732421875,161.22000122070312,161.22000122070312,1671
2026-07-23,XSMI.MI,158.9600067138672,160.24000549316406,158.39999389648438,160.02000427246094,7257
2026-07-24,XSMI.MI,160.32000732421875,161.1999969482422,160.32000732421875,161.17999267578125,3377
2026-07-27,XSMI.MI,162.44000244140625,162.8800048828125,161.5800018310547,161.5800018310547,2689
2026-07-28,XSMI.MI,161.89999389648438,163.47999572753906,161.86000061035156,163.33999633789062,5684
