Date,Ticker,Open,High,Low,Close,Volume
2018-01-02,XYP1.MI,141.97999572753906,142.0,141.9600067138672,142.0,1498
2018-01-03,XYP1.MI,142.02000427246094,142.0800018310547,142.02000427246094,142.0399932861328,580
2018-01-04,XYP1.MI,142.0399932861328,142.08999633789062,142.0,142.0500030517578,1058
2018-01-05,XYP1.MI,142.02999877929688,142.02999877929688,141.77000427246094,141.77000427246094,11427
2018-01-08,XYP1.MI,142.0399932861328,142.1300048828125,142.0399932861328,142.08999633789062,3446
2018-01-09,XYP1.MI,142.0500030517578,142.17999267578125,142.0500030517578,142.0800018310547,14066
2018-01-10,XYP1.MI,142.1199951171875,142.13999938964844,142.0500030517578,142.07000732421875,6386
2018-01-11,XYP1.MI,142.02000427246094,142.3699951171875,141.92999267578125,141.92999267578125,6095
2018-01-12,XYP1.MI,141.94000244140625,142.00999450683594,141.9199981689453,142.00999450683594,2450
2018-01-15,XYP1.MI,142.0,142.0,141.94000244140625,141.97999572753906,5098
2018-01-16,XYP1.MI,141.97000122070312,142.02999877929688,141.97000122070312,142.02999877929688,879
2018-01-17,XYP1.MI,141.9600067138672,142.1199951171875,141.9600067138672,142.02999877929688,2384
2018-01-18,XYP1.MI,141.9199981689453,141.9600067138672,141.9199981689453,141.9600067138672,1300
2018-01-19,XYP1.MI,141.97999572753906,142.02000427246094,141.97999572753906,142.02000427246094,3108
2018-01-22,XYP1.MI,142.0,142.05999755859375,141.8000030517578,142.0500030517578,3412
2018-01-23,XYP1.MI,142.05999755859375,142.3000030517578,142.0399932861328,142.0800018310547,3530
2018-01-24,XYP1.MI,142.02000427246094,142.0399932861328,142.02000427246094,142.0399932861328,2314
2018-01-25,XYP1.MI,142.05999755859375,142.05999755859375,142.02000427246094,142.02000427246094,3214
2018-01-26,XYP1.MI,142.0,142.0,141.91000366210938,141.94000244140625,2275
2018-01-29,XYP1.MI,141.83999633789062,141.9199981689453,141.83999633789062,141.91000366210938,1978
2018-01-30,XYP1.MI,141.8800048828125,142.0,141.8800048828125,141.9499969482422,2237
2018-01-31,XYP1.MI,141.91000366210938,142.00999450683594,141.91000366210938,141.97000122070312,3340
2018-02-01,XYP1.MI,141.89999389648438,142.0,141.89999389648438,142.0,2550
2018-02-02,XYP1.MI,141.94000244140625,142.08999633789062,141.9199981689453,141.94000244140625,2111
2018-02-05,XYP1.MI,141.94000244140625,142.02000427246094,141.83999633789062,141.99000549316406,2806
2018-02-06,XYP1.MI,141.97999572753906,141.97999572753906,141.63999938964844,141.9499969482422,2896
2018-02-07,XYP1.MI,142.0,142.00999450683594,141.9600067138672,142.00999450683594,4896
2018-02-08,XYP1.MI,141.8800048828125,141.94000244140625,141.8800048828125,141.92999267578125,1920
2018-02-09,XYP1.MI,142.2899932861328,142.2899932861328,141.89999389648438,141.97000122070312,3207
2018-02-12,XYP1.MI,141.92999267578125,142.00999450683594,141.92999267578125,141.97999572753906,5213
2018-02-13,XYP1.MI,141.8800048828125,141.9499969482422,141.8800048828125,141.9499969482422,1156
2018-02-14,XYP1.MI,141.94000244140625,141.94000244140625,141.94000244140625,141.94000244140625,2557
2018-02-15,XYP1.MI,141.8699951171875,141.91000366210938,141.8699951171875,141.91000366210938,1027
2018-02-16,XYP1.MI,141.88999938964844,141.94000244140625,141.88999938964844,141.94000244140625,2107
2018-02-19,XYP1.MI,141.8699951171875,141.94000244140625,141.8699951171875,141.89999389648438,1398
2018-02-20,XYP1.MI,141.88999938964844,141.92999267578125,141.88999938964844,141.92999267578125,1817
2018-02-21,XYP1.MI,141.8800048828125,141.91000366210938,141.8800048828125,141.91000366210938,2432
2018-02-22,XYP1.MI,141.8800048828125,141.9600067138672,141.8800048828125,141.9600067138672,4354
2018-02-23,XYP1.MI,141.8699951171875,141.91000366210938,141.8699951171875,141.91000366210938,1407
2018-02-26,XYP1.MI,141.8699951171875,141.92999267578125,141.8699951171875,141.92999267578125,3178
2018-02-27,XYP1.MI,141.8800048828125,141.9600067138672,141.8699951171875,141.9199981689453,2369
2018-02-28,XYP1.MI,141.8800048828125,141.9499969482422,141.8800048828125,141.9499969482422,1201
2018-03-01,XYP1.MI,141.9199981689453,141.9499969482422,141.9199981689453,141.9499969482422,1934
2018-03-02,XYP1.MI,141.92999267578125,141.97999572753906,141.92999267578125,141.97999572753906,1729
2018-03-05,XYP1.MI,141.92999267578125,142.0,141.92999267578125,141.97000122070312,1886
2018-03-06,XYP1.MI,141.9499969482422,142.3000030517578,141.9499969482422,142.3000030517578,3153
2018-03-07,XYP1.MI,141.92999267578125,142.0399932861328,141.92999267578125,142.02000427246094,1233
2018-03-08,XYP1.MI,141.92999267578125,142.0,141.9199981689453,142.0,2018
2018-03-09,XYP1.MI,141.9499969482422,142.07000732421875,141.9499969482422,142.07000732421875,2109
2018-03-12,XYP1.MI,142.02000427246094,142.0399932861328,141.97000122070312,142.0399932861328,3112
2018-03-13,XYP1.MI,141.99000549316406,142.02000427246094,141.97000122070312,142.02000427246094,2057
2018-03-14,XYP1.MI,141.97000122070312,142.0500030517578,141.97000122070312,142.0500030517578,1520
2018-03-15,XYP1.MI,141.94000244140625,142.0399932861328,141.94000244140625,142.0399932861328,1098
2018-03-16,XYP1.MI,141.99000549316406,142.02000427246094,141.99000549316406,142.02000427246094,1604
2018-03-19,XYP1.MI,141.97999572753906,142.02000427246094,141.97999572753906,142.02000427246094,5266
2018-03-20,XYP1.MI,141.99000549316406,142.05999755859375,141.99000549316406,142.02999877929688,1713
2018-03-21,XYP1.MI,142.0,142.02999877929688,142.0,142.02999877929688,1482
2018-03-22,XYP1.MI,142.02999877929688,142.55999755859375,142.02999877929688,142.1300048828125,4838
2018-03-23,XYP1.MI,142.1300048828125,142.1300048828125,142.1300048828125,142.1300048828125,0
2018-03-26,XYP1.MI,142.02999877929688,142.14999389648438,142.02999877929688,142.11000061035156,2852
2018-03-27,XYP1.MI,142.07000732421875,142.1199951171875,142.07000732421875,142.1199951171875,1742
2018-03-28,XYP1.MI,142.0800018310547,142.11000061035156,142.07000732421875,142.11000061035156,3234
2018-03-29,XYP1.MI,142.0800018310547,142.14999389648438,142.0800018310547,142.14999389648438,1805
2018-04-03,XYP1.MI,142.0800018310547,142.1699981689453,142.0399932861328,142.13999938964844,46026
2018-04-04,XYP1.MI,142.14999389648438,142.17999267578125,142.13999938964844,142.17999267578125,781
2018-04-05,XYP1.MI,142.13999938964844,142.2100067138672,142.13999938964844,142.14999389648438,3705
2018-04-06,XYP1.MI,142.10000610351562,142.14999389648438,142.07000732421875,142.1199951171875,16399
2018-04-09,XYP1.MI,142.10000610351562,142.1999969482422,142.08999633789062,142.1300048828125,6524
2018-04-10,XYP1.MI,142.11000061035156,142.11000061035156,141.72999572753906,142.10000610351562,6473
2018-04-11,XYP1.MI,142.10000610351562,142.10000610351562,142.02000427246094,142.05999755859375,1877
2018-04-12,XYP1.MI,141.97000122070312,142.16000366210938,141.97000122070312,142.0399932861328,1681
2018-04-13,XYP1.MI,142.00999450683594,142.0500030517578,142.00999450683594,142.0500030517578,1605
2018-04-16,XYP1.MI,142.00999450683594,142.02000427246094,141.99000549316406,142.02000427246094,2101
2018-04-17,XYP1.MI,142.02000427246094,142.05999755859375,142.02000427246094,142.05999755859375,1961
2018-04-18,XYP1.MI,142.0500030517578,142.07000732421875,142.0399932861328,142.07000732421875,3126
2018-04-19,XYP1.MI,141.99000549316406,142.0,141.97999572753906,141.99000549316406,2834
2018-04-20,XYP1.MI,142.0,142.0399932861328,141.97000122070312,142.0399932861328,2146
2018-04-23,XYP1.MI,141.97000122070312,142.0,141.97000122070312,142.0,1664
2018-04-24,XYP1.MI,142.0800018310547,142.3699951171875,142.02999877929688,142.07000732421875,73105
2018-04-25,XYP1.MI,142.02000427246094,142.07000732421875,142.02000427246094,142.07000732421875,2844
2018-04-26,XYP1.MI,142.05999755859375,142.10000610351562,142.0500030517578,142.0800018310547,4271
2018-04-27,XYP1.MI,142.10000610351562,142.10000610351562,142.02999877929688,142.07000732421875,15728
2018-04-30,XYP1.MI,142.0,142.0399932861328,141.97999572753906,142.0399932861328,585
2018-05-02,XYP1.MI,142.00999450683594,142.0500030517578,142.00999450683594,142.0500030517578,1350
2018-05-03,XYP1.MI,141.61000061035156,142.10000610351562,141.61000061035156,142.10000610351562,1581
2018-05-04,XYP1.MI,142.10000610351562,142.10000610351562,142.02999877929688,142.0500030517578,2797
2018-05-07,XYP1.MI,142.02999877929688,142.41000366210938,142.02999877929688,142.0800018310547,4947
2018-05-08,XYP1.MI,142.0,142.05999755859375,141.97999572753906,142.00999450683594,1883
2018-05-09,XYP1.MI,140.9600067138672,142.0,140.9600067138672,142.0,2555
2018-05-10,XYP1.MI,141.91000366210938,141.97999572753906,141.91000366210938,141.92999267578125,2335
2018-05-11,XYP1.MI,141.94000244140625,141.97000122070312,141.92999267578125,141.97000122070312,2384
2018-05-14,XYP1.MI,141.8800048828125,141.9199981689453,141.8800048828125,141.9199981689453,3558
2018-05-15,XYP1.MI,141.8699951171875,141.97999572753906,141.8699951171875,141.89999389648438,3757
2018-05-16,XYP1.MI,141.77999877929688,141.77999877929688,141.61000061035156,141.66000366210938,6216
2018-05-17,XYP1.MI,141.61000061035156,141.66000366210938,141.61000061035156,141.66000366210938,1807
2018-05-18,XYP1.MI,141.6300048828125,141.6699981689453,141.58999633789062,141.6199951171875,1842
2018-05-21,XYP1.MI,141.4600067138672,141.52999877929688,141.38999938964844,141.38999938964844,2445
2018-05-22,XYP1.MI,141.4600067138672,141.4600067138672,141.08999633789062,141.4600067138672,7809
2018-05-23,XYP1.MI,141.27999877929688,141.33999633789062,141.27000427246094,141.3300018310547,1568
2018-05-24,XYP1.MI,141.3800048828125,141.3800048828125,141.3300018310547,141.33999633789062,2831
2018-05-25,XYP1.MI,141.24000549316406,141.24000549316406,140.9199981689453,140.9199981689453,2525
2018-05-28,XYP1.MI,141.0,141.0,140.36000061035156,140.38999938964844,6590
2018-05-29,XYP1.MI,137.92999267578125,138.6999969482422,137.92999267578125,138.39999389648438,2305
2018-05-30,XYP1.MI,138.89999389648438,139.3000030517578,138.89999389648438,138.94000244140625,2124
2018-05-31,XYP1.MI,140.16000366210938,140.5,139.91000366210938,139.91000366210938,2125
2018-06-01,XYP1.MI,140.60000610351562,140.60000610351562,140.1999969482422,140.25,3234
2018-06-04,XYP1.MI,140.14999389648438,140.75999450683594,140.14999389648438,140.6699981689453,3385
2018-06-05,XYP1.MI,140.66000366210938,140.66000366210938,140.36000061035156,140.36000061035156,1623
2018-06-06,XYP1.MI,139.6999969482422,140.2100067138672,139.6999969482422,139.92999267578125,26176
2018-06-07,XYP1.MI,139.9199981689453,140.10000610351562,139.61000061035156,139.61000061035156,14219
2018-06-08,XYP1.MI,139.4199981689453,139.4600067138672,139.38999938964844,139.38999938964844,2100
2018-06-11,XYP1.MI,140.1199951171875,140.24000549316406,139.9199981689453,140.1999969482422,5595
2018-06-12,XYP1.MI,140.25999450683594,140.4199981689453,140.25,140.27000427246094,4875
2018-06-13,XYP1.MI,140.32000732421875,140.5399932861328,140.32000732421875,140.5,1663
2018-06-14,XYP1.MI,140.3800048828125,140.8300018310547,140.3000030517578,140.7100067138672,5066
2018-06-15,XYP1.MI,141.05999755859375,141.24000549316406,140.85000610351562,140.92999267578125,4618
2018-06-18,XYP1.MI,141.08999633789062,141.11000061035156,140.75999450683594,141.11000061035156,2162
2018-06-19,XYP1.MI,141.10000610351562,141.16000366210938,140.83999633789062,141.16000366210938,3222
2018-06-20,XYP1.MI,141.16000366210938,141.16000366210938,141.07000732421875,141.07000732421875,2319
2018-06-21,XYP1.MI,141.00999450683594,141.02000427246094,140.52000427246094,140.60000610351562,2404
2018-06-22,XYP1.MI,140.69000244140625,140.8000030517578,140.58999633789062,140.58999633789062,2874
2018-06-25,XYP1.MI,140.41000366210938,140.5,140.33999633789062,140.38999938964844,4063
2018-06-26,XYP1.MI,140.25,140.3300018310547,140.07000732421875,140.3300018310547,1673
2018-06-27,XYP1.MI,140.38999938964844,140.5399932861328,140.3699951171875,140.52000427246094,4522
2018-06-28,XYP1.MI,140.50999450683594,140.5800018310547,140.47999572753906,140.5800018310547,1941
2018-06-29,XYP1.MI,140.64999389648438,140.77000427246094,140.64999389648438,140.77000427246094,752
2018-07-02,XYP1.MI,140.69000244140625,140.8800048828125,140.69000244140625,140.8800048828125,1590
2018-07-03,XYP1.MI,140.92999267578125,140.99000549316406,140.8300018310547,140.86000061035156,1359
2018-07-04,XYP1.MI,140.75999450683594,140.8800048828125,140.75999450683594,140.8800048828125,2201
2018-07-05,XYP1.MI,140.8000030517578,140.82000732421875,140.6199951171875,140.66000366210938,2056
2018-07-06,XYP1.MI,140.5399932861328,140.75999450683594,140.5399932861328,140.61000061035156,2516
2018-07-09,XYP1.MI,140.61000061035156,140.94000244140625,140.61000061035156,140.72999572753906,1464
2018-07-10,XYP1.MI,141.0500030517578,141.0500030517578,140.5399932861328,140.72000122070312,2091
2018-07-11,XYP1.MI,140.6999969482422,140.7100067138672,140.16000366210938,140.67999267578125,1635
2018-07-12,XYP1.MI,140.6999969482422,140.83999633789062,140.63999938964844,140.83999633789062,2413
2018-07-13,XYP1.MI,140.86000061035156,140.97000122070312,140.86000061035156,140.9199981689453,3406
2018-07-16,XYP1.MI,140.97000122070312,141.00999450683594,140.9499969482422,140.97999572753906,3390
2018-07-17,XYP1.MI,141.02000427246094,141.1199951171875,141.02000427246094,141.1199951171875,1474
2018-07-18,XYP1.MI,141.07000732421875,141.0800018310547,141.07000732421875,141.07000732421875,1563
2018-07-19,XYP1.MI,141.1300048828125,141.14999389648438,141.1300048828125,141.13999938964844,1750
2018-07-20,XYP1.MI,141.0800018310547,141.11000061035156,140.99000549316406,141.0399932861328,2102
2018-07-23,XYP1.MI,141.0500030517578,141.0500030517578,140.99000549316406,140.99000549316406,1283
2018-07-24,XYP1.MI,140.86000061035156,140.9499969482422,140.86000061035156,140.9499969482422,1615
2018-07-25,XYP1.MI,140.97999572753906,140.97999572753906,140.9600067138672,140.9600067138672,2125
2018-07-26,XYP1.MI,140.89999389648438,140.9600067138672,140.89999389648438,140.9600067138672,1816
2018-07-27,XYP1.MI,140.92999267578125,140.97000122070312,140.86000061035156,140.8800048828125,2056
2018-07-30,XYP1.MI,140.8800048828125,140.8800048828125,140.7899932861328,140.80999755859375,5021
2018-07-31,XYP1.MI,140.83999633789062,140.8800048828125,140.75,140.8800048828125,7521
2018-08-01,XYP1.MI,140.86000061035156,140.86000061035156,140.82000732421875,140.82000732421875,1784
2018-08-02,XYP1.MI,140.7899932861328,140.7899932861328,140.5,140.5399932861328,2458
2018-08-03,XYP1.MI,140.08999633789062,140.5399932861328,139.94000244140625,140.4499969482422,4820
2018-08-06,XYP1.MI,140.5399932861328,140.58999633789062,140.5399932861328,140.55999755859375,1734
2018-08-07,XYP1.MI,140.61000061035156,140.61000061035156,140.58999633789062,140.60000610351562,1650
2018-08-08,XYP1.MI,140.6300048828125,140.67999267578125,140.55999755859375,140.55999755859375,2110
2018-08-09,XYP1.MI,140.57000732421875,140.57000732421875,140.5,140.50999450683594,1361
2018-08-10,XYP1.MI,140.39999389648438,140.41000366210938,140.24000549316406,140.24000549316406,1777
2018-08-13,XYP1.MI,140.1199951171875,140.1199951171875,139.97999572753906,140.00999450683594,2210
2018-08-14,XYP1.MI,140.05999755859375,140.1199951171875,140.05999755859375,140.1199951171875,1190
2018-08-16,XYP1.MI,140.0,140.05999755859375,139.97999572753906,140.0500030517578,1633
2018-08-17,XYP1.MI,140.10000610351562,140.10000610351562,140.0800018310547,140.0800018310547,164
2018-08-20,XYP1.MI,140.1199951171875,140.27000427246094,140.1199951171875,140.27000427246094,414
2018-08-21,XYP1.MI,140.41000366210938,140.4600067138672,140.39999389648438,140.4600067138672,1851
2018-08-22,XYP1.MI,140.49000549316406,140.49000549316406,140.35000610351562,140.3699951171875,697
2018-08-23,XYP1.MI,140.39999389648438,140.39999389648438,140.3300018310547,140.3300018310547,2908
2018-08-24,XYP1.MI,140.27999877929688,140.27999877929688,140.22999572753906,140.22999572753906,1293
2018-08-27,XYP1.MI,140.16000366210938,140.1699981689453,140.16000366210938,140.1699981689453,1061
2018-08-28,XYP1.MI,140.1199951171875,140.13999938964844,140.10000610351562,140.10000610351562,1227
2018-08-29,XYP1.MI,140.72999572753906,140.72999572753906,140.11000061035156,140.1699981689453,2031
2018-08-30,XYP1.MI,140.19000244140625,140.1999969482422,139.94000244140625,140.00999450683594,2991
2018-08-31,XYP1.MI,140.0399932861328,140.0500030517578,139.82000732421875,139.82000732421875,1255
2018-09-03,XYP1.MI,139.8800048828125,139.92999267578125,139.82000732421875,139.92999267578125,1986
2018-09-04,XYP1.MI,140.1199951171875,140.2899932861328,140.11000061035156,140.2899932861328,1215
2018-09-05,XYP1.MI,140.47999572753906,140.50999450683594,140.47999572753906,140.50999450683594,1830
2018-09-06,XYP1.MI,140.47999572753906,140.6999969482422,140.47999572753906,140.5800018310547,3018
2018-09-07,XYP1.MI,140.75,140.77000427246094,140.6699981689453,140.6699981689453,8564
2018-09-10,XYP1.MI,140.8699951171875,140.89999389648438,140.8699951171875,140.89999389648438,2526
2018-09-11,XYP1.MI,140.9600067138672,141.1999969482422,140.88999938964844,140.88999938964844,28399
2018-09-12,XYP1.MI,140.9199981689453,141.00999450683594,140.7899932861328,140.86000061035156,36150
2018-09-13,XYP1.MI,140.75999450683594,141.58999633789062,140.75999450683594,140.82000732421875,49852
2018-09-14,XYP1.MI,140.82000732421875,141.10000610351562,140.72000122070312,140.75,97081
2018-09-17,XYP1.MI,140.88999938964844,141.13999938964844,140.88999938964844,140.9600067138672,50308
2018-09-18,XYP1.MI,140.97000122070312,142.17999267578125,140.94000244140625,141.11000061035156,49780
2018-09-19,XYP1.MI,141.13999938964844,141.24000549316406,140.9499969482422,140.9499969482422,59923
2018-09-20,XYP1.MI,140.97999572753906,141.94000244140625,140.85000610351562,140.85000610351562,50851
2018-09-21,XYP1.MI,140.9199981689453,140.97999572753906,140.86000061035156,140.9499969482422,29254
2018-09-24,XYP1.MI,140.86000061035156,140.88999938964844,140.72999572753906,140.72999572753906,4181
2018-09-25,XYP1.MI,140.91000366210938,140.9600067138672,140.82000732421875,140.82000732421875,36173
2018-09-26,XYP1.MI,141.0,141.02000427246094,140.94000244140625,140.94000244140625,28395
2018-09-27,XYP1.MI,140.72000122070312,140.85000610351562,140.72000122070312,140.85000610351562,2164
2018-09-28,XYP1.MI,140.1300048828125,140.3699951171875,140.1300048828125,140.3699951171875,2581
2018-10-01,XYP1.MI,140.13999938964844,140.14999389648438,139.80999755859375,139.80999755859375,2971
2018-10-02,XYP1.MI,139.67999267578125,139.85000610351562,139.6300048828125,139.67999267578125,50254
2018-10-03,XYP1.MI,139.92999267578125,140.1300048828125,139.72000122070312,140.05999755859375,43038
2018-10-04,XYP1.MI,140.10000610351562,140.2899932861328,139.97999572753906,140.0500030517578,24878
2018-10-05,XYP1.MI,139.72000122070312,140.2899932861328,139.6999969482422,139.82000732421875,19574
2018-10-08,XYP1.MI,139.41000366210938,139.55999755859375,139.39999389648438,139.49000549316406,45336
2018-10-09,XYP1.MI,139.39999389648438,139.66000366210938,139.27999877929688,139.6199951171875,3717
2018-10-10,XYP1.MI,139.6199951171875,139.77999877929688,139.60000610351562,139.63999938964844,23798
2018-10-11,XYP1.MI,139.44000244140625,139.47000122070312,138.8699951171875,139.47000122070312,5335
2018-10-12,XYP1.MI,139.52999877929688,139.5800018310547,139.4499969482422,139.47000122070312,15488
2018-10-15,XYP1.MI,139.44000244140625,139.5,139.44000244140625,139.5,2621
2018-10-16,XYP1.MI,139.66000366210938,139.7899932861328,139.6300048828125,139.7899932861328,3230
2018-10-17,XYP1.MI,139.89999389648438,139.9199981689453,139.74000549316406,139.74000549316406,2798
2018-10-18,XYP1.MI,139.67999267578125,139.67999267578125,139.4600067138672,139.4600067138672,25901
2018-10-19,XYP1.MI,139.11000061035156,139.6999969482422,139.10000610351562,139.6999969482422,30933
2018-10-22,XYP1.MI,140.14999389648438,140.14999389648438,140.0500030517578,140.0500030517578,2217
2018-10-23,XYP1.MI,140.08999633789062,140.08999633789062,139.94000244140625,139.94000244140625,563
2018-10-24,XYP1.MI,139.9600067138672,139.9600067138672,139.80999755859375,139.8699951171875,6213
2018-10-25,XYP1.MI,140.0,140.05999755859375,140.0,140.05999755859375,2108
2018-10-26,XYP1.MI,140.02000427246094,140.16000366210938,139.9600067138672,140.16000366210938,2024
2018-10-29,XYP1.MI,140.39999389648438,140.5800018310547,140.39999389648438,140.4499969482422,1932
2018-10-30,XYP1.MI,140.27999877929688,140.27999877929688,140.16000366210938,140.1699981689453,2839
2018-10-31,XYP1.MI,140.2899932861328,140.35000610351562,140.2899932861328,140.32000732421875,5279
2018-11-01,XYP1.MI,140.47000122070312,140.47000122070312,140.4499969482422,140.4499969482422,423
2018-11-02,XYP1.MI,140.55999755859375,140.72999572753906,140.55999755859375,140.72999572753906,1704
2018-11-05,XYP1.MI,140.58999633789062,140.6699981689453,140.05999755859375,140.6699981689453,5419
2018-11-06,XYP1.MI,140.67999267578125,140.69000244140625,140.5500030517578,140.57000732421875,1396
2018-11-07,XYP1.MI,140.6699981689453,140.69000244140625,140.66000366210938,140.66000366210938,3219
2018-11-08,XYP1.MI,140.5399932861328,140.57000732421875,140.5399932861328,140.57000732421875,1973
2018-11-09,XYP1.MI,140.47000122070312,140.5500030517578,140.47000122070312,140.5500030517578,1235
2018-11-12,XYP1.MI,140.44000244140625,140.4499969482422,140.39999389648438,140.4499969482422,1402
2018-11-13,XYP1.MI,140.36000061035156,140.44000244140625,140.36000061035156,140.4199981689453,1307
2018-11-14,XYP1.MI,140.27000427246094,140.3800048828125,140.27000427246094,140.3300018310547,2396
2018-11-15,XYP1.MI,140.32000732421875,140.3800048828125,140.25,140.27000427246094,4395
2018-11-16,XYP1.MI,140.3800048828125,140.3800048828125,140.2899932861328,140.30999755859375,1953
2018-11-19,XYP1.MI,140.35000610351562,140.35000610351562,140.2100067138672,140.2100067138672,2336
2018-11-20,XYP1.MI,140.1300048828125,140.25,140.1300048828125,140.2100067138672,1696
2018-11-21,XYP1.MI,140.33999633789062,140.6300048828125,140.33999633789062,140.61000061035156,1394
2018-11-22,XYP1.MI,140.52999877929688,140.8699951171875,140.52999877929688,140.82000732421875,4716
2018-11-23,XYP1.MI,140.9499969482422,140.9499969482422,140.82000732421875,140.8699951171875,1411
2018-11-26,XYP1.MI,141.1300048828125,141.19000244140625,141.10000610351562,141.10000610351562,11559
2018-11-27,XYP1.MI,141.02000427246094,141.10000610351562,141.00999450683594,141.0399932861328,1428
2018-11-28,XYP1.MI,141.0800018310547,141.0800018310547,140.97000122070312,140.97000122070312,963
2018-11-29,XYP1.MI,140.97999572753906,141.11000061035156,140.97999572753906,141.11000061035156,6544
2018-11-30,XYP1.MI,141.05999755859375,141.1199951171875,141.05999755859375,141.10000610351562,3017
2018-12-03,XYP1.MI,141.24000549316406,141.42999267578125,141.24000549316406,141.42999267578125,1849
2018-12-04,XYP1.MI,141.33999633789062,141.4499969482422,141.33999633789062,141.4499969482422,2692
2018-12-05,XYP1.MI,141.61000061035156,141.61000061035156,141.55999755859375,141.55999755859375,2784
2018-12-06,XYP1.MI,141.5,141.52000427246094,141.22999572753906,141.24000549316406,6129
2018-12-07,XYP1.MI,141.25,141.30999755859375,141.25,141.30999755859375,1556
2018-12-10,XYP1.MI,141.22000122070312,141.44000244140625,141.22000122070312,141.3800048828125,1141
2018-12-11,XYP1.MI,141.44000244140625,141.4499969482422,141.27999877929688,141.42999267578125,1766
2018-12-12,XYP1.MI,141.4600067138672,141.8699951171875,141.4600067138672,141.52999877929688,2698
2018-12-13,XYP1.MI,141.69000244140625,141.74000549316406,141.63999938964844,141.63999938964844,2631
2018-12-14,XYP1.MI,141.69000244140625,141.6999969482422,141.6300048828125,141.66000366210938,1101
2018-12-17,XYP1.MI,141.74000549316406,141.74000549316406,141.6300048828125,141.64999389648438,3144
2018-12-18,XYP1.MI,141.64999389648438,141.7100067138672,141.63999938964844,141.69000244140625,12929
2018-12-19,XYP1.MI,141.85000610351562,141.9199981689453,141.83999633789062,141.89999389648438,2120
2018-12-20,XYP1.MI,141.9600067138672,142.00999450683594,141.9600067138672,142.00999450683594,1599
2018-12-21,XYP1.MI,141.85000610351562,141.88999938964844,141.80999755859375,141.88999938964844,1620
2018-12-27,XYP1.MI,141.72000122070312,141.94000244140625,141.72000122070312,141.8699951171875,1222
2018-12-28,XYP1.MI,141.94000244140625,141.9600067138672,141.88999938964844,141.89999389648438,733
2019-01-02,XYP1.MI,142.22000122070312,142.22000122070312,141.9600067138672,141.9600067138672,953
2019-01-03,XYP1.MI,141.77999877929688,141.7899932861328,141.6999969482422,141.6999969482422,1346
2019-01-04,XYP1.MI,141.88999938964844,141.88999938964844,141.77999877929688,141.80999755859375,2101
2019-01-07,XYP1.MI,141.7100067138672,141.75,141.7100067138672,141.75,215
2019-01-08,XYP1.MI,141.6999969482422,141.77000427246094,141.69000244140625,141.69000244140625,17919
2019-01-09,XYP1.MI,141.69000244140625,141.8300018310547,141.6699981689453,141.80999755859375,16356
2019-01-10,XYP1.MI,141.77999877929688,141.8000030517578,141.77999877929688,141.8000030517578,1542
2019-01-11,XYP1.MI,141.85000610351562,141.88999938964844,141.85000610351562,141.8699951171875,2035
2019-01-14,XYP1.MI,141.83999633789062,141.9600067138672,141.83999633789062,141.9600067138672,1395
2019-01-15,XYP1.MI,142.0500030517578,142.0500030517578,141.94000244140625,142.00999450683594,6610
2019-01-16,XYP1.MI,142.0399932861328,142.17999267578125,142.0399932861328,142.1699981689453,3930
2019-01-17,XYP1.MI,142.17999267578125,142.22999572753906,142.16000366210938,142.16000366210938,9949
2019-01-18,XYP1.MI,142.19000244140625,142.19000244140625,142.13999938964844,142.17999267578125,857
2019-01-21,XYP1.MI,142.19000244140625,142.19000244140625,142.07000732421875,142.13999938964844,618
2019-01-22,XYP1.MI,142.14999389648438,142.17999267578125,142.1199951171875,142.17999267578125,1074
2019-01-23,XYP1.MI,142.1300048828125,142.1699981689453,142.1199951171875,142.1699981689453,2086
2019-01-24,XYP1.MI,142.22999572753906,142.32000732421875,142.22999572753906,142.3000030517578,2404
2019-01-25,XYP1.MI,142.27999877929688,142.27999877929688,142.19000244140625,142.25,1989
2019-01-28,XYP1.MI,142.13999938964844,142.22999572753906,142.13999938964844,142.22999572753906,990
2019-01-29,XYP1.MI,142.24000549316406,142.25999450683594,142.1999969482422,142.25999450683594,1067
2019-01-30,XYP1.MI,142.2100067138672,142.3699951171875,142.2100067138672,142.27999877929688,1564
2019-01-31,XYP1.MI,142.32000732421875,142.32000732421875,142.22000122070312,142.27999877929688,4758
2019-02-01,XYP1.MI,141.97999572753906,142.07000732421875,141.97999572753906,142.00999450683594,1189
2019-02-04,XYP1.MI,142.02000427246094,142.0399932861328,141.9499969482422,141.97000122070312,20212
2019-02-05,XYP1.MI,142.0399932861328,142.0399932861328,141.91000366210938,141.94000244140625,4293
2019-02-06,XYP1.MI,141.89999389648438,141.99000549316406,141.83999633789062,141.91000366210938,48861
2019-02-07,XYP1.MI,141.77999877929688,141.77999877929688,141.3699951171875,141.69000244140625,3326
2019-02-08,XYP1.MI,141.67999267578125,141.67999267578125,141.50999450683594,141.50999450683594,2487
2019-02-11,XYP1.MI,141.57000732421875,141.74000549316406,141.57000732421875,141.69000244140625,2986
2019-02-12,XYP1.MI,141.80999755859375,141.80999755859375,141.75,141.8000030517578,3927
2019-02-13,XYP1.MI,141.89999389648438,141.92999267578125,141.89999389648438,141.92999267578125,1830
2019-02-14,XYP1.MI,141.85000610351562,141.9199981689453,141.85000610351562,141.89999389648438,2047
2019-02-15,XYP1.MI,141.8000030517578,141.97999572753906,141.67999267578125,141.97999572753906,1989
2019-02-18,XYP1.MI,142.00999450683594,142.08999633789062,142.00999450683594,142.08999633789062,2720
2019-02-19,XYP1.MI,141.99000549316406,142.07000732421875,141.99000549316406,142.02999877929688,4637
2019-02-20,XYP1.MI,141.97999572753906,141.97999572753906,141.88999938964844,141.94000244140625,4451
2019-02-21,XYP1.MI,141.9499969482422,142.02000427246094,141.94000244140625,141.94000244140625,2156
2019-02-22,XYP1.MI,141.92999267578125,141.92999267578125,141.77000427246094,141.89999389648438,3025
2019-02-25,XYP1.MI,142.0,142.10000610351562,142.0,142.10000610351562,1941
2019-02-26,XYP1.MI,142.1699981689453,142.27000427246094,142.11000061035156,142.27000427246094,12859
2019-02-27,XYP1.MI,142.1300048828125,142.1699981689453,142.0500030517578,142.0500030517578,1887
2019-02-28,XYP1.MI,142.00999450683594,142.14999389648438,142.00999450683594,142.10000610351562,24411
2019-03-01,XYP1.MI,142.1199951171875,142.17999267578125,142.0399932861328,142.16000366210938,4370
2019-03-04,XYP1.MI,142.07000732421875,142.14999389648438,142.07000732421875,142.14999389648438,2134
2019-03-05,XYP1.MI,142.19000244140625,142.27000427246094,142.19000244140625,142.2100067138672,3222
2019-03-06,XYP1.MI,142.22999572753906,142.39999389648438,142.17999267578125,142.36000061035156,6291
2019-03-07,XYP1.MI,142.3699951171875,142.6300048828125,142.30999755859375,142.6300048828125,4470
2019-03-08,XYP1.MI,142.57000732421875,142.5800018310547,142.5399932861328,142.5399932861328,2149
2019-03-11,XYP1.MI,142.4600067138672,142.49000549316406,142.39999389648438,142.39999389648438,4289
2019-03-12,XYP1.MI,142.38999938964844,142.4499969482422,142.35000610351562,142.41000366210938,2006
2019-03-13,XYP1.MI,142.38999938964844,142.4600067138672,142.3300018310547,142.3699951171875,11437
2019-03-14,XYP1.MI,142.47999572753906,142.55999755859375,142.47999572753906,142.5,14702
2019-03-15,XYP1.MI,142.49000549316406,142.5800018310547,142.49000549316406,142.50999450683594,3273
2019-03-18,XYP1.MI,142.55999755859375,142.64999389648438,142.5399932861328,142.58999633789062,9490
2019-03-19,XYP1.MI,142.5500030517578,142.60000610351562,142.5,142.52000427246094,3161
2019-03-20,XYP1.MI,142.4199981689453,142.4600067138672,142.4199981689453,142.4600067138672,1063
2019-03-21,XYP1.MI,142.5,142.5500030517578,142.4600067138672,142.52999877929688,2097
2019-03-22,XYP1.MI,142.36000061035156,142.52999877929688,142.36000061035156,142.47000122070312,3729
2019-03-25,XYP1.MI,142.47000122070312,142.47000122070312,142.3800048828125,142.38999938964844,8273
2019-03-26,XYP1.MI,142.4199981689453,142.50999450683594,142.41000366210938,142.47999572753906,3581
2019-03-27,XYP1.MI,142.3800048828125,142.57000732421875,142.35000610351562,142.47999572753906,1506
2019-03-28,XYP1.MI,142.4199981689453,142.5399932861328,142.4199981689453,142.47999572753906,6192
2019-03-29,XYP1.MI,142.49000549316406,142.49000549316406,142.41000366210938,142.4499969482422,5163
2019-04-01,XYP1.MI,142.4499969482422,142.47999572753906,142.41000366210938,142.42999267578125,1870
2019-04-02,XYP1.MI,142.3800048828125,142.42999267578125,142.35000610351562,142.3699951171875,117
2019-04-03,XYP1.MI,142.4199981689453,142.44000244140625,142.32000732421875,142.35000610351562,2152
2019-04-04,XYP1.MI,142.42999267578125,142.42999267578125,142.35000610351562,142.35000610351562,1376
2019-04-05,XYP1.MI,142.30999755859375,142.39999389648438,142.30999755859375,142.39999389648438,4626
2019-04-08,XYP1.MI,142.4600067138672,142.4600067138672,142.39999389648438,142.39999389648438,229
2019-04-09,XYP1.MI,142.38999938964844,142.44000244140625,142.38999938964844,142.44000244140625,2769
2019-04-10,XYP1.MI,142.47000122070312,142.5399932861328,142.42999267578125,142.47999572753906,836
2019-04-11,XYP1.MI,142.5800018310547,142.60000610351562,142.52999877929688,142.52999877929688,2151
2019-04-12,XYP1.MI,142.60000610351562,142.60000610351562,142.5500030517578,142.5500030517578,908
2019-04-15,XYP1.MI,142.5800018310547,142.5800018310547,142.47999572753906,142.47999572753906,4247
2019-04-16,XYP1.MI,142.42999267578125,142.47000122070312,141.75999450683594,142.4499969482422,1030
2019-04-17,XYP1.MI,142.47000122070312,142.47999572753906,142.3800048828125,142.39999389648438,2981
2019-04-18,XYP1.MI,142.47000122070312,142.47000122070312,142.42999267578125,142.42999267578125,1364
2019-04-23,XYP1.MI,142.32000732421875,142.32000732421875,142.25,142.2899932861328,1836
2019-04-24,XYP1.MI,142.27000427246094,142.33999633789062,142.27000427246094,142.33999633789062,1328
2019-04-25,XYP1.MI,142.27000427246094,142.3300018310547,142.25,142.25999450683594,120
2019-04-26,XYP1.MI,142.27999877929688,142.4199981689453,142.27999877929688,142.39999389648438,1212
2019-04-29,XYP1.MI,142.3699951171875,142.44000244140625,142.36000061035156,142.41000366210938,995
2019-04-30,XYP1.MI,142.3800048828125,142.4499969482422,142.3800048828125,142.4499969482422,879
2019-05-02,XYP1.MI,142.5,142.52000427246094,142.47000122070312,142.5,460
2019-05-03,XYP1.MI,142.55999755859375,142.55999755859375,142.55999755859375,142.55999755859375,227
2019-05-06,XYP1.MI,142.5800018310547,142.5800018310547,142.5399932861328,142.5399932861328,65
2019-05-07,XYP1.MI,142.50999450683594,142.5800018310547,142.50999450683594,142.52000427246094,3439
2019-05-08,XYP1.MI,142.42999267578125,142.47999572753906,142.41000366210938,142.4199981689453,2212
2019-05-09,XYP1.MI,142.2899932861328,142.3000030517578,142.2899932861328,142.3000030517578,51
2019-05-10,XYP1.MI,142.33999633789062,142.33999633789062,142.27999877929688,142.27999877929688,2108
2019-05-13,XYP1.MI,142.2100067138672,142.27000427246094,142.17999267578125,142.25,2146
2019-05-14,XYP1.MI,142.1999969482422,142.3000030517578,142.07000732421875,142.08999633789062,997
2019-05-15,XYP1.MI,141.97000122070312,142.0800018310547,141.9499969482422,142.0800018310547,75
2019-05-16,XYP1.MI,142.30999755859375,142.30999755859375,142.05999755859375,142.1699981689453,586
2019-05-17,XYP1.MI,142.25,142.25999450683594,142.25,142.25999450683594,7
2019-05-20,XYP1.MI,142.22999572753906,142.22999572753906,142.17999267578125,142.1999969482422,795
2019-05-21,XYP1.MI,142.25999450683594,142.30999755859375,142.25999450683594,142.30999755859375,6
2019-05-22,XYP1.MI,142.3300018310547,142.3800048828125,142.3000030517578,142.33999633789062,406
2019-05-23,XYP1.MI,142.32000732421875,142.33999633789062,142.27000427246094,142.33999633789062,114
2019-05-24,XYP1.MI,142.57000732421875,142.57000732421875,142.4199981689453,142.4199981689453,1761
2019-05-27,XYP1.MI,142.41000366210938,142.41000366210938,142.27999877929688,142.27999877929688,675
2019-05-28,XYP1.MI,142.08999633789062,142.2100067138672,142.08999633789062,142.2100067138672,894
2019-05-29,XYP1.MI,142.25999450683594,142.32000732421875,142.19000244140625,142.27000427246094,4328
2019-05-30,XYP1.MI,142.24000549316406,142.27000427246094,142.24000549316406,142.25999450683594,689
2019-05-31,XYP1.MI,142.11000061035156,142.19000244140625,142.11000061035156,142.19000244140625,2496
2019-06-03,XYP1.MI,142.3000030517578,142.3000030517578,142.1699981689453,142.27000427246094,1472
2019-06-04,XYP1.MI,142.39999389648438,142.52999877929688,142.3699951171875,142.4499969482422,802
2019-06-05,XYP1.MI,142.3800048828125,142.47000122070312,142.25,142.47000122070312,1585
2019-06-06,XYP1.MI,142.5,142.52999877929688,142.22999572753906,142.49000549316406,870
2019-06-07,XYP1.MI,142.57000732421875,142.75,142.57000732421875,142.75,2271
2019-06-10,XYP1.MI,142.5399932861328,142.7100067138672,142.5399932861328,142.67999267578125,1945
2019-06-11,XYP1.MI,142.6199951171875,142.72000122070312,142.6199951171875,142.6699981689453,2310
2019-06-12,XYP1.MI,142.67999267578125,142.7100067138672,142.55999755859375,142.55999755859375,2695
2019-06-13,XYP1.MI,142.55999755859375,142.66000366210938,142.5399932861328,142.6199951171875,1133
2019-06-14,XYP1.MI,142.7100067138672,142.72000122070312,142.7100067138672,142.72000122070312,1188
2019-06-17,XYP1.MI,142.69000244140625,142.77000427246094,142.69000244140625,142.74000549316406,1129
2019-06-18,XYP1.MI,142.75,143.05999755859375,142.75,143.02999877929688,1088
2019-06-19,XYP1.MI,143.00999450683594,143.02999877929688,142.99000549316406,142.99000549316406,323
2019-06-20,XYP1.MI,143.13999938964844,143.13999938964844,143.00999450683594,143.00999450683594,155
2019-06-21,XYP1.MI,143.02000427246094,143.02000427246094,142.9499969482422,142.9499969482422,1149
2019-06-24,XYP1.MI,142.97999572753906,143.0800018310547,142.92999267578125,142.92999267578125,4894
2019-06-25,XYP1.MI,142.75999450683594,142.9499969482422,142.75999450683594,142.9499969482422,640
2019-06-26,XYP1.MI,142.91000366210938,143.02000427246094,142.91000366210938,142.97000122070312,643
2019-06-27,XYP1.MI,143.0399932861328,143.08999633789062,142.92999267578125,143.00999450683594,5059
2019-06-28,XYP1.MI,143.02999877929688,143.08999633789062,143.02999877929688,143.08999633789062,752
2019-07-01,XYP1.MI,143.22000122070312,143.36000061035156,143.14999389648438,143.3300018310547,735
2019-07-02,XYP1.MI,143.4499969482422,143.49000549316406,143.3699951171875,143.42999267578125,1693
2019-07-03,XYP1.MI,143.5,143.67999267578125,143.5,143.6300048828125,1940
2019-07-04,XYP1.MI,143.6199951171875,143.6199951171875,143.47000122070312,143.47000122070312,1044
2019-07-05,XYP1.MI,143.36000061035156,143.36000061035156,143.33999633789062,143.33999633789062,864
2019-07-08,XYP1.MI,143.41000366210938,143.41000366210938,143.32000732421875,143.35000610351562,6144
2019-07-09,XYP1.MI,143.41000366210938,143.4499969482422,143.33999633789062,143.36000061035156,1399
2019-07-10,XYP1.MI,143.30999755859375,143.36000061035156,143.30999755859375,143.36000061035156,687
2019-07-11,XYP1.MI,143.36000061035156,143.49000549316406,143.36000061035156,143.3699951171875,3140
2019-07-12,XYP1.MI,143.4499969482422,143.4499969482422,143.3000030517578,143.3699951171875,1709
2019-07-15,XYP1.MI,143.44000244140625,143.52000427246094,143.39999389648438,143.52000427246094,750
2019-07-16,XYP1.MI,143.52999877929688,143.64999389648438,143.52999877929688,143.6300048828125,5333
2019-07-17,XYP1.MI,143.5500030517578,143.66000366210938,143.5500030517578,143.5800018310547,1268
2019-07-18,XYP1.MI,143.7100067138672,143.7100067138672,143.6199951171875,143.6300048828125,4991
2019-07-19,XYP1.MI,143.52000427246094,143.6300048828125,143.52000427246094,143.5800018310547,3736
2019-07-22,XYP1.MI,143.6300048828125,143.6300048828125,143.4600067138672,143.47999572753906,8303
2019-07-23,XYP1.MI,143.57000732421875,143.6199951171875,143.57000732421875,143.6199951171875,794
2019-07-24,XYP1.MI,143.63999938964844,143.80999755859375,143.63999938964844,143.75,462
2019-07-25,XYP1.MI,143.7100067138672,144.07000732421875,143.69000244140625,143.69000244140625,771
2019-07-26,XYP1.MI,143.58999633789062,143.63999938964844,143.57000732421875,143.6199951171875,1770
2019-07-29,XYP1.MI,143.60000610351562,143.60000610351562,143.5800018310547,143.58999633789062,579
2019-07-30,XYP1.MI,143.55999755859375,143.5800018310547,143.49000549316406,143.5800018310547,3717
2019-07-31,XYP1.MI,143.55999755859375,143.63999938964844,143.55999755859375,143.63999938964844,2369
2019-08-01,XYP1.MI,143.64999389648438,143.64999389648438,143.42999267578125,143.61000061035156,954
2019-08-02,XYP1.MI,143.57000732421875,143.63999938964844,143.57000732421875,143.5800018310547,953
2019-08-05,XYP1.MI,143.64999389648438,143.64999389648438,143.5500030517578,143.5500030517578,2358
2019-08-06,XYP1.MI,143.5800018310547,143.63999938964844,143.5800018310547,143.6300048828125,1113
2019-08-07,XYP1.MI,143.7100067138672,143.75999450683594,143.6300048828125,143.72000122070312,6178
2019-08-08,XYP1.MI,143.47999572753906,143.52999877929688,143.47999572753906,143.52999877929688,241
2019-08-09,XYP1.MI,143.19000244140625,143.19000244140625,142.9199981689453,142.9600067138672,1911
2019-08-12,XYP1.MI,142.99000549316406,143.13999938964844,142.99000549316406,143.10000610351562,2148
2019-08-13,XYP1.MI,143.24000549316406,143.3699951171875,143.16000366210938,143.30999755859375,1186
2019-08-14,XYP1.MI,143.2100067138672,143.44000244140625,143.2100067138672,143.44000244140625,225
2019-08-16,XYP1.MI,143.55999755859375,143.58999633789062,143.5,143.5500030517578,414
2019-08-19,XYP1.MI,143.47000122070312,143.47000122070312,143.47000122070312,143.47000122070312,8
2019-08-20,XYP1.MI,143.3800048828125,143.58999633789062,143.3800048828125,143.58999633789062,163
2019-08-21,XYP1.MI,143.52000427246094,143.61000061035156,143.52000427246094,143.61000061035156,460
2019-08-22,XYP1.MI,143.64999389648438,143.64999389648438,143.5399932861328,143.61000061035156,1356
2019-08-23,XYP1.MI,143.61000061035156,143.69000244140625,143.61000061035156,143.6199951171875,999
2019-08-26,XYP1.MI,143.6199951171875,143.6199951171875,143.55999755859375,143.61000061035156,1133
2019-08-27,XYP1.MI,143.63999938964844,143.85000610351562,143.63999938964844,143.85000610351562,116
2019-08-28,XYP1.MI,143.85000610351562,144.02999877929688,143.85000610351562,144.02999877929688,346
2019-08-29,XYP1.MI,144.02999877929688,144.1300048828125,144.02000427246094,144.08999633789062,1635
2019-08-30,XYP1.MI,144.1199951171875,144.1199951171875,144.00999450683594,144.0500030517578,541
2019-09-02,XYP1.MI,144.0500030517578,144.13999938964844,144.0399932861328,144.07000732421875,1455
2019-09-03,XYP1.MI,144.25,144.27999877929688,144.13999938964844,144.14999389648438,699
2019-09-04,XYP1.MI,144.22999572753906,144.35000610351562,144.22999572753906,144.30999755859375,1784
2019-09-05,XYP1.MI,144.16000366210938,144.25999450683594,144.16000366210938,144.25999450683594,934
2019-09-06,XYP1.MI,144.25,144.36000061035156,144.25,144.30999755859375,4115
2019-09-09,XYP1.MI,144.1999969482422,144.22000122070312,144.14999389648438,144.22000122070312,1208
2019-09-10,XYP1.MI,144.16000366210938,144.17999267578125,144.16000366210938,144.17999267578125,616
2019-09-11,XYP1.MI,144.05999755859375,144.22000122070312,144.05999755859375,144.1999969482422,4502
2019-09-12,XYP1.MI,144.11000061035156,144.11000061035156,144.08999633789062,144.08999633789062,1058
2019-09-13,XYP1.MI,143.9199981689453,144.00999450683594,143.9199981689453,143.94000244140625,900
2019-09-16,XYP1.MI,143.94000244140625,144.10000610351562,143.94000244140625,144.05999755859375,276
2019-09-17,XYP1.MI,144.0399932861328,144.07000732421875,143.9499969482422,143.97000122070312,2245
2019-09-18,XYP1.MI,143.94000244140625,144.05999755859375,143.92999267578125,144.05999755859375,1391
2019-09-19,XYP1.MI,143.94000244140625,144.02000427246094,143.94000244140625,144.0,1066
2019-09-20,XYP1.MI,144.05999755859375,144.07000732421875,143.9600067138672,143.99000549316406,1717
2019-09-23,XYP1.MI,144.11000061035156,144.1300048828125,144.00999450683594,144.11000061035156,6169
2019-09-24,XYP1.MI,144.02000427246094,144.1699981689453,144.02000427246094,144.1300048828125,4675
2019-09-25,XYP1.MI,144.07000732421875,144.19000244140625,144.07000732421875,144.13999938964844,3664
2019-09-26,XYP1.MI,144.02999877929688,144.13999938964844,144.02999877929688,144.08999633789062,1464
2019-09-27,XYP1.MI,144.0800018310547,144.16000366210938,144.0800018310547,144.14999389648438,946
2019-09-30,XYP1.MI,144.08999633789062,144.14999389648438,144.08999633789062,144.14999389648438,10567
2019-10-01,XYP1.MI,144.10000610351562,144.1699981689453,144.08999633789062,144.14999389648438,831
2019-10-02,XYP1.MI,144.1699981689453,144.1999969482422,144.0399932861328,144.10000610351562,7913
2019-10-03,XYP1.MI,144.08999633789062,144.1199951171875,144.08999633789062,144.1199951171875,986
2019-10-04,XYP1.MI,144.1199951171875,144.16000366210938,144.11000061035156,144.16000366210938,1795
2019-10-07,XYP1.MI,144.10000610351562,144.10000610351562,144.0500030517578,144.08999633789062,2074
2019-10-08,XYP1.MI,144.10000610351562,144.13999938964844,144.0,144.0500030517578,6447
2019-10-09,XYP1.MI,144.0800018310547,144.08999633789062,144.0,144.02999877929688,1522
2019-10-10,XYP1.MI,143.9600067138672,144.0,143.92999267578125,143.92999267578125,2360
2019-10-11,XYP1.MI,144.0399932861328,144.0399932861328,143.91000366210938,143.9600067138672,1162
2019-10-14,XYP1.MI,143.92999267578125,143.97999572753906,143.9199981689453,143.97999572753906,4535
2019-10-15,XYP1.MI,143.99000549316406,144.0,143.89999389648438,144.0,2292
2019-10-16,XYP1.MI,143.99000549316406,144.0,143.99000549316406,144.0,1210
2019-10-17,XYP1.MI,143.9199981689453,144.0,143.9199981689453,144.0,387
2019-10-18,XYP1.MI,144.02000427246094,144.02000427246094,143.92999267578125,143.94000244140625,779
2019-10-21,XYP1.MI,143.9499969482422,143.9499969482422,143.8800048828125,143.8800048828125,882
2019-10-22,XYP1.MI,143.85000610351562,143.92999267578125,143.85000610351562,143.92999267578125,1334
2019-10-23,XYP1.MI,143.91000366210938,143.91000366210938,143.83999633789062,143.8800048828125,767
2019-10-24,XYP1.MI,143.83999633789062,143.91000366210938,143.83999633789062,143.91000366210938,929
2019-10-25,XYP1.MI,143.91000366210938,143.91000366210938,143.8300018310547,143.85000610351562,1604
2019-10-28,XYP1.MI,143.77000427246094,143.8000030517578,143.77000427246094,143.8000030517578,835
2019-10-29,XYP1.MI,143.83999633789062,143.83999633789062,143.75,143.80999755859375,920
2019-10-30,XYP1.MI,143.75,143.8699951171875,143.75,143.80999755859375,1133
2019-10-31,XYP1.MI,143.83999633789062,143.89999389648438,143.83999633789062,143.89999389648438,379
2019-11-01,XYP1.MI,143.86000061035156,143.86000061035156,143.85000610351562,143.85000610351562,508
2019-11-04,XYP1.MI,143.88999938964844,143.88999938964844,143.8000030517578,143.86000061035156,3033
2019-11-05,XYP1.MI,143.80999755859375,143.83999633789062,143.80999755859375,143.83999633789062,439
2019-11-06,XYP1.MI,143.8800048828125,143.8800048828125,143.7899932861328,143.86000061035156,1373
2019-11-07,XYP1.MI,143.82000732421875,143.82000732421875,143.63999938964844,143.7100067138672,1333
2019-11-08,XYP1.MI,143.52000427246094,143.67999267578125,143.52000427246094,143.63999938964844,686
2019-11-11,XYP1.MI,143.50999450683594,143.63999938964844,143.50999450683594,143.55999755859375,728
2019-11-12,XYP1.MI,143.49000549316406,143.6699981689453,143.49000549316406,143.58999633789062,2413
2019-11-13,XYP1.MI,143.49000549316406,143.49000549316406,143.47999572753906,143.47999572753906,1940
2019-11-14,XYP1.MI,143.50999450683594,143.55999755859375,143.35000610351562,143.35000610351562,1107
2019-11-15,XYP1.MI,143.4600067138672,143.49000549316406,143.39999389648438,143.49000549316406,2032
2019-11-18,XYP1.MI,143.47000122070312,143.6199951171875,143.47000122070312,143.5399932861328,1457
2019-11-19,XYP1.MI,143.49000549316406,143.5800018310547,143.49000549316406,143.52999877929688,1587
2019-11-20,XYP1.MI,143.50999450683594,143.5500030517578,143.50999450683594,143.5500030517578,1231
2019-11-21,XYP1.MI,143.50999450683594,143.61000061035156,143.50999450683594,143.61000061035156,1904
2019-11-22,XYP1.MI,143.52000427246094,143.66000366210938,143.52000427246094,143.63999938964844,4912
2019-11-25,XYP1.MI,143.7100067138672,143.72000122070312,143.6300048828125,143.72000122070312,1496
2019-11-26,XYP1.MI,143.6199951171875,143.64999389648438,143.61000061035156,143.64999389648438,139
2019-11-27,XYP1.MI,143.60000610351562,143.63999938964844,143.60000610351562,143.63999938964844,1206
2019-11-28,XYP1.MI,143.5500030517578,143.64999389648438,143.5500030517578,143.60000610351562,2174
2019-11-29,XYP1.MI,143.5800018310547,143.60000610351562,143.5500030517578,143.57000732421875,1184
2019-12-02,XYP1.MI,143.38999938964844,143.4600067138672,143.27000427246094,143.4499969482422,4814
2019-12-03,XYP1.MI,143.3800048828125,143.5399932861328,143.3800048828125,143.5399932861328,1339
2019-12-04,XYP1.MI,143.52000427246094,143.63999938964844,143.52000427246094,143.5800018310547,847
2019-12-05,XYP1.MI,143.47000122070312,143.47000122070312,143.44000244140625,143.44000244140625,168
2019-12-06,XYP1.MI,143.50999450683594,143.5500030517578,143.50999450683594,143.52999877929688,2193
2019-12-09,XYP1.MI,143.61000061035156,143.6199951171875,143.55999755859375,143.60000610351562,698
2019-12-10,XYP1.MI,143.55999755859375,143.66000366210938,143.55999755859375,143.66000366210938,964
2019-12-11,XYP1.MI,143.69000244140625,143.7100067138672,143.69000244140625,143.7100067138672,164
2019-12-12,XYP1.MI,143.75,143.75999450683594,143.7100067138672,143.7100067138672,823
2019-12-13,XYP1.MI,143.69000244140625,143.91000366210938,143.69000244140625,143.7899932861328,1664
2019-12-16,XYP1.MI,143.63999938964844,143.75999450683594,143.63999938964844,143.6699981689453,2930
2019-12-17,XYP1.MI,143.67999267578125,143.75,143.63999938964844,143.75,481
2019-12-18,XYP1.MI,143.75,143.75,143.63999938964844,143.7100067138672,1009
2019-12-19,XYP1.MI,143.5399932861328,143.74000549316406,143.5399932861328,143.74000549316406,1633
2019-12-20,XYP1.MI,143.5800018310547,143.7100067138672,143.57000732421875,143.63999938964844,2119
2019-12-23,XYP1.MI,143.69000244140625,143.69000244140625,143.5399932861328,143.57000732421875,471
2019-12-27,XYP1.MI,143.5800018310547,143.7100067138672,143.41000366210938,143.7100067138672,947
2019-12-30,XYP1.MI,143.58999633789062,143.6699981689453,143.58999633789062,143.6699981689453,165
2020-01-02,XYP1.MI,143.58999633789062,143.69000244140625,143.58999633789062,143.6300048828125,473
2020-01-03,XYP1.MI,143.6699981689453,143.7100067138672,143.6699981689453,143.7100067138672,308
2020-01-06,XYP1.MI,143.67999267578125,143.6999969482422,143.67999267578125,143.6999969482422,794
2020-01-07,XYP1.MI,143.67999267578125,143.72000122070312,143.66000366210938,143.6699981689453,1222
2020-01-08,XYP1.MI,143.69000244140625,143.69000244140625,143.61000061035156,143.6199951171875,192
2020-01-09,XYP1.MI,143.61000061035156,143.72000122070312,143.60000610351562,143.6699981689453,1339
2020-01-10,XYP1.MI,143.63999938964844,143.74000549316406,143.63999938964844,143.67999267578125,540
2020-01-13,XYP1.MI,143.60000610351562,143.60000610351562,143.5399932861328,143.58999633789062,2372
2020-01-14,XYP1.MI,143.64999389648438,143.67999267578125,143.60000610351562,143.60000610351562,421
2020-01-15,XYP1.MI,143.64999389648438,143.6699981689453,143.5500030517578,143.5800018310547,635
2020-01-16,XYP1.MI,143.52000427246094,143.5399932861328,143.1300048828125,143.5,1492
2020-01-17,XYP1.MI,143.5,143.5,143.5,143.5,0
2020-01-20,XYP1.MI,143.49000549316406,143.5500030517578,143.49000549316406,143.5500030517578,3254
2020-01-21,XYP1.MI,143.49000549316406,143.52999877929688,143.47999572753906,143.52999877929688,847
2020-01-22,XYP1.MI,143.5,143.52999877929688,143.42999267578125,143.5,162
2020-01-23,XYP1.MI,143.6300048828125,143.6300048828125,143.49000549316406,143.6300048828125,287
2020-01-24,XYP1.MI,143.58999633789062,143.74000549316406,143.5800018310547,143.6699981689453,407
2020-01-27,XYP1.MI,143.9199981689453,143.92999267578125,143.77999877929688,143.8300018310547,1266
2020-01-28,XYP1.MI,143.8300018310547,143.86000061035156,143.82000732421875,143.86000061035156,450
2020-01-29,XYP1.MI,143.97000122070312,143.97999572753906,143.8699951171875,143.8699951171875,324
2020-01-30,XYP1.MI,143.99000549316406,144.00999450683594,143.8800048828125,143.94000244140625,1259
2020-01-31,XYP1.MI,143.91000366210938,143.97000122070312,143.8800048828125,143.97000122070312,528
2020-02-03,XYP1.MI,143.91000366210938,143.99000549316406,143.8699951171875,143.92999267578125,2173
2020-02-04,XYP1.MI,143.9199981689453,143.94000244140625,143.89999389648438,143.94000244140625,548
2020-02-05,XYP1.MI,144.00999450683594,144.02000427246094,143.88999938964844,143.94000244140625,195
2020-02-06,XYP1.MI,143.9499969482422,143.9600067138672,143.92999267578125,143.92999267578125,1263
2020-02-07,XYP1.MI,143.89999389648438,143.97000122070312,143.89999389648438,143.94000244140625,766
2020-02-10,XYP1.MI,144.00999450683594,144.00999450683594,143.8800048828125,143.9499969482422,1096
2020-02-11,XYP1.MI,143.94000244140625,143.94000244140625,143.88999938964844,143.88999938964844,1068
2020-02-12,XYP1.MI,143.97999572753906,144.0,143.9600067138672,144.0,182
2020-02-13,XYP1.MI,144.0500030517578,144.05999755859375,143.92999267578125,143.92999267578125,12376
2020-02-14,XYP1.MI,143.9199981689453,144.0500030517578,143.8699951171875,143.9499969482422,592
2020-02-17,XYP1.MI,144.00999450683594,144.00999450683594,143.99000549316406,143.99000549316406,105
2020-02-18,XYP1.MI,143.9499969482422,144.02000427246094,143.94000244140625,144.00999450683594,1663
2020-02-19,XYP1.MI,143.97000122070312,144.00999450683594,143.9199981689453,143.9199981689453,1161
2020-02-20,XYP1.MI,143.88999938964844,143.9600067138672,143.88999938964844,143.9600067138672,614
2020-02-21,XYP1.MI,144.02000427246094,144.02999877929688,143.89999389648438,143.97000122070312,2709
2020-02-24,XYP1.MI,143.75999450683594,143.9499969482422,143.75999450683594,143.85000610351562,1452
2020-02-25,XYP1.MI,143.7899932861328,144.0500030517578,143.77000427246094,143.8699951171875,2892
2020-02-26,XYP1.MI,143.61000061035156,143.85000610351562,143.60000610351562,143.85000610351562,609
2020-02-27,XYP1.MI,143.8699951171875,143.8800048828125,143.6199951171875,143.72000122070312,1103
2020-02-28,XYP1.MI,143.57000732421875,143.72999572753906,143.4600067138672,143.58999633789062,989
2020-03-02,XYP1.MI,143.44000244140625,143.57000732421875,143.44000244140625,143.57000732421875,522
2020-03-03,XYP1.MI,143.63999938964844,143.75,143.5500030517578,143.75,2022
2020-03-04,XYP1.MI,143.8300018310547,143.97000122070312,143.6999969482422,143.77000427246094,3862
2020-03-05,XYP1.MI,143.7100067138672,143.7100067138672,143.64999389648438,143.64999389648438,682
2020-03-06,XYP1.MI,143.44000244140625,143.5399932861328,143.42999267578125,143.5,227
2020-03-09,XYP1.MI,142.72999572753906,143.0,142.13999938964844,142.75999450683594,7627
2020-03-10,XYP1.MI,142.0,142.8300018310547,142.0,142.8300018310547,299
2020-03-11,XYP1.MI,142.8300018310547,143.30999755859375,142.8300018310547,143.19000244140625,514
2020-03-12,XYP1.MI,142.80999755859375,142.80999755859375,141.10000610351562,141.99000549316406,1337
2020-03-13,XYP1.MI,140.16000366210938,143.4199981689453,139.63999938964844,141.44000244140625,3545
2020-03-16,XYP1.MI,140.8699951171875,142.17999267578125,140.80999755859375,140.8699951171875,312
2020-03-17,XYP1.MI,142.47000122070312,142.52000427246094,140.44000244140625,140.5399932861328,7159
2020-03-18,XYP1.MI,140.52999877929688,146.17999267578125,138.8300018310547,141.1699981689453,2911
2020-03-19,XYP1.MI,142.63999938964844,142.63999938964844,140.47999572753906,141.3800048828125,1220
2020-03-20,XYP1.MI,143.3800048828125,143.3800048828125,141.36000061035156,142.67999267578125,2440
2020-03-23,XYP1.MI,142.10000610351562,142.97000122070312,141.9499969482422,142.17999267578125,2457
2020-03-24,XYP1.MI,141.9600067138672,142.38999938964844,141.9199981689453,142.38999938964844,743
2020-03-25,XYP1.MI,142.1199951171875,142.5,141.9600067138672,142.42999267578125,466
2020-03-26,XYP1.MI,142.6300048828125,142.88999938964844,142.6300048828125,142.88999938964844,795
2020-03-27,XYP1.MI,142.97000122070312,143.27999877929688,142.69000244140625,142.97000122070312,1755
2020-03-30,XYP1.MI,142.6199951171875,142.8300018310547,142.57000732421875,142.8300018310547,553
2020-03-31,XYP1.MI,142.49000549316406,142.91000366210938,142.47999572753906,142.6699981689453,1417
2020-04-01,XYP1.MI,142.75999450683594,142.77999877929688,142.4499969482422,142.6300048828125,711
2020-04-02,XYP1.MI,142.85000610351562,142.88999938964844,142.61000061035156,142.66000366210938,911
2020-04-03,XYP1.MI,142.72999572753906,142.72999572753906,142.3300018310547,142.44000244140625,343
2020-04-06,XYP1.MI,142.27000427246094,142.52000427246094,142.27000427246094,142.52000427246094,90
2020-04-07,XYP1.MI,142.27999877929688,142.3699951171875,142.27999877929688,142.3699951171875,23
2020-04-08,XYP1.MI,142.2100067138672,142.2100067138672,141.91000366210938,142.0800018310547,53
2020-04-09,XYP1.MI,141.91000366210938,142.39999389648438,141.91000366210938,142.1999969482422,202
2020-04-14,XYP1.MI,141.8699951171875,141.8699951171875,141.6699981689453,141.8300018310547,317
2020-04-15,XYP1.MI,141.80999755859375,141.80999755859375,141.27999877929688,141.4499969482422,117
2020-04-16,XYP1.MI,141.5,141.63999938964844,141.4600067138672,141.6300048828125,458
2020-04-17,XYP1.MI,141.61000061035156,142.0,141.61000061035156,142.0,407
2020-04-20,XYP1.MI,141.67999267578125,141.67999267578125,141.55999755859375,141.55999755859375,47
2020-04-21,XYP1.MI,141.5399932861328,141.5399932861328,141.07000732421875,141.22999572753906,404
2020-04-22,XYP1.MI,141.22999572753906,141.22999572753906,141.22999572753906,141.22999572753906,0
2020-04-23,XYP1.MI,141.57000732421875,141.72000122070312,141.55999755859375,141.55999755859375,205
2020-04-24,XYP1.MI,141.27999877929688,141.74000549316406,141.27999877929688,141.74000549316406,394
2020-04-27,XYP1.MI,141.8300018310547,142.1300048828125,141.8300018310547,142.0500030517578,654
2020-04-28,XYP1.MI,142.0500030517578,142.0500030517578,142.0500030517578,142.0500030517578,0
2020-04-29,XYP1.MI,142.38999938964844,142.38999938964844,142.2899932861328,142.2899932861328,11
2020-04-30,XYP1.MI,142.10000610351562,142.38999938964844,142.10000610351562,142.38999938964844,573
2020-05-04,XYP1.MI,142.27999877929688,142.47000122070312,142.27000427246094,142.47000122070312,1216
2020-05-05,XYP1.MI,142.14999389648438,142.2899932861328,142.14999389648438,142.2899932861328,22
2020-05-06,XYP1.MI,142.47000122070312,142.47000122070312,141.92999267578125,142.30999755859375,2288
2020-05-07,XYP1.MI,141.97000122070312,142.19000244140625,141.94000244140625,142.19000244140625,592
2020-05-08,XYP1.MI,142.39999389648438,142.47000122070312,141.74000549316406,142.47000122070312,1402
2020-05-11,XYP1.MI,142.4600067138672,142.47000122070312,142.1199951171875,142.35000610351562,1110
2020-05-12,XYP1.MI,142.25,142.47999572753906,142.17999267578125,142.47999572753906,1229
2020-05-13,XYP1.MI,142.32000732421875,142.6699981689453,142.32000732421875,142.52999877929688,530
2020-05-14,XYP1.MI,142.35000610351562,142.52000427246094,142.35000610351562,142.52000427246094,107
2020-05-15,XYP1.MI,142.32000732421875,142.47999572753906,142.32000732421875,142.47999572753906,575
2020-05-18,XYP1.MI,142.47999572753906,142.47999572753906,142.47999572753906,142.47999572753906,0
2020-05-19,XYP1.MI,142.6300048828125,142.74000549316406,142.6300048828125,142.74000549316406,418
2020-05-20,XYP1.MI,142.85000610351562,142.9199981689453,142.5500030517578,142.9199981689453,1237
2020-05-21,XYP1.MI,142.72000122070312,142.82000732421875,142.72000122070312,142.82000732421875,24
2020-05-22,XYP1.MI,142.72999572753906,142.80999755859375,142.60000610351562,142.80999755859375,1649
2020-05-25,XYP1.MI,142.64999389648438,142.77000427246094,142.63999938964844,142.77000427246094,1799
2020-05-26,XYP1.MI,142.97999572753906,142.97999572753906,142.91000366210938,142.91000366210938,92
2020-05-27,XYP1.MI,143.14999389648438,143.1699981689453,142.91000366210938,143.0399932861328,1366
2020-05-28,XYP1.MI,142.97000122070312,143.22999572753906,142.9600067138672,143.1199951171875,394
2020-05-29,XYP1.MI,143.2100067138672,143.25999450683594,142.9499969482422,143.17999267578125,688
2020-06-01,XYP1.MI,142.94000244140625,143.27999877929688,142.94000244140625,143.10000610351562,402
2020-06-02,XYP1.MI,143.10000610351562,143.10000610351562,143.10000610351562,143.10000610351562,0
2020-06-03,XYP1.MI,143.27000427246094,143.27000427246094,142.88999938964844,143.08999633789062,597
2020-06-04,XYP1.MI,142.91000366210938,143.3000030517578,142.91000366210938,143.3000030517578,82
2020-06-05,XYP1.MI,143.10000610351562,143.47000122070312,143.10000610351562,143.30999755859375,1728
2020-06-08,XYP1.MI,143.3000030517578,143.3300018310547,143.3000030517578,143.3300018310547,499
2020-06-09,XYP1.MI,143.3300018310547,143.3300018310547,143.3300018310547,143.3300018310547,0
2020-06-10,XYP1.MI,143.05999755859375,143.17999267578125,143.05999755859375,143.17999267578125,404
2020-06-11,XYP1.MI,143.17999267578125,143.17999267578125,143.17999267578125,143.17999267578125,0
2020-06-12,XYP1.MI,143.0500030517578,143.47000122070312,143.02000427246094,143.3300018310547,1308
2020-06-15,XYP1.MI,143.5,143.55999755859375,143.47000122070312,143.55999755859375,91
2020-06-16,XYP1.MI,143.38999938964844,143.5,143.38999938964844,143.5,326
2020-06-17,XYP1.MI,143.5,143.66000366210938,143.38999938964844,143.66000366210938,692
2020-06-18,XYP1.MI,143.3699951171875,143.4600067138672,143.3699951171875,143.4600067138672,272
2020-06-19,XYP1.MI,143.4600067138672,143.4600067138672,143.4600067138672,143.4600067138672,0
2020-06-22,XYP1.MI,143.4600067138672,143.4600067138672,143.4600067138672,143.4600067138672,0
2020-06-23,XYP1.MI,143.50999450683594,143.6699981689453,143.47999572753906,143.60000610351562,5128
2020-06-24,XYP1.MI,143.66000366210938,143.7100067138672,143.58999633789062,143.58999633789062,330
2020-06-25,XYP1.MI,143.47000122070312,143.75,143.4199981689453,143.57000732421875,993
2020-06-26,XYP1.MI,143.49000549316406,143.5399932861328,143.49000549316406,143.5399932861328,573
2020-06-29,XYP1.MI,143.5399932861328,143.5399932861328,143.5399932861328,143.5399932861328,0
2020-06-30,XYP1.MI,143.5399932861328,143.5399932861328,143.5399932861328,143.5399932861328,0
2020-07-01,XYP1.MI,143.75,143.75,143.5399932861328,143.5399932861328,510
2020-07-02,XYP1.MI,143.63999938964844,143.63999938964844,143.5,143.5800018310547,105
2020-07-03,XYP1.MI,143.74000549316406,143.7899932861328,143.4600067138672,143.66000366210938,584
2020-07-06,XYP1.MI,143.63999938964844,143.66000366210938,143.57000732421875,143.57000732421875,248
2020-07-07,XYP1.MI,143.5,143.61000061035156,143.5,143.61000061035156,694
2020-07-08,XYP1.MI,143.72000122070312,143.72000122070312,143.5399932861328,143.6699981689453,742
2020-07-09,XYP1.MI,143.6999969482422,143.6999969482422,143.60000610351562,143.6699981689453,1783
2020-07-10,XYP1.MI,143.5399932861328,143.64999389648438,143.5399932861328,143.64999389648438,610
2020-07-13,XYP1.MI,143.52000427246094,143.52999877929688,143.4199981689453,143.52999877929688,1348
2020-07-14,XYP1.MI,143.6199951171875,143.63999938964844,143.4600067138672,143.57000732421875,386
2020-07-15,XYP1.MI,143.5,143.67999267578125,143.42999267578125,143.55999755859375,2608
2020-07-16,XYP1.MI,143.39999389648438,143.60000610351562,143.39999389648438,143.60000610351562,1819
2020-07-17,XYP1.MI,143.66000366210938,143.66000366210938,143.47999572753906,143.60000610351562,2576
2020-07-20,XYP1.MI,143.5399932861328,143.6999969482422,143.5399932861328,143.6999969482422,457
2020-07-21,XYP1.MI,143.6300048828125,143.77000427246094,143.6300048828125,143.77000427246094,237
2020-07-22,XYP1.MI,143.7100067138672,143.89999389648438,143.6999969482422,143.83999633789062,513
2020-07-23,XYP1.MI,143.89999389648438,143.89999389648438,143.77000427246094,143.83999633789062,115
2020-07-24,XYP1.MI,143.72999572753906,143.97999572753906,143.67999267578125,143.97999572753906,864
2020-07-27,XYP1.MI,143.69000244140625,143.80999755859375,143.69000244140625,143.80999755859375,339
2020-07-28,XYP1.MI,143.64999389648438,143.77999877929688,143.64999389648438,143.77999877929688,83
2020-07-29,XYP1.MI,143.6999969482422,143.89999389648438,143.66000366210938,143.8000030517578,897
2020-07-30,XYP1.MI,143.8800048828125,143.89999389648438,143.67999267578125,143.82000732421875,1085
2020-07-31,XYP1.MI,144.00999450683594,144.00999450683594,143.67999267578125,143.7899932861328,526
2020-08-03,XYP1.MI,143.85000610351562,143.85000610351562,143.75,143.75,100
2020-08-04,XYP1.MI,143.8000030517578,143.86000061035156,143.8000030517578,143.86000061035156,62
2020-08-05,XYP1.MI,143.77999877929688,143.94000244140625,143.77999877929688,143.83999633789062,232
2020-08-06,XYP1.MI,143.94000244140625,144.02000427246094,143.72000122070312,143.85000610351562,2003
2020-08-07,XYP1.MI,143.75999450683594,143.9600067138672,143.75999450683594,143.9600067138672,543
2020-08-10,XYP1.MI,143.9600067138672,144.08999633789062,143.89999389648438,143.89999389648438,635
2020-08-11,XYP1.MI,143.77999877929688,143.83999633789062,143.77999877929688,143.83999633789062,488
2020-08-12,XYP1.MI,143.74000549316406,143.8699951171875,143.74000549316406,143.8699951171875,292
2020-08-13,XYP1.MI,143.9600067138672,144.00999450683594,143.63999938964844,143.7899932861328,1617
2020-08-14,XYP1.MI,143.83999633789062,143.9499969482422,143.67999267578125,143.8800048828125,766
2020-08-17,XYP1.MI,143.9600067138672,144.0399932861328,143.75,143.9199981689453,963
2020-08-18,XYP1.MI,143.8699951171875,143.9600067138672,143.8699951171875,143.9600067138672,34
2020-08-19,XYP1.MI,143.91000366210938,144.07000732421875,143.91000366210938,143.97999572753906,345
2020-08-20,XYP1.MI,144.02999877929688,144.02999877929688,143.8800048828125,143.97000122070312,382
2020-08-21,XYP1.MI,143.8699951171875,144.02000427246094,143.8699951171875,144.02000427246094,385
2020-08-24,XYP1.MI,143.99000549316406,144.0399932861328,143.9499969482422,143.9499969482422,254
2020-08-25,XYP1.MI,143.72000122070312,143.80999755859375,143.7100067138672,143.80999755859375,254
2020-08-26,XYP1.MI,143.75,143.85000610351562,143.75,143.85000610351562,8
2020-08-27,XYP1.MI,143.7100067138672,143.92999267578125,143.7100067138672,143.86000061035156,977
2020-08-28,XYP1.MI,143.9499969482422,143.97000122070312,143.91000366210938,143.91000366210938,177
2020-08-31,XYP1.MI,143.89999389648438,143.89999389648438,143.77999877929688,143.77999877929688,200
2020-09-01,XYP1.MI,143.77999877929688,143.88999938964844,143.77999877929688,143.88999938964844,233
2020-09-02,XYP1.MI,144.0,144.0399932861328,143.89999389648438,143.97000122070312,3037
2020-09-03,XYP1.MI,144.00999450683594,144.00999450683594,143.89999389648438,143.89999389648438,801
2020-09-04,XYP1.MI,143.89999389648438,143.97000122070312,143.89999389648438,143.97000122070312,618
2020-09-07,XYP1.MI,143.8000030517578,143.82000732421875,143.77999877929688,143.82000732421875,586
2020-09-08,XYP1.MI,143.7899932861328,143.85000610351562,143.7899932861328,143.85000610351562,265
2020-09-09,XYP1.MI,143.8300018310547,143.9600067138672,143.8300018310547,143.88999938964844,609
2020-09-10,XYP1.MI,143.83999633789062,143.9499969482422,143.80999755859375,143.88999938964844,1745
2020-09-11,XYP1.MI,143.85000610351562,143.92999267578125,143.85000610351562,143.92999267578125,447
2020-09-14,XYP1.MI,143.91000366210938,143.9600067138672,143.91000366210938,143.9600067138672,985
2020-09-15,XYP1.MI,144.00999450683594,144.0500030517578,143.9499969482422,144.0500030517578,4522
2020-09-16,XYP1.MI,143.9600067138672,144.00999450683594,143.9600067138672,144.00999450683594,123
2020-09-17,XYP1.MI,143.9499969482422,144.07000732421875,143.9499969482422,144.07000732421875,2217
2020-09-18,XYP1.MI,144.00999450683594,144.02999877929688,144.00999450683594,144.02999877929688,277
2020-09-21,XYP1.MI,144.0800018310547,144.0800018310547,143.9499969482422,144.07000732421875,3354
2020-09-22,XYP1.MI,144.0399932861328,144.22000122070312,144.0399932861328,144.14999389648438,1212
2020-09-23,XYP1.MI,144.11000061035156,144.1699981689453,144.11000061035156,144.1699981689453,1047
2020-09-24,XYP1.MI,144.1999969482422,144.2100067138672,144.05999755859375,144.11000061035156,770
2020-09-25,XYP1.MI,144.16000366210938,144.17999267578125,144.05999755859375,144.13999938964844,914
2020-09-28,XYP1.MI,144.13999938964844,144.14999389648438,144.10000610351562,144.10000610351562,44
2020-09-29,XYP1.MI,144.10000610351562,144.10000610351562,144.10000610351562,144.10000610351562,0
2020-09-30,XYP1.MI,144.1199951171875,144.14999389648438,144.05999755859375,144.08999633789062,616
2020-10-01,XYP1.MI,144.0500030517578,144.13999938964844,144.0500030517578,144.13999938964844,431
2020-10-02,XYP1.MI,144.1699981689453,144.1699981689453,144.14999389648438,144.14999389648438,347
2020-10-05,XYP1.MI,144.2100067138672,144.25999450683594,144.2100067138672,144.22000122070312,689
2020-10-06,XYP1.MI,144.16000366210938,144.24000549316406,144.16000366210938,144.22999572753906,34
2020-10-07,XYP1.MI,144.1999969482422,144.3000030517578,144.1999969482422,144.25999450683594,833
2020-10-08,XYP1.MI,144.24000549316406,144.27999877929688,144.22999572753906,144.27999877929688,2168
2020-10-09,XYP1.MI,144.2899932861328,144.3699951171875,144.2899932861328,144.3699951171875,1673
2020-10-12,XYP1.MI,144.3300018310547,144.3800048828125,144.30999755859375,144.3800048828125,1385
2020-10-13,XYP1.MI,144.33999633789062,144.3699951171875,144.32000732421875,144.3699951171875,1286
2020-10-14,XYP1.MI,144.36000061035156,144.44000244140625,144.36000061035156,144.38999938964844,835
2020-10-15,XYP1.MI,144.3300018310547,144.3300018310547,144.1999969482422,144.3000030517578,2222
2020-10-16,XYP1.MI,144.3000030517578,144.44000244140625,144.3000030517578,144.44000244140625,745
2020-10-19,XYP1.MI,144.2899932861328,144.35000610351562,144.2899932861328,144.30999755859375,533
2020-10-20,XYP1.MI,144.25999450683594,144.32000732421875,144.25,144.32000732421875,1312
2020-10-21,XYP1.MI,144.3000030517578,144.33999633789062,144.27000427246094,144.3300018310547,899
2020-10-22,XYP1.MI,144.2899932861328,144.32000732421875,144.25,144.32000732421875,2135
2020-10-23,XYP1.MI,144.2899932861328,144.32000732421875,144.27999877929688,144.32000732421875,626
2020-10-26,XYP1.MI,144.42999267578125,144.42999267578125,144.36000061035156,144.3800048828125,464
2020-10-27,XYP1.MI,144.39999389648438,144.41000366210938,144.3699951171875,144.41000366210938,601
2020-10-28,XYP1.MI,144.32000732421875,144.33999633789062,144.25999450683594,144.33999633789062,1621
2020-10-29,XYP1.MI,144.30999755859375,144.44000244140625,144.30999755859375,144.44000244140625,1411
2020-10-30,XYP1.MI,144.33999633789062,144.3800048828125,144.3300018310547,144.3800048828125,646
2020-11-02,XYP1.MI,144.3000030517578,144.38999938964844,144.3000030517578,144.38999938964844,3
2020-11-03,XYP1.MI,144.3800048828125,144.4499969482422,144.3800048828125,144.4499969482422,594
2020-11-04,XYP1.MI,144.39999389648438,144.5,144.39999389648438,144.5,15391
2020-11-05,XYP1.MI,144.49000549316406,144.49000549316406,144.49000549316406,144.49000549316406,332
2020-11-06,XYP1.MI,144.52999877929688,144.52999877929688,144.47000122070312,144.5,1382
2020-11-09,XYP1.MI,144.57000732421875,144.57000732421875,144.3699951171875,144.38999938964844,1631
2020-11-10,XYP1.MI,144.38999938964844,144.42999267578125,144.36000061035156,144.41000366210938,362
2020-11-11,XYP1.MI,144.42999267578125,144.49000549316406,144.38999938964844,144.47000122070312,2260
2020-11-12,XYP1.MI,144.47000122070312,144.47999572753906,144.39999389648438,144.47999572753906,2835
2020-11-13,XYP1.MI,144.52000427246094,144.52999877929688,144.4600067138672,144.47000122070312,131
2020-11-16,XYP1.MI,144.47999572753906,144.55999755859375,144.47999572753906,144.55999755859375,555
2020-11-17,XYP1.MI,144.5,144.58999633789062,144.5,144.58999633789062,480
2020-11-18,XYP1.MI,144.60000610351562,144.61000061035156,144.5,144.5399932861328,2443
2020-11-19,XYP1.MI,144.49000549316406,144.5399932861328,144.49000549316406,144.5399932861328,339
2020-11-20,XYP1.MI,144.50999450683594,144.5800018310547,144.50999450683594,144.5800018310547,579
2020-11-23,XYP1.MI,144.52000427246094,144.57000732421875,144.4600067138672,144.5399932861328,6297
2020-11-24,XYP1.MI,144.52000427246094,144.55999755859375,144.52000427246094,144.55999755859375,303
2020-11-25,XYP1.MI,144.52000427246094,144.5800018310547,144.50999450683594,144.5399932861328,778
2020-11-26,XYP1.MI,144.5,144.57000732421875,144.5,144.52999877929688,1618
2020-11-27,XYP1.MI,144.52000427246094,144.61000061035156,144.52000427246094,144.61000061035156,25142
2020-11-30,XYP1.MI,144.57000732421875,144.60000610351562,144.50999450683594,144.52000427246094,1881
2020-12-01,XYP1.MI,144.50999450683594,144.5399932861328,144.47000122070312,144.50999450683594,1765
2020-12-02,XYP1.MI,144.50999450683594,144.50999450683594,144.44000244140625,144.47999572753906,617
2020-12-03,XYP1.MI,144.52999877929688,144.55999755859375,144.4600067138672,144.55999755859375,1820
2020-12-04,XYP1.MI,144.5,144.5,144.47000122070312,144.5,1526
2020-12-07,XYP1.MI,144.5399932861328,144.5500030517578,144.47999572753906,144.5,354
2020-12-08,XYP1.MI,144.55999755859375,144.55999755859375,144.49000549316406,144.5500030517578,2329
2020-12-09,XYP1.MI,144.5500030517578,144.57000732421875,144.5500030517578,144.57000732421875,738
2020-12-10,XYP1.MI,144.52999877929688,144.57000732421875,144.50999450683594,144.57000732421875,3081
2020-12-11,XYP1.MI,144.6300048828125,144.63999938964844,144.5500030517578,144.63999938964844,4987
2020-12-14,XYP1.MI,144.5800018310547,144.60000610351562,144.57000732421875,144.60000610351562,1097
2020-12-15,XYP1.MI,144.58999633789062,144.67999267578125,144.58999633789062,144.60000610351562,1277
2020-12-16,XYP1.MI,144.5800018310547,144.63999938964844,144.55999755859375,144.60000610351562,7905
2020-12-17,XYP1.MI,144.55999755859375,144.66000366210938,144.55999755859375,144.63999938964844,1441
2020-12-18,XYP1.MI,144.52000427246094,144.6199951171875,144.52000427246094,144.58999633789062,85848
2020-12-21,XYP1.MI,144.52000427246094,144.58999633789062,144.5,144.52999877929688,186
2020-12-22,XYP1.MI,144.5,144.5399932861328,144.47000122070312,144.5399932861328,999
2020-12-23,XYP1.MI,144.5399932861328,144.5399932861328,144.42999267578125,144.5,1056
2020-12-28,XYP1.MI,144.4600067138672,144.57000732421875,144.4600067138672,144.52000427246094,1102
2020-12-29,XYP1.MI,144.5800018310547,144.5800018310547,144.47000122070312,144.55999755859375,388
2020-12-30,XYP1.MI,144.5399932861328,144.5399932861328,144.1699981689453,144.47999572753906,598
2021-01-04,XYP1.MI,144.5,144.5399932861328,144.4499969482422,144.47999572753906,533
2021-01-05,XYP1.MI,144.52999877929688,144.52999877929688,144.4499969482422,144.47999572753906,277
2021-01-06,XYP1.MI,144.47000122070312,144.47000122070312,144.39999389648438,144.4499969482422,600
2021-01-07,XYP1.MI,144.3800048828125,144.47999572753906,144.3800048828125,144.44000244140625,594
2021-01-08,XYP1.MI,144.42999267578125,144.4499969482422,144.42999267578125,144.4499969482422,1416
2021-01-11,XYP1.MI,144.3800048828125,144.39999389648438,144.35000610351562,144.39999389648438,2241
2021-01-12,XYP1.MI,144.30999755859375,144.30999755859375,144.1999969482422,144.22999572753906,3146
2021-01-13,XYP1.MI,144.25,144.35000610351562,144.22000122070312,144.35000610351562,1039
2021-01-14,XYP1.MI,144.16000366210938,144.27000427246094,144.1300048828125,144.27000427246094,2804
2021-01-15,XYP1.MI,144.27000427246094,144.27999877929688,144.25,144.27999877929688,1383
2021-01-18,XYP1.MI,144.27000427246094,144.2899932861328,144.14999389648438,144.22999572753906,1514
2021-01-19,XYP1.MI,144.22999572753906,144.3300018310547,144.22999572753906,144.30999755859375,1375
2021-01-20,XYP1.MI,144.3800048828125,144.3800048828125,144.2100067138672,144.27000427246094,805
2021-01-21,XYP1.MI,144.33999633789062,144.33999633789062,144.1300048828125,144.14999389648438,2428
2021-01-22,XYP1.MI,144.11000061035156,144.11000061035156,143.57000732421875,144.05999755859375,2950
2021-01-25,XYP1.MI,144.1699981689453,144.22000122070312,144.02000427246094,144.02000427246094,3621
2021-01-26,XYP1.MI,144.1699981689453,144.25999450683594,144.1699981689453,144.24000549316406,610
2021-01-27,XYP1.MI,144.2100067138672,144.27999877929688,144.17999267578125,144.25999450683594,3746
2021-01-28,XYP1.MI,144.2100067138672,144.30999755859375,144.19000244140625,144.25,1491
2021-01-29,XYP1.MI,144.25,144.2899932861328,144.1999969482422,144.22999572753906,1566
2021-02-01,XYP1.MI,144.22999572753906,144.25,144.2100067138672,144.22999572753906,356
2021-02-02,XYP1.MI,144.27999877929688,144.2899932861328,144.17999267578125,144.22999572753906,11629
2021-02-03,XYP1.MI,144.36000061035156,144.41000366210938,144.25999450683594,144.32000732421875,3442
2021-02-04,XYP1.MI,144.3000030517578,144.3300018310547,144.27000427246094,144.3300018310547,279
2021-02-05,XYP1.MI,144.36000061035156,144.36000061035156,144.27999877929688,144.33999633789062,2388
2021-02-08,XYP1.MI,144.39999389648438,144.39999389648438,144.3000030517578,144.36000061035156,1134
2021-02-09,XYP1.MI,144.5,144.5,144.32000732421875,144.3699951171875,2362
2021-02-10,XYP1.MI,144.3300018310547,144.3699951171875,144.3300018310547,144.3699951171875,566
2021-02-11,XYP1.MI,144.3300018310547,144.3800048828125,144.3300018310547,144.3800048828125,2397
2021-02-12,XYP1.MI,144.3300018310547,144.35000610351562,144.30999755859375,144.35000610351562,1570
2021-02-15,XYP1.MI,144.3699951171875,144.3800048828125,144.3000030517578,144.3000030517578,1103
2021-02-16,XYP1.MI,144.22999572753906,144.27999877929688,144.1999969482422,144.24000549316406,529
2021-02-17,XYP1.MI,144.1699981689453,144.2100067138672,144.14999389648438,144.2100067138672,976
2021-02-18,XYP1.MI,144.5,144.5,144.08999633789062,144.10000610351562,792
2021-02-19,XYP1.MI,144.0800018310547,144.14999389648438,144.07000732421875,144.14999389648438,865
2021-02-22,XYP1.MI,144.10000610351562,144.19000244140625,144.10000610351562,144.17999267578125,2754
2021-02-23,XYP1.MI,144.19000244140625,144.19000244140625,144.07000732421875,144.1300048828125,1008
2021-02-24,XYP1.MI,144.19000244140625,144.19000244140625,144.08999633789062,144.1300048828125,900
2021-02-25,XYP1.MI,143.97000122070312,143.97000122070312,143.8800048828125,143.92999267578125,485
2021-02-26,XYP1.MI,143.88999938964844,144.0500030517578,143.88999938964844,144.0500030517578,1349
2021-03-01,XYP1.MI,144.02999877929688,144.1300048828125,144.02999877929688,144.0500030517578,3262
2021-03-02,XYP1.MI,144.10000610351562,144.10000610351562,143.88999938964844,143.88999938964844,1520
2021-03-03,XYP1.MI,144.22000122070312,144.22999572753906,144.0800018310547,144.0800018310547,1177
2021-03-04,XYP1.MI,144.00999450683594,144.2100067138672,144.0,144.08999633789062,1631
2021-03-05,XYP1.MI,144.1199951171875,144.1199951171875,144.05999755859375,144.10000610351562,782
2021-03-08,XYP1.MI,144.11000061035156,144.17999267578125,144.11000061035156,144.1199951171875,323
2021-03-09,XYP1.MI,144.05999755859375,144.25,144.05999755859375,144.1199951171875,5698
2021-03-10,XYP1.MI,144.19000244140625,144.24000549316406,144.0800018310547,144.0800018310547,634
2021-03-11,XYP1.MI,144.11000061035156,144.32000732421875,144.0500030517578,144.22000122070312,2141
2021-03-12,XYP1.MI,144.4600067138672,144.4600067138672,144.11000061035156,144.17999267578125,1089
2021-03-15,XYP1.MI,144.16000366210938,144.25999450683594,144.1300048828125,144.22000122070312,225
2021-03-16,XYP1.MI,144.25999450683594,144.27999877929688,144.1999969482422,144.22999572753906,5104
2021-03-17,XYP1.MI,144.1699981689453,144.2100067138672,144.13999938964844,144.13999938964844,548
2021-03-18,XYP1.MI,144.11000061035156,144.19000244140625,144.10000610351562,144.16000366210938,1101
2021-03-19,XYP1.MI,144.19000244140625,144.22000122070312,144.19000244140625,144.19000244140625,291
2021-03-22,XYP1.MI,144.1699981689453,144.24000549316406,144.16000366210938,144.24000549316406,2109
2021-03-23,XYP1.MI,144.2100067138672,144.25,144.1999969482422,144.25,707
2021-03-24,XYP1.MI,144.30999755859375,144.30999755859375,144.24000549316406,144.30999755859375,415
2021-03-25,XYP1.MI,144.27999877929688,144.27999877929688,144.25999450683594,144.27999877929688,156
2021-03-26,XYP1.MI,144.25,144.2899932861328,144.25,144.2899932861328,34
2021-03-29,XYP1.MI,144.25999450683594,144.25999450683594,144.1999969482422,144.25999450683594,5325
2021-03-30,XYP1.MI,144.22000122070312,144.22000122070312,144.1300048828125,144.16000366210938,256
2021-03-31,XYP1.MI,144.16000366210938,144.16000366210938,144.1300048828125,144.16000366210938,2195
2021-04-01,XYP1.MI,144.1999969482422,144.2100067138672,144.16000366210938,144.1999969482422,1230
2021-04-06,XYP1.MI,144.08999633789062,144.10000610351562,144.0800018310547,144.10000610351562,1172
2021-04-07,XYP1.MI,144.1699981689453,144.17999267578125,144.11000061035156,144.13999938964844,832
2021-04-08,XYP1.MI,144.1300048828125,144.16000366210938,144.1199951171875,144.16000366210938,976
2021-04-09,XYP1.MI,144.14999389648438,144.1699981689453,144.0500030517578,144.1300048828125,2154
2021-04-12,XYP1.MI,144.1300048828125,144.16000366210938,144.07000732421875,144.10000610351562,2632
2021-04-13,XYP1.MI,144.0500030517578,144.0800018310547,144.00999450683594,144.05999755859375,541
2021-04-14,XYP1.MI,144.11000061035156,144.11000061035156,144.02999877929688,144.02999877929688,874
2021-04-15,XYP1.MI,144.0399932861328,144.05999755859375,144.0,144.05999755859375,995
2021-04-16,XYP1.MI,144.05999755859375,144.05999755859375,144.02999877929688,144.0500030517578,814
2021-04-19,XYP1.MI,144.02000427246094,144.0800018310547,143.99000549316406,144.0399932861328,858
2021-04-20,XYP1.MI,144.05999755859375,144.0800018310547,144.0,144.0500030517578,6625
2021-04-21,XYP1.MI,144.02000427246094,144.10000610351562,144.02000427246094,144.07000732421875,1056
2021-04-22,XYP1.MI,144.0399932861328,144.08999633789062,144.0,144.05999755859375,1871
2021-04-23,XYP1.MI,144.0,144.05999755859375,144.0,144.05999755859375,1355
2021-04-26,XYP1.MI,144.02000427246094,144.02999877929688,143.9499969482422,143.99000549316406,3301
2021-04-27,XYP1.MI,143.9600067138672,144.02999877929688,143.9600067138672,144.02999877929688,1038
2021-04-28,XYP1.MI,144.00999450683594,144.00999450683594,143.9499969482422,143.97999572753906,143
2021-04-29,XYP1.MI,144.0,144.52999877929688,143.9320068359375,143.97000122070312,3493
2021-04-30,XYP1.MI,144.00999450683594,144.02000427246094,143.9499969482422,143.9499969482422,347
2021-05-03,XYP1.MI,144.0,144.00999450683594,143.94000244140625,144.00999450683594,118
2021-05-04,XYP1.MI,144.00999450683594,144.0399932861328,144.00999450683594,144.0399932861328,752
2021-05-05,XYP1.MI,143.99000549316406,144.05999755859375,143.99000549316406,144.0500030517578,2164
2021-05-06,XYP1.MI,144.0399932861328,144.0500030517578,143.97999572753906,144.00999450683594,1541
2021-05-07,XYP1.MI,143.99000549316406,143.99000549316406,143.88999938964844,143.97999572753906,1192
2021-05-10,XYP1.MI,143.9199981689453,144.0,143.91000366210938,143.9600067138672,509
2021-05-11,XYP1.MI,143.89999389648438,143.9600067138672,143.89999389648438,143.92999267578125,573
2021-05-12,XYP1.MI,143.9600067138672,143.9600067138672,143.86000061035156,143.88999938964844,358
2021-05-13,XYP1.MI,143.86000061035156,143.8800048828125,143.8000030517578,143.85000610351562,1826
2021-05-14,XYP1.MI,143.80999755859375,143.85000610351562,143.8000030517578,143.82000732421875,426
2021-05-17,XYP1.MI,143.77999877929688,143.77999877929688,143.74000549316406,143.77999877929688,553
2021-05-18,XYP1.MI,143.80999755859375,143.83999633789062,143.8000030517578,143.8300018310547,992
2021-05-19,XYP1.MI,143.8000030517578,143.80999755859375,143.8000030517578,143.80999755859375,105
2021-05-20,XYP1.MI,143.7899932861328,143.86000061035156,143.77999877929688,143.86000061035156,2307
2021-05-21,XYP1.MI,143.8800048828125,143.88999938964844,143.86000061035156,143.88999938964844,759
2021-05-24,XYP1.MI,143.85000610351562,143.8800048828125,143.85000610351562,143.8800048828125,229
2021-05-25,XYP1.MI,143.91000366210938,143.94000244140625,143.8800048828125,143.9199981689453,9560
2021-05-26,XYP1.MI,143.9600067138672,144.0,143.9600067138672,144.0,488
2021-05-27,XYP1.MI,143.9499969482422,143.97000122070312,143.94000244140625,143.97000122070312,1211
2021-05-28,XYP1.MI,143.9600067138672,143.99000549316406,143.9499969482422,143.9499969482422,880
2021-05-31,XYP1.MI,143.9600067138672,144.02000427246094,143.9600067138672,144.02000427246094,833
2021-06-01,XYP1.MI,143.9499969482422,144.02999877929688,143.63999938964844,144.00999450683594,1385
2021-06-02,XYP1.MI,144.0500030517578,144.0500030517578,144.0,144.02999877929688,757
2021-06-03,XYP1.MI,144.00999450683594,144.07000732421875,144.00999450683594,144.07000732421875,1312
2021-06-04,XYP1.MI,144.0399932861328,144.11000061035156,144.02999877929688,144.11000061035156,1347
2021-06-07,XYP1.MI,144.08999633789062,144.08999633789062,144.0399932861328,144.0500030517578,1064
2021-06-08,XYP1.MI,144.0500030517578,145.14999389648438,144.0500030517578,145.14999389648438,90739
2021-06-09,XYP1.MI,144.14999389648438,144.1699981689453,144.1199951171875,144.1199951171875,7186
2021-06-10,XYP1.MI,144.0800018310547,144.13999938964844,144.0500030517578,144.11000061035156,1864
2021-06-11,XYP1.MI,144.19000244140625,144.1999969482422,144.17999267578125,144.1999969482422,7441
2021-06-14,XYP1.MI,144.17999267578125,144.17999267578125,144.11000061035156,144.1300048828125,479
2021-06-15,XYP1.MI,144.16000366210938,144.16000366210938,144.0800018310547,144.0800018310547,799
2021-06-16,XYP1.MI,144.10000610351562,144.13999938964844,144.08999633789062,144.13999938964844,1471
2021-06-17,XYP1.MI,144.05999755859375,144.08999633789062,144.0399932861328,144.07000732421875,1146
2021-06-18,XYP1.MI,144.02999877929688,144.0500030517578,143.97000122070312,143.97000122070312,1220
2021-06-21,XYP1.MI,143.91000366210938,143.94000244140625,143.91000366210938,143.94000244140625,423
2021-06-22,XYP1.MI,143.9499969482422,143.9499969482422,143.91000366210938,143.91000366210938,527
2021-06-23,XYP1.MI,143.88999938964844,143.9600067138672,143.88999938964844,143.9499969482422,434
2021-06-24,XYP1.MI,143.92999267578125,143.9600067138672,143.89999389648438,143.94000244140625,1205
2021-06-25,XYP1.MI,143.89999389648438,144.11000061035156,143.86000061035156,144.11000061035156,846
2021-06-28,XYP1.MI,143.8800048828125,143.9499969482422,143.8800048828125,143.92999267578125,942
2021-06-29,XYP1.MI,143.89999389648438,143.9499969482422,143.89999389648438,143.9499969482422,1300
2021-06-30,XYP1.MI,144.0,144.00999450683594,143.94000244140625,143.99000549316406,219
2021-07-01,XYP1.MI,143.9600067138672,144.05999755859375,143.9600067138672,144.05999755859375,331
2021-07-02,XYP1.MI,144.0,144.05999755859375,144.0,144.0500030517578,746
2021-07-05,XYP1.MI,144.00999450683594,144.07000732421875,144.00999450683594,144.07000732421875,298
2021-07-06,XYP1.MI,144.05999755859375,144.25,144.02999877929688,144.25,1008
2021-07-07,XYP1.MI,144.10000610351562,144.11000061035156,144.05999755859375,144.10000610351562,2087
2021-07-08,XYP1.MI,144.10000610351562,144.10000610351562,144.00999450683594,144.02999877929688,2038
2021-07-09,XYP1.MI,144.0500030517578,144.05999755859375,144.00999450683594,144.02000427246094,719
2021-07-12,XYP1.MI,144.0800018310547,144.0800018310547,144.0800018310547,144.0800018310547,32
2021-07-13,XYP1.MI,144.07000732421875,144.0800018310547,144.07000732421875,144.0800018310547,331
2021-07-14,XYP1.MI,144.08999633789062,144.08999633789062,144.0500030517578,144.07000732421875,326
2021-07-15,XYP1.MI,144.02000427246094,144.02000427246094,143.99000549316406,143.99000549316406,1012
2021-07-16,XYP1.MI,144.0399932861328,144.08999633789062,144.0399932861328,144.08999633789062,63
2021-07-19,XYP1.MI,144.10000610351562,144.11000061035156,144.0399932861328,144.0399932861328,29733
2021-07-20,XYP1.MI,144.0800018310547,144.0800018310547,144.0500030517578,144.0500030517578,4360
2021-07-21,XYP1.MI,144.0,144.10000610351562,144.0,144.10000610351562,614
2021-07-22,XYP1.MI,144.10000610351562,144.27000427246094,144.05999755859375,144.13999938964844,1009
2021-07-23,XYP1.MI,144.08999633789062,144.1300048828125,144.0800018310547,144.1300048828125,300
2021-07-26,XYP1.MI,144.10000610351562,144.16000366210938,144.10000610351562,144.1199951171875,794
2021-07-27,XYP1.MI,144.14999389648438,144.1699981689453,144.11000061035156,144.1699981689453,880
2021-07-28,XYP1.MI,144.1199951171875,144.19000244140625,144.1199951171875,144.19000244140625,94
2021-07-29,XYP1.MI,144.1699981689453,144.1699981689453,144.11000061035156,144.1699981689453,404
2021-07-30,XYP1.MI,144.1699981689453,144.1699981689453,144.1699981689453,144.1699981689453,0
2021-08-02,XYP1.MI,144.11000061035156,144.22000122070312,144.11000061035156,144.19000244140625,946
2021-08-03,XYP1.MI,144.19000244140625,144.19000244140625,144.19000244140625,144.19000244140625,0
2021-08-04,XYP1.MI,144.2100067138672,144.22999572753906,144.2100067138672,144.22999572753906,223
2021-08-05,XYP1.MI,144.2100067138672,144.24000549316406,144.2100067138672,144.24000549316406,900
2021-08-06,XYP1.MI,144.42999267578125,144.42999267578125,144.17999267578125,144.2100067138672,552
2021-08-09,XYP1.MI,144.1999969482422,144.25,144.1999969482422,144.25,961
2021-08-10,XYP1.MI,144.22999572753906,144.24000549316406,144.17999267578125,144.24000549316406,564
2021-08-11,XYP1.MI,144.24000549316406,144.25,144.1699981689453,144.25,1161
2021-08-12,XYP1.MI,144.22999572753906,144.22999572753906,144.1699981689453,144.2100067138672,568
2021-08-13,XYP1.MI,144.2100067138672,144.2100067138672,144.2100067138672,144.2100067138672,0
2021-08-16,XYP1.MI,144.2100067138672,144.2100067138672,144.2100067138672,144.2100067138672,0
2021-08-17,XYP1.MI,144.1699981689453,144.1699981689453,144.1699981689453,144.1699981689453,32
2021-08-18,XYP1.MI,144.17999267578125,144.22999572753906,144.17999267578125,144.22999572753906,592
2021-08-19,XYP1.MI,144.1999969482422,144.25,144.1999969482422,144.22999572753906,500
2021-08-20,XYP1.MI,144.19000244140625,144.27000427246094,144.19000244140625,144.24000549316406,638
2021-08-23,XYP1.MI,144.24000549316406,144.24000549316406,144.24000549316406,144.24000549316406,0
2021-08-24,XYP1.MI,144.1699981689453,144.22000122070312,144.1699981689453,144.2100067138672,245
2021-08-25,XYP1.MI,144.2100067138672,144.2100067138672,144.10000610351562,144.10000610351562,403
2021-08-26,XYP1.MI,144.07000732421875,144.11000061035156,144.07000732421875,144.11000061035156,266
2021-08-27,XYP1.MI,144.0800018310547,144.14999389648438,144.0800018310547,144.1300048828125,538
2021-08-30,XYP1.MI,144.10000610351562,144.16000366210938,144.10000610351562,144.16000366210938,419
2021-08-31,XYP1.MI,144.1699981689453,144.1699981689453,144.08999633789062,144.10000610351562,546
2021-09-01,XYP1.MI,144.07000732421875,144.1699981689453,144.07000732421875,144.1699981689453,311
2021-09-02,XYP1.MI,144.13999938964844,144.1999969482422,144.10000610351562,144.10000610351562,754
2021-09-03,XYP1.MI,144.1199951171875,144.13999938964844,144.1199951171875,144.13999938964844,396
2021-09-06,XYP1.MI,144.14999389648438,144.14999389648438,144.13999938964844,144.13999938964844,276
2021-09-07,XYP1.MI,144.1199951171875,144.1199951171875,144.0800018310547,144.08999633789062,564
2021-09-08,XYP1.MI,144.07000732421875,144.10000610351562,144.02999877929688,144.02999877929688,2709
2021-09-09,XYP1.MI,144.0800018310547,144.10000610351562,144.0399932861328,144.07000732421875,864
2021-09-10,XYP1.MI,144.1199951171875,144.13999938964844,144.11000061035156,144.1300048828125,158
2021-09-13,XYP1.MI,144.11000061035156,144.13999938964844,144.07000732421875,144.11000061035156,386
2021-09-14,XYP1.MI,144.0800018310547,144.1300048828125,144.05999755859375,144.1300048828125,301
2021-09-15,XYP1.MI,144.0800018310547,144.10000610351562,144.0399932861328,144.0399932861328,343
2021-09-16,XYP1.MI,144.10000610351562,144.1199951171875,144.0399932861328,144.0399932861328,1404
2021-09-17,XYP1.MI,144.0399932861328,144.0500030517578,144.0399932861328,144.0500030517578,329
2021-09-20,XYP1.MI,144.0399932861328,144.1199951171875,144.0399932861328,144.07000732421875,1122
2021-09-21,XYP1.MI,144.08999633789062,144.16000366210938,144.0500030517578,144.1300048828125,972
2021-09-22,XYP1.MI,144.13999938964844,144.13999938964844,144.11000061035156,144.1300048828125,147
2021-09-23,XYP1.MI,144.1300048828125,144.13999938964844,144.07000732421875,144.07000732421875,407
2021-09-24,XYP1.MI,143.97999572753906,144.0399932861328,143.97999572753906,144.02999877929688,287
2021-09-27,XYP1.MI,143.97999572753906,144.0,143.94000244140625,143.99000549316406,913
2021-09-28,XYP1.MI,143.97999572753906,143.97999572753906,143.89999389648438,143.9499969482422,2969
2021-09-29,XYP1.MI,143.97999572753906,144.0399932861328,143.94000244140625,144.0399932861328,500
2021-09-30,XYP1.MI,143.94000244140625,144.00999450683594,143.94000244140625,144.00999450683594,826
2021-10-01,XYP1.MI,143.97000122070312,144.0500030517578,143.97000122070312,144.02000427246094,150
2021-10-04,XYP1.MI,143.97000122070312,144.00999450683594,143.97000122070312,144.00999450683594,689
2021-10-05,XYP1.MI,144.0,144.07000732421875,144.0,144.07000732421875,1020
2021-10-06,XYP1.MI,143.92999267578125,143.97000122070312,143.92999267578125,143.94000244140625,343
2021-10-07,XYP1.MI,143.99000549316406,144.3699951171875,143.97000122070312,144.3699951171875,1102
2021-10-08,XYP1.MI,143.94000244140625,144.08999633789062,143.94000244140625,144.08999633789062,521
2021-10-11,XYP1.MI,143.9600067138672,143.99000549316406,143.91000366210938,143.99000549316406,687
2021-10-12,XYP1.MI,143.92999267578125,143.97999572753906,143.89999389648438,143.9199981689453,11155
2021-10-13,XYP1.MI,143.8699951171875,143.92999267578125,143.86000061035156,143.92999267578125,1335
2021-10-14,XYP1.MI,143.85000610351562,143.97000122070312,143.85000610351562,143.97000122070312,2345
2021-10-15,XYP1.MI,143.97000122070312,143.97000122070312,143.91000366210938,143.91000366210938,606
2021-10-18,XYP1.MI,143.83999633789062,143.83999633789062,143.8000030517578,143.8000030517578,114
2021-10-19,XYP1.MI,143.77999877929688,143.83999633789062,143.74000549316406,143.75999450683594,43
2021-10-20,XYP1.MI,143.82000732421875,143.82000732421875,143.8000030517578,143.8000030517578,49
2021-10-21,XYP1.MI,143.8300018310547,143.85000610351562,143.75399780273438,143.77000427246094,547
2021-10-22,XYP1.MI,143.94000244140625,143.94000244140625,143.69000244140625,143.74000549316406,302
2021-10-25,XYP1.MI,143.97999572753906,143.97999572753906,143.74000549316406,143.7899932861328,151
2021-10-26,XYP1.MI,143.8300018310547,143.8300018310547,143.75999450683594,143.8000030517578,125
2021-10-27,XYP1.MI,143.8000030517578,143.8800048828125,143.77000427246094,143.82000732421875,940
2021-10-28,XYP1.MI,143.60000610351562,143.7100067138672,143.52999877929688,143.64999389648438,2291
2021-10-29,XYP1.MI,143.0500030517578,143.60000610351562,143.0500030517578,143.60000610351562,165
2021-11-01,XYP1.MI,143.5,143.5,143.44000244140625,143.44000244140625,83
2021-11-02,XYP1.MI,143.6199951171875,143.77000427246094,143.6199951171875,143.72000122070312,92
2021-11-03,XYP1.MI,143.75,143.75999450683594,143.72000122070312,143.75999450683594,220
2021-11-04,XYP1.MI,143.77000427246094,143.97000122070312,143.75999450683594,143.97000122070312,806
2021-11-05,XYP1.MI,144.0,144.1999969482422,143.91000366210938,144.1999969482422,747
2021-11-08,XYP1.MI,143.97000122070312,144.0399932861328,143.94000244140625,144.0,7359
2021-11-09,XYP1.MI,143.97999572753906,144.05999755859375,143.9600067138672,144.0500030517578,465
2021-11-10,XYP1.MI,143.9600067138672,144.05999755859375,143.92999267578125,143.92999267578125,517
2021-11-11,XYP1.MI,143.89999389648438,143.9199981689453,143.82000732421875,143.8800048828125,3840
2021-11-12,XYP1.MI,144.0,144.0,144.0,144.0,359
2021-11-15,XYP1.MI,143.8699951171875,143.8699951171875,143.75,143.75,1026
2021-11-16,XYP1.MI,143.8300018310547,143.92999267578125,143.82000732421875,143.89999389648438,387
2021-11-17,XYP1.MI,143.91000366210938,143.92999267578125,143.86000061035156,143.89999389648438,342
2021-11-18,XYP1.MI,143.97000122070312,144.00999450683594,143.89999389648438,143.97999572753906,954
2021-11-19,XYP1.MI,144.00999450683594,144.07000732421875,143.9499969482422,144.02999877929688,434
2021-11-22,XYP1.MI,144.02000427246094,144.05999755859375,144.0,144.0,975
2021-11-23,XYP1.MI,143.9600067138672,143.97000122070312,143.86000061035156,143.8699951171875,12752
2021-11-24,XYP1.MI,143.85000610351562,143.89999389648438,143.82000732421875,143.8800048828125,704
2021-11-25,XYP1.MI,143.91000366210938,143.92999267578125,143.8000030517578,143.83999633789062,36761
2021-11-26,XYP1.MI,143.9199981689453,144.00999450683594,143.89999389648438,143.89999389648438,2666
2021-11-29,XYP1.MI,143.8699951171875,143.9499969482422,143.8699951171875,143.9199981689453,52
2021-11-30,XYP1.MI,143.9600067138672,143.97000122070312,143.8800048828125,143.8800048828125,2990
2021-12-01,XYP1.MI,143.80999755859375,143.80999755859375,143.7100067138672,143.75,721
2021-12-02,XYP1.MI,143.72999572753906,143.85000610351562,143.72999572753906,143.85000610351562,1017
2021-12-03,XYP1.MI,143.80999755859375,143.83999633789062,143.77999877929688,143.83999633789062,456
2021-12-06,XYP1.MI,144.0399932861328,144.0399932861328,143.83999633789062,143.8800048828125,2230
2021-12-07,XYP1.MI,143.77000427246094,143.8699951171875,143.77000427246094,143.82000732421875,308
2021-12-08,XYP1.MI,143.80999755859375,143.80999755859375,143.67999267578125,143.67999267578125,1598
2021-12-09,XYP1.MI,143.75,143.83999633789062,143.7100067138672,143.8000030517578,2204
2021-12-10,XYP1.MI,143.74000549316406,143.97999572753906,143.69000244140625,143.97999572753906,480
2021-12-13,XYP1.MI,143.85000610351562,143.85000610351562,143.85000610351562,143.85000610351562,275
2021-12-14,XYP1.MI,143.77999877929688,143.85000610351562,143.77999877929688,143.7899932861328,346
2021-12-15,XYP1.MI,143.82000732421875,143.82000732421875,143.75999450683594,143.75999450683594,1104
2021-12-16,XYP1.MI,143.75,143.75,143.57000732421875,143.72999572753906,483
2021-12-17,XYP1.MI,143.82000732421875,143.82000732421875,143.80999755859375,143.80999755859375,82
2021-12-20,XYP1.MI,144.0,144.0,143.82000732421875,143.8300018310547,1402
2021-12-21,XYP1.MI,143.77000427246094,143.86000061035156,143.77000427246094,143.77000427246094,1136
2021-12-22,XYP1.MI,143.77000427246094,143.77999877929688,143.7100067138672,143.7100067138672,171
2021-12-23,XYP1.MI,143.6300048828125,143.66000366210938,143.52999877929688,143.57000732421875,447
2021-12-27,XYP1.MI,143.74000549316406,143.74000549316406,143.4499969482422,143.55999755859375,128
2021-12-28,XYP1.MI,143.5500030517578,143.5500030517578,143.41000366210938,143.49000549316406,3287
2021-12-29,XYP1.MI,143.49000549316406,143.49000549316406,143.49000549316406,143.49000549316406,0
2021-12-30,XYP1.MI,143.52000427246094,143.7100067138672,143.19000244140625,143.4499969482422,3625
2022-01-03,XYP1.MI,143.49000549316406,143.49000549316406,143.33999633789062,143.42999267578125,1077
2022-01-04,XYP1.MI,143.4499969482422,143.4600067138672,143.33999633789062,143.4199981689453,384
2022-01-05,XYP1.MI,143.38999938964844,143.4600067138672,143.3800048828125,143.42999267578125,205
2022-01-06,XYP1.MI,143.3300018310547,143.3699951171875,143.27999877929688,143.3300018310547,3471
2022-01-07,XYP1.MI,143.3000030517578,143.3800048828125,143.3000030517578,143.3000030517578,1956
2022-01-10,XYP1.MI,143.2899932861328,143.38999938964844,143.2899932861328,143.3300018310547,373
2022-01-11,XYP1.MI,143.27000427246094,143.33999633789062,143.27000427246094,143.2899932861328,391
2022-01-12,XYP1.MI,143.3300018310547,143.39999389648438,143.32000732421875,143.33999633789062,4316
2022-01-13,XYP1.MI,143.27000427246094,143.3699951171875,143.27000427246094,143.36000061035156,252
2022-01-14,XYP1.MI,143.35000610351562,143.35000610351562,143.35000610351562,143.35000610351562,27
2022-01-17,XYP1.MI,143.30999755859375,143.30999755859375,143.27000427246094,143.27000427246094,138
2022-01-18,XYP1.MI,143.27000427246094,143.33999633789062,143.27000427246094,143.33999633789062,537
2022-01-19,XYP1.MI,143.27000427246094,143.2899932861328,143.25999450683594,143.27999877929688,1049
2022-01-20,XYP1.MI,143.2899932861328,143.35000610351562,143.2899932861328,143.3300018310547,794
2022-01-21,XYP1.MI,143.36000061035156,143.3699951171875,143.35000610351562,143.3699951171875,190
2022-01-24,XYP1.MI,143.41000366210938,143.55999755859375,143.36000061035156,143.36000061035156,141
2022-01-25,XYP1.MI,143.33999633789062,143.41000366210938,143.33999633789062,143.36000061035156,668
2022-01-26,XYP1.MI,143.3800048828125,143.3800048828125,143.25,143.33999633789062,523
2022-01-27,XYP1.MI,143.35000610351562,143.35000610351562,143.25999450683594,143.25999450683594,303
2022-01-28,XYP1.MI,143.3000030517578,143.30999755859375,143.24000549316406,143.30999755859375,299
2022-01-31,XYP1.MI,143.27999877929688,143.27999877929688,143.17999267578125,143.25,1498
2022-02-01,XYP1.MI,143.24000549316406,143.25,143.1300048828125,143.13999938964844,937
2022-02-02,XYP1.MI,143.14999389648438,143.14999389648438,143.0399932861328,143.0399932861328,442
2022-02-03,XYP1.MI,143.00999450683594,143.10000610351562,142.47999572753906,142.47999572753906,901
2022-02-04,XYP1.MI,142.4600067138672,142.4600067138672,142.13999938964844,142.13999938964844,247
2022-02-07,XYP1.MI,141.9600067138672,142.22000122070312,141.9600067138672,142.19000244140625,2765
2022-02-08,XYP1.MI,142.19000244140625,142.39999389648438,142.19000244140625,142.2100067138672,9853
2022-02-09,XYP1.MI,142.52999877929688,142.5500030517578,142.2899932861328,142.3699951171875,8856
2022-02-10,XYP1.MI,142.50999450683594,142.69000244140625,142.25,142.27999877929688,10972
2022-02-11,XYP1.MI,142.27999877929688,142.44000244140625,142.17999267578125,142.24000549316406,9489
2022-02-14,XYP1.MI,142.35000610351562,142.4600067138672,142.24000549316406,142.25999450683594,9192
2022-02-15,XYP1.MI,142.35000610351562,142.39999389648438,142.3000030517578,142.32000732421875,4269
2022-02-16,XYP1.MI,142.32000732421875,142.55999755859375,142.32000732421875,142.50999450683594,3571
2022-02-17,XYP1.MI,142.5399932861328,142.7899932861328,142.50999450683594,142.66000366210938,4064
2022-02-18,XYP1.MI,142.7100067138672,142.8699951171875,142.63999938964844,142.69000244140625,2241
2022-02-21,XYP1.MI,143.10000610351562,143.10000610351562,142.57000732421875,142.5800018310547,4243
2022-02-22,XYP1.MI,142.72000122070312,142.72000122070312,142.5,142.5500030517578,4896
2022-02-23,XYP1.MI,142.5,142.55999755859375,142.44000244140625,142.44000244140625,1757
2022-02-24,XYP1.MI,142.61000061035156,142.77000427246094,142.4600067138672,142.69000244140625,3221
2022-02-25,XYP1.MI,142.5399932861328,142.74000549316406,142.52999877929688,142.63999938964844,4190
2022-02-28,XYP1.MI,142.72000122070312,143.07000732421875,142.63999938964844,142.83999633789062,663
2022-03-01,XYP1.MI,142.89999389648438,143.4600067138672,142.89999389648438,143.39999389648438,1589
2022-03-02,XYP1.MI,143.5399932861328,143.8000030517578,143.1699981689453,143.22999572753906,11393
2022-03-03,XYP1.MI,143.00999450683594,143.22999572753906,143.0,143.11000061035156,993
2022-03-04,XYP1.MI,143.25999450683594,143.30999755859375,143.13999938964844,143.27000427246094,1307
2022-03-07,XYP1.MI,143.30999755859375,143.30999755859375,142.66000366210938,142.66000366210938,37539
2022-03-08,XYP1.MI,143.0399932861328,143.13999938964844,142.86000061035156,142.86000061035156,2819
2022-03-09,XYP1.MI,143.16000366210938,143.1699981689453,142.8800048828125,142.9600067138672,1464
2022-03-10,XYP1.MI,143.05999755859375,143.07000732421875,142.42999267578125,142.42999267578125,1083
2022-03-11,XYP1.MI,142.57000732421875,142.72999572753906,142.50999450683594,142.72999572753906,963
2022-03-14,XYP1.MI,142.63999938964844,142.64999389648438,142.3800048828125,142.49000549316406,576
2022-03-15,XYP1.MI,142.5800018310547,142.63999938964844,142.47999572753906,142.61000061035156,349
2022-03-16,XYP1.MI,142.49000549316406,142.63999938964844,142.49000549316406,142.6199951171875,388
2022-03-17,XYP1.MI,142.60000610351562,142.60000610351562,142.52000427246094,142.52000427246094,795
2022-03-18,XYP1.MI,142.5800018310547,142.6699981689453,142.5800018310547,142.6699981689453,3889
2022-03-21,XYP1.MI,142.5800018310547,142.61000061035156,142.50999450683594,142.52999877929688,352
2022-03-22,XYP1.MI,142.60000610351562,142.60000610351562,142.32000732421875,142.3800048828125,1336
2022-03-23,XYP1.MI,142.5,142.5399932861328,142.3300018310547,142.3300018310547,1277
2022-03-24,XYP1.MI,142.36000061035156,142.38999938964844,142.32000732421875,142.3300018310547,185
2022-03-25,XYP1.MI,142.38999938964844,142.4499969482422,142.3300018310547,142.36000061035156,2082
2022-03-28,XYP1.MI,142.33999633789062,142.33999633789062,142.1300048828125,142.2100067138672,692
2022-03-29,XYP1.MI,142.1300048828125,142.1300048828125,141.75999450683594,142.0399932861328,701
2022-03-30,XYP1.MI,141.8800048828125,141.89999389648438,141.82000732421875,141.82000732421875,682
2022-03-31,XYP1.MI,142.0,142.08999633789062,141.9499969482422,142.0399932861328,658
2022-04-01,XYP1.MI,141.89999389648438,142.0,141.89999389648438,141.92999267578125,478
2022-04-04,XYP1.MI,141.99000549316406,142.0800018310547,141.92999267578125,141.94000244140625,647
2022-04-05,XYP1.MI,141.92999267578125,141.92999267578125,141.75,141.75,999
2022-04-06,XYP1.MI,141.82000732421875,141.82000732421875,141.5800018310547,141.6699981689453,1019
2022-04-07,XYP1.MI,141.7899932861328,141.85000610351562,141.61000061035156,141.6300048828125,471
2022-04-08,XYP1.MI,141.69000244140625,141.69000244140625,141.44000244140625,141.64999389648438,1761
2022-04-11,XYP1.MI,141.3000030517578,141.39999389648438,141.27999877929688,141.30999755859375,1025
2022-04-12,XYP1.MI,141.5,141.5,141.2100067138672,141.49000549316406,898
2022-04-13,XYP1.MI,141.5,141.58999633789062,141.36000061035156,141.5500030517578,1392
2022-04-14,XYP1.MI,141.52000427246094,141.67999267578125,141.4499969482422,141.52000427246094,641
2022-04-19,XYP1.MI,141.4499969482422,141.5500030517578,141.44000244140625,141.4499969482422,1205
2022-04-20,XYP1.MI,141.61000061035156,141.6199951171875,141.5399932861328,141.5399932861328,1802
2022-04-21,XYP1.MI,141.5,141.5,141.30999755859375,141.30999755859375,917
2022-04-22,XYP1.MI,141.25999450683594,141.27000427246094,141.05999755859375,141.05999755859375,858
2022-04-25,XYP1.MI,141.17999267578125,141.2899932861328,141.14999389648438,141.2899932861328,757
2022-04-26,XYP1.MI,141.2899932861328,141.4199981689453,141.24000549316406,141.3800048828125,599
2022-04-27,XYP1.MI,141.27999877929688,141.4199981689453,141.27999877929688,141.39999389648438,608
2022-04-28,XYP1.MI,141.47999572753906,141.47999572753906,141.11000061035156,141.11000061035156,429
2022-04-29,XYP1.MI,141.11000061035156,141.13999938964844,140.9199981689453,140.94000244140625,575
2022-05-02,XYP1.MI,141.0,141.0,140.8000030517578,140.83999633789062,1708
2022-05-03,XYP1.MI,140.83999633789062,140.85000610351562,140.72999572753906,140.7899932861328,2089
2022-05-04,XYP1.MI,140.77000427246094,140.77000427246094,140.5,140.5500030517578,1440
2022-05-05,XYP1.MI,140.58999633789062,140.77999877929688,140.5,140.5,4834
2022-05-06,XYP1.MI,140.4499969482422,140.4600067138672,140.25,140.27000427246094,717
2022-05-09,XYP1.MI,140.22000122070312,140.47000122070312,140.0,140.0,332
2022-05-10,XYP1.MI,140.63999938964844,140.80999755859375,140.5500030517578,140.66000366210938,424
2022-05-11,XYP1.MI,140.83999633789062,141.1999969482422,140.8000030517578,140.9499969482422,368
2022-05-12,XYP1.MI,141.1999969482422,141.32000732421875,141.11000061035156,141.2899932861328,1287
2022-05-13,XYP1.MI,141.14999389648438,141.2100067138672,141.07000732421875,141.08999633789062,915
2022-05-16,XYP1.MI,140.92999267578125,141.0,140.88999938964844,141.0,339
2022-05-17,XYP1.MI,140.67999267578125,140.75999450683594,140.6199951171875,140.6699981689453,1115
2022-05-18,XYP1.MI,140.6699981689453,140.6699981689453,140.5500030517578,140.66000366210938,157
2022-05-19,XYP1.MI,140.7100067138672,140.75,140.63999938964844,140.67999267578125,1732
2022-05-20,XYP1.MI,140.60000610351562,140.6199951171875,140.5399932861328,140.5800018310547,136
2022-05-23,XYP1.MI,140.60000610351562,140.6199951171875,140.4600067138672,140.49000549316406,340
2022-05-24,XYP1.MI,140.4600067138672,140.6699981689453,140.4600067138672,140.5800018310547,964
2022-05-25,XYP1.MI,140.7100067138672,140.75,140.7100067138672,140.72000122070312,268
2022-05-26,XYP1.MI,140.85000610351562,140.89999389648438,140.8000030517578,140.8000030517578,287
2022-05-27,XYP1.MI,140.89999389648438,140.94000244140625,140.75999450683594,140.85000610351562,643
2022-05-30,XYP1.MI,140.61000061035156,140.6300048828125,140.55999755859375,140.61000061035156,133
2022-05-31,XYP1.MI,140.52999877929688,140.52999877929688,140.30999755859375,140.3800048828125,590
2022-06-01,XYP1.MI,140.32000732421875,140.47999572753906,140.1999969482422,140.24000549316406,933
2022-06-02,XYP1.MI,140.10000610351562,140.1199951171875,140.02999877929688,140.02999877929688,2422
2022-06-03,XYP1.MI,140.0,140.0,139.86000061035156,139.86000061035156,1036
2022-06-06,XYP1.MI,140.00999450683594,140.00999450683594,139.75999450683594,139.80999755859375,1235
2022-06-07,XYP1.MI,139.82000732421875,139.9600067138672,139.80999755859375,139.9499969482422,1268
2022-06-08,XYP1.MI,139.9499969482422,139.9600067138672,139.86000061035156,139.8699951171875,374
2022-06-09,XYP1.MI,139.97000122070312,139.99000549316406,139.25999450683594,139.25999450683594,5961
2022-06-10,XYP1.MI,139.13999938964844,139.13999938964844,138.72000122070312,138.80999755859375,1055
2022-06-13,XYP1.MI,138.44000244140625,138.4499969482422,137.88999938964844,137.9499969482422,528
2022-06-14,XYP1.MI,137.58999633789062,137.91000366210938,137.58999633789062,137.82000732421875,9944
2022-06-15,XYP1.MI,138.1300048828125,138.72000122070312,137.6300048828125,138.60000610351562,9612
2022-06-16,XYP1.MI,138.4499969482422,138.5800018310547,138.39999389648438,138.5800018310547,731
2022-06-17,XYP1.MI,138.64999389648438,139.0500030517578,138.64999389648438,138.9499969482422,2770
2022-06-20,XYP1.MI,138.89999389648438,139.05999755859375,138.83999633789062,138.83999633789062,3434
2022-06-21,XYP1.MI,138.9499969482422,138.97999572753906,138.80999755859375,138.91000366210938,1310
2022-06-22,XYP1.MI,138.92999267578125,139.27000427246094,138.92999267578125,139.2100067138672,798
2022-06-23,XYP1.MI,139.35000610351562,139.74000549316406,139.2899932861328,139.66000366210938,15511
2022-06-24,XYP1.MI,139.72999572753906,139.77999877929688,139.5,139.5800018310547,1825
2022-06-27,XYP1.MI,139.7100067138672,139.74000549316406,139.36000061035156,139.36000061035156,1464
2022-06-28,XYP1.MI,139.19000244140625,139.4600067138672,139.17999267578125,139.35000610351562,2704
2022-06-29,XYP1.MI,139.47999572753906,139.66000366210938,139.4600067138672,139.6199951171875,38
2022-06-30,XYP1.MI,139.74000549316406,140.02999877929688,139.74000549316406,139.91000366210938,3966
2022-07-01,XYP1.MI,139.94000244140625,140.52999877929688,139.94000244140625,140.50999450683594,533
2022-07-04,XYP1.MI,140.52999877929688,140.52999877929688,140.16000366210938,140.17999267578125,898
2022-07-05,XYP1.MI,140.4600067138672,140.55999755859375,140.32000732421875,140.5,884
2022-07-06,XYP1.MI,140.52999877929688,140.88999938964844,140.39999389648438,140.7100067138672,708
2022-07-07,XYP1.MI,140.67999267578125,140.67999267578125,140.24000549316406,140.30999755859375,3022
2022-07-08,XYP1.MI,140.5,140.5399932861328,140.3699951171875,140.3699951171875,2205
2022-07-11,XYP1.MI,140.44000244140625,140.57000732421875,140.42999267578125,140.47000122070312,852
2022-07-12,XYP1.MI,140.72000122070312,140.77000427246094,140.60000610351562,140.69000244140625,1262
2022-07-13,XYP1.MI,140.63999938964844,140.63999938964844,140.3000030517578,140.39999389648438,1205
2022-07-14,XYP1.MI,139.86000061035156,139.94000244140625,139.7899932861328,139.8800048828125,829
2022-07-15,XYP1.MI,140.0399932861328,140.0399932861328,139.80999755859375,139.94000244140625,46684
2022-07-18,XYP1.MI,139.8300018310547,139.97999572753906,139.8300018310547,139.97999572753906,95
2022-07-19,XYP1.MI,139.8699951171875,139.9199981689453,139.6199951171875,139.7100067138672,1968
2022-07-20,XYP1.MI,140.0,140.0,139.5,139.63999938964844,248
2022-07-21,XYP1.MI,139.41000366210938,139.41000366210938,139.0399932861328,139.30999755859375,365
2022-07-22,XYP1.MI,139.52000427246094,140.1300048828125,139.52000427246094,139.8800048828125,770
2022-07-25,XYP1.MI,140.0,140.0,139.83999633789062,139.97999572753906,369
2022-07-26,XYP1.MI,140.05999755859375,140.24000549316406,140.0399932861328,140.16000366210938,441
2022-07-27,XYP1.MI,139.99000549316406,140.07000732421875,139.99000549316406,140.02000427246094,300
2022-07-28,XYP1.MI,139.9499969482422,140.47999572753906,139.89999389648438,140.44000244140625,1454
2022-07-29,XYP1.MI,140.35000610351562,140.64999389648438,140.30999755859375,140.64999389648438,748
2022-08-01,XYP1.MI,141.0,141.0,140.75999450683594,140.9199981689453,9076
2022-08-02,XYP1.MI,141.0500030517578,141.07000732421875,140.74000549316406,140.75,2971
2022-08-03,XYP1.MI,140.6199951171875,140.64999389648438,140.5500030517578,140.61000061035156,557
2022-08-04,XYP1.MI,141.02999877929688,141.02999877929688,140.60000610351562,140.8000030517578,502
2022-08-05,XYP1.MI,140.85000610351562,140.91000366210938,140.66000366210938,140.6699981689453,377
2022-08-08,XYP1.MI,140.66000366210938,140.6999969482422,140.5399932861328,140.60000610351562,2783
2022-08-09,XYP1.MI,140.72000122070312,140.72999572753906,140.4499969482422,140.5399932861328,710
2022-08-10,XYP1.MI,140.5800018310547,140.72999572753906,140.5800018310547,140.64999389648438,54
2022-08-11,XYP1.MI,141.0,141.0,140.64999389648438,140.64999389648438,5136
2022-08-12,XYP1.MI,140.55999755859375,140.63999938964844,140.49000549316406,140.55999755859375,492
2022-08-16,XYP1.MI,140.52999877929688,140.60000610351562,140.35000610351562,140.41000366210938,581
2022-08-17,XYP1.MI,140.3000030517578,140.3000030517578,140.0,140.0,702
2022-08-18,XYP1.MI,139.89999389648438,139.99000549316406,139.85000610351562,139.9199981689453,5889
2022-08-19,XYP1.MI,139.8000030517578,139.8000030517578,139.6300048828125,139.66000366210938,1481
2022-08-22,XYP1.MI,139.67999267578125,139.74000549316406,139.3800048828125,139.3800048828125,7337
2022-08-23,XYP1.MI,139.3800048828125,139.47000122070312,139.27000427246094,139.4199981689453,1285
2022-08-24,XYP1.MI,139.4499969482422,139.4499969482422,139.3000030517578,139.32000732421875,267
2022-08-25,XYP1.MI,139.49000549316406,139.6199951171875,139.49000549316406,139.6199951171875,119
2022-08-26,XYP1.MI,139.52000427246094,139.60000610351562,139.2100067138672,139.30999755859375,1233
2022-08-29,XYP1.MI,139.02999877929688,139.02999877929688,138.99000549316406,138.99000549316406,312
2022-08-30,XYP1.MI,139.02999877929688,139.05999755859375,138.8800048828125,138.8800048828125,1731
2022-08-31,XYP1.MI,138.88999938964844,138.91000366210938,138.66000366210938,138.69000244140625,2360
2022-09-01,XYP1.MI,138.61000061035156,138.7100067138672,138.5,138.6300048828125,15777
2022-09-02,XYP1.MI,138.64999389648438,139.0399932861328,138.58999633789062,138.9199981689453,6742
2022-09-05,XYP1.MI,138.69000244140625,138.83999633789062,138.61000061035156,138.82000732421875,6101
2022-09-06,XYP1.MI,138.83999633789062,139.0500030517578,138.77000427246094,138.8000030517578,3768
2022-09-07,XYP1.MI,138.91000366210938,139.02999877929688,138.75999450683594,138.92999267578125,2396
2022-09-08,XYP1.MI,138.92999267578125,139.0,138.38999938964844,138.38999938964844,5158
2022-09-09,XYP1.MI,138.25,138.4499969482422,138.14999389648438,138.33999633789062,6713
2022-09-12,XYP1.MI,138.25999450683594,138.4600067138672,138.16000366210938,138.35000610351562,6874
2022-09-13,XYP1.MI,138.35000610351562,138.35000610351562,138.35000610351562,138.35000610351562,0
2022-09-14,XYP1.MI,138.35000610351562,138.35000610351562,138.35000610351562,138.35000610351562,0
2022-09-15,XYP1.MI,138.35000610351562,138.35000610351562,138.35000610351562,138.35000610351562,0
2022-09-16,XYP1.MI,138.35000610351562,138.35000610351562,138.35000610351562,138.35000610351562,0
2022-09-19,XYP1.MI,138.35000610351562,138.35000610351562,138.35000610351562,138.35000610351562,0
2022-09-20,XYP1.MI,138.35000610351562,138.35000610351562,138.35000610351562,138.35000610351562,0
2022-09-21,XYP1.MI,137.6699981689453,137.6699981689453,137.44000244140625,137.47999572753906,1930
2022-09-22,XYP1.MI,137.47999572753906,137.50999450683594,137.2100067138672,137.27999877929688,18914
2022-09-23,XYP1.MI,137.39999389648438,137.42999267578125,136.86000061035156,136.9600067138672,7018
2022-09-26,XYP1.MI,137.0,137.0,136.55999755859375,136.64999389648438,5536
2022-09-27,XYP1.MI,136.47000122070312,136.74000549316406,136.32000732421875,136.32000732421875,5526
2022-09-28,XYP1.MI,136.25999450683594,136.82000732421875,136.25999450683594,136.82000732421875,3380
2022-09-29,XYP1.MI,136.69000244140625,136.9499969482422,136.69000244140625,136.85000610351562,10423
2022-09-30,XYP1.MI,137.08999633789062,137.27999877929688,137.05999755859375,137.2100067138672,2978
2022-10-03,XYP1.MI,137.07000732421875,137.69000244140625,136.99000549316406,137.69000244140625,3157
2022-10-04,XYP1.MI,137.9199981689453,138.11000061035156,137.77000427246094,137.7899932861328,3701
2022-10-05,XYP1.MI,137.77000427246094,137.77000427246094,137.3800048828125,137.47000122070312,2093
2022-10-06,XYP1.MI,137.3800048828125,137.5500030517578,137.16000366210938,137.2100067138672,5200
2022-10-07,XYP1.MI,137.05999755859375,137.1699981689453,136.7899932861328,136.86000061035156,2005
2022-10-10,XYP1.MI,136.85000610351562,137.1199951171875,136.25,137.07000732421875,2397
2022-10-11,XYP1.MI,137.05999755859375,137.1999969482422,136.9600067138672,137.17999267578125,11786
2022-10-12,XYP1.MI,137.08999633789062,137.17999267578125,136.9499969482422,137.05999755859375,1326
2022-10-13,XYP1.MI,137.0800018310547,137.33999633789062,136.9499969482422,137.1300048828125,31237
2022-10-14,XYP1.MI,137.41000366210938,137.6999969482422,136.97999572753906,136.97999572753906,10035
2022-10-17,XYP1.MI,137.0800018310547,137.13999938964844,136.99000549316406,137.05999755859375,1853
2022-10-18,XYP1.MI,137.02000427246094,137.36000061035156,136.88999938964844,137.02000427246094,4245
2022-10-19,XYP1.MI,136.99000549316406,137.49000549316406,136.6199951171875,136.8300018310547,2925
2022-10-20,XYP1.MI,136.8800048828125,137.0800018310547,136.6300048828125,136.86000061035156,6050
2022-10-21,XYP1.MI,136.52999877929688,137.0,136.52999877929688,136.89999389648438,2134
2022-10-24,XYP1.MI,136.9499969482422,137.22000122070312,136.91000366210938,137.1699981689453,5329
2022-10-25,XYP1.MI,137.52000427246094,137.5800018310547,137.25999450683594,137.5399932861328,2382
2022-10-26,XYP1.MI,137.67999267578125,137.67999267578125,137.32000732421875,137.50999450683594,2052
2022-10-27,XYP1.MI,137.47999572753906,138.5399932861328,137.35000610351562,138.13999938964844,33172
2022-10-28,XYP1.MI,138.07000732421875,138.07000732421875,137.64999389648438,137.85000610351562,18738
2022-10-31,XYP1.MI,137.75999450683594,137.86000061035156,137.4499969482422,137.4499969482422,3163
2022-11-01,XYP1.MI,137.8300018310547,137.8300018310547,137.61000061035156,137.6300048828125,1255
2022-11-02,XYP1.MI,137.55999755859375,137.66000366210938,137.5,137.63999938964844,2207
2022-11-03,XYP1.MI,137.39999389648438,137.49000549316406,137.32000732421875,137.33999633789062,2073
2022-11-04,XYP1.MI,137.52999877929688,137.52999877929688,137.22000122070312,137.2899932861328,13362
2022-11-07,XYP1.MI,137.1999969482422,137.42999267578125,137.16000366210938,137.1999969482422,2660
2022-11-08,XYP1.MI,137.05999755859375,137.25999450683594,137.05999755859375,137.1999969482422,3589
2022-11-09,XYP1.MI,137.4600067138672,137.4600067138672,137.27999877929688,137.4499969482422,2286
2022-11-10,XYP1.MI,137.4199981689453,138.05999755859375,137.3300018310547,137.9600067138672,4046
2022-11-11,XYP1.MI,137.91000366210938,137.91000366210938,137.49000549316406,137.69000244140625,1676
2022-11-14,XYP1.MI,137.64999389648438,137.69000244140625,137.02000427246094,137.66000366210938,3662
2022-11-15,XYP1.MI,137.57000732421875,137.82000732421875,137.55999755859375,137.72000122070312,9701
2022-11-16,XYP1.MI,137.74000549316406,138.22999572753906,137.72999572753906,137.80999755859375,2103
2022-11-17,XYP1.MI,137.8800048828125,137.88999938964844,137.72999572753906,137.80999755859375,3060
2022-11-18,XYP1.MI,137.67999267578125,138.38999938964844,137.67999267578125,137.9499969482422,4653
2022-11-21,XYP1.MI,137.94000244140625,137.94000244140625,137.80999755859375,137.8300018310547,1489
2022-11-22,XYP1.MI,137.8000030517578,137.8699951171875,137.75999450683594,137.80999755859375,2167
2022-11-23,XYP1.MI,137.8800048828125,138.19000244140625,137.80999755859375,137.8699951171875,1509
2022-11-24,XYP1.MI,138.05999755859375,138.14999389648438,137.99000549316406,138.05999755859375,2966
2022-11-25,XYP1.MI,138.0,138.00999450683594,137.7899932861328,137.80999755859375,2041
2022-11-28,XYP1.MI,137.77999877929688,137.86000061035156,137.6699981689453,137.77999877929688,2338
2022-11-29,XYP1.MI,138.1300048828125,138.1300048828125,137.86000061035156,137.9600067138672,2296
2022-11-30,XYP1.MI,137.91000366210938,138.08999633789062,137.82000732421875,137.85000610351562,3924
2022-12-01,XYP1.MI,138.1999969482422,138.4199981689453,138.13999938964844,138.19000244140625,3292
2022-12-02,XYP1.MI,138.24000549316406,138.3800048828125,137.9499969482422,138.1699981689453,4263
2022-12-05,XYP1.MI,138.25,138.33999633789062,138.07000732421875,138.13999938964844,2369
2022-12-06,XYP1.MI,138.14999389648438,138.33999633789062,138.1199951171875,138.3000030517578,2881
2022-12-07,XYP1.MI,138.3800048828125,138.82000732421875,138.32000732421875,138.47999572753906,2663
2022-12-08,XYP1.MI,138.47999572753906,138.5,138.3300018310547,138.33999633789062,2290
2022-12-09,XYP1.MI,138.44000244140625,138.82000732421875,137.99000549316406,138.19000244140625,2362
2022-12-12,XYP1.MI,138.0399932861328,138.1300048828125,137.9499969482422,137.9499969482422,1147
2022-12-13,XYP1.MI,138.08999633789062,138.3000030517578,137.97000122070312,138.14999389648438,1746
2022-12-14,XYP1.MI,138.08999633789062,138.13999938964844,138.02000427246094,138.08999633789062,5392
2022-12-15,XYP1.MI,138.14999389648438,138.47999572753906,137.2899932861328,137.2899932861328,16371
2022-12-16,XYP1.MI,137.08999633789062,137.13999938964844,136.8300018310547,137.08999633789062,13835
2022-12-19,XYP1.MI,137.16000366210938,137.19000244140625,137.0399932861328,137.11000061035156,1625
2022-12-20,XYP1.MI,137.11000061035156,137.11000061035156,136.91000366210938,136.94000244140625,3033
2022-12-21,XYP1.MI,137.07000732421875,137.17999267578125,136.94000244140625,137.02000427246094,3363
2022-12-22,XYP1.MI,137.0500030517578,137.13999938964844,136.5399932861328,137.00999450683594,14480
2022-12-23,XYP1.MI,136.9600067138672,137.11000061035156,136.8300018310547,136.89999389648438,4303
2022-12-27,XYP1.MI,136.9499969482422,137.17999267578125,136.64999389648438,136.72000122070312,2816
2022-12-28,XYP1.MI,136.89999389648438,136.97999572753906,136.75999450683594,136.83999633789062,27745
2022-12-29,XYP1.MI,137.00999450683594,137.00999450683594,136.75,136.9600067138672,2293
2022-12-30,XYP1.MI,136.85000610351562,136.89999389648438,136.6300048828125,136.77000427246094,7055
2023-01-02,XYP1.MI,136.60000610351562,136.9600067138672,136.3300018310547,136.80999755859375,1533
2023-01-03,XYP1.MI,136.72999572753906,137.00999450683594,136.72999572753906,136.97999572753906,2547
2023-01-04,XYP1.MI,137.27000427246094,137.35000610351562,137.14999389648438,137.2899932861328,1520
2023-01-05,XYP1.MI,137.3300018310547,137.33999633789062,137.11000061035156,137.19000244140625,5155
2023-01-06,XYP1.MI,137.16000366210938,137.35000610351562,137.07000732421875,137.32000732421875,711
2023-01-09,XYP1.MI,137.30999755859375,137.33999633789062,137.11000061035156,137.33999633789062,2386
2023-01-10,XYP1.MI,137.33999633789062,137.33999633789062,137.14999389648438,137.27000427246094,2726
2023-01-11,XYP1.MI,137.3300018310547,137.44000244140625,137.3300018310547,137.35000610351562,1653
2023-01-12,XYP1.MI,137.61000061035156,137.6699981689453,137.4499969482422,137.55999755859375,1365
2023-01-13,XYP1.MI,137.69000244140625,137.77999877929688,137.55999755859375,137.60000610351562,2926
2023-01-16,XYP1.MI,137.89999389648438,138.11000061035156,137.42999267578125,137.60000610351562,3868
2023-01-17,XYP1.MI,137.60000610351562,138.02999877929688,137.49000549316406,137.91000366210938,2087
2023-01-18,XYP1.MI,137.9600067138672,138.11000061035156,137.82000732421875,138.05999755859375,3194
2023-01-19,XYP1.MI,138.05999755859375,138.07000732421875,137.6300048828125,137.91000366210938,9609
2023-01-20,XYP1.MI,137.80999755859375,137.82000732421875,137.6300048828125,137.6300048828125,3410
2023-01-23,XYP1.MI,137.64999389648438,137.66000366210938,137.4600067138672,137.5500030517578,1671
2023-01-24,XYP1.MI,137.63999938964844,137.6699981689453,137.52000427246094,137.64999389648438,3462
2023-01-25,XYP1.MI,137.6999969482422,138.13999938964844,137.67999267578125,137.69000244140625,9886
2023-01-26,XYP1.MI,137.77000427246094,137.77999877929688,137.52000427246094,137.5500030517578,2334
2023-01-27,XYP1.MI,137.50999450683594,137.6300048828125,137.4499969482422,137.5399932861328,3147
2023-01-30,XYP1.MI,137.5,137.5,137.25,137.3000030517578,2623
2023-01-31,XYP1.MI,137.4499969482422,137.4600067138672,137.22999572753906,137.4600067138672,11290
2023-02-01,XYP1.MI,137.3699951171875,137.47000122070312,137.24000549316406,137.3000030517578,4929
2023-02-02,XYP1.MI,137.4600067138672,138.1300048828125,137.32000732421875,137.97000122070312,5058
2023-02-03,XYP1.MI,137.9600067138672,137.97000122070312,137.72999572753906,137.75999450683594,9213
2023-02-06,XYP1.MI,137.75999450683594,137.7899932861328,137.5500030517578,137.6199951171875,3145
2023-02-07,XYP1.MI,137.64999389648438,137.66000366210938,137.50999450683594,137.55999755859375,2941
2023-02-08,XYP1.MI,137.4600067138672,137.4600067138672,137.32000732421875,137.38999938964844,4044
2023-02-09,XYP1.MI,137.60000610351562,137.60000610351562,137.44000244140625,137.47999572753906,5742
2023-02-10,XYP1.MI,137.4199981689453,137.4199981689453,137.25,137.3699951171875,3748
2023-02-13,XYP1.MI,137.2899932861328,137.36000061035156,137.22999572753906,137.30999755859375,4049
2023-02-14,XYP1.MI,137.38999938964844,137.38999938964844,137.08999633789062,137.08999633789062,3160
2023-02-15,XYP1.MI,137.17999267578125,137.19000244140625,137.0,137.0,3040
2023-02-16,XYP1.MI,137.0800018310547,137.10000610351562,136.94000244140625,136.9499969482422,2666
2023-02-17,XYP1.MI,136.8699951171875,137.08999633789062,136.85000610351562,137.0500030517578,917
2023-02-20,XYP1.MI,137.11000061035156,137.11000061035156,136.97999572753906,136.97999572753906,633
2023-02-21,XYP1.MI,137.0,137.0,136.72000122070312,136.77999877929688,7136
2023-02-22,XYP1.MI,136.75999450683594,136.89999389648438,136.69000244140625,136.89999389648438,4162
2023-02-23,XYP1.MI,136.88999938964844,137.0399932861328,136.8300018310547,137.0399932861328,2197
2023-02-24,XYP1.MI,136.97999572753906,137.05999755859375,136.6300048828125,136.6300048828125,1797
2023-02-27,XYP1.MI,136.77000427246094,136.77000427246094,136.6199951171875,136.69000244140625,2486
2023-02-28,XYP1.MI,136.60000610351562,136.63999938964844,136.44000244140625,136.6300048828125,2400
2023-03-01,XYP1.MI,136.41000366210938,136.44000244140625,136.3000030517578,136.33999633789062,2458
2023-03-02,XYP1.MI,136.35000610351562,136.4600067138672,136.22000122070312,136.25,3750
2023-03-03,XYP1.MI,136.38999938964844,136.5800018310547,136.1300048828125,136.3800048828125,1934
2023-03-06,XYP1.MI,136.49000549316406,136.60000610351562,136.13999938964844,136.3300018310547,2794
2023-03-07,XYP1.MI,136.25,136.49000549316406,136.17999267578125,136.25999450683594,4761
2023-03-08,XYP1.MI,136.22000122070312,136.41000366210938,136.22000122070312,136.3699951171875,2549
2023-03-09,XYP1.MI,136.3300018310547,136.57000732421875,136.3000030517578,136.57000732421875,2670
2023-03-10,XYP1.MI,136.72000122070312,136.97999572753906,136.72000122070312,136.75,4051
2023-03-13,XYP1.MI,136.92999267578125,137.85000610351562,136.92999267578125,137.50999450683594,2132
2023-03-14,XYP1.MI,138.0,138.0,136.97999572753906,137.0800018310547,1533
2023-03-15,XYP1.MI,136.92999267578125,137.99000549316406,136.8699951171875,137.99000549316406,3441
2023-03-16,XYP1.MI,137.6999969482422,138.4199981689453,137.57000732421875,137.8800048828125,3648
2023-03-17,XYP1.MI,137.77000427246094,138.27000427246094,137.6699981689453,138.0399932861328,4348
2023-03-20,XYP1.MI,138.47000122070312,138.72000122070312,138.41000366210938,138.49000549316406,5192
2023-03-21,XYP1.MI,138.4499969482422,138.4499969482422,138.0500030517578,138.10000610351562,4969
2023-03-22,XYP1.MI,137.89999389648438,137.99000549316406,137.67999267578125,137.77999877929688,1759
2023-03-23,XYP1.MI,138.1300048828125,138.22999572753906,137.8800048828125,138.22999572753906,2031
2023-03-24,XYP1.MI,138.36000061035156,138.60000610351562,138.36000061035156,138.4199981689453,3270
2023-03-27,XYP1.MI,137.97999572753906,138.91000366210938,137.97999572753906,138.2899932861328,3134
2023-03-28,XYP1.MI,138.25,138.25,137.8800048828125,137.9199981689453,5897
2023-03-29,XYP1.MI,138.25,138.32000732421875,137.9600067138672,138.07000732421875,1097
2023-03-30,XYP1.MI,137.82000732421875,138.9199981689453,137.6999969482422,137.91000366210938,3175
2023-03-31,XYP1.MI,137.5,138.02999877929688,136.6999969482422,138.02999877929688,3908
2023-04-03,XYP1.MI,137.72000122070312,138.38999938964844,137.72000122070312,138.0399932861328,1508
2023-04-04,XYP1.MI,137.91000366210938,138.19000244140625,137.77000427246094,138.0399932861328,4385
2023-04-05,XYP1.MI,138.00999450683594,138.47999572753906,138.00999450683594,138.47999572753906,2770
2023-04-06,XYP1.MI,138.22000122070312,138.52000427246094,138.2100067138672,138.33999633789062,2499
2023-04-11,XYP1.MI,138.1699981689453,138.22999572753906,137.8699951171875,137.94000244140625,3550
2023-04-12,XYP1.MI,137.89999389648438,138.0800018310547,137.72000122070312,137.82000732421875,3598
2023-04-13,XYP1.MI,137.86000061035156,138.05999755859375,137.72999572753906,137.8300018310547,4538
2023-04-14,XYP1.MI,137.7899932861328,137.8800048828125,137.61000061035156,137.6699981689453,2338
2023-04-17,XYP1.MI,137.57000732421875,137.7899932861328,137.5500030517578,137.5800018310547,3723
2023-04-18,XYP1.MI,137.55999755859375,137.80999755859375,137.55999755859375,137.69000244140625,2819
2023-04-19,XYP1.MI,137.6199951171875,137.63999938964844,137.38999938964844,137.5,1805
2023-04-20,XYP1.MI,137.5500030517578,137.75,137.47000122070312,137.63999938964844,3189
2023-04-21,XYP1.MI,137.6699981689453,137.8699951171875,137.4499969482422,137.5500030517578,2402
2023-04-24,XYP1.MI,137.60000610351562,137.72000122070312,137.47999572753906,137.47999572753906,3332
2023-04-25,XYP1.MI,137.61000061035156,137.75999450683594,137.55999755859375,137.75999450683594,966
2023-04-26,XYP1.MI,137.7899932861328,137.97000122070312,137.74000549316406,137.80999755859375,2652
2023-04-27,XYP1.MI,137.80999755859375,137.80999755859375,137.69000244140625,137.69000244140625,199
2023-04-28,XYP1.MI,137.7100067138672,138.0500030517578,137.64999389648438,138.02000427246094,12638
2023-05-02,XYP1.MI,137.8300018310547,138.17999267578125,137.8000030517578,138.13999938964844,3803
2023-05-03,XYP1.MI,138.13999938964844,138.25,138.00999450683594,138.1199951171875,3571
2023-05-04,XYP1.MI,138.17999267578125,138.38999938964844,137.9199981689453,138.38999938964844,5784
2023-05-05,XYP1.MI,138.36000061035156,138.3699951171875,138.22999572753906,138.22999572753906,64
2023-05-08,XYP1.MI,138.2100067138672,138.3300018310547,138.1199951171875,138.19000244140625,1957
2023-05-09,XYP1.MI,138.27000427246094,138.27000427246094,138.00999450683594,138.11000061035156,1376
2023-05-10,XYP1.MI,138.08999633789062,138.39999389648438,138.0800018310547,138.27000427246094,2981
2023-05-11,XYP1.MI,138.30999755859375,138.4600067138672,138.22000122070312,138.39999389648438,2873
2023-05-12,XYP1.MI,138.36000061035156,138.38999938964844,138.1999969482422,138.27000427246094,3394
2023-05-15,XYP1.MI,138.22000122070312,138.3300018310547,138.2100067138672,138.24000549316406,3032
2023-05-16,XYP1.MI,138.19000244140625,138.3699951171875,138.1699981689453,138.19000244140625,3682
2023-05-17,XYP1.MI,138.13999938964844,138.2899932861328,138.13999938964844,138.14999389648438,3590
2023-05-18,XYP1.MI,138.1199951171875,138.13999938964844,137.99000549316406,137.99000549316406,1336
2023-05-19,XYP1.MI,138.19000244140625,138.2899932861328,137.86000061035156,138.07000732421875,1917
2023-05-22,XYP1.MI,138.10000610351562,138.16000366210938,137.9499969482422,137.9499969482422,3407
2023-05-23,XYP1.MI,137.9499969482422,138.07000732421875,137.86000061035156,137.97999572753906,3419
2023-05-24,XYP1.MI,137.97000122070312,138.1300048828125,137.89999389648438,137.92999267578125,2158
2023-05-25,XYP1.MI,137.89999389648438,138.0,137.86000061035156,137.88999938964844,1390
2023-05-26,XYP1.MI,137.66000366210938,138.05999755859375,137.57000732421875,137.80999755859375,3402
2023-05-29,XYP1.MI,137.88999938964844,138.05999755859375,137.8800048828125,137.99000549316406,1372
2023-05-30,XYP1.MI,138.0399932861328,138.1999969482422,138.0399932861328,138.1999969482422,3836
2023-05-31,XYP1.MI,138.25,138.52999877929688,138.25,138.42999267578125,3788
2023-06-01,XYP1.MI,138.3699951171875,138.47000122070312,138.27999877929688,138.42999267578125,2650
2023-06-02,XYP1.MI,138.44000244140625,138.5,138.33999633789062,138.44000244140625,4678
2023-06-05,XYP1.MI,138.32000732421875,138.41000366210938,138.17999267578125,138.22000122070312,2483
2023-06-06,XYP1.MI,138.25999450683594,138.32000732421875,138.16000366210938,138.24000549316406,1272
2023-06-07,XYP1.MI,138.2899932861328,138.2899932861328,138.0399932861328,138.07000732421875,5394
2023-06-08,XYP1.MI,138.05999755859375,138.1999969482422,137.92999267578125,138.13999938964844,2484
2023-06-09,XYP1.MI,138.17999267578125,138.2899932861328,138.1300048828125,138.2899932861328,5225
2023-06-12,XYP1.MI,138.22999572753906,138.49000549316406,138.22999572753906,138.35000610351562,2594
2023-06-13,XYP1.MI,138.3800048828125,138.3800048828125,138.2100067138672,138.22999572753906,6476
2023-06-14,XYP1.MI,138.22000122070312,138.24000549316406,138.08999633789062,138.1199951171875,2989
2023-06-15,XYP1.MI,138.02999877929688,138.0399932861328,137.6699981689453,137.91000366210938,3477
2023-06-16,XYP1.MI,137.97999572753906,137.97999572753906,137.7899932861328,137.9499969482422,3144
2023-06-19,XYP1.MI,137.97000122070312,137.99000549316406,137.8000030517578,137.85000610351562,2067
2023-06-20,XYP1.MI,137.92999267578125,137.97000122070312,137.8000030517578,137.94000244140625,4633
2023-06-21,XYP1.MI,137.85000610351562,137.97000122070312,137.75999450683594,137.89999389648438,5401
2023-06-22,XYP1.MI,137.83999633789062,137.9199981689453,137.5500030517578,137.67999267578125,4821
2023-06-23,XYP1.MI,137.83999633789062,137.97000122070312,137.77999877929688,137.88999938964844,14189
2023-06-26,XYP1.MI,138.02999877929688,138.02999877929688,137.91000366210938,137.97999572753906,5771
2023-06-27,XYP1.MI,137.92999267578125,138.02999877929688,137.7899932861328,137.7899932861328,4898
2023-06-28,XYP1.MI,137.88999938964844,137.92999267578125,137.8300018310547,137.8699951171875,2248
2023-06-29,XYP1.MI,137.85000610351562,137.8699951171875,137.6199951171875,137.63999938964844,5002
2023-06-30,XYP1.MI,137.66000366210938,137.72999572753906,137.55999755859375,137.66000366210938,10572
2023-07-03,XYP1.MI,137.64999389648438,137.72000122070312,137.52000427246094,137.52000427246094,1303
2023-07-04,XYP1.MI,137.5500030517578,137.61000061035156,137.49000549316406,137.5399932861328,4063
2023-07-05,XYP1.MI,137.58999633789062,137.75,137.36000061035156,137.72999572753906,4821
2023-07-06,XYP1.MI,137.61000061035156,137.67999267578125,137.35000610351562,137.42999267578125,3353
2023-07-07,XYP1.MI,137.42999267578125,137.6699981689453,137.42999267578125,137.6300048828125,4727
2023-07-10,XYP1.MI,137.6199951171875,137.66000366210938,137.49000549316406,137.5,974
2023-07-11,XYP1.MI,137.52000427246094,137.5800018310547,137.4600067138672,137.5800018310547,3545
2023-07-12,XYP1.MI,137.50999450683594,137.77000427246094,137.50999450683594,137.77000427246094,4748
2023-07-13,XYP1.MI,137.97999572753906,138.0800018310547,137.97000122070312,138.02000427246094,2713
2023-07-14,XYP1.MI,137.94000244140625,138.02999877929688,137.94000244140625,137.94000244140625,2700
2023-07-17,XYP1.MI,137.92999267578125,138.0,137.89999389648438,137.97999572753906,7053
2023-07-18,XYP1.MI,138.08999633789062,138.32000732421875,138.08999633789062,138.27000427246094,3591
2023-07-19,XYP1.MI,138.5,138.5,138.22999572753906,138.25999450683594,2509
2023-07-20,XYP1.MI,138.27999877929688,138.27999877929688,138.05999755859375,138.08999633789062,3703
2023-07-21,XYP1.MI,138.13999938964844,138.1699981689453,138.0500030517578,138.1699981689453,2450
2023-07-24,XYP1.MI,138.33999633789062,138.35000610351562,138.22999572753906,138.27000427246094,13244
2023-07-25,XYP1.MI,137.97000122070312,138.24000549316406,137.97000122070312,138.24000549316406,1221
2023-07-26,XYP1.MI,138.25999450683594,138.25999450683594,138.11000061035156,138.1300048828125,937
2023-07-27,XYP1.MI,138.3699951171875,138.3800048828125,138.13999938964844,138.30999755859375,1976
2023-07-28,XYP1.MI,138.2899932861328,138.5,138.2899932861328,138.33999633789062,13550
2023-07-31,XYP1.MI,138.27999877929688,138.39999389648438,138.1699981689453,138.38999938964844,2923
2023-08-01,XYP1.MI,138.3699951171875,138.4499969482422,138.32000732421875,138.33999633789062,2791
2023-08-02,XYP1.MI,138.4199981689453,138.50999450683594,138.1300048828125,138.39999389648438,16076
2023-08-03,XYP1.MI,138.30999755859375,138.49000549316406,138.30999755859375,138.39999389648438,2880
2023-08-04,XYP1.MI,138.36000061035156,138.47999572753906,138.22000122070312,138.3800048828125,4660
2023-08-07,XYP1.MI,138.44000244140625,138.47999572753906,138.3800048828125,138.4600067138672,535
2023-08-08,XYP1.MI,138.55999755859375,138.6999969482422,138.5399932861328,138.63999938964844,3056
2023-08-09,XYP1.MI,138.58999633789062,138.69000244140625,138.5500030517578,138.61000061035156,555
2023-08-10,XYP1.MI,138.47999572753906,138.63999938964844,138.47999572753906,138.57000732421875,1798
2023-08-11,XYP1.MI,138.49000549316406,138.57000732421875,138.38999938964844,138.49000549316406,882
2023-08-14,XYP1.MI,138.47000122070312,138.52999877929688,138.36000061035156,138.36000061035156,404
2023-08-16,XYP1.MI,138.36000061035156,138.36000061035156,138.24000549316406,138.32000732421875,5845
2023-08-17,XYP1.MI,138.2100067138672,138.33999633789062,138.2100067138672,138.25999450683594,979
2023-08-18,XYP1.MI,138.36000061035156,138.47000122070312,138.33999633789062,138.44000244140625,1239
2023-08-21,XYP1.MI,138.49000549316406,138.49000549316406,138.3000030517578,138.3000030517578,3837
2023-08-22,XYP1.MI,138.3699951171875,138.4600067138672,138.35000610351562,138.44000244140625,2263
2023-08-23,XYP1.MI,138.4600067138672,138.8000030517578,138.4600067138672,138.8000030517578,1354
2023-08-24,XYP1.MI,138.89999389648438,138.92999267578125,138.72000122070312,138.77000427246094,14965
2023-08-25,XYP1.MI,138.80999755859375,138.80999755859375,138.61000061035156,138.61000061035156,4537
2023-08-28,XYP1.MI,138.5500030517578,138.61000061035156,138.50999450683594,138.57000732421875,848
2023-08-29,XYP1.MI,138.69000244140625,138.75999450683594,138.60000610351562,138.69000244140625,1465
2023-08-30,XYP1.MI,138.6699981689453,138.67999267578125,138.5,138.63999938964844,1250
2023-08-31,XYP1.MI,138.66000366210938,138.94000244140625,138.5500030517578,138.8800048828125,1837
2023-09-01,XYP1.MI,138.83999633789062,138.9600067138672,138.83999633789062,138.8800048828125,214
2023-09-04,XYP1.MI,138.64999389648438,138.80999755859375,138.6300048828125,138.67999267578125,1443
2023-09-05,XYP1.MI,138.5800018310547,138.7100067138672,138.5800018310547,138.64999389648438,990
2023-09-06,XYP1.MI,138.6999969482422,138.6999969482422,138.49000549316406,138.49000549316406,1124
2023-09-07,XYP1.MI,138.47999572753906,138.66000366210938,138.47999572753906,138.66000366210938,401
2023-09-08,XYP1.MI,138.67999267578125,138.72000122070312,138.6199951171875,138.66000366210938,4097
2023-09-11,XYP1.MI,138.64999389648438,138.64999389648438,138.5399932861328,138.5800018310547,314
2023-09-12,XYP1.MI,138.55999755859375,138.6199951171875,138.50999450683594,138.5399932861328,916
2023-09-13,XYP1.MI,138.5,138.5,138.33999633789062,138.38999938964844,1512
2023-09-14,XYP1.MI,138.3800048828125,138.5800018310547,138.36000061035156,138.57000732421875,10315
2023-09-15,XYP1.MI,138.49000549316406,138.5399932861328,138.39999389648438,138.39999389648438,1137
2023-09-18,XYP1.MI,138.41000366210938,138.4499969482422,138.3000030517578,138.3300018310547,525
2023-09-19,XYP1.MI,138.35000610351562,138.41000366210938,138.27000427246094,138.27000427246094,1933
2023-09-20,XYP1.MI,138.4499969482422,138.4499969482422,138.30999755859375,138.42999267578125,3093
2023-09-21,XYP1.MI,138.39999389648438,138.42999267578125,138.27999877929688,138.41000366210938,2745
2023-09-22,XYP1.MI,138.42999267578125,138.52000427246094,138.36000061035156,138.41000366210938,3525
2023-09-25,XYP1.MI,138.3300018310547,138.44000244140625,138.32000732421875,138.44000244140625,2050
2023-09-26,XYP1.MI,138.3699951171875,138.38999938964844,138.30999755859375,138.3300018310547,991
2023-09-27,XYP1.MI,138.38999938964844,138.44000244140625,138.2899932861328,138.2899932861328,1825
2023-09-28,XYP1.MI,138.22999572753906,138.30999755859375,138.02999877929688,138.1300048828125,1391
2023-09-29,XYP1.MI,138.22000122070312,138.4199981689453,138.22000122070312,138.3300018310547,1226
2023-10-02,XYP1.MI,138.42999267578125,138.44000244140625,138.17999267578125,138.36000061035156,2743
2023-10-03,XYP1.MI,138.39999389648438,138.47000122070312,138.2899932861328,138.32000732421875,3649
2023-10-04,XYP1.MI,138.36000061035156,138.41000366210938,138.24000549316406,138.41000366210938,1941
2023-10-05,XYP1.MI,138.42999267578125,138.5399932861328,138.38999938964844,138.52000427246094,4057
2023-10-06,XYP1.MI,138.47999572753906,138.52000427246094,138.39999389648438,138.47999572753906,1806
2023-10-09,XYP1.MI,138.69000244140625,138.69000244140625,138.44000244140625,138.67999267578125,10556
2023-10-10,XYP1.MI,138.67999267578125,138.75,138.57000732421875,138.74000549316406,2270
2023-10-11,XYP1.MI,138.72000122070312,138.85000610351562,138.7100067138672,138.7899932861328,2321
2023-10-12,XYP1.MI,138.77999877929688,138.82000732421875,138.5500030517578,138.5500030517578,2908
2023-10-13,XYP1.MI,138.6199951171875,138.7100067138672,138.58999633789062,138.6199951171875,4309
2023-10-16,XYP1.MI,138.60000610351562,138.6999969482422,138.57000732421875,138.64999389648438,3559
2023-10-17,XYP1.MI,138.60000610351562,138.6300048828125,138.3800048828125,138.4499969482422,1553
2023-10-18,XYP1.MI,138.3699951171875,138.4199981689453,138.30999755859375,138.33999633789062,1860
2023-10-19,XYP1.MI,138.3300018310547,138.5,138.3000030517578,138.47000122070312,9045
2023-10-20,XYP1.MI,138.57000732421875,138.6699981689453,138.5500030517578,138.6300048828125,6376
2023-10-23,XYP1.MI,138.7100067138672,138.77999877929688,138.5500030517578,138.77999877929688,15945
2023-10-24,XYP1.MI,138.8000030517578,138.89999389648438,138.7100067138672,138.77999877929688,686
2023-10-25,XYP1.MI,138.82000732421875,138.82000732421875,138.66000366210938,138.66000366210938,1157
2023-10-26,XYP1.MI,138.58999633789062,138.9199981689453,138.58999633789062,138.88999938964844,30879
2023-10-27,XYP1.MI,138.9199981689453,139.02999877929688,138.85000610351562,138.99000549316406,17798
2023-10-30,XYP1.MI,139.1999969482422,139.1999969482422,139.0800018310547,139.1699981689453,10627
2023-10-31,XYP1.MI,139.10000610351562,139.27000427246094,139.00999450683594,139.2100067138672,3515
2023-11-01,XYP1.MI,139.0800018310547,139.41000366210938,139.0800018310547,139.3800048828125,1261
2023-11-02,XYP1.MI,139.4600067138672,139.64999389648438,139.39999389648438,139.41000366210938,1357
2023-11-03,XYP1.MI,139.47999572753906,139.67999267578125,139.4199981689453,139.61000061035156,1156
2023-11-06,XYP1.MI,139.5,139.58999633789062,139.39999389648438,139.4199981689453,1194
2023-11-07,XYP1.MI,139.4499969482422,139.52999877929688,139.4199981689453,139.5,1535
2023-11-08,XYP1.MI,139.6699981689453,139.6699981689453,139.44000244140625,139.5399932861328,878
2023-11-09,XYP1.MI,139.49000549316406,139.5500030517578,139.47999572753906,139.52999877929688,1800
2023-11-10,XYP1.MI,139.5,139.5,139.3300018310547,139.41000366210938,2698
2023-11-13,XYP1.MI,139.3800048828125,139.49000549316406,139.3699951171875,139.42999267578125,862
2023-11-14,XYP1.MI,139.4600067138672,139.75,139.39999389648438,139.75,1528
2023-11-15,XYP1.MI,139.75,139.83999633789062,139.6699981689453,139.72000122070312,2779
2023-11-16,XYP1.MI,139.7899932861328,139.97999572753906,139.75999450683594,139.9499969482422,2476
2023-11-17,XYP1.MI,140.0500030517578,140.1199951171875,139.86000061035156,139.86000061035156,2106
2023-11-20,XYP1.MI,140.07000732421875,140.07000732421875,139.89999389648438,139.92999267578125,1397
2023-11-21,XYP1.MI,140.05999755859375,140.05999755859375,139.91000366210938,139.97000122070312,1779
2023-11-22,XYP1.MI,139.9499969482422,140.0500030517578,139.88999938964844,139.88999938964844,3216
2023-11-23,XYP1.MI,139.9499969482422,139.9499969482422,139.7899932861328,139.82000732421875,1368
2023-11-24,XYP1.MI,139.77000427246094,139.8699951171875,139.74000549316406,139.77000427246094,1494
2023-11-27,XYP1.MI,139.82000732421875,140.0399932861328,139.80999755859375,140.00999450683594,1283
2023-11-28,XYP1.MI,140.0399932861328,140.25,140.00999450683594,140.22999572753906,649
2023-11-29,XYP1.MI,140.35000610351562,140.47000122070312,140.30999755859375,140.4499969482422,2631
2023-11-30,XYP1.MI,140.5,140.58999633789062,140.3800048828125,140.4600067138672,1191
2023-12-01,XYP1.MI,140.5,140.8699951171875,140.5,140.8699951171875,3711
2023-12-04,XYP1.MI,140.80999755859375,140.97999572753906,140.77999877929688,140.8800048828125,1986
2023-12-05,XYP1.MI,141.02000427246094,141.02999877929688,140.89999389648438,141.02000427246094,2364
2023-12-06,XYP1.MI,141.0500030517578,141.1199951171875,140.9600067138672,141.11000061035156,1334
2023-12-07,XYP1.MI,141.08999633789062,141.2100067138672,141.05999755859375,141.10000610351562,2974
2023-12-08,XYP1.MI,141.0800018310547,141.0800018310547,140.77000427246094,140.83999633789062,2439
2023-12-11,XYP1.MI,140.88999938964844,140.9199981689453,140.8300018310547,140.8699951171875,738
2023-12-12,XYP1.MI,140.99000549316406,140.99000549316406,140.8300018310547,140.83999633789062,2254
2023-12-13,XYP1.MI,140.9199981689453,141.02000427246094,140.8699951171875,141.02000427246094,3516
2023-12-14,XYP1.MI,141.42999267578125,141.58999633789062,141.33999633789062,141.36000061035156,2242
2023-12-15,XYP1.MI,141.44000244140625,141.60000610351562,141.30999755859375,141.47000122070312,13701
2023-12-18,XYP1.MI,141.4499969482422,141.5500030517578,141.38999938964844,141.41000366210938,9496
2023-12-19,XYP1.MI,141.49000549316406,141.61000061035156,141.4600067138672,141.5399932861328,14771
2023-12-20,XYP1.MI,141.67999267578125,141.82000732421875,141.66000366210938,141.72000122070312,6244
2023-12-21,XYP1.MI,141.75999450683594,141.89999389648438,141.75999450683594,141.7899932861328,4866
2023-12-22,XYP1.MI,141.77999877929688,142.0399932861328,141.77999877929688,142.00999450683594,4856
2023-12-27,XYP1.MI,141.94000244140625,142.1199951171875,141.92999267578125,142.0399932861328,8988
2023-12-28,XYP1.MI,142.02999877929688,142.1199951171875,141.9499969482422,141.9499969482422,2741
2023-12-29,XYP1.MI,141.5399932861328,142.0800018310547,141.5399932861328,141.89999389648438,3882
2024-01-02,XYP1.MI,140.00999450683594,141.86000061035156,140.00999450683594,141.80999755859375,3239
2024-01-03,XYP1.MI,141.77999877929688,141.8300018310547,141.66000366210938,141.8300018310547,2775
2024-01-04,XYP1.MI,141.9199981689453,141.94000244140625,141.61000061035156,141.66000366210938,2929
2024-01-05,XYP1.MI,141.66000366210938,141.66000366210938,141.42999267578125,141.5500030517578,2178
2024-01-08,XYP1.MI,141.49000549316406,141.6300048828125,141.3800048828125,141.60000610351562,1417
2024-01-09,XYP1.MI,141.47000122070312,141.5500030517578,141.4499969482422,141.4499969482422,4440
2024-01-10,XYP1.MI,141.52000427246094,141.60000610351562,141.41000366210938,141.4199981689453,3663
2024-01-11,XYP1.MI,141.50999450683594,141.5800018310547,141.4199981689453,141.52000427246094,3168
2024-01-12,XYP1.MI,141.58999633789062,141.85000610351562,141.5800018310547,141.8300018310547,2656
2024-01-15,XYP1.MI,141.77999877929688,141.77999877929688,141.60000610351562,141.67999267578125,2919
2024-01-16,XYP1.MI,141.69000244140625,141.8300018310547,141.5,141.74000549316406,3620
2024-01-17,XYP1.MI,141.60000610351562,141.64999389648438,141.3699951171875,141.41000366210938,1811
2024-01-18,XYP1.MI,141.44000244140625,141.5500030517578,141.4199981689453,141.5,3462
2024-01-19,XYP1.MI,141.49000549316406,141.6199951171875,141.4199981689453,141.44000244140625,1740
2024-01-22,XYP1.MI,141.5500030517578,141.5800018310547,141.5,141.50999450683594,2417
2024-01-23,XYP1.MI,141.55999755859375,141.5800018310547,141.4600067138672,141.47000122070312,1317
2024-01-24,XYP1.MI,141.60000610351562,141.60000610351562,141.49000549316406,141.49000549316406,1432
2024-01-25,XYP1.MI,141.55999755859375,141.8000030517578,141.4499969482422,141.8000030517578,1440
2024-01-26,XYP1.MI,142.0,142.0,141.66000366210938,141.83999633789062,3259
2024-01-29,XYP1.MI,141.8699951171875,142.02000427246094,141.8699951171875,141.97000122070312,11532
2024-01-30,XYP1.MI,141.99000549316406,141.99000549316406,141.83999633789062,141.85000610351562,1213
2024-01-31,XYP1.MI,141.91000366210938,142.11000061035156,141.8800048828125,142.0800018310547,4049
2024-02-01,XYP1.MI,142.0500030517578,142.11000061035156,141.97000122070312,142.0399932861328,44270
2024-02-02,XYP1.MI,141.9199981689453,141.97999572753906,141.7100067138672,141.72999572753906,3992
2024-02-05,XYP1.MI,141.77000427246094,141.77000427246094,141.52999877929688,141.58999633789062,6494
2024-02-06,XYP1.MI,141.69000244140625,141.72000122070312,141.58999633789062,141.67999267578125,3668
2024-02-07,XYP1.MI,141.6699981689453,141.72000122070312,141.6199951171875,141.6199951171875,4021
2024-02-08,XYP1.MI,141.63999938964844,141.6999969482422,141.50999450683594,141.5399932861328,11906
2024-02-09,XYP1.MI,141.36000061035156,141.5399932861328,141.36000061035156,141.38999938964844,40853
2024-02-12,XYP1.MI,141.4499969482422,141.5399932861328,141.44000244140625,141.5,1215
2024-02-13,XYP1.MI,141.5399932861328,141.60000610351562,141.33999633789062,141.3800048828125,1854
2024-02-14,XYP1.MI,141.49000549316406,141.5399932861328,141.44000244140625,141.5399932861328,627
2024-02-15,XYP1.MI,141.6300048828125,141.64999389648438,141.5399932861328,141.5399932861328,3839
2024-02-16,XYP1.MI,141.49000549316406,141.55999755859375,141.4199981689453,141.4199981689453,626
2024-02-19,XYP1.MI,141.42999267578125,141.52999877929688,141.4199981689453,141.44000244140625,1662
2024-02-20,XYP1.MI,141.50999450683594,141.5399932861328,141.4499969482422,141.5399932861328,7836
2024-02-21,XYP1.MI,141.5399932861328,141.60000610351562,141.38999938964844,141.38999938964844,11689
2024-02-22,XYP1.MI,141.35000610351562,141.41000366210938,141.32000732421875,141.33999633789062,2287
2024-02-23,XYP1.MI,141.27000427246094,141.5,141.22000122070312,141.47999572753906,16523
2024-02-26,XYP1.MI,141.5,141.50999450683594,141.35000610351562,141.35000610351562,16768
2024-02-27,XYP1.MI,141.35000610351562,141.4199981689453,141.35000610351562,141.36000061035156,1428
2024-02-28,XYP1.MI,141.33999633789062,141.44000244140625,141.33999633789062,141.3699951171875,3692
2024-02-29,XYP1.MI,141.4199981689453,141.4499969482422,141.24000549316406,141.41000366210938,14989
2024-03-01,XYP1.MI,141.3800048828125,141.47000122070312,141.33999633789062,141.3699951171875,11129
2024-03-04,XYP1.MI,141.3800048828125,141.47999572753906,141.3699951171875,141.38999938964844,3003
2024-03-05,XYP1.MI,141.5,141.63999938964844,141.5,141.61000061035156,823
2024-03-06,XYP1.MI,141.85000610351562,141.85000610351562,141.5399932861328,141.66000366210938,2203
2024-03-07,XYP1.MI,141.47000122070312,141.89999389648438,141.47000122070312,141.77999877929688,1188
2024-03-08,XYP1.MI,141.8800048828125,142.02999877929688,141.8800048828125,142.02999877929688,11043
2024-03-11,XYP1.MI,141.97999572753906,141.97999572753906,141.8300018310547,141.8800048828125,1660
2024-03-12,XYP1.MI,141.86000061035156,141.99000549316406,141.8300018310547,141.83999633789062,6766
2024-03-13,XYP1.MI,141.9499969482422,141.9600067138672,141.83999633789062,141.8699951171875,572
2024-03-14,XYP1.MI,141.8699951171875,141.9600067138672,141.7100067138672,141.72999572753906,7156
2024-03-15,XYP1.MI,141.6300048828125,141.69000244140625,141.1999969482422,141.60000610351562,7247
2024-03-18,XYP1.MI,141.6699981689453,141.7100067138672,141.6199951171875,141.66000366210938,474
2024-03-19,XYP1.MI,141.67999267578125,141.77000427246094,141.67999267578125,141.72000122070312,1728
2024-03-20,XYP1.MI,141.75999450683594,141.77000427246094,141.67999267578125,141.7100067138672,892
2024-03-21,XYP1.MI,141.8000030517578,141.92999267578125,141.8000030517578,141.83999633789062,1717
2024-03-22,XYP1.MI,141.85000610351562,141.9600067138672,141.85000610351562,141.9600067138672,2671
2024-03-25,XYP1.MI,141.99000549316406,141.99000549316406,141.82000732421875,141.86000061035156,2821
2024-03-26,XYP1.MI,141.9499969482422,141.9600067138672,141.88999938964844,141.94000244140625,1354
2024-03-27,XYP1.MI,142.0500030517578,142.05999755859375,141.9600067138672,142.0500030517578,17224
2024-03-28,XYP1.MI,141.9199981689453,142.02000427246094,141.9199981689453,141.9199981689453,4110
2024-04-02,XYP1.MI,141.9600067138672,141.97000122070312,141.8300018310547,141.91000366210938,2177
2024-04-03,XYP1.MI,141.91000366210938,141.9499969482422,141.82000732421875,141.86000061035156,4556
2024-04-04,XYP1.MI,141.9600067138672,142.0399932861328,141.8800048828125,141.97999572753906,5927
2024-04-05,XYP1.MI,142.0399932861328,142.07000732421875,141.89999389648438,141.9199981689453,1596
2024-04-08,XYP1.MI,141.88999938964844,141.9199981689453,141.85000610351562,141.86000061035156,1941
2024-04-09,XYP1.MI,141.91000366210938,142.02999877929688,141.91000366210938,141.97999572753906,2510
2024-04-10,XYP1.MI,142.02000427246094,142.0800018310547,141.77999877929688,141.85000610351562,1657
2024-04-11,XYP1.MI,141.86000061035156,141.86000061035156,141.72000122070312,141.72000122070312,1672
2024-04-12,XYP1.MI,142.02999877929688,142.1300048828125,141.97999572753906,142.02000427246094,2730
2024-04-15,XYP1.MI,142.00999450683594,142.07000732421875,141.89999389648438,141.89999389648438,1058
2024-04-16,XYP1.MI,141.92999267578125,142.0500030517578,141.77999877929688,141.8300018310547,2974
2024-04-17,XYP1.MI,141.8000030517578,141.88999938964844,141.7899932861328,141.82000732421875,2521
2024-04-18,XYP1.MI,141.94000244140625,141.94000244140625,141.77000427246094,141.77000427246094,952
2024-04-19,XYP1.MI,141.49000549316406,141.86000061035156,141.49000549316406,141.72999572753906,2582
2024-04-22,XYP1.MI,141.77999877929688,141.94000244140625,141.72000122070312,141.89999389648438,3758
2024-04-23,XYP1.MI,141.9499969482422,141.9499969482422,141.8300018310547,141.9199981689453,2051
2024-04-24,XYP1.MI,141.8300018310547,141.8300018310547,141.75,141.75,483
2024-04-25,XYP1.MI,141.8300018310547,141.86000061035156,141.6999969482422,141.6999969482422,928
2024-04-26,XYP1.MI,141.72999572753906,141.80999755859375,141.72999572753906,141.8000030517578,18426
2024-04-29,XYP1.MI,141.9600067138672,141.9600067138672,141.86000061035156,141.94000244140625,19073
2024-04-30,XYP1.MI,141.9600067138672,141.9600067138672,141.75999450683594,141.77999877929688,9965
2024-05-02,XYP1.MI,141.88999938964844,141.9600067138672,141.86000061035156,141.9600067138672,2041
2024-05-03,XYP1.MI,141.97999572753906,142.0500030517578,141.9499969482422,142.02999877929688,1326
2024-05-06,XYP1.MI,142.11000061035156,142.22000122070312,142.07000732421875,142.11000061035156,2479
2024-05-07,XYP1.MI,142.19000244140625,142.2100067138672,142.1199951171875,142.1699981689453,2320
2024-05-08,XYP1.MI,142.02999877929688,142.14999389648438,142.02999877929688,142.11000061035156,681
2024-05-09,XYP1.MI,142.08999633789062,142.11000061035156,142.08999633789062,142.10000610351562,1172
2024-05-10,XYP1.MI,142.14999389648438,142.17999267578125,142.0500030517578,142.0500030517578,1338
2024-05-13,XYP1.MI,142.1199951171875,142.14999389648438,142.07000732421875,142.10000610351562,991
2024-05-14,XYP1.MI,142.0,142.17999267578125,142.0,142.0800018310547,794
2024-05-15,XYP1.MI,142.1999969482422,142.3699951171875,142.1699981689453,142.35000610351562,764
2024-05-16,XYP1.MI,142.11000061035156,142.41000366210938,142.11000061035156,142.27999877929688,2277
2024-05-17,XYP1.MI,142.2899932861328,142.2899932861328,142.1699981689453,142.1699981689453,1200
2024-05-20,XYP1.MI,142.3300018310547,142.3300018310547,142.16000366210938,142.1699981689453,9736
2024-05-21,XYP1.MI,142.25,142.27999877929688,142.2100067138672,142.2100067138672,2940
2024-05-22,XYP1.MI,142.17999267578125,142.2100067138672,142.1699981689453,142.17999267578125,333
2024-05-23,XYP1.MI,142.17999267578125,142.17999267578125,142.0,142.0,631
2024-05-24,XYP1.MI,142.0,142.05999755859375,141.91000366210938,142.00999450683594,3592
2024-05-27,XYP1.MI,142.02999877929688,142.10000610351562,142.02999877929688,142.10000610351562,344
2024-05-28,XYP1.MI,142.1199951171875,142.17999267578125,142.05999755859375,142.08999633789062,1876
2024-05-29,XYP1.MI,141.61000061035156,142.1199951171875,141.61000061035156,141.97999572753906,419
2024-05-30,XYP1.MI,142.1199951171875,142.1699981689453,142.07000732421875,142.1699981689453,230
2024-05-31,XYP1.MI,141.97999572753906,142.17999267578125,141.97999572753906,142.14999389648438,206
2024-06-03,XYP1.MI,142.1199951171875,142.30999755859375,142.1199951171875,142.30999755859375,1208
2024-06-04,XYP1.MI,142.25999450683594,142.3800048828125,142.25999450683594,142.3300018310547,1198
2024-06-05,XYP1.MI,142.36000061035156,142.4499969482422,142.3300018310547,142.44000244140625,666
2024-06-06,XYP1.MI,142.4499969482422,142.4499969482422,142.3300018310547,142.3699951171875,380
2024-06-07,XYP1.MI,142.3699951171875,142.3699951171875,142.1699981689453,142.1699981689453,658
2024-06-10,XYP1.MI,142.1300048828125,142.1300048828125,142.05999755859375,142.0800018310547,2139
2024-06-11,XYP1.MI,142.10000610351562,142.13999938964844,142.10000610351562,142.11000061035156,2113
2024-06-12,XYP1.MI,142.1999969482422,142.39999389648438,142.1999969482422,142.39999389648438,1154
2024-06-13,XYP1.MI,142.3300018310547,142.44000244140625,142.32000732421875,142.44000244140625,1570
2024-06-14,XYP1.MI,142.5,142.50999450683594,142.4499969482422,142.5,480
2024-06-17,XYP1.MI,142.5399932861328,142.55999755859375,142.47000122070312,142.52999877929688,642
2024-06-18,XYP1.MI,142.10000610351562,142.57000732421875,142.10000610351562,142.57000732421875,979
2024-06-19,XYP1.MI,142.50999450683594,142.52999877929688,142.50999450683594,142.52000427246094,30
2024-06-20,XYP1.MI,142.5399932861328,142.60000610351562,142.47000122070312,142.60000610351562,3276
2024-06-21,XYP1.MI,142.7100067138672,142.77000427246094,142.63999938964844,142.64999389648438,4641
2024-06-24,XYP1.MI,142.72999572753906,142.72999572753906,142.6199951171875,142.63999938964844,848
2024-06-25,XYP1.MI,142.75999450683594,142.75999450683594,142.6699981689453,142.67999267578125,1705
2024-06-26,XYP1.MI,142.75,142.75,142.64999389648438,142.64999389648438,619
2024-06-27,XYP1.MI,142.64999389648438,142.6699981689453,142.6199951171875,142.66000366210938,366
2024-06-28,XYP1.MI,142.50999450683594,142.6199951171875,142.50999450683594,142.61000061035156,264
2024-07-01,XYP1.MI,142.64999389648438,142.6699981689453,142.5,142.61000061035156,12819
2024-07-02,XYP1.MI,142.58999633789062,142.72000122070312,142.57000732421875,142.6999969482422,2398
2024-07-03,XYP1.MI,142.6999969482422,142.75,142.6999969482422,142.75,526
2024-07-04,XYP1.MI,142.75999450683594,142.75999450683594,142.75,142.75,979
2024-07-05,XYP1.MI,142.82000732421875,142.91000366210938,142.7899932861328,142.88999938964844,12443
2024-07-08,XYP1.MI,142.8000030517578,143.0,142.8000030517578,143.0,5208
2024-07-09,XYP1.MI,142.97000122070312,142.97999572753906,142.89999389648438,142.89999389648438,894
2024-07-10,XYP1.MI,143.00999450683594,143.05999755859375,142.97999572753906,143.02999877929688,484
2024-07-11,XYP1.MI,143.1199951171875,143.32000732421875,143.05999755859375,143.32000732421875,225
2024-07-12,XYP1.MI,143.3300018310547,143.3300018310547,143.2899932861328,143.3000030517578,841
2024-07-15,XYP1.MI,143.35000610351562,143.41000366210938,143.33999633789062,143.41000366210938,160
2024-07-16,XYP1.MI,143.4199981689453,143.52000427246094,143.4199981689453,143.5,422
2024-07-17,XYP1.MI,143.49000549316406,143.5399932861328,143.39999389648438,143.44000244140625,1517
2024-07-18,XYP1.MI,143.50999450683594,143.5800018310547,143.47000122070312,143.5800018310547,12998
2024-07-19,XYP1.MI,143.5500030517578,143.55999755859375,143.4499969482422,143.49000549316406,717
2024-07-22,XYP1.MI,143.07000732421875,143.47999572753906,143.07000732421875,143.36000061035156,364
2024-07-23,XYP1.MI,143.4499969482422,143.5399932861328,143.4499969482422,143.47999572753906,215
2024-07-24,XYP1.MI,143.5399932861328,143.55999755859375,143.5399932861328,143.55999755859375,209
2024-07-25,XYP1.MI,143.66000366210938,143.7100067138672,143.66000366210938,143.67999267578125,17858
2024-07-26,XYP1.MI,143.64999389648438,143.72999572753906,143.6300048828125,143.72999572753906,1024
2024-07-29,XYP1.MI,143.77999877929688,143.86000061035156,143.75,143.80999755859375,115
2024-07-30,XYP1.MI,143.80999755859375,143.89999389648438,143.8000030517578,143.89999389648438,733
2024-07-31,XYP1.MI,143.97000122070312,144.00999450683594,143.97000122070312,144.0,1068
2024-08-01,XYP1.MI,144.08999633789062,144.25,144.0399932861328,144.19000244140625,2455
2024-08-02,XYP1.MI,144.2100067138672,144.4199981689453,144.2100067138672,144.3699951171875,1593
2024-08-05,XYP1.MI,144.75,144.75,143.6999969482422,144.27000427246094,2540
2024-08-06,XYP1.MI,144.3699951171875,144.39999389648438,144.2899932861328,144.35000610351562,2869
2024-08-07,XYP1.MI,144.3000030517578,144.30999755859375,144.22999572753906,144.3000030517578,739
2024-08-08,XYP1.MI,144.38999938964844,144.4499969482422,144.27000427246094,144.30999755859375,2327
2024-08-09,XYP1.MI,144.39999389648438,144.4499969482422,144.3300018310547,144.4499969482422,1495
2024-08-12,XYP1.MI,144.69000244140625,144.69000244140625,144.3800048828125,144.44000244140625,716
2024-08-13,XYP1.MI,144.4600067138672,144.6300048828125,144.4600067138672,144.61000061035156,882
2024-08-14,XYP1.MI,144.58999633789062,144.58999633789062,144.49000549316406,144.57000732421875,8737
2024-08-16,XYP1.MI,144.38999938964844,144.4499969482422,144.3800048828125,144.41000366210938,721
2024-08-19,XYP1.MI,144.69000244140625,144.69000244140625,144.3699951171875,144.3699951171875,539
2024-08-20,XYP1.MI,144.49000549316406,144.49000549316406,144.47000122070312,144.47000122070312,305
2024-08-21,XYP1.MI,144.5800018310547,144.66000366210938,144.5500030517578,144.66000366210938,763
2024-08-22,XYP1.MI,144.6999969482422,144.77000427246094,144.55999755859375,144.61000061035156,1456
2024-08-23,XYP1.MI,144.6999969482422,144.74000549316406,144.58999633789062,144.72000122070312,937
2024-08-26,XYP1.MI,144.74000549316406,144.77999877929688,144.6999969482422,144.75,1171
2024-08-27,XYP1.MI,144.6699981689453,144.6999969482422,144.60000610351562,144.6300048828125,1046
2024-08-28,XYP1.MI,144.66000366210938,144.69000244140625,144.63999938964844,144.63999938964844,762
2024-08-29,XYP1.MI,144.69000244140625,144.83999633789062,144.69000244140625,144.69000244140625,1661
2024-08-30,XYP1.MI,144.72000122070312,144.74000549316406,144.69000244140625,144.69000244140625,244
2024-09-02,XYP1.MI,144.67999267578125,144.72000122070312,144.66000366210938,144.72000122070312,870
2024-09-03,XYP1.MI,144.27999877929688,144.72999572753906,144.27999877929688,144.72000122070312,1700
2024-09-04,XYP1.MI,144.80999755859375,144.9600067138672,144.80999755859375,144.9600067138672,609
2024-09-05,XYP1.MI,145.02999877929688,145.0500030517578,145.02999877929688,145.0500030517578,336
2024-09-06,XYP1.MI,145.5399932861328,145.5399932861328,145.11000061035156,145.22000122070312,474
2024-09-09,XYP1.MI,145.1300048828125,145.24000549316406,145.07000732421875,145.22000122070312,663
2024-09-10,XYP1.MI,145.64999389648438,145.64999389648438,145.17999267578125,145.3300018310547,884
2024-09-11,XYP1.MI,145.5500030517578,145.5500030517578,145.3800048828125,145.47000122070312,879
2024-09-12,XYP1.MI,145.42999267578125,145.42999267578125,145.33999633789062,145.33999633789062,1041
2024-09-13,XYP1.MI,145.25,145.47999572753906,145.24000549316406,145.3699951171875,1372
2024-09-16,XYP1.MI,145.47999572753906,145.49000549316406,145.41000366210938,145.4499969482422,1580
2024-09-17,XYP1.MI,145.69000244140625,145.69000244140625,145.41000366210938,145.41000366210938,631
2024-09-18,XYP1.MI,145.58999633789062,145.58999633789062,145.33999633789062,145.33999633789062,519
2024-09-19,XYP1.MI,145.25,145.4499969482422,145.25,145.4499969482422,1780
2024-09-20,XYP1.MI,145.14999389648438,145.50999450683594,145.14999389648438,145.39999389648438,709
2024-09-23,XYP1.MI,145.47999572753906,145.63999938964844,145.47999572753906,145.63999938964844,629
2024-09-24,XYP1.MI,145.64999389648438,145.86000061035156,145.64999389648438,145.83999633789062,3425
2024-09-25,XYP1.MI,145.77000427246094,145.77000427246094,145.69000244140625,145.69000244140625,985
2024-09-26,XYP1.MI,145.8300018310547,145.9499969482422,145.7899932861328,145.7899932861328,206
2024-09-27,XYP1.MI,145.8699951171875,145.9499969482422,145.8300018310547,145.8300018310547,392
2024-09-30,XYP1.MI,145.9199981689453,146.00999450683594,145.85000610351562,145.9199981689453,1871
2024-10-01,XYP1.MI,146.02999877929688,146.1199951171875,145.9600067138672,145.9600067138672,443
2024-10-02,XYP1.MI,145.97999572753906,146.0500030517578,145.9499969482422,146.02000427246094,192
2024-10-03,XYP1.MI,146.11000061035156,146.11000061035156,145.92999267578125,146.0,756
2024-10-04,XYP1.MI,145.97000122070312,145.97000122070312,145.72000122070312,145.72999572753906,856
2024-10-07,XYP1.MI,145.57000732421875,145.60000610351562,145.5500030517578,145.5500030517578,463
2024-10-08,XYP1.MI,145.63999938964844,145.66000366210938,145.5800018310547,145.63999938964844,1657
2024-10-09,XYP1.MI,145.63999938964844,145.69000244140625,145.60000610351562,145.60000610351562,261
2024-10-10,XYP1.MI,145.6699981689453,145.6999969482422,145.52000427246094,145.67999267578125,876
2024-10-11,XYP1.MI,145.58999633789062,145.61000061035156,145.50999450683594,145.5399932861328,241
2024-10-14,XYP1.MI,145.64999389648438,145.67999267578125,145.61000061035156,145.6300048828125,1400
2024-10-15,XYP1.MI,145.67999267578125,145.85000610351562,145.67999267578125,145.72000122070312,1144
2024-10-16,XYP1.MI,145.83999633789062,145.89999389648438,145.77000427246094,145.89999389648438,160
2024-10-17,XYP1.MI,145.94000244140625,146.0,145.9199981689453,145.99000549316406,1255
2024-10-18,XYP1.MI,146.1199951171875,146.16000366210938,146.11000061035156,146.11000061035156,879
2024-10-21,XYP1.MI,146.17999267578125,146.17999267578125,145.8800048828125,145.89999389648438,791
2024-10-22,XYP1.MI,145.86000061035156,145.92999267578125,145.85000610351562,145.85000610351562,2964
2024-10-23,XYP1.MI,145.97000122070312,146.0800018310547,145.97000122070312,146.0800018310547,277
2024-10-24,XYP1.MI,146.14999389648438,146.22999572753906,146.1300048828125,146.22999572753906,1034
2024-10-25,XYP1.MI,146.1300048828125,146.1300048828125,146.00999450683594,146.00999450683594,306
2024-10-28,XYP1.MI,146.42999267578125,146.42999267578125,146.0800018310547,146.1199951171875,232
2024-10-29,XYP1.MI,146.14999389648438,146.14999389648438,145.94000244140625,145.97000122070312,489
2024-10-30,XYP1.MI,145.9499969482422,145.9499969482422,145.72999572753906,145.72999572753906,33
2024-10-31,XYP1.MI,145.67999267578125,145.67999267578125,145.64999389648438,145.64999389648438,100
2024-11-01,XYP1.MI,145.72999572753906,145.8300018310547,145.72999572753906,145.8300018310547,46
2024-11-04,XYP1.MI,145.77999877929688,145.77999877929688,145.63999938964844,145.7100067138672,1202
2024-11-05,XYP1.MI,145.64999389648438,145.72000122070312,145.63999938964844,145.63999938964844,537
2024-11-06,XYP1.MI,145.97999572753906,145.97999572753906,145.77000427246094,145.77000427246094,998
2024-11-07,XYP1.MI,145.89999389648438,145.89999389648438,145.75999450683594,145.86000061035156,489
2024-11-08,XYP1.MI,145.91000366210938,145.94000244140625,145.85000610351562,145.9199981689453,953
2024-11-11,XYP1.MI,146.05999755859375,146.07000732421875,145.9600067138672,146.07000732421875,1631
2024-11-12,XYP1.MI,146.02999877929688,146.17999267578125,146.02999877929688,146.10000610351562,451
2024-11-13,XYP1.MI,145.99000549316406,146.0500030517578,145.99000549316406,146.0500030517578,37
2024-11-14,XYP1.MI,146.0800018310547,146.1999969482422,146.0800018310547,146.1199951171875,139
2024-11-15,XYP1.MI,146.14999389648438,146.33999633789062,146.14999389648438,146.33999633789062,535
2024-11-18,XYP1.MI,146.17999267578125,146.17999267578125,146.0399932861328,146.0500030517578,1482
2024-11-19,XYP1.MI,146.27000427246094,146.27000427246094,146.14999389648438,146.1699981689453,852
2024-11-20,XYP1.MI,146.17999267578125,146.2100067138672,146.17999267578125,146.2100067138672,3
2024-11-21,XYP1.MI,146.97000122070312,146.97000122070312,146.27999877929688,146.2899932861328,974
2024-11-22,XYP1.MI,146.58999633789062,146.58999633789062,146.5399932861328,146.57000732421875,6542
2024-11-25,XYP1.MI,146.5800018310547,146.6199951171875,146.49000549316406,146.5500030517578,527
2024-11-26,XYP1.MI,146.60000610351562,146.60000610351562,146.4600067138672,146.50999450683594,1034
2024-11-27,XYP1.MI,146.47999572753906,146.52999877929688,146.47999572753906,146.5,227
2024-11-28,XYP1.MI,146.5500030517578,146.7100067138672,146.5500030517578,146.6999969482422,818
2024-11-29,XYP1.MI,144.52000427246094,146.85000610351562,142.36000061035156,146.85000610351562,1160
2024-12-02,XYP1.MI,146.9600067138672,147.0500030517578,146.8800048828125,147.0500030517578,2011
2024-12-03,XYP1.MI,146.86000061035156,146.94000244140625,146.86000061035156,146.88999938964844,42
2024-12-04,XYP1.MI,146.86000061035156,147.00999450683594,146.8300018310547,147.00999450683594,898
2024-12-05,XYP1.MI,147.00999450683594,147.00999450683594,146.86000061035156,146.88999938964844,1828
2024-12-06,XYP1.MI,146.8300018310547,146.9499969482422,146.80999755859375,146.8800048828125,460
2024-12-09,XYP1.MI,146.97000122070312,147.0500030517578,146.94000244140625,147.0500030517578,449
2024-12-10,XYP1.MI,146.97000122070312,147.0800018310547,146.97000122070312,147.0,437
2024-12-11,XYP1.MI,146.97000122070312,147.1699981689453,146.97000122070312,147.1699981689453,740
2024-12-12,XYP1.MI,147.3300018310547,147.3300018310547,147.02000427246094,147.02000427246094,878
2024-12-13,XYP1.MI,146.9600067138672,146.9600067138672,146.77999877929688,146.83999633789062,2397
2024-12-16,XYP1.MI,146.7899932861328,146.8699951171875,146.75999450683594,146.75999450683594,1293
2024-12-17,XYP1.MI,146.83999633789062,146.86000061035156,146.74000549316406,146.8000030517578,3856
2024-12-18,XYP1.MI,146.83999633789062,146.8699951171875,146.80999755859375,146.8699951171875,574
2024-12-19,XYP1.MI,146.86000061035156,146.89999389648438,146.75999450683594,146.85000610351562,1221
2024-12-20,XYP1.MI,146.94000244140625,146.97000122070312,146.8000030517578,146.8699951171875,781
2024-12-23,XYP1.MI,146.88999938964844,146.9199981689453,146.85000610351562,146.91000366210938,708
2024-12-27,XYP1.MI,146.86000061035156,146.9199981689453,146.69000244140625,146.80999755859375,831
2024-12-30,XYP1.MI,146.92999267578125,146.92999267578125,146.77000427246094,146.8699951171875,605
2025-01-02,XYP1.MI,147.02999877929688,147.07000732421875,146.82000732421875,147.00999450683594,518
2025-01-03,XYP1.MI,146.8800048828125,146.8800048828125,146.66000366210938,146.66000366210938,326
2025-01-06,XYP1.MI,146.72999572753906,146.72999572753906,146.61000061035156,146.61000061035156,3
2025-01-07,XYP1.MI,146.61000061035156,146.6999969482422,146.52000427246094,146.52000427246094,601
2025-01-08,XYP1.MI,146.6999969482422,146.6999969482422,146.57000732421875,146.61000061035156,587
2025-01-09,XYP1.MI,146.61000061035156,146.61000061035156,146.47999572753906,146.5500030517578,3264
2025-01-10,XYP1.MI,146.50999450683594,146.50999450683594,146.3800048828125,146.38999938964844,594
2025-01-13,XYP1.MI,146.4499969482422,146.47999572753906,146.25,146.33999633789062,1047
2025-01-14,XYP1.MI,146.33999633789062,146.38999938964844,146.27999877929688,146.3000030517578,1241
2025-01-15,XYP1.MI,146.30999755859375,146.6300048828125,146.30999755859375,146.6199951171875,826
2025-01-16,XYP1.MI,146.55999755859375,146.72000122070312,146.52999877929688,146.67999267578125,478
2025-01-17,XYP1.MI,146.80999755859375,146.80999755859375,146.72000122070312,146.74000549316406,2053
2025-01-20,XYP1.MI,146.82000732421875,146.9600067138672,146.64999389648438,146.85000610351562,1603
2025-01-21,XYP1.MI,146.67999267578125,146.77999877929688,146.67999267578125,146.77999877929688,723
2025-01-22,XYP1.MI,146.8699951171875,146.8699951171875,146.77000427246094,146.77000427246094,106
2025-01-23,XYP1.MI,146.8800048828125,146.8800048828125,146.6999969482422,146.8300018310547,687
2025-01-24,XYP1.MI,146.6999969482422,146.6999969482422,146.57000732421875,146.6199951171875,1061
2025-01-27,XYP1.MI,146.75999450683594,146.77999877929688,146.6999969482422,146.72000122070312,1005
2025-01-28,XYP1.MI,146.8000030517578,146.8000030517578,146.6999969482422,146.72999572753906,792
2025-01-29,XYP1.MI,146.88999938964844,146.88999938964844,146.6999969482422,146.74000549316406,801
2025-01-30,XYP1.MI,146.80999755859375,146.9499969482422,146.80999755859375,146.89999389648438,329
2025-01-31,XYP1.MI,147.02000427246094,147.1199951171875,147.00999450683594,147.1199951171875,546
2025-02-03,XYP1.MI,147.3000030517578,147.55999755859375,147.1300048828125,147.24000549316406,1972
2025-02-04,XYP1.MI,147.25999450683594,147.32000732421875,147.22999572753906,147.22999572753906,1064
2025-02-05,XYP1.MI,147.42999267578125,147.4499969482422,147.35000610351562,147.3699951171875,939
2025-02-06,XYP1.MI,147.4199981689453,147.47000122070312,147.30999755859375,147.47000122070312,543
2025-02-07,XYP1.MI,147.39999389648438,147.39999389648438,147.3000030517578,147.3000030517578,903
2025-02-10,XYP1.MI,147.4600067138672,147.50999450683594,147.33999633789062,147.50999450683594,1078
2025-02-11,XYP1.MI,147.47000122070312,147.47000122070312,147.24000549316406,147.33999633789062,966
2025-02-12,XYP1.MI,147.32000732421875,147.32000732421875,147.1699981689453,147.19000244140625,1973
2025-02-13,XYP1.MI,147.30999755859375,147.39999389648438,147.1999969482422,147.36000061035156,1056
2025-02-14,XYP1.MI,147.41000366210938,147.41000366210938,147.25,147.3000030517578,1674
2025-02-17,XYP1.MI,147.30999755859375,147.36000061035156,147.19000244140625,147.36000061035156,368
2025-02-18,XYP1.MI,147.3000030517578,147.3300018310547,147.22999572753906,147.2899932861328,469
2025-02-19,XYP1.MI,147.24000549316406,147.24000549316406,147.0800018310547,147.19000244140625,200
2025-02-20,XYP1.MI,147.27999877929688,147.30999755859375,147.19000244140625,147.27999877929688,989
2025-02-21,XYP1.MI,147.3800048828125,147.4499969482422,147.30999755859375,147.4499969482422,265
2025-02-24,XYP1.MI,147.5800018310547,147.5800018310547,147.3800048828125,147.5500030517578,404
2025-02-25,XYP1.MI,147.5500030517578,147.5500030517578,147.47999572753906,147.52000427246094,156
2025-02-26,XYP1.MI,147.57000732421875,147.5800018310547,147.5500030517578,147.55999755859375,623
2025-02-27,XYP1.MI,147.6300048828125,147.6699981689453,147.5800018310547,147.6699981689453,47
2025-02-28,XYP1.MI,147.8000030517578,147.8800048828125,147.66000366210938,147.72000122070312,3335
2025-03-03,XYP1.MI,147.6199951171875,147.82000732421875,147.55999755859375,147.6300048828125,1286
2025-03-04,XYP1.MI,147.72999572753906,147.82000732421875,147.6999969482422,147.75999450683594,890
2025-03-05,XYP1.MI,147.6300048828125,147.6300048828125,147.16000366210938,147.16000366210938,600
2025-03-06,XYP1.MI,147.25,147.25,147.10000610351562,147.10000610351562,594
2025-03-07,XYP1.MI,147.1699981689453,147.3000030517578,147.14999389648438,147.1699981689453,1776
2025-03-10,XYP1.MI,147.24000549316406,147.3000030517578,147.02999877929688,147.3000030517578,1442
2025-03-11,XYP1.MI,147.33999633789062,147.33999633789062,147.22000122070312,147.3000030517578,165
2025-03-12,XYP1.MI,147.2100067138672,147.3000030517578,147.16000366210938,147.16000366210938,1196
2025-03-13,XYP1.MI,147.32000732421875,147.4199981689453,147.25,147.38999938964844,1226
2025-03-14,XYP1.MI,147.3699951171875,147.44000244140625,147.33999633789062,147.35000610351562,6210
2025-03-17,XYP1.MI,147.42999267578125,147.5399932861328,147.38999938964844,147.5399932861328,456
2025-03-18,XYP1.MI,147.49000549316406,147.49000549316406,147.3699951171875,147.3800048828125,2086
2025-03-19,XYP1.MI,147.49000549316406,147.50999450683594,147.42999267578125,147.42999267578125,128
2025-03-20,XYP1.MI,147.52000427246094,147.5399932861328,147.4600067138672,147.47999572753906,1750
2025-03-21,XYP1.MI,147.61000061035156,147.6999969482422,147.52000427246094,147.6999969482422,1825
2025-03-24,XYP1.MI,147.64999389648438,147.72999572753906,147.57000732421875,147.72999572753906,604
2025-03-25,XYP1.MI,147.66000366210938,147.66000366210938,147.5800018310547,147.6199951171875,1794
2025-03-26,XYP1.MI,147.6999969482422,147.7100067138672,147.66000366210938,147.67999267578125,883
2025-03-27,XYP1.MI,147.85000610351562,147.85000610351562,147.77999877929688,147.83999633789062,290
2025-03-28,XYP1.MI,147.9499969482422,148.02999877929688,147.92999267578125,148.0,1420
2025-03-31,XYP1.MI,148.1999969482422,148.1999969482422,147.9600067138672,147.9600067138672,770
2025-04-01,XYP1.MI,148.10000610351562,148.11000061035156,148.00999450683594,148.05999755859375,1954
2025-04-02,XYP1.MI,148.0500030517578,148.1999969482422,147.97999572753906,147.99000549316406,4743
2025-04-03,XYP1.MI,148.27999877929688,148.3000030517578,148.08999633789062,148.25999450683594,859
2025-04-04,XYP1.MI,148.2899932861328,148.6300048828125,147.9499969482422,148.4199981689453,4814
2025-04-07,XYP1.MI,148.5500030517578,148.72000122070312,147.8699951171875,148.50999450683594,2287
2025-04-08,XYP1.MI,148.3300018310547,148.50999450683594,148.27999877929688,148.33999633789062,2450
2025-04-09,XYP1.MI,148.5399932861328,148.61000061035156,148.36000061035156,148.3800048828125,506
2025-04-10,XYP1.MI,148.1199951171875,148.4199981689453,148.1199951171875,148.41000366210938,216
2025-04-11,XYP1.MI,148.30999755859375,148.60000610351562,148.30999755859375,148.4499969482422,1663
2025-04-14,XYP1.MI,148.9600067138672,148.9600067138672,148.50999450683594,148.50999450683594,245
2025-04-15,XYP1.MI,148.67999267578125,148.72999572753906,148.52000427246094,148.72999572753906,727
2025-04-16,XYP1.MI,149.22000122070312,149.22000122070312,148.22999572753906,148.75,391
2025-04-17,XYP1.MI,148.67999267578125,148.85000610351562,148.47999572753906,148.85000610351562,423
2025-04-22,XYP1.MI,149.0800018310547,149.0800018310547,148.82000732421875,148.92999267578125,1676
2025-04-23,XYP1.MI,148.6699981689453,148.9499969482422,148.6699981689453,148.94000244140625,413
2025-04-24,XYP1.MI,148.85000610351562,149.08999633789062,148.85000610351562,149.0500030517578,443
2025-04-25,XYP1.MI,148.99000549316406,149.0,148.91000366210938,148.91000366210938,612
2025-04-28,XYP1.MI,148.94000244140625,148.9600067138672,148.86000061035156,148.9600067138672,1225
2025-04-29,XYP1.MI,148.92999267578125,148.97999572753906,148.9199981689453,148.9199981689453,103
2025-04-30,XYP1.MI,148.75999450683594,149.0500030517578,148.75999450683594,149.0500030517578,1405
2025-05-02,XYP1.MI,148.97999572753906,148.97999572753906,148.69000244140625,148.92999267578125,1001
2025-05-05,XYP1.MI,148.94000244140625,148.94000244140625,148.8300018310547,148.88999938964844,1027
2025-05-06,XYP1.MI,148.8000030517578,148.9499969482422,148.8000030517578,148.9499969482422,229
2025-05-07,XYP1.MI,148.97000122070312,149.0500030517578,148.92999267578125,149.0399932861328,394
2025-05-08,XYP1.MI,148.9600067138672,149.10000610351562,148.9199981689453,148.9199981689453,473
2025-05-09,XYP1.MI,148.83999633789062,148.9499969482422,148.83999633789062,148.9499969482422,572
2025-05-12,XYP1.MI,148.8800048828125,148.8800048828125,148.58999633789062,148.60000610351562,703
2025-05-13,XYP1.MI,148.63999938964844,148.63999938964844,148.52999877929688,148.60000610351562,479
2025-05-14,XYP1.MI,148.57000732421875,148.69000244140625,148.57000732421875,148.64999389648438,638
2025-05-15,XYP1.MI,148.6699981689453,148.7899932861328,148.66000366210938,148.7899932861328,168
2025-05-16,XYP1.MI,148.7899932861328,148.89999389648438,148.7899932861328,148.85000610351562,838
2025-05-19,XYP1.MI,148.8699951171875,148.9199981689453,148.75,148.88999938964844,374
2025-05-20,XYP1.MI,148.42999267578125,148.97999572753906,148.42999267578125,148.89999389648438,332
2025-05-21,XYP1.MI,148.94000244140625,148.94000244140625,148.8000030517578,148.85000610351562,345
2025-05-22,XYP1.MI,148.92999267578125,148.99000549316406,148.8300018310547,148.91000366210938,1771
2025-05-23,XYP1.MI,148.8699951171875,149.17999267578125,148.8699951171875,149.17999267578125,584
2025-05-26,XYP1.MI,149.0500030517578,149.07000732421875,149.00999450683594,149.07000732421875,116
2025-05-27,XYP1.MI,149.16000366210938,149.16000366210938,149.0399932861328,149.0800018310547,684
2025-05-28,XYP1.MI,149.14999389648438,149.14999389648438,149.05999755859375,149.0800018310547,102
2025-05-29,XYP1.MI,149.14999389648438,149.19000244140625,149.10000610351562,149.19000244140625,237
2025-05-30,XYP1.MI,149.25999450683594,149.25999450683594,149.10000610351562,149.10000610351562,388
2025-06-02,XYP1.MI,149.4600067138672,149.4600067138672,149.14999389648438,149.25999450683594,74
2025-06-03,XYP1.MI,149.22999572753906,149.24000549316406,149.17999267578125,149.2100067138672,229
2025-06-04,XYP1.MI,149.49000549316406,149.49000549316406,149.13999938964844,149.19000244140625,578
2025-06-05,XYP1.MI,149.25,149.25,148.9600067138672,148.9600067138672,1814
2025-06-06,XYP1.MI,149.08999633789062,149.11000061035156,148.97999572753906,149.0,675
2025-06-09,XYP1.MI,149.14999389648438,149.17999267578125,148.99000549316406,149.1199951171875,1181
2025-06-10,XYP1.MI,149.14999389648438,149.14999389648438,149.0399932861328,149.0800018310547,504
2025-06-11,XYP1.MI,149.08999633789062,149.16000366210938,149.0399932861328,149.11000061035156,471
2025-06-12,XYP1.MI,149.24000549316406,149.24000549316406,149.14999389648438,149.14999389648438,1217
2025-06-13,XYP1.MI,149.14999389648438,149.14999389648438,149.00999450683594,149.00999450683594,2462
2025-06-16,XYP1.MI,149.0,149.17999267578125,149.0,149.17999267578125,612
2025-06-17,XYP1.MI,148.99000549316406,149.1999969482422,148.99000549316406,149.02999877929688,127
2025-06-18,XYP1.MI,148.94000244140625,149.11000061035156,148.94000244140625,149.11000061035156,358
2025-06-19,XYP1.MI,149.02999877929688,149.17999267578125,149.02999877929688,149.13999938964844,850
2025-06-20,XYP1.MI,149.14999389648438,149.14999389648438,149.02000427246094,149.11000061035156,607
2025-06-23,XYP1.MI,149.1199951171875,149.22000122070312,149.0399932861328,149.22000122070312,1366
2025-06-24,XYP1.MI,149.17999267578125,149.22999572753906,149.1300048828125,149.1999969482422,2072
2025-06-25,XYP1.MI,149.27999877929688,149.27999877929688,149.17999267578125,149.2100067138672,347
2025-06-26,XYP1.MI,149.25,149.30999755859375,149.25,149.25,374
2025-06-27,XYP1.MI,149.1999969482422,149.2899932861328,149.19000244140625,149.1999969482422,341
2025-06-30,XYP1.MI,149.3000030517578,149.3300018310547,149.1999969482422,149.1999969482422,671
2025-07-01,XYP1.MI,149.35000610351562,149.3800048828125,149.3000030517578,149.3000030517578,909
2025-07-02,XYP1.MI,149.3000030517578,149.3000030517578,149.1300048828125,149.22999572753906,926
2025-07-03,XYP1.MI,149.32000732421875,149.32000732421875,149.2100067138672,149.32000732421875,235
2025-07-04,XYP1.MI,149.42999267578125,149.44000244140625,149.39999389648438,149.39999389648438,529
2025-07-07,XYP1.MI,149.42999267578125,149.42999267578125,149.32000732421875,149.32000732421875,439
2025-07-08,XYP1.MI,149.3300018310547,149.3300018310547,149.19000244140625,149.2899932861328,503
2025-07-09,XYP1.MI,149.25,149.3000030517578,149.25,149.27999877929688,74
2025-07-10,XYP1.MI,149.27999877929688,149.2899932861328,149.1999969482422,149.1999969482422,194
2025-07-11,XYP1.MI,149.19000244140625,149.19000244140625,149.1699981689453,149.1699981689453,235
2025-07-14,XYP1.MI,149.22999572753906,149.27000427246094,149.19000244140625,149.25,607
2025-07-15,XYP1.MI,149.25,149.36000061035156,149.25,149.35000610351562,421
2025-07-16,XYP1.MI,149.3699951171875,149.39999389648438,149.25999450683594,149.39999389648438,525
2025-07-17,XYP1.MI,149.4199981689453,149.44000244140625,149.3699951171875,149.44000244140625,380
2025-07-18,XYP1.MI,149.36000061035156,149.4499969482422,149.32000732421875,149.4499969482422,142
2025-07-21,XYP1.MI,149.5399932861328,149.55999755859375,148.89999389648438,149.52999877929688,1064
2025-07-22,XYP1.MI,149.57000732421875,149.61000061035156,149.52000427246094,149.57000732421875,1604
2025-07-23,XYP1.MI,149.5500030517578,149.6300048828125,149.49000549316406,149.6300048828125,3185
2025-07-24,XYP1.MI,149.4499969482422,149.47000122070312,149.22999572753906,149.2899932861328,1450
2025-07-25,XYP1.MI,149.17999267578125,149.25999450683594,149.10000610351562,149.24000549316406,389
2025-07-28,XYP1.MI,149.25999450683594,149.33999633789062,149.25999450683594,149.33999633789062,604
2025-07-29,XYP1.MI,149.52000427246094,149.52999877929688,149.3000030517578,149.3699951171875,431
2025-07-30,XYP1.MI,149.3699951171875,149.3699951171875,149.25999450683594,149.25999450683594,247
2025-07-31,XYP1.MI,149.22000122070312,149.3300018310547,149.22000122070312,149.27999877929688,1587
2025-08-01,XYP1.MI,149.2899932861328,149.4600067138672,149.24000549316406,149.38999938964844,355
2025-08-04,XYP1.MI,149.39999389648438,149.52000427246094,149.39999389648438,149.47999572753906,965
2025-08-05,XYP1.MI,149.57000732421875,149.57000732421875,149.49000549316406,149.49000549316406,252
2025-08-06,XYP1.MI,149.50999450683594,149.5399932861328,149.4600067138672,149.52999877929688,617
2025-08-07,XYP1.MI,149.42999267578125,149.5800018310547,149.42999267578125,149.52999877929688,2261
2025-08-08,XYP1.MI,149.4499969482422,149.4499969482422,149.4199981689453,149.4199981689453,262
2025-08-11,XYP1.MI,149.42999267578125,149.42999267578125,149.30999755859375,149.30999755859375,92
2025-08-12,XYP1.MI,149.60000610351562,149.60000610351562,149.35000610351562,149.35000610351562,523
2025-08-13,XYP1.MI,149.39999389648438,149.49000549316406,149.39999389648438,149.49000549316406,162
2025-08-14,XYP1.MI,149.5800018310547,149.58999633789062,149.52000427246094,149.5399932861328,131
2025-08-18,XYP1.MI,149.47000122070312,149.49000549316406,149.41000366210938,149.41000366210938,401
2025-08-19,XYP1.MI,149.4600067138672,149.4600067138672,149.4199981689453,149.42999267578125,466
2025-08-20,XYP1.MI,149.5,149.5800018310547,149.47000122070312,149.5800018310547,267
2025-08-21,XYP1.MI,149.50999450683594,149.52000427246094,149.4600067138672,149.49000549316406,142
2025-08-22,XYP1.MI,149.47999572753906,149.61000061035156,149.38999938964844,149.52999877929688,187
2025-08-25,XYP1.MI,149.57000732421875,149.57000732421875,149.33999633789062,149.33999633789062,514
2025-08-26,XYP1.MI,149.52999877929688,149.5500030517578,149.4600067138672,149.5500030517578,39
2025-08-27,XYP1.MI,149.61000061035156,149.61000061035156,149.50999450683594,149.5500030517578,710
2025-08-28,XYP1.MI,149.6300048828125,149.66000366210938,149.55999755859375,149.66000366210938,48
2025-08-29,XYP1.MI,149.67999267578125,149.67999267578125,149.5399932861328,149.6199951171875,252
2025-09-01,XYP1.MI,149.61000061035156,149.61000061035156,149.47999572753906,149.57000732421875,312
2025-09-02,XYP1.MI,149.49000549316406,149.50999450683594,149.4199981689453,149.4499969482422,280
2025-09-03,XYP1.MI,149.5399932861328,149.57000732421875,149.4499969482422,149.5399932861328,179
2025-09-04,XYP1.MI,149.13999938964844,149.99000549316406,149.13999938964844,149.57000732421875,779
2025-09-05,XYP1.MI,149.57000732421875,149.6999969482422,149.5399932861328,149.6999969482422,512
2025-09-08,XYP1.MI,149.72999572753906,149.7899932861328,149.6999969482422,149.7899932861328,278
2025-09-09,XYP1.MI,149.8000030517578,149.83999633789062,149.64999389648438,149.69000244140625,1147
2025-09-10,XYP1.MI,149.99000549316406,149.99000549316406,149.69000244140625,149.69000244140625,200
2025-09-11,XYP1.MI,149.58999633789062,149.7100067138672,149.57000732421875,149.66000366210938,699
2025-09-12,XYP1.MI,149.5,149.66000366210938,149.49000549316406,149.52999877929688,487
2025-09-15,XYP1.MI,149.6300048828125,149.6300048828125,149.55999755859375,149.6300048828125,269
2025-09-16,XYP1.MI,149.67999267578125,149.67999267578125,149.55999755859375,149.60000610351562,652
2025-09-17,XYP1.MI,149.58999633789062,149.64999389648438,149.58999633789062,149.60000610351562,761
2025-09-18,XYP1.MI,149.61000061035156,149.67999267578125,149.61000061035156,149.61000061035156,711
2025-09-19,XYP1.MI,149.6999969482422,149.6999969482422,149.5800018310547,149.5800018310547,925
2025-09-22,XYP1.MI,149.6999969482422,149.6999969482422,149.60000610351562,149.61000061035156,1585
2025-09-23,XYP1.MI,149.58999633789062,149.66000366210938,149.5500030517578,149.64999389648438,341
2025-09-24,XYP1.MI,149.63999938964844,149.66000366210938,149.60000610351562,149.6199951171875,190
2025-09-25,XYP1.MI,149.6199951171875,149.64999389648438,149.60000610351562,149.61000061035156,831
2025-09-26,XYP1.MI,149.64999389648438,149.6699981689453,149.55999755859375,149.60000610351562,499
2025-09-29,XYP1.MI,149.72999572753906,149.72999572753906,149.60000610351562,149.6199951171875,106
2025-09-30,XYP1.MI,149.64999389648438,149.7100067138672,149.64999389648438,149.7100067138672,466
2025-10-01,XYP1.MI,149.55999755859375,149.75,149.55999755859375,149.75,386
2025-10-02,XYP1.MI,149.82000732421875,149.82000732421875,149.66000366210938,149.72999572753906,538
2025-10-03,XYP1.MI,149.89999389648438,149.89999389648438,149.69000244140625,149.72999572753906,833
2025-10-06,XYP1.MI,149.6199951171875,149.75999450683594,149.6199951171875,149.66000366210938,209
2025-10-07,XYP1.MI,149.75999450683594,149.77000427246094,149.69000244140625,149.74000549316406,541
2025-10-08,XYP1.MI,149.8800048828125,149.8800048828125,149.75999450683594,149.8000030517578,1076
2025-10-09,XYP1.MI,149.91000366210938,149.91000366210938,149.75,149.75,414
2025-10-10,XYP1.MI,149.83999633789062,149.97000122070312,149.8300018310547,149.92999267578125,1311
2025-10-13,XYP1.MI,149.99000549316406,150.0500030517578,149.9499969482422,150.0500030517578,781
2025-10-14,XYP1.MI,150.0,150.10000610351562,150.0,150.07000732421875,1572
2025-10-15,XYP1.MI,150.17999267578125,150.22000122070312,150.1300048828125,150.22000122070312,248
2025-10-16,XYP1.MI,150.19000244140625,150.24000549316406,150.11000061035156,150.24000549316406,1678
2025-10-17,XYP1.MI,150.2899932861328,150.2899932861328,150.16000366210938,150.16000366210938,180
2025-10-20,XYP1.MI,150.24000549316406,150.24000549316406,150.11000061035156,150.13999938964844,596
2025-10-21,XYP1.MI,151.99000549316406,151.99000549316406,150.16000366210938,150.17999267578125,135
2025-10-22,XYP1.MI,150.22000122070312,150.25,150.16000366210938,150.17999267578125,331
2025-10-23,XYP1.MI,150.25999450683594,150.27000427246094,150.14999389648438,150.22000122070312,1356
2025-10-27,XYP1.MI,150.10000610351562,150.11000061035156,150.02999877929688,150.11000061035156,430
2025-10-28,XYP1.MI,150.4199981689453,150.4199981689453,150.0399932861328,150.08999633789062,1295
2025-10-29,XYP1.MI,150.10000610351562,150.11000061035156,150.10000610351562,150.10000610351562,729
2025-10-30,XYP1.MI,150.10000610351562,150.22999572753906,150.02000427246094,150.0800018310547,1614
2025-10-31,XYP1.MI,151.99000549316406,151.99000549316406,150.07000732421875,150.17999267578125,773
2025-11-03,XYP1.MI,150.14999389648438,150.1699981689453,150.05999755859375,150.13999938964844,950
2025-11-04,XYP1.MI,150.17999267578125,150.19000244140625,150.10000610351562,150.10000610351562,356
2025-11-05,XYP1.MI,150.19000244140625,150.19000244140625,150.10000610351562,150.10000610351562,532
2025-11-06,XYP1.MI,150.14999389648438,150.16000366210938,150.10000610351562,150.13999938964844,297
2025-11-07,XYP1.MI,150.0800018310547,150.1699981689453,150.0800018310547,150.1300048828125,449
2025-11-10,XYP1.MI,150.07000732421875,150.16000366210938,150.07000732421875,150.14999389648438,532
2025-11-11,XYP1.MI,150.10000610351562,150.1999969482422,150.10000610351562,150.16000366210938,3943
2025-11-12,XYP1.MI,150.13999938964844,150.17999267578125,150.13999938964844,150.14999389648438,555
2025-11-13,XYP1.MI,150.1999969482422,150.2100067138672,150.1199951171875,150.1199951171875,911
2025-11-14,XYP1.MI,149.89999389648438,150.13999938964844,149.89999389648438,150.0800018310547,855
2025-11-17,XYP1.MI,151.33999633789062,151.33999633789062,150.0800018310547,150.1199951171875,478
2025-11-18,XYP1.MI,150.08999633789062,150.1699981689453,150.0500030517578,150.0500030517578,1459
2025-11-19,XYP1.MI,150.1699981689453,150.1699981689453,150.1300048828125,150.16000366210938,182
2025-11-20,XYP1.MI,150.25,150.25,150.1300048828125,150.1699981689453,774
2025-11-21,XYP1.MI,150.16000366210938,150.25999450683594,150.16000366210938,150.1999969482422,896
2025-11-24,XYP1.MI,150.25,150.25,150.1699981689453,150.24000549316406,816
2025-11-25,XYP1.MI,150.16000366210938,150.24000549316406,150.14999389648438,150.24000549316406,1538
2025-11-26,XYP1.MI,150.1999969482422,150.24000549316406,150.1999969482422,150.22999572753906,131
2025-11-27,XYP1.MI,150.25,150.2899932861328,150.25,150.25999450683594,50
2025-11-28,XYP1.MI,152.88999938964844,152.88999938964844,150.22000122070312,150.27000427246094,643
2025-12-01,XYP1.MI,153.22999572753906,153.22999572753906,150.1999969482422,150.2100067138672,323
2025-12-02,XYP1.MI,150.50999450683594,150.50999450683594,150.1699981689453,150.1999969482422,553
2025-12-03,XYP1.MI,150.25,150.27999877929688,150.1699981689453,150.27999877929688,956
2025-12-04,XYP1.MI,150.25999450683594,150.25999450683594,150.16000366210938,150.24000549316406,800
2025-12-05,XYP1.MI,150.2100067138672,150.2100067138672,150.13999938964844,150.13999938964844,650
2025-12-08,XYP1.MI,150.05999755859375,150.05999755859375,149.97999572753906,150.00999450683594,423
2025-12-09,XYP1.MI,149.97999572753906,150.02999877929688,149.9600067138672,150.0,1125
2025-12-10,XYP1.MI,149.97000122070312,149.97000122070312,149.85000610351562,149.9499969482422,803
2025-12-11,XYP1.MI,150.0,150.02999877929688,149.75,150.0,1612
2025-12-12,XYP1.MI,150.0,150.0500030517578,149.97999572753906,150.02000427246094,1123
2025-12-15,XYP1.MI,150.02000427246094,150.1199951171875,150.02000427246094,150.02000427246094,2251
2025-12-16,XYP1.MI,150.13999938964844,150.1699981689453,150.08999633789062,150.1300048828125,1921
2025-12-17,XYP1.MI,150.19000244140625,150.1999969482422,150.13999938964844,150.13999938964844,72
2025-12-18,XYP1.MI,150.1999969482422,150.22999572753906,150.17999267578125,150.19000244140625,117
2025-12-19,XYP1.MI,150.22999572753906,150.22999572753906,150.11000061035156,150.13999938964844,411
2025-12-22,XYP1.MI,150.17999267578125,150.19000244140625,150.05999755859375,150.19000244140625,1591
2025-12-23,XYP1.MI,150.08999633789062,150.24000549316406,150.08999633789062,150.19000244140625,390
2025-12-29,XYP1.MI,150.11000061035156,150.4199981689453,150.11000061035156,150.4199981689453,899
2025-12-30,XYP1.MI,150.39999389648438,150.41000366210938,150.25,150.25,156
2026-01-02,XYP1.MI,151.97999572753906,151.97999572753906,150.25999450683594,150.30999755859375,183
2026-01-05,XYP1.MI,150.27000427246094,150.4199981689453,150.27000427246094,150.36000061035156,453
2026-01-06,XYP1.MI,150.39999389648438,150.5,150.3300018310547,150.4499969482422,829
2026-01-07,XYP1.MI,150.4499969482422,150.4499969482422,150.4499969482422,150.4499969482422,0
2026-01-08,XYP1.MI,150.44000244140625,150.57000732421875,150.4199981689453,150.57000732421875,7184
2026-01-09,XYP1.MI,150.47999572753906,150.57000732421875,150.4600067138672,150.52000427246094,1240
2026-01-12,XYP1.MI,150.5,150.58999633789062,150.4600067138672,150.50999450683594,4146
2026-01-13,XYP1.MI,150.5800018310547,150.5800018310547,150.47000122070312,150.52000427246094,500
2026-01-14,XYP1.MI,150.5500030517578,150.61000061035156,150.5399932861328,150.5800018310547,918
2026-01-15,XYP1.MI,150.60000610351562,150.64999389648438,150.57000732421875,150.64999389648438,671
2026-01-16,XYP1.MI,150.57000732421875,150.6199951171875,150.52999877929688,150.57000732421875,1364
2026-01-19,XYP1.MI,150.7100067138672,150.7100067138672,150.64999389648438,150.66000366210938,418
2026-01-20,XYP1.MI,150.63999938964844,150.7100067138672,150.60000610351562,150.6699981689453,616
2026-01-21,XYP1.MI,150.67999267578125,150.75,150.63999938964844,150.63999938964844,1156
2026-01-22,XYP1.MI,151.22000122070312,151.22000122070312,150.58999633789062,150.6300048828125,1337
2026-01-23,XYP1.MI,150.57000732421875,150.6699981689453,150.57000732421875,150.66000366210938,285
2026-01-26,XYP1.MI,150.72000122070312,150.75,150.6999969482422,150.75,865
2026-01-27,XYP1.MI,150.4199981689453,150.75999450683594,150.4199981689453,150.6699981689453,616
2026-01-28,XYP1.MI,150.72000122070312,150.86000061035156,150.72000122070312,150.74000549316406,1046
2026-01-29,XYP1.MI,151.22000122070312,151.22000122070312,150.8000030517578,150.88999938964844,378
2026-01-30,XYP1.MI,150.75999450683594,150.88999938964844,150.75999450683594,150.88999938964844,664
2026-02-02,XYP1.MI,151.2100067138672,151.2100067138672,150.77999877929688,150.77999877929688,65
2026-02-03,XYP1.MI,150.72000122070312,150.77999877929688,150.72000122070312,150.77000427246094,438
2026-02-04,XYP1.MI,150.8000030517578,150.8300018310547,150.77999877929688,150.8300018310547,583
2026-02-05,XYP1.MI,150.86000061035156,150.8699951171875,150.8000030517578,150.8000030517578,1081
2026-02-06,XYP1.MI,150.5,150.9600067138672,150.5,150.88999938964844,819
2026-02-09,XYP1.MI,150.94000244140625,150.99000549316406,150.83999633789062,150.99000549316406,4165
2026-02-10,XYP1.MI,151.0,151.00999450683594,150.9499969482422,150.97999572753906,392
2026-02-11,XYP1.MI,150.97999572753906,151.02999877929688,150.9499969482422,150.9499969482422,1980
2026-02-12,XYP1.MI,151.0,151.0399932861328,150.9600067138672,151.0,629
2026-02-13,XYP1.MI,151.08999633789062,151.10000610351562,151.02000427246094,151.05999755859375,179
2026-02-16,XYP1.MI,151.10000610351562,151.1300048828125,151.05999755859375,151.1199951171875,926
2026-02-17,XYP1.MI,151.16000366210938,151.16000366210938,151.07000732421875,151.07000732421875,411
2026-02-18,XYP1.MI,151.08999633789062,151.13999938964844,151.0500030517578,151.0500030517578,246
2026-02-19,XYP1.MI,151.1199951171875,151.13999938964844,151.0500030517578,151.10000610351562,450
2026-02-20,XYP1.MI,151.13999938964844,151.13999938964844,151.0800018310547,151.08999633789062,53
2026-02-23,XYP1.MI,151.42999267578125,151.42999267578125,151.10000610351562,151.17999267578125,311
2026-02-24,XYP1.MI,151.1300048828125,151.1999969482422,151.1300048828125,151.13999938964844,350
2026-02-25,XYP1.MI,151.1699981689453,151.22000122070312,151.11000061035156,151.22000122070312,775
2026-02-26,XYP1.MI,151.2100067138672,151.24000549316406,151.13999938964844,151.17999267578125,298
2026-02-27,XYP1.MI,151.1300048828125,151.3000030517578,151.1300048828125,151.25,2281
2026-03-02,XYP1.MI,151.24000549316406,151.24000549316406,151.0,151.11000061035156,884
2026-03-03,XYP1.MI,150.8800048828125,150.8800048828125,150.50999450683594,150.64999389648438,794
2026-03-04,XYP1.MI,150.7100067138672,150.8800048828125,150.66000366210938,150.80999755859375,4532
2026-03-05,XYP1.MI,150.8000030517578,150.8000030517578,150.52999877929688,150.52999877929688,625
2026-03-09,XYP1.MI,149.60000610351562,150.2100067138672,149.60000610351562,150.2100067138672,1070
2026-03-10,XYP1.MI,150.3699951171875,150.58999633789062,150.3699951171875,150.55999755859375,676
2026-03-11,XYP1.MI,150.27000427246094,150.38999938964844,150.13999938964844,150.13999938964844,373
2026-03-12,XYP1.MI,150.19000244140625,150.19000244140625,150.10000610351562,150.10000610351562,951
2026-03-13,XYP1.MI,150.00999450683594,150.08999633789062,149.99000549316406,149.99000549316406,592
2026-03-16,XYP1.MI,150.00999450683594,150.16000366210938,150.00999450683594,150.0500030517578,456
2026-03-17,XYP1.MI,151.36000061035156,151.36000061035156,150.1199951171875,150.14999389648438,321
2026-03-18,XYP1.MI,150.11000061035156,150.11000061035156,149.91000366210938,150.0500030517578,274
2026-03-19,XYP1.MI,149.86000061035156,149.86000061035156,149.57000732421875,149.63999938964844,2533
2026-03-20,XYP1.MI,149.52000427246094,149.5800018310547,149.2899932861328,149.2899932861328,176
2026-03-23,XYP1.MI,149.14999389648438,149.42999267578125,148.8699951171875,149.41000366210938,1044
2026-03-24,XYP1.MI,149.52999877929688,149.52999877929688,149.27999877929688,149.3300018310547,98
2026-03-25,XYP1.MI,149.39999389648438,149.57000732421875,149.39999389648438,149.4600067138672,1052
2026-03-26,XYP1.MI,149.30999755859375,149.36000061035156,149.22000122070312,149.27000427246094,452
2026-03-27,XYP1.MI,149.1699981689453,149.24000549316406,149.11000061035156,149.24000549316406,355
2026-03-30,XYP1.MI,149.24000549316406,149.44000244140625,149.24000549316406,149.38999938964844,360
2026-03-31,XYP1.MI,149.36000061035156,149.50999450683594,149.36000061035156,149.50999450683594,1065
2026-04-01,XYP1.MI,149.72999572753906,149.8300018310547,149.6199951171875,149.8300018310547,664
2026-04-02,XYP1.MI,149.6199951171875,149.6699981689453,149.52000427246094,149.55999755859375,32625
2026-04-07,XYP1.MI,150.3000030517578,150.3000030517578,149.3000030517578,149.3000030517578,232
2026-04-08,XYP1.MI,150.16000366210938,150.24000549316406,150.02999877929688,150.1199951171875,394
2026-04-09,XYP1.MI,150.0,150.0,149.94000244140625,149.97000122070312,543
2026-04-10,XYP1.MI,149.9499969482422,150.0,149.85000610351562,149.85000610351562,558
2026-04-13,XYP1.MI,149.75999450683594,149.88999938964844,149.74000549316406,149.74000549316406,13326
2026-04-14,XYP1.MI,149.86000061035156,149.99000549316406,149.86000061035156,149.97000122070312,254
2026-04-15,XYP1.MI,150.10000610351562,150.11000061035156,150.02000427246094,150.0800018310547,654
2026-04-16,XYP1.MI,150.25,150.25,150.14999389648438,150.1699981689453,162
2026-04-17,XYP1.MI,150.1699981689453,150.49000549316406,150.1699981689453,150.44000244140625,347
2026-04-20,XYP1.MI,150.33999633789062,150.4199981689453,150.30999755859375,150.3699951171875,324
2026-04-21,XYP1.MI,150.44000244140625,150.4499969482422,150.22000122070312,150.22000122070312,487
2026-04-22,XYP1.MI,150.3300018310547,150.3300018310547,150.1999969482422,150.1999969482422,462
2026-04-23,XYP1.MI,150.0800018310547,150.17999267578125,150.0800018310547,150.17999267578125,49
2026-04-24,XYP1.MI,150.07000732421875,150.1300048828125,150.0,150.1300048828125,96
2026-04-27,XYP1.MI,150.1300048828125,150.2100067138672,150.1300048828125,150.16000366210938,129
2026-04-28,XYP1.MI,150.02999877929688,150.10000610351562,149.89999389648438,149.89999389648438,331
2026-04-29,XYP1.MI,151.0,151.0,149.8000030517578,149.8000030517578,23
2026-04-30,XYP1.MI,149.77000427246094,150.05999755859375,149.77000427246094,150.0500030517578,7169
2026-05-04,XYP1.MI,149.97000122070312,150.0,149.6999969482422,149.6999969482422,2355
2026-05-05,XYP1.MI,149.92999267578125,149.92999267578125,149.8000030517578,149.9199981689453,224
2026-05-06,XYP1.MI,150.38999938964844,150.38999938964844,150.2899932861328,150.2899932861328,486
2026-05-07,XYP1.MI,150.36000061035156,150.5,150.30999755859375,150.30999755859375,1466
2026-05-08,XYP1.MI,150.25,150.33999633789062,150.24000549316406,150.3300018310547,690
2026-05-11,XYP1.MI,150.27999877929688,150.27999877929688,150.1300048828125,150.1300048828125,62
2026-05-12,XYP1.MI,150.02999877929688,150.02999877929688,149.94000244140625,149.97000122070312,290
2026-05-13,XYP1.MI,150.0800018310547,150.0800018310547,149.9199981689453,150.0,1333
2026-05-14,XYP1.MI,150.0399932861328,150.1699981689453,150.0399932861328,150.1699981689453,226
2026-05-15,XYP1.MI,150.0399932861328,150.07000732421875,149.9499969482422,149.9600067138672,952
2026-05-18,XYP1.MI,149.8699951171875,150.99000549316406,149.80999755859375,149.97999572753906,11939
2026-05-19,XYP1.MI,150.10000610351562,150.1199951171875,149.8800048828125,149.8800048828125,6176
2026-05-20,XYP1.MI,150.0,150.22999572753906,150.0,150.22999572753906,7930
2026-05-21,XYP1.MI,150.33999633789062,150.33999633789062,150.13999938964844,150.14999389648438,1188
2026-05-22,XYP1.MI,150.33999633789062,150.3800048828125,150.3000030517578,150.3000030517578,123
2026-05-25,XYP1.MI,150.6300048828125,150.75999450683594,150.47000122070312,150.66000366210938,697
2026-05-26,XYP1.MI,150.5500030517578,150.60000610351562,150.44000244140625,150.4600067138672,2674
2026-05-27,XYP1.MI,150.61000061035156,150.61000061035156,150.47000122070312,150.47000122070312,411
2026-05-28,XYP1.MI,150.42999267578125,150.5800018310547,150.39999389648438,150.5800018310547,612
2026-05-29,XYP1.MI,150.5399932861328,150.75,150.5399932861328,150.6300048828125,427
2026-06-01,XYP1.MI,150.47999572753906,150.58999633789062,150.3000030517578,150.47000122070312,1384
2026-06-02,XYP1.MI,150.61000061035156,150.6199951171875,150.47000122070312,150.47000122070312,1907
2026-06-03,XYP1.MI,150.3800048828125,150.39999389648438,150.24000549316406,150.24000549316406,534
2026-06-04,XYP1.MI,151.6199951171875,151.6199951171875,150.33999633789062,150.36000061035156,424
2026-06-05,XYP1.MI,150.25,150.44000244140625,150.24000549316406,150.25999450683594,170
2026-06-08,XYP1.MI,150.25999450683594,150.25999450683594,150.19000244140625,150.19000244140625,1424
2026-06-09,XYP1.MI,150.2899932861328,150.6999969482422,150.25999450683594,150.25999450683594,657
2026-06-10,XYP1.MI,150.35000610351562,150.35000610351562,150.22000122070312,150.3000030517578,86
2026-06-11,XYP1.MI,150.3699951171875,150.42999267578125,150.33999633789062,150.41000366210938,167
2026-06-12,XYP1.MI,150.5,150.61000061035156,150.44000244140625,150.57000732421875,51
2026-06-15,XYP1.MI,150.6999969482422,150.80999755859375,150.69000244140625,150.7899932861328,465
2026-06-16,XYP1.MI,150.77999877929688,150.8300018310547,150.67999267578125,150.67999267578125,276
2026-06-17,XYP1.MI,150.8300018310547,150.8300018310547,150.63999938964844,150.7899932861328,148
2026-06-18,XYP1.MI,150.74000549316406,150.83999633789062,150.5800018310547,150.7100067138672,401
2026-06-19,XYP1.MI,149.38999938964844,150.69000244140625,149.38999938964844,150.61000061035156,333
2026-06-22,XYP1.MI,150.63999938964844,150.69000244140625,150.6300048828125,150.69000244140625,80
2026-06-23,XYP1.MI,150.8000030517578,150.91000366210938,150.8000030517578,150.8699951171875,177
2026-06-24,XYP1.MI,150.77000427246094,150.8699951171875,150.77000427246094,150.85000610351562,53
2026-06-25,XYP1.MI,150.89999389648438,151.00999450683594,150.89999389648438,151.00999450683594,417
2026-06-26,XYP1.MI,151.0,151.3300018310547,151.0,151.0,769
2026-06-29,XYP1.MI,150.9499969482422,151.0399932861328,150.91000366210938,150.9600067138672,346
2026-06-30,XYP1.MI,151.05999755859375,151.05999755859375,150.9600067138672,150.9600067138672,62
2026-07-01,XYP1.MI,151.0399932861328,151.16000366210938,150.92999267578125,151.16000366210938,249
2026-07-02,XYP1.MI,151.0800018310547,151.1300048828125,150.99000549316406,150.99000549316406,16
2026-07-03,XYP1.MI,151.0800018310547,151.0800018310547,150.99000549316406,150.99000549316406,6
2026-07-06,XYP1.MI,151.10000610351562,151.30999755859375,150.97000122070312,150.97000122070312,605
2026-07-07,XYP1.MI,151.00999450683594,151.00999450683594,150.8699951171875,150.9199981689453,143
2026-07-08,XYP1.MI,150.77999877929688,150.77999877929688,150.60000610351562,150.61000061035156,82
2026-07-09,XYP1.MI,150.64999389648438,150.86000061035156,150.64999389648438,150.86000061035156,101
2026-07-10,XYP1.MI,150.75999450683594,150.9199981689453,150.74000549316406,150.7899932861328,1143
2026-07-13,XYP1.MI,150.69000244140625,150.72000122070312,150.61000061035156,150.61000061035156,126
2026-07-14,XYP1.MI,150.4600067138672,150.58999633789062,150.3800048828125,150.58999633789062,158
2026-07-15,XYP1.MI,150.47000122070312,150.66000366210938,150.47000122070312,150.66000366210938,1608
2026-07-16,XYP1.MI,150.60000610351562,150.60000610351562,150.50999450683594,150.50999450683594,38
2026-07-17,XYP1.MI,150.52999877929688,150.52999877929688,150.47000122070312,150.47999572753906,35
2026-07-20,XYP1.MI,150.49000549316406,150.5500030517578,150.4499969482422,150.4499969482422,492
2026-07-21,XYP1.MI,150.55999755859375,150.55999755859375,150.4199981689453,150.4499969482422,230
2026-07-22,XYP1.MI,150.39999389648438,150.42999267578125,150.32000732421875,150.3300018310547,1459
2026-07-23,XYP1.MI,150.3699951171875,150.3699951171875,150.22999572753906,150.22999572753906,12
2026-07-24,XYP1.MI,150.3300018310547,150.41000366210938,150.30999755859375,150.41000366210938,1725
2026-07-27,XYP1.MI,150.6300048828125,150.6300048828125,150.5500030517578,150.57000732421875,75
2026-07-28,XYP1.MI,150.66000366210938,150.67999267578125,150.58999633789062,150.67999267578125,233
