Date,Ticker,Open,High,Low,Close,Volume
2018-07-31,XZMU.MI,22.190000534057617,22.270000457763672,22.190000534057617,22.270000457763672,4958
2018-08-01,XZMU.MI,22.280000686645508,22.334999084472656,22.280000686645508,22.334999084472656,7401
2018-08-02,XZMU.MI,22.334999084472656,22.334999084472656,22.334999084472656,22.334999084472656,0
2018-08-03,XZMU.MI,22.334999084472656,22.334999084472656,22.334999084472656,22.334999084472656,0
2018-08-06,XZMU.MI,22.334999084472656,22.334999084472656,22.334999084472656,22.334999084472656,0
2018-08-07,XZMU.MI,22.334999084472656,22.334999084472656,22.334999084472656,22.334999084472656,0
2018-08-08,XZMU.MI,22.334999084472656,22.334999084472656,22.334999084472656,22.334999084472656,0
2018-08-09,XZMU.MI,22.334999084472656,22.334999084472656,22.334999084472656,22.334999084472656,0
2018-08-10,XZMU.MI,22.334999084472656,22.334999084472656,22.334999084472656,22.334999084472656,0
2018-08-13,XZMU.MI,22.334999084472656,22.334999084472656,22.334999084472656,22.334999084472656,0
2018-08-14,XZMU.MI,22.334999084472656,22.334999084472656,22.334999084472656,22.334999084472656,0
2018-08-16,XZMU.MI,22.334999084472656,22.334999084472656,22.334999084472656,22.334999084472656,0
2018-08-17,XZMU.MI,22.334999084472656,22.334999084472656,22.334999084472656,22.334999084472656,0
2018-08-20,XZMU.MI,22.334999084472656,22.334999084472656,22.334999084472656,22.334999084472656,0
2018-08-21,XZMU.MI,22.334999084472656,22.334999084472656,22.334999084472656,22.334999084472656,0
2018-08-22,XZMU.MI,22.334999084472656,22.334999084472656,22.334999084472656,22.334999084472656,0
2018-08-23,XZMU.MI,22.334999084472656,22.334999084472656,22.334999084472656,22.334999084472656,0
2018-08-24,XZMU.MI,22.334999084472656,22.334999084472656,22.334999084472656,22.334999084472656,0
2018-08-27,XZMU.MI,22.334999084472656,22.334999084472656,22.334999084472656,22.334999084472656,0
2018-08-28,XZMU.MI,22.334999084472656,22.334999084472656,22.334999084472656,22.334999084472656,0
2018-08-29,XZMU.MI,22.334999084472656,22.334999084472656,22.334999084472656,22.334999084472656,0
2018-08-30,XZMU.MI,22.334999084472656,22.334999084472656,22.334999084472656,22.334999084472656,0
2018-08-31,XZMU.MI,22.334999084472656,22.334999084472656,22.334999084472656,22.334999084472656,0
2018-09-03,XZMU.MI,22.334999084472656,22.334999084472656,22.334999084472656,22.334999084472656,0
2018-09-04,XZMU.MI,23.165000915527344,23.165000915527344,23.125,23.125,2272
2018-09-05,XZMU.MI,23.0049991607666,23.0049991607666,22.850000381469727,22.850000381469727,4374
2018-09-06,XZMU.MI,22.850000381469727,22.850000381469727,22.850000381469727,22.850000381469727,0
2018-09-07,XZMU.MI,22.770000457763672,22.924999237060547,22.770000457763672,22.924999237060547,31985
2018-09-10,XZMU.MI,22.93000030517578,22.93000030517578,22.93000030517578,22.93000030517578,2403
2018-09-11,XZMU.MI,22.93000030517578,22.93000030517578,22.93000030517578,22.93000030517578,0
2018-09-12,XZMU.MI,22.959999084472656,22.989999771118164,22.854999542236328,22.924999237060547,16956
2018-09-13,XZMU.MI,22.924999237060547,22.93000030517578,22.915000915527344,22.93000030517578,6973
2018-09-14,XZMU.MI,23.024999618530273,23.079999923706055,23.024999618530273,23.079999923706055,2401
2018-09-17,XZMU.MI,23.079999923706055,23.079999923706055,23.079999923706055,23.079999923706055,0
2018-09-18,XZMU.MI,23.079999923706055,23.079999923706055,23.079999923706055,23.079999923706055,0
2018-09-19,XZMU.MI,23.079999923706055,23.079999923706055,23.079999923706055,23.079999923706055,0
2018-09-20,XZMU.MI,23.079999923706055,23.079999923706055,23.079999923706055,23.079999923706055,0
2018-09-21,XZMU.MI,23.065000534057617,23.145000457763672,23.065000534057617,23.114999771118164,12115
2018-09-24,XZMU.MI,22.885000228881836,22.94499969482422,22.885000228881836,22.94499969482422,8147
2018-09-25,XZMU.MI,22.94499969482422,22.94499969482422,22.94499969482422,22.94499969482422,0
2018-09-26,XZMU.MI,22.969999313354492,23.030000686645508,22.969999313354492,23.014999389648438,14145
2018-09-27,XZMU.MI,23.014999389648438,23.014999389648438,23.014999389648438,23.014999389648438,0
2018-09-28,XZMU.MI,23.014999389648438,23.014999389648438,23.014999389648438,23.014999389648438,0
2018-10-01,XZMU.MI,23.014999389648438,23.014999389648438,23.014999389648438,23.014999389648438,0
2018-10-02,XZMU.MI,23.014999389648438,23.014999389648438,23.014999389648438,23.014999389648438,0
2018-10-03,XZMU.MI,23.014999389648438,23.014999389648438,23.014999389648438,23.014999389648438,0
2018-10-04,XZMU.MI,23.014999389648438,23.014999389648438,23.014999389648438,23.014999389648438,0
2018-10-05,XZMU.MI,23.014999389648438,23.014999389648438,23.014999389648438,23.014999389648438,0
2018-10-08,XZMU.MI,23.014999389648438,23.014999389648438,23.014999389648438,23.014999389648438,0
2018-10-09,XZMU.MI,23.014999389648438,23.014999389648438,23.014999389648438,23.014999389648438,0
2018-10-10,XZMU.MI,23.014999389648438,23.014999389648438,23.014999389648438,23.014999389648438,0
2018-10-11,XZMU.MI,23.014999389648438,23.014999389648438,23.014999389648438,23.014999389648438,0
2018-10-12,XZMU.MI,21.920000076293945,21.959999084472656,21.899999618530273,21.959999084472656,1878
2018-10-15,XZMU.MI,21.834999084472656,21.950000762939453,21.834999084472656,21.950000762939453,6954
2018-10-16,XZMU.MI,21.844999313354492,22.145000457763672,21.844999313354492,22.145000457763672,14474
2018-10-17,XZMU.MI,22.145000457763672,22.145000457763672,22.145000457763672,22.145000457763672,0
2018-10-18,XZMU.MI,22.145000457763672,22.145000457763672,22.145000457763672,22.145000457763672,0
2018-10-19,XZMU.MI,22.290000915527344,22.30500030517578,22.2450008392334,22.2450008392334,33984
2018-10-22,XZMU.MI,22.0,22.075000762939453,22.0,22.075000762939453,5664
2018-10-23,XZMU.MI,21.770000457763672,21.770000457763672,21.565000534057617,21.6200008392334,35472
2018-10-24,XZMU.MI,21.889999389648438,21.889999389648438,21.71500015258789,21.71500015258789,2401
2018-10-25,XZMU.MI,21.385000228881836,21.735000610351562,21.385000228881836,21.735000610351562,28320
2018-10-26,XZMU.MI,21.459999084472656,21.469999313354492,21.405000686645508,21.405000686645508,8076
2018-10-29,XZMU.MI,21.7450008392334,21.7450008392334,21.549999237060547,21.549999237060547,5664
2018-10-30,XZMU.MI,21.549999237060547,21.549999237060547,21.549999237060547,21.549999237060547,0
2018-10-31,XZMU.MI,21.549999237060547,21.549999237060547,21.549999237060547,21.549999237060547,0
2018-11-01,XZMU.MI,22.024999618530273,22.024999618530273,21.979999542236328,22.010000228881836,5888
2018-11-02,XZMU.MI,22.21500015258789,22.21500015258789,21.96500015258789,22.014999389648438,22633
2018-11-05,XZMU.MI,22.065000534057617,22.065000534057617,22.0,22.03499984741211,58511
2018-11-06,XZMU.MI,22.1200008392334,22.190000534057617,22.1200008392334,22.190000534057617,5798
2018-11-07,XZMU.MI,22.325000762939453,22.43000030517578,22.325000762939453,22.43000030517578,11611
2018-11-08,XZMU.MI,22.649999618530273,22.729999542236328,22.649999618530273,22.729999542236328,5000
2018-11-09,XZMU.MI,22.729999542236328,22.729999542236328,22.729999542236328,22.729999542236328,0
2018-11-12,XZMU.MI,22.625,22.639999389648438,22.459999084472656,22.459999084472656,11342
2018-11-13,XZMU.MI,22.475000381469727,22.579999923706055,22.385000228881836,22.579999923706055,33960
2018-11-14,XZMU.MI,22.579999923706055,22.579999923706055,22.579999923706055,22.579999923706055,0
2018-11-15,XZMU.MI,22.15999984741211,22.170000076293945,22.084999084472656,22.170000076293945,22640
2018-11-16,XZMU.MI,22.30500030517578,22.30500030517578,22.204999923706055,22.204999923706055,34044
2018-11-19,XZMU.MI,22.204999923706055,22.204999923706055,22.204999923706055,22.204999923706055,0
2018-11-20,XZMU.MI,21.614999771118164,21.71500015258789,21.610000610351562,21.614999771118164,48746
2018-11-21,XZMU.MI,21.68000030517578,21.75,21.68000030517578,21.75,34044
2018-11-22,XZMU.MI,21.75,21.75,21.75,21.75,0
2018-11-23,XZMU.MI,21.75,21.75,21.75,21.75,0
2018-11-26,XZMU.MI,21.75,21.75,21.75,21.75,0
2018-11-27,XZMU.MI,21.75,21.75,21.75,21.75,0
2018-11-28,XZMU.MI,22.299999237060547,22.299999237060547,22.2450008392334,22.2450008392334,5674
2018-11-29,XZMU.MI,22.299999237060547,22.3700008392334,22.299999237060547,22.3700008392334,5674
2018-11-30,XZMU.MI,22.440000534057617,22.6299991607666,22.440000534057617,22.565000534057617,22745
2018-12-03,XZMU.MI,23.100000381469727,23.110000610351562,22.834999084472656,22.834999084472656,26004
2018-12-04,XZMU.MI,22.739999771118164,22.739999771118164,22.719999313354492,22.719999313354492,5731
2018-12-05,XZMU.MI,22.299999237060547,22.299999237060547,22.260000228881836,22.260000228881836,5731
2018-12-06,XZMU.MI,21.735000610351562,21.735000610351562,21.545000076293945,21.545000076293945,17844
2018-12-07,XZMU.MI,21.545000076293945,21.545000076293945,21.545000076293945,21.545000076293945,0
2018-12-10,XZMU.MI,21.545000076293945,21.545000076293945,21.545000076293945,21.545000076293945,0
2018-12-11,XZMU.MI,22.065000534057617,22.065000534057617,21.915000915527344,21.915000915527344,27280
2018-12-12,XZMU.MI,21.975000381469727,22.059999465942383,21.975000381469727,22.045000076293945,10829
2018-12-13,XZMU.MI,21.93000030517578,22.0049991607666,21.825000762939453,21.825000762939453,16956
2018-12-14,XZMU.MI,21.639999389648438,21.764999389648438,21.639999389648438,21.704999923706055,21564
2018-12-17,XZMU.MI,21.239999771118164,21.354999542236328,21.239999771118164,21.334999084472656,11731
2018-12-18,XZMU.MI,20.975000381469727,21.045000076293945,20.959999084472656,20.959999084472656,10412
2018-12-19,XZMU.MI,20.860000610351562,20.985000610351562,20.860000610351562,20.985000610351562,5652
2018-12-20,XZMU.MI,20.469999313354492,20.520000457763672,20.364999771118164,20.364999771118164,17407
2018-12-21,XZMU.MI,20.34000015258789,20.43000030517578,20.325000762939453,20.350000381469727,22608
2018-12-27,XZMU.MI,20.229999542236328,20.229999542236328,20.045000076293945,20.059999465942383,27610
2018-12-28,XZMU.MI,20.385000228881836,20.59000015258789,20.385000228881836,20.399999618530273,12664
2019-01-02,XZMU.MI,20.21500015258789,20.674999237060547,20.21500015258789,20.674999237060547,6224
2019-01-03,XZMU.MI,20.440000534057617,20.575000762939453,20.229999542236328,20.30500030517578,84386
2019-01-04,XZMU.MI,20.360000610351562,20.774999618530273,20.360000610351562,20.774999618530273,11398
2019-01-07,XZMU.MI,20.84000015258789,20.969999313354492,20.795000076293945,20.969999313354492,37309
2019-01-08,XZMU.MI,20.969999313354492,20.969999313354492,20.969999313354492,20.969999313354492,0
2019-01-09,XZMU.MI,21.235000610351562,21.239999771118164,21.174999237060547,21.174999237060547,2640
2019-01-10,XZMU.MI,21.174999237060547,21.174999237060547,21.174999237060547,21.174999237060547,0
2019-01-11,XZMU.MI,21.2450008392334,21.2450008392334,21.2450008392334,21.2450008392334,2586
2019-01-14,XZMU.MI,21.2450008392334,21.2450008392334,21.2450008392334,21.2450008392334,0
2019-01-15,XZMU.MI,21.2450008392334,21.2450008392334,21.2450008392334,21.2450008392334,0
2019-01-16,XZMU.MI,21.600000381469727,21.665000915527344,21.600000381469727,21.665000915527344,5098
2019-01-17,XZMU.MI,21.524999618530273,21.729999542236328,21.524999618530273,21.729999542236328,9710
2019-01-18,XZMU.MI,21.850000381469727,22.18000030517578,21.850000381469727,22.18000030517578,1145
2019-01-21,XZMU.MI,22.05500030517578,22.084999084472656,22.05500030517578,22.084999084472656,11699
2019-01-22,XZMU.MI,22.084999084472656,22.084999084472656,22.084999084472656,22.084999084472656,0
2019-01-23,XZMU.MI,21.959999084472656,21.959999084472656,21.829999923706055,21.829999923706055,1000
2019-01-24,XZMU.MI,22.03499984741211,22.03499984741211,21.959999084472656,21.959999084472656,2511
2019-01-25,XZMU.MI,22.059999465942383,22.059999465942383,22.020000457763672,22.020000457763672,50
2019-01-28,XZMU.MI,22.020000457763672,22.020000457763672,22.020000457763672,22.020000457763672,0
2019-01-29,XZMU.MI,21.799999237060547,21.799999237060547,21.674999237060547,21.674999237060547,3219
2019-01-30,XZMU.MI,21.729999542236328,21.825000762939453,21.729999542236328,21.825000762939453,15480
2019-01-31,XZMU.MI,21.84000015258789,22.059999465942383,21.84000015258789,22.059999465942383,26143
2019-02-01,XZMU.MI,22.155000686645508,22.21500015258789,22.104999542236328,22.170000076293945,28113
2019-02-04,XZMU.MI,22.219999313354492,22.30500030517578,22.219999313354492,22.30500030517578,1126
2019-02-05,XZMU.MI,22.375,22.520000457763672,22.350000381469727,22.489999771118164,31903
2019-02-06,XZMU.MI,22.489999771118164,22.489999771118164,22.489999771118164,22.489999771118164,0
2019-02-07,XZMU.MI,22.489999771118164,22.489999771118164,22.489999771118164,22.489999771118164,0
2019-02-08,XZMU.MI,22.489999771118164,22.489999771118164,22.489999771118164,22.489999771118164,0
2019-02-11,XZMU.MI,22.489999771118164,22.489999771118164,22.489999771118164,22.489999771118164,0
2019-02-12,XZMU.MI,22.790000915527344,22.844999313354492,22.790000915527344,22.844999313354492,1109
2019-02-13,XZMU.MI,22.844999313354492,22.844999313354492,22.844999313354492,22.844999313354492,0
2019-02-14,XZMU.MI,23.104999542236328,23.104999542236328,22.90999984741211,22.90999984741211,2174
2019-02-15,XZMU.MI,22.950000762939453,23.18000030517578,22.950000762939453,23.155000686645508,3477
2019-02-18,XZMU.MI,23.155000686645508,23.155000686645508,23.155000686645508,23.155000686645508,0
2019-02-19,XZMU.MI,23.155000686645508,23.155000686645508,23.155000686645508,23.155000686645508,0
2019-02-20,XZMU.MI,23.155000686645508,23.155000686645508,23.155000686645508,23.155000686645508,0
2019-02-21,XZMU.MI,23.155000686645508,23.155000686645508,23.155000686645508,23.155000686645508,0
2019-02-22,XZMU.MI,23.155000686645508,23.155000686645508,23.155000686645508,23.155000686645508,0
2019-02-25,XZMU.MI,23.34000015258789,23.3799991607666,23.34000015258789,23.3799991607666,3012
2019-02-26,XZMU.MI,23.21500015258789,23.290000915527344,23.21500015258789,23.290000915527344,430
2019-02-27,XZMU.MI,23.290000915527344,23.290000915527344,23.290000915527344,23.290000915527344,0
2019-02-28,XZMU.MI,23.149999618530273,23.174999237060547,23.114999771118164,23.174999237060547,6862
2019-03-01,XZMU.MI,23.31999969482422,23.31999969482422,23.235000610351562,23.235000610351562,2374
2019-03-04,XZMU.MI,23.545000076293945,23.55500030517578,23.354999542236328,23.354999542236328,15759
2019-03-05,XZMU.MI,23.354999542236328,23.354999542236328,23.354999542236328,23.354999542236328,0
2019-03-06,XZMU.MI,23.354999542236328,23.354999542236328,23.354999542236328,23.354999542236328,0
2019-03-07,XZMU.MI,23.21500015258789,23.21500015258789,23.139999389648438,23.21500015258789,11381
2019-03-08,XZMU.MI,23.114999771118164,23.114999771118164,22.979999542236328,23.010000228881836,27338
2019-03-11,XZMU.MI,23.145000457763672,23.389999389648438,23.114999771118164,23.389999389648438,77656
2019-03-12,XZMU.MI,23.389999389648438,23.389999389648438,23.389999389648438,23.389999389648438,0
2019-03-13,XZMU.MI,23.4950008392334,23.604999542236328,23.4950008392334,23.604999542236328,2345
2019-03-14,XZMU.MI,23.545000076293945,23.56999969482422,23.545000076293945,23.56999969482422,6542
2019-03-15,XZMU.MI,23.579999923706055,23.700000762939453,23.579999923706055,23.700000762939453,5771
2019-03-18,XZMU.MI,23.635000228881836,23.655000686645508,23.594999313354492,23.594999313354492,8848
2019-03-19,XZMU.MI,23.75,23.770000457763672,23.704999923706055,23.770000457763672,11605
2019-03-20,XZMU.MI,23.639999389648438,23.639999389648438,23.4950008392334,23.4950008392334,22342
2019-03-21,XZMU.MI,23.354999542236328,23.670000076293945,23.334999084472656,23.670000076293945,18135
2019-03-22,XZMU.MI,23.709999084472656,23.709999084472656,23.454999923706055,23.454999923706055,28781
2019-03-25,XZMU.MI,23.30500030517578,23.3700008392334,23.30500030517578,23.329999923706055,13425
2019-03-26,XZMU.MI,23.545000076293945,23.594999313354492,23.514999389648438,23.514999389648438,30544
2019-03-27,XZMU.MI,23.514999389648438,23.514999389648438,23.514999389648438,23.514999389648438,0
2019-03-28,XZMU.MI,23.530000686645508,23.649999618530273,23.520000457763672,23.56999969482422,16912
2019-03-29,XZMU.MI,23.56999969482422,23.56999969482422,23.56999969482422,23.56999969482422,0
2019-04-01,XZMU.MI,24.06999969482422,24.09000015258789,24.065000534057617,24.09000015258789,6685
2019-04-02,XZMU.MI,24.09000015258789,24.09000015258789,24.09000015258789,24.09000015258789,0
2019-04-03,XZMU.MI,24.09000015258789,24.09000015258789,24.09000015258789,24.09000015258789,0
2019-04-04,XZMU.MI,24.270000457763672,24.28499984741211,24.184999465942383,24.184999465942383,27042
2019-04-05,XZMU.MI,24.260000228881836,24.350000381469727,24.260000228881836,24.350000381469727,6783
2019-04-08,XZMU.MI,24.350000381469727,24.350000381469727,24.350000381469727,24.350000381469727,0
2019-04-09,XZMU.MI,24.235000610351562,24.235000610351562,24.09000015258789,24.110000610351562,26289
2019-04-10,XZMU.MI,24.125,24.204999923706055,24.125,24.174999237060547,42446
2019-04-11,XZMU.MI,24.174999237060547,24.174999237060547,24.174999237060547,24.174999237060547,0
2019-04-12,XZMU.MI,24.174999237060547,24.174999237060547,24.174999237060547,24.174999237060547,0
2019-04-15,XZMU.MI,24.350000381469727,24.350000381469727,24.309999465942383,24.309999465942383,4518
2019-04-16,XZMU.MI,24.309999465942383,24.309999465942383,24.309999465942383,24.309999465942383,0
2019-04-17,XZMU.MI,24.434999465942383,24.44499969482422,24.280000686645508,24.280000686645508,44720
2019-04-18,XZMU.MI,24.280000686645508,24.280000686645508,24.280000686645508,24.280000686645508,0
2019-04-23,XZMU.MI,24.399999618530273,24.69499969482422,24.395000457763672,24.69499969482422,8807
2019-04-24,XZMU.MI,24.69499969482422,24.69499969482422,24.69499969482422,24.69499969482422,0
2019-04-25,XZMU.MI,24.90999984741211,24.90999984741211,24.799999237060547,24.895000457763672,25732
2019-04-26,XZMU.MI,24.895000457763672,24.895000457763672,24.895000457763672,24.895000457763672,0
2019-04-29,XZMU.MI,24.895000457763672,24.895000457763672,24.895000457763672,24.895000457763672,0
2019-04-30,XZMU.MI,24.905000686645508,24.915000915527344,24.75,24.75,38500
2019-05-02,XZMU.MI,24.75,24.75,24.75,24.75,0
2019-05-03,XZMU.MI,24.75,24.75,24.75,24.75,0
2019-05-06,XZMU.MI,24.40999984741211,24.6299991607666,24.40999984741211,24.6299991607666,17091
2019-05-07,XZMU.MI,24.639999389648438,24.639999389648438,24.399999618530273,24.399999618530273,6663
2019-05-08,XZMU.MI,24.34000015258789,24.364999771118164,24.30500030517578,24.364999771118164,2460
2019-05-09,XZMU.MI,24.19499969482422,24.19499969482422,23.860000610351562,23.860000610351562,39636
2019-05-10,XZMU.MI,24.075000762939453,24.075000762939453,23.799999237060547,23.799999237060547,2000
2019-05-13,XZMU.MI,23.959999084472656,23.975000381469727,23.65999984741211,23.65999984741211,74526
2019-05-14,XZMU.MI,23.68000030517578,23.969999313354492,23.68000030517578,23.969999313354492,18376
2019-05-15,XZMU.MI,23.875,24.09000015258789,23.850000381469727,24.09000015258789,6903
2019-05-16,XZMU.MI,24.30500030517578,24.549999237060547,24.30500030517578,24.53499984741211,22374
2019-05-17,XZMU.MI,24.395000457763672,24.53499984741211,24.280000686645508,24.53499984741211,41400
2019-05-20,XZMU.MI,24.19499969482422,24.239999771118164,24.19499969482422,24.209999084472656,4522
2019-05-21,XZMU.MI,24.334999084472656,24.389999389648438,24.334999084472656,24.389999389648438,17754
2019-05-22,XZMU.MI,24.389999389648438,24.395000457763672,24.325000762939453,24.395000457763672,21875
2019-05-23,XZMU.MI,24.155000686645508,24.155000686645508,24.049999237060547,24.049999237060547,26184
2019-05-24,XZMU.MI,24.049999237060547,24.049999237060547,24.049999237060547,24.049999237060547,0
2019-05-27,XZMU.MI,24.049999237060547,24.049999237060547,24.045000076293945,24.049999237060547,9168
2019-05-28,XZMU.MI,24.049999237060547,24.049999237060547,24.049999237060547,24.049999237060547,0
2019-05-29,XZMU.MI,23.780000686645508,23.780000686645508,23.709999084472656,23.709999084472656,38018
2019-05-30,XZMU.MI,23.844999313354492,23.899999618530273,23.799999237060547,23.799999237060547,40515
2019-05-31,XZMU.MI,23.799999237060547,23.799999237060547,23.799999237060547,23.799999237060547,0
2019-06-03,XZMU.MI,23.334999084472656,23.399999618530273,23.264999389648438,23.3799991607666,77692
2019-06-04,XZMU.MI,23.43000030517578,23.59000015258789,23.40999984741211,23.59000015258789,32288
2019-06-05,XZMU.MI,23.709999084472656,23.834999084472656,23.649999618530273,23.78499984741211,62956
2019-06-06,XZMU.MI,23.815000534057617,23.875,23.815000534057617,23.875,15607
2019-06-07,XZMU.MI,23.950000762939453,24.18000030517578,23.94499969482422,24.15999984741211,38048
2019-06-10,XZMU.MI,24.350000381469727,24.389999389648438,24.344999313354492,24.354999542236328,30998
2019-06-11,XZMU.MI,24.295000076293945,24.399999618530273,24.295000076293945,24.299999237060547,39498
2019-06-12,XZMU.MI,24.139999389648438,24.25,24.139999389648438,24.18000030517578,59328
2019-06-13,XZMU.MI,24.389999389648438,24.440000534057617,24.364999771118164,24.364999771118164,4544
2019-06-14,XZMU.MI,24.479999542236328,24.520000457763672,24.479999542236328,24.485000610351562,9008
2019-06-17,XZMU.MI,24.485000610351562,24.485000610351562,24.485000610351562,24.485000610351562,0
2019-06-18,XZMU.MI,24.485000610351562,24.485000610351562,24.485000610351562,24.485000610351562,0
2019-06-19,XZMU.MI,24.770000457763672,24.770000457763672,24.7450008392334,24.7450008392334,8658
2019-06-20,XZMU.MI,24.860000610351562,24.905000686645508,24.860000610351562,24.875,6857
2019-06-21,XZMU.MI,24.760000228881836,24.8799991607666,24.760000228881836,24.8799991607666,8824
2019-06-24,XZMU.MI,24.665000915527344,24.690000534057617,24.649999618530273,24.665000915527344,17340
2019-06-25,XZMU.MI,24.594999313354492,24.6200008392334,24.485000610351562,24.520000457763672,29418
2019-06-26,XZMU.MI,24.475000381469727,24.514999389648438,24.405000686645508,24.405000686645508,13096
2019-06-27,XZMU.MI,24.440000534057617,24.440000534057617,24.375,24.3799991607666,10866
2019-06-28,XZMU.MI,24.475000381469727,24.475000381469727,24.43000030517578,24.43000030517578,1022
2019-07-01,XZMU.MI,24.899999618530273,24.90999984741211,24.834999084472656,24.834999084472656,8968
2019-07-02,XZMU.MI,24.899999618530273,24.94499969482422,24.8799991607666,24.934999465942383,2028
2019-07-03,XZMU.MI,24.934999465942383,24.934999465942383,24.934999465942383,24.934999465942383,0
2019-07-04,XZMU.MI,24.934999465942383,24.934999465942383,24.934999465942383,24.934999465942383,0
2019-07-05,XZMU.MI,25.270000457763672,25.274999618530273,25.270000457763672,25.270000457763672,4344
2019-07-08,XZMU.MI,25.290000915527344,25.290000915527344,25.225000381469727,25.225000381469727,989
2019-07-09,XZMU.MI,25.225000381469727,25.225000381469727,25.225000381469727,25.225000381469727,0
2019-07-10,XZMU.MI,25.360000610351562,25.360000610351562,25.21500015258789,25.21500015258789,2959
2019-07-11,XZMU.MI,25.21500015258789,25.21500015258789,25.21500015258789,25.21500015258789,0
2019-07-12,XZMU.MI,25.21500015258789,25.21500015258789,25.21500015258789,25.21500015258789,0
2019-07-15,XZMU.MI,25.415000915527344,25.434999465942383,25.40999984741211,25.434999465942383,8448
2019-07-16,XZMU.MI,25.559999465942383,25.559999465942383,25.5,25.510000228881836,7249
2019-07-17,XZMU.MI,25.510000228881836,25.510000228881836,25.510000228881836,25.510000228881836,0
2019-07-18,XZMU.MI,25.510000228881836,25.510000228881836,25.510000228881836,25.510000228881836,0
2019-07-19,XZMU.MI,25.510000228881836,25.510000228881836,25.510000228881836,25.510000228881836,0
2019-07-22,XZMU.MI,25.510000228881836,25.510000228881836,25.510000228881836,25.510000228881836,0
2019-07-23,XZMU.MI,25.469999313354492,25.475000381469727,25.420000076293945,25.440000534057617,25256
2019-07-24,XZMU.MI,25.440000534057617,25.440000534057617,25.440000534057617,25.440000534057617,0
2019-07-25,XZMU.MI,25.729999542236328,25.834999084472656,25.594999313354492,25.614999771118164,50110
2019-07-26,XZMU.MI,25.795000076293945,25.975000381469727,25.790000915527344,25.975000381469727,24972
2019-07-29,XZMU.MI,25.975000381469727,25.975000381469727,25.975000381469727,25.975000381469727,0
2019-07-30,XZMU.MI,25.96500015258789,25.96500015258789,25.864999771118164,25.90999984741211,2131
2019-07-31,XZMU.MI,25.885000228881836,25.889999389648438,25.885000228881836,25.889999389648438,6199
2019-08-01,XZMU.MI,25.889999389648438,25.889999389648438,25.889999389648438,25.889999389648438,0
2019-08-02,XZMU.MI,25.485000610351562,25.485000610351562,25.229999542236328,25.229999542236328,10345
2019-08-05,XZMU.MI,24.844999313354492,24.920000076293945,24.53499984741211,24.565000534057617,84613
2019-08-06,XZMU.MI,24.450000762939453,24.604999542236328,24.44499969482422,24.469999313354492,28476
2019-08-07,XZMU.MI,24.475000381469727,24.4950008392334,24.165000915527344,24.389999389648438,51942
2019-08-08,XZMU.MI,24.770000457763672,24.96500015258789,24.770000457763672,24.96500015258789,10932
2019-08-09,XZMU.MI,24.96500015258789,24.96500015258789,24.96500015258789,24.96500015258789,0
2019-08-12,XZMU.MI,24.96500015258789,24.96500015258789,24.96500015258789,24.96500015258789,0
2019-08-13,XZMU.MI,24.96500015258789,24.96500015258789,24.96500015258789,24.96500015258789,0
2019-08-14,XZMU.MI,24.7549991607666,24.760000228881836,24.635000228881836,24.635000228881836,10731
2019-08-16,XZMU.MI,24.834999084472656,24.969999313354492,24.825000762939453,24.969999313354492,4472
2019-08-19,XZMU.MI,24.969999313354492,24.969999313354492,24.969999313354492,24.969999313354492,0
2019-08-20,XZMU.MI,24.969999313354492,24.969999313354492,24.969999313354492,24.969999313354492,0
2019-08-21,XZMU.MI,25.25,25.350000381469727,25.2450008392334,25.350000381469727,8764
2019-08-22,XZMU.MI,25.399999618530273,25.399999618530273,25.25,25.25,6288
2019-08-23,XZMU.MI,25.25,25.25,25.25,25.25,0
2019-08-26,XZMU.MI,24.860000610351562,24.889999389648438,24.739999771118164,24.81999969482422,21944
2019-08-27,XZMU.MI,24.985000610351562,25.05500030517578,24.969999313354492,24.969999313354492,28
2019-08-28,XZMU.MI,24.969999313354492,24.969999313354492,24.969999313354492,24.969999313354492,0
2019-08-29,XZMU.MI,25.354999542236328,25.434999465942383,25.325000762939453,25.43000030517578,12927
2019-08-30,XZMU.MI,25.43000030517578,25.43000030517578,25.43000030517578,25.43000030517578,0
2019-09-02,XZMU.MI,25.43000030517578,25.43000030517578,25.43000030517578,25.43000030517578,0
2019-09-03,XZMU.MI,25.549999237060547,25.55500030517578,25.454999923706055,25.5049991607666,3726
2019-09-04,XZMU.MI,25.690000534057617,25.690000534057617,25.545000076293945,25.545000076293945,2494
2019-09-05,XZMU.MI,25.760000228881836,25.96500015258789,25.760000228881836,25.950000762939453,18475
2019-09-06,XZMU.MI,26.03499984741211,26.03499984741211,25.9950008392334,25.9950008392334,1475
2019-09-09,XZMU.MI,26.020000457763672,26.020000457763672,25.915000915527344,25.915000915527344,15999
2019-09-10,XZMU.MI,25.915000915527344,25.915000915527344,25.915000915527344,25.915000915527344,0
2019-09-11,XZMU.MI,25.8700008392334,26.030000686645508,25.8700008392334,26.014999389648438,2314
2019-09-12,XZMU.MI,26.110000610351562,26.114999771118164,26.040000915527344,26.114999771118164,10512
2019-09-13,XZMU.MI,26.1200008392334,26.1200008392334,26.059999465942383,26.094999313354492,22949
2019-09-16,XZMU.MI,25.924999237060547,26.139999389648438,25.924999237060547,26.139999389648438,91409
2019-09-17,XZMU.MI,26.05500030517578,26.05500030517578,25.9950008392334,26.0,61738
2019-09-18,XZMU.MI,26.0,26.0,26.0,26.0,0
2019-09-19,XZMU.MI,26.065000534057617,26.219999313354492,26.065000534057617,26.219999313354492,8345
2019-09-20,XZMU.MI,26.204999923706055,26.2450008392334,26.204999923706055,26.2450008392334,13552
2019-09-23,XZMU.MI,26.049999237060547,26.1299991607666,26.049999237060547,26.1299991607666,12767
2019-09-24,XZMU.MI,26.209999084472656,26.209999084472656,26.15999984741211,26.15999984741211,37457
2019-09-25,XZMU.MI,26.0,26.104999542236328,25.860000610351562,26.100000381469727,35205
2019-09-26,XZMU.MI,26.299999237060547,26.354999542236328,26.155000686645508,26.165000915527344,50118
2019-09-27,XZMU.MI,26.209999084472656,26.260000228881836,26.190000534057617,26.260000228881836,31403
2019-09-30,XZMU.MI,26.204999923706055,26.30500030517578,26.204999923706055,26.30500030517578,44587
2019-10-01,XZMU.MI,26.450000762939453,26.450000762939453,26.094999313354492,26.114999771118164,130866
2019-10-02,XZMU.MI,25.614999771118164,25.625,25.389999389648438,25.389999389648438,117885
2019-10-03,XZMU.MI,25.424999237060547,25.43000030517578,25.045000076293945,25.385000228881836,150907
2019-10-04,XZMU.MI,25.68000030517578,25.770000457763672,25.655000686645508,25.739999771118164,120141
2019-10-07,XZMU.MI,25.80500030517578,25.864999771118164,25.774999618530273,25.864999771118164,60729
2019-10-08,XZMU.MI,25.604999542236328,25.614999771118164,25.549999237060547,25.55500030517578,33668
2019-10-09,XZMU.MI,25.5049991607666,25.604999542236328,25.489999771118164,25.559999465942383,28226
2019-10-10,XZMU.MI,25.56999969482422,25.815000534057617,25.56999969482422,25.815000534057617,50810
2019-10-11,XZMU.MI,26.010000228881836,26.114999771118164,26.010000228881836,26.114999771118164,2580
2019-10-14,XZMU.MI,26.114999771118164,26.114999771118164,26.114999771118164,26.114999771118164,0
2019-10-15,XZMU.MI,26.079999923706055,26.200000762939453,26.079999923706055,26.200000762939453,20
2019-10-16,XZMU.MI,26.200000762939453,26.200000762939453,26.200000762939453,26.200000762939453,0
2019-10-17,XZMU.MI,26.030000686645508,26.049999237060547,25.979999542236328,25.979999542236328,4845
2019-10-18,XZMU.MI,25.885000228881836,25.885000228881836,25.860000610351562,25.860000610351562,6146
2019-10-21,XZMU.MI,25.885000228881836,25.889999389648438,25.850000381469727,25.889999389648438,20915
2019-10-22,XZMU.MI,26.0049991607666,26.014999389648438,25.96500015258789,25.96500015258789,2491
2019-10-23,XZMU.MI,25.84000015258789,25.899999618530273,25.84000015258789,25.895000457763672,35
2019-10-24,XZMU.MI,26.059999465942383,26.1200008392334,26.059999465942383,26.1200008392334,4992
2019-10-25,XZMU.MI,26.1299991607666,26.315000534057617,26.1299991607666,26.315000534057617,9797
2019-10-28,XZMU.MI,26.395000457763672,26.46500015258789,26.395000457763672,26.415000915527344,40235
2019-10-29,XZMU.MI,26.415000915527344,26.415000915527344,26.415000915527344,26.415000915527344,0
2019-10-30,XZMU.MI,26.360000610351562,26.3799991607666,26.360000610351562,26.3799991607666,4719
2019-10-31,XZMU.MI,26.360000610351562,26.3700008392334,26.229999542236328,26.229999542236328,180
2019-11-01,XZMU.MI,26.229999542236328,26.229999542236328,26.229999542236328,26.229999542236328,0
2019-11-04,XZMU.MI,26.229999542236328,26.229999542236328,26.229999542236328,26.229999542236328,0
2019-11-05,XZMU.MI,26.665000915527344,26.69499969482422,26.665000915527344,26.684999465942383,30635
2019-11-06,XZMU.MI,26.600000381469727,26.670000076293945,26.600000381469727,26.670000076293945,7304
2019-11-07,XZMU.MI,26.954999923706055,26.959999084472656,26.934999465942383,26.934999465942383,9985
2019-11-08,XZMU.MI,26.934999465942383,26.934999465942383,26.934999465942383,26.934999465942383,0
2019-11-11,XZMU.MI,26.920000076293945,26.93000030517578,26.905000686645508,26.905000686645508,26411
2019-11-12,XZMU.MI,27.030000686645508,27.145000457763672,27.030000686645508,27.145000457763672,2970
2019-11-13,XZMU.MI,27.084999084472656,27.084999084472656,27.075000762939453,27.075000762939453,200
2019-11-14,XZMU.MI,27.165000915527344,27.165000915527344,27.135000228881836,27.135000228881836,2000
2019-11-15,XZMU.MI,27.235000610351562,27.274999618530273,27.235000610351562,27.274999618530273,12000
2019-11-18,XZMU.MI,27.475000381469727,27.475000381469727,27.21500015258789,27.21500015258789,120
2019-11-19,XZMU.MI,27.264999389648438,27.264999389648438,27.229999542236328,27.229999542236328,185
2019-11-20,XZMU.MI,27.200000762939453,27.270000457763672,27.200000762939453,27.270000457763672,1824
2019-11-21,XZMU.MI,27.270000457763672,27.270000457763672,27.270000457763672,27.270000457763672,0
2019-11-22,XZMU.MI,27.28499984741211,27.295000076293945,27.200000762939453,27.2549991607666,41503
2019-11-25,XZMU.MI,27.2549991607666,27.2549991607666,27.2549991607666,27.2549991607666,0
2019-11-26,XZMU.MI,27.579999923706055,27.649999618530273,27.579999923706055,27.649999618530273,450
2019-11-27,XZMU.MI,27.649999618530273,27.649999618530273,27.649999618530273,27.649999618530273,0
2019-11-28,XZMU.MI,27.649999618530273,27.649999618530273,27.649999618530273,27.649999618530273,0
2019-11-29,XZMU.MI,27.7450008392334,27.799999237060547,27.690000534057617,27.690000534057617,3636
2019-12-02,XZMU.MI,27.3700008392334,27.375,27.21500015258789,27.235000610351562,30437
2019-12-03,XZMU.MI,27.0,27.0,26.950000762939453,26.954999923706055,26452
2019-12-04,XZMU.MI,27.239999771118164,27.274999618530273,27.239999771118164,27.274999618530273,270
2019-12-05,XZMU.MI,27.360000610351562,27.360000610351562,27.239999771118164,27.239999771118164,1150
2019-12-06,XZMU.MI,27.239999771118164,27.239999771118164,27.239999771118164,27.239999771118164,0
2019-12-09,XZMU.MI,27.579999923706055,27.610000610351562,27.579999923706055,27.610000610351562,182
2019-12-10,XZMU.MI,27.610000610351562,27.610000610351562,27.610000610351562,27.610000610351562,0
2019-12-11,XZMU.MI,27.610000610351562,27.610000610351562,27.610000610351562,27.610000610351562,0
2019-12-12,XZMU.MI,27.665000915527344,27.665000915527344,27.6299991607666,27.6299991607666,909
2019-12-13,XZMU.MI,27.719999313354492,27.719999313354492,27.594999313354492,27.655000686645508,4582
2019-12-16,XZMU.MI,27.809999465942383,27.934999465942383,27.809999465942383,27.924999237060547,12001
2019-12-17,XZMU.MI,27.899999618530273,27.924999237060547,27.825000762939453,27.8700008392334,41594
2019-12-18,XZMU.MI,27.959999084472656,27.96500015258789,27.959999084472656,27.96500015258789,909
2019-12-19,XZMU.MI,27.954999923706055,27.985000610351562,27.954999923706055,27.985000610351562,2727
2019-12-20,XZMU.MI,28.05500030517578,28.31999969482422,28.05500030517578,28.31999969482422,30963
2019-12-23,XZMU.MI,28.34000015258789,28.399999618530273,28.295000076293945,28.309999465942383,13704
2019-12-27,XZMU.MI,28.309999465942383,28.309999465942383,28.309999465942383,28.309999465942383,0
2019-12-30,XZMU.MI,28.0049991607666,28.0049991607666,27.899999618530273,27.899999618530273,7430
2020-01-02,XZMU.MI,28.065000534057617,28.135000228881836,28.065000534057617,28.1200008392334,2727
2020-01-03,XZMU.MI,28.079999923706055,28.084999084472656,28.075000762939453,28.084999084472656,3586
2020-01-06,XZMU.MI,27.989999771118164,28.03499984741211,27.825000762939453,28.020000457763672,56660
2020-01-07,XZMU.MI,28.125,28.229999542236328,28.06999969482422,28.229999542236328,10922
2020-01-08,XZMU.MI,28.094999313354492,28.3799991607666,28.094999313354492,28.3799991607666,46794
2020-01-09,XZMU.MI,28.540000915527344,28.6200008392334,28.540000915527344,28.604999542236328,10779
2020-01-10,XZMU.MI,28.639999389648438,28.684999465942383,28.625,28.625,20173
2020-01-13,XZMU.MI,28.59000015258789,28.594999313354492,28.540000915527344,28.559999465942383,77335
2020-01-14,XZMU.MI,28.614999771118164,28.760000228881836,28.614999771118164,28.69499969482422,38194
2020-01-15,XZMU.MI,28.649999618530273,28.739999771118164,28.649999618530273,28.71500015258789,5379
2020-01-16,XZMU.MI,28.795000076293945,28.8700008392334,28.774999618530273,28.8700008392334,26286
2020-01-17,XZMU.MI,29.03499984741211,29.170000076293945,29.03499984741211,29.125,19961
2020-01-20,XZMU.MI,29.139999389648438,29.204999923706055,29.139999389648438,29.204999923706055,3620
2020-01-21,XZMU.MI,29.15999984741211,29.219999313354492,29.040000915527344,29.219999313354492,59134
2020-01-22,XZMU.MI,29.325000762939453,29.385000228881836,29.299999237060547,29.299999237060547,10668
2020-01-23,XZMU.MI,29.21500015258789,29.235000610351562,29.19499969482422,29.19499969482422,6824
2020-01-24,XZMU.MI,29.424999237060547,29.5,29.360000610351562,29.360000610351562,48489
2020-01-27,XZMU.MI,28.799999237060547,28.809999465942383,28.7549991607666,28.7549991607666,1077
2020-01-28,XZMU.MI,28.899999618530273,29.135000228881836,28.864999771118164,29.125,7477
2020-01-29,XZMU.MI,29.225000381469727,29.28499984741211,29.084999084472656,29.229999542236328,32922
2020-01-30,XZMU.MI,29.0049991607666,29.100000381469727,28.899999618530273,28.989999771118164,85161
2020-01-31,XZMU.MI,29.110000610351562,29.114999771118164,28.6299991607666,28.6299991607666,56820
2020-02-03,XZMU.MI,28.7450008392334,29.145000457763672,28.725000381469727,29.014999389648438,41953
2020-02-04,XZMU.MI,29.299999237060547,29.559999465942383,29.28499984741211,29.559999465942383,22992
2020-02-05,XZMU.MI,29.670000076293945,29.8700008392334,29.670000076293945,29.75,38514
2020-02-06,XZMU.MI,30.03499984741211,30.05500030517578,29.889999389648438,30.05500030517578,7736
2020-02-07,XZMU.MI,30.06999969482422,30.100000381469727,29.950000762939453,30.100000381469727,36507
2020-02-10,XZMU.MI,30.030000686645508,30.229999542236328,29.940000534057617,30.229999542236328,30080
2020-02-11,XZMU.MI,30.475000381469727,30.565000534057617,30.43000030517578,30.5049991607666,19788
2020-02-12,XZMU.MI,30.4950008392334,30.549999237060547,30.4950008392334,30.545000076293945,11111
2020-02-13,XZMU.MI,30.5,30.725000381469727,30.454999923706055,30.725000381469727,54386
2020-02-14,XZMU.MI,30.729999542236328,30.80500030517578,30.729999542236328,30.80500030517578,2750
2020-02-17,XZMU.MI,30.915000915527344,30.96500015258789,30.915000915527344,30.950000762939453,14202
2020-02-18,XZMU.MI,30.770000457763672,30.989999771118164,30.75,30.774999618530273,69213
2020-02-19,XZMU.MI,31.0,31.1299991607666,31.0,31.1299991607666,1030
2020-02-20,XZMU.MI,31.100000381469727,31.110000610351562,30.725000381469727,30.725000381469727,967
2020-02-21,XZMU.MI,30.78499984741211,30.84000015258789,30.520000457763672,30.584999084472656,20007
2020-02-24,XZMU.MI,29.985000610351562,29.985000610351562,29.649999618530273,29.649999618530273,68065
2020-02-25,XZMU.MI,29.725000381469727,29.725000381469727,29.1200008392334,29.1200008392334,19118
2020-02-26,XZMU.MI,28.774999618530273,29.020000457763672,28.225000381469727,29.020000457763672,77345
2020-02-27,XZMU.MI,28.135000228881836,28.135000228881836,27.200000762939453,27.645000457763672,200711
2020-02-28,XZMU.MI,26.43000030517578,26.604999542236328,26.010000228881836,26.28499984741211,43119
2020-03-02,XZMU.MI,27.0,27.135000228881836,26.149999618530273,26.895000457763672,144603
2020-03-03,XZMU.MI,27.725000381469727,27.764999389648438,27.059999465942383,27.059999465942383,31281
2020-03-04,XZMU.MI,27.06999969482422,27.375,27.06999969482422,27.34000015258789,85417
2020-03-05,XZMU.MI,27.540000915527344,27.565000534057617,27.100000381469727,27.389999389648438,14003
2020-03-06,XZMU.MI,26.225000381469727,26.2549991607666,25.59000015258789,25.899999618530273,71965
2020-03-09,XZMU.MI,24.639999389648438,24.639999389648438,24.290000915527344,24.454999923706055,5996
2020-03-10,XZMU.MI,24.934999465942383,25.010000228881836,24.084999084472656,24.334999084472656,11268
2020-03-11,XZMU.MI,24.540000915527344,24.690000534057617,24.43000030517578,24.479999542236328,955
2020-03-12,XZMU.MI,24.479999542236328,24.479999542236328,24.479999542236328,24.479999542236328,0
2020-03-13,XZMU.MI,23.09000015258789,23.100000381469727,22.6200008392334,22.6200008392334,2174
2020-03-16,XZMU.MI,22.6200008392334,22.6200008392334,22.6200008392334,22.6200008392334,0
2020-03-17,XZMU.MI,22.6200008392334,22.6200008392334,22.6200008392334,22.6200008392334,0
2020-03-18,XZMU.MI,22.6200008392334,22.6200008392334,22.6200008392334,22.6200008392334,0
2020-03-19,XZMU.MI,21.594999313354492,22.165000915527344,21.594999313354492,22.165000915527344,18
2020-03-20,XZMU.MI,22.90999984741211,23.049999237060547,21.899999618530273,21.899999618530273,688
2020-03-23,XZMU.MI,20.280000686645508,20.770000457763672,20.280000686645508,20.6299991607666,337
2020-03-24,XZMU.MI,21.344999313354492,22.385000228881836,21.344999313354492,22.385000228881836,520
2020-03-25,XZMU.MI,22.924999237060547,22.950000762939453,22.235000610351562,22.950000762939453,182
2020-03-26,XZMU.MI,22.950000762939453,22.950000762939453,22.950000762939453,22.950000762939453,0
2020-03-27,XZMU.MI,22.950000762939453,22.950000762939453,22.950000762939453,22.950000762939453,0
2020-03-30,XZMU.MI,22.885000228881836,23.610000610351562,22.885000228881836,23.610000610351562,243
2020-03-31,XZMU.MI,24.174999237060547,24.174999237060547,23.934999465942383,23.934999465942383,26
2020-04-01,XZMU.MI,23.934999465942383,23.934999465942383,23.934999465942383,23.934999465942383,0
2020-04-02,XZMU.MI,23.934999465942383,23.934999465942383,23.934999465942383,23.934999465942383,0
2020-04-03,XZMU.MI,23.15999984741211,23.5,23.079999923706055,23.079999923706055,110635
2020-04-06,XZMU.MI,23.979999542236328,24.19499969482422,23.875,24.19499969482422,9368
2020-04-07,XZMU.MI,25.139999389648438,25.30500030517578,24.80500030517578,24.9950008392334,16233
2020-04-08,XZMU.MI,24.540000915527344,24.96500015258789,24.4950008392334,24.96500015258789,23945
2020-04-09,XZMU.MI,25.280000686645508,25.530000686645508,25.020000457763672,25.530000686645508,4372
2020-04-14,XZMU.MI,25.594999313354492,25.780000686645508,25.479999542236328,25.670000076293945,9710
2020-04-15,XZMU.MI,25.614999771118164,25.614999771118164,25.290000915527344,25.329999923706055,19540
2020-04-16,XZMU.MI,25.610000610351562,25.719999313354492,25.594999313354492,25.719999313354492,2597
2020-04-17,XZMU.MI,26.459999084472656,26.610000610351562,26.045000076293945,26.045000076293945,1564
2020-04-20,XZMU.MI,26.0,26.274999618530273,26.0,26.274999618530273,2054
2020-04-21,XZMU.MI,25.649999618530273,25.674999237060547,25.1200008392334,25.1200008392334,11543
2020-04-22,XZMU.MI,25.545000076293945,25.719999313354492,25.415000915527344,25.719999313354492,9596
2020-04-23,XZMU.MI,26.045000076293945,26.170000076293945,26.040000915527344,26.155000686645508,25405
2020-04-24,XZMU.MI,25.8799991607666,25.8799991607666,25.770000457763672,25.770000457763672,1664
2020-04-27,XZMU.MI,26.2549991607666,26.450000762939453,26.235000610351562,26.450000762939453,20821
2020-04-28,XZMU.MI,26.635000228881836,26.7549991607666,26.454999923706055,26.489999771118164,39000
2020-04-29,XZMU.MI,26.645000457763672,27.065000534057617,26.639999389648438,27.059999465942383,19159
2020-04-30,XZMU.MI,27.21500015258789,27.219999313354492,26.594999313354492,26.594999313354492,31893
2020-05-04,XZMU.MI,25.725000381469727,25.799999237060547,25.55500030517578,25.799999237060547,24667
2020-05-05,XZMU.MI,26.235000610351562,26.739999771118164,26.235000610351562,26.739999771118164,36891
2020-05-06,XZMU.MI,26.770000457763672,26.905000686645508,26.6200008392334,26.674999237060547,4768
2020-05-07,XZMU.MI,26.674999237060547,26.979999542236328,26.674999237060547,26.979999542236328,9869
2020-05-08,XZMU.MI,27.104999542236328,27.104999542236328,27.030000686645508,27.065000534057617,2786
2020-05-11,XZMU.MI,27.299999237060547,27.299999237060547,27.18000030517578,27.190000534057617,1875
2020-05-12,XZMU.MI,27.190000534057617,27.200000762939453,27.15999984741211,27.15999984741211,2901
2020-05-13,XZMU.MI,26.530000686645508,26.530000686645508,26.280000686645508,26.385000228881836,5736
2020-05-14,XZMU.MI,26.2549991607666,26.2549991607666,26.045000076293945,26.09000015258789,7603
2020-05-15,XZMU.MI,26.44499969482422,26.44499969482422,26.354999542236328,26.434999465942383,510
2020-05-18,XZMU.MI,27.1299991607666,27.450000762939453,27.1299991607666,27.450000762939453,19917
2020-05-19,XZMU.MI,27.110000610351562,27.30500030517578,27.110000610351562,27.30500030517578,5517
2020-05-20,XZMU.MI,27.30500030517578,27.30500030517578,27.30500030517578,27.30500030517578,0
2020-05-21,XZMU.MI,27.024999618530273,27.075000762939453,27.024999618530273,27.075000762939453,200
2020-05-22,XZMU.MI,27.075000762939453,27.075000762939453,27.075000762939453,27.075000762939453,0
2020-05-25,XZMU.MI,27.610000610351562,27.75,27.610000610351562,27.75,373
2020-05-26,XZMU.MI,27.770000457763672,27.78499984741211,27.645000457763672,27.645000457763672,1466
2020-05-27,XZMU.MI,27.690000534057617,27.690000534057617,27.329999923706055,27.3700008392334,180
2020-05-28,XZMU.MI,27.780000686645508,27.780000686645508,27.739999771118164,27.760000228881836,379
2020-05-29,XZMU.MI,27.364999771118164,27.364999771118164,27.2549991607666,27.2549991607666,558
2020-06-01,XZMU.MI,27.600000381469727,27.600000381469727,27.530000686645508,27.530000686645508,1099
2020-06-02,XZMU.MI,27.68000030517578,27.71500015258789,27.479999542236328,27.489999771118164,2081
2020-06-03,XZMU.MI,27.489999771118164,27.489999771118164,27.489999771118164,27.489999771118164,0
2020-06-04,XZMU.MI,27.489999771118164,27.489999771118164,27.489999771118164,27.489999771118164,0
2020-06-05,XZMU.MI,27.735000610351562,28.354999542236328,27.735000610351562,28.354999542236328,18972
2020-06-08,XZMU.MI,28.325000762939453,28.360000610351562,28.260000228881836,28.360000610351562,2934
2020-06-09,XZMU.MI,28.475000381469727,28.475000381469727,28.21500015258789,28.21500015258789,2496
2020-06-10,XZMU.MI,28.2450008392334,28.2450008392334,28.1299991607666,28.155000686645508,3500
2020-06-11,XZMU.MI,27.514999389648438,27.520000457763672,27.155000686645508,27.155000686645508,18503
2020-06-12,XZMU.MI,27.024999618530273,27.2450008392334,26.790000915527344,26.920000076293945,7359
2020-06-15,XZMU.MI,26.299999237060547,26.864999771118164,26.290000915527344,26.80500030517578,30295
2020-06-16,XZMU.MI,27.350000381469727,27.989999771118164,27.325000762939453,27.84000015258789,2618
2020-06-17,XZMU.MI,27.934999465942383,28.045000076293945,27.899999618530273,27.899999618530273,2157
2020-06-18,XZMU.MI,27.735000610351562,27.864999771118164,27.69499969482422,27.844999313354492,2452
2020-06-19,XZMU.MI,27.979999542236328,28.114999771118164,27.979999542236328,28.114999771118164,961
2020-06-22,XZMU.MI,27.704999923706055,27.75,27.704999923706055,27.725000381469727,1867
2020-06-23,XZMU.MI,27.924999237060547,27.96500015258789,27.885000228881836,27.96500015258789,2609
2020-06-24,XZMU.MI,27.575000762939453,27.575000762939453,27.2450008392334,27.2450008392334,1797
2020-06-25,XZMU.MI,26.989999771118164,27.30500030517578,26.979999542236328,27.30500030517578,2026
2020-06-26,XZMU.MI,27.524999618530273,27.524999618530273,27.170000076293945,27.170000076293945,840
2020-06-29,XZMU.MI,27.059999465942383,27.225000381469727,27.059999465942383,27.225000381469727,1421
2020-06-30,XZMU.MI,27.315000534057617,27.56999969482422,27.290000915527344,27.56999969482422,3125
2020-07-01,XZMU.MI,27.934999465942383,27.934999465942383,27.7549991607666,27.7549991607666,841
2020-07-02,XZMU.MI,28.010000228881836,28.174999237060547,28.010000228881836,28.174999237060547,411
2020-07-03,XZMU.MI,28.21500015258789,28.21500015258789,28.014999389648438,28.040000915527344,3758
2020-07-06,XZMU.MI,28.34000015258789,28.43000030517578,28.34000015258789,28.43000030517578,3341
2020-07-07,XZMU.MI,28.2450008392334,28.530000686645508,28.2450008392334,28.530000686645508,225
2020-07-08,XZMU.MI,28.280000686645508,28.280000686645508,28.059999465942383,28.059999465942383,500
2020-07-09,XZMU.MI,27.950000762939453,27.985000610351562,27.899999618530273,27.950000762939453,8169
2020-07-10,XZMU.MI,28.06999969482422,28.209999084472656,28.06999969482422,28.190000534057617,16529
2020-07-13,XZMU.MI,28.530000686645508,28.709999084472656,28.530000686645508,28.709999084472656,4696
2020-07-14,XZMU.MI,27.69499969482422,27.950000762939453,27.69499969482422,27.950000762939453,1774
2020-07-15,XZMU.MI,28.315000534057617,28.46500015258789,28.315000534057617,28.46500015258789,3911
2020-07-16,XZMU.MI,28.46500015258789,28.46500015258789,28.46500015258789,28.46500015258789,0
2020-07-17,XZMU.MI,28.329999923706055,28.450000762939453,28.325000762939453,28.325000762939453,4191
2020-07-20,XZMU.MI,28.325000762939453,28.325000762939453,28.325000762939453,28.325000762939453,0
2020-07-21,XZMU.MI,28.940000534057617,28.979999542236328,28.739999771118164,28.739999771118164,10569
2020-07-22,XZMU.MI,28.385000228881836,28.43000030517578,28.385000228881836,28.415000915527344,12837
2020-07-23,XZMU.MI,28.415000915527344,28.415000915527344,28.415000915527344,28.415000915527344,0
2020-07-24,XZMU.MI,27.915000915527344,28.020000457763672,27.915000915527344,27.94499969482422,10458
2020-07-27,XZMU.MI,27.6200008392334,27.71500015258789,27.6200008392334,27.645000457763672,719
2020-07-28,XZMU.MI,27.90999984741211,27.90999984741211,27.84000015258789,27.84000015258789,1742
2020-07-29,XZMU.MI,27.649999618530273,27.764999389648438,27.645000457763672,27.764999389648438,2970
2020-07-30,XZMU.MI,27.764999389648438,27.764999389648438,27.764999389648438,27.764999389648438,0
2020-07-31,XZMU.MI,27.325000762939453,27.350000381469727,27.325000762939453,27.350000381469727,8500
2020-08-03,XZMU.MI,28.014999389648438,28.030000686645508,28.014999389648438,28.030000686645508,4152
2020-08-04,XZMU.MI,28.0049991607666,28.020000457763672,27.920000076293945,27.920000076293945,15944
2020-08-05,XZMU.MI,27.9950008392334,28.0,27.905000686645508,27.905000686645508,264
2020-08-06,XZMU.MI,27.975000381469727,27.975000381469727,27.950000762939453,27.950000762939453,11860
2020-08-07,XZMU.MI,28.329999923706055,28.329999923706055,28.2450008392334,28.270000457763672,10212
2020-08-10,XZMU.MI,28.354999542236328,28.399999618530273,28.190000534057617,28.25,5322
2020-08-11,XZMU.MI,28.450000762939453,28.454999923706055,28.290000915527344,28.424999237060547,4426
2020-08-12,XZMU.MI,28.434999465942383,28.4950008392334,28.315000534057617,28.479999542236328,28863
2020-08-13,XZMU.MI,28.360000610351562,28.459999084472656,28.344999313354492,28.450000762939453,18639
2020-08-14,XZMU.MI,28.30500030517578,28.40999984741211,28.270000457763672,28.40999984741211,1067
2020-08-17,XZMU.MI,28.395000457763672,28.514999389648438,28.360000610351562,28.514999389648438,2528
2020-08-18,XZMU.MI,28.520000457763672,28.520000457763672,28.360000610351562,28.399999618530273,16728
2020-08-19,XZMU.MI,28.46500015258789,28.545000076293945,28.46500015258789,28.545000076293945,1150
2020-08-20,XZMU.MI,28.43000030517578,28.524999618530273,28.424999237060547,28.524999618530273,200
2020-08-21,XZMU.MI,28.81999969482422,28.854999542236328,28.795000076293945,28.795000076293945,8543
2020-08-24,XZMU.MI,28.795000076293945,28.795000076293945,28.795000076293945,28.795000076293945,0
2020-08-25,XZMU.MI,29.06999969482422,29.06999969482422,29.0049991607666,29.049999237060547,4438
2020-08-26,XZMU.MI,29.200000762939453,29.344999313354492,29.200000762939453,29.344999313354492,18751
2020-08-27,XZMU.MI,29.5049991607666,29.809999465942383,29.440000534057617,29.78499984741211,22225
2020-08-28,XZMU.MI,29.6200008392334,29.625,29.4950008392334,29.559999465942383,26720
2020-08-31,XZMU.MI,29.739999771118164,29.739999771118164,29.375,29.375,2142
2020-09-01,XZMU.MI,29.489999771118164,29.559999465942383,29.264999389648438,29.43000030517578,25733
2020-09-02,XZMU.MI,29.84000015258789,30.100000381469727,29.84000015258789,30.049999237060547,31733
2020-09-03,XZMU.MI,30.204999923706055,30.204999923706055,29.440000534057617,29.440000534057617,22132
2020-09-04,XZMU.MI,29.09000015258789,29.3799991607666,28.524999618530273,28.540000915527344,36585
2020-09-07,XZMU.MI,28.670000076293945,28.985000610351562,28.670000076293945,28.954999923706055,200
2020-09-08,XZMU.MI,28.985000610351562,29.020000457763672,28.315000534057617,28.315000534057617,39806
2020-09-09,XZMU.MI,28.299999237060547,28.559999465942383,28.299999237060547,28.559999465942383,16021
2020-09-10,XZMU.MI,28.540000915527344,28.674999237060547,28.4950008392334,28.600000381469727,12496
2020-09-11,XZMU.MI,28.170000076293945,28.295000076293945,28.139999389648438,28.295000076293945,9170
2020-09-14,XZMU.MI,28.440000534057617,28.614999771118164,28.360000610351562,28.614999771118164,23558
2020-09-15,XZMU.MI,28.799999237060547,28.889999389648438,28.799999237060547,28.889999389648438,35
2020-09-16,XZMU.MI,28.924999237060547,29.010000228881836,28.8799991607666,29.0,21941
2020-09-17,XZMU.MI,29.0,29.0,29.0,29.0,0
2020-09-18,XZMU.MI,28.604999542236328,28.604999542236328,28.295000076293945,28.295000076293945,24064
2020-09-21,XZMU.MI,28.0049991607666,28.024999618530273,27.700000762939453,27.735000610351562,44183
2020-09-22,XZMU.MI,27.735000610351562,27.735000610351562,27.735000610351562,27.735000610351562,0
2020-09-23,XZMU.MI,28.514999389648438,28.514999389648438,28.309999465942383,28.309999465942383,350
2020-09-24,XZMU.MI,27.790000915527344,27.90999984741211,27.700000762939453,27.895000457763672,15513
2020-09-25,XZMU.MI,27.905000686645508,28.229999542236328,27.905000686645508,28.19499969482422,178
2020-09-28,XZMU.MI,28.700000762939453,28.790000915527344,28.700000762939453,28.790000915527344,35126
2020-09-29,XZMU.MI,28.790000915527344,28.790000915527344,28.790000915527344,28.790000915527344,0
2020-09-30,XZMU.MI,28.790000915527344,28.790000915527344,28.790000915527344,28.790000915527344,0
2020-10-01,XZMU.MI,28.985000610351562,28.989999771118164,28.895000457763672,28.959999084472656,5559
2020-10-02,XZMU.MI,28.4950008392334,28.7450008392334,28.4950008392334,28.7450008392334,3637
2020-10-05,XZMU.MI,28.889999389648438,28.899999618530273,28.889999389648438,28.899999618530273,1150
2020-10-06,XZMU.MI,28.899999618530273,28.899999618530273,28.899999618530273,28.899999618530273,0
2020-10-07,XZMU.MI,28.899999618530273,28.899999618530273,28.899999618530273,28.899999618530273,0
2020-10-08,XZMU.MI,29.235000610351562,29.385000228881836,29.235000610351562,29.31999969482422,8060
2020-10-09,XZMU.MI,29.415000915527344,29.43000030517578,29.415000915527344,29.43000030517578,850
2020-10-12,XZMU.MI,29.610000610351562,29.899999618530273,29.610000610351562,29.899999618530273,12176
2020-10-13,XZMU.MI,29.850000381469727,30.045000076293945,29.844999313354492,30.040000915527344,7618
2020-10-14,XZMU.MI,29.959999084472656,29.975000381469727,29.94499969482422,29.94499969482422,166
2020-10-15,XZMU.MI,29.635000228881836,29.729999542236328,29.575000762939453,29.674999237060547,7645
2020-10-16,XZMU.MI,29.674999237060547,29.674999237060547,29.674999237060547,29.674999237060547,0
2020-10-19,XZMU.MI,29.559999465942383,29.559999465942383,29.559999465942383,29.559999465942383,906
2020-10-20,XZMU.MI,29.334999084472656,29.360000610351562,29.139999389648438,29.155000686645508,400
2020-10-21,XZMU.MI,29.139999389648438,29.239999771118164,29.045000076293945,29.075000762939453,8846
2020-10-22,XZMU.MI,29.075000762939453,29.075000762939453,29.075000762939453,29.075000762939453,0
2020-10-23,XZMU.MI,29.354999542236328,29.354999542236328,29.2549991607666,29.2549991607666,14507
2020-10-26,XZMU.MI,29.2549991607666,29.2549991607666,29.2549991607666,29.2549991607666,0
2020-10-27,XZMU.MI,29.2549991607666,29.2549991607666,29.2549991607666,29.2549991607666,0
2020-10-28,XZMU.MI,28.165000915527344,28.200000762939453,28.014999389648438,28.014999389648438,11025
2020-10-29,XZMU.MI,27.889999389648438,28.19499969482422,27.889999389648438,28.19499969482422,11143
2020-10-30,XZMU.MI,28.225000381469727,28.2450008392334,27.844999313354492,28.174999237060547,12768
2020-11-02,XZMU.MI,28.59000015258789,28.764999389648438,28.59000015258789,28.649999618530273,1392
2020-11-03,XZMU.MI,28.649999618530273,28.649999618530273,28.649999618530273,28.649999618530273,0
2020-11-04,XZMU.MI,29.850000381469727,29.889999389648438,29.84000015258789,29.889999389648438,308
2020-11-05,XZMU.MI,29.915000915527344,30.040000915527344,29.915000915527344,30.010000228881836,56088
2020-11-06,XZMU.MI,29.68000030517578,29.7549991607666,29.68000030517578,29.735000610351562,8180
2020-11-09,XZMU.MI,30.165000915527344,30.889999389648438,30.155000686645508,30.774999618530273,51563
2020-11-10,XZMU.MI,30.25,30.25,30.065000534057617,30.065000534057617,2312
2020-11-11,XZMU.MI,30.360000610351562,30.46500015258789,30.360000610351562,30.46500015258789,61
2020-11-12,XZMU.MI,30.209999084472656,30.225000381469727,30.204999923706055,30.204999923706055,300
2020-11-13,XZMU.MI,30.184999465942383,30.235000610351562,30.184999465942383,30.19499969482422,100889
2020-11-16,XZMU.MI,30.530000686645508,30.655000686645508,30.530000686645508,30.635000228881836,66090
2020-11-17,XZMU.MI,30.655000686645508,30.655000686645508,30.454999923706055,30.46500015258789,404
2020-11-18,XZMU.MI,30.479999542236328,30.53499984741211,30.479999542236328,30.53499984741211,3
2020-11-19,XZMU.MI,30.155000686645508,30.34000015258789,30.139999389648438,30.30500030517578,21761
2020-11-20,XZMU.MI,30.34000015258789,30.375,30.30500030517578,30.34000015258789,2686
2020-11-23,XZMU.MI,30.290000915527344,30.399999618530273,30.15999984741211,30.354999542236328,28568
2020-11-24,XZMU.MI,30.649999618530273,30.78499984741211,30.610000610351562,30.78499984741211,3524
2020-11-25,XZMU.MI,30.790000915527344,30.790000915527344,30.649999618530273,30.674999237060547,700
2020-11-26,XZMU.MI,30.674999237060547,30.674999237060547,30.674999237060547,30.674999237060547,0
2020-11-27,XZMU.MI,30.69499969482422,30.844999313354492,30.69499969482422,30.78499984741211,1206
2020-11-30,XZMU.MI,30.549999237060547,30.594999313354492,30.40999984741211,30.40999984741211,4558
2020-12-01,XZMU.MI,30.829999923706055,30.829999923706055,30.59000015258789,30.59000015258789,14555
2020-12-02,XZMU.MI,30.469999313354492,30.469999313354492,30.315000534057617,30.389999389648438,18864
2020-12-03,XZMU.MI,30.375,30.420000076293945,30.375,30.420000076293945,77
2020-12-04,XZMU.MI,30.395000457763672,30.565000534057617,30.395000457763672,30.559999465942383,995
2020-12-07,XZMU.MI,30.639999389648438,30.649999618530273,30.610000610351562,30.610000610351562,12051
2020-12-08,XZMU.MI,30.610000610351562,30.71500015258789,30.475000381469727,30.71500015258789,1445
2020-12-09,XZMU.MI,30.834999084472656,30.844999313354492,30.78499984741211,30.78499984741211,43194
2020-12-10,XZMU.MI,30.575000762939453,30.575000762939453,30.454999923706055,30.454999923706055,9116
2020-12-11,XZMU.MI,30.229999542236328,30.395000457763672,30.229999542236328,30.34000015258789,378
2020-12-14,XZMU.MI,30.34000015258789,30.34000015258789,30.34000015258789,30.34000015258789,0
2020-12-15,XZMU.MI,30.385000228881836,30.5049991607666,30.334999084472656,30.34000015258789,663
2020-12-16,XZMU.MI,30.530000686645508,30.549999237060547,30.485000610351562,30.549999237060547,3530
2020-12-17,XZMU.MI,30.540000915527344,30.540000915527344,30.540000915527344,30.540000915527344,284
2020-12-18,XZMU.MI,30.614999771118164,30.614999771118164,30.530000686645508,30.530000686645508,8958
2020-12-21,XZMU.MI,30.6200008392334,30.6200008392334,30.2549991607666,30.299999237060547,10571
2020-12-22,XZMU.MI,30.53499984741211,30.59000015258789,30.53499984741211,30.59000015258789,660
2020-12-23,XZMU.MI,30.649999618530273,30.649999618530273,30.610000610351562,30.610000610351562,2386
2020-12-28,XZMU.MI,30.854999542236328,30.854999542236328,30.834999084472656,30.834999084472656,233
2020-12-29,XZMU.MI,30.889999389648438,30.889999389648438,30.709999084472656,30.7450008392334,2191
2020-12-30,XZMU.MI,30.7450008392334,30.7450008392334,30.7450008392334,30.7450008392334,0
2021-01-04,XZMU.MI,31.040000915527344,31.079999923706055,30.565000534057617,30.565000534057617,310
2021-01-05,XZMU.MI,30.559999465942383,30.565000534057617,30.485000610351562,30.545000076293945,14258
2021-01-06,XZMU.MI,30.4950008392334,31.06999969482422,30.40999984741211,31.065000534057617,41121
2021-01-07,XZMU.MI,31.100000381469727,31.424999237060547,31.100000381469727,31.399999618530273,214
2021-01-08,XZMU.MI,31.399999618530273,31.399999618530273,31.399999618530273,31.399999618530273,0
2021-01-11,XZMU.MI,31.790000915527344,31.895000457763672,31.790000915527344,31.8799991607666,408
2021-01-12,XZMU.MI,31.875,31.875,31.80500030517578,31.80500030517578,4346
2021-01-13,XZMU.MI,31.700000762939453,31.774999618530273,31.700000762939453,31.774999618530273,16537
2021-01-14,XZMU.MI,31.81999969482422,31.934999465942383,31.739999771118164,31.795000076293945,3754
2021-01-15,XZMU.MI,31.510000228881836,31.575000762939453,31.510000228881836,31.575000762939453,38
2021-01-18,XZMU.MI,31.594999313354492,31.65999984741211,31.584999084472656,31.645000457763672,30854
2021-01-19,XZMU.MI,31.674999237060547,31.674999237060547,31.639999389648438,31.639999389648438,1799
2021-01-20,XZMU.MI,31.905000686645508,32.290000915527344,31.905000686645508,32.2599983215332,9881
2021-01-21,XZMU.MI,32.275001525878906,32.30500030517578,32.20000076293945,32.20000076293945,14526
2021-01-22,XZMU.MI,32.04999923706055,32.04999923706055,32.01499938964844,32.01499938964844,92
2021-01-25,XZMU.MI,32.119998931884766,32.125,31.889999389648438,31.889999389648438,3532
2021-01-26,XZMU.MI,32.119998931884766,32.13999938964844,32.119998931884766,32.13999938964844,1052
2021-01-27,XZMU.MI,32.185001373291016,32.185001373291016,31.69499969482422,31.729999542236328,12098
2021-01-28,XZMU.MI,31.229999542236328,31.989999771118164,31.225000381469727,31.924999237060547,20000
2021-01-29,XZMU.MI,31.364999771118164,31.610000610351562,31.334999084472656,31.334999084472656,10697
2021-02-01,XZMU.MI,31.469999313354492,31.645000457763672,31.420000076293945,31.645000457763672,5970
2021-02-02,XZMU.MI,32.20000076293945,32.5099983215332,32.154998779296875,32.494998931884766,25472
2021-02-03,XZMU.MI,32.63999938964844,32.665000915527344,32.55500030517578,32.60499954223633,15432
2021-02-04,XZMU.MI,32.68000030517578,32.93000030517578,32.67499923706055,32.93000030517578,3705
2021-02-05,XZMU.MI,33.16999816894531,33.16999816894531,33.029998779296875,33.03499984741211,38956
2021-02-08,XZMU.MI,33.19499969482422,33.19499969482422,33.15999984741211,33.15999984741211,195
2021-02-09,XZMU.MI,33.04999923706055,33.05500030517578,33.025001525878906,33.04499816894531,2853
2021-02-10,XZMU.MI,33.084999084472656,33.1150016784668,32.86000061035156,32.86000061035156,7445
2021-02-11,XZMU.MI,32.86000061035156,32.86000061035156,32.86000061035156,32.86000061035156,0
2021-02-12,XZMU.MI,33.084999084472656,33.154998779296875,33.05500030517578,33.119998931884766,20568
2021-02-15,XZMU.MI,33.28499984741211,33.36000061035156,33.28499984741211,33.35499954223633,1190
2021-02-16,XZMU.MI,33.314998626708984,33.314998626708984,33.20500183105469,33.21500015258789,8576
2021-02-17,XZMU.MI,33.310001373291016,33.34000015258789,33.20000076293945,33.20500183105469,11006
2021-02-18,XZMU.MI,33.224998474121094,33.224998474121094,33.07500076293945,33.084999084472656,16734
2021-02-19,XZMU.MI,33.15999984741211,33.22999954223633,33.15999984741211,33.20000076293945,351
2021-02-22,XZMU.MI,32.779998779296875,32.790000915527344,32.665000915527344,32.720001220703125,3675
2021-02-23,XZMU.MI,32.70000076293945,32.70000076293945,32.1150016784668,32.439998626708984,4151
2021-02-24,XZMU.MI,32.540000915527344,32.81999969482422,32.540000915527344,32.81999969482422,7072
2021-02-25,XZMU.MI,32.79999923706055,32.810001373291016,32.47999954223633,32.47999954223633,7845
2021-02-26,XZMU.MI,32.30500030517578,32.3849983215332,32.2400016784668,32.2400016784668,3792
2021-03-01,XZMU.MI,32.6150016784668,33.0099983215332,32.6150016784668,32.959999084472656,15856
2021-03-02,XZMU.MI,32.93000030517578,33.03499984741211,32.720001220703125,32.7599983215332,35719
2021-03-03,XZMU.MI,32.79999923706055,32.79999923706055,32.564998626708984,32.564998626708984,2020
2021-03-04,XZMU.MI,31.969999313354492,32.224998474121094,31.959999084472656,32.189998626708984,9176
2021-03-05,XZMU.MI,32.279998779296875,32.279998779296875,31.844999313354492,31.844999313354492,408
2021-03-08,XZMU.MI,32.61000061035156,33.275001525878906,32.61000061035156,33.275001525878906,1129
2021-03-09,XZMU.MI,32.9900016784668,33.35499954223633,32.9900016784668,33.35499954223633,5617
2021-03-10,XZMU.MI,33.19499969482422,33.404998779296875,33.150001525878906,33.404998779296875,4177
2021-03-11,XZMU.MI,33.46500015258789,33.64500045776367,33.46500015258789,33.64500045776367,3122
2021-03-12,XZMU.MI,33.45000076293945,33.474998474121094,33.39500045776367,33.435001373291016,3805
2021-03-15,XZMU.MI,33.70500183105469,33.7400016784668,33.61000061035156,33.61000061035156,321
2021-03-16,XZMU.MI,33.8650016784668,34.03499984741211,33.810001373291016,33.970001220703125,4758
2021-03-17,XZMU.MI,33.7400016784668,33.7400016784668,33.7400016784668,33.7400016784668,87
2021-03-18,XZMU.MI,33.7400016784668,33.7400016784668,33.7400016784668,33.7400016784668,0
2021-03-19,XZMU.MI,33.57500076293945,33.58000183105469,33.244998931884766,33.400001525878906,8509
2021-03-22,XZMU.MI,33.32500076293945,33.560001373291016,33.32500076293945,33.560001373291016,1493
2021-03-23,XZMU.MI,33.48500061035156,33.7400016784668,33.48500061035156,33.7400016784668,1294
2021-03-24,XZMU.MI,33.7400016784668,33.7400016784668,33.7400016784668,33.7400016784668,0
2021-03-25,XZMU.MI,33.48500061035156,33.61000061035156,33.48500061035156,33.60499954223633,12894
2021-03-26,XZMU.MI,33.79999923706055,33.915000915527344,33.79999923706055,33.915000915527344,2286
2021-03-29,XZMU.MI,34.130001068115234,34.130001068115234,34.029998779296875,34.119998931884766,3646
2021-03-30,XZMU.MI,34.380001068115234,34.380001068115234,34.33000183105469,34.33000183105469,55
2021-03-31,XZMU.MI,34.29999923706055,34.525001525878906,34.29999923706055,34.5099983215332,8418
2021-04-01,XZMU.MI,34.63999938964844,34.790000915527344,34.6150016784668,34.78499984741211,16633
2021-04-06,XZMU.MI,35.275001525878906,35.275001525878906,35.19499969482422,35.19499969482422,3040
2021-04-07,XZMU.MI,34.95000076293945,35.04999923706055,34.94499969482422,35.0099983215332,8215
2021-04-08,XZMU.MI,35.16999816894531,35.18000030517578,35.084999084472656,35.099998474121094,11012
2021-04-09,XZMU.MI,35.18000030517578,35.2400016784668,35.18000030517578,35.20000076293945,813
2021-04-12,XZMU.MI,35.36000061035156,35.36000061035156,35.27000045776367,35.35499954223633,953
2021-04-13,XZMU.MI,35.48500061035156,35.48500061035156,35.38999938964844,35.400001525878906,9776
2021-04-14,XZMU.MI,35.474998474121094,35.474998474121094,35.439998626708984,35.439998626708984,3679
2021-04-15,XZMU.MI,35.435001373291016,35.650001525878906,35.435001373291016,35.630001068115234,11599
2021-04-16,XZMU.MI,35.60499954223633,35.75,35.60499954223633,35.744998931884766,14231
2021-04-19,XZMU.MI,35.77000045776367,35.77000045776367,35.5,35.5,3088
2021-04-20,XZMU.MI,35.31999969482422,35.345001220703125,35.150001525878906,35.19499969482422,3544
2021-04-21,XZMU.MI,35.369998931884766,35.45500183105469,35.369998931884766,35.45000076293945,363
2021-04-22,XZMU.MI,35.630001068115234,35.70000076293945,35.54999923706055,35.689998626708984,8642
2021-04-23,XZMU.MI,35.334999084472656,35.58000183105469,35.314998626708984,35.58000183105469,5170
2021-04-26,XZMU.MI,35.470001220703125,35.66999816894531,35.470001220703125,35.66999816894531,115
2021-04-27,XZMU.MI,35.66999816894531,35.66999816894531,35.53499984741211,35.55500030517578,200
2021-04-28,XZMU.MI,35.56999969482422,35.619998931884766,35.5,35.5,31
2021-04-29,XZMU.MI,35.470001220703125,35.48500061035156,35.32500076293945,35.32500076293945,459
2021-04-30,XZMU.MI,35.32500076293945,35.32500076293945,35.32500076293945,35.32500076293945,0
2021-05-03,XZMU.MI,35.65999984741211,35.68000030517578,35.53499984741211,35.55500030517578,547
2021-05-04,XZMU.MI,35.63999938964844,35.63999938964844,35.209999084472656,35.2400016784668,425
2021-05-05,XZMU.MI,35.665000915527344,35.665000915527344,35.540000915527344,35.6150016784668,30767
2021-05-06,XZMU.MI,35.44499969482422,35.44499969482422,35.3650016784668,35.3650016784668,1477
2021-05-07,XZMU.MI,35.525001525878906,35.68000030517578,35.48500061035156,35.68000030517578,2196
2021-05-10,XZMU.MI,35.625,35.625,35.584999084472656,35.584999084472656,5649
2021-05-11,XZMU.MI,35.165000915527344,35.165000915527344,34.73500061035156,34.82500076293945,8605
2021-05-12,XZMU.MI,34.849998474121094,34.85499954223633,34.64500045776367,34.64500045776367,573
2021-05-13,XZMU.MI,34.209999084472656,34.709999084472656,34.209999084472656,34.709999084472656,4646
2021-05-14,XZMU.MI,34.779998779296875,34.95500183105469,34.779998779296875,34.95500183105469,3030
2021-05-17,XZMU.MI,34.935001373291016,34.935001373291016,34.77000045776367,34.77000045776367,1675
2021-05-18,XZMU.MI,34.84000015258789,34.84000015258789,34.709999084472656,34.709999084472656,21
2021-05-19,XZMU.MI,34.16999816894531,34.16999816894531,33.85499954223633,34.025001525878906,864
2021-05-20,XZMU.MI,34.54499816894531,34.685001373291016,34.54499816894531,34.685001373291016,207
2021-05-21,XZMU.MI,34.959999084472656,34.970001220703125,34.880001068115234,34.880001068115234,572
2021-05-24,XZMU.MI,34.900001525878906,35.17499923706055,34.880001068115234,35.17499923706055,1003
2021-05-25,XZMU.MI,35.099998474121094,35.1150016784668,35.0,35.0,16279
2021-05-26,XZMU.MI,35.154998779296875,35.154998779296875,35.1349983215332,35.1349983215332,27
2021-05-27,XZMU.MI,35.220001220703125,35.220001220703125,35.189998626708984,35.189998626708984,284
2021-05-28,XZMU.MI,35.29999923706055,35.33000183105469,35.29999923706055,35.33000183105469,1852
2021-05-31,XZMU.MI,35.220001220703125,35.220001220703125,35.084999084472656,35.084999084472656,18
2021-06-01,XZMU.MI,35.084999084472656,35.084999084472656,35.084999084472656,35.084999084472656,0
2021-06-02,XZMU.MI,35.084999084472656,35.084999084472656,35.084999084472656,35.084999084472656,0
2021-06-03,XZMU.MI,35.18000030517578,35.31999969482422,35.119998931884766,35.31999969482422,424
2021-06-04,XZMU.MI,35.459999084472656,35.459999084472656,35.459999084472656,35.459999084472656,179
2021-06-07,XZMU.MI,35.58000183105469,35.58000183105469,35.36000061035156,35.36000061035156,2962
2021-06-08,XZMU.MI,35.36000061035156,35.36000061035156,35.36000061035156,35.36000061035156,0
2021-06-09,XZMU.MI,35.5099983215332,35.540000915527344,35.47999954223633,35.540000915527344,10600
2021-06-10,XZMU.MI,35.439998626708984,35.689998626708984,35.439998626708984,35.689998626708984,6070
2021-06-11,XZMU.MI,35.665000915527344,35.935001373291016,35.65999984741211,35.935001373291016,3476
2021-06-14,XZMU.MI,36.01499938964844,36.01499938964844,35.81999969482422,35.81999969482422,973
2021-06-15,XZMU.MI,35.92499923706055,35.92499923706055,35.86000061035156,35.86000061035156,21
2021-06-16,XZMU.MI,35.904998779296875,35.904998779296875,35.89500045776367,35.89500045776367,63
2021-06-17,XZMU.MI,36.064998626708984,36.310001373291016,36.064998626708984,36.310001373291016,16640
2021-06-18,XZMU.MI,36.369998931884766,36.369998931884766,36.13999938964844,36.13999938964844,604
2021-06-21,XZMU.MI,36.39500045776367,36.39500045776367,36.39500045776367,36.39500045776367,8080
2021-06-22,XZMU.MI,36.43000030517578,36.61000061035156,36.42499923706055,36.599998474121094,1470
2021-06-23,XZMU.MI,36.599998474121094,36.599998474121094,36.525001525878906,36.57500076293945,281
2021-06-24,XZMU.MI,36.78499984741211,36.84000015258789,36.779998779296875,36.84000015258789,2671
2021-06-25,XZMU.MI,36.8650016784668,36.95500183105469,36.8650016784668,36.95500183105469,282
2021-06-28,XZMU.MI,37.005001068115234,37.04999923706055,37.005001068115234,37.02000045776367,32172
2021-06-29,XZMU.MI,37.29499816894531,37.29499816894531,37.220001220703125,37.220001220703125,886
2021-06-30,XZMU.MI,37.17499923706055,37.35499954223633,37.16999816894531,37.35499954223633,988
2021-07-01,XZMU.MI,37.3849983215332,37.46500015258789,37.3849983215332,37.46500015258789,13
2021-07-02,XZMU.MI,37.68000030517578,38.005001068115234,37.67499923706055,37.76499938964844,1697
2021-07-05,XZMU.MI,37.79499816894531,37.89500045776367,37.79499816894531,37.89500045776367,95
2021-07-06,XZMU.MI,37.779998779296875,38.01499938964844,37.69499969482422,37.69499969482422,1612
2021-07-07,XZMU.MI,37.86000061035156,37.96500015258789,37.83000183105469,37.96500015258789,395
2021-07-08,XZMU.MI,37.77000045776367,37.77000045776367,37.29999923706055,37.474998474121094,23870
2021-07-09,XZMU.MI,37.63999938964844,37.79499816894531,37.63999938964844,37.79499816894531,196
2021-07-12,XZMU.MI,37.775001525878906,38.005001068115234,37.724998474121094,37.970001220703125,5307
2021-07-13,XZMU.MI,38.1349983215332,38.290000915527344,38.1349983215332,38.290000915527344,3466
2021-07-14,XZMU.MI,38.244998931884766,38.275001525878906,38.119998931884766,38.119998931884766,3890
2021-07-15,XZMU.MI,38.0099983215332,38.064998626708984,37.9900016784668,38.064998626708984,3521
2021-07-16,XZMU.MI,38.10499954223633,38.10499954223633,37.95500183105469,37.95500183105469,79
2021-07-19,XZMU.MI,37.779998779296875,37.779998779296875,37.28499984741211,37.30500030517578,1012
2021-07-20,XZMU.MI,37.56999969482422,37.88999938964844,37.5,37.8650016784668,10411
2021-07-21,XZMU.MI,38.025001525878906,38.099998474121094,38.025001525878906,38.060001373291016,2328
2021-07-22,XZMU.MI,38.314998626708984,38.36000061035156,38.1349983215332,38.279998779296875,28192
2021-07-23,XZMU.MI,38.52000045776367,38.810001373291016,38.52000045776367,38.810001373291016,9950
2021-07-26,XZMU.MI,38.75,38.75,38.60499954223633,38.69499969482422,2490
2021-07-27,XZMU.MI,38.71500015258789,38.744998931884766,38.35499954223633,38.35499954223633,2282
2021-07-28,XZMU.MI,38.63999938964844,38.70000076293945,38.63999938964844,38.63999938964844,840
2021-07-29,XZMU.MI,38.494998931884766,38.61000061035156,38.48500061035156,38.595001220703125,475
2021-07-30,XZMU.MI,38.29999923706055,38.54999923706055,38.29499816894531,38.54999923706055,1434
2021-08-02,XZMU.MI,38.6150016784668,38.654998779296875,38.599998474121094,38.654998779296875,6369
2021-08-03,XZMU.MI,38.560001373291016,38.560001373291016,38.439998626708984,38.45000076293945,1831
2021-08-04,XZMU.MI,38.73500061035156,38.73500061035156,38.5099983215332,38.654998779296875,4392
2021-08-05,XZMU.MI,38.689998626708984,38.86000061035156,38.689998626708984,38.834999084472656,79
2021-08-06,XZMU.MI,38.959999084472656,39.220001220703125,38.959999084472656,39.209999084472656,876
2021-08-09,XZMU.MI,39.20000076293945,39.255001068115234,39.20000076293945,39.244998931884766,1221
2021-08-10,XZMU.MI,39.35499954223633,39.35499954223633,39.34000015258789,39.34000015258789,48
2021-08-11,XZMU.MI,39.34000015258789,39.345001220703125,39.314998626708984,39.314998626708984,130
2021-08-12,XZMU.MI,39.38999938964844,39.40999984741211,39.36000061035156,39.38999938964844,349
2021-08-13,XZMU.MI,39.57500076293945,39.58000183105469,39.380001068115234,39.380001068115234,261
2021-08-16,XZMU.MI,39.415000915527344,39.41999816894531,39.23500061035156,39.23500061035156,686
2021-08-17,XZMU.MI,39.36000061035156,39.41999816894531,39.36000061035156,39.39500045776367,320
2021-08-18,XZMU.MI,39.39500045776367,39.52000045776367,39.380001068115234,39.52000045776367,317
2021-08-19,XZMU.MI,38.8650016784668,39.224998474121094,38.8650016784668,39.224998474121094,2186
2021-08-20,XZMU.MI,39.16999816894531,39.689998626708984,39.16999816894531,39.689998626708984,2642
2021-08-23,XZMU.MI,39.775001525878906,40.05500030517578,39.75,40.05500030517578,147
2021-08-24,XZMU.MI,40.04999923706055,40.04999923706055,40.02000045776367,40.02000045776367,500
2021-08-25,XZMU.MI,40.005001068115234,40.119998931884766,39.98500061035156,40.119998931884766,618
2021-08-26,XZMU.MI,40.119998931884766,40.119998931884766,40.119998931884766,40.119998931884766,0
2021-08-27,XZMU.MI,39.96500015258789,39.98500061035156,39.96500015258789,39.98500061035156,4
2021-08-30,XZMU.MI,40.084999084472656,40.25,40.08000183105469,40.25,210
2021-08-31,XZMU.MI,40.25,40.25,40.25,40.25,0
2021-09-01,XZMU.MI,40.060001373291016,40.060001373291016,39.939998626708984,39.939998626708984,149
2021-09-02,XZMU.MI,40.01499938964844,40.01499938964844,39.93000030517578,39.93000030517578,488
2021-09-03,XZMU.MI,39.88999938964844,39.90999984741211,39.72999954223633,39.8650016784668,21539
2021-09-06,XZMU.MI,39.935001373291016,40.025001525878906,39.935001373291016,40.025001525878906,4545
2021-09-07,XZMU.MI,39.91999816894531,39.95500183105469,39.76499938964844,39.76499938964844,453
2021-09-08,XZMU.MI,39.810001373291016,39.810001373291016,39.709999084472656,39.709999084472656,8193
2021-09-09,XZMU.MI,39.70000076293945,39.994998931884766,39.70000076293945,39.81999969482422,7405
2021-09-10,XZMU.MI,39.75,39.810001373291016,39.564998626708984,39.564998626708984,528
2021-09-13,XZMU.MI,39.564998626708984,39.564998626708984,39.564998626708984,39.564998626708984,0
2021-09-14,XZMU.MI,39.5,39.525001525878906,39.439998626708984,39.439998626708984,3650
2021-09-15,XZMU.MI,39.42499923706055,39.55500030517578,39.33000183105469,39.494998931884766,18939
2021-09-16,XZMU.MI,39.75,39.8650016784668,39.60499954223633,39.630001068115234,11599
2021-09-17,XZMU.MI,39.8849983215332,39.88999938964844,39.63999938964844,39.63999938964844,1811
2021-09-20,XZMU.MI,39.28499984741211,39.28499984741211,38.90999984741211,38.96500015258789,4937
2021-09-21,XZMU.MI,39.33000183105469,39.33000183105469,39.0099983215332,39.03499984741211,15428
2021-09-22,XZMU.MI,39.099998474121094,39.28499984741211,39.040000915527344,39.28499984741211,6543
2021-09-23,XZMU.MI,39.560001373291016,39.76499938964844,39.560001373291016,39.76499938964844,480
2021-09-24,XZMU.MI,39.630001068115234,39.744998931884766,39.630001068115234,39.744998931884766,1332
2021-09-27,XZMU.MI,40.025001525878906,40.025001525878906,39.78499984741211,39.78499984741211,9126
2021-09-28,XZMU.MI,39.540000915527344,39.540000915527344,38.96500015258789,38.96500015258789,1565
2021-09-29,XZMU.MI,39.22999954223633,39.2599983215332,39.08000183105469,39.224998474121094,8668
2021-09-30,XZMU.MI,39.41999816894531,39.41999816894531,39.26499938964844,39.26499938964844,201
2021-10-01,XZMU.MI,38.57500076293945,38.94499969482422,38.529998779296875,38.935001373291016,2629
2021-10-04,XZMU.MI,39.04999923706055,39.125,38.525001525878906,38.540000915527344,6131
2021-10-05,XZMU.MI,38.84000015258789,39.279998779296875,38.834999084472656,39.209999084472656,1881
2021-10-06,XZMU.MI,38.79999923706055,39.029998779296875,38.79499816894531,39.029998779296875,6392
2021-10-07,XZMU.MI,39.6349983215332,40.005001068115234,39.6349983215332,40.005001068115234,10070
2021-10-08,XZMU.MI,39.89500045776367,39.89500045776367,39.81999969482422,39.81999969482422,4343
2021-10-11,XZMU.MI,39.630001068115234,39.900001525878906,39.630001068115234,39.900001525878906,1243
2021-10-12,XZMU.MI,39.2599983215332,39.70000076293945,39.2599983215332,39.625,10857
2021-10-13,XZMU.MI,39.48500061035156,39.6150016784668,39.43000030517578,39.439998626708984,29561
2021-10-14,XZMU.MI,39.86000061035156,40.18000030517578,39.86000061035156,40.18000030517578,182
2021-10-15,XZMU.MI,40.29999923706055,40.4900016784668,40.29999923706055,40.4900016784668,523
2021-10-18,XZMU.MI,40.46500015258789,40.584999084472656,40.46500015258789,40.584999084472656,786
2021-10-19,XZMU.MI,40.59000015258789,40.84000015258789,40.59000015258789,40.84000015258789,493
2021-10-20,XZMU.MI,40.92499923706055,40.93000030517578,40.85499954223633,40.875,174
2021-10-21,XZMU.MI,40.77000045776367,40.98500061035156,40.77000045776367,40.900001525878906,515
2021-10-22,XZMU.MI,41.099998474121094,41.209999084472656,41.060001373291016,41.060001373291016,2778
2021-10-25,XZMU.MI,41.17499923706055,41.415000915527344,41.17499923706055,41.415000915527344,2887
2021-10-26,XZMU.MI,41.755001068115234,42.05500030517578,41.720001220703125,41.939998626708984,7251
2021-10-27,XZMU.MI,41.810001373291016,42.060001373291016,41.7400016784668,42.060001373291016,2702
2021-10-28,XZMU.MI,41.904998779296875,42.02000045776367,41.80500030517578,41.86000061035156,2434
2021-10-29,XZMU.MI,41.92499923706055,42.61000061035156,41.92499923706055,42.61000061035156,5557
2021-11-01,XZMU.MI,42.84000015258789,42.95000076293945,42.54999923706055,42.64500045776367,7216
2021-11-02,XZMU.MI,42.64500045776367,42.89500045776367,42.63999938964844,42.89500045776367,4480
2021-11-03,XZMU.MI,42.89500045776367,42.91999816894531,42.790000915527344,42.790000915527344,2916
2021-11-04,XZMU.MI,43.34000015258789,43.63999938964844,43.279998779296875,43.57500076293945,4882
2021-11-05,XZMU.MI,43.65999984741211,44.029998779296875,43.65999984741211,43.79999923706055,16043
2021-11-08,XZMU.MI,43.5,43.744998931884766,43.5,43.56999969482422,1425
2021-11-09,XZMU.MI,43.51499938964844,43.70000076293945,43.345001220703125,43.36000061035156,4930
2021-11-10,XZMU.MI,43.279998779296875,43.55500030517578,43.209999084472656,43.459999084472656,157116
2021-11-11,XZMU.MI,43.57500076293945,43.665000915527344,43.47999954223633,43.47999954223633,14962
2021-11-12,XZMU.MI,43.584999084472656,43.78499984741211,43.560001373291016,43.78499984741211,10382
2021-11-15,XZMU.MI,43.79499816894531,44.01499938964844,43.77000045776367,43.82500076293945,27716
2021-11-16,XZMU.MI,43.95500183105469,44.52000045776367,43.95000076293945,44.494998931884766,9052
2021-11-17,XZMU.MI,44.58000183105469,44.584999084472656,44.44499969482422,44.44499969482422,3248
2021-11-18,XZMU.MI,44.43000030517578,44.494998931884766,44.31999969482422,44.31999969482422,3499
2021-11-19,XZMU.MI,44.599998474121094,44.599998474121094,44.40999984741211,44.5099983215332,1439
2021-11-22,XZMU.MI,44.779998779296875,45.18000030517578,44.77000045776367,44.91999816894531,9592
2021-11-23,XZMU.MI,44.224998474121094,44.505001068115234,44.125,44.125,4190
2021-11-24,XZMU.MI,44.435001373291016,44.584999084472656,44.185001373291016,44.57500076293945,13365
2021-11-25,XZMU.MI,44.790000915527344,44.790000915527344,44.720001220703125,44.75,5384
2021-11-26,XZMU.MI,43.69499969482422,43.779998779296875,43.220001220703125,43.26499938964844,5882
2021-11-29,XZMU.MI,43.755001068115234,43.85499954223633,43.619998931884766,43.82500076293945,1390
2021-11-30,XZMU.MI,43.375,43.63999938964844,43.185001373291016,43.32500076293945,1865
2021-12-01,XZMU.MI,43.21500015258789,43.67499923706055,43.20000076293945,43.67499923706055,1881
2021-12-02,XZMU.MI,42.744998931884766,43.09000015258789,42.459999084472656,43.09000015258789,21624
2021-12-03,XZMU.MI,43.224998474121094,43.22999954223633,42.45000076293945,42.650001525878906,10748
2021-12-06,XZMU.MI,42.810001373291016,42.900001525878906,42.459999084472656,42.900001525878906,3368
2021-12-07,XZMU.MI,43.47999954223633,44.209999084472656,43.47999954223633,44.209999084472656,722
2021-12-08,XZMU.MI,44.189998626708984,44.310001373291016,43.81999969482422,43.83000183105469,4066
2021-12-09,XZMU.MI,44.0,44.04499816894531,43.88999938964844,44.04499816894531,20090
2021-12-10,XZMU.MI,43.900001525878906,44.07500076293945,43.72999954223633,43.78499984741211,6438
2021-12-13,XZMU.MI,44.154998779296875,44.35499954223633,43.67499923706055,43.67499923706055,6195
2021-12-14,XZMU.MI,43.67499923706055,43.67499923706055,43.04499816894531,43.08000183105469,9341
2021-12-15,XZMU.MI,43.29999923706055,43.310001373291016,43.150001525878906,43.150001525878906,9498
2021-12-16,XZMU.MI,43.98500061035156,44.220001220703125,43.60499954223633,43.60499954223633,8102
2021-12-17,XZMU.MI,43.040000915527344,43.380001068115234,42.76499938964844,43.380001068115234,5521
2021-12-20,XZMU.MI,42.525001525878906,42.529998779296875,42.14500045776367,42.14500045776367,7745
2021-12-21,XZMU.MI,42.724998474121094,42.97999954223633,42.70000076293945,42.875,15404
2021-12-22,XZMU.MI,43.29999923706055,43.59000015258789,43.209999084472656,43.59000015258789,17389
2021-12-23,XZMU.MI,43.79499816894531,44.1349983215332,43.77000045776367,44.05500030517578,1735
2021-12-27,XZMU.MI,44.07500076293945,44.560001373291016,44.07500076293945,44.5,16751
2021-12-28,XZMU.MI,44.81999969482422,44.89500045776367,44.720001220703125,44.720001220703125,1722
2021-12-29,XZMU.MI,44.92499923706055,44.959999084472656,44.404998779296875,44.474998474121094,12254
2021-12-30,XZMU.MI,44.7400016784668,44.845001220703125,44.70000076293945,44.76499938964844,14840
2022-01-03,XZMU.MI,44.51499938964844,44.654998779296875,44.51499938964844,44.525001525878906,2362
2022-01-04,XZMU.MI,44.84000015258789,44.98500061035156,44.4900016784668,44.540000915527344,14979
2022-01-05,XZMU.MI,44.47999954223633,44.5,44.275001525878906,44.275001525878906,6051
2022-01-06,XZMU.MI,43.525001525878906,43.595001220703125,43.20000076293945,43.439998626708984,24113
2022-01-07,XZMU.MI,43.45000076293945,43.51499938964844,42.94499969482422,43.060001373291016,3467
2022-01-10,XZMU.MI,43.11000061035156,43.11000061035156,42.3849983215332,42.459999084472656,4654
2022-01-11,XZMU.MI,43.040000915527344,43.22999954223633,42.724998474121094,43.0,6493
2022-01-12,XZMU.MI,43.31999969482422,43.47999954223633,43.18000030517578,43.27000045776367,24817
2022-01-13,XZMU.MI,43.119998931884766,43.22999954223633,42.92499923706055,43.005001068115234,15647
2022-01-14,XZMU.MI,42.380001068115234,42.435001373291016,42.08000183105469,42.27000045776367,2188
2022-01-17,XZMU.MI,42.48500061035156,42.665000915527344,42.43000030517578,42.599998474121094,7700
2022-01-18,XZMU.MI,42.27000045776367,42.44499969482422,41.93000030517578,42.13999938964844,41592
2022-01-19,XZMU.MI,41.79999923706055,42.31999969482422,41.79999923706055,41.92499923706055,12790
2022-01-20,XZMU.MI,41.66999816894531,42.345001220703125,41.66999816894531,42.345001220703125,1976
2022-01-21,XZMU.MI,41.244998931884766,41.3650016784668,40.83000183105469,41.25,3969
2022-01-24,XZMU.MI,40.720001220703125,40.76499938964844,39.27000045776367,39.400001525878906,25948
2022-01-25,XZMU.MI,40.04499816894531,40.54999923706055,39.8650016784668,40.029998779296875,21312
2022-01-26,XZMU.MI,40.34000015258789,41.06999969482422,40.34000015258789,40.91999816894531,17749
2022-01-27,XZMU.MI,40.20000076293945,41.31999969482422,40.189998626708984,41.10499954223633,9512
2022-01-28,XZMU.MI,40.400001525878906,40.79999923706055,39.98500061035156,40.79999923706055,3854
2022-01-31,XZMU.MI,41.334999084472656,41.63999938964844,41.25,41.599998474121094,3963
2022-02-01,XZMU.MI,41.83000183105469,41.93000030517578,41.630001068115234,41.85499954223633,2810
2022-02-02,XZMU.MI,42.38999938964844,42.470001220703125,42.21500015258789,42.255001068115234,5157
2022-02-03,XZMU.MI,42.220001220703125,42.220001220703125,41.584999084472656,41.60499954223633,7450
2022-02-04,XZMU.MI,41.31999969482422,41.31999969482422,40.654998779296875,40.93000030517578,6725
2022-02-07,XZMU.MI,41.2400016784668,41.279998779296875,41.064998626708984,41.1349983215332,2227
2022-02-08,XZMU.MI,41.130001068115234,41.220001220703125,40.900001525878906,41.220001220703125,10052
2022-02-09,XZMU.MI,41.43000030517578,41.875,41.43000030517578,41.875,3211
2022-02-10,XZMU.MI,41.90999984741211,41.93000030517578,41.470001220703125,41.494998931884766,6023
2022-02-11,XZMU.MI,41.060001373291016,41.415000915527344,41.029998779296875,41.029998779296875,12573
2022-02-14,XZMU.MI,40.47999954223633,40.689998626708984,40.19499969482422,40.689998626708984,26712
2022-02-15,XZMU.MI,40.8849983215332,41.13999938964844,40.8849983215332,41.095001220703125,4448
2022-02-16,XZMU.MI,40.9900016784668,41.185001373291016,40.77000045776367,40.790000915527344,18725
2022-02-17,XZMU.MI,40.8849983215332,40.939998626708984,40.45500183105469,40.5099983215332,2987
2022-02-18,XZMU.MI,40.2599983215332,40.29999923706055,39.94499969482422,39.94499969482422,2770
2022-02-21,XZMU.MI,39.814998626708984,39.849998474121094,39.404998779296875,39.404998779296875,3197
2022-02-22,XZMU.MI,39.13999938964844,39.70500183105469,39.13999938964844,39.540000915527344,1159
2022-02-23,XZMU.MI,39.724998474121094,39.7599983215332,39.189998626708984,39.189998626708984,3430
2022-02-24,XZMU.MI,38.04999923706055,38.88999938964844,37.97999954223633,38.88999938964844,8793
2022-02-25,XZMU.MI,39.404998779296875,40.255001068115234,39.400001525878906,40.255001068115234,4233
2022-02-28,XZMU.MI,39.959999084472656,40.55500030517578,39.904998779296875,40.529998779296875,29860
2022-03-01,XZMU.MI,40.55500030517578,40.70500183105469,40.32500076293945,40.32500076293945,26352
2022-03-02,XZMU.MI,40.334999084472656,40.89500045776367,40.334999084472656,40.89500045776367,7802
2022-03-03,XZMU.MI,41.005001068115234,41.439998626708984,40.875,40.875,1685
2022-03-04,XZMU.MI,40.845001220703125,41.03499984741211,40.619998931884766,40.619998931884766,6218
2022-03-07,XZMU.MI,40.224998474121094,40.849998474121094,40.20500183105469,40.48500061035156,19881
2022-03-08,XZMU.MI,39.84000015258789,39.95500183105469,39.29999923706055,39.44499969482422,9218
2022-03-09,XZMU.MI,39.970001220703125,40.07500076293945,39.70500183105469,39.86000061035156,12537
2022-03-10,XZMU.MI,39.70500183105469,39.78499984741211,39.45500183105469,39.45500183105469,10550
2022-03-11,XZMU.MI,39.96500015258789,40.529998779296875,39.96500015258789,40.095001220703125,9371
2022-03-14,XZMU.MI,39.775001525878906,39.94499969482422,39.44499969482422,39.44499969482422,1156
2022-03-15,XZMU.MI,39.029998779296875,40.064998626708984,39.0,40.064998626708984,1912
2022-03-16,XZMU.MI,40.560001373291016,40.97999954223633,40.560001373291016,40.85499954223633,39348
2022-03-17,XZMU.MI,40.94499969482422,41.01499938964844,40.6349983215332,40.85499954223633,104397
2022-03-18,XZMU.MI,41.189998626708984,41.595001220703125,41.10499954223633,41.595001220703125,3208
2022-03-21,XZMU.MI,41.96500015258789,42.06999969482422,41.845001220703125,41.845001220703125,3319
2022-03-22,XZMU.MI,42.224998474121094,42.51499938964844,42.16999816894531,42.435001373291016,11165
2022-03-23,XZMU.MI,42.474998474121094,42.48500061035156,42.28499984741211,42.31999969482422,18541
2022-03-24,XZMU.MI,42.2599983215332,42.39500045776367,42.2599983215332,42.30500030517578,295
2022-03-25,XZMU.MI,42.46500015258789,42.67499923706055,42.31999969482422,42.540000915527344,11953
2022-03-28,XZMU.MI,42.89500045776367,43.05500030517578,42.790000915527344,42.97999954223633,19566
2022-03-29,XZMU.MI,43.32500076293945,43.42499923706055,43.0,43.21500015258789,6321
2022-03-30,XZMU.MI,43.27000045776367,43.334999084472656,42.96500015258789,42.96500015258789,4075
2022-03-31,XZMU.MI,42.970001220703125,43.224998474121094,42.970001220703125,43.029998779296875,25869
2022-04-01,XZMU.MI,42.82500076293945,42.904998779296875,42.650001525878906,42.689998626708984,65810
2022-04-04,XZMU.MI,42.974998474121094,43.349998474121094,42.95500183105469,43.349998474121094,3209
2022-04-05,XZMU.MI,43.5,43.595001220703125,43.36000061035156,43.51499938964844,912
2022-04-06,XZMU.MI,43.01499938964844,43.01499938964844,42.45500183105469,42.51499938964844,2832
2022-04-07,XZMU.MI,42.69499969482422,42.82500076293945,42.415000915527344,42.45500183105469,29607
2022-04-08,XZMU.MI,43.15999984741211,43.18000030517578,42.85499954223633,42.91999816894531,6311
2022-04-11,XZMU.MI,42.46500015258789,42.46500015258789,41.89500045776367,41.91999816894531,2508
2022-04-12,XZMU.MI,41.60499954223633,42.314998626708984,41.60499954223633,42.13999938964844,129558
2022-04-13,XZMU.MI,41.88999938964844,41.90999984741211,41.689998626708984,41.88999938964844,1102
2022-04-14,XZMU.MI,41.915000915527344,42.21500015258789,41.904998779296875,42.1349983215332,3387
2022-04-19,XZMU.MI,41.599998474121094,42.334999084472656,41.59000015258789,42.334999084472656,25996
2022-04-20,XZMU.MI,42.26499938964844,42.65999984741211,42.23500061035156,42.439998626708984,3145
2022-04-21,XZMU.MI,42.349998474121094,42.814998626708984,42.349998474121094,42.52000045776367,15354
2022-04-22,XZMU.MI,41.82500076293945,41.89500045776367,41.36000061035156,41.404998779296875,11978
2022-04-25,XZMU.MI,40.630001068115234,40.97999954223633,40.54499816894531,40.720001220703125,19356
2022-04-26,XZMU.MI,41.209999084472656,41.209999084472656,40.665000915527344,40.665000915527344,13311
2022-04-27,XZMU.MI,40.79999923706055,41.36000061035156,40.595001220703125,41.349998474121094,113721
2022-04-28,XZMU.MI,41.39500045776367,41.70000076293945,41.099998474121094,41.29999923706055,27962
2022-04-29,XZMU.MI,41.689998626708984,41.834999084472656,41.310001373291016,41.38999938964844,178820
2022-05-02,XZMU.MI,40.689998626708984,40.755001068115234,40.32500076293945,40.54999923706055,54492
2022-05-03,XZMU.MI,40.91999816894531,41.16999816894531,40.7400016784668,41.16999816894531,19889
2022-05-04,XZMU.MI,41.099998474121094,41.099998474121094,40.55500030517578,40.55500030517578,9161
2022-05-05,XZMU.MI,41.7599983215332,41.79999923706055,40.755001068115234,40.779998779296875,4316
2022-05-06,XZMU.MI,40.349998474121094,40.380001068115234,39.529998779296875,40.11000061035156,6309
2022-05-09,XZMU.MI,39.875,39.875,39.04499816894531,39.04499816894531,52945
2022-05-10,XZMU.MI,39.26499938964844,39.505001068115234,38.7400016784668,38.775001525878906,9899
2022-05-11,XZMU.MI,39.02000045776367,39.40999984741211,38.65999984741211,39.09000015258789,10237
2022-05-12,XZMU.MI,38.30500030517578,38.724998474121094,38.30500030517578,38.724998474121094,33454
2022-05-13,XZMU.MI,39.2599983215332,39.82500076293945,39.2599983215332,39.709999084472656,11955
2022-05-16,XZMU.MI,39.55500030517578,39.63999938964844,39.369998931884766,39.369998931884766,13596
2022-05-17,XZMU.MI,39.69499969482422,39.97999954223633,39.44499969482422,39.44499969482422,27420
2022-05-18,XZMU.MI,39.47999954223633,39.47999954223633,38.834999084472656,38.834999084472656,1368
2022-05-19,XZMU.MI,38.31999969482422,38.31999969482422,37.70000076293945,37.8650016784668,68289
2022-05-20,XZMU.MI,38.08000183105469,38.345001220703125,37.595001220703125,37.619998931884766,13092
2022-05-23,XZMU.MI,38.130001068115234,38.154998779296875,37.599998474121094,38.099998474121094,29080
2022-05-24,XZMU.MI,37.459999084472656,37.6150016784668,36.970001220703125,37.06999969482422,26726
2022-05-25,XZMU.MI,37.77000045776367,37.939998626708984,37.59000015258789,37.849998474121094,13085
2022-05-26,XZMU.MI,37.97999954223633,38.584999084472656,37.97999954223633,38.53499984741211,5092
2022-05-27,XZMU.MI,38.7599983215332,39.470001220703125,38.72999954223633,39.470001220703125,21411
2022-05-30,XZMU.MI,40.165000915527344,40.165000915527344,39.779998779296875,39.814998626708984,1401
2022-05-31,XZMU.MI,39.58000183105469,39.79499816894531,39.224998474121094,39.415000915527344,16350
2022-06-01,XZMU.MI,39.6349983215332,39.90999984741211,39.314998626708984,39.404998779296875,16132
2022-06-02,XZMU.MI,39.439998626708984,39.52000045776367,39.025001525878906,39.40999984741211,33350
2022-06-03,XZMU.MI,39.724998474121094,39.775001525878906,39.21500015258789,39.29499816894531,11030
2022-06-06,XZMU.MI,39.869998931884766,39.94499969482422,39.64500045776367,39.64500045776367,1061
2022-06-07,XZMU.MI,39.35499954223633,39.470001220703125,39.244998931884766,39.470001220703125,1742
2022-06-08,XZMU.MI,39.67499923706055,39.73500061035156,39.41999816894531,39.625,1847
2022-06-09,XZMU.MI,39.52000045776367,39.55500030517578,39.279998779296875,39.415000915527344,6883
2022-06-10,XZMU.MI,38.720001220703125,38.92499923706055,38.06999969482422,38.10499954223633,22972
2022-06-13,XZMU.MI,37.439998626708984,37.5099983215332,37.22999954223633,37.255001068115234,20723
2022-06-14,XZMU.MI,37.165000915527344,37.165000915527344,36.8650016784668,37.0,18582
2022-06-15,XZMU.MI,36.845001220703125,37.470001220703125,36.81999969482422,37.32500076293945,26112
2022-06-16,XZMU.MI,37.209999084472656,37.209999084472656,36.165000915527344,36.165000915527344,44258
2022-06-17,XZMU.MI,36.334999084472656,36.57500076293945,36.20000076293945,36.4900016784668,19566
2022-06-20,XZMU.MI,36.349998474121094,36.529998779296875,36.349998474121094,36.52000045776367,6590
2022-06-21,XZMU.MI,36.755001068115234,37.07500076293945,36.67499923706055,36.9900016784668,139341
2022-06-22,XZMU.MI,36.685001373291016,37.290000915527344,36.56999969482422,37.290000915527344,34338
2022-06-23,XZMU.MI,37.525001525878906,37.525001525878906,37.400001525878906,37.5099983215332,24929
2022-06-24,XZMU.MI,38.1150016784668,38.48500061035156,38.1150016784668,38.48500061035156,16550
2022-06-27,XZMU.MI,38.91999816894531,38.91999816894531,38.6150016784668,38.6150016784668,350
2022-06-28,XZMU.MI,38.52000045776367,38.92499923706055,38.275001525878906,38.28499984741211,2446
2022-06-29,XZMU.MI,37.775001525878906,37.95000076293945,37.584999084472656,37.95000076293945,3789
2022-06-30,XZMU.MI,37.525001525878906,37.69499969482422,37.290000915527344,37.60499954223633,83104
2022-07-01,XZMU.MI,37.375,38.03499984741211,37.375,37.779998779296875,67556
2022-07-04,XZMU.MI,37.7400016784668,37.915000915527344,37.7400016784668,37.915000915527344,31
2022-07-05,XZMU.MI,38.28499984741211,38.35499954223633,37.94499969482422,38.130001068115234,2400
2022-07-06,XZMU.MI,39.2599983215332,39.32500076293945,39.185001373291016,39.244998931884766,1814
2022-07-07,XZMU.MI,39.52000045776367,39.90999984741211,39.39500045776367,39.900001525878906,2992
2022-07-08,XZMU.MI,40.275001525878906,40.275001525878906,39.86000061035156,40.14500045776367,30739
2022-07-11,XZMU.MI,39.970001220703125,40.25,39.939998626708984,40.025001525878906,5481
2022-07-12,XZMU.MI,39.97999954223633,40.17499923706055,39.77000045776367,39.89500045776367,9594
2022-07-13,XZMU.MI,39.59000015258789,39.59000015258789,38.94499969482422,39.14500045776367,9172
2022-07-14,XZMU.MI,39.064998626708984,39.064998626708984,38.775001525878906,38.94499969482422,11581
2022-07-15,XZMU.MI,39.29999923706055,39.70500183105469,39.290000915527344,39.665000915527344,7872
2022-07-18,XZMU.MI,39.76499938964844,39.994998931884766,39.494998931884766,39.6349983215332,53402
2022-07-19,XZMU.MI,38.880001068115234,39.525001525878906,38.880001068115234,39.525001525878906,9714
2022-07-20,XZMU.MI,39.79499816894531,40.23500061035156,39.720001220703125,40.23500061035156,76732
2022-07-21,XZMU.MI,40.10499954223633,40.34000015258789,39.93000030517578,40.34000015258789,4994
2022-07-22,XZMU.MI,40.619998931884766,40.75,40.220001220703125,40.220001220703125,17380
2022-07-25,XZMU.MI,40.154998779296875,40.2400016784668,39.875,40.095001220703125,19698
2022-07-26,XZMU.MI,40.2400016784668,40.2400016784668,39.974998474121094,39.974998474121094,4682
2022-07-27,XZMU.MI,40.32500076293945,40.525001525878906,40.18000030517578,40.525001525878906,12658
2022-07-28,XZMU.MI,40.51499938964844,41.290000915527344,40.5,41.255001068115234,13575
2022-07-29,XZMU.MI,41.375,41.73500061035156,41.31999969482422,41.40999984741211,8881
2022-08-01,XZMU.MI,41.560001373291016,41.65999984741211,41.505001068115234,41.584999084472656,4905
2022-08-02,XZMU.MI,41.275001525878906,41.69499969482422,41.275001525878906,41.630001068115234,3181
2022-08-03,XZMU.MI,41.53499984741211,42.150001525878906,41.494998931884766,42.150001525878906,58268
2022-08-04,XZMU.MI,42.18000030517578,42.345001220703125,41.915000915527344,41.935001373291016,16227
2022-08-05,XZMU.MI,42.06999969482422,42.16999816894531,41.89500045776367,41.89500045776367,79913
2022-08-08,XZMU.MI,42.25,42.375,42.244998931884766,42.244998931884766,1451
2022-08-09,XZMU.MI,41.849998474121094,41.849998474121094,41.46500015258789,41.625,11087
2022-08-10,XZMU.MI,41.685001373291016,41.97999954223633,41.625,41.97999954223633,3861
2022-08-11,XZMU.MI,42.310001373291016,42.415000915527344,42.1349983215332,42.2400016784668,873
2022-08-12,XZMU.MI,42.2400016784668,42.68000030517578,42.2400016784668,42.68000030517578,617
2022-08-16,XZMU.MI,43.7400016784668,43.81999969482422,43.439998626708984,43.64500045776367,64693
2022-08-17,XZMU.MI,43.63999938964844,43.63999938964844,43.27000045776367,43.32500076293945,3425
2022-08-18,XZMU.MI,43.404998779296875,43.58000183105469,43.39500045776367,43.58000183105469,535
2022-08-19,XZMU.MI,43.47999954223633,43.6349983215332,43.36000061035156,43.36000061035156,3375
2022-08-22,XZMU.MI,43.1349983215332,43.1349983215332,42.935001373291016,43.07500076293945,2328
2022-08-23,XZMU.MI,42.88999938964844,42.970001220703125,42.5099983215332,42.52000045776367,590
2022-08-24,XZMU.MI,42.79499816894531,42.84000015258789,42.709999084472656,42.79999923706055,6362
2022-08-25,XZMU.MI,42.89500045776367,42.939998626708984,42.73500061035156,42.775001525878906,1755
2022-08-26,XZMU.MI,42.814998626708984,43.02000045776367,42.1150016784668,42.1150016784668,1719
2022-08-29,XZMU.MI,41.54999923706055,41.54999923706055,41.125,41.125,647
2022-08-30,XZMU.MI,41.16999816894531,41.16999816894531,40.775001525878906,40.775001525878906,1593
2022-08-31,XZMU.MI,40.869998931884766,40.95000076293945,40.375,40.375,7437
2022-09-01,XZMU.MI,40.099998474121094,40.334999084472656,39.94499969482422,40.21500015258789,3007
2022-09-02,XZMU.MI,40.665000915527344,40.85499954223633,40.5,40.85499954223633,3082
2022-09-05,XZMU.MI,40.42499923706055,40.48500061035156,40.369998931884766,40.459999084472656,2168
2022-09-06,XZMU.MI,40.54999923706055,40.66999816894531,40.41999816894531,40.52000045776367,837
2022-09-07,XZMU.MI,40.310001373291016,40.57500076293945,40.310001373291016,40.57500076293945,1961
2022-09-08,XZMU.MI,40.77000045776367,41.2400016784668,40.724998474121094,41.20000076293945,1925
2022-09-09,XZMU.MI,41.470001220703125,41.470001220703125,41.470001220703125,41.470001220703125,152
2022-09-12,XZMU.MI,41.084999084472656,41.51499938964844,41.04999923706055,41.51499938964844,1724
2022-09-13,XZMU.MI,41.51499938964844,41.51499938964844,41.51499938964844,41.51499938964844,0
2022-09-14,XZMU.MI,41.51499938964844,41.51499938964844,41.51499938964844,41.51499938964844,0
2022-09-15,XZMU.MI,41.51499938964844,41.51499938964844,41.51499938964844,41.51499938964844,0
2022-09-16,XZMU.MI,41.51499938964844,41.51499938964844,41.51499938964844,41.51499938964844,0
2022-09-19,XZMU.MI,41.51499938964844,41.51499938964844,41.51499938964844,41.51499938964844,0
2022-09-20,XZMU.MI,41.51499938964844,41.51499938964844,41.51499938964844,41.51499938964844,0
2022-09-21,XZMU.MI,39.47999954223633,39.97999954223633,39.47999954223633,39.95500183105469,3163
2022-09-22,XZMU.MI,39.314998626708984,39.314998626708984,38.974998474121094,39.025001525878906,2174
2022-09-23,XZMU.MI,38.94499969482422,39.04999923706055,38.709999084472656,38.880001068115234,37379
2022-09-26,XZMU.MI,39.03499984741211,39.1349983215332,38.89500045776367,38.97999954223633,468
2022-09-27,XZMU.MI,39.31999969482422,39.42499923706055,39.08000183105469,39.08000183105469,2372
2022-09-28,XZMU.MI,38.81999969482422,39.28499984741211,38.72999954223633,39.22999954223633,1807
2022-09-29,XZMU.MI,39.1150016784668,39.1150016784668,38.21500015258789,38.255001068115234,7920
2022-09-30,XZMU.MI,38.404998779296875,38.584999084472656,38.130001068115234,38.525001525878906,6847
2022-10-03,XZMU.MI,37.56999969482422,38.17499923706055,37.56999969482422,38.14500045776367,27458
2022-10-04,XZMU.MI,38.70500183105469,39.11000061035156,38.46500015258789,38.845001220703125,13224
2022-10-05,XZMU.MI,38.77000045776367,38.77000045776367,38.650001525878906,38.72999954223633,1853
2022-10-06,XZMU.MI,39.064998626708984,39.45000076293945,38.8849983215332,39.255001068115234,2341
2022-10-07,XZMU.MI,39.04999923706055,39.05500030517578,38.20500183105469,38.209999084472656,2938
2022-10-10,XZMU.MI,38.16999816894531,38.16999816894531,38.0099983215332,38.0099983215332,1328
2022-10-11,XZMU.MI,37.6349983215332,37.85499954223633,37.57500076293945,37.83000183105469,8646
2022-10-12,XZMU.MI,37.83000183105469,37.96500015258789,37.75,37.790000915527344,924
2022-10-13,XZMU.MI,37.67499923706055,37.709999084472656,36.834999084472656,37.69499969482422,8259
2022-10-14,XZMU.MI,38.47999954223633,38.7400016784668,37.875,37.875,2860
2022-10-17,XZMU.MI,37.849998474121094,38.209999084472656,37.744998931884766,38.209999084472656,10398
2022-10-18,XZMU.MI,38.86000061035156,38.86000061035156,38.279998779296875,38.290000915527344,3209
2022-10-19,XZMU.MI,38.54499816894531,38.779998779296875,38.435001373291016,38.435001373291016,2956
2022-10-20,XZMU.MI,38.185001373291016,38.32500076293945,38.05500030517578,38.32500076293945,781
2022-10-21,XZMU.MI,37.904998779296875,38.30500030517578,37.869998931884766,38.07500076293945,5092
2022-10-24,XZMU.MI,38.619998931884766,38.875,38.334999084472656,38.63999938964844,41158
2022-10-25,XZMU.MI,38.8650016784668,39.099998474121094,38.8650016784668,39.099998474121094,595
2022-10-26,XZMU.MI,38.70000076293945,39.0099983215332,38.56999969482422,39.0099983215332,8584
2022-10-27,XZMU.MI,38.66999816894531,39.10499954223633,38.6150016784668,38.85499954223633,7394
2022-10-28,XZMU.MI,38.59000015258789,39.595001220703125,38.560001373291016,39.47999954223633,5695
2022-10-31,XZMU.MI,39.79999923706055,40.040000915527344,39.79999923706055,39.970001220703125,561
2022-11-01,XZMU.MI,39.9900016784668,40.08000183105469,39.720001220703125,39.720001220703125,604
2022-11-02,XZMU.MI,39.720001220703125,39.720001220703125,39.400001525878906,39.400001525878906,245
2022-11-03,XZMU.MI,38.994998931884766,39.01499938964844,38.69499969482422,38.900001525878906,3482
2022-11-04,XZMU.MI,38.65999984741211,38.82500076293945,38.23500061035156,38.29499816894531,8740
2022-11-07,XZMU.MI,38.505001068115234,38.70500183105469,38.45000076293945,38.55500030517578,3025
2022-11-08,XZMU.MI,38.64500045776367,38.9900016784668,38.599998474121094,38.9900016784668,790
2022-11-09,XZMU.MI,38.67499923706055,38.71500015258789,38.45000076293945,38.470001220703125,5105
2022-11-10,XZMU.MI,38.28499984741211,39.36000061035156,38.279998779296875,39.36000061035156,7636
2022-11-11,XZMU.MI,39.584999084472656,39.584999084472656,39.05500030517578,39.09000015258789,68880
2022-11-14,XZMU.MI,39.29999923706055,39.5,39.1150016784668,39.28499984741211,28759
2022-11-15,XZMU.MI,39.025001525878906,39.505001068115234,38.91999816894531,39.505001068115234,2778
2022-11-16,XZMU.MI,39.130001068115234,39.130001068115234,38.85499954223633,38.95500183105469,8439
2022-11-17,XZMU.MI,38.9900016784668,38.9900016784668,38.6150016784668,38.72999954223633,3543
2022-11-18,XZMU.MI,38.904998779296875,39.17499923706055,38.904998779296875,38.935001373291016,3579
2022-11-21,XZMU.MI,39.27000045776367,39.404998779296875,39.27000045776367,39.349998474121094,1214
2022-11-22,XZMU.MI,39.29499816894531,39.51499938964844,39.2599983215332,39.474998474121094,1470
2022-11-23,XZMU.MI,39.625,39.7400016784668,39.51499938964844,39.685001373291016,1279
2022-11-24,XZMU.MI,39.619998931884766,39.71500015258789,39.619998931884766,39.685001373291016,141
2022-11-25,XZMU.MI,39.595001220703125,39.72999954223633,39.57500076293945,39.6349983215332,6344
2022-11-28,XZMU.MI,39.505001068115234,39.525001525878906,39.064998626708984,39.375,24707
2022-11-29,XZMU.MI,39.310001373291016,39.310001373291016,39.0099983215332,39.029998779296875,2881
2022-11-30,XZMU.MI,39.23500061035156,39.310001373291016,39.005001068115234,39.310001373291016,5407
2022-12-01,XZMU.MI,40.244998931884766,40.244998931884766,39.755001068115234,39.89500045776367,6991
2022-12-02,XZMU.MI,39.869998931884766,39.95500183105469,39.625,39.755001068115234,2651
2022-12-05,XZMU.MI,39.60499954223633,39.654998779296875,39.255001068115234,39.380001068115234,12117
2022-12-06,XZMU.MI,39.154998779296875,39.209999084472656,38.64500045776367,38.75,11872
2022-12-07,XZMU.MI,38.86000061035156,38.86000061035156,38.36000061035156,38.599998474121094,6386
2022-12-08,XZMU.MI,38.599998474121094,38.7599983215332,38.599998474121094,38.68000030517578,13352
2022-12-09,XZMU.MI,38.79499816894531,38.8849983215332,38.51499938964844,38.80500030517578,6936
2022-12-12,XZMU.MI,38.525001525878906,38.70000076293945,38.46500015258789,38.70000076293945,7160
2022-12-13,XZMU.MI,39.01499938964844,39.78499984741211,39.01499938964844,39.255001068115234,37743
2022-12-14,XZMU.MI,39.040000915527344,39.13999938964844,38.845001220703125,39.130001068115234,7459
2022-12-15,XZMU.MI,38.400001525878906,38.439998626708984,37.70500183105469,37.720001220703125,10449
2022-12-16,XZMU.MI,37.595001220703125,37.595001220703125,37.349998474121094,37.369998931884766,3247
2022-12-19,XZMU.MI,37.45500183105469,37.505001068115234,37.1150016784668,37.1150016784668,3101
2022-12-20,XZMU.MI,36.71500015258789,36.95500183105469,36.71500015258789,36.8849983215332,2204
2022-12-21,XZMU.MI,37.2400016784668,37.6150016784668,37.1349983215332,37.599998474121094,8327
2022-12-22,XZMU.MI,37.45000076293945,37.45000076293945,36.86000061035156,36.904998779296875,2686
2022-12-23,XZMU.MI,36.9900016784668,37.05500030517578,36.7400016784668,36.91999816894531,7428
2022-12-27,XZMU.MI,37.150001525878906,37.154998779296875,36.86000061035156,36.904998779296875,700
2022-12-28,XZMU.MI,36.92499923706055,36.92499923706055,36.70500183105469,36.70500183105469,752
2022-12-29,XZMU.MI,36.564998626708984,37.040000915527344,36.5099983215332,37.040000915527344,10496
2022-12-30,XZMU.MI,36.584999084472656,36.665000915527344,36.584999084472656,36.625,585
2023-01-02,XZMU.MI,37.11000061035156,37.584999084472656,37.099998474121094,37.584999084472656,19673
2023-01-03,XZMU.MI,37.584999084472656,37.720001220703125,37.07500076293945,37.07500076293945,3218
2023-01-04,XZMU.MI,37.185001373291016,37.22999954223633,37.084999084472656,37.22999954223633,11212
2023-01-05,XZMU.MI,37.130001068115234,37.27000045776367,36.970001220703125,37.03499984741211,3015
2023-01-06,XZMU.MI,37.29499816894531,37.44499969482422,37.09000015258789,37.275001525878906,3629
2023-01-09,XZMU.MI,37.275001525878906,37.67499923706055,37.26499938964844,37.65999984741211,5114
2023-01-10,XZMU.MI,37.09000015258789,37.29499816894531,37.025001525878906,37.189998626708984,1844
2023-01-11,XZMU.MI,37.439998626708984,37.60499954223633,37.439998626708984,37.60499954223633,787
2023-01-12,XZMU.MI,37.900001525878906,37.915000915527344,37.48500061035156,37.630001068115234,6228
2023-01-13,XZMU.MI,37.63999938964844,37.724998474121094,37.58000183105469,37.654998779296875,18344
2023-01-16,XZMU.MI,37.869998931884766,37.97999954223633,37.7400016784668,37.93000030517578,11302
2023-01-17,XZMU.MI,37.86000061035156,38.125,37.7400016784668,38.005001068115234,2166
2023-01-18,XZMU.MI,37.83000183105469,38.005001068115234,37.64500045776367,37.64500045776367,782
2023-01-19,XZMU.MI,37.290000915527344,37.31999969482422,37.02000045776367,37.02000045776367,14894
2023-01-20,XZMU.MI,36.974998474121094,37.380001068115234,36.974998474121094,37.380001068115234,3038
2023-01-23,XZMU.MI,37.54499816894531,38.095001220703125,37.46500015258789,38.095001220703125,7991
2023-01-24,XZMU.MI,37.97999954223633,38.07500076293945,37.85499954223633,38.02000045776367,224
2023-01-25,XZMU.MI,37.70000076293945,37.75,37.244998931884766,37.525001525878906,2439
2023-01-26,XZMU.MI,37.974998474121094,38.209999084472656,37.96500015258789,38.07500076293945,1881
2023-01-27,XZMU.MI,38.209999084472656,38.540000915527344,38.209999084472656,38.540000915527344,6003
2023-01-30,XZMU.MI,38.2400016784668,38.3650016784668,38.084999084472656,38.314998626708984,3072
2023-01-31,XZMU.MI,38.084999084472656,38.349998474121094,38.07500076293945,38.349998474121094,28981
2023-02-01,XZMU.MI,38.45000076293945,38.55500030517578,38.2599983215332,38.3849983215332,850
2023-02-02,XZMU.MI,38.93000030517578,39.650001525878906,38.849998474121094,39.650001525878906,1114
2023-02-03,XZMU.MI,39.43000030517578,39.8849983215332,39.314998626708984,39.8849983215332,98406
2023-02-06,XZMU.MI,39.41999816894531,39.75,39.349998474121094,39.75,6551
2023-02-07,XZMU.MI,39.73500061035156,39.79499816894531,39.67499923706055,39.79499816894531,17909
2023-02-08,XZMU.MI,40.04499816894531,40.04499816894531,39.73500061035156,39.73500061035156,1176
2023-02-09,XZMU.MI,39.94499969482422,39.94499969482422,39.66999816894531,39.66999816894531,1234
2023-02-10,XZMU.MI,39.279998779296875,39.345001220703125,39.17499923706055,39.314998626708984,13674
2023-02-13,XZMU.MI,39.39500045776367,39.69499969482422,39.39500045776367,39.689998626708984,1178
2023-02-14,XZMU.MI,39.685001373291016,39.834999084472656,39.45500183105469,39.45500183105469,3218
2023-02-15,XZMU.MI,39.66999816894531,39.93000030517578,39.6349983215332,39.93000030517578,7504
2023-02-16,XZMU.MI,40.07500076293945,40.125,39.619998931884766,39.86000061035156,155629
2023-02-17,XZMU.MI,39.415000915527344,39.470001220703125,39.21500015258789,39.21500015258789,8227
2023-02-20,XZMU.MI,39.314998626708984,39.38999938964844,39.28499984741211,39.31999969482422,1905
2023-02-21,XZMU.MI,39.23500061035156,39.23500061035156,38.779998779296875,38.779998779296875,8769
2023-02-22,XZMU.MI,38.685001373291016,38.810001373291016,38.599998474121094,38.810001373291016,50435
2023-02-23,XZMU.MI,39.02000045776367,39.08000183105469,38.88999938964844,38.88999938964844,3689
2023-02-24,XZMU.MI,39.060001373291016,39.060001373291016,38.65999984741211,38.7400016784668,10266
2023-02-27,XZMU.MI,38.9900016784668,39.06999969482422,38.84000015258789,38.84000015258789,12022
2023-02-28,XZMU.MI,38.64500045776367,38.849998474121094,38.619998931884766,38.78499984741211,46694
2023-03-01,XZMU.MI,38.64500045776367,38.64500045776367,38.119998931884766,38.165000915527344,60267
2023-03-02,XZMU.MI,38.11000061035156,38.45000076293945,38.11000061035156,38.42499923706055,66404
2023-03-03,XZMU.MI,38.7400016784668,39.099998474121094,38.720001220703125,39.084999084472656,60180
2023-03-06,XZMU.MI,39.2400016784668,39.35499954223633,39.20000076293945,39.29499816894531,13625
2023-03-07,XZMU.MI,39.20000076293945,39.2400016784668,39.04999923706055,39.08000183105469,18698
2023-03-08,XZMU.MI,38.9900016784668,39.06999969482422,38.935001373291016,38.935001373291016,18996
2023-03-09,XZMU.MI,38.91999816894531,39.10499954223633,38.834999084472656,38.95500183105469,26144
2023-03-10,XZMU.MI,37.90999984741211,38.16999816894531,37.439998626708984,37.959999084472656,44912
2023-03-13,XZMU.MI,37.540000915527344,37.55500030517578,36.63999938964844,37.20000076293945,205484
2023-03-14,XZMU.MI,37.22999954223633,37.7599983215332,37.189998626708984,37.724998474121094,181966
2023-03-15,XZMU.MI,37.619998931884766,38.05500030517578,37.27000045776367,37.779998779296875,38050
2023-03-16,XZMU.MI,38.08000183105469,38.5,37.83000183105469,38.45000076293945,38684
2023-03-17,XZMU.MI,38.65999984741211,38.66999816894531,38.220001220703125,38.220001220703125,13602
2023-03-20,XZMU.MI,38.04499816894531,38.33000183105469,38.0,38.11000061035156,27460
2023-03-21,XZMU.MI,38.34000015258789,38.45000076293945,38.290000915527344,38.375,27948
2023-03-22,XZMU.MI,38.5099983215332,38.599998474121094,38.459999084472656,38.525001525878906,8759
2023-03-23,XZMU.MI,37.79999923706055,38.20000076293945,37.79999923706055,38.154998779296875,6733
2023-03-24,XZMU.MI,38.084999084472656,38.20000076293945,37.900001525878906,38.15999984741211,19535
2023-03-27,XZMU.MI,38.61000061035156,38.65999984741211,38.38999938964844,38.38999938964844,3870
2023-03-28,XZMU.MI,38.209999084472656,38.209999084472656,38.0,38.0,1569
2023-03-29,XZMU.MI,38.40999984741211,38.40999984741211,38.33000183105469,38.38999938964844,1234
2023-03-30,XZMU.MI,38.57500076293945,38.65999984741211,38.474998474121094,38.51499938964844,4153
2023-03-31,XZMU.MI,38.630001068115234,39.025001525878906,38.630001068115234,39.025001525878906,1883
2023-04-03,XZMU.MI,39.34000015258789,39.34000015258789,39.04999923706055,39.04999923706055,9674
2023-04-04,XZMU.MI,39.130001068115234,39.130001068115234,38.83000183105469,38.83000183105469,463
2023-04-05,XZMU.MI,38.75,38.790000915527344,38.685001373291016,38.685001373291016,41895
2023-04-06,XZMU.MI,38.779998779296875,38.79999923706055,38.61000061035156,38.720001220703125,41584
2023-04-11,XZMU.MI,39.130001068115234,39.130001068115234,38.939998626708984,39.02000045776367,1503
2023-04-12,XZMU.MI,38.91999816894531,39.084999084472656,38.755001068115234,38.755001068115234,6765
2023-04-13,XZMU.MI,38.65999984741211,38.65999984741211,38.5,38.58000183105469,6078
2023-04-14,XZMU.MI,38.7400016784668,38.89500045776367,38.7400016784668,38.849998474121094,6477
2023-04-17,XZMU.MI,39.0099983215332,39.11000061035156,38.95000076293945,39.08000183105469,10645
2023-04-18,XZMU.MI,39.18000030517578,39.400001525878906,39.06999969482422,39.125,22204
2023-04-19,XZMU.MI,39.02000045776367,39.099998474121094,38.935001373291016,39.02000045776367,6291
2023-04-20,XZMU.MI,38.970001220703125,38.970001220703125,38.7599983215332,38.849998474121094,3419
2023-04-21,XZMU.MI,38.915000915527344,38.93000030517578,38.78499984741211,38.849998474121094,4959
2023-04-24,XZMU.MI,38.72999954223633,38.75,38.59000015258789,38.59000015258789,2097
2023-04-25,XZMU.MI,38.459999084472656,38.61000061035156,38.459999084472656,38.529998779296875,2959
2023-04-26,XZMU.MI,38.2599983215332,38.29999923706055,37.97999954223633,38.185001373291016,14878
2023-04-27,XZMU.MI,38.025001525878906,38.43000030517578,38.025001525878906,38.43000030517578,10995
2023-04-28,XZMU.MI,38.77000045776367,38.935001373291016,38.7400016784668,38.90999984741211,5551
2023-05-02,XZMU.MI,39.31999969482422,39.349998474121094,38.650001525878906,38.650001525878906,1244
2023-05-03,XZMU.MI,38.72999954223633,38.849998474121094,38.68000030517578,38.68000030517578,5608
2023-05-04,XZMU.MI,38.439998626708984,38.54499816894531,38.2599983215332,38.38999938964844,4628
2023-05-05,XZMU.MI,38.380001068115234,38.810001373291016,38.380001068115234,38.810001373291016,6910
2023-05-08,XZMU.MI,38.869998931884766,38.939998626708984,38.849998474121094,38.88999938964844,2979
2023-05-09,XZMU.MI,39.09000015258789,39.130001068115234,39.06999969482422,39.119998931884766,4450
2023-05-10,XZMU.MI,39.04499816894531,39.2400016784668,39.04499816894531,39.119998931884766,7237
2023-05-11,XZMU.MI,39.47999954223633,39.529998779296875,39.279998779296875,39.345001220703125,5752
2023-05-12,XZMU.MI,39.40999984741211,39.65999984741211,39.40999984741211,39.470001220703125,7847
2023-05-15,XZMU.MI,39.709999084472656,39.71500015258789,39.45000076293945,39.55500030517578,1580
2023-05-16,XZMU.MI,39.5,39.63999938964844,39.47999954223633,39.6150016784668,28588
2023-05-17,XZMU.MI,39.755001068115234,39.810001373291016,39.689998626708984,39.775001525878906,8606
2023-05-18,XZMU.MI,40.099998474121094,40.53499984741211,40.099998474121094,40.53499984741211,5695
2023-05-19,XZMU.MI,40.689998626708984,40.7400016784668,40.41999816894531,40.41999816894531,2293
2023-05-22,XZMU.MI,40.459999084472656,40.68000030517578,40.459999084472656,40.68000030517578,21782
2023-05-23,XZMU.MI,40.58000183105469,40.67499923706055,40.494998931884766,40.529998779296875,2603
2023-05-24,XZMU.MI,40.08000183105469,40.095001220703125,39.709999084472656,39.78499984741211,5049
2023-05-25,XZMU.MI,40.380001068115234,40.75,40.279998779296875,40.6150016784668,28855
2023-05-26,XZMU.MI,40.56999969482422,41.209999084472656,40.54999923706055,41.095001220703125,46960
2023-05-29,XZMU.MI,41.25,41.334999084472656,41.25,41.33000183105469,13774
2023-05-30,XZMU.MI,41.400001525878906,41.53499984741211,41.09000015258789,41.150001525878906,16723
2023-05-31,XZMU.MI,41.22999954223633,41.22999954223633,40.89500045776367,40.89500045776367,11605
2023-06-01,XZMU.MI,41.0,41.060001373291016,40.66999816894531,40.89500045776367,11008
2023-06-02,XZMU.MI,41.15999984741211,41.779998779296875,41.15999984741211,41.779998779296875,1117
2023-06-05,XZMU.MI,41.91999816894531,41.97999954223633,41.779998779296875,41.95000076293945,7054
2023-06-06,XZMU.MI,41.77000045776367,42.04999923706055,41.77000045776367,42.02000045776367,7280
2023-06-07,XZMU.MI,42.029998779296875,42.029998779296875,41.75,41.849998474121094,6990
2023-06-08,XZMU.MI,41.58000183105469,41.66999816894531,41.36000061035156,41.560001373291016,4750
2023-06-09,XZMU.MI,41.599998474121094,41.810001373291016,41.599998474121094,41.810001373291016,5409
2023-06-12,XZMU.MI,41.91999816894531,41.95000076293945,41.79999923706055,41.939998626708984,2340
2023-06-13,XZMU.MI,42.189998626708984,42.43000030517578,42.130001068115234,42.43000030517578,11124
2023-06-14,XZMU.MI,42.58000183105469,42.650001525878906,42.31999969482422,42.51499938964844,118995
2023-06-15,XZMU.MI,42.459999084472656,42.46500015258789,42.040000915527344,42.43000030517578,20021
2023-06-16,XZMU.MI,42.540000915527344,42.724998474121094,42.540000915527344,42.65999984741211,14039
2023-06-19,XZMU.MI,42.5,42.540000915527344,42.400001525878906,42.400001525878906,1971
2023-06-20,XZMU.MI,42.375,42.47999954223633,42.20000076293945,42.290000915527344,16184
2023-06-21,XZMU.MI,42.33000183105469,42.41999816894531,41.880001068115234,41.970001220703125,19044
2023-06-22,XZMU.MI,41.630001068115234,41.875,41.560001373291016,41.875,23617
2023-06-23,XZMU.MI,42.209999084472656,42.2599983215332,41.88999938964844,41.97999954223633,23106
2023-06-26,XZMU.MI,41.84000015258789,42.0,41.73500061035156,41.73500061035156,33540
2023-06-27,XZMU.MI,41.61000061035156,41.68000030517578,41.45000076293945,41.68000030517578,31208
2023-06-28,XZMU.MI,41.88999938964844,42.15999984741211,41.76499938964844,42.130001068115234,52740
2023-06-29,XZMU.MI,42.154998779296875,42.36000061035156,42.150001525878906,42.36000061035156,13391
2023-06-30,XZMU.MI,42.61000061035156,42.79999923706055,42.61000061035156,42.709999084472656,12920
2023-07-03,XZMU.MI,42.93000030517578,42.970001220703125,42.77000045776367,42.81999969482422,11160
2023-07-04,XZMU.MI,42.849998474121094,42.90999984741211,42.84000015258789,42.90999984741211,1166
2023-07-05,XZMU.MI,42.790000915527344,43.09000015258789,42.755001068115234,43.04999923706055,31044
2023-07-06,XZMU.MI,42.83000183105469,42.90999984741211,42.369998931884766,42.45000076293945,26105
2023-07-07,XZMU.MI,42.560001373291016,42.630001068115234,42.31999969482422,42.369998931884766,31354
2023-07-10,XZMU.MI,41.970001220703125,42.220001220703125,41.959999084472656,42.10499954223633,24168
2023-07-11,XZMU.MI,42.119998931884766,42.29999923706055,42.060001373291016,42.220001220703125,8698
2023-07-12,XZMU.MI,42.345001220703125,42.529998779296875,42.345001220703125,42.375,13326
2023-07-13,XZMU.MI,42.31999969482422,42.31999969482422,42.22999954223633,42.30500030517578,19933
2023-07-14,XZMU.MI,42.42499923706055,42.630001068115234,42.34000015258789,42.5099983215332,11470
2023-07-17,XZMU.MI,42.380001068115234,42.529998779296875,42.310001373291016,42.46500015258789,28580
2023-07-18,XZMU.MI,42.400001525878906,42.689998626708984,42.38999938964844,42.689998626708984,20450
2023-07-19,XZMU.MI,43.0099983215332,43.3849983215332,42.974998474121094,43.314998626708984,41389
2023-07-20,XZMU.MI,42.904998779296875,43.09000015258789,42.77000045776367,43.04999923706055,72886
2023-07-21,XZMU.MI,42.880001068115234,43.11000061035156,42.880001068115234,43.029998779296875,16587
2023-07-24,XZMU.MI,42.88999938964844,43.23500061035156,42.880001068115234,43.185001373291016,20606
2023-07-25,XZMU.MI,43.279998779296875,43.54999923706055,43.224998474121094,43.47999954223633,17397
2023-07-26,XZMU.MI,43.51499938964844,43.51499938964844,43.275001525878906,43.275001525878906,21160
2023-07-27,XZMU.MI,43.400001525878906,44.029998779296875,43.36000061035156,43.93000030517578,30584
2023-07-28,XZMU.MI,43.689998626708984,43.814998626708984,43.59000015258789,43.77000045776367,19469
2023-07-31,XZMU.MI,43.720001220703125,43.810001373291016,43.59000015258789,43.70000076293945,38775
2023-08-01,XZMU.MI,43.91999816894531,43.93000030517578,43.78499984741211,43.86000061035156,27436
2023-08-02,XZMU.MI,43.279998779296875,43.595001220703125,43.279998779296875,43.3849983215332,33462
2023-08-03,XZMU.MI,43.20000076293945,43.290000915527344,43.02000045776367,43.17499923706055,24405
2023-08-04,XZMU.MI,43.290000915527344,43.439998626708984,42.95000076293945,43.119998931884766,61430
2023-08-07,XZMU.MI,43.06999969482422,43.130001068115234,42.97999954223633,43.064998626708984,9453
2023-08-08,XZMU.MI,43.209999084472656,43.314998626708984,43.07500076293945,43.08000183105469,15348
2023-08-09,XZMU.MI,43.38999938964844,43.48500061035156,42.85499954223633,42.85499954223633,19120
2023-08-10,XZMU.MI,42.959999084472656,43.150001525878906,42.810001373291016,43.05500030517578,10117
2023-08-11,XZMU.MI,42.900001525878906,42.900001525878906,42.66999816894531,42.72999954223633,7373
2023-08-14,XZMU.MI,42.849998474121094,43.290000915527344,42.849998474121094,43.20000076293945,3958
2023-08-16,XZMU.MI,43.0099983215332,43.06999969482422,42.95000076293945,43.06999969482422,742
2023-08-17,XZMU.MI,42.86000061035156,42.95000076293945,42.76499938964844,42.79999923706055,5646
2023-08-18,XZMU.MI,42.5099983215332,42.5099983215332,42.15999984741211,42.290000915527344,26042
2023-08-21,XZMU.MI,42.470001220703125,42.65999984741211,42.3650016784668,42.3650016784668,4470
2023-08-22,XZMU.MI,42.77000045776367,43.154998779296875,42.77000045776367,42.970001220703125,3876
2023-08-23,XZMU.MI,43.185001373291016,43.26499938964844,42.9900016784668,43.26499938964844,4606
2023-08-24,XZMU.MI,43.83000183105469,43.86000061035156,43.220001220703125,43.255001068115234,6122
2023-08-25,XZMU.MI,43.099998474121094,43.209999084472656,42.95000076293945,43.099998474121094,10345
2023-08-28,XZMU.MI,43.290000915527344,43.540000915527344,43.2599983215332,43.415000915527344,9556
2023-08-29,XZMU.MI,43.529998779296875,43.970001220703125,43.525001525878906,43.970001220703125,10417
2023-08-30,XZMU.MI,43.974998474121094,44.04999923706055,43.779998779296875,43.970001220703125,6631
2023-08-31,XZMU.MI,44.255001068115234,44.459999084472656,44.255001068115234,44.404998779296875,23756
2023-09-01,XZMU.MI,44.36000061035156,44.525001525878906,44.36000061035156,44.525001525878906,2101
2023-09-04,XZMU.MI,44.57500076293945,44.61000061035156,44.494998931884766,44.5,4756
2023-09-05,XZMU.MI,44.529998779296875,44.79499816894531,44.529998779296875,44.79499816894531,1509
2023-09-06,XZMU.MI,44.56999969482422,44.57500076293945,44.34000015258789,44.34000015258789,2195
2023-09-07,XZMU.MI,44.27000045776367,44.279998779296875,44.224998474121094,44.279998779296875,2168
2023-09-08,XZMU.MI,44.46500015258789,44.53499984741211,44.32500076293945,44.53499984741211,17826
2023-09-11,XZMU.MI,44.5099983215332,44.599998474121094,44.404998779296875,44.45000076293945,10718
2023-09-12,XZMU.MI,44.619998931884766,44.654998779296875,44.47999954223633,44.47999954223633,1745
2023-09-13,XZMU.MI,44.314998626708984,44.42499923706055,44.21500015258789,44.42499923706055,6254
2023-09-14,XZMU.MI,44.459999084472656,44.939998626708984,44.459999084472656,44.904998779296875,5602
2023-09-15,XZMU.MI,45.150001525878906,45.150001525878906,44.470001220703125,44.470001220703125,4441
2023-09-18,XZMU.MI,44.35499954223633,44.43000030517578,44.13999938964844,44.28499984741211,2480
2023-09-19,XZMU.MI,44.165000915527344,44.224998474121094,43.88999938964844,43.88999938964844,4971
2023-09-20,XZMU.MI,44.06999969482422,44.18000030517578,44.02000045776367,44.02000045776367,6455
2023-09-21,XZMU.MI,43.625,43.625,43.20500183105469,43.20500183105469,7032
2023-09-22,XZMU.MI,42.97999954223633,43.1349983215332,42.97999954223633,43.1349983215332,4749
2023-09-25,XZMU.MI,42.90999984741211,43.06999969482422,42.73500061035156,43.06999969482422,720
2023-09-26,XZMU.MI,42.935001373291016,42.95500183105469,42.69499969482422,42.69499969482422,2607
2023-09-27,XZMU.MI,42.93000030517578,42.95500183105469,42.86000061035156,42.900001525878906,4190
2023-09-28,XZMU.MI,42.98500061035156,42.98500061035156,42.724998474121094,42.96500015258789,8387
2023-09-29,XZMU.MI,43.150001525878906,43.290000915527344,43.095001220703125,43.23500061035156,24222
2023-10-02,XZMU.MI,43.18000030517578,43.474998474121094,43.099998474121094,43.474998474121094,32942
2023-10-03,XZMU.MI,43.48500061035156,43.599998474121094,42.83000183105469,42.83000183105469,62013
2023-10-04,XZMU.MI,42.57500076293945,42.93000030517578,42.57500076293945,42.93000030517578,3092
2023-10-05,XZMU.MI,43.119998931884766,43.119998931884766,42.84000015258789,42.84000015258789,10090
2023-10-06,XZMU.MI,43.025001525878906,43.21500015258789,43.02000045776367,43.21500015258789,16439
2023-10-09,XZMU.MI,43.310001373291016,43.474998474121094,43.2400016784668,43.474998474121094,18102
2023-10-10,XZMU.MI,43.76499938964844,44.084999084472656,43.630001068115234,44.084999084472656,22551
2023-10-11,XZMU.MI,43.8650016784668,44.05500030517578,43.82500076293945,43.90999984741211,21204
2023-10-12,XZMU.MI,44.150001525878906,44.34000015258789,44.150001525878906,44.34000015258789,14113
2023-10-13,XZMU.MI,44.150001525878906,44.27000045776367,44.0,44.0,5040
2023-10-16,XZMU.MI,43.91999816894531,44.33000183105469,43.76499938964844,44.30500030517578,14095
2023-10-17,XZMU.MI,44.27000045776367,44.27000045776367,43.904998779296875,44.09000015258789,3732
2023-10-18,XZMU.MI,43.994998931884766,43.994998931884766,43.80500030517578,43.80500030517578,2310
2023-10-19,XZMU.MI,43.29999923706055,43.3849983215332,43.02000045776367,43.095001220703125,7497
2023-10-20,XZMU.MI,42.625,42.654998779296875,42.20500183105469,42.20500183105469,1156
2023-10-23,XZMU.MI,42.28499984741211,42.28499984741211,41.81999969482422,42.15999984741211,2000
2023-10-24,XZMU.MI,42.11000061035156,42.53499984741211,42.099998474121094,42.474998474121094,5972
2023-10-25,XZMU.MI,42.30500030517578,42.46500015258789,42.060001373291016,42.060001373291016,2326
2023-10-26,XZMU.MI,41.560001373291016,41.79999923706055,41.560001373291016,41.665000915527344,15172
2023-10-27,XZMU.MI,41.459999084472656,41.5,41.185001373291016,41.244998931884766,5063
2023-10-30,XZMU.MI,41.375,41.375,41.02000045776367,41.095001220703125,2183
2023-10-31,XZMU.MI,41.14500045776367,41.53499984741211,41.14500045776367,41.53499984741211,12785
2023-11-01,XZMU.MI,41.61000061035156,41.98500061035156,41.61000061035156,41.98500061035156,35
2023-11-02,XZMU.MI,42.27000045776367,42.68000030517578,42.154998779296875,42.68000030517578,7428
2023-11-03,XZMU.MI,42.79499816894531,43.07500076293945,42.79499816894531,43.07500076293945,3154
2023-11-06,XZMU.MI,42.98500061035156,43.0,42.974998474121094,43.0,3509
2023-11-07,XZMU.MI,43.06999969482422,43.494998931884766,43.06999969482422,43.494998931884766,522
2023-11-08,XZMU.MI,43.435001373291016,43.60499954223633,43.400001525878906,43.400001525878906,8556
2023-11-09,XZMU.MI,43.6150016784668,43.73500061035156,43.54999923706055,43.54999923706055,5450
2023-11-10,XZMU.MI,43.31999969482422,43.494998931884766,43.15999984741211,43.494998931884766,236
2023-11-13,XZMU.MI,43.650001525878906,43.834999084472656,43.64500045776367,43.834999084472656,13668
2023-11-14,XZMU.MI,43.849998474121094,44.20000076293945,43.7599983215332,44.18000030517578,12048
2023-11-15,XZMU.MI,44.290000915527344,44.3849983215332,44.290000915527344,44.34000015258789,801
2023-11-16,XZMU.MI,44.34000015258789,44.34000015258789,44.16999816894531,44.2400016784668,10431
2023-11-17,XZMU.MI,44.5,44.5,44.17499923706055,44.17499923706055,9318
2023-11-20,XZMU.MI,44.10499954223633,44.220001220703125,44.029998779296875,44.220001220703125,2490
2023-11-21,XZMU.MI,44.34000015258789,44.41999816894531,44.34000015258789,44.41999816894531,7512
2023-11-22,XZMU.MI,44.54499816894531,44.8650016784668,44.470001220703125,44.755001068115234,12903
2023-11-23,XZMU.MI,44.60499954223633,44.744998931884766,44.60499954223633,44.709999084472656,1574
2023-11-24,XZMU.MI,44.6349983215332,44.6349983215332,44.505001068115234,44.505001068115234,3860
2023-11-27,XZMU.MI,44.400001525878906,44.494998931884766,44.33000183105469,44.494998931884766,1367
2023-11-28,XZMU.MI,44.42499923706055,44.42499923706055,44.20000076293945,44.42499923706055,2937
2023-11-29,XZMU.MI,44.415000915527344,44.72999954223633,44.415000915527344,44.560001373291016,10247
2023-11-30,XZMU.MI,44.665000915527344,44.875,44.665000915527344,44.67499923706055,11611
2023-12-01,XZMU.MI,44.84000015258789,45.064998626708984,44.84000015258789,45.064998626708984,5136
2023-12-04,XZMU.MI,45.125,45.15999984741211,44.970001220703125,45.0,3983
2023-12-05,XZMU.MI,45.03499984741211,45.255001068115234,44.95000076293945,45.255001068115234,4303
2023-12-06,XZMU.MI,45.505001068115234,45.619998931884766,45.375,45.375,86246
2023-12-07,XZMU.MI,45.224998474121094,45.5,45.224998474121094,45.5,8008
2023-12-08,XZMU.MI,45.665000915527344,45.80500030517578,45.630001068115234,45.779998779296875,3540
2023-12-11,XZMU.MI,45.8849983215332,45.91999816894531,45.79499816894531,45.91999816894531,2348
2023-12-12,XZMU.MI,45.994998931884766,46.0,45.939998626708984,46.0,7423
2023-12-13,XZMU.MI,46.23500061035156,46.255001068115234,46.119998931884766,46.13999938964844,28495
2023-12-14,XZMU.MI,46.45500183105469,46.45500183105469,45.89500045776367,45.93000030517578,9107
2023-12-15,XZMU.MI,46.26499938964844,46.3849983215332,46.189998626708984,46.3849983215332,13609
2023-12-18,XZMU.MI,46.3650016784668,46.494998931884766,46.3650016784668,46.494998931884766,2020
2023-12-19,XZMU.MI,46.494998931884766,46.51499938964844,46.42499923706055,46.4900016784668,23435
2023-12-20,XZMU.MI,46.584999084472656,46.70000076293945,46.52000045776367,46.70000076293945,4450
2023-12-21,XZMU.MI,46.290000915527344,46.3650016784668,46.20000076293945,46.23500061035156,5186
2023-12-22,XZMU.MI,46.220001220703125,46.46500015258789,46.16999816894531,46.43000030517578,2006
2023-12-27,XZMU.MI,46.459999084472656,46.474998474121094,46.17499923706055,46.17499923706055,2619
2023-12-28,XZMU.MI,46.34000015258789,46.40999984741211,46.28499984741211,46.40999984741211,3267
2023-12-29,XZMU.MI,46.53499984741211,46.599998474121094,46.21500015258789,46.21500015258789,3159
2024-01-02,XZMU.MI,46.57500076293945,46.6349983215332,46.42499923706055,46.470001220703125,6414
2024-01-03,XZMU.MI,46.43000030517578,46.44499969482422,46.290000915527344,46.290000915527344,989
2024-01-04,XZMU.MI,46.1150016784668,46.27000045776367,46.08000183105469,46.27000045776367,7322
2024-01-05,XZMU.MI,46.040000915527344,46.125,45.95500183105469,46.125,12608
2024-01-08,XZMU.MI,46.084999084472656,46.310001373291016,45.959999084472656,46.310001373291016,3347
2024-01-09,XZMU.MI,46.76499938964844,46.904998779296875,46.70000076293945,46.904998779296875,6000
2024-01-10,XZMU.MI,46.935001373291016,46.959999084472656,46.935001373291016,46.95500183105469,2955
2024-01-11,XZMU.MI,47.21500015258789,47.27000045776367,46.790000915527344,46.790000915527344,8839
2024-01-12,XZMU.MI,46.97999954223633,47.10499954223633,46.97999954223633,47.08000183105469,1835
2024-01-15,XZMU.MI,47.244998931884766,47.244998931884766,47.18000030517578,47.18000030517578,1298
2024-01-16,XZMU.MI,47.125,47.59000015258789,47.125,47.59000015258789,5736
2024-01-17,XZMU.MI,47.28499984741211,47.3650016784668,47.28499984741211,47.36000061035156,3346
2024-01-18,XZMU.MI,47.2400016784668,47.494998931884766,47.2400016784668,47.48500061035156,10432
2024-01-19,XZMU.MI,47.67499923706055,47.849998474121094,47.67499923706055,47.79499816894531,12525
2024-01-22,XZMU.MI,48.33000183105469,48.43000030517578,48.33000183105469,48.375,6126
2024-01-23,XZMU.MI,48.38999938964844,48.470001220703125,48.375,48.375,19519
2024-01-24,XZMU.MI,48.564998626708984,48.66999816894531,48.44499969482422,48.630001068115234,12518
2024-01-25,XZMU.MI,48.44499969482422,48.935001373291016,48.38999938964844,48.935001373291016,8405
2024-01-26,XZMU.MI,48.689998626708984,48.810001373291016,48.59000015258789,48.78499984741211,4482
2024-01-29,XZMU.MI,48.84000015258789,49.05500030517578,48.82500076293945,49.029998779296875,13947
2024-01-30,XZMU.MI,49.310001373291016,49.400001525878906,49.19499969482422,49.279998779296875,25483
2024-01-31,XZMU.MI,49.10499954223633,49.119998931884766,48.540000915527344,48.630001068115234,14126
2024-02-01,XZMU.MI,48.625,48.70000076293945,48.439998626708984,48.439998626708984,3473
2024-02-02,XZMU.MI,48.90999984741211,49.33000183105469,48.79999923706055,49.33000183105469,4504
2024-02-05,XZMU.MI,49.505001068115234,49.8849983215332,49.505001068115234,49.6150016784668,13387
2024-02-06,XZMU.MI,49.85499954223633,49.89500045776367,49.6150016784668,49.66999816894531,1458
2024-02-07,XZMU.MI,49.630001068115234,50.029998779296875,49.619998931884766,50.029998779296875,8707
2024-02-08,XZMU.MI,50.15999984741211,50.279998779296875,50.13999938964844,50.20000076293945,3959
2024-02-09,XZMU.MI,50.29999923706055,50.540000915527344,50.29999923706055,50.45000076293945,12548
2024-02-12,XZMU.MI,50.63999938964844,50.9900016784668,50.63999938964844,50.9900016784668,10025
2024-02-13,XZMU.MI,50.65999984741211,50.65999984741211,50.290000915527344,50.349998474121094,7230
2024-02-14,XZMU.MI,50.380001068115234,50.560001373291016,50.380001068115234,50.38999938964844,849
2024-02-15,XZMU.MI,50.83000183105469,50.86000061035156,50.5,50.52000045776367,2235
2024-02-16,XZMU.MI,50.84000015258789,50.91999816894531,50.599998474121094,50.709999084472656,14955
2024-02-19,XZMU.MI,50.439998626708984,50.560001373291016,50.439998626708984,50.5099983215332,9983
2024-02-20,XZMU.MI,50.279998779296875,50.29999923706055,49.689998626708984,49.689998626708984,10582
2024-02-21,XZMU.MI,49.654998779296875,49.720001220703125,49.57500076293945,49.57500076293945,6039
2024-02-22,XZMU.MI,50.41999816894531,50.91999816894531,50.41999816894531,50.91999816894531,15570
2024-02-23,XZMU.MI,51.040000915527344,51.31999969482422,51.02000045776367,51.119998931884766,12365
2024-02-26,XZMU.MI,51.0,51.0,50.900001525878906,50.90999984741211,2566
2024-02-27,XZMU.MI,50.7599983215332,50.83000183105469,50.68000030517578,50.720001220703125,11299
2024-02-28,XZMU.MI,50.869998931884766,50.88999938964844,50.70000076293945,50.86000061035156,12164
2024-02-29,XZMU.MI,50.689998626708984,51.060001373291016,50.59000015258789,51.040000915527344,14292
2024-03-01,XZMU.MI,51.33000183105469,51.439998626708984,51.130001068115234,51.439998626708984,11246
2024-03-04,XZMU.MI,51.56999969482422,51.630001068115234,51.45000076293945,51.4900016784668,11635
2024-03-05,XZMU.MI,51.45000076293945,51.4900016784668,50.869998931884766,50.970001220703125,7069
2024-03-06,XZMU.MI,51.09000015258789,51.15999984741211,51.0,51.119998931884766,9607
2024-03-07,XZMU.MI,51.02000045776367,51.52000045776367,51.0099983215332,51.439998626708984,2157
2024-03-08,XZMU.MI,51.75,51.810001373291016,51.40999984741211,51.40999984741211,5916
2024-03-11,XZMU.MI,50.88999938964844,51.02000045776367,50.779998779296875,51.02000045776367,7213
2024-03-12,XZMU.MI,51.20000076293945,51.7400016784668,51.099998474121094,51.630001068115234,9372
2024-03-13,XZMU.MI,51.84000015258789,51.84000015258789,51.560001373291016,51.560001373291016,2840
2024-03-14,XZMU.MI,51.7400016784668,51.810001373291016,51.439998626708984,51.56999969482422,6859
2024-03-15,XZMU.MI,51.66999816894531,51.720001220703125,51.13999938964844,51.13999938964844,18181
2024-03-18,XZMU.MI,51.41999816894531,51.880001068115234,51.369998931884766,51.810001373291016,1202
2024-03-19,XZMU.MI,51.77000045776367,51.869998931884766,51.56999969482422,51.869998931884766,3494
2024-03-20,XZMU.MI,52.0,52.209999084472656,52.0,52.040000915527344,13753
2024-03-21,XZMU.MI,52.52000045776367,52.97999954223633,52.4900016784668,52.97999954223633,22220
2024-03-22,XZMU.MI,53.02000045776367,53.11000061035156,52.900001525878906,52.9900016784668,6043
2024-03-25,XZMU.MI,53.0,53.0,52.68000030517578,52.79999923706055,3173
2024-03-26,XZMU.MI,52.849998474121094,52.970001220703125,52.83000183105469,52.91999816894531,43346
2024-03-27,XZMU.MI,52.93000030517578,53.060001373291016,52.689998626708984,52.77000045776367,7759
2024-03-28,XZMU.MI,53.13999938964844,53.2599983215332,53.09000015258789,53.18000030517578,11862
2024-04-02,XZMU.MI,53.41999816894531,53.41999816894531,52.439998626708984,52.689998626708984,27622
2024-04-03,XZMU.MI,52.689998626708984,52.689998626708984,52.560001373291016,52.61000061035156,4986
2024-04-04,XZMU.MI,52.5,52.650001525878906,52.43000030517578,52.540000915527344,10451
2024-04-05,XZMU.MI,51.709999084472656,52.060001373291016,51.70000076293945,52.060001373291016,12208
2024-04-08,XZMU.MI,52.130001068115234,52.29999923706055,52.08000183105469,52.22999954223633,3351
2024-04-09,XZMU.MI,52.130001068115234,52.2400016784668,51.650001525878906,51.779998779296875,15679
2024-04-10,XZMU.MI,52.209999084472656,52.2599983215332,51.77000045776367,52.189998626708984,24239
2024-04-11,XZMU.MI,52.27000045776367,52.34000015258789,52.0,52.34000015258789,4657
2024-04-12,XZMU.MI,52.83000183105469,52.880001068115234,52.470001220703125,52.560001373291016,7344
2024-04-15,XZMU.MI,52.459999084472656,52.689998626708984,52.31999969482422,52.38999938964844,41115
2024-04-16,XZMU.MI,51.540000915527344,51.619998931884766,51.43000030517578,51.61000061035156,13275
2024-04-17,XZMU.MI,51.470001220703125,51.720001220703125,51.16999816894531,51.16999816894531,4664
2024-04-18,XZMU.MI,51.130001068115234,51.189998626708984,50.900001525878906,51.189998626708984,5780
2024-04-19,XZMU.MI,50.54999923706055,50.7599983215332,50.439998626708984,50.529998779296875,7272
2024-04-22,XZMU.MI,50.38999938964844,50.56999969482422,50.2599983215332,50.310001373291016,15809
2024-04-23,XZMU.MI,50.65999984741211,51.06999969482422,50.560001373291016,51.06999969482422,3632
2024-04-24,XZMU.MI,51.45000076293945,51.58000183105469,51.099998474121094,51.189998626708984,13236
2024-04-25,XZMU.MI,50.75,50.79999923706055,50.29999923706055,50.41999816894531,10351
2024-04-26,XZMU.MI,51.439998626708984,51.91999816894531,51.36000061035156,51.91999816894531,5964
2024-04-29,XZMU.MI,51.900001525878906,51.93000030517578,51.70000076293945,51.70000076293945,12157
2024-04-30,XZMU.MI,51.79999923706055,51.86000061035156,51.58000183105469,51.58000183105469,10704
2024-05-02,XZMU.MI,51.08000183105469,51.310001373291016,51.02000045776367,51.029998779296875,11970
2024-05-03,XZMU.MI,51.18000030517578,51.59000015258789,51.099998474121094,51.45000076293945,3751
2024-05-06,XZMU.MI,51.7599983215332,51.970001220703125,51.72999954223633,51.93000030517578,955
2024-05-07,XZMU.MI,52.22999954223633,52.31999969482422,52.150001525878906,52.279998779296875,11797
2024-05-08,XZMU.MI,52.369998931884766,52.38999938964844,52.04999923706055,52.209999084472656,1356
2024-05-09,XZMU.MI,52.2599983215332,52.27000045776367,52.150001525878906,52.2400016784668,1898
2024-05-10,XZMU.MI,52.40999984741211,52.529998779296875,52.349998474121094,52.43000030517578,16128
2024-05-13,XZMU.MI,52.529998779296875,52.529998779296875,52.29999923706055,52.29999923706055,5254
2024-05-14,XZMU.MI,52.36000061035156,52.369998931884766,52.15999984741211,52.310001373291016,15277
2024-05-15,XZMU.MI,52.43000030517578,52.84000015258789,52.369998931884766,52.810001373291016,19652
2024-05-16,XZMU.MI,53.0099983215332,53.15999984741211,53.0099983215332,53.15999984741211,47528
2024-05-17,XZMU.MI,52.90999984741211,53.08000183105469,52.810001373291016,52.810001373291016,3462
2024-05-20,XZMU.MI,52.88999938964844,53.18000030517578,52.869998931884766,53.18000030517578,13953
2024-05-21,XZMU.MI,53.13999938964844,53.18000030517578,53.04999923706055,53.18000030517578,4714
2024-05-22,XZMU.MI,53.279998779296875,53.349998474121094,53.2599983215332,53.290000915527344,5431
2024-05-23,XZMU.MI,53.72999954223633,53.72999954223633,53.47999954223633,53.68000030517578,8736
2024-05-24,XZMU.MI,53.2400016784668,53.310001373291016,53.09000015258789,53.310001373291016,12556
2024-05-27,XZMU.MI,53.400001525878906,53.470001220703125,53.29999923706055,53.470001220703125,8276
2024-05-28,XZMU.MI,53.380001068115234,53.43000030517578,53.2400016784668,53.33000183105469,20736
2024-05-29,XZMU.MI,53.439998626708984,53.4900016784668,53.18000030517578,53.41999816894531,1696
2024-05-30,XZMU.MI,53.099998474121094,53.15999984741211,52.790000915527344,52.939998626708984,14683
2024-05-31,XZMU.MI,52.65999984741211,52.70000076293945,52.279998779296875,52.310001373291016,4523
2024-06-03,XZMU.MI,53.20000076293945,53.310001373291016,52.70000076293945,52.779998779296875,6180
2024-06-04,XZMU.MI,52.849998474121094,53.0099983215332,52.650001525878906,52.75,6472
2024-06-05,XZMU.MI,53.09000015258789,53.58000183105469,53.09000015258789,53.58000183105469,4899
2024-06-06,XZMU.MI,53.83000183105469,53.970001220703125,53.720001220703125,53.720001220703125,10748
2024-06-07,XZMU.MI,53.79999923706055,54.20000076293945,53.63999938964844,54.119998931884766,25034
2024-06-10,XZMU.MI,54.20000076293945,54.36000061035156,54.09000015258789,54.36000061035156,31910
2024-06-11,XZMU.MI,54.41999816894531,54.459999084472656,54.2400016784668,54.2400016784668,11972
2024-06-12,XZMU.MI,54.4900016784668,54.7400016784668,54.41999816894531,54.599998474121094,8939
2024-06-13,XZMU.MI,54.75,54.970001220703125,54.709999084472656,54.959999084472656,18423
2024-06-14,XZMU.MI,55.349998474121094,55.5,55.150001525878906,55.380001068115234,3550
2024-06-17,XZMU.MI,55.560001373291016,55.560001373291016,55.29999923706055,55.369998931884766,24819
2024-06-18,XZMU.MI,55.709999084472656,55.75,55.68000030517578,55.70000076293945,7808
2024-06-19,XZMU.MI,56.0099983215332,56.0099983215332,55.95000076293945,55.970001220703125,5413
2024-06-20,XZMU.MI,56.220001220703125,56.36000061035156,56.119998931884766,56.2599983215332,7464
2024-06-21,XZMU.MI,55.900001525878906,56.0,55.66999816894531,55.939998626708984,6766
2024-06-24,XZMU.MI,55.970001220703125,56.0,55.619998931884766,55.75,7340
2024-06-25,XZMU.MI,55.31999969482422,55.810001373291016,55.29999923706055,55.810001373291016,9951
2024-06-26,XZMU.MI,56.27000045776367,56.27000045776367,55.7599983215332,55.84000015258789,113009
2024-06-27,XZMU.MI,55.900001525878906,55.97999954223633,55.77000045776367,55.869998931884766,26700
2024-06-28,XZMU.MI,56.150001525878906,56.220001220703125,56.040000915527344,56.15999984741211,16767
2024-07-01,XZMU.MI,55.630001068115234,55.709999084472656,55.529998779296875,55.63999938964844,22128
2024-07-02,XZMU.MI,55.560001373291016,55.68000030517578,55.38999938964844,55.68000030517578,7843
2024-07-03,XZMU.MI,55.849998474121094,55.95000076293945,55.70000076293945,55.90999984741211,11108
2024-07-04,XZMU.MI,56.11000061035156,56.15999984741211,55.95000076293945,55.95000076293945,11295
2024-07-05,XZMU.MI,55.9900016784668,56.15999984741211,55.939998626708984,56.15999984741211,12813
2024-07-08,XZMU.MI,56.13999938964844,56.43000030517578,56.08000183105469,56.36000061035156,12201
2024-07-09,XZMU.MI,56.45000076293945,56.619998931884766,56.45000076293945,56.540000915527344,3337
2024-07-10,XZMU.MI,56.63999938964844,56.689998626708984,56.619998931884766,56.689998626708984,16971
2024-07-11,XZMU.MI,57.040000915527344,57.060001373291016,56.5,56.5,13182
2024-07-12,XZMU.MI,56.380001068115234,56.77000045776367,56.25,56.77000045776367,12452
2024-07-15,XZMU.MI,56.77000045776367,56.939998626708984,56.70000076293945,56.91999816894531,6194
2024-07-16,XZMU.MI,56.630001068115234,56.97999954223633,56.630001068115234,56.88999938964844,8006
2024-07-17,XZMU.MI,56.599998474121094,56.599998474121094,55.91999816894531,56.0099983215332,32355
2024-07-18,XZMU.MI,56.099998474121094,56.189998626708984,55.63999938964844,55.63999938964844,9168
2024-07-19,XZMU.MI,55.47999954223633,55.75,55.22999954223633,55.22999954223633,55095
2024-07-22,XZMU.MI,55.33000183105469,55.880001068115234,55.33000183105469,55.61000061035156,34043
2024-07-23,XZMU.MI,55.939998626708984,56.31999969482422,55.93000030517578,56.31999969482422,4064
2024-07-24,XZMU.MI,55.54999923706055,55.650001525878906,54.88999938964844,54.88999938964844,14240
2024-07-25,XZMU.MI,54.630001068115234,54.689998626708984,53.970001220703125,54.619998931884766,38050
2024-07-26,XZMU.MI,54.29999923706055,54.650001525878906,54.29999923706055,54.5099983215332,68711
2024-07-29,XZMU.MI,54.88999938964844,55.220001220703125,54.7599983215332,54.7599983215332,2112
2024-07-30,XZMU.MI,54.959999084472656,55.20000076293945,54.5,54.5,5720
2024-07-31,XZMU.MI,55.02000045776367,55.4900016784668,54.97999954223633,55.4900016784668,20020
2024-08-01,XZMU.MI,55.779998779296875,56.02000045776367,55.11000061035156,55.11000061035156,50320
2024-08-02,XZMU.MI,54.189998626708984,54.20000076293945,52.54999923706055,52.709999084472656,24121
2024-08-05,XZMU.MI,51.5099983215332,51.720001220703125,50.400001525878906,51.560001373291016,12309
2024-08-06,XZMU.MI,51.939998626708984,52.130001068115234,51.560001373291016,52.0,13378
2024-08-07,XZMU.MI,52.209999084472656,52.65999984741211,52.15999984741211,52.43000030517578,8919
2024-08-08,XZMU.MI,51.15999984741211,52.40999984741211,51.060001373291016,52.40999984741211,64445
2024-08-09,XZMU.MI,52.650001525878906,52.939998626708984,52.61000061035156,52.650001525878906,424
2024-08-12,XZMU.MI,52.93000030517578,53.06999969482422,52.66999816894531,52.790000915527344,7018
2024-08-13,XZMU.MI,53.02000045776367,53.47999954223633,52.939998626708984,53.47999954223633,3662
2024-08-14,XZMU.MI,53.56999969482422,53.56999969482422,53.27000045776367,53.439998626708984,987
2024-08-16,XZMU.MI,54.900001525878906,54.90999984741211,54.630001068115234,54.70000076293945,4920
2024-08-19,XZMU.MI,54.630001068115234,54.88999938964844,54.560001373291016,54.88999938964844,1110
2024-08-20,XZMU.MI,55.29999923706055,55.310001373291016,54.88999938964844,54.9900016784668,8220
2024-08-21,XZMU.MI,55.0099983215332,55.11000061035156,54.93000030517578,54.93000030517578,4572
2024-08-22,XZMU.MI,55.06999969482422,55.380001068115234,55.02000045776367,55.02000045776367,4906
2024-08-23,XZMU.MI,54.83000183105469,55.15999984741211,54.65999984741211,54.90999984741211,51583
2024-08-26,XZMU.MI,55.0099983215332,55.22999954223633,54.900001525878906,54.93000030517578,7580
2024-08-27,XZMU.MI,54.900001525878906,54.939998626708984,54.630001068115234,54.84000015258789,10560
2024-08-28,XZMU.MI,55.029998779296875,55.209999084472656,54.66999816894531,54.66999816894531,7388
2024-08-29,XZMU.MI,54.59000015258789,55.33000183105469,54.540000915527344,55.18000030517578,6754
2024-08-30,XZMU.MI,54.81999969482422,55.150001525878906,54.81999969482422,54.83000183105469,8212
2024-09-02,XZMU.MI,55.18000030517578,55.31999969482422,55.119998931884766,55.27000045776367,1852
2024-09-03,XZMU.MI,55.18000030517578,55.18000030517578,54.650001525878906,54.68000030517578,3980
2024-09-04,XZMU.MI,53.72999954223633,54.04999923706055,53.66999816894531,53.939998626708984,30246
2024-09-05,XZMU.MI,53.88999938964844,54.0099983215332,53.43000030517578,53.459999084472656,3836
2024-09-06,XZMU.MI,53.310001373291016,53.75,52.70000076293945,52.81999969482422,7031
2024-09-09,XZMU.MI,53.11000061035156,53.31999969482422,53.11000061035156,53.31999969482422,346
2024-09-10,XZMU.MI,53.369998931884766,53.86000061035156,53.369998931884766,53.79999923706055,2924
2024-09-11,XZMU.MI,53.83000183105469,53.97999954223633,53.2400016784668,53.52000045776367,1852
2024-09-12,XZMU.MI,54.959999084472656,54.9900016784668,54.790000915527344,54.79999923706055,48273
2024-09-13,XZMU.MI,55.099998474121094,55.279998779296875,55.0,55.25,4237
2024-09-16,XZMU.MI,55.189998626708984,55.279998779296875,55.0099983215332,55.189998626708984,12772
2024-09-17,XZMU.MI,55.349998474121094,55.65999984741211,55.349998474121094,55.5099983215332,9856
2024-09-18,XZMU.MI,55.209999084472656,55.27000045776367,55.040000915527344,55.06999969482422,6115
2024-09-19,XZMU.MI,55.47999954223633,55.88999938964844,55.47999954223633,55.84000015258789,40831
2024-09-20,XZMU.MI,55.61000061035156,55.689998626708984,55.400001525878906,55.439998626708984,16772
2024-09-23,XZMU.MI,55.54999923706055,55.869998931884766,55.54999923706055,55.7599983215332,48650
2024-09-24,XZMU.MI,55.86000061035156,55.86000061035156,55.40999984741211,55.689998626708984,16838
2024-09-25,XZMU.MI,55.59000015258789,55.880001068115234,55.560001373291016,55.880001068115234,7187
2024-09-26,XZMU.MI,56.189998626708984,56.470001220703125,55.83000183105469,55.84000015258789,16284
2024-09-27,XZMU.MI,56.04999923706055,56.04999923706055,55.88999938964844,55.9900016784668,2152
2024-09-30,XZMU.MI,55.88999938964844,55.88999938964844,55.5,55.86000061035156,8518
2024-10-01,XZMU.MI,56.18000030517578,56.560001373291016,55.619998931884766,55.88999938964844,22551
2024-10-02,XZMU.MI,55.849998474121094,56.08000183105469,55.54999923706055,56.08000183105469,19437
2024-10-03,XZMU.MI,55.95000076293945,56.2400016784668,55.79999923706055,56.18000030517578,15394
2024-10-04,XZMU.MI,56.029998779296875,56.88999938964844,56.029998779296875,56.38999938964844,11704
2024-10-07,XZMU.MI,56.599998474121094,56.689998626708984,56.470001220703125,56.689998626708984,10948
2024-10-08,XZMU.MI,56.25,56.939998626708984,56.25,56.939998626708984,5886
2024-10-09,XZMU.MI,56.959999084472656,57.33000183105469,56.959999084472656,57.33000183105469,2531
2024-10-10,XZMU.MI,57.38999938964844,57.439998626708984,57.209999084472656,57.439998626708984,3328
2024-10-11,XZMU.MI,57.310001373291016,57.5,57.18000030517578,57.5,5268
2024-10-14,XZMU.MI,57.650001525878906,58.27000045776367,57.63999938964844,58.130001068115234,35612
2024-10-15,XZMU.MI,58.400001525878906,58.470001220703125,58.150001525878906,58.189998626708984,4519
2024-10-16,XZMU.MI,58.130001068115234,58.2599983215332,57.93000030517578,58.2599983215332,31652
2024-10-17,XZMU.MI,58.709999084472656,59.099998474121094,58.65999984741211,58.810001373291016,13326
2024-10-18,XZMU.MI,58.59000015258789,58.709999084472656,58.459999084472656,58.52000045776367,12409
2024-10-21,XZMU.MI,58.630001068115234,58.66999816894531,58.369998931884766,58.369998931884766,8729
2024-10-22,XZMU.MI,58.560001373291016,58.72999954223633,58.369998931884766,58.61000061035156,4244
2024-10-23,XZMU.MI,58.810001373291016,58.83000183105469,58.400001525878906,58.400001525878906,10599
2024-10-24,XZMU.MI,58.59000015258789,58.72999954223633,58.5099983215332,58.540000915527344,11186
2024-10-25,XZMU.MI,58.5099983215332,58.88999938964844,58.5099983215332,58.869998931884766,5408
2024-10-28,XZMU.MI,58.95000076293945,58.97999954223633,58.689998626708984,58.709999084472656,7247
2024-10-29,XZMU.MI,58.7400016784668,58.939998626708984,58.650001525878906,58.86000061035156,9731
2024-10-30,XZMU.MI,59.060001373291016,59.060001373291016,58.47999954223633,58.75,5094
2024-10-31,XZMU.MI,57.939998626708984,58.060001373291016,57.45000076293945,57.470001220703125,13837
2024-11-01,XZMU.MI,57.2599983215332,57.83000183105469,57.2599983215332,57.83000183105469,3705
2024-11-04,XZMU.MI,57.5099983215332,57.5099983215332,57.220001220703125,57.279998779296875,11278
2024-11-05,XZMU.MI,57.31999969482422,57.59000015258789,57.15999984741211,57.59000015258789,4829
2024-11-06,XZMU.MI,59.79999923706055,60.439998626708984,59.4900016784668,59.97999954223633,26572
2024-11-07,XZMU.MI,60.25,60.470001220703125,60.15999984741211,60.470001220703125,9168
2024-11-08,XZMU.MI,60.779998779296875,61.22999954223633,60.54999923706055,61.220001220703125,9238
2024-11-11,XZMU.MI,61.66999816894531,62.189998626708984,61.66999816894531,62.18000030517578,7076
2024-11-12,XZMU.MI,62.20000076293945,62.31999969482422,61.95000076293945,62.220001220703125,6538
2024-11-13,XZMU.MI,62.02000045776367,62.43000030517578,61.959999084472656,62.43000030517578,46048
2024-11-14,XZMU.MI,62.38999938964844,62.83000183105469,62.09000015258789,62.099998474121094,16134
2024-11-15,XZMU.MI,61.540000915527344,61.619998931884766,61.02000045776367,61.09000015258789,13864
2024-11-18,XZMU.MI,61.06999969482422,61.189998626708984,60.790000915527344,61.18000030517578,82918
2024-11-19,XZMU.MI,61.13999938964844,61.150001525878906,60.52000045776367,61.150001525878906,9684
2024-11-20,XZMU.MI,61.650001525878906,61.7400016784668,61.220001220703125,61.310001373291016,15111
2024-11-21,XZMU.MI,61.45000076293945,61.939998626708984,61.11000061035156,61.939998626708984,13680
2024-11-22,XZMU.MI,62.279998779296875,62.7400016784668,62.27000045776367,62.630001068115234,12307
2024-11-25,XZMU.MI,62.72999954223633,62.77000045776367,62.29999923706055,62.560001373291016,8290
2024-11-26,XZMU.MI,62.41999816894531,62.630001068115234,62.2400016784668,62.630001068115234,4718
2024-11-27,XZMU.MI,62.540000915527344,62.540000915527344,61.79999923706055,61.84000015258789,6857
2024-11-28,XZMU.MI,62.290000915527344,62.290000915527344,62.040000915527344,62.150001525878906,7748
2024-11-29,XZMU.MI,62.099998474121094,62.369998931884766,62.040000915527344,62.369998931884766,3637
2024-12-02,XZMU.MI,62.63999938964844,63.04999923706055,62.40999984741211,62.900001525878906,11666
2024-12-03,XZMU.MI,62.83000183105469,62.869998931884766,62.5099983215332,62.63999938964844,7917
2024-12-04,XZMU.MI,62.91999816894531,63.209999084472656,62.91999816894531,63.11000061035156,3119
2024-12-05,XZMU.MI,63.2599983215332,63.38999938964844,62.939998626708984,63.08000183105469,5079
2024-12-06,XZMU.MI,62.90999984741211,63.36000061035156,62.77000045776367,63.13999938964844,7837
2024-12-09,XZMU.MI,63.27000045776367,63.27000045776367,62.70000076293945,62.70000076293945,2623
2024-12-10,XZMU.MI,62.7599983215332,63.31999969482422,62.7599983215332,63.16999816894531,15857
2024-12-11,XZMU.MI,63.11000061035156,63.619998931884766,63.040000915527344,63.619998931884766,10882
2024-12-12,XZMU.MI,63.599998474121094,63.720001220703125,63.470001220703125,63.68000030517578,5804
2024-12-13,XZMU.MI,63.619998931884766,63.7400016784668,63.0,63.130001068115234,75692
2024-12-16,XZMU.MI,63.040000915527344,63.310001373291016,62.959999084472656,63.310001373291016,7365
2024-12-17,XZMU.MI,63.16999816894531,63.2599983215332,62.900001525878906,63.18000030517578,15147
2024-12-18,XZMU.MI,63.22999954223633,63.529998779296875,63.119998931884766,63.45000076293945,4179
2024-12-19,XZMU.MI,62.04999923706055,62.400001525878906,61.880001068115234,62.2599983215332,7322
2024-12-20,XZMU.MI,61.599998474121094,62.459999084472656,60.77000045776367,62.459999084472656,179211
2024-12-23,XZMU.MI,62.470001220703125,62.5,62.099998474121094,62.20000076293945,8708
2024-12-27,XZMU.MI,63.06999969482422,63.06999969482422,62.13999938964844,62.369998931884766,6149
2024-12-30,XZMU.MI,62.189998626708984,62.29999923706055,61.5099983215332,62.0,4519
2025-01-02,XZMU.MI,62.060001373291016,62.65999984741211,62.040000915527344,62.540000915527344,20133
2025-01-03,XZMU.MI,62.2599983215332,62.65999984741211,62.029998779296875,62.65999984741211,12219
2025-01-06,XZMU.MI,62.93000030517578,63.2599983215332,62.81999969482422,63.2599983215332,114161
2025-01-07,XZMU.MI,62.630001068115234,63.09000015258789,62.5,62.56999969482422,97332
2025-01-08,XZMU.MI,62.40999984741211,62.619998931884766,62.220001220703125,62.529998779296875,26365
2025-01-09,XZMU.MI,62.34000015258789,62.47999954223633,62.33000183105469,62.439998626708984,1865
2025-01-10,XZMU.MI,62.45000076293945,62.5099983215332,61.93000030517578,61.93000030517578,17387
2025-01-13,XZMU.MI,61.709999084472656,61.790000915527344,61.40999984741211,61.68000030517578,15247
2025-01-14,XZMU.MI,62.220001220703125,62.369998931884766,61.560001373291016,61.599998474121094,4453
2025-01-15,XZMU.MI,61.63999938964844,62.70000076293945,61.58000183105469,62.70000076293945,27081
2025-01-16,XZMU.MI,63.189998626708984,63.25,62.849998474121094,62.93000030517578,51963
2025-01-17,XZMU.MI,63.02000045776367,63.58000183105469,62.9900016784668,63.58000183105469,12862
2025-01-20,XZMU.MI,63.45000076293945,63.470001220703125,62.939998626708984,63.08000183105469,3467
2025-01-21,XZMU.MI,63.279998779296875,63.560001373291016,63.09000015258789,63.22999954223633,22248
2025-01-22,XZMU.MI,63.599998474121094,64.04000091552734,63.380001068115234,64.04000091552734,70942
2025-01-23,XZMU.MI,63.90999984741211,64.05000305175781,63.7599983215332,64.04000091552734,74106
2025-01-24,XZMU.MI,63.84000015258789,63.869998931884766,63.540000915527344,63.650001525878906,17123
2025-01-27,XZMU.MI,62.52000045776367,62.52000045776367,61.16999816894531,61.880001068115234,16180
2025-01-28,XZMU.MI,62.88999938964844,62.91999816894531,62.16999816894531,62.75,47114
2025-01-29,XZMU.MI,63.400001525878906,63.45000076293945,62.86000061035156,62.86000061035156,7623
2025-01-30,XZMU.MI,62.86000061035156,62.959999084472656,62.279998779296875,62.5099983215332,28078
2025-01-31,XZMU.MI,63.18000030517578,63.70000076293945,63.18000030517578,63.5,8583
2025-02-03,XZMU.MI,62.689998626708984,62.790000915527344,62.25,62.790000915527344,32955
2025-02-04,XZMU.MI,62.529998779296875,62.599998474121094,62.2599983215332,62.52000045776367,24620
2025-02-05,XZMU.MI,61.84000015258789,62.11000061035156,61.7599983215332,62.04999923706055,21377
2025-02-06,XZMU.MI,62.70000076293945,62.900001525878906,62.70000076293945,62.810001373291016,19434
2025-02-07,XZMU.MI,62.7599983215332,62.959999084472656,62.560001373291016,62.65999984741211,21824
2025-02-10,XZMU.MI,62.75,63.029998779296875,62.63999938964844,62.939998626708984,22871
2025-02-11,XZMU.MI,62.709999084472656,62.709999084472656,62.439998626708984,62.5099983215332,11189
2025-02-12,XZMU.MI,62.349998474121094,62.529998779296875,61.83000183105469,61.849998474121094,10797
2025-02-13,XZMU.MI,61.68000030517578,62.2599983215332,61.68000030517578,62.15999984741211,6434
2025-02-14,XZMU.MI,62.22999954223633,62.2400016784668,61.91999816894531,61.91999816894531,14040
2025-02-17,XZMU.MI,62.27000045776367,62.27000045776367,62.119998931884766,62.220001220703125,3177
2025-02-18,XZMU.MI,62.40999984741211,62.66999816894531,62.33000183105469,62.41999816894531,16004
2025-02-19,XZMU.MI,62.560001373291016,62.83000183105469,62.5,62.83000183105469,13582
2025-02-20,XZMU.MI,62.7400016784668,62.86000061035156,62.22999954223633,62.22999954223633,20163
2025-02-21,XZMU.MI,62.529998779296875,62.61000061035156,62.220001220703125,62.220001220703125,13593
2025-02-24,XZMU.MI,61.5,61.779998779296875,61.02000045776367,61.369998931884766,63786
2025-02-25,XZMU.MI,60.86000061035156,61.0099983215332,60.060001373291016,60.11000061035156,25520
2025-02-26,XZMU.MI,60.7599983215332,60.93000030517578,60.619998931884766,60.880001068115234,33502
2025-02-27,XZMU.MI,60.689998626708984,61.18000030517578,60.52000045776367,60.810001373291016,36076
2025-02-28,XZMU.MI,60.0099983215332,60.13999938964844,59.63999938964844,60.06999969482422,23442
2025-03-03,XZMU.MI,60.900001525878906,60.900001525878906,59.939998626708984,60.060001373291016,14180
2025-03-04,XZMU.MI,59.13999938964844,59.13999938964844,57.790000915527344,57.95000076293945,107158
2025-03-05,XZMU.MI,58.029998779296875,58.08000183105469,56.970001220703125,56.970001220703125,34658
2025-03-06,XZMU.MI,57.369998931884766,57.369998931884766,56.61000061035156,57.130001068115234,34536
2025-03-07,XZMU.MI,56.439998626708984,56.529998779296875,55.70000076293945,55.720001220703125,20725
2025-03-10,XZMU.MI,56.27000045776367,56.27000045776367,55.34000015258789,55.47999954223633,29802
2025-03-11,XZMU.MI,54.81999969482422,54.849998474121094,53.90999984741211,54.09000015258789,20632
2025-03-12,XZMU.MI,54.369998931884766,55.0,54.11000061035156,54.720001220703125,46242
2025-03-13,XZMU.MI,54.439998626708984,55.06999969482422,54.16999816894531,54.25,11594
2025-03-14,XZMU.MI,54.59000015258789,55.150001525878906,54.36000061035156,54.959999084472656,25382
2025-03-17,XZMU.MI,54.900001525878906,55.31999969482422,54.86000061035156,55.0,33900
2025-03-18,XZMU.MI,55.09000015258789,55.15999984741211,54.47999954223633,54.630001068115234,43141
2025-03-19,XZMU.MI,54.900001525878906,55.29999923706055,54.86000061035156,55.29999923706055,6841
2025-03-20,XZMU.MI,55.7400016784668,56.02000045776367,55.220001220703125,55.47999954223633,42816
2025-03-21,XZMU.MI,55.2599983215332,55.470001220703125,54.95000076293945,55.43000030517578,57063
2025-03-24,XZMU.MI,56.04999923706055,56.84000015258789,56.04999923706055,56.83000183105469,23634
2025-03-25,XZMU.MI,56.86000061035156,56.939998626708984,56.72999954223633,56.79999923706055,26300
2025-03-26,XZMU.MI,56.849998474121094,57.029998779296875,56.400001525878906,56.400001525878906,10389
2025-03-27,XZMU.MI,56.25,56.43000030517578,55.83000183105469,56.16999816894531,10588
2025-03-28,XZMU.MI,55.959999084472656,56.0099983215332,54.72999954223633,54.779998779296875,10665
2025-03-31,XZMU.MI,54.130001068115234,54.22999954223633,53.650001525878906,54.22999954223633,51529
2025-04-01,XZMU.MI,54.900001525878906,55.18000030517578,54.72999954223633,55.18000030517578,10571
2025-04-02,XZMU.MI,55.119998931884766,55.130001068115234,54.439998626708984,55.130001068115234,4870
2025-04-03,XZMU.MI,53.08000183105469,53.25,51.90999984741211,52.52000045776367,22906
2025-04-04,XZMU.MI,51.93000030517578,52.09000015258789,50.0,50.439998626708984,22145
2025-04-07,XZMU.MI,46.88999938964844,50.79999923706055,46.88999938964844,49.1349983215332,18137
2025-04-08,XZMU.MI,49.92499923706055,51.619998931884766,49.92499923706055,50.7400016784668,8338
2025-04-09,XZMU.MI,48.595001220703125,48.869998931884766,47.19499969482422,48.22999954223633,33131
2025-04-10,XZMU.MI,53.08000183105469,53.13999938964844,50.13999938964844,50.13999938964844,72790
2025-04-11,XZMU.MI,50.130001068115234,50.130001068115234,48.92499923706055,49.564998626708984,18881
2025-04-14,XZMU.MI,50.720001220703125,51.470001220703125,50.720001220703125,50.93000030517578,7020
2025-04-15,XZMU.MI,51.20000076293945,51.54999923706055,51.029998779296875,51.31999969482422,19055
2025-04-16,XZMU.MI,50.189998626708984,50.77000045776367,49.90999984741211,50.380001068115234,33722
2025-04-17,XZMU.MI,50.13999938964844,50.13999938964844,49.38999938964844,49.709999084472656,43227
2025-04-22,XZMU.MI,48.38999938964844,48.94499969482422,48.23500061035156,48.93000030517578,22570
2025-04-23,XZMU.MI,50.36000061035156,51.31999969482422,50.209999084472656,50.709999084472656,63111
2025-04-24,XZMU.MI,50.279998779296875,51.290000915527344,49.96500015258789,51.13999938964844,29103
2025-04-25,XZMU.MI,51.86000061035156,51.91999816894531,51.34000015258789,51.630001068115234,39745
2025-04-28,XZMU.MI,52.029998779296875,52.189998626708984,51.540000915527344,51.540000915527344,50735
2025-04-29,XZMU.MI,51.90999984741211,52.029998779296875,51.54999923706055,51.86000061035156,25457
2025-04-30,XZMU.MI,52.20000076293945,52.25,51.20000076293945,52.04999923706055,25937
2025-05-02,XZMU.MI,53.5099983215332,53.81999969482422,53.290000915527344,53.81999969482422,82734
2025-05-05,XZMU.MI,53.68000030517578,54.02000045776367,53.439998626708984,53.9900016784668,17070
2025-05-06,XZMU.MI,53.7400016784668,53.7400016784668,53.119998931884766,53.630001068115234,5014
2025-05-07,XZMU.MI,53.52000045776367,53.58000183105469,53.060001373291016,53.2400016784668,18030
2025-05-08,XZMU.MI,54.20000076293945,54.38999938964844,53.81999969482422,54.38999938964844,25607
2025-05-09,XZMU.MI,54.36000061035156,54.560001373291016,54.029998779296875,54.27000045776367,18744
2025-05-12,XZMU.MI,55.88999938964844,56.61000061035156,55.88999938964844,56.22999954223633,27161
2025-05-13,XZMU.MI,56.349998474121094,56.86000061035156,56.349998474121094,56.7400016784668,12176
2025-05-14,XZMU.MI,56.709999084472656,56.849998474121094,56.290000915527344,56.849998474121094,22159
2025-05-15,XZMU.MI,56.58000183105469,57.15999984741211,56.459999084472656,57.15999984741211,7913
2025-05-16,XZMU.MI,57.15999984741211,57.790000915527344,57.15999984741211,57.790000915527344,11222
2025-05-19,XZMU.MI,56.86000061035156,57.470001220703125,56.650001525878906,57.36000061035156,13317
2025-05-20,XZMU.MI,57.369998931884766,57.59000015258789,57.33000183105469,57.439998626708984,9287
2025-05-21,XZMU.MI,56.70000076293945,56.939998626708984,56.4900016784668,56.91999816894531,11452
2025-05-22,XZMU.MI,56.33000183105469,56.66999816894531,55.93000030517578,56.47999954223633,7016
2025-05-23,XZMU.MI,56.209999084472656,56.209999084472656,55.36000061035156,55.689998626708984,49856
2025-05-26,XZMU.MI,55.959999084472656,56.18000030517578,55.959999084472656,56.09000015258789,1976
2025-05-27,XZMU.MI,56.52000045776367,56.720001220703125,56.130001068115234,56.720001220703125,9392
2025-05-28,XZMU.MI,57.0,57.220001220703125,56.900001525878906,56.959999084472656,13171
2025-05-29,XZMU.MI,57.65999984741211,57.869998931884766,56.709999084472656,56.709999084472656,13161
2025-05-30,XZMU.MI,56.70000076293945,56.810001373291016,56.400001525878906,56.5099983215332,33880
2025-06-02,XZMU.MI,56.0,56.09000015258789,55.68000030517578,55.90999984741211,11046
2025-06-03,XZMU.MI,56.040000915527344,56.90999984741211,56.040000915527344,56.90999984741211,3042
2025-06-04,XZMU.MI,56.93000030517578,57.11000061035156,56.779998779296875,56.81999969482422,2822
2025-06-05,XZMU.MI,56.810001373291016,56.959999084472656,56.290000915527344,56.880001068115234,16524
2025-06-06,XZMU.MI,56.65999984741211,57.25,56.630001068115234,57.09000015258789,4837
2025-06-09,XZMU.MI,56.9900016784668,57.189998626708984,56.880001068115234,57.0099983215332,5614
2025-06-10,XZMU.MI,57.06999969482422,57.31999969482422,57.06999969482422,57.2599983215332,23621
2025-06-11,XZMU.MI,57.4900016784668,57.54999923706055,57.36000061035156,57.36000061035156,5126
2025-06-12,XZMU.MI,56.77000045776367,56.81999969482422,56.16999816894531,56.709999084472656,7210
2025-06-13,XZMU.MI,56.040000915527344,56.619998931884766,55.97999954223633,56.369998931884766,16151
2025-06-16,XZMU.MI,56.2599983215332,56.599998474121094,56.189998626708984,56.599998474121094,2784
2025-06-17,XZMU.MI,56.29999923706055,56.470001220703125,56.25,56.459999084472656,9887
2025-06-18,XZMU.MI,56.47999954223633,56.61000061035156,56.41999816894531,56.43000030517578,6476
2025-06-19,XZMU.MI,56.130001068115234,56.13999938964844,55.869998931884766,55.869998931884766,2312
2025-06-20,XZMU.MI,56.04999923706055,56.33000183105469,56.029998779296875,56.06999969482422,6091
2025-06-23,XZMU.MI,55.779998779296875,56.209999084472656,55.779998779296875,56.04999923706055,4485
2025-06-24,XZMU.MI,56.70000076293945,56.70000076293945,56.41999816894531,56.59000015258789,18524
2025-06-25,XZMU.MI,56.79999923706055,56.97999954223633,56.720001220703125,56.720001220703125,12634
2025-06-26,XZMU.MI,56.5099983215332,56.77000045776367,56.40999984741211,56.65999984741211,5817
2025-06-27,XZMU.MI,56.79999923706055,57.099998474121094,56.709999084472656,57.09000015258789,22834
2025-06-30,XZMU.MI,57.16999816894531,57.25,56.959999084472656,56.959999084472656,8986
2025-07-01,XZMU.MI,56.72999954223633,56.810001373291016,56.529998779296875,56.810001373291016,5362
2025-07-02,XZMU.MI,56.939998626708984,56.939998626708984,56.779998779296875,56.93000030517578,10319
2025-07-03,XZMU.MI,57.029998779296875,57.61000061035156,57.029998779296875,57.56999969482422,4069
2025-07-04,XZMU.MI,57.29999923706055,57.29999923706055,57.150001525878906,57.150001525878906,8378
2025-07-07,XZMU.MI,57.33000183105469,57.599998474121094,57.2400016784668,57.2400016784668,10262
2025-07-08,XZMU.MI,57.20000076293945,57.470001220703125,57.20000076293945,57.349998474121094,9140
2025-07-09,XZMU.MI,57.2599983215332,57.790000915527344,57.2599983215332,57.599998474121094,16006
2025-07-10,XZMU.MI,57.439998626708984,58.029998779296875,57.439998626708984,58.029998779296875,3800
2025-07-11,XZMU.MI,57.779998779296875,57.88999938964844,57.619998931884766,57.7599983215332,1492
2025-07-14,XZMU.MI,57.619998931884766,57.86000061035156,57.619998931884766,57.849998474121094,1359
2025-07-15,XZMU.MI,58.279998779296875,58.4900016784668,58.2400016784668,58.470001220703125,6730
2025-07-16,XZMU.MI,57.849998474121094,58.400001525878906,57.560001373291016,57.560001373291016,5283
2025-07-17,XZMU.MI,58.75,58.83000183105469,58.56999969482422,58.83000183105469,4984
2025-07-18,XZMU.MI,58.79999923706055,58.79999923706055,58.59000015258789,58.61000061035156,6703
2025-07-21,XZMU.MI,58.849998474121094,58.91999816894531,58.619998931884766,58.619998931884766,1701
2025-07-22,XZMU.MI,58.529998779296875,58.529998779296875,58.31999969482422,58.31999969482422,19755
2025-07-23,XZMU.MI,58.540000915527344,58.650001525878906,58.349998474121094,58.58000183105469,11859
2025-07-24,XZMU.MI,58.720001220703125,58.86000061035156,58.630001068115234,58.630001068115234,4346
2025-07-25,XZMU.MI,58.83000183105469,59.040000915527344,58.77000045776367,58.970001220703125,1638
2025-07-28,XZMU.MI,59.5,59.66999816894531,59.5,59.650001525878906,1605
2025-07-29,XZMU.MI,60.150001525878906,60.27000045776367,60.0099983215332,60.0099983215332,83
2025-07-30,XZMU.MI,59.959999084472656,60.5,59.95000076293945,60.41999816894531,13171
2025-07-31,XZMU.MI,61.060001373291016,61.31999969482422,60.65999984741211,60.65999984741211,11029
2025-08-01,XZMU.MI,59.9900016784668,59.9900016784668,58.400001525878906,58.68000030517578,7241
2025-08-04,XZMU.MI,58.88999938964844,59.5099983215332,58.88999938964844,59.5099983215332,3924
2025-08-05,XZMU.MI,59.959999084472656,60.08000183105469,59.349998474121094,59.349998474121094,3213
2025-08-06,XZMU.MI,59.5,59.5,59.08000183105469,59.150001525878906,3459
2025-08-07,XZMU.MI,59.15999984741211,59.5,58.9900016784668,59.0099983215332,13454
2025-08-08,XZMU.MI,59.060001373291016,59.20000076293945,59.060001373291016,59.130001068115234,3423
2025-08-11,XZMU.MI,59.310001373291016,59.56999969482422,59.27000045776367,59.560001373291016,2667
2025-08-12,XZMU.MI,59.33000183105469,59.56999969482422,59.27000045776367,59.27000045776367,7202
2025-08-13,XZMU.MI,59.47999954223633,59.720001220703125,59.439998626708984,59.540000915527344,1645
2025-08-14,XZMU.MI,59.81999969482422,59.869998931884766,59.72999954223633,59.790000915527344,959
2025-08-18,XZMU.MI,59.59000015258789,59.83000183105469,59.58000183105469,59.7599983215332,17010
2025-08-19,XZMU.MI,59.66999816894531,59.810001373291016,59.66999816894531,59.66999816894531,2859
2025-08-20,XZMU.MI,59.599998474121094,59.619998931884766,58.93000030517578,59.2400016784668,8506
2025-08-21,XZMU.MI,59.380001068115234,59.630001068115234,59.220001220703125,59.630001068115234,11489
2025-08-22,XZMU.MI,59.470001220703125,60.0099983215332,59.470001220703125,60.0099983215332,915
2025-08-25,XZMU.MI,60.0,60.15999984741211,59.91999816894531,60.15999984741211,135
2025-08-26,XZMU.MI,60.15999984741211,60.20000076293945,60.04999923706055,60.04999923706055,309
2025-08-27,XZMU.MI,60.58000183105469,60.75,60.54999923706055,60.70000076293945,424
2025-08-28,XZMU.MI,60.31999969482422,60.31999969482422,60.25,60.25,1834
2025-08-29,XZMU.MI,60.290000915527344,60.38999938964844,59.880001068115234,59.880001068115234,1686
2025-09-01,XZMU.MI,59.79999923706055,59.97999954223633,59.79999923706055,59.97999954223633,421
2025-09-02,XZMU.MI,59.849998474121094,59.849998474121094,59.22999954223633,59.22999954223633,10693
2025-09-03,XZMU.MI,59.9900016784668,60.08000183105469,59.970001220703125,60.0,2918
2025-09-04,XZMU.MI,60.279998779296875,60.349998474121094,60.13999938964844,60.290000915527344,2450
2025-09-05,XZMU.MI,60.5,60.5,59.56999969482422,59.65999984741211,4417
2025-09-08,XZMU.MI,59.93000030517578,59.939998626708984,59.84000015258789,59.93000030517578,3469
2025-09-09,XZMU.MI,59.93000030517578,60.040000915527344,59.849998474121094,59.95000076293945,3928
2025-09-10,XZMU.MI,60.369998931884766,60.59000015258789,60.2400016784668,60.290000915527344,5447
2025-09-11,XZMU.MI,60.439998626708984,60.68000030517578,60.34000015258789,60.68000030517578,1588
2025-09-12,XZMU.MI,60.849998474121094,60.90999984741211,60.83000183105469,60.90999984741211,5003
2025-09-15,XZMU.MI,60.869998931884766,61.099998474121094,60.7400016784668,61.0,5713
2025-09-16,XZMU.MI,60.97999954223633,61.029998779296875,60.41999816894531,60.41999816894531,1200
2025-09-17,XZMU.MI,60.459999084472656,60.459999084472656,60.290000915527344,60.31999969482422,2503
2025-09-18,XZMU.MI,60.810001373291016,61.38999938964844,60.779998779296875,61.20000076293945,11423
2025-09-19,XZMU.MI,61.18000030517578,61.43000030517578,61.16999816894531,61.27000045776367,12155
2025-09-22,XZMU.MI,61.369998931884766,61.400001525878906,61.13999938964844,61.33000183105469,4437
2025-09-23,XZMU.MI,61.5099983215332,61.5099983215332,61.310001373291016,61.310001373291016,7691
2025-09-24,XZMU.MI,61.04999923706055,61.40999984741211,61.04999923706055,61.25,1517
2025-09-25,XZMU.MI,61.09000015258789,61.099998474121094,60.849998474121094,61.08000183105469,1393
2025-09-26,XZMU.MI,61.2400016784668,61.33000183105469,61.130001068115234,61.25,8321
2025-09-29,XZMU.MI,61.58000183105469,61.790000915527344,61.58000183105469,61.68000030517578,1388
2025-09-30,XZMU.MI,61.459999084472656,61.599998474121094,61.36000061035156,61.56999969482422,614
2025-10-01,XZMU.MI,61.209999084472656,62.04999923706055,61.209999084472656,62.04999923706055,2037
2025-10-02,XZMU.MI,62.2400016784668,62.47999954223633,62.150001525878906,62.22999954223633,6506
2025-10-03,XZMU.MI,62.5,62.5,62.209999084472656,62.349998474121094,1268
2025-10-06,XZMU.MI,62.599998474121094,62.900001525878906,62.599998474121094,62.72999954223633,7453
2025-10-07,XZMU.MI,62.93000030517578,63.189998626708984,62.7599983215332,62.7599983215332,10741
2025-10-08,XZMU.MI,62.93000030517578,63.22999954223633,62.88999938964844,63.22999954223633,4929
2025-10-09,XZMU.MI,63.369998931884766,63.459999084472656,63.27000045776367,63.33000183105469,12991
2025-10-10,XZMU.MI,63.380001068115234,63.529998779296875,62.06999969482422,62.06999969482422,4965
2025-10-13,XZMU.MI,62.33000183105469,62.529998779296875,62.310001373291016,62.529998779296875,5096
2025-10-14,XZMU.MI,62.040000915527344,62.119998931884766,61.939998626708984,62.119998931884766,3311
2025-10-15,XZMU.MI,62.349998474121094,62.709999084472656,62.349998474121094,62.4900016784668,12163
2025-10-16,XZMU.MI,62.45000076293945,62.560001373291016,62.36000061035156,62.369998931884766,3251
2025-10-17,XZMU.MI,60.7599983215332,61.90999984741211,60.7599983215332,61.790000915527344,10516
2025-10-20,XZMU.MI,62.58000183105469,62.77000045776367,62.400001525878906,62.77000045776367,7289
2025-10-21,XZMU.MI,62.900001525878906,63.029998779296875,62.869998931884766,62.9900016784668,4699
2025-10-22,XZMU.MI,63.2599983215332,63.349998474121094,62.869998931884766,62.88999938964844,3263
2025-10-23,XZMU.MI,62.849998474121094,62.959999084472656,62.720001220703125,62.959999084472656,27224
2025-10-27,XZMU.MI,64.12999725341797,64.29000091552734,64.05999755859375,64.29000091552734,9094
2025-10-28,XZMU.MI,64.26000213623047,64.61000061035156,64.19000244140625,64.52999877929688,5520
2025-10-29,XZMU.MI,65.05000305175781,65.05999755859375,64.6500015258789,64.6500015258789,19035
2025-10-30,XZMU.MI,65.06999969482422,65.3499984741211,64.81999969482422,65.11000061035156,18578
2025-10-31,XZMU.MI,64.83000183105469,65.05999755859375,64.7699966430664,64.8499984741211,26810
2025-11-03,XZMU.MI,65.0,65.37000274658203,65.0,65.13999938964844,12305
2025-11-04,XZMU.MI,64.61000061035156,64.9000015258789,64.55000305175781,64.73999786376953,8501
2025-11-05,XZMU.MI,64.4000015258789,64.91000366210938,64.2699966430664,64.88999938964844,30755
2025-11-06,XZMU.MI,64.48999786376953,64.79000091552734,63.529998779296875,63.619998931884766,121950
2025-11-07,XZMU.MI,63.779998779296875,63.79999923706055,62.36000061035156,62.470001220703125,64861
2025-11-10,XZMU.MI,63.7599983215332,64.19000244140625,63.689998626708984,63.95000076293945,52735
2025-11-11,XZMU.MI,64.25,64.2699966430664,63.9900016784668,64.05999755859375,16834
2025-11-12,XZMU.MI,64.62999725341797,64.80000305175781,64.2699966430664,64.37999725341797,120725
2025-11-13,XZMU.MI,64.4800033569336,64.4800033569336,63.40999984741211,63.45000076293945,12833
2025-11-14,XZMU.MI,62.79999923706055,63.349998474121094,62.130001068115234,63.349998474121094,12757
2025-11-17,XZMU.MI,63.7400016784668,63.790000915527344,63.13999938964844,63.33000183105469,15731
2025-11-18,XZMU.MI,62.439998626708984,62.75,61.84000015258789,62.47999954223633,27548
2025-11-19,XZMU.MI,62.31999969482422,63.34000015258789,62.31999969482422,62.88999938964844,7086
2025-11-20,XZMU.MI,63.93000030517578,64.2300033569336,63.36000061035156,63.36000061035156,16395
2025-11-21,XZMU.MI,61.959999084472656,62.619998931884766,61.72999954223633,62.619998931884766,38826
2025-11-24,XZMU.MI,63.11000061035156,63.66999816894531,62.83000183105469,63.66999816894531,22088
2025-11-25,XZMU.MI,63.68000030517578,63.720001220703125,62.95000076293945,63.63999938964844,24552
2025-11-26,XZMU.MI,64.33000183105469,64.33000183105469,64.08000183105469,64.30000305175781,8470
2025-11-27,XZMU.MI,64.27999877929688,64.36000061035156,64.19999694824219,64.20999908447266,9395
2025-11-28,XZMU.MI,64.5,64.66000366210938,64.31999969482422,64.37000274658203,2162
2025-12-01,XZMU.MI,63.939998626708984,64.19999694824219,63.619998931884766,64.19000244140625,37558
2025-12-02,XZMU.MI,63.9900016784668,64.43000030517578,63.9900016784668,64.06999969482422,2556
2025-12-03,XZMU.MI,64.18000030517578,64.19999694824219,63.63999938964844,64.19999694824219,4243
2025-12-04,XZMU.MI,64.22000122070312,64.36000061035156,64.1500015258789,64.27999877929688,31278
2025-12-05,XZMU.MI,64.52999877929688,64.77999877929688,64.4000015258789,64.70999908447266,383
2025-12-08,XZMU.MI,64.62999725341797,64.66999816894531,64.5,64.5,5524
2025-12-09,XZMU.MI,64.58999633789062,64.5999984741211,64.4000015258789,64.51000213623047,2231
2025-12-10,XZMU.MI,64.3499984741211,64.47000122070312,64.22000122070312,64.30000305175781,2268
2025-12-11,XZMU.MI,63.97999954223633,64.0999984741211,63.90999984741211,64.06999969482422,3842
2025-12-12,XZMU.MI,64.5,64.70999908447266,63.84000015258789,63.84000015258789,1635
2025-12-15,XZMU.MI,64.13999938964844,64.31999969482422,63.869998931884766,64.01000213623047,1623
2025-12-16,XZMU.MI,63.7400016784668,63.88999938964844,63.5,63.529998779296875,4846
2025-12-17,XZMU.MI,64.20999908447266,64.25,63.290000915527344,63.290000915527344,8330
2025-12-18,XZMU.MI,63.380001068115234,64.11000061035156,63.380001068115234,64.11000061035156,11900
2025-12-19,XZMU.MI,63.9900016784668,64.33999633789062,63.880001068115234,64.33999633789062,1715
2025-12-22,XZMU.MI,64.44999694824219,64.66000366210938,64.44999694824219,64.66000366210938,6186
2025-12-23,XZMU.MI,64.56999969482422,64.7699966430664,64.44999694824219,64.73999786376953,656
2025-12-29,XZMU.MI,64.86000061035156,64.94000244140625,64.70999908447266,64.73999786376953,4399
2025-12-30,XZMU.MI,64.80999755859375,64.87000274658203,64.70999908447266,64.83999633789062,2873
2026-01-02,XZMU.MI,64.70999908447266,64.87000274658203,64.18000030517578,64.18000030517578,347
2026-01-05,XZMU.MI,64.62999725341797,65.0999984741211,64.62000274658203,64.94999694824219,4561
2026-01-06,XZMU.MI,64.75,65.13999938964844,64.75,65.0199966430664,1031
2026-01-07,XZMU.MI,65.41999816894531,65.75,65.27999877929688,65.69999694824219,843
2026-01-08,XZMU.MI,65.5,65.73999786376953,65.47000122070312,65.70999908447266,5833
2026-01-09,XZMU.MI,65.6500015258789,66.02999877929688,65.6500015258789,66.02999877929688,2107
2026-01-12,XZMU.MI,65.41000366210938,65.7300033569336,65.22000122070312,65.7300033569336,1900
2026-01-13,XZMU.MI,65.88999938964844,66.05000305175781,65.66999816894531,65.91999816894531,3733
2026-01-14,XZMU.MI,65.73999786376953,65.80000305175781,65.33000183105469,65.33000183105469,8661
2026-01-15,XZMU.MI,65.69000244140625,66.20999908447266,65.69000244140625,66.16000366210938,2042
2026-01-16,XZMU.MI,66.05999755859375,66.0999984741211,65.91000366210938,66.02999877929688,5295
2026-01-19,XZMU.MI,65.06999969482422,65.06999969482422,64.81999969482422,64.87999725341797,4255
2026-01-20,XZMU.MI,64.12000274658203,64.33000183105469,63.83000183105469,64.33000183105469,10749
2026-01-21,XZMU.MI,64.08000183105469,64.83000183105469,63.650001525878906,64.72000122070312,4066
2026-01-22,XZMU.MI,65.16000366210938,65.37000274658203,65.16000366210938,65.22000122070312,7959
2026-01-23,XZMU.MI,65.27999877929688,65.27999877929688,64.9800033569336,65.08000183105469,18775
2026-01-26,XZMU.MI,64.55000305175781,64.68000030517578,64.33000183105469,64.68000030517578,10748
2026-01-27,XZMU.MI,64.95999908447266,64.95999908447266,64.29000091552734,64.33999633789062,10581
2026-01-28,XZMU.MI,64.37000274658203,64.73999786376953,64.33000183105469,64.62999725341797,3651
2026-01-29,XZMU.MI,64.33999633789062,64.44000244140625,63.33000183105469,63.33000183105469,7899
2026-01-30,XZMU.MI,63.45000076293945,64.2300033569336,63.45000076293945,63.9900016784668,6270
2026-02-02,XZMU.MI,63.68000030517578,64.66000366210938,63.65999984741211,64.6500015258789,6280
2026-02-03,XZMU.MI,64.72000122070312,64.81999969482422,63.84000015258789,63.84000015258789,13335
2026-02-04,XZMU.MI,63.56999969482422,63.83000183105469,63.40999984741211,63.59000015258789,11275
2026-02-05,XZMU.MI,63.52000045776367,63.540000915527344,62.56999969482422,62.84000015258789,11773
2026-02-06,XZMU.MI,62.689998626708984,63.459999084472656,62.689998626708984,63.459999084472656,24252
2026-02-09,XZMU.MI,63.650001525878906,63.779998779296875,63.209999084472656,63.779998779296875,12354
2026-02-10,XZMU.MI,63.56999969482422,63.790000915527344,63.56999969482422,63.68000030517578,3989
2026-02-11,XZMU.MI,63.470001220703125,64.0,63.25,63.279998779296875,18995
2026-02-12,XZMU.MI,63.470001220703125,63.65999984741211,62.7599983215332,62.7599983215332,122963
2026-02-13,XZMU.MI,62.52000045776367,62.72999954223633,62.380001068115234,62.65999984741211,12658
2026-02-16,XZMU.MI,62.869998931884766,62.95000076293945,62.56999969482422,62.650001525878906,15651
2026-02-17,XZMU.MI,62.650001525878906,62.720001220703125,62.31999969482422,62.61000061035156,5220
2026-02-18,XZMU.MI,62.95000076293945,63.16999816894531,62.75,63.16999816894531,9227
2026-02-19,XZMU.MI,62.86000061035156,63.15999984741211,62.86000061035156,63.060001373291016,2462
2026-02-20,XZMU.MI,63.31999969482422,63.400001525878906,63.0,63.22999954223633,5183
2026-02-23,XZMU.MI,62.84000015258789,63.29999923706055,62.459999084472656,62.56999969482422,11770
2026-02-24,XZMU.MI,62.68000030517578,62.90999984741211,62.470001220703125,62.849998474121094,16937
2026-02-25,XZMU.MI,62.97999954223633,63.33000183105469,62.97999954223633,63.31999969482422,3334
2026-02-26,XZMU.MI,63.349998474121094,63.52000045776367,62.7599983215332,63.029998779296875,12312
2026-02-27,XZMU.MI,62.790000915527344,62.900001525878906,62.2599983215332,62.54999923706055,47603
2026-03-02,XZMU.MI,61.97999954223633,63.119998931884766,61.88999938964844,63.06999969482422,11428
2026-03-03,XZMU.MI,62.5,62.88999938964844,62.369998931884766,62.88999938964844,11275
2026-03-04,XZMU.MI,62.93000030517578,63.47999954223633,62.93000030517578,63.47999954223633,18966
2026-03-05,XZMU.MI,63.36000061035156,63.459999084472656,63.2400016784668,63.290000915527344,7181
2026-03-09,XZMU.MI,61.650001525878906,62.29999923706055,61.650001525878906,62.29999923706055,13556
2026-03-10,XZMU.MI,62.959999084472656,63.06999969482422,62.54999923706055,63.040000915527344,8230
2026-03-11,XZMU.MI,62.880001068115234,63.130001068115234,62.7400016784668,62.86000061035156,20084
2026-03-12,XZMU.MI,62.7400016784668,62.7599983215332,62.439998626708984,62.5099983215332,17595
2026-03-13,XZMU.MI,62.25,62.66999816894531,62.25,62.40999984741211,219
2026-03-16,XZMU.MI,62.560001373291016,62.68000030517578,62.36000061035156,62.58000183105469,6056
2026-03-17,XZMU.MI,62.33000183105469,62.66999816894531,62.33000183105469,62.5,5222
2026-03-18,XZMU.MI,62.77000045776367,62.77000045776367,62.11000061035156,62.11000061035156,483
2026-03-19,XZMU.MI,61.790000915527344,61.86000061035156,61.150001525878906,61.150001525878906,2831
2026-03-20,XZMU.MI,61.2400016784668,61.2400016784668,60.70000076293945,60.70000076293945,8870
2026-03-23,XZMU.MI,59.880001068115234,61.15999984741211,59.81999969482422,60.689998626708984,7951
2026-03-24,XZMU.MI,60.689998626708984,60.689998626708984,60.08000183105469,60.310001373291016,8117
2026-03-25,XZMU.MI,60.779998779296875,60.79999923706055,60.58000183105469,60.75,28687
2026-03-26,XZMU.MI,60.41999816894531,60.65999984741211,60.08000183105469,60.099998474121094,5110
2026-03-27,XZMU.MI,59.95000076293945,59.95000076293945,58.95000076293945,59.0,7627
2026-03-30,XZMU.MI,58.849998474121094,59.38999938964844,58.84000015258789,59.38999938964844,6332
2026-03-31,XZMU.MI,59.18000030517578,59.5099983215332,59.18000030517578,59.5099983215332,16680
2026-04-01,XZMU.MI,60.58000183105469,60.75,60.290000915527344,60.75,4005
2026-04-02,XZMU.MI,60.0099983215332,60.790000915527344,59.959999084472656,60.790000915527344,457
2026-04-07,XZMU.MI,60.779998779296875,60.9900016784668,60.310001373291016,60.310001373291016,10485
2026-04-08,XZMU.MI,62.029998779296875,62.15999984741211,61.75,61.75,1078
2026-04-09,XZMU.MI,61.7599983215332,61.7599983215332,61.38999938964844,61.59000015258789,1950
2026-04-10,XZMU.MI,62.0099983215332,62.0099983215332,61.66999816894531,61.66999816894531,2207
2026-04-13,XZMU.MI,61.369998931884766,61.90999984741211,61.29999923706055,61.88999938964844,1604
2026-04-14,XZMU.MI,62.2400016784668,62.849998474121094,62.2400016784668,62.849998474121094,1272
2026-04-15,XZMU.MI,63.040000915527344,63.47999954223633,63.02000045776367,63.47999954223633,5573
2026-04-16,XZMU.MI,63.970001220703125,64.08999633789062,63.95000076293945,64.06999969482422,17159
2026-04-17,XZMU.MI,64.13999938964844,65.01000213623047,64.13999938964844,65.01000213623047,6810
2026-04-20,XZMU.MI,64.66999816894531,64.95999908447266,64.63999938964844,64.76000213623047,11906
2026-04-21,XZMU.MI,65.05000305175781,65.1500015258789,64.94999694824219,64.94999694824219,552
2026-04-22,XZMU.MI,65.05999755859375,65.2699966430664,65.0199966430664,65.26000213623047,3050
2026-04-23,XZMU.MI,65.12999725341797,65.30000305175781,64.95999908447266,65.30000305175781,3657
2026-04-24,XZMU.MI,65.36000061035156,65.52999877929688,65.11000061035156,65.52999877929688,18340
2026-04-27,XZMU.MI,65.47000122070312,65.56999969482422,65.29000091552734,65.56999969482422,18122
2026-04-28,XZMU.MI,66.02999877929688,66.02999877929688,65.48999786376953,65.5,28442
2026-04-29,XZMU.MI,66.01000213623047,66.01000213623047,65.76000213623047,65.81999969482422,13854
2026-04-30,XZMU.MI,66.12000274658203,66.44999694824219,65.70999908447266,66.0,23279
2026-05-04,XZMU.MI,66.66999816894531,66.66999816894531,66.2699966430664,66.29000091552734,36610
2026-05-05,XZMU.MI,66.63999938964844,66.80000305175781,66.58999633789062,66.58999633789062,21104
2026-05-06,XZMU.MI,66.86000061035156,67.54000091552734,66.86000061035156,67.54000091552734,21377
2026-05-07,XZMU.MI,67.7300033569336,67.9000015258789,67.68000030517578,67.9000015258789,31097
2026-05-08,XZMU.MI,68.01000213623047,68.02999877929688,67.79000091552734,67.94000244140625,33685
2026-05-11,XZMU.MI,67.87999725341797,68.16000366210938,67.75,68.16000366210938,10196
2026-05-12,XZMU.MI,67.9000015258789,68.13999938964844,67.62999725341797,67.70999908447266,10609
2026-05-13,XZMU.MI,68.31999969482422,68.5999984741211,68.12999725341797,68.5199966430664,15156
2026-05-14,XZMU.MI,68.94999694824219,69.54000091552734,68.87000274658203,69.54000091552734,18314
2026-05-15,XZMU.MI,69.19999694824219,69.19999694824219,68.87000274658203,69.05000305175781,10197
2026-05-18,XZMU.MI,68.47000122070312,69.05000305175781,68.47000122070312,68.47000122070312,10126
2026-05-19,XZMU.MI,68.66999816894531,68.76000213623047,68.4000015258789,68.4000015258789,5312
2026-05-20,XZMU.MI,68.55000305175781,68.87000274658203,68.55000305175781,68.76000213623047,19127
2026-05-21,XZMU.MI,69.18000030517578,69.18000030517578,68.80999755859375,68.83999633789062,6590
2026-05-22,XZMU.MI,69.54000091552734,69.69000244140625,69.33999633789062,69.5999984741211,19036
2026-05-25,XZMU.MI,69.88999938964844,69.98999786376953,69.87000274658203,69.91999816894531,26511
2026-05-26,XZMU.MI,69.73999786376953,69.86000061035156,69.58000183105469,69.58000183105469,28918
2026-05-27,XZMU.MI,69.5199966430664,69.86000061035156,69.45999908447266,69.48999786376953,14305
2026-05-28,XZMU.MI,69.44999694824219,69.83000183105469,69.41999816894531,69.83000183105469,10360
2026-05-29,XZMU.MI,70.16000366210938,70.16000366210938,70.0,70.02999877929688,4457
2026-06-01,XZMU.MI,70.18000030517578,70.4000015258789,70.05999755859375,70.4000015258789,60757
2026-06-02,XZMU.MI,70.23999786376953,70.30999755859375,69.95999908447266,70.26000213623047,8095
2026-06-03,XZMU.MI,70.18000030517578,70.25,69.72000122070312,69.72000122070312,9095
2026-06-04,XZMU.MI,69.62999725341797,70.12999725341797,69.47000122070312,70.12999725341797,35656
2026-06-05,XZMU.MI,69.91000366210938,70.04000091552734,69.66999816894531,69.66999816894531,12678
2026-06-08,XZMU.MI,69.13999938964844,69.52999877929688,69.13999938964844,69.20999908447266,4081
2026-06-09,XZMU.MI,69.30999755859375,69.48999786376953,68.30999755859375,68.30999755859375,29561
2026-06-10,XZMU.MI,68.66000366210938,68.80000305175781,68.05999755859375,68.26000213623047,45043
2026-06-11,XZMU.MI,68.08000183105469,68.31999969482422,67.68000030517578,67.88999938964844,10954
2026-06-12,XZMU.MI,68.4800033569336,69.2699966430664,68.47000122070312,69.16999816894531,28814
2026-06-15,XZMU.MI,69.83999633789062,70.30000305175781,69.72000122070312,70.30000305175781,27784
2026-06-16,XZMU.MI,70.20999908447266,70.20999908447266,69.95999908447266,69.9800033569336,2296
2026-06-17,XZMU.MI,69.91000366210938,69.91000366210938,69.55999755859375,69.66000366210938,5453
2026-06-18,XZMU.MI,69.81999969482422,70.23999786376953,69.69000244140625,69.83999633789062,16243
2026-06-19,XZMU.MI,70.16000366210938,70.16999816894531,69.93000030517578,70.05000305175781,5326
2026-06-22,XZMU.MI,70.19000244140625,70.58999633789062,69.87000274658203,69.94999694824219,4920
2026-06-23,XZMU.MI,69.02999877929688,69.75,69.01000213623047,69.5,8522
2026-06-24,XZMU.MI,69.66999816894531,70.18000030517578,69.66999816894531,70.18000030517578,13155
2026-06-25,XZMU.MI,69.77999877929688,70.0,69.30000305175781,69.30000305175781,4371
2026-06-26,XZMU.MI,68.80000305175781,69.55000305175781,68.63999938964844,69.55000305175781,6718
2026-06-29,XZMU.MI,69.55999755859375,70.02999877929688,69.3499984741211,69.66999816894531,6217
2026-06-30,XZMU.MI,70.41999816894531,70.69999694824219,70.30000305175781,70.66999816894531,2803
2026-07-01,XZMU.MI,70.7300033569336,71.41000366210938,70.66999816894531,71.41000366210938,22919
2026-07-02,XZMU.MI,70.79000091552734,71.12000274658203,70.43000030517578,70.43000030517578,1496
2026-07-03,XZMU.MI,70.69999694824219,70.72000122070312,70.58000183105469,70.72000122070312,1783
2026-07-06,XZMU.MI,70.9800033569336,71.19999694824219,70.83000183105469,71.19999694824219,3364
2026-07-07,XZMU.MI,71.11000061035156,71.25,70.83000183105469,70.83000183105469,7404
2026-07-08,XZMU.MI,70.69000244140625,70.76000213623047,69.91000366210938,69.98999786376953,7453
2026-07-09,XZMU.MI,70.44000244140625,70.56999969482422,70.37999725341797,70.5199966430664,6298
2026-07-10,XZMU.MI,70.62999725341797,71.05000305175781,70.5999984741211,70.91000366210938,11992
2026-07-13,XZMU.MI,70.97000122070312,71.12000274658203,70.81999969482422,71.12000274658203,950
2026-07-14,XZMU.MI,70.83000183105469,70.83000183105469,70.3499984741211,70.66000366210938,3255
2026-07-15,XZMU.MI,70.87999725341797,71.01000213623047,70.79000091552734,70.80999755859375,5709
2026-07-16,XZMU.MI,70.7300033569336,70.81999969482422,70.55999755859375,70.81999969482422,3569
2026-07-17,XZMU.MI,69.83999633789062,69.94999694824219,69.54000091552734,69.72000122070312,4808
2026-07-20,XZMU.MI,69.70999908447266,70.19999694824219,69.70999908447266,70.18000030517578,9587
2026-07-21,XZMU.MI,70.08999633789062,70.25,69.97000122070312,70.22000122070312,41927
2026-07-22,XZMU.MI,69.98999786376953,70.4800033569336,69.98999786376953,70.4800033569336,11591
2026-07-23,XZMU.MI,69.7300033569336,69.8499984741211,68.9000015258789,68.9000015258789,5328
2026-07-24,XZMU.MI,69.16999816894531,69.31999969482422,69.08999633789062,69.31999969482422,3250
2026-07-27,XZMU.MI,69.44999694824219,69.73999786376953,68.91000366210938,69.0,18456
2026-07-28,XZMU.MI,68.98999786376953,69.5199966430664,68.98999786376953,69.5199966430664,8888
